target,frequency_band,pipeline,estimator,pipeline_is_causal,safety_pass,trial_count,numerical_failure_fraction,nonphysical_fraction,stiffness_relative_bias,stiffness_relative_error_median,stiffness_p95_abs_relative_error,stiffness_worst_abs_relative_error,damping_relative_bias,damping_relative_error_median,damping_p95_abs_relative_error,damping_worst_abs_relative_error,effective_mass_relative_bias,effective_mass_relative_error_median,effective_mass_p95_abs_relative_error,effective_mass_worst_abs_relative_error,direct_natural_frequency_relative_bias,direct_natural_frequency_relative_error_median,direct_natural_frequency_p95_abs_relative_error,direct_natural_frequency_worst_abs_relative_error,direct_damping_ratio_relative_bias,direct_damping_ratio_relative_error_median,direct_damping_ratio_p95_abs_relative_error,direct_damping_ratio_worst_abs_relative_error,direct_inverse_mass_relative_bias,direct_inverse_mass_relative_error_median,direct_inverse_mass_p95_abs_relative_error,direct_inverse_mass_worst_abs_relative_error,ratio_natural_frequency_relative_bias,ratio_natural_frequency_relative_error_median,ratio_natural_frequency_p95_abs_relative_error,ratio_natural_frequency_worst_abs_relative_error,ratio_damping_ratio_relative_bias,ratio_damping_ratio_relative_error_median,ratio_damping_ratio_p95_abs_relative_error,ratio_damping_ratio_worst_abs_relative_error,ratio_inverse_mass_relative_bias,ratio_inverse_mass_relative_error_median,ratio_inverse_mass_p95_abs_relative_error,ratio_inverse_mass_worst_abs_relative_error,force_fit_rmse_n,normalized_condition_number,maximum_abs_parameter_correlation,displacement_regressor_variance,velocity_regressor_variance,acceleration_regressor_variance,displacement_regressor_rms,velocity_regressor_rms,acceleration_regressor_rms,cross_correlation_x_v,cross_correlation_x_a,cross_correlation_v_a,relative_fisher_information_stiffness,relative_fisher_information_damping,relative_fisher_information_effective_mass,relative_fisher_information_geometric_mean,effective_acceleration_delay_s,acceleration_noise_attenuation_db,computational_cost_units_per_sample,peak_force_n,absolute_input_energy_j,peak_target_displacement_m,peak_target_velocity_m_per_s,peak_target_acceleration_m_per_s2,minimum_instrument_strength
rigid_high_stiffness,low_0p25_2_hz,backward_difference,ols,True,True,20,0.0,0.0,-0.03994584026138793,0.04191027918916768,0.04788658783820123,0.048843558865904586,-1.3725089151270364,1.3762494390311282,1.387303746217079,1.3974854503845389,-0.9891791103786483,0.9890325241651672,0.9903168366739892,0.9907559652563176,8.433348725597785,8.344127627832727,8.968359558866755,9.174395710440761,-4.65683050104886,4.648790208581065,4.765187100897848,4.776476133902707,91.79021783528518,90.17873932531937,102.28371836135783,107.17787121401982,1.6244951966874261,1.6545284430439238,1.787964180866973,1.8232460442141136,-7.164764557948798,7.096215589128471,7.601242295390918,8.006637382405115,5.855152415013305,5.956904732824711,6.694567742583874,6.975950388808144,0.09656107398145161,3.5842577169217353,0.8523430991276815,4.137908726587481e-08,4.1947352060701155e-06,0.002459921032239679,0.0002760273721982591,0.002048107064893696,0.049639748258861666,0.000387672112607019,-0.4298443047404117,0.07338387670965195,377674.8593670949,2256.129251597412,3037.214682092579,13729.430228392559,0.005,0.0,8.0,0.9999990561676864,0.0020878226259354636,0.0005687325649182168,0.008091702864495929,0.1984972133233338,-1.0
rigid_high_stiffness,low_0p25_2_hz,backward_difference,tls,True,True,20,0.0,0.0,-0.02324020674531544,0.024073410298788074,0.032096094401890804,0.03266874293842295,-1.4159200932762643,1.4193383513870934,1.4344070353022134,1.4455008731001868,-0.9869358108015682,0.9868042370926176,0.9882314368967515,0.988495980212398,7.657693516695265,7.618835166104789,8.099276754881016,8.205854498312311,-4.683316477169148,4.675949126328176,4.782873015771145,4.798806189110678,75.81049231382117,74.78315078261585,83.97444974520477,85.92613699062916,1.6244951966874261,1.6545284430439238,1.787964180866973,1.8232460442141136,-7.164764557948798,7.096215589128471,7.601242295390918,8.006637382405115,5.855152415013305,5.956904732824711,6.694567742583874,6.975950388808144,0.09715451579457049,3.5842577169217353,0.8523430991276815,4.137908726587481e-08,4.1947352060701155e-06,0.002459921032239679,0.0002760273721982591,0.002048107064893696,0.049639748258861666,0.000387672112607019,-0.4298443047404117,0.07338387670965195,377674.8593670949,2256.129251597412,3037.214682092579,13729.430228392559,0.005,0.0,8.0,0.9999990561676864,0.0020878226259354636,0.0005687325649182168,0.008091702864495929,0.1984972133233338,-1.0
rigid_high_stiffness,low_0p25_2_hz,backward_difference,iv,True,True,20,0.0,0.05,-0.027898331005700872,0.02447990457322413,0.054040013870556965,0.07507161436283093,-0.07575622125440043,0.11860954383321073,0.4212929979893971,0.4450906937641511,-0.4880434203165647,0.44854176982644667,0.9654843677910494,1.2844228966560571,0.7235910586167387,0.29181739322810446,2.9749271720045654,3.3202110727431373,0.6945959544654297,0.37652955717014747,3.6409552930424898,4.2696955164337504,3.0029318906698013,0.7112897851692166,15.602552699520249,18.492466627124685,1.6244951966874261,1.6545284430439238,1.787964180866973,1.8232460442141136,-7.164764557948798,7.096215589128471,7.601242295390918,8.006637382405115,5.855152415013305,5.956904732824711,6.694567742583874,6.975950388808144,3.107513998728208,3.5842577169217353,0.8523430991276815,4.137908726587481e-08,4.1947352060701155e-06,0.002459921032239679,0.0002760273721982591,0.002048107064893696,0.049639748258861666,0.000387672112607019,-0.4298443047404117,0.07338387670965195,377674.8593670949,2256.129251597412,3037.214682092579,13729.430228392559,0.005,0.0,8.0,0.9999990561676864,0.0020878226259354636,0.0005687325649182168,0.008091702864495929,0.1984972133233338,0.00014616421864105714
rigid_high_stiffness,low_0p25_2_hz,causal_low_pass,ols,True,True,20,0.0,1.0,-0.029973571545263623,0.03155234613646104,0.03850050435912547,0.03926888043810754,-0.6920700979013862,0.6941716830309177,0.7770169548078878,0.7999443011790499,-1.0152444047338296,1.0143285133221407,1.0200388717669662,1.0230738063706273,1000000000.0,1000000000.0,1000000000.0,1000000000.0,1000000000.0,1000000000.0,1000000000.0,1000000000.0,1000000000.0,1000000000.0,1000000000.0,1000000000.0,1000000000.0,1000000000.0,1000000000.0,1000000000.0,1000000000.0,1000000000.0,1000000000.0,1000000000.0,1000000000.0,1000000000.0,1000000000.0,1000000000.0,0.0632927750054458,2.007822824384394,0.6020142671922459,4.137908726587481e-08,4.1947352060701155e-06,0.002459921032239679,0.0002760273721982591,0.002048107064893696,0.049639748258861666,0.000387672112607019,-0.4298443047404117,0.07338387670965195,377674.8593670949,2256.129251597412,3037.214682092579,13729.430228392559,0.015,16.10426073564376,20.0,0.9999990561676864,0.0020878226259354636,0.0005687325649182168,0.008091702864495929,0.1984972133233338,-1.0
rigid_high_stiffness,low_0p25_2_hz,causal_low_pass,tls,True,True,20,0.0,1.0,-0.023073551191497822,0.024437893161885653,0.03203422012530762,0.03259628805233865,-0.6906439304825884,0.6931580192209481,0.7774200686550791,0.7998986164686206,-1.015357344570153,1.0144172377893685,1.020273837310422,1.0233556450211074,1000000000.0,1000000000.0,1000000000.0,1000000000.0,1000000000.0,1000000000.0,1000000000.0,1000000000.0,1000000000.0,1000000000.0,1000000000.0,1000000000.0,1000000000.0,1000000000.0,1000000000.0,1000000000.0,1000000000.0,1000000000.0,1000000000.0,1000000000.0,1000000000.0,1000000000.0,1000000000.0,1000000000.0,0.06340236995846599,2.007822824384394,0.6020142671922459,4.137908726587481e-08,4.1947352060701155e-06,0.002459921032239679,0.0002760273721982591,0.002048107064893696,0.049639748258861666,0.000387672112607019,-0.4298443047404117,0.07338387670965195,377674.8593670949,2256.129251597412,3037.214682092579,13729.430228392559,0.015,16.10426073564376,20.0,0.9999990561676864,0.0020878226259354636,0.0005687325649182168,0.008091702864495929,0.1984972133233338,-1.0
rigid_high_stiffness,low_0p25_2_hz,causal_low_pass,iv,True,True,20,0.0,0.0,-0.008594457023593361,0.009188894297930631,0.028496921878912163,0.035117203056877426,-0.0664062380210893,0.09737999375235384,0.19488756032662216,0.2189962882221252,-0.0869146399636862,0.1046120198418361,0.280226199689275,0.33211245973949843,0.049989278553635844,0.05073738575065755,0.17163621191890605,0.20628044347186147,-0.011543235293256005,0.09272618732342147,0.18765067581604855,0.21904481386277355,0.11863879613230863,0.10318230612362367,0.38973332192748705,0.4972580557648403,1000000000.0,1000000000.0,1000000000.0,1000000000.0,1000000000.0,1000000000.0,1000000000.0,1000000000.0,1000000000.0,1000000000.0,1000000000.0,1000000000.0,0.7520450994149277,2.007822824384394,0.6020142671922459,4.137908726587481e-08,4.1947352060701155e-06,0.002459921032239679,0.0002760273721982591,0.002048107064893696,0.049639748258861666,0.000387672112607019,-0.4298443047404117,0.07338387670965195,377674.8593670949,2256.129251597412,3037.214682092579,13729.430228392559,0.015,16.10426073564376,20.0,0.9999990561676864,0.0020878226259354636,0.0005687325649182168,0.008091702864495929,0.1984972133233338,0.0022710488433588033
rigid_high_stiffness,low_0p25_2_hz,causal_polynomial,ols,True,True,20,0.0,0.95,-0.04381002536085915,0.046612374627543654,0.05222459360263776,0.05254157693165757,-1.0756623360911841,1.0795269193724848,1.29218685876634,1.351604043523185,-1.146406218090694,1.1449387463272558,1.2725967582273034,1.3026392527306023,13.478862722814304,13.478862722814304,13.478862722814304,13.478862722814304,-6.3428684120245835,6.3428684120245835,6.3428684120245835,6.3428684120245835,219.0164068325446,219.0164068325446,219.0164068325446,219.0164068325446,-0.8237894625492295,0.8237894625492295,0.8237894625492295,0.8237894625492295,-10.310741520083946,10.310741520083946,10.310741520083946,10.310741520083946,-0.9964237902928872,0.9964237902928872,0.9964237902928872,0.9964237902928872,0.09565193316688206,3.138610795975092,0.8139812373204196,4.137908726587481e-08,4.1947352060701155e-06,0.002459921032239679,0.0002760273721982591,0.002048107064893696,0.049639748258861666,0.000387672112607019,-0.4298443047404117,0.07338387670965195,377674.8593670949,2256.129251597412,3037.214682092579,13729.430228392559,0.03,31.85420881757568,92.0,0.9999990561676864,0.0020878226259354636,0.0005687325649182168,0.008091702864495929,0.1984972133233338,-1.0
rigid_high_stiffness,low_0p25_2_hz,causal_polynomial,tls,True,True,20,0.0,0.95,-0.027933436777795712,0.029119645944906382,0.03705252364612477,0.03772491222787778,-1.1095885716490244,1.1076144221750288,1.3447405139058397,1.420574119871019,-1.1320129796430276,1.1303418392556002,1.2689365300057822,1.301982121683934,4.2374606764065295,4.2374606764065295,4.2374606764065295,4.2374606764065295,-3.2691438635445724,3.2691438635445724,3.2691438635445724,3.2691438635445724,27.25792456765675,27.25792456765675,27.25792456765675,27.25792456765675,-0.8237894625492295,0.8237894625492295,0.8237894625492295,0.8237894625492295,-10.310741520083946,10.310741520083946,10.310741520083946,10.310741520083946,-0.9964237902928872,0.9964237902928872,0.9964237902928872,0.9964237902928872,0.09603385760268132,3.138610795975092,0.8139812373204196,4.137908726587481e-08,4.1947352060701155e-06,0.002459921032239679,0.0002760273721982591,0.002048107064893696,0.049639748258861666,0.000387672112607019,-0.4298443047404117,0.07338387670965195,377674.8593670949,2256.129251597412,3037.214682092579,13729.430228392559,0.03,31.85420881757568,92.0,0.9999990561676864,0.0020878226259354636,0.0005687325649182168,0.008091702864495929,0.1984972133233338,-1.0
rigid_high_stiffness,low_0p25_2_hz,causal_polynomial,iv,True,True,20,0.0,0.05,-0.038569437420637745,0.038489330714731526,0.05938337850485301,0.07372740384539066,-0.37859699576839995,0.37915024010171333,0.5360002932697325,0.5413860944523862,-0.6790956685236207,0.6779688824210766,0.9839588777739815,1.131764015287052,1.1277811451044448,0.7113376577939476,2.6342866057430565,5.393445060518249,0.39895333836582153,0.19057848938837765,1.6284723147975084,4.07327783050158,5.175357657577921,2.0451482172961093,13.73884539326026,40.98092892148057,-0.8237894625492295,0.8237894625492295,0.8237894625492295,0.8237894625492295,-10.310741520083946,10.310741520083946,10.310741520083946,10.310741520083946,-0.9964237902928872,0.9964237902928872,0.9964237902928872,0.9964237902928872,0.14225362096151128,3.138610795975092,0.8139812373204196,4.137908726587481e-08,4.1947352060701155e-06,0.002459921032239679,0.0002760273721982591,0.002048107064893696,0.049639748258861666,0.000387672112607019,-0.4298443047404117,0.07338387670965195,377674.8593670949,2256.129251597412,3037.214682092579,13729.430228392559,0.03,31.85420881757568,92.0,0.9999990561676864,0.0020878226259354636,0.0005687325649182168,0.008091702864495929,0.1984972133233338,0.15649019067529413
rigid_high_stiffness,low_0p25_2_hz,alpha_beta_gamma,ols,True,True,20,0.0,0.0,-0.03047454502388035,0.03225976120936275,0.0391785221545512,0.04074197748155325,-2.0950760587078454,2.0989626657571376,2.24157998765649,2.2638944762849014,-0.6313438182271749,0.6286072683540791,0.6975877454640523,0.7379223058706295,0.633751516065042,0.6140894005568871,0.7890452180028371,0.9306470714884364,-2.835897286798941,2.8382217490268156,2.938457175958254,2.9448069161262,1.7672356539193477,1.6925842882605167,2.3102919000122633,2.8156623871483153,-0.42083878527099366,0.4231801811816861,0.4634401964703425,0.5041631541102375,-2.8137497162952654,2.8204664083524,2.882319250240362,2.889487635905477,-0.6743564485500773,0.6794473559691756,0.7246195100556743,0.7692398796591533,0.06249858246697323,2.048484591779136,0.6050457925641661,4.137908726587481e-08,4.1947352060701155e-06,0.002459921032239679,0.0002760273721982591,0.002048107064893696,0.049639748258861666,0.000387672112607019,-0.4298443047404117,0.07338387670965195,377674.8593670949,2256.129251597412,3037.214682092579,13729.430228392559,0.04,39.30976937757255,24.0,0.9999990561676864,0.0020878226259354636,0.0005687325649182168,0.008091702864495929,0.1984972133233338,-1.0
rigid_high_stiffness,low_0p25_2_hz,alpha_beta_gamma,tls,True,True,20,0.0,0.0,-0.02324034311753485,0.024167930429396904,0.03240003859337746,0.03373036646175717,-2.125808397537461,2.1308516562272715,2.27880346830186,2.3014750212675987,-0.6090533150607171,0.6043392251169053,0.6778917420593422,0.7190814936761442,0.5917744418769163,0.5702610152097372,0.7392900634078873,0.8708784796425982,-2.8254695098996048,2.8287389352731873,2.9223759888713006,2.9348050647419446,1.6067971298280566,1.5274312842048294,2.1075894780933377,2.5597512356382595,-0.42083878527099366,0.4231801811816861,0.4634401964703425,0.5041631541102375,-2.8137497162952654,2.8204664083524,2.882319250240362,2.889487635905477,-0.6743564485500773,0.6794473559691756,0.7246195100556743,0.7692398796591533,0.06262176363156888,2.048484591779136,0.6050457925641661,4.137908726587481e-08,4.1947352060701155e-06,0.002459921032239679,0.0002760273721982591,0.002048107064893696,0.049639748258861666,0.000387672112607019,-0.4298443047404117,0.07338387670965195,377674.8593670949,2256.129251597412,3037.214682092579,13729.430228392559,0.04,39.30976937757255,24.0,0.9999990561676864,0.0020878226259354636,0.0005687325649182168,0.008091702864495929,0.1984972133233338,-1.0
rigid_high_stiffness,low_0p25_2_hz,alpha_beta_gamma,iv,True,True,20,0.0,0.0,-0.019594634852134807,0.019997872109040884,0.03557114537899589,0.04796879217164928,-1.8183844560654243,1.803711694285655,1.949929667837976,1.9577831621886155,-0.047307631929484284,0.07511268227128376,0.25425928071838977,0.264122809146464,0.020603730217761036,0.0434512319302829,0.13769766748558723,0.14287078770367936,-1.8511319306275698,1.8703830100229724,1.9797827519495184,2.0134370311961907,0.06756535425056472,0.07365742362621386,0.34096113894547303,0.35892240231024264,-0.42083878527099366,0.4231801811816861,0.4634401964703425,0.5041631541102375,-2.8137497162952654,2.8204664083524,2.882319250240362,2.889487635905477,-0.6743564485500773,0.6794473559691756,0.7246195100556743,0.7692398796591533,0.08465002361668994,2.048484591779136,0.6050457925641661,4.137908726587481e-08,4.1947352060701155e-06,0.002459921032239679,0.0002760273721982591,0.002048107064893696,0.049639748258861666,0.000387672112607019,-0.4298443047404117,0.07338387670965195,377674.8593670949,2256.129251597412,3037.214682092579,13729.430228392559,0.04,39.30976937757255,24.0,0.9999990561676864,0.0020878226259354636,0.0005687325649182168,0.008091702864495929,0.1984972133233338,0.2898899786283322
rigid_high_stiffness,low_0p25_2_hz,centered_savitzky_golay,ols,False,True,20,0.0,0.0,0.0012905934491119527,0.00521258642449942,0.011005420532323005,0.017259859540428694,-0.10967195313131022,0.10995329683707782,0.24509291076764578,0.2673151581626924,0.2138579746920703,0.24439528442827818,0.28673512959963315,0.3767498538410976,-0.09062665212021734,0.10088198076141974,0.11371511450848573,0.14433938667332483,-0.1909024330105384,0.1929289117945387,0.32525645000091996,0.34317493077289557,-0.1733148130656043,0.19639537960393866,0.22265150293546165,0.2736516388870316,-0.21057781400009742,0.2138855142272411,0.2327048092638852,0.24115941864699328,-0.3194243969229848,0.31987541011372356,0.41358804771282437,0.4469319283274913,-0.3834928027974237,0.3847988494273631,0.4209226218769776,0.42598900378493987,0.02749331909382462,1.4149676396803363,0.3304634039230705,4.137908726587481e-08,4.1947352060701155e-06,0.002459921032239679,0.0002760273721982591,0.002048107064893696,0.049639748258861666,0.000387672112607019,-0.4298443047404117,0.07338387670965195,377674.8593670949,2256.129251597412,3037.214682092579,13729.430228392559,0.0,47.06947881100554,92.0,0.9999990561676864,0.0020878226259354636,0.0005687325649182168,0.008091702864495929,0.1984972133233338,-1.0
rigid_high_stiffness,low_0p25_2_hz,centered_savitzky_golay,tls,False,True,20,0.0,0.0,0.0026960722818996203,0.006558031319908935,0.012710874232991578,0.018406732961956777,-0.10893236275063942,0.10920865795514478,0.24452654060941975,0.26668287195152784,0.22159313918933626,0.2521361514908125,0.2957390474341657,0.38535415231074754,-0.09289073099866536,0.10268418551371991,0.11604697415804818,0.14632984332352436,-0.1933823364010761,0.19581511731512827,0.32710848577572155,0.34527133500478774,-0.17859156868445333,0.20136335459712573,0.22805727784401655,0.27816291716308306,-0.21057781400009742,0.2138855142272411,0.2327048092638852,0.24115941864699328,-0.3194243969229848,0.31987541011372356,0.41358804771282437,0.4469319283274913,-0.3834928027974237,0.3847988494273631,0.4209226218769776,0.42598900378493987,0.027503825274766476,1.4149676396803363,0.3304634039230705,4.137908726587481e-08,4.1947352060701155e-06,0.002459921032239679,0.0002760273721982591,0.002048107064893696,0.049639748258861666,0.000387672112607019,-0.4298443047404117,0.07338387670965195,377674.8593670949,2256.129251597412,3037.214682092579,13729.430228392559,0.0,47.06947881100554,92.0,0.9999990561676864,0.0020878226259354636,0.0005687325649182168,0.008091702864495929,0.1984972133233338,-1.0
rigid_high_stiffness,low_0p25_2_hz,centered_savitzky_golay,iv,False,True,20,0.0,0.0,0.008429930848721224,0.011534416056802228,0.021563237120527587,0.035914539964760024,0.031117363834615587,0.07392966784164495,0.1569137041088421,0.17492161171684958,0.31339722901392886,0.31646792326264794,0.4506464811649802,0.5530191325059484,-0.12198827975473639,0.11825396658358703,0.16294792630456906,0.1897737878388992,-0.1021473768565885,0.09284547735480167,0.22944144469347164,0.2369742835491019,-0.23422495287419562,0.2403826162095951,0.3104827660553939,0.35609292952727367,-0.21057781400009742,0.2138855142272411,0.2327048092638852,0.24115941864699328,-0.3194243969229848,0.31987541011372356,0.41358804771282437,0.4469319283274913,-0.3834928027974237,0.3847988494273631,0.4209226218769776,0.42598900378493987,0.02925370780766423,1.4149676396803363,0.3304634039230705,4.137908726587481e-08,4.1947352060701155e-06,0.002459921032239679,0.0002760273721982591,0.002048107064893696,0.049639748258861666,0.000387672112607019,-0.4298443047404117,0.07338387670965195,377674.8593670949,2256.129251597412,3037.214682092579,13729.430228392559,0.0,47.06947881100554,92.0,0.9999990561676864,0.0020878226259354636,0.0005687325649182168,0.008091702864495929,0.1984972133233338,0.5395925366622498
rigid_high_stiffness,low_mid_0p5_5_hz,backward_difference,ols,True,True,20,0.0,1.0,-0.251489943826444,0.2503054249081094,0.26108393442133027,0.2648736807058182,-0.8402521860481119,0.8377367277129657,0.8753967913831421,0.8805994338541678,-1.0123800089412964,1.0122904084472746,1.0137559102487987,1.0147764798402736,1000000000.0,1000000000.0,1000000000.0,1000000000.0,1000000000.0,1000000000.0,1000000000.0,1000000000.0,1000000000.0,1000000000.0,1000000000.0,1000000000.0,1000000000.0,1000000000.0,1000000000.0,1000000000.0,1000000000.0,1000000000.0,1000000000.0,1000000000.0,1000000000.0,1000000000.0,1000000000.0,1000000000.0,0.25183748430242237,2.936163437958574,0.7880234334868557,6.233755480413313e-08,4.147749250956074e-05,0.05961017151039206,0.00031085477437449324,0.006440402190694956,0.24424974504434085,0.0025009528237886947,-0.6977976314030715,0.03396486634960111,348345.9782686082,22393.65111683066,53705.659971795736,74825.89534422726,0.005,0.0,8.0,1.0,0.005178439507582096,0.0006868801984448652,0.019439538127482777,0.6553485592447745,-1.0
rigid_high_stiffness,low_mid_0p5_5_hz,backward_difference,tls,True,True,20,0.0,1.0,-0.15900609360661055,0.15957819520856817,0.16947638206910393,0.17147215812223704,-0.7239309061635086,0.7335349596883904,0.7923566530320031,0.7953793016839932,-1.0210629506069502,1.020043128264796,1.0258587620854627,1.0258607979285363,1000000000.0,1000000000.0,1000000000.0,1000000000.0,1000000000.0,1000000000.0,1000000000.0,1000000000.0,1000000000.0,1000000000.0,1000000000.0,1000000000.0,1000000000.0,1000000000.0,1000000000.0,1000000000.0,1000000000.0,1000000000.0,1000000000.0,1000000000.0,1000000000.0,1000000000.0,1000000000.0,1000000000.0,0.2608767930044666,2.936163437958574,0.7880234334868557,6.233755480413313e-08,4.147749250956074e-05,0.05961017151039206,0.00031085477437449324,0.006440402190694956,0.24424974504434085,0.0025009528237886947,-0.6977976314030715,0.03396486634960111,348345.9782686082,22393.65111683066,53705.659971795736,74825.89534422726,0.005,0.0,8.0,1.0,0.005178439507582096,0.0006868801984448652,0.019439538127482777,0.6553485592447745,-1.0
rigid_high_stiffness,low_mid_0p5_5_hz,backward_difference,iv,True,True,20,0.0,0.0,-0.0189963278444773,0.02058749504926021,0.055053509044419975,0.07063324754343933,-0.3260158878215672,0.27816971595883166,0.5014613169221454,0.5586302639013233,0.0064406595084459005,0.06302723540721189,0.15907672703418002,0.16256987772242226,-0.010955073465629475,0.02286823269870471,0.05368191534267656,0.0578417720936442,-0.31999048073103065,0.2968025746103012,0.49443733135919443,0.5307355961531243,-0.00021315415056367694,0.06301696405840845,0.13995857614821852,0.19412948423717702,1000000000.0,1000000000.0,1000000000.0,1000000000.0,1000000000.0,1000000000.0,1000000000.0,1000000000.0,1000000000.0,1000000000.0,1000000000.0,1000000000.0,5.09305209070329,2.936163437958574,0.7880234334868557,6.233755480413313e-08,4.147749250956074e-05,0.05961017151039206,0.00031085477437449324,0.006440402190694956,0.24424974504434085,0.0025009528237886947,-0.6977976314030715,0.03396486634960111,348345.9782686082,22393.65111683066,53705.659971795736,74825.89534422726,0.005,0.0,8.0,1.0,0.005178439507582096,0.0006868801984448652,0.019439538127482777,0.6553485592447745,0.0023074800370347127
rigid_high_stiffness,low_mid_0p5_5_hz,causal_low_pass,ols,True,True,20,0.0,0.05,-0.1871509483677071,0.18799559461030196,0.19662178745188674,0.19916678802744286,-0.29784779193922867,0.29329868823998073,0.32233965743913284,0.3353309005589661,-0.9920152731912676,0.9913054305719324,0.9997652054767956,1.0009269253497788,14.842939611671095,8.0920373696166,36.793584482425345,51.35427818454928,12.786694219726623,6.648861182957708,33.09767374359328,42.88913017692205,510.5270001813862,101.51984576890096,1775.3467945683306,3378.089877556086,-0.4462706221533604,0.4217535449753576,0.5482033099528678,0.5492507076797314,-4.985411554129513,4.629342369470477,6.454972485609577,6.655698163044432,-0.8650362465530018,0.8394878243181765,0.9890779869331183,0.9942143194255664,0.17740424721729883,1.4684238186050786,0.34114679182577057,6.233755480413313e-08,4.147749250956074e-05,0.05961017151039206,0.00031085477437449324,0.006440402190694956,0.24424974504434085,0.0025009528237886947,-0.6977976314030715,0.03396486634960111,348345.9782686082,22393.65111683066,53705.659971795736,74825.89534422726,0.015,16.104260735643756,20.0,1.0,0.005178439507582096,0.0006868801984448652,0.019439538127482777,0.6553485592447745,-1.0
rigid_high_stiffness,low_mid_0p5_5_hz,causal_low_pass,tls,True,True,20,0.0,0.0,-0.13395298886382065,0.134084899679991,0.14348822524672677,0.14859060009290762,-0.28396423508994584,0.2790615210933831,0.3113903480968981,0.3261000978117143,-0.9868909740040953,0.9859562204089797,0.9961689418856832,0.9973912303022201,8.540628476954744,6.8509471412335445,14.051136202466894,17.156903757037504,6.9470880551719265,5.488025014951722,11.765793801801689,14.430782145953366,118.98989128896217,70.93591467751281,262.0441999408329,382.32245305172074,-0.4462706221533604,0.4217535449753576,0.5482033099528678,0.5492507076797314,-4.985411554129513,4.629342369470477,6.454972485609577,6.655698163044432,-0.8650362465530018,0.8394878243181765,0.9890779869331183,0.9942143194255664,0.18008241135713085,1.4684238186050786,0.34114679182577057,6.233755480413313e-08,4.147749250956074e-05,0.05961017151039206,0.00031085477437449324,0.006440402190694956,0.24424974504434085,0.0025009528237886947,-0.6977976314030715,0.03396486634960111,348345.9782686082,22393.65111683066,53705.659971795736,74825.89534422726,0.015,16.104260735643756,20.0,1.0,0.005178439507582096,0.0006868801984448652,0.019439538127482777,0.6553485592447745,-1.0
rigid_high_stiffness,low_mid_0p5_5_hz,causal_low_pass,iv,True,True,20,0.0,0.0,-0.0032504585050659846,0.008297572186647756,0.02389336759971818,0.024406551247555627,-0.29276125408338455,0.2932902241010724,0.3438705132879004,0.35075688925060566,0.05166911771203884,0.05592809001354215,0.11064542518544247,0.11127994800820318,-0.026013522838847093,0.026019061723056493,0.04478800792082328,0.048619112003076496,-0.3084339835161517,0.31899327382344045,0.371082471901831,0.3783633255546666,-0.047661063324172574,0.052834590214089094,0.09962262078157952,0.10013673710900228,-0.4462706221533604,0.4217535449753576,0.5482033099528678,0.5492507076797314,-4.985411554129513,4.629342369470477,6.454972485609577,6.655698163044432,-0.8650362465530018,0.8394878243181765,0.9890779869331183,0.9942143194255664,0.8273615732044938,1.4684238186050786,0.34114679182577057,6.233755480413313e-08,4.147749250956074e-05,0.05961017151039206,0.00031085477437449324,0.006440402190694956,0.24424974504434085,0.0025009528237886947,-0.6977976314030715,0.03396486634960111,348345.9782686082,22393.65111683066,53705.659971795736,74825.89534422726,0.015,16.104260735643756,20.0,1.0,0.005178439507582096,0.0006868801984448652,0.019439538127482777,0.6553485592447745,0.0532894732684448
rigid_high_stiffness,low_mid_0p5_5_hz,causal_polynomial,ols,True,True,20,0.0,0.0,-0.15398449126203634,0.15413786435890472,0.16682628729872231,0.16713354395083355,-1.7247886671625174,1.724810351049853,1.7683209655534722,1.7987034361343093,-0.43624044078882607,0.4389775045551598,0.45727364678610183,0.46370569103003056,0.22530903300471056,0.228148841697712,0.2462790180805473,0.2478706222494764,-2.0493604714536477,2.05372207746573,2.121429719446887,2.136869604688819,0.7752099477109067,0.7824599926933138,0.8425629609225643,0.864647793709846,-0.3063828242957046,0.3082989823366663,0.31776873233689124,0.3224033025248428,-3.277537836808399,3.2694065139802424,3.3614515497234545,3.3678732633190176,-0.6394760865464457,0.640854745686477,0.6562170662553555,0.6564994100410644,0.24941584200201083,3.522180865108145,0.8399995706614873,6.233755480413313e-08,4.147749250956074e-05,0.05961017151039206,0.00031085477437449324,0.006440402190694956,0.24424974504434085,0.0025009528237886947,-0.6977976314030715,0.03396486634960111,348345.9782686082,22393.65111683066,53705.659971795736,74825.89534422726,0.03,31.85420881757568,92.0,1.0,0.005178439507582096,0.0006868801984448652,0.019439538127482777,0.6553485592447745,-1.0
rigid_high_stiffness,low_mid_0p5_5_hz,causal_polynomial,tls,True,True,20,0.0,0.0,0.08445588536241042,0.08361628408888191,0.10376307262949915,0.10752015710001751,-3.03720639751461,3.0425837956382322,3.2324297876461703,3.2468810267873693,0.2435389301885707,0.2452425160085876,0.3097053081164113,0.3232568629392636,-0.06594828219792134,0.06684281745738796,0.08055941506081273,0.08794792821970904,-2.7534515041292424,2.754207739203978,2.8499729562643004,2.866103596347284,-0.19515991463209265,0.19694355576820882,0.23646520028428736,0.24428882403166563,-0.3063828242957046,0.3082989823366663,0.31776873233689124,0.3224033025248428,-3.277537836808399,3.2694065139802424,3.3614515497234545,3.3678732633190176,-0.6394760865464457,0.640854745686477,0.6562170662553555,0.6564994100410644,0.29891403415888973,3.522180865108145,0.8399995706614873,6.233755480413313e-08,4.147749250956074e-05,0.05961017151039206,0.00031085477437449324,0.006440402190694956,0.24424974504434085,0.0025009528237886947,-0.6977976314030715,0.03396486634960111,348345.9782686082,22393.65111683066,53705.659971795736,74825.89534422726,0.03,31.85420881757568,92.0,1.0,0.005178439507582096,0.0006868801984448652,0.019439538127482777,0.6553485592447745,-1.0
rigid_high_stiffness,low_mid_0p5_5_hz,causal_polynomial,iv,True,True,20,0.0,0.0,-0.23211319475652906,0.2297073774976997,0.2464086534380507,0.25243821048370124,-1.3778846808366603,1.3697850211896185,1.4439195881156344,1.4551645583927026,-0.47786805005643995,0.47295335613403555,0.5260583940430733,0.5305196480966847,0.21356655865167457,0.20760002650818543,0.2613690510054133,0.2618706430354904,-1.596147292911411,1.5966600566315323,1.6747912752808582,1.7212508346634792,0.9197273128493813,0.897375284951199,1.109974505087442,1.1300145915498074,-0.3063828242957046,0.3082989823366663,0.31776873233689124,0.3224033025248428,-3.277537836808399,3.2694065139802424,3.3614515497234545,3.3678732633190176,-0.6394760865464457,0.640854745686477,0.6562170662553555,0.6564994100410644,0.2586295362637221,3.522180865108145,0.8399995706614873,6.233755480413313e-08,4.147749250956074e-05,0.05961017151039206,0.00031085477437449324,0.006440402190694956,0.24424974504434085,0.0025009528237886947,-0.6977976314030715,0.03396486634960111,348345.9782686082,22393.65111683066,53705.659971795736,74825.89534422726,0.03,31.85420881757568,92.0,1.0,0.005178439507582096,0.0006868801984448652,0.019439538127482777,0.6553485592447745,0.6294761861081495
rigid_high_stiffness,low_mid_0p5_5_hz,alpha_beta_gamma,ols,True,True,20,0.0,0.0,-0.11115998365310506,0.11152964099918046,0.12196350310022591,0.12429389069952367,-2.412610504836305,2.4134414875670727,2.440658840752725,2.4503803646711475,-0.2738189369313929,0.2743136318645032,0.28953227478864374,0.2940610665912473,0.10642246306216305,0.10715652445046864,0.11713744360724283,0.11716741896131501,-2.758326785482459,2.7608411683209804,2.791678974056543,2.7936727022741685,0.37744966549489206,0.37802257326910016,0.4075265013127779,0.41655312191285554,-0.1556424782414262,0.15695245063886082,0.16172909149763182,0.16509458073858596,-2.845186609952216,2.849038266259141,2.8743585944772447,2.877005202285917,-0.3130312558003462,0.31261455228688817,0.32860333291784993,0.3312552826765689,0.15721737739314603,2.961556511286942,0.7555460303271107,6.233755480413313e-08,4.147749250956074e-05,0.05961017151039206,0.00031085477437449324,0.006440402190694956,0.24424974504434085,0.0025009528237886947,-0.6977976314030715,0.03396486634960111,348345.9782686082,22393.65111683066,53705.659971795736,74825.89534422726,0.04,39.30976937757254,24.0,1.0,0.005178439507582096,0.0006868801984448652,0.019439538127482777,0.6553485592447745,-1.0
rigid_high_stiffness,low_mid_0p5_5_hz,alpha_beta_gamma,tls,True,True,20,0.0,0.0,-0.0350813726826335,0.03490477786690076,0.04811052931437738,0.051565340014593404,-2.717157755868457,2.7133169040160245,2.763415700657827,2.772721044497364,-0.09261600276866386,0.09547612751431578,0.11235596924923547,0.11830647731610033,0.03128298632659533,0.032506301899757936,0.03743575501512668,0.04299139369351432,-2.8351272685265814,2.837978434731504,2.8683600130181537,2.8726452959192335,0.10237479697753298,0.105555360943559,0.12658041481566443,0.1341809532137337,-0.1556424782414262,0.15695245063886082,0.16172909149763182,0.16509458073858596,-2.845186609952216,2.849038266259141,2.8743585944772447,2.877005202285917,-0.3130312558003462,0.31261455228688817,0.32860333291784993,0.3312552826765689,0.164124808219791,2.961556511286942,0.7555460303271107,6.233755480413313e-08,4.147749250956074e-05,0.05961017151039206,0.00031085477437449324,0.006440402190694956,0.24424974504434085,0.0025009528237886947,-0.6977976314030715,0.03396486634960111,348345.9782686082,22393.65111683066,53705.659971795736,74825.89534422726,0.04,39.30976937757254,24.0,1.0,0.005178439507582096,0.0006868801984448652,0.019439538127482777,0.6553485592447745,-1.0
rigid_high_stiffness,low_mid_0p5_5_hz,alpha_beta_gamma,iv,True,True,20,0.0,0.0,-0.159986386012175,0.15982747241972595,0.17402002164046898,0.1751957080366352,-2.2429473589267666,2.2404805060760156,2.2830480605849734,2.30744452522893,-0.19385984341876572,0.1933637986091199,0.22964552625910103,0.23949719071769593,0.020991284654565494,0.02045577957297179,0.03547772518606587,0.04141791595756304,-2.5105254312980883,2.512709104785521,2.557546982360454,2.5676058066859753,0.24138104008328862,0.23976488430829357,0.29811502025813463,0.3149195345428275,-0.1556424782414262,0.15695245063886082,0.16172909149763182,0.16509458073858596,-2.845186609952216,2.849038266259141,2.8743585944772447,2.877005202285917,-0.3130312558003462,0.31261455228688817,0.32860333291784993,0.3312552826765689,0.16882975148689625,2.961556511286942,0.7555460303271107,6.233755480413313e-08,4.147749250956074e-05,0.05961017151039206,0.00031085477437449324,0.006440402190694956,0.24424974504434085,0.0025009528237886947,-0.6977976314030715,0.03396486634960111,348345.9782686082,22393.65111683066,53705.659971795736,74825.89534422726,0.04,39.30976937757254,24.0,1.0,0.005178439507582096,0.0006868801984448652,0.019439538127482777,0.6553485592447745,0.4830105974126052
rigid_high_stiffness,low_mid_0p5_5_hz,centered_savitzky_golay,ols,False,True,20,0.0,0.0,0.02520092093198829,0.02500361153621577,0.03959044564688216,0.04633694945833531,-0.04613631571168772,0.04268983522710572,0.07110853959293616,0.08326589353995875,0.40399641083112314,0.40723452721922015,0.4421406181604345,0.4468564234598986,-0.14541250854229162,0.14637663591224212,0.15265738013321928,0.15581570192981756,-0.2047117841897504,0.20097750024909583,0.24005366471391193,0.24226794851674543,-0.2874964366161288,0.2893859726824312,0.3065859539249748,0.30884641780234234,-0.16128971304494738,0.1607532782097611,0.16952021910905513,0.17029300744924034,-0.22963774676081278,0.2284332177804915,0.2612413562506287,0.2622722216351939,-0.32119496420090543,0.32060963482768745,0.3360890079990944,0.34593093289658583,0.03875898744792483,2.098329821389896,0.6296521582732257,6.233755480413313e-08,4.147749250956074e-05,0.05961017151039206,0.00031085477437449324,0.006440402190694956,0.24424974504434085,0.0025009528237886947,-0.6977976314030715,0.03396486634960111,348345.9782686082,22393.65111683066,53705.659971795736,74825.89534422726,0.0,47.06947881100554,92.0,1.0,0.005178439507582096,0.0006868801984448652,0.019439538127482777,0.6553485592447745,-1.0
rigid_high_stiffness,low_mid_0p5_5_hz,centered_savitzky_golay,tls,False,True,20,0.0,0.0,0.029268479236284894,0.02931625520245052,0.044421014943120694,0.05016518986386018,-0.0446897547834436,0.041151283795443215,0.0697535972235561,0.08213168068384605,0.4166908880555056,0.41838461633001833,0.4547525254333683,0.4621886248283611,-0.14756952656316139,0.14847438634170845,0.15510858253386814,0.15778257577358584,-0.2086606441271956,0.20446033167106106,0.2435252752868816,0.2456221450048835,-0.2938979698208561,0.29497233820333396,0.31259691867283385,0.31609370841782813,-0.16128971304494738,0.1607532782097611,0.16952021910905513,0.17029300744924034,-0.22963774676081278,0.2284332177804915,0.2612413562506287,0.2622722216351939,-0.32119496420090543,0.32060963482768745,0.3360890079990944,0.34593093289658583,0.03881388468387892,2.098329821389896,0.6296521582732257,6.233755480413313e-08,4.147749250956074e-05,0.05961017151039206,0.00031085477437449324,0.006440402190694956,0.24424974504434085,0.0025009528237886947,-0.6977976314030715,0.03396486634960111,348345.9782686082,22393.65111683066,53705.659971795736,74825.89534422726,0.0,47.06947881100554,92.0,1.0,0.005178439507582096,0.0006868801984448652,0.019439538127482777,0.6553485592447745,-1.0
rigid_high_stiffness,low_mid_0p5_5_hz,centered_savitzky_golay,iv,False,True,20,0.0,0.0,0.0631647467671412,0.06286191619475665,0.08054485356159598,0.08224415614853456,-0.005024929965103526,0.02448539090275039,0.03999153734926941,0.0475968240258922,0.5015129342210196,0.5008478210723943,0.5542069097728852,0.5594664500238125,-0.1584494877142341,0.15748934800623676,0.16654651132066212,0.16933286127934197,-0.21214944419830944,0.21672678504212056,0.2539661843075104,0.25545999451082974,-0.33369565015885655,0.33370928733324345,0.3565846384299026,0.3587550408764931,-0.16128971304494738,0.1607532782097611,0.16952021910905513,0.17029300744924034,-0.22963774676081278,0.2284332177804915,0.2612413562506287,0.2622722216351939,-0.32119496420090543,0.32060963482768745,0.3360890079990944,0.34593093289658583,0.04212194847138256,2.098329821389896,0.6296521582732257,6.233755480413313e-08,4.147749250956074e-05,0.05961017151039206,0.00031085477437449324,0.006440402190694956,0.24424974504434085,0.0025009528237886947,-0.6977976314030715,0.03396486634960111,348345.9782686082,22393.65111683066,53705.659971795736,74825.89534422726,0.0,47.06947881100554,92.0,1.0,0.005178439507582096,0.0006868801984448652,0.019439538127482777,0.6553485592447745,0.6208826250442968
rigid_high_stiffness,baseline_0p5_10_hz,backward_difference,ols,True,True,20,0.0,1.0,-0.612812785621397,0.6142015206657665,0.6189699680084173,0.6195446385378857,-0.5009145728626339,0.4970644879286888,0.5225338868546291,0.5440962619468925,-1.0221367290643606,1.0222403969141807,1.0231398242162688,1.0233799152110308,1000000000.0,1000000000.0,1000000000.0,1000000000.0,1000000000.0,1000000000.0,1000000000.0,1000000000.0,1000000000.0,1000000000.0,1000000000.0,1000000000.0,1000000000.0,1000000000.0,1000000000.0,1000000000.0,1000000000.0,1000000000.0,1000000000.0,1000000000.0,1000000000.0,1000000000.0,1000000000.0,1000000000.0,0.41626571520747135,2.3104632214518883,0.6778730088537419,8.945260837244067e-08,0.00013500728490179836,0.28707614893966965,0.00034559024658404046,0.011619774135819891,0.5358151951844635,0.0008126360255441797,-0.8488223980043821,0.006822471404479434,301608.4338592779,73041.90731712316,181249.90301494172,158646.72937370112,0.005,0.0,8.0,0.9999985396147314,0.009463141713990087,0.0007470577190610805,0.026718995619135794,1.4918250291942994,-1.0
rigid_high_stiffness,baseline_0p5_10_hz,backward_difference,tls,True,True,20,0.0,1.0,-0.7218787476810051,0.7154999484899489,0.7627305938413879,0.7656587825958077,1.9025153778254427,1.9084513640528473,2.133775664926183,2.2327329946065477,-1.196573832038896,1.1962697009708916,1.213731269899228,1.2154289252587354,1000000000.0,1000000000.0,1000000000.0,1000000000.0,1000000000.0,1000000000.0,1000000000.0,1000000000.0,1000000000.0,1000000000.0,1000000000.0,1000000000.0,1000000000.0,1000000000.0,1000000000.0,1000000000.0,1000000000.0,1000000000.0,1000000000.0,1000000000.0,1000000000.0,1000000000.0,1000000000.0,1000000000.0,0.8057514592649913,2.3104632214518883,0.6778730088537419,8.945260837244067e-08,0.00013500728490179836,0.28707614893966965,0.00034559024658404046,0.011619774135819891,0.5358151951844635,0.0008126360255441797,-0.8488223980043821,0.006822471404479434,301608.4338592779,73041.90731712316,181249.90301494172,158646.72937370112,0.005,0.0,8.0,0.9999985396147314,0.009463141713990087,0.0007470577190610805,0.026718995619135794,1.4918250291942994,-1.0
rigid_high_stiffness,baseline_0p5_10_hz,backward_difference,iv,True,True,20,0.0,0.0,-0.031704686318374885,0.03505929649255608,0.061900841134645855,0.08564555402260339,-0.49250325780513116,0.48815073910216283,0.5702685544348942,0.5780461846920398,0.023396047661236263,0.041641708767767405,0.07015526976533104,0.0910865383062065,-0.027113529368796574,0.029410815746807706,0.04002368017801984,0.040026388025576065,-0.4889091807567061,0.48542175649635433,0.5787265831689122,0.584045347728769,-0.021570939598558957,0.04014286609709522,0.06553768692729833,0.08348241418834523,1000000000.0,1000000000.0,1000000000.0,1000000000.0,1000000000.0,1000000000.0,1000000000.0,1000000000.0,1000000000.0,1000000000.0,1000000000.0,1000000000.0,5.161834709829597,2.3104632214518883,0.6778730088537419,8.945260837244067e-08,0.00013500728490179836,0.28707614893966965,0.00034559024658404046,0.011619774135819891,0.5358151951844635,0.0008126360255441797,-0.8488223980043821,0.006822471404479434,301608.4338592779,73041.90731712316,181249.90301494172,158646.72937370112,0.005,0.0,8.0,0.9999985396147314,0.009463141713990087,0.0007470577190610805,0.026718995619135794,1.4918250291942994,0.010791267836385177
rigid_high_stiffness,baseline_0p5_10_hz,causal_low_pass,ols,True,True,20,0.0,0.0,-0.42013485385373234,0.421246224523423,0.4295601313438485,0.43111203308679297,-0.32606793493244335,0.3241184675144501,0.34359073345496455,0.3548131835793023,-0.8972400684475257,0.8967541106880104,0.9135191497708,0.9144620594919441,1.3855082830076617,1.3743744129908162,1.5750876803946323,1.5825969337106547,1.7750721625923536,1.717532396455348,2.0818520294563747,2.0915002455430707,8.849370219078377,8.688936180164255,10.563326671875911,10.69071869231901,-0.10132819082616244,0.10186785853377534,0.11178828131560153,0.11808299540480302,-1.7055813321165274,1.6883975325864118,1.8708909289529951,1.8949167782365526,-0.3379869130426176,0.3364403123927975,0.3728956630183677,0.3825273954509143,0.2997224476395287,1.5187390595779293,0.3290963150215491,8.945260837244067e-08,0.00013500728490179836,0.28707614893966965,0.00034559024658404046,0.011619774135819891,0.5358151951844635,0.0008126360255441797,-0.8488223980043821,0.006822471404479434,301608.4338592779,73041.90731712316,181249.90301494172,158646.72937370112,0.015,16.10426073564376,20.0,0.9999985396147314,0.009463141713990087,0.0007470577190610805,0.026718995619135794,1.4918250291942994,-1.0
rigid_high_stiffness,baseline_0p5_10_hz,causal_low_pass,tls,True,True,20,0.0,0.0,-0.22265887027114423,0.22321844000051938,0.2338955451830336,0.23733258560140133,-0.3116019124972738,0.30900636989497365,0.3347609451576883,0.34674365430288584,-0.8171923104694558,0.8184377504016922,0.8432405897119051,0.8446528185832503,1.0692927780031414,1.0686713649820185,1.216751133353813,1.2233475294126734,0.8351998250313578,0.8266757214756784,1.0515596086087835,1.1064230948667024,4.524998597470696,4.508409181530854,5.379229843613071,5.437194359627943,-0.10132819082616244,0.10186785853377534,0.11178828131560153,0.11808299540480302,-1.7055813321165274,1.6883975325864118,1.8708909289529951,1.8949167782365526,-0.3379869130426176,0.3364403123927975,0.3728956630183677,0.3825273954509143,0.32273237480566225,1.5187390595779293,0.3290963150215491,8.945260837244067e-08,0.00013500728490179836,0.28707614893966965,0.00034559024658404046,0.011619774135819891,0.5358151951844635,0.0008126360255441797,-0.8488223980043821,0.006822471404479434,301608.4338592779,73041.90731712316,181249.90301494172,158646.72937370112,0.015,16.10426073564376,20.0,0.9999985396147314,0.009463141713990087,0.0007470577190610805,0.026718995619135794,1.4918250291942994,-1.0
rigid_high_stiffness,baseline_0p5_10_hz,causal_low_pass,iv,True,True,20,0.0,0.0,-0.007449970880344466,0.010100833255950306,0.02940180914189833,0.029515802004145258,-0.4811840233715795,0.48060645340728375,0.5061381554062836,0.5307228242031539,0.06177632583941648,0.06534795775066815,0.08863416259596421,0.08869514090741326,-0.03311619856710481,0.03395228415735306,0.03762421695805659,0.038882851459683454,-0.494396072907305,0.4967344680990984,0.5225252910364314,0.5515820422934672,-0.05792796426099611,0.06133954247243384,0.08141776684601056,0.08146921720757105,-0.10132819082616244,0.10186785853377534,0.11178828131560153,0.11808299540480302,-1.7055813321165274,1.6883975325864118,1.8708909289529951,1.8949167782365526,-0.3379869130426176,0.3364403123927975,0.3728956630183677,0.3825273954509143,0.8366043862403187,1.5187390595779293,0.3290963150215491,8.945260837244067e-08,0.00013500728490179836,0.28707614893966965,0.00034559024658404046,0.011619774135819891,0.5358151951844635,0.0008126360255441797,-0.8488223980043821,0.006822471404479434,301608.4338592779,73041.90731712316,181249.90301494172,158646.72937370112,0.015,16.10426073564376,20.0,0.9999985396147314,0.009463141713990087,0.0007470577190610805,0.026718995619135794,1.4918250291942994,0.18466777015114832
rigid_high_stiffness,baseline_0p5_10_hz,causal_polynomial,ols,True,True,20,0.0,0.0,-0.269504506609892,0.2704066048425072,0.28310550835803067,0.28413804093527834,-2.5301066800126986,2.5324585315906716,2.5633034427853447,2.5665814592887863,-0.13264517697629313,0.13298361378581802,0.15208867369147133,0.15776066453232573,-0.0822630269832639,0.0821693947083692,0.08511571134981692,0.08550745980071162,-2.9222579365199253,2.9211334561977433,2.942367232447958,2.962262317708577,0.153182832887927,0.15338598519876012,0.17937140257196807,0.18731096719049,-0.2145826764754264,0.21489141036456066,0.2190143795111814,0.21968337183226583,-3.4823462391977413,3.484848917951858,3.5041963739845694,3.5053025898396437,-0.6246376793453589,0.6263229114409583,0.6327644059207767,0.6384765310667788,0.4112435989417495,5.60655420448596,0.9313330797151242,8.945260837244067e-08,0.00013500728490179836,0.28707614893966965,0.00034559024658404046,0.011619774135819891,0.5358151951844635,0.0008126360255441797,-0.8488223980043821,0.006822471404479434,301608.4338592779,73041.90731712316,181249.90301494172,158646.72937370112,0.03,31.85420881757568,92.0,0.9999985396147314,0.009463141713990087,0.0007470577190610805,0.026718995619135794,1.4918250291942994,-1.0
rigid_high_stiffness,baseline_0p5_10_hz,causal_polynomial,tls,True,True,20,0.0,0.0,0.6781464564539373,0.6840356310599449,0.719785711759706,0.7276406425985324,-6.147831999540475,6.160320823393361,6.29337041965704,6.3453163594810365,1.5141576836960426,1.5224300843747485,1.5768866687019418,1.6022952087651037,-0.18298737084223476,0.1832786299299597,0.18611048595062757,0.18715697932015732,-3.505980743991425,3.509186848908203,3.5272183821487215,3.529238959614394,-0.6020887292764819,0.6035548579718971,0.6119328483428766,0.6157238438468551,-0.2145826764754264,0.21489141036456066,0.2190143795111814,0.21968337183226583,-3.4823462391977413,3.484848917951858,3.5041963739845694,3.5053025898396437,-0.6246376793453589,0.6263229114409583,0.6327644059207767,0.6384765310667788,0.6934354616006275,5.60655420448596,0.9313330797151242,8.945260837244067e-08,0.00013500728490179836,0.28707614893966965,0.00034559024658404046,0.011619774135819891,0.5358151951844635,0.0008126360255441797,-0.8488223980043821,0.006822471404479434,301608.4338592779,73041.90731712316,181249.90301494172,158646.72937370112,0.03,31.85420881757568,92.0,0.9999985396147314,0.009463141713990087,0.0007470577190610805,0.026718995619135794,1.4918250291942994,-1.0
rigid_high_stiffness,baseline_0p5_10_hz,causal_polynomial,iv,True,True,20,0.0,0.0,-0.47276247072514516,0.4745296518422838,0.5018404296840616,0.5022963326764018,-2.121534102606427,2.1284738426394867,2.198674708748911,2.2148005590801576,-0.2163216477084294,0.212179797268627,0.25784037860229103,0.26056779322106394,-0.17978764522587432,0.18008781730714118,0.1843456606634987,0.18463947433733358,-2.744294452413782,2.74488564053475,2.785708316595396,2.811340448727388,0.27762211150379185,0.2693259680530318,0.3474199949216916,0.3523890234050415,-0.2145826764754264,0.21489141036456066,0.2190143795111814,0.21968337183226583,-3.4823462391977413,3.484848917951858,3.5041963739845694,3.5053025898396437,-0.6246376793453589,0.6263229114409583,0.6327644059207767,0.6384765310667788,0.43268910920314957,5.60655420448596,0.9313330797151242,8.945260837244067e-08,0.00013500728490179836,0.28707614893966965,0.00034559024658404046,0.011619774135819891,0.5358151951844635,0.0008126360255441797,-0.8488223980043821,0.006822471404479434,301608.4338592779,73041.90731712316,181249.90301494172,158646.72937370112,0.03,31.85420881757568,92.0,0.9999985396147314,0.009463141713990087,0.0007470577190610805,0.026718995619135794,1.4918250291942994,0.6886649276427208
rigid_high_stiffness,baseline_0p5_10_hz,alpha_beta_gamma,ols,True,True,20,0.0,0.0,-0.20013372400483095,0.20210129192513426,0.20784137330420638,0.21037360868350527,-2.5909363477316187,2.5880075988107034,2.617266028560054,2.620209148884226,-0.23204528696158544,0.23312037571164979,0.24025833735884472,0.24242925820809802,0.020571958737661784,0.020117372676693994,0.024123276877301873,0.024965842269181027,-3.0299099724024336,3.0283508001511388,3.0411931064109847,3.0485741504856816,0.3022650861463018,0.30398668016523545,0.3162374529086953,0.32000873955965314,-0.09698455780136664,0.09710676562696974,0.10071610832453526,0.10108292429731487,-3.130654176290037,3.1303370631647787,3.1418122934689934,3.144423388823527,-0.26315419007187446,0.2645265871234521,0.2750418126962167,0.2776783376170826,0.24838653028347046,4.885253097222842,0.860759536142394,8.945260837244067e-08,0.00013500728490179836,0.28707614893966965,0.00034559024658404046,0.011619774135819891,0.5358151951844635,0.0008126360255441797,-0.8488223980043821,0.006822471404479434,301608.4338592779,73041.90731712316,181249.90301494172,158646.72937370112,0.045,39.30976937757255,24.0,0.9999985396147314,0.009463141713990087,0.0007470577190610805,0.026718995619135794,1.4918250291942994,-1.0
rigid_high_stiffness,baseline_0p5_10_hz,alpha_beta_gamma,tls,True,True,20,0.0,0.0,0.09518179301389063,0.09546804845437452,0.11209047151850518,0.11589865753413232,-3.457659813495778,3.457191472241141,3.502509573231911,3.506691465609623,0.1685317219655753,0.1678184444753429,0.1876922159401775,0.19388582211016137,-0.03189148916314443,0.03195197117499268,0.03435626195211816,0.03498761475045299,-3.172475554003896,3.1722652767701525,3.1850710329352228,3.1873059080584545,-0.14412965565411653,0.14370246681287646,0.15802982386483044,0.16239896522723873,-0.09698455780136664,0.09710676562696974,0.10071610832453526,0.10108292429731487,-3.130654176290037,3.1303370631647787,3.1418122934689934,3.144423388823527,-0.26315419007187446,0.2645265871234521,0.2750418126962167,0.2776783376170826,0.29710936882303995,4.885253097222842,0.860759536142394,8.945260837244067e-08,0.00013500728490179836,0.28707614893966965,0.00034559024658404046,0.011619774135819891,0.5358151951844635,0.0008126360255441797,-0.8488223980043821,0.006822471404479434,301608.4338592779,73041.90731712316,181249.90301494172,158646.72937370112,0.045,39.30976937757255,24.0,0.9999985396147314,0.009463141713990087,0.0007470577190610805,0.026718995619135794,1.4918250291942994,-1.0
rigid_high_stiffness,baseline_0p5_10_hz,alpha_beta_gamma,iv,True,True,20,0.0,0.0,-0.24249018942763617,0.2418120954788448,0.2583366953569449,0.25863832711077406,-2.7402877110563737,2.745684339016763,2.7797365419516185,2.79004433939363,0.002707196830466785,0.00944163337509707,0.02535736290013766,0.02618187918744752,-0.13081046199675475,0.13025274098620215,0.1342497533569036,0.13735762759734724,-2.996783300798603,2.996975378408586,3.014771911374064,3.0212965324630363,-0.0024921783834786606,0.0094386923853918,0.025536754354518992,0.025971406644766937,-0.09698455780136664,0.09710676562696974,0.10071610832453526,0.10108292429731487,-3.130654176290037,3.1303370631647787,3.1418122934689934,3.144423388823527,-0.26315419007187446,0.2645265871234521,0.2750418126962167,0.2776783376170826,0.2888662877218865,4.885253097222842,0.860759536142394,8.945260837244067e-08,0.00013500728490179836,0.28707614893966965,0.00034559024658404046,0.011619774135819891,0.5358151951844635,0.0008126360255441797,-0.8488223980043821,0.006822471404479434,301608.4338592779,73041.90731712316,181249.90301494172,158646.72937370112,0.045,39.30976937757255,24.0,0.9999985396147314,0.009463141713990087,0.0007470577190610805,0.026718995619135794,1.4918250291942994,0.4473843476679711
rigid_high_stiffness,baseline_0p5_10_hz,centered_savitzky_golay,ols,False,True,20,0.0,0.0,0.04041839824963062,0.039734032577257036,0.056781162248236434,0.05857308190956746,-0.05784366437656463,0.056110639496665365,0.07598640531083428,0.07731399066613812,0.5116892063547045,0.5107111737453138,0.5405808451542035,0.5417968030700635,-0.1703848042388349,0.17043484731536973,0.1724044252836807,0.17315589322907046,-0.2486719898466545,0.2507109779851313,0.2616969075938415,0.26609808301296645,-0.33840426423661657,0.33805697829524073,0.35089415404007834,0.3514061009798597,-0.176215165297617,0.1761859612665418,0.17891771474029072,0.17997316627353296,-0.2646046390730614,0.26691400318569314,0.2765189140505617,0.2786323619014042,-0.357129283529839,0.35695140336135456,0.366918977954089,0.367618264362056,0.051452091280148465,2.624142813972921,0.7463856156522233,8.945260837244067e-08,0.00013500728490179836,0.28707614893966965,0.00034559024658404046,0.011619774135819891,0.5358151951844635,0.0008126360255441797,-0.8488223980043821,0.006822471404479434,301608.4338592779,73041.90731712316,181249.90301494172,158646.72937370112,0.0,47.06947881100554,92.0,0.9999985396147314,0.009463141713990087,0.0007470577190610805,0.026718995619135794,1.4918250291942994,-1.0
rigid_high_stiffness,baseline_0p5_10_hz,centered_savitzky_golay,tls,False,True,20,0.0,0.0,0.05044237511953868,0.0506834199652883,0.06521331913241056,0.06746642282065136,-0.05506098138662796,0.05345034159672455,0.0730777816516191,0.07421563501788046,0.532056581092083,0.5306789912120722,0.5589042712370819,0.5597282786594528,-0.17195793812919993,0.17203886390135806,0.1741383306005881,0.17499184525481118,-0.25506605230324,0.2571899939074804,0.26776025507233436,0.27125769584836157,-0.34720642996099155,0.34669064097095975,0.3585237829233469,0.3588626854547544,-0.176215165297617,0.1761859612665418,0.17891771474029072,0.17997316627353296,-0.2646046390730614,0.26691400318569314,0.2765189140505617,0.2786323619014042,-0.357129283529839,0.35695140336135456,0.366918977954089,0.367618264362056,0.05164662578507127,2.624142813972921,0.7463856156522233,8.945260837244067e-08,0.00013500728490179836,0.28707614893966965,0.00034559024658404046,0.011619774135819891,0.5358151951844635,0.0008126360255441797,-0.8488223980043821,0.006822471404479434,301608.4338592779,73041.90731712316,181249.90301494172,158646.72937370112,0.0,47.06947881100554,92.0,0.9999985396147314,0.009463141713990087,0.0007470577190610805,0.026718995619135794,1.4918250291942994,-1.0
rigid_high_stiffness,baseline_0p5_10_hz,centered_savitzky_golay,iv,False,True,20,0.0,0.0,0.10304412754056566,0.1033345411701032,0.1256759089134977,0.12889064981532214,-0.01953394537662209,0.021083929884160926,0.03750976771172494,0.04286793182531703,0.6234106921614172,0.6259578769347751,0.6592429911180497,0.6604351965722621,-0.17569408532921826,0.17565320745580054,0.17854254031790787,0.17882975095352704,-0.2671860291027257,0.2671467582371082,0.2871758545650984,0.2883650208481005,-0.38388555505289346,0.38497791293379763,0.3973155032102172,0.39774825174486717,-0.176215165297617,0.1761859612665418,0.17891771474029072,0.17997316627353296,-0.2646046390730614,0.26691400318569314,0.2765189140505617,0.2786323619014042,-0.357129283529839,0.35695140336135456,0.366918977954089,0.367618264362056,0.05921134511447965,2.624142813972921,0.7463856156522233,8.945260837244067e-08,0.00013500728490179836,0.28707614893966965,0.00034559024658404046,0.011619774135819891,0.5358151951844635,0.0008126360255441797,-0.8488223980043821,0.006822471404479434,301608.4338592779,73041.90731712316,181249.90301494172,158646.72937370112,0.0,47.06947881100554,92.0,0.9999985396147314,0.009463141713990087,0.0007470577190610805,0.026718995619135794,1.4918250291942994,0.6684051533100255
rigid_high_stiffness,mid_2_10_hz,backward_difference,ols,True,True,20,0.0,1.0,-0.7256230497213115,0.7253280792415555,0.7306486115426815,0.73385607289492,-0.4280630266216911,0.4323766500026788,0.4510874310296053,0.45318357994083314,-1.0250308039393807,1.0252590815364124,1.026363175916886,1.0267078319300005,1000000000.0,1000000000.0,1000000000.0,1000000000.0,1000000000.0,1000000000.0,1000000000.0,1000000000.0,1000000000.0,1000000000.0,1000000000.0,1000000000.0,1000000000.0,1000000000.0,1000000000.0,1000000000.0,1000000000.0,1000000000.0,1000000000.0,1000000000.0,1000000000.0,1000000000.0,1000000000.0,1000000000.0,0.41046940265187204,2.225405842290211,0.6563913632604106,9.459341795846137e-08,0.00016100573003191362,0.34372992512841055,0.00034473125675604484,0.012688948291586143,0.586298995591721,-0.004722511177789189,-0.8865590909965468,0.0011500447479333464,243878.08709086533,87099.0546073248,176362.74810679254,155309.38243925487,0.005,0.0,8.0,1.0,0.010860916812525318,0.0007514961527859421,0.026789654777084858,1.4884324903252468,-1.0
rigid_high_stiffness,mid_2_10_hz,backward_difference,tls,True,True,20,0.0,1.0,-0.882801327157749,0.8864876532320963,0.9076921598202108,0.907988979218924,1.722426415487477,1.6988286063926679,1.9093582477560238,1.9266767668351967,-1.185406638257143,1.1850082709177931,1.1944870129950038,1.1953178316216126,1000000000.0,1000000000.0,1000000000.0,1000000000.0,1000000000.0,1000000000.0,1000000000.0,1000000000.0,1000000000.0,1000000000.0,1000000000.0,1000000000.0,1000000000.0,1000000000.0,1000000000.0,1000000000.0,1000000000.0,1000000000.0,1000000000.0,1000000000.0,1000000000.0,1000000000.0,1000000000.0,1000000000.0,0.7714592828277269,2.225405842290211,0.6563913632604106,9.459341795846137e-08,0.00016100573003191362,0.34372992512841055,0.00034473125675604484,0.012688948291586143,0.586298995591721,-0.004722511177789189,-0.8865590909965468,0.0011500447479333464,243878.08709086533,87099.0546073248,176362.74810679254,155309.38243925487,0.005,0.0,8.0,1.0,0.010860916812525318,0.0007514961527859421,0.026789654777084858,1.4884324903252468,-1.0
rigid_high_stiffness,mid_2_10_hz,backward_difference,iv,True,True,20,0.0,0.0,-0.03408804248361265,0.07094096202838529,0.13833908826696584,0.20740241564145867,-0.5365711706990773,0.5375809276232609,0.620811186295708,0.715618419284438,0.030516327247332154,0.0526704229431072,0.15561521290622438,0.3027126374524798,-0.03161546017593893,0.03172093162513977,0.04277644669604434,0.044267393452719,-0.5276505039028483,0.5365256047905436,0.659842098084061,0.7732479977748868,-0.022779136426253215,0.053582786743965105,0.13400103589753184,0.23237099936671346,1000000000.0,1000000000.0,1000000000.0,1000000000.0,1000000000.0,1000000000.0,1000000000.0,1000000000.0,1000000000.0,1000000000.0,1000000000.0,1000000000.0,5.180372634993194,2.225405842290211,0.6563913632604106,9.459341795846137e-08,0.00016100573003191362,0.34372992512841055,0.00034473125675604484,0.012688948291586143,0.586298995591721,-0.004722511177789189,-0.8865590909965468,0.0011500447479333464,243878.08709086533,87099.0546073248,176362.74810679254,155309.38243925487,0.005,0.0,8.0,1.0,0.010860916812525318,0.0007514961527859421,0.026789654777084858,1.4884324903252468,0.012741680083236544
rigid_high_stiffness,mid_2_10_hz,causal_low_pass,ols,True,True,20,0.0,0.0,-0.5151850304168121,0.5151048066371486,0.5261055860960686,0.5299654384823318,-0.2965927511654144,0.2938050766165967,0.32192484309637415,0.32401896250806156,-0.8975559392478027,0.8976373915954223,0.91557327139196,0.915881237931158,1.1846875541109463,1.18161098874101,1.3750044609653012,1.3811443393532432,2.1730620886204477,2.139266676401425,2.5159989521328825,2.589104038795065,8.883931657689782,8.76951445436842,10.844598496606359,10.887954308952027,-0.08804668141804672,0.08691154401445206,0.09952036088356302,0.10417968145990196,-1.5658859373718879,1.5478862143679242,1.7194873044708974,1.7393696206849045,-0.33501665036672695,0.33310691016041005,0.37942846745299796,0.38489598815673176,0.29949588147659234,1.5866875756194807,0.3799632252424578,9.459341795846137e-08,0.00016100573003191362,0.34372992512841055,0.00034473125675604484,0.012688948291586143,0.586298995591721,-0.004722511177789189,-0.8865590909965468,0.0011500447479333464,243878.08709086533,87099.0546073248,176362.74810679254,155309.38243925487,0.015,16.10426073564376,20.0,1.0,0.010860916812525318,0.0007514961527859421,0.026789654777084858,1.4884324903252468,-1.0
rigid_high_stiffness,mid_2_10_hz,causal_low_pass,tls,True,True,20,0.0,0.0,-0.27807009837081986,0.2778677358836091,0.29785983211819944,0.2983126461070525,-0.2594051987131351,0.2567537526965967,0.28978277074772546,0.31870954816443275,-0.7894488783761586,0.7906334974234339,0.8215627182955971,0.8252988061428835,0.8579395448443906,0.8548570115197112,0.998418601775952,1.0041207673631307,0.9099909286992421,0.881224188558762,1.1359310015569986,1.22954882785328,3.7976742461172392,3.776564779554909,4.6043419358511235,4.724059337670434,-0.08804668141804672,0.08691154401445206,0.09952036088356302,0.10417968145990196,-1.5658859373718879,1.5478862143679242,1.7194873044708974,1.7393696206849045,-0.33501665036672695,0.33310691016041005,0.37942846745299796,0.38489598815673176,0.33105041120150536,1.5866875756194807,0.3799632252424578,9.459341795846137e-08,0.00016100573003191362,0.34372992512841055,0.00034473125675604484,0.012688948291586143,0.586298995591721,-0.004722511177789189,-0.8865590909965468,0.0011500447479333464,243878.08709086533,87099.0546073248,176362.74810679254,155309.38243925487,0.015,16.10426073564376,20.0,1.0,0.010860916812525318,0.0007514961527859421,0.026789654777084858,1.4884324903252468,-1.0
rigid_high_stiffness,mid_2_10_hz,causal_low_pass,iv,True,True,20,0.0,0.0,-0.028521922804493654,0.029863252170960152,0.061064682557313614,0.0722678162625292,-0.4862071615053488,0.48656365484790653,0.5268309410714814,0.5311216366541267,0.03417423510494668,0.03501836967926142,0.07283224425696018,0.08225194536670344,-0.030741851366355728,0.030186369194620664,0.03791996215273173,0.038066988411661284,-0.48670499377849985,0.49113107094654196,0.5352717770973928,0.5447998254815979,-0.032396169829550056,0.03383326481344978,0.06788407098778099,0.07600073690681486,-0.08804668141804672,0.08691154401445206,0.09952036088356302,0.10417968145990196,-1.5658859373718879,1.5478862143679242,1.7194873044708974,1.7393696206849045,-0.33501665036672695,0.33310691016041005,0.37942846745299796,0.38489598815673176,0.8140014050410724,1.5866875756194807,0.3799632252424578,9.459341795846137e-08,0.00016100573003191362,0.34372992512841055,0.00034473125675604484,0.012688948291586143,0.586298995591721,-0.004722511177789189,-0.8865590909965468,0.0011500447479333464,243878.08709086533,87099.0546073248,176362.74810679254,155309.38243925487,0.015,16.10426073564376,20.0,1.0,0.010860916812525318,0.0007514961527859421,0.026789654777084858,1.4884324903252468,0.21489463916648083
rigid_high_stiffness,mid_2_10_hz,causal_polynomial,ols,True,True,20,0.0,0.0,-0.39703467306461393,0.3969610479235874,0.41732461043474406,0.41761426028261395,-2.2688254500942584,2.267955548044803,2.3018727543616047,2.316284838542551,-0.25317084721190264,0.255333526617461,0.27394370950831226,0.277507479389552,-0.10146211334404971,0.10145203279075357,0.10501916626292626,0.10509163297898286,-2.8908562141431635,2.891929979378858,2.9176852709989873,2.9196143584788485,0.339322199266239,0.34288359016847336,0.37730543352974233,0.3840973732919484,-0.20044265196451408,0.2007102111579248,0.20350764490519155,0.20514706242597772,-3.4969546647727525,3.4998851507242073,3.521131606308038,3.5251915381148713,-0.6703501208946954,0.6707204185515394,0.6792635491859038,0.680101095520719,0.43576713408290135,6.21610656810953,0.9429444111158582,9.459341795846137e-08,0.00016100573003191362,0.34372992512841055,0.00034473125675604484,0.012688948291586143,0.586298995591721,-0.004722511177789189,-0.8865590909965468,0.0011500447479333464,243878.08709086533,87099.0546073248,176362.74810679254,155309.38243925487,0.03,31.85420881757568,92.0,1.0,0.010860916812525318,0.0007514961527859421,0.026789654777084858,1.4884324903252468,-1.0
rigid_high_stiffness,mid_2_10_hz,causal_polynomial,tls,True,True,20,0.0,0.0,1.0593138364963093,1.0571978695297775,1.1201521470527207,1.1222955524633262,-7.2952231640378455,7.3090823411329335,7.49619730394756,7.512749298768497,2.001944183566756,2.001866389469871,2.084579431353275,2.084729540223114,-0.17174851152380421,0.17180224112153597,0.17419454668711581,0.17544384358522336,-3.5317236690591627,3.534931860322676,3.556460139248124,3.5605132631445087,-0.6667092351038462,0.6668595285815533,0.6758066950845503,0.6758224709944356,-0.20044265196451408,0.2007102111579248,0.20350764490519155,0.20514706242597772,-3.4969546647727525,3.4998851507242073,3.521131606308038,3.5251915381148713,-0.6703501208946954,0.6707204185515394,0.6792635491859038,0.680101095520719,0.8843493078673654,6.21610656810953,0.9429444111158582,9.459341795846137e-08,0.00016100573003191362,0.34372992512841055,0.00034473125675604484,0.012688948291586143,0.586298995591721,-0.004722511177789189,-0.8865590909965468,0.0011500447479333464,243878.08709086533,87099.0546073248,176362.74810679254,155309.38243925487,0.03,31.85420881757568,92.0,1.0,0.010860916812525318,0.0007514961527859421,0.026789654777084858,1.4884324903252468,-1.0
rigid_high_stiffness,mid_2_10_hz,causal_polynomial,iv,True,True,20,0.0,0.0,-0.7119591411385249,0.7135560397857985,0.7501194078404928,0.752565335742063,-1.5601425351951863,1.5509369082743012,1.652741822055369,1.6695006111674993,-0.47765612611679875,0.4805959495260588,0.5267937654118244,0.5283862223191633,-0.2580014450278837,0.25812291867779386,0.2721624707327273,0.27695290661331123,-2.4406307617494165,2.4370434363417566,2.529479142688447,2.537182616010232,0.9224748111699312,0.9252897262647929,1.1132447648845647,1.1203791053719963,-0.20044265196451408,0.2007102111579248,0.20350764490519155,0.20514706242597772,-3.4969546647727525,3.4998851507242073,3.521131606308038,3.5251915381148713,-0.6703501208946954,0.6707204185515394,0.6792635491859038,0.680101095520719,0.46720863946275953,6.21610656810953,0.9429444111158582,9.459341795846137e-08,0.00016100573003191362,0.34372992512841055,0.00034473125675604484,0.012688948291586143,0.586298995591721,-0.004722511177789189,-0.8865590909965468,0.0011500447479333464,243878.08709086533,87099.0546073248,176362.74810679254,155309.38243925487,0.03,31.85420881757568,92.0,1.0,0.010860916812525318,0.0007514961527859421,0.026789654777084858,1.4884324903252468,0.6956387043539658
rigid_high_stiffness,mid_2_10_hz,alpha_beta_gamma,ols,True,True,20,0.0,0.0,-0.27725154222754356,0.2767718130807818,0.2860031959148857,0.2876656163986428,-2.4330398042176076,2.4329461468911706,2.451073942878693,2.4613908388391943,-0.2976403859616939,0.2972714522360942,0.3073409370520386,0.307704869938739,0.01441975792209935,0.014329429125524134,0.018269804707944544,0.019734285324214215,-3.0113379810473773,3.009625100836587,3.0274515594343367,3.033584931299092,0.42389885915031156,0.42302481367071376,0.443711730675559,0.4444706550391453,-0.09579273545945972,0.09545813222240712,0.09876565680132895,0.0999052195908694,-3.139605644629636,3.1390270734534993,3.1500451163535423,3.158976169716977,-0.28268740194002895,0.2842858615945971,0.29377672439608915,0.29389718505947116,0.26280784718133987,5.4266849227023695,0.8794523106604752,9.459341795846137e-08,0.00016100573003191362,0.34372992512841055,0.00034473125675604484,0.012688948291586143,0.586298995591721,-0.004722511177789189,-0.8865590909965468,0.0011500447479333464,243878.08709086533,87099.0546073248,176362.74810679254,155309.38243925487,0.045,39.309769377572536,24.0,1.0,0.010860916812525318,0.0007514961527859421,0.026789654777084858,1.4884324903252468,-1.0
rigid_high_stiffness,mid_2_10_hz,alpha_beta_gamma,tls,True,True,20,0.0,0.0,0.14347447135998237,0.1432902075658875,0.1629735834056922,0.16550960092746028,-3.589892486400987,3.5911839960855376,3.640171088498517,3.643672246349939,0.2244718855015547,0.22751555508409171,0.2425910888533563,0.24746215655282722,-0.03364079922630502,0.03362601332996068,0.03568877385179096,0.036373864631322514,-3.1887069006314155,3.1880197620382207,3.2000341727847013,3.209766498683079,-0.18321515386317455,0.18534603772215347,0.19522937612122673,0.19837247587265605,-0.09579273545945972,0.09545813222240712,0.09876565680132895,0.0999052195908694,-3.139605644629636,3.1390270734534993,3.1500451163535423,3.158976169716977,-0.28268740194002895,0.2842858615945971,0.29377672439608915,0.29389718505947116,0.3387329693148988,5.4266849227023695,0.8794523106604752,9.459341795846137e-08,0.00016100573003191362,0.34372992512841055,0.00034473125675604484,0.012688948291586143,0.586298995591721,-0.004722511177789189,-0.8865590909965468,0.0011500447479333464,243878.08709086533,87099.0546073248,176362.74810679254,155309.38243925487,0.045,39.309769377572536,24.0,1.0,0.010860916812525318,0.0007514961527859421,0.026789654777084858,1.4884324903252468,-1.0
rigid_high_stiffness,mid_2_10_hz,alpha_beta_gamma,iv,True,True,20,0.0,0.0,-0.3546711019742989,0.35491661800782504,0.37184820081714426,0.3813336177213658,-2.4744312497217336,2.474135438876342,2.525699680691059,2.544809719175098,-0.11895244569923165,0.11889980208766282,0.14067254390809564,0.1551369773050908,-0.1441353070561672,0.144402841889961,0.147954978392358,0.14914204202479914,-2.9552423626180957,2.953026101897774,2.9794458882473744,2.9826116250379253,0.13554402596186038,0.1349447945555009,0.1637183784198198,0.18362382201346827,-0.09579273545945972,0.09545813222240712,0.09876565680132895,0.0999052195908694,-3.139605644629636,3.1390270734534993,3.1500451163535423,3.158976169716977,-0.28268740194002895,0.2842858615945971,0.29377672439608915,0.29389718505947116,0.30242547962187294,5.4266849227023695,0.8794523106604752,9.459341795846137e-08,0.00016100573003191362,0.34372992512841055,0.00034473125675604484,0.012688948291586143,0.586298995591721,-0.004722511177789189,-0.8865590909965468,0.0011500447479333464,243878.08709086533,87099.0546073248,176362.74810679254,155309.38243925487,0.045,39.309769377572536,24.0,1.0,0.010860916812525318,0.0007514961527859421,0.026789654777084858,1.4884324903252468,0.47411711784345323
rigid_high_stiffness,mid_2_10_hz,centered_savitzky_golay,ols,False,True,20,0.0,0.0,0.05054076159036758,0.0486873524412556,0.07116576818166101,0.0725118742023169,-0.06038517956241489,0.056509978684538796,0.08073779296996736,0.0835504170147134,0.5305888241440565,0.5301974741437956,0.5644318482522964,0.5691891910609783,-0.1715183099648871,0.1718132947188205,0.17357117763840035,0.17381686407907418,-0.2588803054573742,0.26123210460860274,0.28265712247821756,0.28617779404429255,-0.3465287268752994,0.346489174990152,0.36078999771066395,0.362728212954444,-0.17666000142083765,0.1768193068342619,0.17851860548565113,0.17868561307683217,-0.27717057892959296,0.2783140609094237,0.2979143145708484,0.3044405486142592,-0.367034454170048,0.3664211981936605,0.3797001778627621,0.3802706852314923,0.05301918123388666,3.0763888286310905,0.8088476751201877,9.459341795846137e-08,0.00016100573003191362,0.34372992512841055,0.00034473125675604484,0.012688948291586143,0.586298995591721,-0.004722511177789189,-0.8865590909965468,0.0011500447479333464,243878.08709086533,87099.0546073248,176362.74810679254,155309.38243925487,0.0,47.06947881100554,92.0,1.0,0.010860916812525318,0.0007514961527859421,0.026789654777084858,1.4884324903252468,-1.0
rigid_high_stiffness,mid_2_10_hz,centered_savitzky_golay,tls,False,True,20,0.0,0.0,0.06503465252415042,0.06335053797755268,0.08424277658114175,0.08728112857592032,-0.05721054596589363,0.053407918592244474,0.07720980135406545,0.08035792819568162,0.5579504462192999,0.5569190799430006,0.5920385140304549,0.5935391234790768,-0.1731823582139522,0.17345982149833045,0.17519667492853128,0.1751976788694234,-0.2679740282910704,0.2697550349149253,0.2904688196444239,0.29548066597204775,-0.358016651707176,0.35770424854737837,0.3718744628943274,0.3724659876459381,-0.17666000142083765,0.1768193068342619,0.17851860548565113,0.17868561307683217,-0.27717057892959296,0.2783140609094237,0.2979143145708484,0.3044405486142592,-0.367034454170048,0.3664211981936605,0.3797001778627621,0.3802706852314923,0.05332229998326155,3.0763888286310905,0.8088476751201877,9.459341795846137e-08,0.00016100573003191362,0.34372992512841055,0.00034473125675604484,0.012688948291586143,0.586298995591721,-0.004722511177789189,-0.8865590909965468,0.0011500447479333464,243878.08709086533,87099.0546073248,176362.74810679254,155309.38243925487,0.0,47.06947881100554,92.0,1.0,0.010860916812525318,0.0007514961527859421,0.026789654777084858,1.4884324903252468,-1.0
rigid_high_stiffness,mid_2_10_hz,centered_savitzky_golay,iv,False,True,20,0.0,0.0,0.16806378547021375,0.17053480176513552,0.1931508209142109,0.19921034845792268,-0.036341150951237314,0.03269252406265695,0.061333155521742615,0.06334651017053208,0.7300142066391789,0.7376278400996537,0.7748637078926575,0.7758416112406792,-0.17828999802655027,0.17776075127826488,0.18117477266954585,0.1817779821896873,-0.3217974600568197,0.32349808045967315,0.35079204921533247,0.35815648474010203,-0.4217506127256073,0.42450277262596753,0.4365764472380418,0.43688671688385705,-0.17666000142083765,0.1768193068342619,0.17851860548565113,0.17868561307683217,-0.27717057892959296,0.2783140609094237,0.2979143145708484,0.3044405486142592,-0.367034454170048,0.3664211981936605,0.3797001778627621,0.3802706852314923,0.06941037298474347,3.0763888286310905,0.8088476751201877,9.459341795846137e-08,0.00016100573003191362,0.34372992512841055,0.00034473125675604484,0.012688948291586143,0.586298995591721,-0.004722511177789189,-0.8865590909965468,0.0011500447479333464,243878.08709086533,87099.0546073248,176362.74810679254,155309.38243925487,0.0,47.06947881100554,92.0,1.0,0.010860916812525318,0.0007514961527859421,0.026789654777084858,1.4884324903252468,0.7094315298717118
rigid_high_stiffness,high_5_15_hz,backward_difference,ols,True,True,20,0.0,1.0,-0.864028722154614,0.8654519984491196,0.8699802560252043,0.873411320090009,-0.540646349987189,0.5440109592261941,0.5775250340342218,0.5951761108818556,-1.0162458208633403,1.016430981427657,1.01895877708524,1.018980316415366,1000000000.0,1000000000.0,1000000000.0,1000000000.0,1000000000.0,1000000000.0,1000000000.0,1000000000.0,1000000000.0,1000000000.0,1000000000.0,1000000000.0,1000000000.0,1000000000.0,1000000000.0,1000000000.0,1000000000.0,1000000000.0,1000000000.0,1000000000.0,1000000000.0,1000000000.0,1000000000.0,1000000000.0,0.4727906572938285,2.347462506675461,0.6833520649326437,5.758791071685763e-08,0.00013210965171487997,0.40106703405820876,0.0002866674194509957,0.011495348425578682,0.6332989419361946,-0.012676664859680133,-0.8770025101649527,-0.00027246148819721377,205363.26878282565,71488.69335994052,250567.76209267852,154369.59827083268,0.005,0.0,8.0,1.0,0.009668677955180068,0.0007449371748183313,0.026791469913534163,1.5050394312758997,-1.0
rigid_high_stiffness,high_5_15_hz,backward_difference,tls,True,True,20,0.0,1.0,-1.725276125120778,1.7126290616384563,1.88416329327925,1.900231697861911,5.376646623764826,5.412113012508019,5.978818700250578,6.204267272672,-1.4408970968820458,1.440088702273562,1.496460758859112,1.5076317575751632,1000000000.0,1000000000.0,1000000000.0,1000000000.0,1000000000.0,1000000000.0,1000000000.0,1000000000.0,1000000000.0,1000000000.0,1000000000.0,1000000000.0,1000000000.0,1000000000.0,1000000000.0,1000000000.0,1000000000.0,1000000000.0,1000000000.0,1000000000.0,1000000000.0,1000000000.0,1000000000.0,1000000000.0,1.751304824219507,2.347462506675461,0.6833520649326437,5.758791071685763e-08,0.00013210965171487997,0.40106703405820876,0.0002866674194509957,0.011495348425578682,0.6332989419361946,-0.012676664859680133,-0.8770025101649527,-0.00027246148819721377,205363.26878282565,71488.69335994052,250567.76209267852,154369.59827083268,0.005,0.0,8.0,1.0,0.009668677955180068,0.0007449371748183313,0.026791469913534163,1.5050394312758997,-1.0
rigid_high_stiffness,high_5_15_hz,backward_difference,iv,True,True,20,0.0,0.0,0.11907895586801602,0.18188768128604005,0.4464643033247209,0.6963348350325864,-0.78482918233245,0.7366638305356019,1.0933062275768788,1.1413057099273447,0.14811552681740317,0.12960250163869957,0.37051987022483535,0.5664672142753262,-0.017588872233795648,0.028439764627230045,0.08172821803173624,0.08291486394961854,-0.7824547876664213,0.7677587404713098,1.0664346117076773,1.086684862807484,-0.1125667434236159,0.11471174512712012,0.269657859186727,0.3616208555870627,1000000000.0,1000000000.0,1000000000.0,1000000000.0,1000000000.0,1000000000.0,1000000000.0,1000000000.0,1000000000.0,1000000000.0,1000000000.0,1000000000.0,5.596153940652107,2.347462506675461,0.6833520649326437,5.758791071685763e-08,0.00013210965171487997,0.40106703405820876,0.0002866674194509957,0.011495348425578682,0.6332989419361946,-0.012676664859680133,-0.8770025101649527,-0.00027246148819721377,205363.26878282565,71488.69335994052,250567.76209267852,154369.59827083268,0.005,0.0,8.0,1.0,0.009668677955180068,0.0007449371748183313,0.026791469913534163,1.5050394312758997,0.015190000399289522
rigid_high_stiffness,high_5_15_hz,causal_low_pass,ols,True,True,20,0.0,0.0,-0.5624521609816162,0.564417537035866,0.5740935603234586,0.5772355279669898,-0.4275011984940815,0.4278477775707293,0.45818454183347807,0.46393575935965947,-0.8748511155817592,0.8707774910628405,0.8939456984727893,0.8941590637049188,0.876060309900575,0.8435239578156197,1.007929964747354,1.0105632308451602,1.4590714286719932,1.4305792308052296,1.7284744455406167,1.7333254216961709,7.073510713289485,6.738611047405046,8.429133934548481,8.44814015261573,-0.0588514656941959,0.05881349979971431,0.06592202818166999,0.06679621617562076,-1.9000496784006522,1.8795203372856235,2.0837833416438714,2.093496208091827,-0.28803219291077065,0.2842841630977633,0.3252702192250103,0.33541175467212625,0.31702958019901445,1.5809658134226205,0.3616961669418821,5.758791071685763e-08,0.00013210965171487997,0.40106703405820876,0.0002866674194509957,0.011495348425578682,0.6332989419361946,-0.012676664859680133,-0.8770025101649527,-0.00027246148819721377,205363.26878282565,71488.69335994052,250567.76209267852,154369.59827083268,0.015,16.104260735643756,20.0,1.0,0.009668677955180068,0.0007449371748183313,0.026791469913534163,1.5050394312758997,-1.0
rigid_high_stiffness,high_5_15_hz,causal_low_pass,tls,True,True,20,0.0,0.0,-0.13499534182707282,0.13612395425560675,0.16629145049732666,0.1777364813765414,-0.6653273715059813,0.6659466490816259,0.7178863501752089,0.7392006508259671,-0.6730870290025714,0.6669288328632541,0.7072492921158461,0.7123137718988843,0.629548304538158,0.6089726625217944,0.7107019485810083,0.7163739682300853,-0.3669883607256009,0.3604392513990187,0.5077667406800465,0.5224599996128942,2.076266249002565,2.0023615767120564,2.415930302524268,2.476009284839735,-0.0588514656941959,0.05881349979971431,0.06592202818166999,0.06679621617562076,-1.9000496784006522,1.8795203372856235,2.0837833416438714,2.093496208091827,-0.28803219291077065,0.2842841630977633,0.3252702192250103,0.33541175467212625,0.38481158195618054,1.5809658134226205,0.3616961669418821,5.758791071685763e-08,0.00013210965171487997,0.40106703405820876,0.0002866674194509957,0.011495348425578682,0.6332989419361946,-0.012676664859680133,-0.8770025101649527,-0.00027246148819721377,205363.26878282565,71488.69335994052,250567.76209267852,154369.59827083268,0.015,16.104260735643756,20.0,1.0,0.009668677955180068,0.0007449371748183313,0.026791469913534163,1.5050394312758997,-1.0
rigid_high_stiffness,high_5_15_hz,causal_low_pass,iv,True,True,20,0.0,0.0,0.019196333652600872,0.049521423567833206,0.10606253021339135,0.13408021208040372,-0.7008462729194889,0.7178031822767419,0.7594341196863427,0.7696687215885388,0.08602538530148751,0.09369275455839698,0.14976556498551397,0.16647407248699908,-0.03160226731313976,0.03064674708786431,0.04781928583325627,0.04950209638452604,-0.7130854143281584,0.7364098312608525,0.7850236874582708,0.7997403343840257,-0.0772840580499774,0.08565947319021577,0.13024794404269657,0.1427156217300788,-0.0588514656941959,0.05881349979971431,0.06592202818166999,0.06679621617562076,-1.9000496784006522,1.8795203372856235,2.0837833416438714,2.093496208091827,-0.28803219291077065,0.2842841630977633,0.3252702192250103,0.33541175467212625,0.8485181938574011,1.5809658134226205,0.3616961669418821,5.758791071685763e-08,0.00013210965171487997,0.40106703405820876,0.0002866674194509957,0.011495348425578682,0.6332989419361946,-0.012676664859680133,-0.8770025101649527,-0.00027246148819721377,205363.26878282565,71488.69335994052,250567.76209267852,154369.59827083268,0.015,16.104260735643756,20.0,1.0,0.009668677955180068,0.0007449371748183313,0.026791469913534163,1.5050394312758997,0.20718238373730058
rigid_high_stiffness,high_5_15_hz,causal_polynomial,ols,True,True,20,0.0,0.0,-0.6420379148810189,0.6425443765347754,0.6701713219523493,0.6747153392231386,-2.4895799294971908,2.4902021586052325,2.554913484895274,2.5832481079684535,-0.3416123158521501,0.34005842541295905,0.37566314835347203,0.3781364840881736,-0.2628120799428162,0.2608952103850239,0.2720912129534814,0.2807004690142031,-4.070781841167632,4.063644294684622,4.170224172122762,4.240841930081249,0.5207394216671744,0.515327479118431,0.6017007909508102,0.6080698970315366,-0.22301542449987521,0.2226207068827193,0.2273070657099887,0.2281833415582811,-3.96301996680648,3.9597267490537478,3.993498044221473,4.002302705332271,-0.8574273662943679,0.8588929335141877,0.8629142177998649,0.8658515586147288,0.605824344085963,7.446575344521399,0.9557519392588707,5.758791071685763e-08,0.00013210965171487997,0.40106703405820876,0.0002866674194509957,0.011495348425578682,0.6332989419361946,-0.012676664859680133,-0.8770025101649527,-0.00027246148819721377,205363.26878282565,71488.69335994052,250567.76209267852,154369.59827083268,0.035,31.85420881757568,92.0,1.0,0.009668677955180068,0.0007449371748183313,0.026791469913534163,1.5050394312758997,-1.0
rigid_high_stiffness,high_5_15_hz,causal_polynomial,tls,True,True,20,0.0,0.0,3.5625533338341193,3.618636522788812,3.7537198714062447,3.773239188416737,-17.683105322358905,17.841684014336586,18.317034108326986,18.71951368425392,5.897474706644096,5.968827469376275,6.128499429334633,6.259851535892113,-0.18670044905718033,0.18642651309565278,0.19053247039816934,0.19098766478946647,-3.973788730910141,3.9707504547973436,4.002691192079822,4.010102815183618,-0.8548604260814594,0.8565038366365367,0.8597155581461047,0.8622561363609047,-0.22301542449987521,0.2226207068827193,0.2273070657099887,0.2281833415582811,-3.96301996680648,3.9597267490537478,3.993498044221473,4.002302705332271,-0.8574273662943679,0.8588929335141877,0.8629142177998649,0.8658515586147288,1.9884595182506675,7.446575344521399,0.9557519392588707,5.758791071685763e-08,0.00013210965171487997,0.40106703405820876,0.0002866674194509957,0.011495348425578682,0.6332989419361946,-0.012676664859680133,-0.8770025101649527,-0.00027246148819721377,205363.26878282565,71488.69335994052,250567.76209267852,154369.59827083268,0.035,31.85420881757568,92.0,1.0,0.009668677955180068,0.0007449371748183313,0.026791469913534163,1.5050394312758997,-1.0
rigid_high_stiffness,high_5_15_hz,causal_polynomial,iv,True,True,20,0.0,1.0,-2.3941131624841843,2.39338078258895,2.5069166411216766,2.5442905194956116,2.0617491432585116,2.08842134899309,2.370234148990295,2.5174452804272023,-2.118891815300241,2.1316141911846422,2.2480597674144875,2.3169556933556805,1000000000.0,1000000000.0,1000000000.0,1000000000.0,1000000000.0,1000000000.0,1000000000.0,1000000000.0,1000000000.0,1000000000.0,1000000000.0,1000000000.0,-0.22301542449987521,0.2226207068827193,0.2273070657099887,0.2281833415582811,-3.96301996680648,3.9597267490537478,3.993498044221473,4.002302705332271,-0.8574273662943679,0.8588929335141877,0.8629142177998649,0.8658515586147288,0.8980143588369913,7.446575344521399,0.9557519392588707,5.758791071685763e-08,0.00013210965171487997,0.40106703405820876,0.0002866674194509957,0.011495348425578682,0.6332989419361946,-0.012676664859680133,-0.8770025101649527,-0.00027246148819721377,205363.26878282565,71488.69335994052,250567.76209267852,154369.59827083268,0.035,31.85420881757568,92.0,1.0,0.009668677955180068,0.0007449371748183313,0.026791469913534163,1.5050394312758997,0.6998619691237377
rigid_high_stiffness,high_5_15_hz,alpha_beta_gamma,ols,True,True,20,0.0,0.0,-0.3264676429711719,0.32879338023652704,0.3344889471530397,0.34718042770237706,-2.463182458026935,2.454900045125398,2.5010476590200814,2.5091766248320737,-0.34602696228456986,0.3490095512041602,0.35878203422528226,0.368289497455045,0.014860964224525805,0.014513355606969987,0.01742049415582048,0.02016180997053817,-3.2046998517794676,3.204977365477091,3.2181906721176703,3.219951939107704,0.5295012431621007,0.5361213705574198,0.5595504012490754,0.5830036004963146,-0.11509030831982522,0.11473291162391686,0.12105140486994023,0.12116024234600936,-3.335945811941728,3.3345238624581173,3.349606718690086,3.350033179662036,-0.47099270031271556,0.4708813601014832,0.4848200813322787,0.49524170642655463,0.3022909784837623,5.767662117537679,0.8767446627922175,5.758791071685763e-08,0.00013210965171487997,0.40106703405820876,0.0002866674194509957,0.011495348425578682,0.6332989419361946,-0.012676664859680133,-0.8770025101649527,-0.00027246148819721377,205363.26878282565,71488.69335994052,250567.76209267852,154369.59827083268,0.045,39.30976937757255,24.0,1.0,0.009668677955180068,0.0007449371748183313,0.026791469913534163,1.5050394312758997,-1.0
rigid_high_stiffness,high_5_15_hz,alpha_beta_gamma,tls,True,True,20,0.0,0.0,0.539596938381049,0.5426919573140535,0.5794339044296911,0.5905249771822375,-4.821569780853041,4.826394826562358,4.913727021019914,4.974508024641421,0.6220667858103633,0.6244851008210041,0.6597794388544922,0.6807753177960314,-0.025757503316291074,0.02566502100291203,0.028368177902984886,0.02895966566519368,-3.418239704046358,3.4159959658187216,3.433251964149663,3.435768203881412,-0.38331290742803814,0.38442011932464704,0.3975052956452597,0.40503647964602374,-0.11509030831982522,0.11473291162391686,0.12105140486994023,0.12116024234600936,-3.335945811941728,3.3345238624581173,3.349606718690086,3.350033179662036,-0.47099270031271556,0.4708813601014832,0.4848200813322787,0.49524170642655463,0.46742703043431577,5.767662117537679,0.8767446627922175,5.758791071685763e-08,0.00013210965171487997,0.40106703405820876,0.0002866674194509957,0.011495348425578682,0.6332989419361946,-0.012676664859680133,-0.8770025101649527,-0.00027246148819721377,205363.26878282565,71488.69335994052,250567.76209267852,154369.59827083268,0.045,39.30976937757255,24.0,1.0,0.009668677955180068,0.0007449371748183313,0.026791469913534163,1.5050394312758997,-1.0
rigid_high_stiffness,high_5_15_hz,alpha_beta_gamma,iv,True,True,20,0.0,1.0,-1.3441607052291165,1.338307911183557,1.4212862040012328,1.4329235943555256,-0.0032433354929195315,0.07315556074942461,0.22425390862649797,0.2456718732437743,-1.2277551257260493,1.2244902613966175,1.3170235157806602,1.3265933441022035,1000000000.0,1000000000.0,1000000000.0,1000000000.0,1000000000.0,1000000000.0,1000000000.0,1000000000.0,1000000000.0,1000000000.0,1000000000.0,1000000000.0,-0.11509030831982522,0.11473291162391686,0.12105140486994023,0.12116024234600936,-3.335945811941728,3.3345238624581173,3.349606718690086,3.350033179662036,-0.47099270031271556,0.4708813601014832,0.4848200813322787,0.49524170642655463,0.4913217266202721,5.767662117537679,0.8767446627922175,5.758791071685763e-08,0.00013210965171487997,0.40106703405820876,0.0002866674194509957,0.011495348425578682,0.6332989419361946,-0.012676664859680133,-0.8770025101649527,-0.00027246148819721377,205363.26878282565,71488.69335994052,250567.76209267852,154369.59827083268,0.045,39.30976937757255,24.0,1.0,0.009668677955180068,0.0007449371748183313,0.026791469913534163,1.5050394312758997,0.6179039267684527
rigid_high_stiffness,high_5_15_hz,centered_savitzky_golay,ols,False,True,20,0.0,0.0,0.03623328639700907,0.03816061623788005,0.06299660026577895,0.0682489685039493,-0.10170083526224823,0.10202671856027665,0.11824586688590935,0.12141507361292732,0.5615399333779859,0.5628360263910572,0.5910966275933983,0.618951353600842,-0.18538405163352298,0.18547432471873784,0.18772082524873,0.1882191451527904,-0.29368869247754964,0.29284631169829367,0.308234266254243,0.31695658673945876,-0.3594532294713233,0.3601374914456615,0.3714926860102252,0.38231621489069556,-0.19163926562802727,0.19178528974978504,0.1936695207552813,0.19460382546492364,-0.31834938929303463,0.3169655929327943,0.33313851878148776,0.33829293035691754,-0.38665373851712304,0.3870143945799587,0.39972439590208053,0.40564458873166664,0.05977338175629344,2.742063519389163,0.7652251657639897,5.758791071685763e-08,0.00013210965171487997,0.40106703405820876,0.0002866674194509957,0.011495348425578682,0.6332989419361946,-0.012676664859680133,-0.8770025101649527,-0.00027246148819721377,205363.26878282565,71488.69335994052,250567.76209267852,154369.59827083268,0.0,47.06947881100554,92.0,1.0,0.009668677955180068,0.0007449371748183313,0.026791469913534163,1.5050394312758997,-1.0
rigid_high_stiffness,high_5_15_hz,centered_savitzky_golay,tls,False,True,20,0.0,0.0,0.05871304356551167,0.05944643910950197,0.08420371939159016,0.08942684664324566,-0.0967398205527878,0.09712124704457148,0.11266376924278415,0.11629432655334782,0.6011059416647281,0.6025678329234432,0.6339079571111698,0.6561090405844361,-0.18683401994412394,0.1870223992425242,0.18897463886678986,0.1896891735429504,-0.3061170934562497,0.3044961735192939,0.320918836524223,0.3279672845946033,-0.3752994439141525,0.3760012672883485,0.3879645487928582,0.3961750250170104,-0.19163926562802727,0.19178528974978504,0.1936695207552813,0.19460382546492364,-0.31834938929303463,0.3169655929327943,0.33313851878148776,0.33829293035691754,-0.38665373851712304,0.3870143945799587,0.39972439590208053,0.40564458873166664,0.060269171289244514,2.742063519389163,0.7652251657639897,5.758791071685763e-08,0.00013210965171487997,0.40106703405820876,0.0002866674194509957,0.011495348425578682,0.6332989419361946,-0.012676664859680133,-0.8770025101649527,-0.00027246148819721377,205363.26878282565,71488.69335994052,250567.76209267852,154369.59827083268,0.0,47.06947881100554,92.0,1.0,0.009668677955180068,0.0007449371748183313,0.026791469913534163,1.5050394312758997,-1.0
rigid_high_stiffness,high_5_15_hz,centered_savitzky_golay,iv,False,True,20,0.0,0.0,0.3881826104056264,0.3889382130069333,0.4357366243237185,0.4505029963970921,-0.08656515404419568,0.08897525877089157,0.1040523370516675,0.10496117210482883,1.0625376162345943,1.0610730088959652,1.1259925706157181,1.1638052386984903,-0.17961600472000305,0.17965279134204912,0.1815544141331268,0.18251668701250093,-0.4599068056920855,0.46109433580474224,0.48400842809836997,0.4863987197237588,-0.5149685971501816,0.5148138225377964,0.5296237684172571,0.5378511974573594,-0.19163926562802727,0.19178528974978504,0.1936695207552813,0.19460382546492364,-0.31834938929303463,0.3169655929327943,0.33313851878148776,0.33829293035691754,-0.38665373851712304,0.3870143945799587,0.39972439590208053,0.40564458873166664,0.13279143964840456,2.742063519389163,0.7652251657639897,5.758791071685763e-08,0.00013210965171487997,0.40106703405820876,0.0002866674194509957,0.011495348425578682,0.6332989419361946,-0.012676664859680133,-0.8770025101649527,-0.00027246148819721377,205363.26878282565,71488.69335994052,250567.76209267852,154369.59827083268,0.0,47.06947881100554,92.0,1.0,0.009668677955180068,0.0007449371748183313,0.026791469913534163,1.5050394312758997,0.5414377182669674
rigid_high_stiffness,wide_0p5_20_hz,backward_difference,ols,True,True,20,0.0,1.0,-0.6068430088132204,0.6057427729454394,0.614872026652489,0.6166432318147234,-0.7761931635978038,0.7776394254911989,0.8034910746356859,0.811449007626794,-1.0069011887964725,1.0068946004135875,1.0088480874207315,1.0094836226922625,1000000000.0,1000000000.0,1000000000.0,1000000000.0,1000000000.0,1000000000.0,1000000000.0,1000000000.0,1000000000.0,1000000000.0,1000000000.0,1000000000.0,1000000000.0,1000000000.0,1000000000.0,1000000000.0,1000000000.0,1000000000.0,1000000000.0,1000000000.0,1000000000.0,1000000000.0,1000000000.0,1000000000.0,0.4588144652626571,2.5804310178358216,0.7321895956598827,4.659985792628696e-08,8.545980419662277e-05,0.27667364535515127,0.00027434582756521487,0.009244709657311388,0.5260016957704894,-0.0037685658782606883,-0.754985958888195,0.00013452389464442302,262308.23274777783,46232.32190048998,241076.38774030408,142989.48459190212,0.005,0.0,8.0,0.9999999971575539,0.00685986724776512,0.0007258048327494045,0.026635253235105145,1.4438363237798117,-1.0
rigid_high_stiffness,wide_0p5_20_hz,backward_difference,tls,True,True,20,0.0,1.0,-2.816584778046004,2.8721483744934684,3.329668263854252,3.3819233870952994,20.26335271535142,20.18894340084497,24.286714203823458,24.988613089126943,-2.4277787981221968,2.449082354563233,2.7330799251217535,2.779481415715863,1000000000.0,1000000000.0,1000000000.0,1000000000.0,1000000000.0,1000000000.0,1000000000.0,1000000000.0,1000000000.0,1000000000.0,1000000000.0,1000000000.0,1000000000.0,1000000000.0,1000000000.0,1000000000.0,1000000000.0,1000000000.0,1000000000.0,1000000000.0,1000000000.0,1000000000.0,1000000000.0,1000000000.0,5.193292192868018,2.5804310178358216,0.7321895956598827,4.659985792628696e-08,8.545980419662277e-05,0.27667364535515127,0.00027434582756521487,0.009244709657311388,0.5260016957704894,-0.0037685658782606883,-0.754985958888195,0.00013452389464442302,262308.23274777783,46232.32190048998,241076.38774030408,142989.48459190212,0.005,0.0,8.0,0.9999999971575539,0.00685986724776512,0.0007258048327494045,0.026635253235105145,1.4438363237798117,-1.0
rigid_high_stiffness,wide_0p5_20_hz,backward_difference,iv,True,True,20,0.0,0.0,0.018699011419041685,0.06365840390056388,0.2203000713369473,0.35674963308280533,-0.7952873579901669,0.8184897023384947,1.0593869800699272,1.1304164782456578,0.07191467529679521,0.09950839844202014,0.19448436101876923,0.29009600991580164,-0.02519553066539313,0.03398281057184907,0.0730872565572972,0.10109872053135303,-0.7963636211983548,0.8292783279941529,1.054778409957935,1.0985760918178749,-0.0592000274462212,0.09716957429355444,0.16255618155426854,0.2248638920561694,1000000000.0,1000000000.0,1000000000.0,1000000000.0,1000000000.0,1000000000.0,1000000000.0,1000000000.0,1000000000.0,1000000000.0,1000000000.0,1000000000.0,5.348311848909681,2.5804310178358216,0.7321895956598827,4.659985792628696e-08,8.545980419662277e-05,0.27667364535515127,0.00027434582756521487,0.009244709657311388,0.5260016957704894,-0.0037685658782606883,-0.754985958888195,0.00013452389464442302,262308.23274777783,46232.32190048998,241076.38774030408,142989.48459190212,0.005,0.0,8.0,0.9999999971575539,0.00685986724776512,0.0007258048327494045,0.026635253235105145,1.4438363237798117,0.010345811863576979
rigid_high_stiffness,wide_0p5_20_hz,causal_low_pass,ols,True,True,20,0.0,0.0,-0.3690974509144927,0.3675301550462915,0.3782883348972518,0.380882058215941,-0.5174297408388767,0.5177301456047791,0.5484473492670048,0.5548135793162594,-0.8983023169846149,0.8976726179387446,0.9168914948194824,0.9169619537384754,1.5019699632908865,1.4754040413285012,1.7394275774776626,1.7472278897223092,0.9163729869950318,0.8986003654831536,1.1385894429202328,1.211923712328434,8.957060757125376,8.772735893458176,11.03246329226545,11.042672546154872,-0.10456857850381958,0.10662262412682193,0.11821493684228027,0.12027774620823638,-2.4456517547178462,2.405409413360896,2.70964115011135,2.7348000732052538,-0.3246426253284554,0.3196180861299922,0.3687844745509864,0.3750557109221724,0.29004295801671975,1.4815201730220764,0.30625590661874613,4.659985792628696e-08,8.545980419662277e-05,0.27667364535515127,0.00027434582756521487,0.009244709657311388,0.5260016957704894,-0.0037685658782606883,-0.754985958888195,0.00013452389464442302,262308.23274777783,46232.32190048998,241076.38774030408,142989.48459190212,0.015,16.104260735643756,20.0,0.9999999971575539,0.00685986724776512,0.0007258048327494045,0.026635253235105145,1.4438363237798117,-1.0
rigid_high_stiffness,wide_0p5_20_hz,causal_low_pass,tls,True,True,20,0.0,0.0,-0.11841581173725586,0.12109984255424842,0.1301570295383742,0.1345624243229663,-0.6134483780335062,0.6194822771086399,0.6660834899601493,0.668483672883082,-0.815775031076963,0.8142110653005064,0.8456756132675723,0.8459858716910256,1.1956569916935682,1.1706727656456395,1.3778089114388572,1.3862452898338866,-0.03442104943343761,0.09401039188759039,0.21500890317596807,0.2299463112328194,4.484308941740727,4.382782923373571,5.479858655571461,5.4929108191545675,-0.10456857850381958,0.10662262412682193,0.11821493684228027,0.12027774620823638,-2.4456517547178462,2.405409413360896,2.70964115011135,2.7348000732052538,-0.3246426253284554,0.3196180861299922,0.3687844745509864,0.3750557109221724,0.31627995653511576,1.4815201730220764,0.30625590661874613,4.659985792628696e-08,8.545980419662277e-05,0.27667364535515127,0.00027434582756521487,0.009244709657311388,0.5260016957704894,-0.0037685658782606883,-0.754985958888195,0.00013452389464442302,262308.23274777783,46232.32190048998,241076.38774030408,142989.48459190212,0.015,16.104260735643756,20.0,0.9999999971575539,0.00685986724776512,0.0007258048327494045,0.026635253235105145,1.4438363237798117,-1.0
rigid_high_stiffness,wide_0p5_20_hz,causal_low_pass,iv,True,True,20,0.0,0.0,0.014208707133068332,0.024567792237792162,0.06932898013864723,0.08498617254837268,-0.6565435650240057,0.678367646545675,0.7261354679747034,0.7966956739391173,0.09139634294212742,0.09432822592829715,0.1512141307683339,0.16679196670417618,-0.0358061521677275,0.03393881633912174,0.06223197159004782,0.06439813813556573,-0.6726889544220798,0.6918997150215793,0.750598771921196,0.807422216011431,-0.08233595601101203,0.08618980238314744,0.13134360625897498,0.14294919014167673,-0.10456857850381958,0.10662262412682193,0.11821493684228027,0.12027774620823638,-2.4456517547178462,2.405409413360896,2.70964115011135,2.7348000732052538,-0.3246426253284554,0.3196180861299922,0.3687844745509864,0.3750557109221724,0.8426459259746811,1.4815201730220764,0.30625590661874613,4.659985792628696e-08,8.545980419662277e-05,0.27667364535515127,0.00027434582756521487,0.009244709657311388,0.5260016957704894,-0.0037685658782606883,-0.754985958888195,0.00013452389464442302,262308.23274777783,46232.32190048998,241076.38774030408,142989.48459190212,0.015,16.104260735643756,20.0,0.9999999971575539,0.00685986724776512,0.0007258048327494045,0.026635253235105145,1.4438363237798117,0.12455906300450198
rigid_high_stiffness,wide_0p5_20_hz,causal_polynomial,ols,True,True,20,0.0,0.0,-0.4290507940272482,0.4278065208779923,0.4383277546823382,0.44529882137977483,-2.7452474082665317,2.740437336474539,2.784367770087473,2.792540935119761,-0.2781942972836863,0.28271146653690593,0.3024479947904219,0.3108805040153655,-0.11052404057653935,0.11059065227745202,0.11975402892491252,0.11997170427589482,-3.7188519529684796,3.7171328030131146,3.747418499804324,3.777354800229337,0.38610786899084415,0.39413945779942283,0.43359602312718515,0.45112713517293557,-0.3190098993700331,0.31824266354220054,0.3254180210947664,0.32673803885780095,-4.191212953821101,4.18887243590491,4.216152769032207,4.2303024950074954,-0.837138576050803,0.8368135107306856,0.842102221868554,0.8429168358250578,0.5488989909864141,5.730526116980142,0.9316543641479231,4.659985792628696e-08,8.545980419662277e-05,0.27667364535515127,0.00027434582756521487,0.009244709657311388,0.5260016957704894,-0.0037685658782606883,-0.754985958888195,0.00013452389464442302,262308.23274777783,46232.32190048998,241076.38774030408,142989.48459190212,0.035,31.85420881757568,92.0,0.9999999971575539,0.00685986724776512,0.0007258048327494045,0.026635253235105145,1.4438363237798117,-1.0
rigid_high_stiffness,wide_0p5_20_hz,causal_polynomial,tls,True,True,20,0.0,0.0,1.8010667485113003,1.798203345757126,1.8950019906185667,1.9065545371260073,-13.302774425859539,13.306482095607384,13.662955928169147,13.695538466354382,4.268721050737181,4.267861832118504,4.4281555984791225,4.428330001451952,-0.27089600962959853,0.2700002864978149,0.27715189140328467,0.2774404629165532,-4.202619790336288,4.200348295618918,4.22635680513437,4.240259477022326,-0.8101276733390208,0.8101694000890962,0.8157753620153202,0.8157812808483413,-0.3190098993700331,0.31824266354220054,0.3254180210947664,0.32673803885780095,-4.191212953821101,4.18887243590491,4.216152769032207,4.2303024950074954,-0.837138576050803,0.8368135107306856,0.842102221868554,0.8429168358250578,1.412483247482096,5.730526116980142,0.9316543641479231,4.659985792628696e-08,8.545980419662277e-05,0.27667364535515127,0.00027434582756521487,0.009244709657311388,0.5260016957704894,-0.0037685658782606883,-0.754985958888195,0.00013452389464442302,262308.23274777783,46232.32190048998,241076.38774030408,142989.48459190212,0.035,31.85420881757568,92.0,0.9999999971575539,0.00685986724776512,0.0007258048327494045,0.026635253235105145,1.4438363237798117,-1.0
rigid_high_stiffness,wide_0p5_20_hz,causal_polynomial,iv,True,True,20,0.0,1.0,-1.1255642030203983,1.124939835122682,1.1542402001767091,1.1602488746086927,-1.1356332555156063,1.1249040421067449,1.2913855077858198,1.2937044121546344,-0.8808394098236649,0.8825515107312827,0.9428060897512678,0.9492586715035738,1000000000.0,1000000000.0,1000000000.0,1000000000.0,1000000000.0,1000000000.0,1000000000.0,1000000000.0,1000000000.0,1000000000.0,1000000000.0,1000000000.0,-0.3190098993700331,0.31824266354220054,0.3254180210947664,0.32673803885780095,-4.191212953821101,4.18887243590491,4.216152769032207,4.2303024950074954,-0.837138576050803,0.8368135107306856,0.842102221868554,0.8429168358250578,0.6260078080341972,5.730526116980142,0.9316543641479231,4.659985792628696e-08,8.545980419662277e-05,0.27667364535515127,0.00027434582756521487,0.009244709657311388,0.5260016957704894,-0.0037685658782606883,-0.754985958888195,0.00013452389464442302,262308.23274777783,46232.32190048998,241076.38774030408,142989.48459190212,0.035,31.85420881757568,92.0,0.9999999971575539,0.00685986724776512,0.0007258048327494045,0.026635253235105145,1.4438363237798117,0.530796478278087
rigid_high_stiffness,wide_0p5_20_hz,alpha_beta_gamma,ols,True,True,20,0.0,0.0,-0.21669062412273665,0.2170307935088192,0.2260718887752581,0.22764705588155026,-2.640065803188707,2.6389004551114494,2.659696085773258,2.670108654822878,-0.2864130269723164,0.2864614986807066,0.294661870516404,0.30422742251317914,0.04773182791975494,0.046753762564235475,0.05378492686717652,0.054034275805016914,-3.1937152293618913,3.192377148649744,3.2078705121312314,3.2142229249398695,0.40151010271342863,0.40146736678811323,0.4177736382024265,0.43725124035797713,-0.17428555285365716,0.17438134017999304,0.17834011733269992,0.1784058025603713,-3.298466671340132,3.298068166214973,3.3064945291130505,3.313605834766237,-0.45548728143476325,0.4556315430372102,0.46851662989793147,0.47069030199497064,0.2660199291747294,4.275797963211839,0.8269327657499106,4.659985792628696e-08,8.545980419662277e-05,0.27667364535515127,0.00027434582756521487,0.009244709657311388,0.5260016957704894,-0.0037685658782606883,-0.754985958888195,0.00013452389464442302,262308.23274777783,46232.32190048998,241076.38774030408,142989.48459190212,0.045,39.30976937757255,24.0,0.9999999971575539,0.00685986724776512,0.0007258048327494045,0.026635253235105145,1.4438363237798117,-1.0
rigid_high_stiffness,wide_0p5_20_hz,alpha_beta_gamma,tls,True,True,20,0.0,0.0,0.21665558585412548,0.21509638668593356,0.24125862005345158,0.2451075539912597,-4.052766308262152,4.053793292730786,4.116319893623437,4.134468215360265,0.35952180844144127,0.35949553209885254,0.39139979635497546,0.39288116988499455,-0.05399846411858896,0.05424037134856302,0.05774368827374259,0.05804351431731156,-3.3736552862253726,3.3731647020648015,3.3836145418518115,3.3905496116065694,-0.2643305148041939,0.264432048945877,0.2812992626432858,0.2820636665778412,-0.17428555285365716,0.17438134017999304,0.17834011733269992,0.1784058025603713,-3.298466671340132,3.298068166214973,3.3064945291130505,3.313605834766237,-0.45548728143476325,0.4556315430372102,0.46851662989793147,0.47069030199497064,0.3434188534033597,4.275797963211839,0.8269327657499106,4.659985792628696e-08,8.545980419662277e-05,0.27667364535515127,0.00027434582756521487,0.009244709657311388,0.5260016957704894,-0.0037685658782606883,-0.754985958888195,0.00013452389464442302,262308.23274777783,46232.32190048998,241076.38774030408,142989.48459190212,0.045,39.30976937757255,24.0,0.9999999971575539,0.00685986724776512,0.0007258048327494045,0.026635253235105145,1.4438363237798117,-1.0
rigid_high_stiffness,wide_0p5_20_hz,alpha_beta_gamma,iv,True,True,20,0.0,0.0,-0.38422698330162763,0.387622185349624,0.4022491833229441,0.40372924718216485,-2.717670412303811,2.7024724943966647,2.810823886657825,2.823742307075878,-0.05170087805655843,0.061074779733033324,0.09105424045463639,0.09611185338195227,-0.1940377080418934,0.19249624160601123,0.20388934132204448,0.20410039403142727,-3.247634594490891,3.247877566571725,3.2782736889307005,3.2784252491291563,0.05573643190612469,0.0650502493839964,0.10017746126631902,0.1063315784608534,-0.17428555285365716,0.17438134017999304,0.17834011733269992,0.1784058025603713,-3.298466671340132,3.298068166214973,3.3064945291130505,3.313605834766237,-0.45548728143476325,0.4556315430372102,0.46851662989793147,0.47069030199497064,0.3114761714812794,4.275797963211839,0.8269327657499106,4.659985792628696e-08,8.545980419662277e-05,0.27667364535515127,0.00027434582756521487,0.009244709657311388,0.5260016957704894,-0.0037685658782606883,-0.754985958888195,0.00013452389464442302,262308.23274777783,46232.32190048998,241076.38774030408,142989.48459190212,0.045,39.30976937757255,24.0,0.9999999971575539,0.00685986724776512,0.0007258048327494045,0.026635253235105145,1.4438363237798117,0.3473397267194474
rigid_high_stiffness,wide_0p5_20_hz,centered_savitzky_golay,ols,False,True,20,0.0,0.0,0.034131963677937346,0.0329622392662626,0.053774689367097304,0.05943500783282547,-0.09657219327314072,0.09595968779512613,0.115227047803932,0.13031709431845417,0.5406175549546294,0.5396690283824963,0.5647282510982921,0.5894069095433707,-0.18069394377710266,0.18022549506433277,0.18427034368007197,0.18504223182898172,-0.2841476664199404,0.2854042583226657,0.30254392800700347,0.3047929942241671,-0.3508035417662591,0.3505086992171576,0.36090314794616807,0.3708344955620613,-0.19278840543532705,0.1921989158002686,0.19669870120836588,0.19808667169226238,-0.310129120771547,0.3131413593293146,0.32861565981979546,0.3291584420760288,-0.3842332005921606,0.38324367951370686,0.39425820816534873,0.40055028033588336,0.059531055256506524,2.244924023502702,0.6688102502773723,4.659985792628696e-08,8.545980419662277e-05,0.27667364535515127,0.00027434582756521487,0.009244709657311388,0.5260016957704894,-0.0037685658782606883,-0.754985958888195,0.00013452389464442302,262308.23274777783,46232.32190048998,241076.38774030408,142989.48459190212,0.0,47.06947881100554,92.0,0.9999999971575539,0.00685986724776512,0.0007258048327494045,0.026635253235105145,1.4438363237798117,-1.0
rigid_high_stiffness,wide_0p5_20_hz,centered_savitzky_golay,tls,False,True,20,0.0,0.0,0.049988439380832105,0.049531751251614534,0.06945166480998641,0.07460887208993881,-0.0906961437027439,0.09013346828798978,0.1098237021360404,0.12436265440189409,0.5742231702500005,0.57213904253521,0.6001116338844845,0.6215719365896841,-0.18329647366130752,0.18277411320941533,0.18718719032238765,0.1874065658170921,-0.29262731538662157,0.2944642092984879,0.3113526832450194,0.3127100684675929,-0.3646674963882976,0.3639238769181105,0.37503776158846486,0.3833144386408829,-0.19278840543532705,0.1921989158002686,0.19669870120836588,0.19808667169226238,-0.310129120771547,0.3131413593293146,0.32861565981979546,0.3291584420760288,-0.3842332005921606,0.38324367951370686,0.39425820816534873,0.40055028033588336,0.059886678203065286,2.244924023502702,0.6688102502773723,4.659985792628696e-08,8.545980419662277e-05,0.27667364535515127,0.00027434582756521487,0.009244709657311388,0.5260016957704894,-0.0037685658782606883,-0.754985958888195,0.00013452389464442302,262308.23274777783,46232.32190048998,241076.38774030408,142989.48459190212,0.0,47.06947881100554,92.0,0.9999999971575539,0.00685986724776512,0.0007258048327494045,0.026635253235105145,1.4438363237798117,-1.0
rigid_high_stiffness,wide_0p5_20_hz,centered_savitzky_golay,iv,False,True,20,0.0,0.0,0.08280249636187628,0.08282719974924362,0.1274469981304615,0.1331890526208622,-0.059384850337916115,0.05743959109953645,0.08239832794687858,0.09270769657598717,0.625186170282421,0.6219532871569555,0.6905572103288925,0.7051880692630483,-0.18372427790300533,0.18349917146671157,0.18814439003948494,0.18825153180671514,-0.2906970627419961,0.2919984508839354,0.31177714746441987,0.32782148305872144,-0.38441022438736433,0.38345942867066324,0.40847674131629924,0.4135544236875982,-0.19278840543532705,0.1921989158002686,0.19669870120836588,0.19808667169226238,-0.310129120771547,0.3131413593293146,0.32861565981979546,0.3291584420760288,-0.3842332005921606,0.38324367951370686,0.39425820816534873,0.40055028033588336,0.06214650458980662,2.244924023502702,0.6688102502773723,4.659985792628696e-08,8.545980419662277e-05,0.27667364535515127,0.00027434582756521487,0.009244709657311388,0.5260016957704894,-0.0037685658782606883,-0.754985958888195,0.00013452389464442302,262308.23274777783,46232.32190048998,241076.38774030408,142989.48459190212,0.0,47.06947881100554,92.0,0.9999999971575539,0.00685986724776512,0.0007258048327494045,0.026635253235105145,1.4438363237798117,0.4621076813499237
compliant,low_0p25_2_hz,backward_difference,ols,True,True,20,0.0,1.0,-0.42852313367538775,0.4288331892827776,0.43010176200772693,0.43020441674611115,-0.047550582989502176,0.04819414182778062,0.05390835823901354,0.055206836061341136,-1.0083215709579567,1.0082781567616972,1.0089740995678815,1.0092222319228892,1000000000.0,1000000000.0,1000000000.0,1000000000.0,1000000000.0,1000000000.0,1000000000.0,1000000000.0,1000000000.0,1000000000.0,1000000000.0,1000000000.0,1000000000.0,1000000000.0,1000000000.0,1000000000.0,1000000000.0,1000000000.0,1000000000.0,1000000000.0,1000000000.0,1000000000.0,1000000000.0,1000000000.0,0.30940654609002943,1.3306475373828675,0.2713253683991713,3.0068185168251355e-05,0.0018488101190934111,0.16901781936958235,0.006706719439109692,0.04306234052520302,0.4111185007410211,0.06354143083946186,-0.8392941767155384,0.0007249075093270577,322534.72667355195,62649.64732860351,121246.76008333065,134809.88907524076,0.005,0.0,8.0,0.9999990561676864,0.04343647389976313,0.013205199209343977,0.10694931927543569,1.2547944276793623,-1.0
compliant,low_0p25_2_hz,backward_difference,tls,True,True,20,0.0,1.0,-0.3082965058809348,0.3081483733798932,0.31087924799718003,0.31180087270289036,0.17591108869471214,0.1761161849221337,0.1906605721313412,0.19500164705285208,-1.0124673123808932,1.0125770959047515,1.0135516285973283,1.0138930437639087,1000000000.0,1000000000.0,1000000000.0,1000000000.0,1000000000.0,1000000000.0,1000000000.0,1000000000.0,1000000000.0,1000000000.0,1000000000.0,1000000000.0,1000000000.0,1000000000.0,1000000000.0,1000000000.0,1000000000.0,1000000000.0,1000000000.0,1000000000.0,1000000000.0,1000000000.0,1000000000.0,1000000000.0,0.32438425087236256,1.3306475373828675,0.2713253683991713,3.0068185168251355e-05,0.0018488101190934111,0.16901781936958235,0.006706719439109692,0.04306234052520302,0.4111185007410211,0.06354143083946186,-0.8392941767155384,0.0007249075093270577,322534.72667355195,62649.64732860351,121246.76008333065,134809.88907524076,0.005,0.0,8.0,0.9999990561676864,0.04343647389976313,0.013205199209343977,0.10694931927543569,1.2547944276793623,-1.0
compliant,low_0p25_2_hz,backward_difference,iv,True,True,20,0.0,0.0,-0.09663735748213853,0.09117981798310858,0.2929448710746274,0.32506291342634497,0.047076098297544604,0.14796346507003105,0.3455781362162776,0.40586723919671164,-0.12684391939876954,0.12270822829263484,0.44797436492092557,0.4727763235628428,0.028392703142945397,0.01936910811733448,0.13146237906084227,0.13175565118760826,0.27852153514422273,0.20289593360692737,1.1542680240638528,1.3567592041683643,0.2202822029130102,0.13987177178139543,0.8117111142022807,0.8967281719169828,1000000000.0,1000000000.0,1000000000.0,1000000000.0,1000000000.0,1000000000.0,1000000000.0,1000000000.0,1000000000.0,1000000000.0,1000000000.0,1000000000.0,4.339397740251583,1.3306475373828675,0.2713253683991713,3.0068185168251355e-05,0.0018488101190934111,0.16901781936958235,0.006706719439109692,0.04306234052520302,0.4111185007410211,0.06354143083946186,-0.8392941767155384,0.0007249075093270577,322534.72667355195,62649.64732860351,121246.76008333065,134809.88907524076,0.005,0.0,8.0,0.9999990561676864,0.04343647389976313,0.013205199209343977,0.10694931927543569,1.2547944276793623,0.004857591673844358
compliant,low_0p25_2_hz,causal_low_pass,ols,True,True,20,0.0,0.0,-0.3661866471476931,0.3675111226079777,0.3735429646079112,0.37364241028861445,-0.031016322005380847,0.031001098739757805,0.036577173386138466,0.0396630144668384,-0.8836017245007273,0.8837703950624349,0.8988621075665072,0.8997103447339478,1.3398161540669413,1.3326975685149218,1.4886771650623059,1.500670885021173,2.5784972446166234,2.568080166375939,2.8537020272437146,2.890196654400621,7.657206436622874,7.603706841952225,8.88752788640142,8.971118131248558,-0.03444955503178621,0.03432536237042427,0.03867583230016071,0.04235092969769223,-0.3366399880209139,0.3348329887297565,0.37091796314192327,0.37457999789720753,-0.10702154843818983,0.10811040486771395,0.12193570771671931,0.12765606090685644,0.2782159604379401,1.3964492132424713,0.3167849948575106,3.0068185168251355e-05,0.0018488101190934111,0.16901781936958235,0.006706719439109692,0.04306234052520302,0.4111185007410211,0.06354143083946186,-0.8392941767155384,0.0007249075093270577,322534.72667355195,62649.64732860351,121246.76008333065,134809.88907524076,0.02,16.104260735643752,20.0,0.9999990561676864,0.04343647389976313,0.013205199209343977,0.10694931927543569,1.2547944276793623,-1.0
compliant,low_0p25_2_hz,causal_low_pass,tls,True,True,20,0.0,0.0,-0.2429498889226335,0.2438073076896906,0.2511215137957391,0.25184399285106523,0.09465812030525987,0.09489760364026542,0.10803094357957642,0.11095215453434211,-0.8322519856529322,0.8324154637616453,0.8534427039288127,0.8543725926241303,1.1295893022225656,1.122926993449565,1.25955085730786,1.269658537322238,2.0806909340696356,2.0713789956865387,2.3196582599720252,2.3544633223404845,5.002590526229911,4.967194887942975,5.823284534049453,5.866839271669262,-0.03444955503178621,0.03432536237042427,0.03867583230016071,0.04235092969769223,-0.3366399880209139,0.3348329887297565,0.37091796314192327,0.37457999789720753,-0.10702154843818983,0.10811040486771395,0.12193570771671931,0.12765606090685644,0.291148245343275,1.3964492132424713,0.3167849948575106,3.0068185168251355e-05,0.0018488101190934111,0.16901781936958235,0.006706719439109692,0.04306234052520302,0.4111185007410211,0.06354143083946186,-0.8392941767155384,0.0007249075093270577,322534.72667355195,62649.64732860351,121246.76008333065,134809.88907524076,0.02,16.104260735643752,20.0,0.9999990561676864,0.04343647389976313,0.013205199209343977,0.10694931927543569,1.2547944276793623,-1.0
compliant,low_0p25_2_hz,causal_low_pass,iv,True,True,20,0.0,0.0,0.03539128413292827,0.043269300504978646,0.12056303030423524,0.16920498954815413,-0.14997349240985763,0.1503786586836312,0.3046763200462025,0.38112479570487234,0.08202287169327435,0.08081244578622293,0.2044445274003682,0.27428018314987135,-0.021052723224963918,0.021304312032932503,0.03543088870313396,0.04211611846123429,-0.18664679314715388,0.1963887236696965,0.4012389391801549,0.4929797698627608,-0.07021126621271456,0.07472243403582429,0.1696024743171365,0.21524323047375882,-0.03444955503178621,0.03432536237042427,0.03867583230016071,0.04235092969769223,-0.3366399880209139,0.3348329887297565,0.37091796314192327,0.37457999789720753,-0.10702154843818983,0.10811040486771395,0.12193570771671931,0.12765606090685644,0.8274939592354175,1.3964492132424713,0.3167849948575106,3.0068185168251355e-05,0.0018488101190934111,0.16901781936958235,0.006706719439109692,0.04306234052520302,0.4111185007410211,0.06354143083946186,-0.8392941767155384,0.0007249075093270577,322534.72667355195,62649.64732860351,121246.76008333065,134809.88907524076,0.02,16.104260735643752,20.0,0.9999990561676864,0.04343647389976313,0.013205199209343977,0.10694931927543569,1.2547944276793623,0.14302259438841547
compliant,low_0p25_2_hz,causal_polynomial,ols,True,True,20,0.0,0.0,-0.08413998676281802,0.08337757009398146,0.09469502425486068,0.09614012098598962,-0.12316767458581121,0.12193476601095316,0.12873437780331792,0.1307029258148674,-0.26905380914581045,0.26698637903233635,0.2921104302085641,0.2940478092826089,0.1194746515921469,0.11862116080551229,0.13160385679985556,0.13247350724331727,0.07182657468136154,0.06980058038396342,0.0900086281541435,0.0985729723737443,0.3685981659888052,0.3642345046592542,0.41265027473842764,0.4165265199953505,0.047056270248335696,0.04688670539809632,0.05138770099746219,0.05340949387803011,-0.11830771271158988,0.11859437887484403,0.1334323968340558,0.13439710386577186,0.09897133881783111,0.0981852197961044,0.11419837009944148,0.11825846255434236,0.13284945136444293,2.1537062707598675,0.6419916715929861,3.0068185168251355e-05,0.0018488101190934111,0.16901781936958235,0.006706719439109692,0.04306234052520302,0.4111185007410211,0.06354143083946186,-0.8392941767155384,0.0007249075093270577,322534.72667355195,62649.64732860351,121246.76008333065,134809.88907524076,0.01,31.85420881757568,92.0,0.9999990561676864,0.04343647389976313,0.013205199209343977,0.10694931927543569,1.2547944276793623,-1.0
compliant,low_0p25_2_hz,causal_polynomial,tls,True,True,20,0.0,0.0,-0.03886244470984079,0.0391089289202862,0.04382186630046657,0.044297827074200595,-0.11753120067217479,0.11594085993148565,0.12339053305219067,0.12589680200784645,-0.2127923421611789,0.21237451112361772,0.2295119237199281,0.22958163353422956,0.10501756873737637,0.10452946809560579,0.11483762944202085,0.11511803458462122,0.014574271459707489,0.013610327969381553,0.025051594136709435,0.029868913678168907,0.270517077810459,0.2696397935239381,0.2978786190422031,0.29799605451699707,0.047056270248335696,0.04688670539809632,0.05138770099746219,0.05340949387803011,-0.11830771271158988,0.11859437887484403,0.1334323968340558,0.13439710386577186,0.09897133881783111,0.0981852197961044,0.11419837009944148,0.11825846255434236,0.13516473729913203,2.1537062707598675,0.6419916715929861,3.0068185168251355e-05,0.0018488101190934111,0.16901781936958235,0.006706719439109692,0.04306234052520302,0.4111185007410211,0.06354143083946186,-0.8392941767155384,0.0007249075093270577,322534.72667355195,62649.64732860351,121246.76008333065,134809.88907524076,0.01,31.85420881757568,92.0,0.9999990561676864,0.04343647389976313,0.013205199209343977,0.10694931927543569,1.2547944276793623,-1.0
compliant,low_0p25_2_hz,causal_polynomial,iv,True,True,20,0.0,0.0,-0.02181777743308775,0.0835611193741039,0.19821747551091645,0.2170397258477027,-0.21758939255068585,0.15856923666741574,0.477398739792708,0.5628572009826744,-0.124322821861517,0.16411649642893855,0.37025183071175033,0.39131423473505933,0.061746996304999024,0.06534202284259977,0.12836204899941817,0.13415729608313445,-0.11038561143712075,0.2550626306289767,0.6199107466090074,0.635485068988864,0.17452355552636506,0.19633902155614247,0.5880328894093784,0.6428838278561242,0.047056270248335696,0.04688670539809632,0.05138770099746219,0.05340949387803011,-0.11830771271158988,0.11859437887484403,0.1334323968340558,0.13439710386577186,0.09897133881783111,0.0981852197961044,0.11419837009944148,0.11825846255434236,0.1476447101481142,2.1537062707598675,0.6419916715929861,3.0068185168251355e-05,0.0018488101190934111,0.16901781936958235,0.006706719439109692,0.04306234052520302,0.4111185007410211,0.06354143083946186,-0.8392941767155384,0.0007249075093270577,322534.72667355195,62649.64732860351,121246.76008333065,134809.88907524076,0.01,31.85420881757568,92.0,0.9999990561676864,0.04343647389976313,0.013205199209343977,0.10694931927543569,1.2547944276793623,0.5662318239141017
compliant,low_0p25_2_hz,alpha_beta_gamma,ols,True,True,20,0.0,0.0,-0.029932221760945482,0.029651243245696363,0.035050627693399825,0.035648749991097475,-0.4748504539108282,0.47447051955002717,0.48149797545440715,0.48359546415413057,-0.13843823583414233,0.13823977561863532,0.14782961345637116,0.1483225510356212,0.06111286698427586,0.06095643088367693,0.06413996887736953,0.06457001641968355,-0.42555501531089757,0.4243288045388704,0.4349892173699096,0.4370894507861013,0.16072581394707935,0.16041586361066396,0.1734742645497807,0.17415343240093795,0.038724748379326934,0.03884229699738171,0.04071839629927262,0.04103967181324517,-0.47921578609593796,0.4793838082690399,0.4869332275631304,0.4872007990166606,0.0839747708193165,0.0840925494502397,0.0894243314318012,0.08984456959204445,0.06975531292882733,2.340077841809178,0.6733391089332099,3.0068185168251355e-05,0.0018488101190934111,0.16901781936958235,0.006706719439109692,0.04306234052520302,0.4111185007410211,0.06354143083946186,-0.8392941767155384,0.0007249075093270577,322534.72667355195,62649.64732860351,121246.76008333065,134809.88907524076,0.025,39.309769377572515,24.0,0.9999990561676864,0.04343647389976313,0.013205199209343977,0.10694931927543569,1.2547944276793623,-1.0
compliant,low_0p25_2_hz,alpha_beta_gamma,tls,True,True,20,0.0,0.0,-0.016115287170807492,0.016003400630333717,0.01928077905277442,0.020717708175600792,-0.4809520716667697,0.48073084143788714,0.487514561978194,0.4890588268245084,-0.11848418502824846,0.11832081962507507,0.12512606334593904,0.12682450740773032,0.05647597808186845,0.05644250211412763,0.059022521402064224,0.0591158456058082,-0.4426520859129971,0.4413903645232962,0.45153837165442434,0.45211151793497617,0.13443761878986468,0.13419940408124142,0.1430220478984322,0.14524515230176216,0.038724748379326934,0.03884229699738171,0.04071839629927262,0.04103967181324517,-0.47921578609593796,0.4793838082690399,0.4869332275631304,0.4872007990166606,0.0839747708193165,0.0840925494502397,0.0894243314318012,0.08984456959204445,0.07011641098662225,2.340077841809178,0.6733391089332099,3.0068185168251355e-05,0.0018488101190934111,0.16901781936958235,0.006706719439109692,0.04306234052520302,0.4111185007410211,0.06354143083946186,-0.8392941767155384,0.0007249075093270577,322534.72667355195,62649.64732860351,121246.76008333065,134809.88907524076,0.025,39.309769377572515,24.0,0.9999990561676864,0.04343647389976313,0.013205199209343977,0.10694931927543569,1.2547944276793623,-1.0
compliant,low_0p25_2_hz,alpha_beta_gamma,iv,True,True,20,0.0,0.0,0.15354321430677717,0.1401169136649805,0.25067005995563346,0.2843291805048162,-0.8899990725036482,0.8662164132280714,1.098878963413127,1.1513325192140322,0.18042108907333593,0.15432653282198705,0.332831966789005,0.38674906635293826,-0.010051698548595967,0.011889899853677832,0.03130018475367116,0.03763629840982734,-0.8956957124248,0.8835329088532269,1.0765978795633453,1.1133953238565664,-0.14544631751549542,0.13362026035206748,0.2496556342553937,0.27888900431717156,0.038724748379326934,0.03884229699738171,0.04071839629927262,0.04103967181324517,-0.47921578609593796,0.4793838082690399,0.4869332275631304,0.4872007990166606,0.0839747708193165,0.0840925494502397,0.0894243314318012,0.08984456959204445,0.13126584322825302,2.340077841809178,0.6733391089332099,3.0068185168251355e-05,0.0018488101190934111,0.16901781936958235,0.006706719439109692,0.04306234052520302,0.4111185007410211,0.06354143083946186,-0.8392941767155384,0.0007249075093270577,322534.72667355195,62649.64732860351,121246.76008333065,134809.88907524076,0.025,39.309769377572515,24.0,0.9999990561676864,0.04343647389976313,0.013205199209343977,0.10694931927543569,1.2547944276793623,0.5556132823733768
compliant,low_0p25_2_hz,centered_savitzky_golay,ols,False,True,20,0.0,0.0,0.004014254548470783,0.0038266394524494986,0.007408430167346624,0.00820700948210174,0.003460422091204647,0.004580138907581776,0.011308625176550421,0.012286210898457207,0.02913507965496829,0.028834416729238255,0.03406841868635428,0.03445282707939157,-0.012278415754304373,0.0122990257917845,0.013461173687070352,0.014124743890534575,-0.012820839616408402,0.012734906186769646,0.01936217290014147,0.0228144141387131,-0.02830091228006787,0.028026221996507783,0.032945993514490554,0.03330536316156962,-0.014183688680054197,0.014431729446468911,0.015259672814814235,0.01583018237625957,-0.017669186187237795,0.01815110092930511,0.023211084708604904,0.02737546651324374,-0.034784178692961534,0.033771902268186826,0.03886357439161645,0.040308715296321296,0.023774046512963408,2.3351041490267876,0.6898947071793393,3.0068185168251355e-05,0.0018488101190934111,0.16901781936958235,0.006706719439109692,0.04306234052520302,0.4111185007410211,0.06354143083946186,-0.8392941767155384,0.0007249075093270577,322534.72667355195,62649.64732860351,121246.76008333065,134809.88907524076,0.0,47.06947881100554,92.0,0.9999990561676864,0.04343647389976313,0.013205199209343977,0.10694931927543569,1.2547944276793623,-1.0
compliant,low_0p25_2_hz,centered_savitzky_golay,tls,False,True,20,0.0,0.0,0.005699362051939281,0.005453487194348909,0.009000434436273701,0.010043171091417235,0.003983216490436351,0.004570437307913888,0.011799731740306447,0.012757607491946566,0.03172158822925832,0.03111266717469141,0.03643840663886951,0.03727751612221897,-0.0126898818972073,0.012698467442996186,0.013850880658976675,0.01449350070261186,-0.014372371565160424,0.01446780628084604,0.020592937009335135,0.0242806219019146,-0.03073737884157638,0.030173849893644022,0.035157296307899676,0.03593784261474986,-0.014183688680054197,0.014431729446468911,0.015259672814814235,0.01583018237625957,-0.017669186187237795,0.01815110092930511,0.023211084708604904,0.02737546651324374,-0.034784178692961534,0.033771902268186826,0.03886357439161645,0.040308715296321296,0.023788181379830443,2.3351041490267876,0.6898947071793393,3.0068185168251355e-05,0.0018488101190934111,0.16901781936958235,0.006706719439109692,0.04306234052520302,0.4111185007410211,0.06354143083946186,-0.8392941767155384,0.0007249075093270577,322534.72667355195,62649.64732860351,121246.76008333065,134809.88907524076,0.0,47.06947881100554,92.0,0.9999990561676864,0.04343647389976313,0.013205199209343977,0.10694931927543569,1.2547944276793623,-1.0
compliant,low_0p25_2_hz,centered_savitzky_golay,iv,False,True,20,0.0,0.0,0.028905972420987202,0.028859643651986885,0.048109065818480394,0.05071268789175989,-0.013921703988802412,0.020539657846513126,0.03674296996607062,0.04987657031933228,0.07075646563904896,0.06959681321014788,0.09593151591993028,0.10200157284727629,-0.01970085202768987,0.020017512829531903,0.02349021481177988,0.023548040845562036,-0.06008575368541487,0.05759193457218109,0.10102631251638318,0.11702799914623752,-0.06582451937038176,0.06506406229201955,0.08753275943908093,0.09256027882404161,-0.014183688680054197,0.014431729446468911,0.015259672814814235,0.01583018237625957,-0.017669186187237795,0.01815110092930511,0.023211084708604904,0.02737546651324374,-0.034784178692961534,0.033771902268186826,0.03886357439161645,0.040308715296321296,0.02807481323838284,2.3351041490267876,0.6898947071793393,3.0068185168251355e-05,0.0018488101190934111,0.16901781936958235,0.006706719439109692,0.04306234052520302,0.4111185007410211,0.06354143083946186,-0.8392941767155384,0.0007249075093270577,322534.72667355195,62649.64732860351,121246.76008333065,134809.88907524076,0.0,47.06947881100554,92.0,0.9999990561676864,0.04343647389976313,0.013205199209343977,0.10694931927543569,1.2547944276793623,0.5564369942751533
compliant,low_mid_0p5_5_hz,backward_difference,ols,True,True,20,0.0,1.0,-0.5727962265927473,0.5730847627022954,0.5760313722113335,0.5766642738378426,-0.12624593481118918,0.12576034895589344,0.1355255035422287,0.13574339101720287,-1.0032985127089453,1.0033869238551416,1.0045626328931592,1.0045630535348673,1000000000.0,1000000000.0,1000000000.0,1000000000.0,1000000000.0,1000000000.0,1000000000.0,1000000000.0,1000000000.0,1000000000.0,1000000000.0,1000000000.0,1000000000.0,1000000000.0,1000000000.0,1000000000.0,1000000000.0,1000000000.0,1000000000.0,1000000000.0,1000000000.0,1000000000.0,1000000000.0,1000000000.0,0.4402437810249174,1.3375080727973478,0.27549574589863074,1.8337426305921808e-05,0.001791532944526629,0.2857383975076544,0.00561991658420977,0.0423330514323815,0.5345564900338005,-0.0050562262923470064,-0.7742035379353387,-0.0030301894136814844,276357.67919736356,60591.340806093765,250045.70000436794,161176.04577633017,0.005,0.0,8.0,1.0,0.03434119174675463,0.012616797115362607,0.09120601777892776,1.3086568047389948,-1.0
compliant,low_mid_0p5_5_hz,backward_difference,tls,True,True,20,0.0,1.0,-0.29022292643357683,0.2906244509353588,0.2988694395934891,0.3031498298977334,0.6432213114101498,0.6410070848341295,0.691456530148039,0.6984587377178997,-1.0189193153235427,1.0189437818015117,1.0227485000823942,1.0229388964313555,1000000000.0,1000000000.0,1000000000.0,1000000000.0,1000000000.0,1000000000.0,1000000000.0,1000000000.0,1000000000.0,1000000000.0,1000000000.0,1000000000.0,1000000000.0,1000000000.0,1000000000.0,1000000000.0,1000000000.0,1000000000.0,1000000000.0,1000000000.0,1000000000.0,1000000000.0,1000000000.0,1000000000.0,0.49923907527477207,1.3375080727973478,0.27549574589863074,1.8337426305921808e-05,0.001791532944526629,0.2857383975076544,0.00561991658420977,0.0423330514323815,0.5345564900338005,-0.0050562262923470064,-0.7742035379353387,-0.0030301894136814844,276357.67919736356,60591.340806093765,250045.70000436794,161176.04577633017,0.005,0.0,8.0,1.0,0.03434119174675463,0.012616797115362607,0.09120601777892776,1.3086568047389948,-1.0
compliant,low_mid_0p5_5_hz,backward_difference,iv,True,True,20,0.0,0.0,0.08429488794630349,0.10818024511872153,0.35205347640479784,0.4658608162599612,-0.32814352288347054,0.3249136126416963,0.6260287488166137,0.7385470729569634,0.056031933877000784,0.050211065436587266,0.2042223428917614,0.2494300075242606,0.008841745647823975,0.040210374115612874,0.08318443618326407,0.08375353016903339,-0.33849071643709433,0.3592756767276887,0.706595142213088,0.8068070944350054,-0.04711722685103749,0.05286642353620108,0.16952908361992647,0.1996350383952319,1000000000.0,1000000000.0,1000000000.0,1000000000.0,1000000000.0,1000000000.0,1000000000.0,1000000000.0,1000000000.0,1000000000.0,1000000000.0,1000000000.0,5.1633000934044535,1.3375080727973478,0.27549574589863074,1.8337426305921808e-05,0.001791532944526629,0.2857383975076544,0.00561991658420977,0.0423330514323815,0.5345564900338005,-0.0050562262923470064,-0.7742035379353387,-0.0030301894136814844,276357.67919736356,60591.340806093765,250045.70000436794,161176.04577633017,0.005,0.0,8.0,1.0,0.03434119174675463,0.012616797115362607,0.09120601777892776,1.3086568047389948,0.008248340947820162
compliant,low_mid_0p5_5_hz,causal_low_pass,ols,True,True,20,0.0,0.0,-0.4367174921080822,0.43540729671785827,0.4522758106834034,0.4523069391474162,-0.10444039526930513,0.10632083507297888,0.11223767078235419,0.11459857968663023,-0.7873045887762684,0.7865989492661534,0.8110516122552173,0.813825299704872,0.630280513241475,0.6252331341698305,0.7027633661499039,0.7185514800576183,1.5940885893848307,1.589542444701339,1.789461328002539,1.8022751483510069,3.7284459752591324,3.686051294277988,4.2925114293882345,4.371299099258811,-0.015913046034036225,0.015889063965925397,0.01875345412636645,0.019830538644536055,-0.37360896921863257,0.3695831286082219,0.4102251598667027,0.4170036710245465,-0.05924077560596399,0.05848673671225102,0.06981725553166289,0.0724488103619223,0.36569995726804017,1.424578367589021,0.33521027216087484,1.8337426305921808e-05,0.001791532944526629,0.2857383975076544,0.00561991658420977,0.0423330514323815,0.5345564900338005,-0.0050562262923470064,-0.7742035379353387,-0.0030301894136814844,276357.67919736356,60591.340806093765,250045.70000436794,161176.04577633017,0.02,16.104260735643766,20.0,1.0,0.03434119174675463,0.012616797115362607,0.09120601777892776,1.3086568047389948,-1.0
compliant,low_mid_0p5_5_hz,causal_low_pass,tls,True,True,20,0.0,0.0,-0.1391504144542854,0.13905848877795973,0.14914554018592488,0.153737179853036,0.12485217821494843,0.12545899576216826,0.1479277647335189,0.15212706582091454,-0.6386990747893985,0.637331341223416,0.6714955931439218,0.674471900013445,0.5455028671441784,0.5408177621916661,0.606270254004171,0.6191647495875028,1.0208552590639515,1.0172864342218135,1.1664563812769528,1.184608537334746,1.7779214976567002,1.7573499398969328,2.0441124590938595,2.0719314247872984,-0.015913046034036225,0.015889063965925397,0.01875345412636645,0.019830538644536055,-0.37360896921863257,0.3695831286082219,0.4102251598667027,0.4170036710245465,-0.05924077560596399,0.05848673671225102,0.06981725553166289,0.0724488103619223,0.4100088025866481,1.424578367589021,0.33521027216087484,1.8337426305921808e-05,0.001791532944526629,0.2857383975076544,0.00561991658420977,0.0423330514323815,0.5345564900338005,-0.0050562262923470064,-0.7742035379353387,-0.0030301894136814844,276357.67919736356,60591.340806093765,250045.70000436794,161176.04577633017,0.02,16.104260735643766,20.0,1.0,0.03434119174675463,0.012616797115362607,0.09120601777892776,1.3086568047389948,-1.0
compliant,low_mid_0p5_5_hz,causal_low_pass,iv,True,True,20,0.0,0.0,0.1373385291748037,0.141303784840797,0.20674785645005667,0.22957269053878407,-0.3566938009910549,0.3649466395181493,0.4318781695470406,0.4576438636307293,0.08580989465489232,0.09562458231914783,0.11712912230640267,0.1270872690371061,0.02310154061780339,0.022852992951736796,0.04332782630525891,0.044475680173652596,-0.4184871148515277,0.43289280300509597,0.5099427819938211,0.5392888937843727,-0.07852410185413265,0.08727388550286391,0.10484461719808393,0.11275725716046758,-0.015913046034036225,0.015889063965925397,0.01875345412636645,0.019830538644536055,-0.37360896921863257,0.3695831286082219,0.4102251598667027,0.4170036710245465,-0.05924077560596399,0.05848673671225102,0.06981725553166289,0.0724488103619223,0.8342080411114674,1.424578367589021,0.33521027216087484,1.8337426305921808e-05,0.001791532944526629,0.2857383975076544,0.00561991658420977,0.0423330514323815,0.5345564900338005,-0.0050562262923470064,-0.7742035379353387,-0.0030301894136814844,276357.67919736356,60591.340806093765,250045.70000436794,161176.04577633017,0.02,16.104260735643766,20.0,1.0,0.03434119174675463,0.012616797115362607,0.09120601777892776,1.3086568047389948,0.18523645408495437
compliant,low_mid_0p5_5_hz,causal_polynomial,ols,True,True,20,0.0,0.0,-0.18281975334537273,0.18256370618276813,0.19177653409229783,0.192259904702983,-0.3830904553486602,0.38485197920631387,0.39037985588601265,0.3939861695900319,-0.4030648035072085,0.4016134283257464,0.41893841976368645,0.4206940867211064,0.17009988400262224,0.1698516373754516,0.17938259535575637,0.18081494142590254,-0.1166416985969538,0.11423639545351183,0.13808779563454068,0.13859272872137418,0.6756400057752879,0.671161398504635,0.7209888175106718,0.7262036811258525,0.055447632218842594,0.05592693457851086,0.05800591335263941,0.0591889241355819,-0.5555791372225263,0.5528142968738188,0.5843601068109864,0.5903777161571868,0.09401202235916398,0.09396641984278764,0.1071962589798487,0.11737402509416306,0.25650139507894903,1.8302731423656555,0.5164278518764269,1.8337426305921808e-05,0.001791532944526629,0.2857383975076544,0.00561991658420977,0.0423330514323815,0.5345564900338005,-0.0050562262923470064,-0.7742035379353387,-0.0030301894136814844,276357.67919736356,60591.340806093765,250045.70000436794,161176.04577633017,0.02,31.854208817575685,92.0,1.0,0.03434119174675463,0.012616797115362607,0.09120601777892776,1.3086568047389948,-1.0
compliant,low_mid_0p5_5_hz,causal_polynomial,tls,True,True,20,0.0,0.0,-0.01687095028623147,0.01672032448016459,0.022817284129933058,0.027705738072784952,-0.4104385041407153,0.4110314419881823,0.41853499951229894,0.4259050545500383,-0.2725531343167189,0.2713215057420283,0.2816119054601274,0.28265222458491646,0.16254848331001587,0.16250232295802575,0.17065385837891991,0.1718275171290024,-0.30283609894550373,0.30324515464021273,0.31706335517232215,0.31735791710634065,0.3747388492884753,0.3723473505271758,0.3920054050516404,0.39402397870595407,0.055447632218842594,0.05592693457851086,0.05800591335263941,0.0591889241355819,-0.5555791372225263,0.5528142968738188,0.5843601068109864,0.5903777161571868,0.09401202235916398,0.09396641984278764,0.1071962589798487,0.11737402509416306,0.2720405498731257,1.8302731423656555,0.5164278518764269,1.8337426305921808e-05,0.001791532944526629,0.2857383975076544,0.00561991658420977,0.0423330514323815,0.5345564900338005,-0.0050562262923470064,-0.7742035379353387,-0.0030301894136814844,276357.67919736356,60591.340806093765,250045.70000436794,161176.04577633017,0.02,31.854208817575685,92.0,1.0,0.03434119174675463,0.012616797115362607,0.09120601777892776,1.3086568047389948,-1.0
compliant,low_mid_0p5_5_hz,causal_polynomial,iv,True,True,20,0.0,0.0,-0.3850616170095193,0.3981686172998359,0.48286443989543726,0.5367623295420322,-0.2886318862094671,0.27081292828657855,0.44141970370291334,0.4644968966555161,-0.4769227084090894,0.4828277230913145,0.5237889077583442,0.5421625231749543,0.08205297102285901,0.07883504531432975,0.12508097874409396,0.13308660302901157,0.27984965316954324,0.30774835939617573,0.6693130511257233,0.9847823964766527,0.9196250564247487,0.9336590208492919,1.1000798700054981,1.184181179170118,0.055447632218842594,0.05592693457851086,0.05800591335263941,0.0591889241355819,-0.5555791372225263,0.5528142968738188,0.5843601068109864,0.5903777161571868,0.09401202235916398,0.09396641984278764,0.1071962589798487,0.11737402509416306,0.27729186223576685,1.8302731423656555,0.5164278518764269,1.8337426305921808e-05,0.001791532944526629,0.2857383975076544,0.00561991658420977,0.0423330514323815,0.5345564900338005,-0.0050562262923470064,-0.7742035379353387,-0.0030301894136814844,276357.67919736356,60591.340806093765,250045.70000436794,161176.04577633017,0.02,31.854208817575685,92.0,1.0,0.03434119174675463,0.012616797115362607,0.09120601777892776,1.3086568047389948,0.2373626940469722
compliant,low_mid_0p5_5_hz,alpha_beta_gamma,ols,True,True,20,0.0,0.0,-0.1152496733381851,0.11537516317909627,0.12098125131509462,0.12125067319745142,-0.6246509382761154,0.625153818419639,0.6307964760451646,0.6356101719647844,-0.28383469803266365,0.2837426429934692,0.29648012109006244,0.2965494769827073,0.11151225065579332,0.11173565844210565,0.11768245338373953,0.11781490316427305,-0.5284320424502859,0.5272396664362309,0.5393726163668833,0.5456101286418731,0.39645165114958814,0.3961465493343288,0.4214239433589368,0.4215640862853083,0.04788482528868834,0.0479671785649888,0.04959199594219139,0.050579403771082276,-0.7563312456566093,0.7561458485095419,0.7765465872896338,0.7788116023406059,0.1095889641426814,0.11075618117503938,0.12259475711204171,0.12292859386515342,0.1736232919910944,2.0155106094905157,0.5537732403111112,1.8337426305921808e-05,0.001791532944526629,0.2857383975076544,0.00561991658420977,0.0423330514323815,0.5345564900338005,-0.0050562262923470064,-0.7742035379353387,-0.0030301894136814844,276357.67919736356,60591.340806093765,250045.70000436794,161176.04577633017,0.03,39.309769377572565,24.0,1.0,0.03434119174675463,0.012616797115362607,0.09120601777892776,1.3086568047389948,-1.0
compliant,low_mid_0p5_5_hz,alpha_beta_gamma,tls,True,True,20,0.0,0.0,-0.031864262516968,0.03311313359693223,0.0357180241556347,0.03896612534138981,-0.6754480478026144,0.6761141744057908,0.6858321828709978,0.6858679827369365,-0.20532108772239685,0.2040713763179441,0.2113974245588358,0.2125867557293729,0.10376019349276884,0.10405702772042975,0.10901721861825422,0.1090866360588775,-0.6299715613670626,0.6299357037146988,0.6409855501341485,0.643668032892444,0.25839724251612817,0.2563945027459873,0.26806600818327864,0.26998117859484294,0.04788482528868834,0.0479671785649888,0.04959199594219139,0.050579403771082276,-0.7563312456566093,0.7561458485095419,0.7765465872896338,0.7788116023406059,0.1095889641426814,0.11075618117503938,0.12259475711204171,0.12292859386515342,0.1789198565028569,2.0155106094905157,0.5537732403111112,1.8337426305921808e-05,0.001791532944526629,0.2857383975076544,0.00561991658420977,0.0423330514323815,0.5345564900338005,-0.0050562262923470064,-0.7742035379353387,-0.0030301894136814844,276357.67919736356,60591.340806093765,250045.70000436794,161176.04577633017,0.03,39.309769377572565,24.0,1.0,0.03434119174675463,0.012616797115362607,0.09120601777892776,1.3086568047389948,-1.0
compliant,low_mid_0p5_5_hz,alpha_beta_gamma,iv,True,True,20,0.0,0.0,0.09640188672401728,0.09182679244111419,0.16944018301730848,0.1744847533658384,-1.0325990873531685,1.0304043846612232,1.1341902065834246,1.147380946667015,-0.20982826749084463,0.20967570537245328,0.25244076834505763,0.2838447354115047,0.17765656149090409,0.17795978658836809,0.19072524174429914,0.19921612731461433,-1.0314245561422697,1.0328057029109359,1.1375195109115934,1.1487947141869133,0.2673598234190096,0.265307057708704,0.337816051316714,0.396345247248308,0.04788482528868834,0.0479671785649888,0.04959199594219139,0.050579403771082276,-0.7563312456566093,0.7561458485095419,0.7765465872896338,0.7788116023406059,0.1095889641426814,0.11075618117503938,0.12259475711204171,0.12292859386515342,0.21644170837836685,2.0155106094905157,0.5537732403111112,1.8337426305921808e-05,0.001791532944526629,0.2857383975076544,0.00561991658420977,0.0423330514323815,0.5345564900338005,-0.0050562262923470064,-0.7742035379353387,-0.0030301894136814844,276357.67919736356,60591.340806093765,250045.70000436794,161176.04577633017,0.03,39.309769377572565,24.0,1.0,0.03434119174675463,0.012616797115362607,0.09120601777892776,1.3086568047389948,0.24239536605110085
compliant,low_mid_0p5_5_hz,centered_savitzky_golay,ols,False,True,20,0.0,0.0,0.030930268827092607,0.030987725706165037,0.034529209587958236,0.03529859367197929,0.0004692942152440071,0.004343022126516338,0.009907454323250377,0.012388900194372532,0.08931950947996532,0.08970245265596954,0.09367640163394149,0.0948077289509528,-0.02716911626023897,0.027320214504204986,0.028192432029056046,0.02892149290352126,-0.05590536302470457,0.05620117369610539,0.06477085875611922,0.06855563327815473,-0.08198793994869372,0.08231815351106225,0.08565270790462093,0.08659760654210746,-0.029180143570904454,0.029429055408878836,0.030197035187476233,0.03081131466202063,-0.06316546202412313,0.06319122029062513,0.07222458679256671,0.07568572625013159,-0.09091835888584505,0.09118435870233932,0.09464156499001937,0.09490374926925238,0.04196343991183776,2.0702843719429076,0.6216107464816958,1.8337426305921808e-05,0.001791532944526629,0.2857383975076544,0.00561991658420977,0.0423330514323815,0.5345564900338005,-0.0050562262923470064,-0.7742035379353387,-0.0030301894136814844,276357.67919736356,60591.340806093765,250045.70000436794,161176.04577633017,0.0,47.06947881100554,92.0,1.0,0.03434119174675463,0.012616797115362607,0.09120601777892776,1.3086568047389948,-1.0
compliant,low_mid_0p5_5_hz,centered_savitzky_golay,tls,False,True,20,0.0,0.0,0.03575045243960753,0.035906503676239584,0.039221181477330266,0.03946160961802164,0.002244504282689599,0.004181503241071471,0.010133900948000306,0.014429903706809633,0.09472869973152537,0.0951450084513944,0.09908024004843258,0.09989407419399199,-0.02730949752898823,0.02746919401929393,0.02832946987007283,0.029049450316179913,-0.05876800631655297,0.059037533724359326,0.0677167548696228,0.07137871692610398,-0.08652428100293827,0.08687864856879568,0.090148296367104,0.090821540489883,-0.029180143570904454,0.029429055408878836,0.030197035187476233,0.03081131466202063,-0.06316546202412313,0.06319122029062513,0.07222458679256671,0.07568572625013159,-0.09091835888584505,0.09118435870233932,0.09464156499001937,0.09490374926925238,0.04203244946206992,2.0702843719429076,0.6216107464816958,1.8337426305921808e-05,0.001791532944526629,0.2857383975076544,0.00561991658420977,0.0423330514323815,0.5345564900338005,-0.0050562262923470064,-0.7742035379353387,-0.0030301894136814844,276357.67919736356,60591.340806093765,250045.70000436794,161176.04577633017,0.0,47.06947881100554,92.0,1.0,0.03434119174675463,0.012616797115362607,0.09120601777892776,1.3086568047389948,-1.0
compliant,low_mid_0p5_5_hz,centered_savitzky_golay,iv,False,True,20,0.0,0.0,0.25700968647640043,0.26499529784992615,0.29447366683191856,0.30006090287696563,-0.18700955357104487,0.19397859957527305,0.2313464773303104,0.23830220649523143,0.22809443860173584,0.22884098942732667,0.24830456301112458,0.24891553361869523,0.011608423010320897,0.012949519321489779,0.020324130663677265,0.02134375633158392,-0.34489616048470684,0.35420622587920075,0.3941927470091508,0.3988815118554624,-0.18559583905886715,0.186223932696583,0.19891343648542215,0.19930533884663115,-0.029180143570904454,0.029429055408878836,0.030197035187476233,0.03081131466202063,-0.06316546202412313,0.06319122029062513,0.07222458679256671,0.07568572625013159,-0.09091835888584505,0.09118435870233932,0.09464156499001937,0.09490374926925238,0.12039725671564966,2.0702843719429076,0.6216107464816958,1.8337426305921808e-05,0.001791532944526629,0.2857383975076544,0.00561991658420977,0.0423330514323815,0.5345564900338005,-0.0050562262923470064,-0.7742035379353387,-0.0030301894136814844,276357.67919736356,60591.340806093765,250045.70000436794,161176.04577633017,0.0,47.06947881100554,92.0,1.0,0.03434119174675463,0.012616797115362607,0.09120601777892776,1.3086568047389948,0.23721362822153658
compliant,baseline_0p5_10_hz,backward_difference,ols,True,True,20,0.0,1.0,-0.4851944094426666,0.4860432060825851,0.488638337560781,0.48934268773728684,-0.25163967740128845,0.2538517437736387,0.26629850474084044,0.2709044230249999,-1.0014297700225816,1.0015624741031943,1.0028303211448548,1.0030869537486042,1000000000.0,1000000000.0,1000000000.0,1000000000.0,1000000000.0,1000000000.0,1000000000.0,1000000000.0,1000000000.0,1000000000.0,1000000000.0,1000000000.0,1000000000.0,1000000000.0,1000000000.0,1000000000.0,1000000000.0,1000000000.0,1000000000.0,1000000000.0,1000000000.0,1000000000.0,1000000000.0,1000000000.0,0.45099414937591464,1.4466295486269762,0.35025252887103314,8.902843014959516e-06,0.0010210351297412097,0.24446864529109094,0.004637795649129412,0.03195847471340669,0.49452053161825565,-0.007235600785873916,-0.6782209909162616,-0.009470815919277535,231923.93378269835,34530.10617243983,263682.9158744196,128294.63386387745,0.005,0.0,8.0,0.9999985396147314,0.02183157478645921,0.012082686857662856,0.08912092682753021,1.242493791601703,-1.0
compliant,baseline_0p5_10_hz,backward_difference,tls,True,True,20,0.0,1.0,-0.056218323417863994,0.052382060687733864,0.0759479025092813,0.07813187519083428,0.8321012201154258,0.8103213340578425,1.0117132352632392,1.0509428278592619,-1.0254021947387622,1.0256170133760598,1.0323964206526797,1.0341258945513012,1000000000.0,1000000000.0,1000000000.0,1000000000.0,1000000000.0,1000000000.0,1000000000.0,1000000000.0,1000000000.0,1000000000.0,1000000000.0,1000000000.0,1000000000.0,1000000000.0,1000000000.0,1000000000.0,1000000000.0,1000000000.0,1000000000.0,1000000000.0,1000000000.0,1000000000.0,1000000000.0,1000000000.0,0.5286276136816435,1.4466295486269762,0.35025252887103314,8.902843014959516e-06,0.0010210351297412097,0.24446864529109094,0.004637795649129412,0.03195847471340669,0.49452053161825565,-0.007235600785873916,-0.6782209909162616,-0.009470815919277535,231923.93378269835,34530.10617243983,263682.9158744196,128294.63386387745,0.005,0.0,8.0,0.9999985396147314,0.02183157478645921,0.012082686857662856,0.08912092682753021,1.242493791601703,-1.0
compliant,baseline_0p5_10_hz,backward_difference,iv,True,True,20,0.0,0.0,0.48481239192124104,0.46202780826684675,0.8646082744779391,0.9799718482432093,-0.6831044312984866,0.6932178731927838,0.9430508212818046,0.9812945990149698,0.10894134795173224,0.10217897145406418,0.195215870503579,0.21741083947347306,0.15167869400064837,0.15648849147363553,0.26977091467835085,0.2752957887223163,-0.7370141592824668,0.7602545322486904,0.961027986381389,0.9879518897585654,-0.09570525078534706,0.09268043619930727,0.1633161333904172,0.17858460958627798,1000000000.0,1000000000.0,1000000000.0,1000000000.0,1000000000.0,1000000000.0,1000000000.0,1000000000.0,1000000000.0,1000000000.0,1000000000.0,1000000000.0,5.3753511827257086,1.4466295486269762,0.35025252887103314,8.902843014959516e-06,0.0010210351297412097,0.24446864529109094,0.004637795649129412,0.03195847471340669,0.49452053161825565,-0.007235600785873916,-0.6782209909162616,-0.009470815919277535,231923.93378269835,34530.10617243983,263682.9158744196,128294.63386387745,0.005,0.0,8.0,0.9999985396147314,0.02183157478645921,0.012082686857662856,0.08912092682753021,1.242493791601703,0.007688116321417964
compliant,baseline_0p5_10_hz,causal_low_pass,ols,True,True,20,0.0,0.0,-0.37647602062259333,0.37648064492998945,0.38826301745483904,0.38884375395296705,-0.17283854793721984,0.1738160625972151,0.1819893673195992,0.1850667647762755,-0.808538334826714,0.8079260866119622,0.8304354631855214,0.8319538104006137,0.8081586778293477,0.8000877917598714,0.8996453318659321,0.9120374794055597,1.399876094416069,1.391660777812583,1.5916248474142876,1.6058259947415348,4.253487229926384,4.206417015197967,4.897484668488625,4.9507448659439985,-0.019801055981658593,0.019849844833856968,0.021770124012056365,0.023194928489677837,-0.5682167467797997,0.5710944290594987,0.6051591552258531,0.6235554347388423,-0.07053429153016452,0.07002292522193243,0.07841788967762604,0.08388670538618603,0.34973803749272797,1.2971635617589659,0.24496772977959613,8.902843014959516e-06,0.0010210351297412097,0.24446864529109094,0.004637795649129412,0.03195847471340669,0.49452053161825565,-0.007235600785873916,-0.6782209909162616,-0.009470815919277535,231923.93378269835,34530.10617243983,263682.9158744196,128294.63386387745,0.015,16.104260735643752,20.0,0.9999985396147314,0.02183157478645921,0.012082686857662856,0.08912092682753021,1.242493791601703,-1.0
compliant,baseline_0p5_10_hz,causal_low_pass,tls,True,True,20,0.0,0.0,-0.042912681215417595,0.04283827298307394,0.048564480801359416,0.0496449284054296,0.05180380467297877,0.049923261708403555,0.08047907113822915,0.0809479909316952,-0.6764815581791784,0.67513749765504,0.7076827857681167,0.7111446620594084,0.722501443521784,0.7151327385094373,0.8031424304095339,0.8149407829081717,0.8937625406651657,0.8852356554403457,1.042706079352414,1.0609316162347433,2.1034902132323468,2.0782334686205286,2.4209667337478407,2.4619405240337584,-0.019801055981658593,0.019849844833856968,0.021770124012056365,0.023194928489677837,-0.5682167467797997,0.5710944290594987,0.6051591552258531,0.6235554347388423,-0.07053429153016452,0.07002292522193243,0.07841788967762604,0.08388670538618603,0.3909921303722116,1.2971635617589659,0.24496772977959613,8.902843014959516e-06,0.0010210351297412097,0.24446864529109094,0.004637795649129412,0.03195847471340669,0.49452053161825565,-0.007235600785873916,-0.6782209909162616,-0.009470815919277535,231923.93378269835,34530.10617243983,263682.9158744196,128294.63386387745,0.015,16.104260735643752,20.0,0.9999985396147314,0.02183157478645921,0.012082686857662856,0.08912092682753021,1.242493791601703,-1.0
compliant,baseline_0p5_10_hz,causal_low_pass,iv,True,True,20,0.0,0.0,0.08065796171734188,0.11962830105858374,0.5469012323337863,0.555551853040616,-0.33827502926271424,0.30052891108333807,0.5906759306581999,0.6510267195480676,0.038929859380324824,0.022527696863259727,0.153078046339363,0.18071807279166885,0.01376712783197132,0.04530622988214885,0.14835782097034775,0.15880976918021314,-0.3514866227836701,0.31505141243881807,0.693478116840898,0.7425002425688032,-0.03482954765054348,0.022505048123678872,0.13273036962389598,0.1530577679431825,-0.019801055981658593,0.019849844833856968,0.021770124012056365,0.023194928489677837,-0.5682167467797997,0.5710944290594987,0.6051591552258531,0.6235554347388423,-0.07053429153016452,0.07002292522193243,0.07841788967762604,0.08388670538618603,0.793886891435327,1.2971635617589659,0.24496772977959613,8.902843014959516e-06,0.0010210351297412097,0.24446864529109094,0.004637795649129412,0.03195847471340669,0.49452053161825565,-0.007235600785873916,-0.6782209909162616,-0.009470815919277535,231923.93378269835,34530.10617243983,263682.9158744196,128294.63386387745,0.015,16.104260735643752,20.0,0.9999985396147314,0.02183157478645921,0.012082686857662856,0.08912092682753021,1.242493791601703,0.05894219406921914
compliant,baseline_0p5_10_hz,causal_polynomial,ols,True,True,20,0.0,0.0,-0.2937944868406165,0.2948552251760942,0.30890577195399294,0.3100333779372869,-0.8191105447092193,0.8190954956337605,0.8379723446615246,0.8392205019849184,-0.6545172917862461,0.6553784232456368,0.6796936171454799,0.6810676814892835,0.4302596731890624,0.42911907718631237,0.4688787461764395,0.47083777733087845,-0.6338964017485061,0.6311446607343976,0.6585655178654825,0.6631109457241888,1.8983961108322938,1.9018050873870536,2.122013878111851,2.135461481826587,-0.09021373870546671,0.08997365990866424,0.09811303770079664,0.10073553571325693,-2.046769530972973,2.053757201725386,2.124229335520292,2.147029063648193,-0.4562280568475806,0.4556401190086161,0.4808654051862754,0.49234260056760526,0.45172107070859985,1.6693751950381148,0.37363717902621785,8.902843014959516e-06,0.0010210351297412097,0.24446864529109094,0.004637795649129412,0.03195847471340669,0.49452053161825565,-0.007235600785873916,-0.6782209909162616,-0.009470815919277535,231923.93378269835,34530.10617243983,263682.9158744196,128294.63386387745,0.03,31.854208817575678,92.0,0.9999985396147314,0.02183157478645921,0.012082686857662856,0.08912092682753021,1.242493791601703,-1.0
compliant,baseline_0p5_10_hz,causal_polynomial,tls,True,True,20,0.0,0.0,0.37803757414230815,0.37703132044675486,0.39675453796821314,0.4082777774956543,-1.5985043546588626,1.6018769628633351,1.6848690947185836,1.7077348411061888,-0.19582526904243575,0.19532668676560838,0.2039731692620205,0.2066864810555903,0.30904766047822896,0.3084598090591778,0.32218916294019795,0.32339190364077924,-1.5683871105612615,1.5731846887900205,1.6432926943393333,1.6708533221238282,0.24356457027101,0.24274047312307878,0.2562398337073107,0.26053568497182455,-0.09021373870546671,0.08997365990866424,0.09811303770079664,0.10073553571325693,-2.046769530972973,2.053757201725386,2.124229335520292,2.147029063648193,-0.4562280568475806,0.4556401190086161,0.4808654051862754,0.49234260056760526,0.5712141234899557,1.6693751950381148,0.37363717902621785,8.902843014959516e-06,0.0010210351297412097,0.24446864529109094,0.004637795649129412,0.03195847471340669,0.49452053161825565,-0.007235600785873916,-0.6782209909162616,-0.009470815919277535,231923.93378269835,34530.10617243983,263682.9158744196,128294.63386387745,0.03,31.854208817575678,92.0,0.9999985396147314,0.02183157478645921,0.012082686857662856,0.08912092682753021,1.242493791601703,-1.0
compliant,baseline_0p5_10_hz,causal_polynomial,iv,True,True,20,0.0,1.0,-4.0319593673467065,4.02038608312856,4.183341827486436,4.294935814895233,2.0895646721667447,2.0735127218002978,2.2128326897395127,2.29834401208061,-1.3377292737700113,1.334856606241833,1.3726936395963387,1.405549703410525,1000000000.0,1000000000.0,1000000000.0,1000000000.0,1000000000.0,1000000000.0,1000000000.0,1000000000.0,1000000000.0,1000000000.0,1000000000.0,1000000000.0,-0.09021373870546671,0.08997365990866424,0.09811303770079664,0.10073553571325693,-2.046769530972973,2.053757201725386,2.124229335520292,2.147029063648193,-0.4562280568475806,0.4556401190086161,0.4808654051862754,0.49234260056760526,1.7093190441828283,1.6693751950381148,0.37363717902621785,8.902843014959516e-06,0.0010210351297412097,0.24446864529109094,0.004637795649129412,0.03195847471340669,0.49452053161825565,-0.007235600785873916,-0.6782209909162616,-0.009470815919277535,231923.93378269835,34530.10617243983,263682.9158744196,128294.63386387745,0.03,31.854208817575678,92.0,0.9999985396147314,0.02183157478645921,0.012082686857662856,0.08912092682753021,1.242493791601703,0.08602362741614056
compliant,baseline_0p5_10_hz,alpha_beta_gamma,ols,True,True,20,0.0,0.0,-0.22082879640800143,0.22074273098712943,0.22926975878402392,0.23318825686514288,-0.8577439854941769,0.8586240031196619,0.865448263136074,0.867045076714264,-0.5257883955497501,0.5252505100397089,0.538007154809022,0.54761387962976,0.2819399805724575,0.2814462846991879,0.292410123243344,0.30193631694489814,-0.7659561441493066,0.7671631314061675,0.7776269010704335,0.7780035444893643,1.1094802159682722,1.1063994030453714,1.1645859365193345,1.2105010630776745,-0.02968568523252994,0.029213312641916643,0.03599226658109813,0.03691560310225519,-1.6215467544121656,1.6187326850694292,1.6601060730435784,1.6823107662809744,-0.16538118840016594,0.16444617626625724,0.18215021061154002,0.18588063018107182,0.29719665810489754,1.7793471441883426,0.40326337560238446,8.902843014959516e-06,0.0010210351297412097,0.24446864529109094,0.004637795649129412,0.03195847471340669,0.49452053161825565,-0.007235600785873916,-0.6782209909162616,-0.009470815919277535,231923.93378269835,34530.10617243983,263682.9158744196,128294.63386387745,0.04,39.30976937757255,24.0,0.9999985396147314,0.02183157478645921,0.012082686857662856,0.08912092682753021,1.242493791601703,-1.0
compliant,baseline_0p5_10_hz,alpha_beta_gamma,tls,True,True,20,0.0,0.0,0.0749425369939484,0.07626917561842972,0.08000186171994948,0.08102530615081265,-1.1931834898421314,1.191139686921233,1.2242321495687951,1.22705876001439,-0.28518307588375436,0.2845279171909713,0.29567729056003644,0.29630767198427177,0.22631838752950947,0.225794510903492,0.23247801780570382,0.23819242103353097,-1.2203974220620168,1.2179494029050502,1.2550351813416774,1.2603502334308492,0.39904188087892406,0.3976786180558164,0.4198037757320342,0.4210756039074637,-0.02968568523252994,0.029213312641916643,0.03599226658109813,0.03691560310225519,-1.6215467544121656,1.6187326850694292,1.6601060730435784,1.6823107662809744,-0.16538118840016594,0.16444617626625724,0.18215021061154002,0.18588063018107182,0.33177191465668354,1.7793471441883426,0.40326337560238446,8.902843014959516e-06,0.0010210351297412097,0.24446864529109094,0.004637795649129412,0.03195847471340669,0.49452053161825565,-0.007235600785873916,-0.6782209909162616,-0.009470815919277535,231923.93378269835,34530.10617243983,263682.9158744196,128294.63386387745,0.04,39.30976937757255,24.0,0.9999985396147314,0.02183157478645921,0.012082686857662856,0.08912092682753021,1.242493791601703,-1.0
compliant,baseline_0p5_10_hz,alpha_beta_gamma,iv,True,True,20,0.0,1.0,-3.208123577555353,3.2042383897642996,3.3239076539145724,3.3472290900748374,1.6544882372967742,1.6461703205657243,1.757242477316458,1.764976182199279,-1.1708291417418355,1.1705364650626784,1.2031175328083226,1.2041383369426857,1000000000.0,1000000000.0,1000000000.0,1000000000.0,1000000000.0,1000000000.0,1000000000.0,1000000000.0,1000000000.0,1000000000.0,1000000000.0,1000000000.0,-0.02968568523252994,0.029213312641916643,0.03599226658109813,0.03691560310225519,-1.6215467544121656,1.6187326850694292,1.6601060730435784,1.6823107662809744,-0.16538118840016594,0.16444617626625724,0.18215021061154002,0.18588063018107182,1.3470051017544133,1.7793471441883426,0.40326337560238446,8.902843014959516e-06,0.0010210351297412097,0.24446864529109094,0.004637795649129412,0.03195847471340669,0.49452053161825565,-0.007235600785873916,-0.6782209909162616,-0.009470815919277535,231923.93378269835,34530.10617243983,263682.9158744196,128294.63386387745,0.04,39.30976937757255,24.0,0.9999985396147314,0.02183157478645921,0.012082686857662856,0.08912092682753021,1.242493791601703,0.09262549876017202
compliant,baseline_0p5_10_hz,centered_savitzky_golay,ols,False,True,20,0.0,0.0,0.05117140397702308,0.05094047266223306,0.05524285873309031,0.059168627303246665,-0.0025946090745971873,0.005837660247962617,0.01465433341659231,0.018236048476450682,0.1533880690725204,0.15394872816403016,0.16000898124258084,0.16105728543323217,-0.04533760770328763,0.04513945479181514,0.047687465912517824,0.0478036820021952,-0.09415994417858535,0.09378492364716184,0.10639585841928464,0.10768768144191121,-0.13297863727188805,0.1334103578180948,0.13793767193490913,0.13871605428420863,-0.051744841182657916,0.051579091222812144,0.054218331746840064,0.054356753577585515,-0.1119137633292833,0.11132273989702202,0.12476110793524291,0.12648706600666781,-0.15620529085208607,0.15614853403782858,0.1624991478660654,0.16453248125856756,0.06563647726890698,1.7903057786369052,0.5242349447109742,8.902843014959516e-06,0.0010210351297412097,0.24446864529109094,0.004637795649129412,0.03195847471340669,0.49452053161825565,-0.007235600785873916,-0.6782209909162616,-0.009470815919277535,231923.93378269835,34530.10617243983,263682.9158744196,128294.63386387745,0.0,47.06947881100554,92.0,0.9999985396147314,0.02183157478645921,0.012082686857662856,0.08912092682753021,1.242493791601703,-1.0
compliant,baseline_0p5_10_hz,centered_savitzky_golay,tls,False,True,20,0.0,0.0,0.06420204428373168,0.06339507085005544,0.06898816437590961,0.07423576315547564,0.0034699193057759364,0.006914177858999881,0.012757138283601163,0.015281780867944938,0.16818427320051904,0.16869582599225919,0.17645122049322826,0.17713819801991137,-0.045541089418155614,0.04531857970837852,0.047889906135332304,0.04799571611493558,-0.10000020097453863,0.09965687656125533,0.1129845446597202,0.11330457971573682,-0.14395732059017022,0.14434532194622057,0.14998599132951243,0.1504820745073766,-0.051744841182657916,0.051579091222812144,0.054218331746840064,0.054356753577585515,-0.1119137633292833,0.11132273989702202,0.12476110793524291,0.12648706600666781,-0.15620529085208607,0.15614853403782858,0.1624991478660654,0.16453248125856756,0.0659022970667871,1.7903057786369052,0.5242349447109742,8.902843014959516e-06,0.0010210351297412097,0.24446864529109094,0.004637795649129412,0.03195847471340669,0.49452053161825565,-0.007235600785873916,-0.6782209909162616,-0.009470815919277535,231923.93378269835,34530.10617243983,263682.9158744196,128294.63386387745,0.0,47.06947881100554,92.0,0.9999985396147314,0.02183157478645921,0.012082686857662856,0.08912092682753021,1.242493791601703,-1.0
compliant,baseline_0p5_10_hz,centered_savitzky_golay,iv,False,True,20,0.0,0.0,0.7652031753435082,0.7695947542924955,0.8423706771168861,0.9064349519792134,-0.39193863652227134,0.3944882575990875,0.45025973866422725,0.48136345960003946,0.4624778662831475,0.4612726471127636,0.49577140672982467,0.5221237042592148,0.09846326545312091,0.09970921654554266,0.11048002157205672,0.11914413000394201,-0.6207974979035373,0.6224609286924618,0.6645543660959694,0.6955421745748098,-0.3160649002606467,0.315664892311592,0.331437902982189,0.34302317400235305,-0.051744841182657916,0.051579091222812144,0.054218331746840064,0.054356753577585515,-0.1119137633292833,0.11132273989702202,0.12476110793524291,0.12648706600666781,-0.15620529085208607,0.15614853403782858,0.1624991478660654,0.16453248125856756,0.30112319723599557,1.7903057786369052,0.5242349447109742,8.902843014959516e-06,0.0010210351297412097,0.24446864529109094,0.004637795649129412,0.03195847471340669,0.49452053161825565,-0.007235600785873916,-0.6782209909162616,-0.009470815919277535,231923.93378269835,34530.10617243983,263682.9158744196,128294.63386387745,0.0,47.06947881100554,92.0,0.9999985396147314,0.02183157478645921,0.012082686857662856,0.08912092682753021,1.242493791601703,0.08494030975243325
compliant,mid_2_10_hz,backward_difference,ols,True,True,20,0.0,0.0,-0.3581315169259858,0.35812635557083156,0.36180366202089237,0.36247663149424975,-0.8983981149699515,0.8971458709776108,0.9212667230629087,0.945407715134998,-0.9938810081848996,0.9938951517711331,0.994900821695546,0.9951874701278632,9.302959411771782,9.260519028190927,10.184997258252118,10.566063572968362,0.6305788863679683,0.5664043438035872,1.174018147692023,1.2689226247370495,165.0636036115314,162.80429713691197,195.14448587684066,206.79091799299323,-0.18649633929287657,0.18552062941765968,0.20896599200677102,0.2120721652789964,-25.928632064199014,25.67825024869566,29.643410008118487,29.68665733199158,-0.4219574165103516,0.42014727973113963,0.47596358287277174,0.5074030824405042,0.43473458055795805,1.7284091961590669,0.49800992714319026,2.0357132110154613e-06,0.00038323716002356393,0.20450714114051333,0.003660688445215211,0.019580153633457345,0.4527087338517091,-0.0054156587179232845,-0.6277854422184879,-0.08311037117030888,165967.99738159636,12848.874112209258,252216.37901661242,81324.40691484256,0.005,0.0,8.0,1.0,0.015100820513434655,0.008796145440996838,0.06386873695667736,1.0758362488636326,-1.0
compliant,mid_2_10_hz,backward_difference,tls,True,True,20,0.0,0.0,0.3969193291601565,0.38635975713552495,0.44470733792027245,0.48671763593108236,-10.355881830463213,8.915676665052542,19.05249562802605,20.994702979204632,-0.7600147921601728,0.7907320829647726,0.8916104477008214,0.900202897420964,1.6398155495238917,1.5936445494329714,2.553744788051646,2.695761418557391,-16.333603612424866,15.587155713361835,23.831975459948264,24.796265225237207,4.314060486776596,3.794591374885793,8.229281957575015,9.020330993157176,-0.18649633929287657,0.18552062941765968,0.20896599200677102,0.2120721652789964,-25.928632064199014,25.67825024869566,29.643410008118487,29.68665733199158,-0.4219574165103516,0.42014727973113963,0.47596358287277174,0.5074030824405042,1.1060695537751646,1.7284091961590669,0.49800992714319026,2.0357132110154613e-06,0.00038323716002356393,0.20450714114051333,0.003660688445215211,0.019580153633457345,0.4527087338517091,-0.0054156587179232845,-0.6277854422184879,-0.08311037117030888,165967.99738159636,12848.874112209258,252216.37901661242,81324.40691484256,0.005,0.0,8.0,1.0,0.015100820513434655,0.008796145440996838,0.06386873695667736,1.0758362488636326,-1.0
compliant,mid_2_10_hz,backward_difference,iv,True,True,20,0.0,0.15,-0.12552481493109552,0.5804639270699471,1.423818896765584,1.615871345587418,-0.7275029948144157,0.7503293548070253,1.0431506173339447,1.0480556985701486,-0.021151131527337365,0.06531370692565536,0.16955959133250328,0.21382799957458276,-0.018911995201426706,0.2472608847479064,0.43585085630270837,0.44556213646756576,-0.6631203344736532,0.736191795466759,1.0570883866082,1.0629190330559877,-0.0013372045014266815,0.053746016595320856,0.13080443750072127,0.13425840947249956,-0.18649633929287657,0.18552062941765968,0.20896599200677102,0.2120721652789964,-25.928632064199014,25.67825024869566,29.643410008118487,29.68665733199158,-0.4219574165103516,0.42014727973113963,0.47596358287277174,0.5074030824405042,4.824229988413483,1.7284091961590669,0.49800992714319026,2.0357132110154613e-06,0.00038323716002356393,0.20450714114051333,0.003660688445215211,0.019580153633457345,0.4527087338517091,-0.0054156587179232845,-0.6277854422184879,-0.08311037117030888,165967.99738159636,12848.874112209258,252216.37901661242,81324.40691484256,0.005,0.0,8.0,1.0,0.015100820513434655,0.008796145440996838,0.06386873695667736,1.0758362488636326,0.0076250696663309435
compliant,mid_2_10_hz,causal_low_pass,ols,True,True,20,0.0,0.0,-0.2619383223572848,0.2626655337078388,0.2703146182722344,0.2727181124970346,-0.6584756839600351,0.6578014660821851,0.6783159925623193,0.6838218747210941,-0.8229621919728549,0.8231594502130807,0.8436744674153691,0.8456890082693505,1.0459868976890196,1.0411792920379122,1.1609577369050037,1.1801446907988005,-0.0535289372694405,0.05632911299972243,0.11174673000732137,0.11396784271456306,4.6814430159665585,4.65481164850829,5.396964284223355,5.480419760022695,-0.016224723345558766,0.0160826910268419,0.022306190627478344,0.02261184822905804,-1.2678148110763834,1.2585690730783163,1.3812440297071655,1.4473725408734772,-0.04461666723002487,0.04410618382846987,0.06006898603326832,0.061916386169506454,0.32980506478410776,1.1707251157604697,0.13765014624325228,2.0357132110154613e-06,0.00038323716002356393,0.20450714114051333,0.003660688445215211,0.019580153633457345,0.4527087338517091,-0.0054156587179232845,-0.6277854422184879,-0.08311037117030888,165967.99738159636,12848.874112209258,252216.37901661242,81324.40691484256,0.015,16.10426073564377,20.0,1.0,0.015100820513434655,0.008796145440996838,0.06386873695667736,1.0758362488636326,-1.0
compliant,mid_2_10_hz,causal_low_pass,tls,True,True,20,0.0,0.0,0.1317020519638827,0.13155725489574166,0.13954775417638224,0.14070533764663465,-0.642130312162137,0.6361477738333408,0.6795903228204625,0.6843067925554067,-0.7084800735427638,0.7077698017296549,0.7352016654810112,0.740244496854111,0.9732591391376483,0.9679907538292332,1.0753497347917067,1.0944609912665069,-0.37660601532707777,0.3835777105075214,0.42379825993380477,0.42403582253637784,2.4436439131955314,2.4219778408087045,2.7765322093045812,2.8497740678793635,-0.016224723345558766,0.0160826910268419,0.022306190627478344,0.02261184822905804,-1.2678148110763834,1.2585690730783163,1.3812440297071655,1.4473725408734772,-0.04461666723002487,0.04410618382846987,0.06006898603326832,0.061916386169506454,0.3673882741365352,1.1707251157604697,0.13765014624325228,2.0357132110154613e-06,0.00038323716002356393,0.20450714114051333,0.003660688445215211,0.019580153633457345,0.4527087338517091,-0.0054156587179232845,-0.6277854422184879,-0.08311037117030888,165967.99738159636,12848.874112209258,252216.37901661242,81324.40691484256,0.015,16.10426073564377,20.0,1.0,0.015100820513434655,0.008796145440996838,0.06386873695667736,1.0758362488636326,-1.0
compliant,mid_2_10_hz,causal_low_pass,iv,True,True,20,0.0,0.8,-1.2511277766547748,1.2088729300123995,1.6492847511331719,1.7354202628336486,-0.705012581552833,0.7030876543488376,0.7626803424722091,0.7656785784645966,-0.1833408857538708,0.18025580665273688,0.2447984644490323,0.2599502414726065,-0.8261675110358879,0.8051666509511235,0.9045822311519002,0.92108909442554,1.5149952637932185,0.978701082187272,3.2221055675687507,3.61565723440878,0.1627904602936187,0.16446331504259193,0.17647814701325637,0.1784447162541336,-0.016224723345558766,0.0160826910268419,0.022306190627478344,0.02261184822905804,-1.2678148110763834,1.2585690730783163,1.3812440297071655,1.4473725408734772,-0.04461666723002487,0.04410618382846987,0.06006898603326832,0.061916386169506454,0.7707296665042955,1.1707251157604697,0.13765014624325228,2.0357132110154613e-06,0.00038323716002356393,0.20450714114051333,0.003660688445215211,0.019580153633457345,0.4527087338517091,-0.0054156587179232845,-0.6277854422184879,-0.08311037117030888,165967.99738159636,12848.874112209258,252216.37901661242,81324.40691484256,0.015,16.10426073564377,20.0,1.0,0.015100820513434655,0.008796145440996838,0.06386873695667736,1.0758362488636326,0.02676455716059329
compliant,mid_2_10_hz,causal_polynomial,ols,True,True,20,0.0,0.0,-0.21689373104882415,0.21690474693292733,0.22499702795615317,0.22689263484410305,-2.248916426938743,2.2468528938040295,2.278639106598072,2.285298659904424,-0.6150339675886833,0.6165838875038085,0.6300620137847563,0.6310006883054866,0.4264716099391165,0.4283410780064062,0.4473955150250218,0.4474618541165961,-3.275527589199254,3.285090433260848,3.349805104708063,3.406419684002985,1.59890359009575,1.6081480780740494,1.7031566828432478,1.7100321553658575,-0.1288826866726795,0.12881252454547737,0.13345822265034865,0.14245856002065285,-4.280087750101567,4.277613644760934,4.368910822506835,4.372633408896158,-0.418652766132854,0.4172482422524606,0.43078434073239347,0.45025250192277966,0.43424454067316265,1.7454602949869447,0.4695732777413417,2.0357132110154613e-06,0.00038323716002356393,0.20450714114051333,0.003660688445215211,0.019580153633457345,0.4527087338517091,-0.0054156587179232845,-0.6277854422184879,-0.08311037117030888,165967.99738159636,12848.874112209258,252216.37901661242,81324.40691484256,0.03,31.854208817575675,92.0,1.0,0.015100820513434655,0.008796145440996838,0.06386873695667736,1.0758362488636326,-1.0
compliant,mid_2_10_hz,causal_polynomial,tls,True,True,20,0.0,0.0,0.351462121347407,0.35222489261620427,0.36172551796517166,0.3674011147497609,-4.594162821675379,4.602762195806184,4.7030157311519645,4.770080256519456,-0.1226745808702995,0.12142557586168584,0.12845211796950867,0.13082568561705954,0.24114245781425322,0.24095464727091365,0.24490951615748388,0.24567148166674233,-4.300660890694334,4.303786614963192,4.405090821830161,4.425952516030862,0.13984892059326126,0.1382075019174831,0.1473843399651088,0.15051720173063043,-0.1288826866726795,0.12881252454547737,0.13345822265034865,0.14245856002065285,-4.280087750101567,4.277613644760934,4.368910822506835,4.372633408896158,-0.418652766132854,0.4172482422524606,0.43078434073239347,0.45025250192277966,0.5575229093857375,1.7454602949869447,0.4695732777413417,2.0357132110154613e-06,0.00038323716002356393,0.20450714114051333,0.003660688445215211,0.019580153633457345,0.4527087338517091,-0.0054156587179232845,-0.6277854422184879,-0.08311037117030888,165967.99738159636,12848.874112209258,252216.37901661242,81324.40691484256,0.03,31.854208817575675,92.0,1.0,0.015100820513434655,0.008796145440996838,0.06386873695667736,1.0758362488636326,-1.0
compliant,mid_2_10_hz,causal_polynomial,iv,True,True,20,0.0,1.0,-9.086840342677514,9.044582746750509,9.362844862048412,9.535773523086242,-0.6912060563170768,0.6965660757095689,0.7403901692929545,0.7470455997619447,-1.2702639693679463,1.2664343958393147,1.3008711812385685,1.3241705073020056,1000000000.0,1000000000.0,1000000000.0,1000000000.0,1000000000.0,1000000000.0,1000000000.0,1000000000.0,1000000000.0,1000000000.0,1000000000.0,1000000000.0,-0.1288826866726795,0.12881252454547737,0.13345822265034865,0.14245856002065285,-4.280087750101567,4.277613644760934,4.368910822506835,4.372633408896158,-0.418652766132854,0.4172482422524606,0.43078434073239347,0.45025250192277966,3.1944999538489154,1.7454602949869447,0.4695732777413417,2.0357132110154613e-06,0.00038323716002356393,0.20450714114051333,0.003660688445215211,0.019580153633457345,0.4527087338517091,-0.0054156587179232845,-0.6277854422184879,-0.08311037117030888,165967.99738159636,12848.874112209258,252216.37901661242,81324.40691484256,0.03,31.854208817575675,92.0,1.0,0.015100820513434655,0.008796145440996838,0.06386873695667736,1.0758362488636326,0.02699283123245396
compliant,mid_2_10_hz,alpha_beta_gamma,ols,True,True,20,0.0,0.0,-0.16133571236557895,0.16092557782916864,0.16704570811787242,0.16719328781504403,-1.6792303015666015,1.679740558041015,1.6980938539322734,1.698444405774118,-0.5247171003131849,0.525971895315438,0.533296020840276,0.533585686570798,0.32841762965290633,0.32989155329938197,0.3362565885896411,0.336472071822252,-2.0759306786188527,2.0730099285119823,2.1078464270026775,2.109174376923878,1.1042948465742346,1.1095847593577266,1.1426858671469347,1.144016534672219,-0.03293668530147953,0.0322042437861807,0.03809677645004701,0.045820404069192654,-2.7950842738274297,2.792000717408007,2.832519002189803,2.834280931083449,-0.1324351243165771,0.13049746300219134,0.14361843502443652,0.16484807969326276,0.2797009399111269,1.7319212057680682,0.46125894601288725,2.0357132110154613e-06,0.00038323716002356393,0.20450714114051333,0.003660688445215211,0.019580153633457345,0.4527087338517091,-0.0054156587179232845,-0.6277854422184879,-0.08311037117030888,165967.99738159636,12848.874112209258,252216.37901661242,81324.40691484256,0.04,39.30976937757255,24.0,1.0,0.015100820513434655,0.008796145440996838,0.06386873695667736,1.0758362488636326,-1.0
compliant,mid_2_10_hz,alpha_beta_gamma,tls,True,True,20,0.0,0.0,0.12091145927875264,0.1214026247268687,0.12543797255146988,0.13173578879885922,-2.4028769908222363,2.3979784994354416,2.4345153225951877,2.4531966059521637,-0.2864334091784681,0.2864411175532161,0.2914174472480522,0.2923798609320074,0.25334716894770437,0.25380856638799076,0.2576871879658217,0.2577360500387996,-2.568620659346201,2.5651401865824446,2.606519132889217,2.6105985710049686,0.40144997369691604,0.4014265236682617,0.4112683036501874,0.4131875914627039,-0.03293668530147953,0.0322042437861807,0.03809677645004701,0.045820404069192654,-2.7950842738274297,2.792000717408007,2.832519002189803,2.834280931083449,-0.1324351243165771,0.13049746300219134,0.14361843502443652,0.16484807969326276,0.31368980694358967,1.7319212057680682,0.46125894601288725,2.0357132110154613e-06,0.00038323716002356393,0.20450714114051333,0.003660688445215211,0.019580153633457345,0.4527087338517091,-0.0054156587179232845,-0.6277854422184879,-0.08311037117030888,165967.99738159636,12848.874112209258,252216.37901661242,81324.40691484256,0.04,39.30976937757255,24.0,1.0,0.015100820513434655,0.008796145440996838,0.06386873695667736,1.0758362488636326,-1.0
compliant,mid_2_10_hz,alpha_beta_gamma,iv,True,True,20,0.0,1.0,-5.774742224775333,5.77372938641101,5.864278219686385,5.864322605863049,0.12662784625672774,0.12218494286001702,0.1613812506919606,0.1743718484204404,-1.08929665645644,1.087686192184222,1.1016350541787958,1.1050505281850551,1000000000.0,1000000000.0,1000000000.0,1000000000.0,1000000000.0,1000000000.0,1000000000.0,1000000000.0,1000000000.0,1000000000.0,1000000000.0,1000000000.0,-0.03293668530147953,0.0322042437861807,0.03809677645004701,0.045820404069192654,-2.7950842738274297,2.792000717408007,2.832519002189803,2.834280931083449,-0.1324351243165771,0.13049746300219134,0.14361843502443652,0.16484807969326276,2.0254017387004595,1.7319212057680682,0.46125894601288725,2.0357132110154613e-06,0.00038323716002356393,0.20450714114051333,0.003660688445215211,0.019580153633457345,0.4527087338517091,-0.0054156587179232845,-0.6277854422184879,-0.08311037117030888,165967.99738159636,12848.874112209258,252216.37901661242,81324.40691484256,0.04,39.30976937757255,24.0,1.0,0.015100820513434655,0.008796145440996838,0.06386873695667736,1.0758362488636326,0.03225261626479769
compliant,mid_2_10_hz,centered_savitzky_golay,ols,False,True,20,0.0,0.0,0.04320104313609792,0.0430381139189722,0.04896590998081373,0.04977858279446039,0.04178336904563318,0.040996210343981335,0.06457944952290864,0.06503913596749449,0.20872117663040504,0.20860086012903345,0.2190058668141031,0.2218358966196039,-0.07098454189739024,0.07075764652963637,0.07352527469600743,0.074814924830223,-0.07224389078143803,0.07213395761927549,0.09063034482544524,0.09988636309242749,-0.1726613568790494,0.17259697077900282,0.17965917123656305,0.18155948538862454,-0.07925362191177646,0.07879423530005206,0.0826505497359688,0.0832249701177945,-0.07869301839040965,0.07803977110951493,0.09612337193055978,0.10592802637268905,-0.1960443957292267,0.19485520695693426,0.20344355452792712,0.20601288993722733,0.06453942456436376,1.4690441346960665,0.3536830077865394,2.0357132110154613e-06,0.00038323716002356393,0.20450714114051333,0.003660688445215211,0.019580153633457345,0.4527087338517091,-0.0054156587179232845,-0.6277854422184879,-0.08311037117030888,165967.99738159636,12848.874112209258,252216.37901661242,81324.40691484256,0.0,47.06947881100554,92.0,1.0,0.015100820513434655,0.008796145440996838,0.06386873695667736,1.0758362488636326,-1.0
compliant,mid_2_10_hz,centered_savitzky_golay,tls,False,True,20,0.0,0.0,0.05628777950318455,0.05630245391052341,0.06279006730887308,0.06310883027100331,0.056351988510135266,0.05499355045408576,0.07927149667551127,0.08070671031899775,0.22368548602892852,0.2232147788138653,0.23455492602893896,0.23781882255414133,-0.07090849660487392,0.07068251194845407,0.07346728343232242,0.0747245288521274,-0.07084859080484063,0.07087493252571198,0.08918641207387877,0.09830812180197235,-0.18277769168523134,0.1824820771470806,0.18999118964192735,0.19212732770004337,-0.07925362191177646,0.07879423530005206,0.0826505497359688,0.0832249701177945,-0.07869301839040965,0.07803977110951493,0.09612337193055978,0.10592802637268905,-0.1960443957292267,0.19485520695693426,0.20344355452792712,0.20601288993722733,0.06478834894469462,1.4690441346960665,0.3536830077865394,2.0357132110154613e-06,0.00038323716002356393,0.20450714114051333,0.003660688445215211,0.019580153633457345,0.4527087338517091,-0.0054156587179232845,-0.6277854422184879,-0.08311037117030888,165967.99738159636,12848.874112209258,252216.37901661242,81324.40691484256,0.0,47.06947881100554,92.0,1.0,0.015100820513434655,0.008796145440996838,0.06386873695667736,1.0758362488636326,-1.0
compliant,mid_2_10_hz,centered_savitzky_golay,iv,False,True,20,0.0,0.0,1.8574368256625629,1.9138946503349938,2.0282819393861544,2.1483766761955105,0.16094055143475966,0.16366938427086863,0.2039088412314661,0.21072377280749066,0.6310590146915198,0.637549676465679,0.6700961372017837,0.6866332502756984,0.3229264783558873,0.3304719845496399,0.35420819916555935,0.3662589324014336,-0.4616599841872504,0.46304308439624065,0.4865307894763849,0.4908263647935731,-0.38667602738902873,0.3893314796571882,0.4012290129973992,0.40710287797507894,-0.07925362191177646,0.07879423530005206,0.0826505497359688,0.0832249701177945,-0.07869301839040965,0.07803977110951493,0.09612337193055978,0.10592802637268905,-0.1960443957292267,0.19485520695693426,0.20344355452792712,0.20601288993722733,0.6521014966789194,1.4690441346960665,0.3536830077865394,2.0357132110154613e-06,0.00038323716002356393,0.20450714114051333,0.003660688445215211,0.019580153633457345,0.4527087338517091,-0.0054156587179232845,-0.6277854422184879,-0.08311037117030888,165967.99738159636,12848.874112209258,252216.37901661242,81324.40691484256,0.0,47.06947881100554,92.0,1.0,0.015100820513434655,0.008796145440996838,0.06386873695667736,1.0758362488636326,0.025440709862422375
compliant,high_5_15_hz,backward_difference,ols,True,True,20,0.0,0.0,-0.08239278771816991,0.08230378448654463,0.08782115395287979,0.08784518486979906,-2.006508152612811,2.014367271479654,2.2136866541237876,2.250700658327344,-0.9819095473940017,0.9814898967680827,0.9855794399105104,0.9866495423213806,6.163317511921984,6.059001209661579,6.98536454481391,7.277272523463063,-8.778916893634959,8.798326540489684,9.80201150139017,9.99177891136205,55.14626591488479,53.025386739780636,68.36705852980761,73.90379911105869,-0.01556223409469559,0.033157355577490666,0.14107705668255027,0.14697652189276783,-49.18181531643966,48.836067081980744,56.70082732472485,57.8729661500468,0.13729773636608797,0.1364532995979033,0.33309817791414675,0.3407167715124615,0.39313676678990894,2.718512154799217,0.7616165862020593,2.0568442380164416e-07,5.506331831835977e-05,0.15744613977950242,0.0032989045218683242,0.007425206405081337,0.3968644547298734,-0.02586277125652,-0.3316073721954497,-0.02050891143097105,146345.98348763766,1860.4484841814033,212038.18620346906,38648.93333056797,0.005,0.0,8.0,1.0,0.006835802850880961,0.005066310821310712,0.04494606903110481,0.8294749090850871,-1.0
compliant,high_5_15_hz,backward_difference,tls,True,True,20,0.0,0.0,0.13865566033709592,0.14923385000541722,0.18360965162932674,0.18967812562422354,-25.72727520948493,25.229107824982336,33.35699036207416,36.53842251829613,-0.5955448808866358,0.6008298711473188,0.6796260073839041,0.699592643877152,0.6963232929164606,0.6982225236508037,0.8974525600472385,0.9900292353323206,-37.32604336414019,37.047152066586406,44.67789784541313,45.56105585908421,1.5405788876793753,1.505314042070115,2.1220302717573443,2.3288132917459645,-0.01556223409469559,0.033157355577490666,0.14107705668255027,0.14697652189276783,-49.18181531643966,48.836067081980744,56.70082732472485,57.8729661500468,0.13729773636608797,0.1364532995979033,0.33309817791414675,0.3407167715124615,1.3200509191326528,2.718512154799217,0.7616165862020593,2.0568442380164416e-07,5.506331831835977e-05,0.15744613977950242,0.0032989045218683242,0.007425206405081337,0.3968644547298734,-0.02586277125652,-0.3316073721954497,-0.02050891143097105,146345.98348763766,1860.4484841814033,212038.18620346906,38648.93333056797,0.005,0.0,8.0,1.0,0.006835802850880961,0.005066310821310712,0.04494606903110481,0.8294749090850871,-1.0
compliant,high_5_15_hz,backward_difference,iv,True,True,20,0.0,0.45,1.638182982424756,11.669394007882554,23.835692860268338,35.31732679078543,-3.0086735427254756,3.1716878633214436,4.143008551519159,4.333255718614634,0.1135686387145041,0.30434486375412817,0.6338606613277595,1.2704360245759538,1.9518482842301959,2.019659909885557,2.652622556311753,2.999468700988435,-1.5409501651546693,1.448397689654679,1.9429072326414696,1.967720002118575,-0.2843939513252565,0.29311507793045577,0.46734763478649355,0.5595559667061005,-0.01556223409469559,0.033157355577490666,0.14107705668255027,0.14697652189276783,-49.18181531643966,48.836067081980744,56.70082732472485,57.8729661500468,0.13729773636608797,0.1364532995979033,0.33309817791414675,0.3407167715124615,6.914457960536289,2.718512154799217,0.7616165862020593,2.0568442380164416e-07,5.506331831835977e-05,0.15744613977950242,0.0032989045218683242,0.007425206405081337,0.3968644547298734,-0.02586277125652,-0.3316073721954497,-0.02050891143097105,146345.98348763766,1860.4484841814033,212038.18620346906,38648.93333056797,0.005,0.0,8.0,1.0,0.006835802850880961,0.005066310821310712,0.04494606903110481,0.8294749090850871,0.001055566824869925
compliant,high_5_15_hz,causal_low_pass,ols,True,True,20,0.0,0.0,-0.05857302503784301,0.057915050930872736,0.06343150479895548,0.06480256066931872,-2.166737535495446,2.155356365440162,2.392280052428767,2.394332724623564,-0.8877532934669086,0.8858223083615244,0.8998081359611816,0.9011862648864701,1.9018870465076607,1.8744630607436004,2.0606009529385187,2.089234250877799,-4.593746735332482,4.573395165380889,5.217740749289435,5.507602889954366,7.957471499823599,7.758352338427202,8.98095103745866,9.120050606841975,-0.002819271147294335,0.009824500301780413,0.020254489881609133,0.026243616940511316,-8.26942427571188,8.095868851073519,9.111575326501864,9.455490051455882,0.003667344980104481,0.016839012122353836,0.046240737413956984,0.05596648545940042,0.2434735127273772,1.3307850200970104,0.2768966574478289,2.0568442380164416e-07,5.506331831835977e-05,0.15744613977950242,0.0032989045218683242,0.007425206405081337,0.3968644547298734,-0.02586277125652,-0.3316073721954497,-0.02050891143097105,146345.98348763766,1860.4484841814033,212038.18620346906,38648.93333056797,0.015,16.104260735643766,20.0,1.0,0.006835802850880961,0.005066310821310712,0.04494606903110481,0.8294749090850871,-1.0
compliant,high_5_15_hz,causal_low_pass,tls,True,True,20,0.0,0.0,0.179095377061881,0.1784069025397509,0.18440396350376925,0.1865891489533601,-2.768701954656035,2.762243052494492,3.02964437253912,3.1040538307742067,-0.8479460893854796,0.8457358458652828,0.8622440030531234,0.8646876298972979,1.789179808068171,1.7667509305520812,1.9289613800223924,1.9584217634324663,-5.1825760672755,5.149032035368413,5.808881601930708,6.163138369592696,5.604539578048845,5.482389957655632,6.2593343799772425,6.390307325494332,-0.002819271147294335,0.009824500301780413,0.020254489881609133,0.026243616940511316,-8.26942427571188,8.095868851073519,9.111575326501864,9.455490051455882,0.003667344980104481,0.016839012122353836,0.046240737413956984,0.05596648545940042,0.25760938596136884,1.3307850200970104,0.2768966574478289,2.0568442380164416e-07,5.506331831835977e-05,0.15744613977950242,0.0032989045218683242,0.007425206405081337,0.3968644547298734,-0.02586277125652,-0.3316073721954497,-0.02050891143097105,146345.98348763766,1860.4484841814033,212038.18620346906,38648.93333056797,0.015,16.104260735643766,20.0,1.0,0.006835802850880961,0.005066310821310712,0.04494606903110481,0.8294749090850871,-1.0
compliant,high_5_15_hz,causal_low_pass,iv,True,True,20,0.0,0.95,-8.167076333729048,10.145671494027239,13.440707898701284,14.677911782244385,-3.205688892194634,3.2212026216118286,3.5653356571820396,3.7085204732592407,-0.26739864248427986,0.30953951001089575,0.4526056561894761,0.5228317832093179,1.961903146090537,1.961903146090537,1.961903146090537,1.961903146090537,-1.541754442405654,1.541754442405654,1.541754442405654,1.541754442405654,-0.27943763924317844,0.27943763924317844,0.27943763924317844,0.27943763924317844,-0.002819271147294335,0.009824500301780413,0.020254489881609133,0.026243616940511316,-8.26942427571188,8.095868851073519,9.111575326501864,9.455490051455882,0.003667344980104481,0.016839012122353836,0.046240737413956984,0.05596648545940042,3.3820697977092413,1.3307850200970104,0.2768966574478289,2.0568442380164416e-07,5.506331831835977e-05,0.15744613977950242,0.0032989045218683242,0.007425206405081337,0.3968644547298734,-0.02586277125652,-0.3316073721954497,-0.02050891143097105,146345.98348763766,1860.4484841814033,212038.18620346906,38648.93333056797,0.015,16.104260735643766,20.0,1.0,0.006835802850880961,0.005066310821310712,0.04494606903110481,0.8294749090850871,0.0006697952058996695
compliant,high_5_15_hz,causal_polynomial,ols,True,True,20,0.0,0.0,-0.08687772913080169,0.0862916545248372,0.09173937258020705,0.09470796006380056,-10.04732547227279,10.085723291309147,10.19456646923773,10.2136826934034,-0.3481315175141731,0.35338775081428864,0.37659208614455936,0.3933064490769951,0.18419060232032358,0.18856072970905835,0.21188652349597173,0.2236519479435378,-12.731810828696764,12.742422388093086,13.055298759078212,13.087091105015622,0.5363673180622959,0.5465246811509069,0.6041484223122913,0.6482786053661371,-0.48090221825190993,0.4809610823419208,0.4942249809040325,0.49688340844248985,-17.206584775163083,17.25705651796596,17.460866573230074,17.528104917221565,-0.7367832810059252,0.7380606092728499,0.7506171195204179,0.7525049959543395,0.43887655698338857,3.5381055581899385,0.851960146749685,2.0568442380164416e-07,5.506331831835977e-05,0.15744613977950242,0.0032989045218683242,0.007425206405081337,0.3968644547298734,-0.02586277125652,-0.3316073721954497,-0.02050891143097105,146345.98348763766,1860.4484841814033,212038.18620346906,38648.93333056797,0.035,31.85420881757568,92.0,1.0,0.006835802850880961,0.005066310821310712,0.04494606903110481,0.8294749090850871,-1.0
compliant,high_5_15_hz,causal_polynomial,tls,True,True,20,0.0,0.0,0.0722678703091114,0.07293810494299549,0.07949879811145556,0.0797402365930948,-23.978629245789374,24.048833950695617,24.586478116250095,24.667095438234615,1.2601084341999755,1.2719508817606122,1.3402568713588976,1.3488094066737668,-0.31105508928798786,0.31296036836826713,0.32202365863788973,0.32236947840987795,-15.76129914414808,15.772896002113924,15.939595502072617,15.958798591215253,-0.5572521539033963,0.5598487311500193,0.5726961801762659,0.5742523862691201,-0.48090221825190993,0.4809610823419208,0.4942249809040325,0.49688340844248985,-17.206584775163083,17.25705651796596,17.460866573230074,17.528104917221565,-0.7367832810059252,0.7380606092728499,0.7506171195204179,0.7525049959543395,0.6766809841082797,3.5381055581899385,0.851960146749685,2.0568442380164416e-07,5.506331831835977e-05,0.15744613977950242,0.0032989045218683242,0.007425206405081337,0.3968644547298734,-0.02586277125652,-0.3316073721954497,-0.02050891143097105,146345.98348763766,1860.4484841814033,212038.18620346906,38648.93333056797,0.035,31.85420881757568,92.0,1.0,0.006835802850880961,0.005066310821310712,0.04494606903110481,0.8294749090850871,-1.0
compliant,high_5_15_hz,causal_polynomial,iv,True,True,20,0.0,1.0,-46.99925320830942,46.784881379105286,49.541819123216555,49.88959880956295,5.309035011227712,5.452556606327649,6.397400350973127,6.444618085167417,-1.673405870000827,1.692979274906813,1.7762123006179444,1.797786873932715,1000000000.0,1000000000.0,1000000000.0,1000000000.0,1000000000.0,1000000000.0,1000000000.0,1000000000.0,1000000000.0,1000000000.0,1000000000.0,1000000000.0,-0.48090221825190993,0.4809610823419208,0.4942249809040325,0.49688340844248985,-17.206584775163083,17.25705651796596,17.460866573230074,17.528104917221565,-0.7367832810059252,0.7380606092728499,0.7506171195204179,0.7525049959543395,15.395440797862502,3.5381055581899385,0.851960146749685,2.0568442380164416e-07,5.506331831835977e-05,0.15744613977950242,0.0032989045218683242,0.007425206405081337,0.3968644547298734,-0.02586277125652,-0.3316073721954497,-0.02050891143097105,146345.98348763766,1860.4484841814033,212038.18620346906,38648.93333056797,0.035,31.85420881757568,92.0,1.0,0.006835802850880961,0.005066310821310712,0.04494606903110481,0.8294749090850871,0.0018465702516892808
compliant,high_5_15_hz,alpha_beta_gamma,ols,True,True,20,0.0,0.0,-0.05809447634378869,0.058874127516738775,0.06172704587484745,0.06464957524248689,-4.488168358373034,4.477870764712989,4.590042521026624,4.5951618359283355,-0.5670851798528977,0.5666320149239628,0.58084636185253,0.5902918052305886,0.47538170376412126,0.47431354511532337,0.4999899602881495,0.5142459835656066,-6.4635521824761195,6.456645458914258,6.615047049019593,6.6830352932267685,1.311421979354209,1.3075078535425535,1.3858251948920777,1.440761529221576,-0.19546402003572874,0.19690923775050023,0.21103416880949233,0.2119055763955405,-7.522346378529619,7.494552031931863,7.673146238152722,7.687843857095328,-0.35482299204700196,0.356036942534006,0.3772526699512763,0.38338092907180155,0.20688203477836514,2.1890941588861006,0.6536656133647835,2.0568442380164416e-07,5.506331831835977e-05,0.15744613977950242,0.0032989045218683242,0.007425206405081337,0.3968644547298734,-0.02586277125652,-0.3316073721954497,-0.02050891143097105,146345.98348763766,1860.4484841814033,212038.18620346906,38648.93333056797,0.045,39.30976937757252,24.0,1.0,0.006835802850880961,0.005066310821310712,0.04494606903110481,0.8294749090850871,-1.0
compliant,high_5_15_hz,alpha_beta_gamma,tls,True,True,20,0.0,0.0,0.07439965765191409,0.0739262724507224,0.07883432703300836,0.07952877784683494,-6.042762962682597,6.024704636059621,6.126942853068752,6.167460681420922,-0.32778643274125085,0.3275663054555029,0.34488242325134694,0.3502715188870458,0.2643708373620547,0.26556130517595794,0.2824354562812246,0.28522006280116086,-6.934289882232193,6.929310389860561,7.066861167149335,7.107088599513861,0.4880424780805816,0.48713547425544634,0.5264490299664657,0.53910445527499,-0.19546402003572874,0.19690923775050023,0.21103416880949233,0.2119055763955405,-7.522346378529619,7.494552031931863,7.673146238152722,7.687843857095328,-0.35482299204700196,0.356036942534006,0.3772526699512763,0.38338092907180155,0.22504769935097158,2.1890941588861006,0.6536656133647835,2.0568442380164416e-07,5.506331831835977e-05,0.15744613977950242,0.0032989045218683242,0.007425206405081337,0.3968644547298734,-0.02586277125652,-0.3316073721954497,-0.02050891143097105,146345.98348763766,1860.4484841814033,212038.18620346906,38648.93333056797,0.045,39.30976937757252,24.0,1.0,0.006835802850880961,0.005066310821310712,0.04494606903110481,0.8294749090850871,-1.0
compliant,high_5_15_hz,alpha_beta_gamma,iv,True,True,20,0.0,1.0,-22.66126564462958,22.676568901580566,23.398970047013844,23.885543148519645,2.7011787480097875,2.664505117750215,3.04386324764132,3.1950498306869983,-1.184905154447986,1.1808752317538058,1.2210099166172022,1.2319095295047227,1000000000.0,1000000000.0,1000000000.0,1000000000.0,1000000000.0,1000000000.0,1000000000.0,1000000000.0,1000000000.0,1000000000.0,1000000000.0,1000000000.0,-0.19546402003572874,0.19690923775050023,0.21103416880949233,0.2119055763955405,-7.522346378529619,7.494552031931863,7.673146238152722,7.687843857095328,-0.35482299204700196,0.356036942534006,0.3772526699512763,0.38338092907180155,7.460106660362369,2.1890941588861006,0.6536656133647835,2.0568442380164416e-07,5.506331831835977e-05,0.15744613977950242,0.0032989045218683242,0.007425206405081337,0.3968644547298734,-0.02586277125652,-0.3316073721954497,-0.02050891143097105,146345.98348763766,1860.4484841814033,212038.18620346906,38648.93333056797,0.045,39.30976937757252,24.0,1.0,0.006835802850880961,0.005066310821310712,0.04494606903110481,0.8294749090850871,0.0024471355068595452
compliant,high_5_15_hz,centered_savitzky_golay,ols,False,True,20,0.0,0.0,0.017659272675068793,0.0174215160689419,0.02127459568357286,0.024563260282437084,0.03939856080307621,0.08119925783379749,0.2333004362667124,0.24728691595033023,0.4585383351645054,0.4641824971856634,0.49388991724361697,0.5001494802789157,-0.16462807522401213,0.16614948091503196,0.17374067038367652,0.17507501102165718,-0.1469574639300752,0.12350654780387343,0.30189473490272595,0.3673941861414307,-0.3142177867651766,0.3170239940693804,0.33060601798148603,0.3333997623929619,-0.18251883255754403,0.18259295825024296,0.19164261407421257,0.19415178394787241,-0.15350247380417933,0.13070759084620426,0.30566475388318537,0.36913557958862897,-0.34561419831080237,0.3458023126705996,0.362030917209532,0.36591433519978,0.05156489057796504,1.1289998779305028,0.10522342340101079,2.0568442380164416e-07,5.506331831835977e-05,0.15744613977950242,0.0032989045218683242,0.007425206405081337,0.3968644547298734,-0.02586277125652,-0.3316073721954497,-0.02050891143097105,146345.98348763766,1860.4484841814033,212038.18620346906,38648.93333056797,0.0,47.06947881100554,92.0,1.0,0.006835802850880961,0.005066310821310712,0.04494606903110481,0.8294749090850871,-1.0
compliant,high_5_15_hz,centered_savitzky_golay,tls,False,True,20,0.0,0.0,0.02688629556592444,0.026072293879908413,0.031110633262155376,0.03355016841215502,0.05574337742419726,0.09846169675372493,0.22086002992653803,0.2625274384947451,0.4727039064250301,0.4777448403180614,0.5105925948295327,0.5136839009491256,-0.1648940190059947,0.16638916134987092,0.17405177318674775,0.1753219295568565,-0.1415805525030935,0.11860816402092406,0.295811451509928,0.3619568949557278,-0.3208110114961739,0.3232920515580436,0.3380079953995439,0.33936008741787516,-0.18251883255754403,0.18259295825024296,0.19164261407421257,0.19415178394787241,-0.15350247380417933,0.13070759084620426,0.30566475388318537,0.36913557958862897,-0.34561419831080237,0.3458023126705996,0.362030917209532,0.36591433519978,0.05168984308146671,1.1289998779305028,0.10522342340101079,2.0568442380164416e-07,5.506331831835977e-05,0.15744613977950242,0.0032989045218683242,0.007425206405081337,0.3968644547298734,-0.02586277125652,-0.3316073721954497,-0.02050891143097105,146345.98348763766,1860.4484841814033,212038.18620346906,38648.93333056797,0.0,47.06947881100554,92.0,1.0,0.006835802850880961,0.005066310821310712,0.04494606903110481,0.8294749090850871,-1.0
compliant,high_5_15_hz,centered_savitzky_golay,iv,False,True,20,0.0,0.25,-0.6478436834110751,0.7082350268523321,2.0514357800816074,2.1679629737330544,-0.5047826384220735,0.47436379382159877,0.8392179250199301,0.8713314637952452,0.5350408077773718,0.546160517686687,0.6249456212964116,0.6266210627123239,-0.3835840644163772,0.4491353824694171,0.7154901832918601,0.8131697358183118,-0.32925459910951194,0.5369471840666507,0.9474322271774602,1.3166581599399594,-0.3574380271566476,0.35552942072345395,0.3847615748240468,0.38522866639108866,-0.18251883255754403,0.18259295825024296,0.19164261407421257,0.19415178394787241,-0.15350247380417933,0.13070759084620426,0.30566475388318537,0.36913557958862897,-0.34561419831080237,0.3458023126705996,0.362030917209532,0.36591433519978,0.24699844984993186,1.1289998779305028,0.10522342340101079,2.0568442380164416e-07,5.506331831835977e-05,0.15744613977950242,0.0032989045218683242,0.007425206405081337,0.3968644547298734,-0.02586277125652,-0.3316073721954497,-0.02050891143097105,146345.98348763766,1860.4484841814033,212038.18620346906,38648.93333056797,0.0,47.06947881100554,92.0,1.0,0.006835802850880961,0.005066310821310712,0.04494606903110481,0.8294749090850871,0.0005712208149634386
compliant,wide_0p5_20_hz,backward_difference,ols,True,True,20,0.0,0.3,-0.33304943629691236,0.33330257789486795,0.33667428951479594,0.3376385733819475,-0.4899600411610138,0.48832678597225826,0.5206224750676316,0.5213520839013813,-0.9993911867051226,0.9992107000724031,1.0007444064744473,1.000953161260873,28.402123019894876,25.281200567080354,52.0911367054829,75.8086172678897,21.526895011060102,18.525799154217808,39.15317670526016,58.52966924558212,1601.1948858400835,1031.0621606973812,4692.175839529478,8873.804301479748,-0.2963696456453978,0.29374240738349106,0.32547954718174327,0.3281139211556897,-24.52861978548076,24.182864310331773,27.28544909699569,27.772901482778035,-0.8988282066610093,0.9102541549280119,0.9686650998547144,0.9887086672739684,0.43630818154586204,1.648193305630722,0.46071123231062083,3.7896164802062065e-06,0.0004986923446511345,0.20168036524854968,0.003976839034541127,0.022337123846507705,0.4493100340361086,-0.010759779707307347,-0.5457094969177478,-0.023777576168417042,195352.85661391064,16859.580655832895,249267.92864898447,93636.31481896823,0.005,0.0,8.0,0.9999999971575539,0.015136102145878303,0.010589091532188032,0.0753445246482767,1.1792142797530478,-1.0
compliant,wide_0p5_20_hz,backward_difference,tls,True,True,20,0.0,1.0,0.21168755972448317,0.21655388086851884,0.23408233479174773,0.23786530209576298,0.7131837713734757,0.602997706275786,1.3977459664734948,1.5225554549901197,-1.025071276269815,1.0226470821536915,1.0437576826543205,1.0467286036721584,1000000000.0,1000000000.0,1000000000.0,1000000000.0,1000000000.0,1000000000.0,1000000000.0,1000000000.0,1000000000.0,1000000000.0,1000000000.0,1000000000.0,-0.2963696456453978,0.29374240738349106,0.32547954718174327,0.3281139211556897,-24.52861978548076,24.182864310331773,27.28544909699569,27.772901482778035,-0.8988282066610093,0.9102541549280119,0.9686650998547144,0.9887086672739684,0.5112242486016716,1.648193305630722,0.46071123231062083,3.7896164802062065e-06,0.0004986923446511345,0.20168036524854968,0.003976839034541127,0.022337123846507705,0.4493100340361086,-0.010759779707307347,-0.5457094969177478,-0.023777576168417042,195352.85661391064,16859.580655832895,249267.92864898447,93636.31481896823,0.005,0.0,8.0,0.9999999971575539,0.015136102145878303,0.010589091532188032,0.0753445246482767,1.1792142797530478,-1.0
compliant,wide_0p5_20_hz,backward_difference,iv,True,True,20,0.0,0.0,0.9646757653816513,0.8725392729208178,1.7511477932092947,2.7292118041250797,-0.751259033580679,0.7550156986445211,1.4064231511440664,1.871335396767479,0.12030026177577739,0.14377092484944293,0.3103970216836144,0.3304330312695054,0.2816529633578328,0.35482782266315493,0.6397884201617406,0.674218034252372,-0.6950785901890143,0.907873501811602,1.289399375074433,1.3911833148057982,-0.0933989677511996,0.1295313180637912,0.2368632464932957,0.24836502364512447,-0.2963696456453978,0.29374240738349106,0.32547954718174327,0.3281139211556897,-24.52861978548076,24.182864310331773,27.28544909699569,27.772901482778035,-0.8988282066610093,0.9102541549280119,0.9686650998547144,0.9887086672739684,5.494809588054185,1.648193305630722,0.46071123231062083,3.7896164802062065e-06,0.0004986923446511345,0.20168036524854968,0.003976839034541127,0.022337123846507705,0.4493100340361086,-0.010759779707307347,-0.5457094969177478,-0.023777576168417042,195352.85661391064,16859.580655832895,249267.92864898447,93636.31481896823,0.005,0.0,8.0,0.9999999971575539,0.015136102145878303,0.010589091532188032,0.0753445246482767,1.1792142797530478,0.006533943102978432
compliant,wide_0p5_20_hz,causal_low_pass,ols,True,True,20,0.0,0.0,-0.26686335928224625,0.26728755749725913,0.27444051186453955,0.27468887222231686,-0.26820849475367325,0.2677826353656497,0.2903918777006218,0.2908318612899913,-0.862732902834917,0.861783820389785,0.8810021243169034,0.8839367699788827,1.316743400459143,1.3054175722630774,1.4696520700301592,1.5070876382432066,1.3130845115040908,1.295700867867374,1.5113240287439977,1.5717818350588089,6.335531268239233,6.2351970267332515,7.403786795404339,7.615993194554843,-0.0352938858889064,0.03581897272990124,0.042816858839134,0.04344490324998489,-0.9741667323689696,0.9692340979820128,1.0778298944239717,1.0792219872494555,-0.10319955479342147,0.10340260538712032,0.12404878997745206,0.1271331320763236,0.3008820377906446,1.1917083643824384,0.14946580515982694,3.7896164802062065e-06,0.0004986923446511345,0.20168036524854968,0.003976839034541127,0.022337123846507705,0.4493100340361086,-0.010759779707307347,-0.5457094969177478,-0.023777576168417042,195352.85661391064,16859.580655832895,249267.92864898447,93636.31481896823,0.015,16.10426073564375,20.0,0.9999999971575539,0.015136102145878303,0.010589091532188032,0.0753445246482767,1.1792142797530478,-1.0
compliant,wide_0p5_20_hz,causal_low_pass,tls,True,True,20,0.0,0.0,0.036590295757669936,0.03562079339050157,0.0421314371259394,0.042319495287796514,-0.11622012715593026,0.11772294901975772,0.14933676575809335,0.15121293485334544,-0.7856762092311428,0.7842017960802498,0.8113622289258896,0.8161671733084579,1.2038125503039436,1.1922763368799656,1.342089766114764,1.3763583529828267,0.8793150942373144,0.8652460309874164,1.039900885749,1.0948211641554333,3.692018349709019,3.6339777450550317,4.301350773932055,4.439724873936286,-0.0352938858889064,0.03581897272990124,0.042816858839134,0.04344490324998489,-0.9741667323689696,0.9692340979820128,1.0778298944239717,1.0792219872494555,-0.10319955479342147,0.10340260538712032,0.12404878997745206,0.1271331320763236,0.3276717521294944,1.1917083643824384,0.14946580515982694,3.7896164802062065e-06,0.0004986923446511345,0.20168036524854968,0.003976839034541127,0.022337123846507705,0.4493100340361086,-0.010759779707307347,-0.5457094969177478,-0.023777576168417042,195352.85661391064,16859.580655832895,249267.92864898447,93636.31481896823,0.015,16.10426073564375,20.0,0.9999999971575539,0.015136102145878303,0.010589091532188032,0.0753445246482767,1.1792142797530478,-1.0
compliant,wide_0p5_20_hz,causal_low_pass,iv,True,True,20,0.0,0.0,-0.22171370857302292,0.4773312294952299,0.7418531681858399,0.7919201900897488,-0.28498601747819124,0.26545568500617267,0.5593309906445056,0.6406918478254785,-0.00925660462268415,0.050885316982154816,0.18198180132815606,0.18784155164019567,-0.1518172612718252,0.21441999081605562,0.4584994416429425,0.46335716048103787,-0.02887071689877372,0.3219634488642016,0.8686103601859868,0.9590094195306396,0.016535816364386464,0.05074650641027323,0.15396219605029618,0.15813687556292355,-0.0352938858889064,0.03581897272990124,0.042816858839134,0.04344490324998489,-0.9741667323689696,0.9692340979820128,1.0778298944239717,1.0792219872494555,-0.10319955479342147,0.10340260538712032,0.12404878997745206,0.1271331320763236,0.7656890462833319,1.1917083643824384,0.14946580515982694,3.7896164802062065e-06,0.0004986923446511345,0.20168036524854968,0.003976839034541127,0.022337123846507705,0.4493100340361086,-0.010759779707307347,-0.5457094969177478,-0.023777576168417042,195352.85661391064,16859.580655832895,249267.92864898447,93636.31481896823,0.015,16.10426073564375,20.0,0.9999999971575539,0.015136102145878303,0.010589091532188032,0.0753445246482767,1.1792142797530478,0.018816847385378456
compliant,wide_0p5_20_hz,causal_polynomial,ols,True,True,20,0.0,0.0,-0.3110769364881272,0.3123497893561398,0.31815735406619544,0.31992742550360914,-1.2208638237373581,1.2220812960630274,1.247003104431404,1.251337173623318,-0.9263423910373602,0.924722003083174,0.9489822882373556,0.9605120467012265,2.114772862805145,2.031703922625907,2.6637659183896467,3.1499734516575466,-2.0036682972524495,1.9792715271758106,2.272360246679456,2.5337224835508323,13.290968068232903,12.292296736970464,18.668309557352305,24.324179058706985,-0.36316101264228956,0.3621839317530523,0.37394176632727927,0.3789521048833765,-3.7950611703936596,3.786595619096743,3.928527991713958,3.9687606419968025,-0.9342488216213163,0.9325903749070852,0.9523756993156506,0.9639584921283664,0.5416576258409191,1.6279024339554127,0.3913706656774564,3.7896164802062065e-06,0.0004986923446511345,0.20168036524854968,0.003976839034541127,0.022337123846507705,0.4493100340361086,-0.010759779707307347,-0.5457094969177478,-0.023777576168417042,195352.85661391064,16859.580655832895,249267.92864898447,93636.31481896823,0.035,31.854208817575678,92.0,0.9999999971575539,0.015136102145878303,0.010589091532188032,0.0753445246482767,1.1792142797530478,-1.0
compliant,wide_0p5_20_hz,causal_polynomial,tls,True,True,20,0.0,0.0,1.0399952979692233,1.040373334593352,1.0715867530929417,1.0729427891801127,-5.078012690205791,5.060871234089316,5.357694964832116,5.372011882432956,0.15101229010408637,0.14876796821823302,0.17964109265780892,0.1813242652182594,0.3313482365059066,0.3291892317597143,0.34334705900242296,0.34393734486009836,-3.6605515675820444,3.6606279216687962,3.8352617497653947,3.8379661491190977,-0.13102172984080757,0.12950212962635294,0.15228444207959127,0.1534923733956809,-0.36316101264228956,0.3621839317530523,0.37394176632727927,0.3789521048833765,-3.7950611703936596,3.786595619096743,3.928527991713958,3.9687606419968025,-0.9342488216213163,0.9325903749070852,0.9523756993156506,0.9639584921283664,0.896858643954914,1.6279024339554127,0.3913706656774564,3.7896164802062065e-06,0.0004986923446511345,0.20168036524854968,0.003976839034541127,0.022337123846507705,0.4493100340361086,-0.010759779707307347,-0.5457094969177478,-0.023777576168417042,195352.85661391064,16859.580655832895,249267.92864898447,93636.31481896823,0.035,31.854208817575678,92.0,0.9999999971575539,0.015136102145878303,0.010589091532188032,0.0753445246482767,1.1792142797530478,-1.0
compliant,wide_0p5_20_hz,causal_polynomial,iv,True,True,20,0.0,1.0,-13.071557702215511,13.067930084555607,13.683272485632218,14.079256760052486,5.692758749769566,5.6840288463962345,6.039909325758472,6.249726011412958,-2.5087683010879283,2.504325901153308,2.6030197161552198,2.6685659952254923,1000000000.0,1000000000.0,1000000000.0,1000000000.0,1000000000.0,1000000000.0,1000000000.0,1000000000.0,1000000000.0,1000000000.0,1000000000.0,1000000000.0,-0.36316101264228956,0.3621839317530523,0.37394176632727927,0.3789521048833765,-3.7950611703936596,3.786595619096743,3.928527991713958,3.9687606419968025,-0.9342488216213163,0.9325903749070852,0.9523756993156506,0.9639584921283664,4.954792865564713,1.6279024339554127,0.3913706656774564,3.7896164802062065e-06,0.0004986923446511345,0.20168036524854968,0.003976839034541127,0.022337123846507705,0.4493100340361086,-0.010759779707307347,-0.5457094969177478,-0.023777576168417042,195352.85661391064,16859.580655832895,249267.92864898447,93636.31481896823,0.035,31.854208817575678,92.0,0.9999999971575539,0.015136102145878303,0.010589091532188032,0.0753445246482767,1.1792142797530478,0.02797798247016435
compliant,wide_0p5_20_hz,alpha_beta_gamma,ols,True,True,20,0.0,0.0,-0.16341126891060997,0.16354615156654198,0.1677443155152341,0.16910759612701767,-0.9497380246535243,0.947227914608519,0.9700165441362374,0.9718148731112402,-0.568636438565356,0.5678817664347025,0.5832458366854879,0.5911934335253449,0.3928249219782442,0.38997185129634815,0.41547040359847204,0.42744441615238654,-0.9164637475589142,0.9122487412192914,0.9486675635796832,0.9526766282682714,1.3192031671476043,1.314181462945299,1.399542899129526,1.4461446610887485,-0.13844169976107973,0.13878764834553162,0.142709998319734,0.14692985840832246,-2.030304790133239,2.0259737412929075,2.0755571241140602,2.1049871582783855,-0.3992452797187523,0.40078926785649616,0.4132690971371155,0.423357400190584,0.27696533610658547,1.6662061081460275,0.38931043634685436,3.7896164802062065e-06,0.0004986923446511345,0.20168036524854968,0.003976839034541127,0.022337123846507705,0.4493100340361086,-0.010759779707307347,-0.5457094969177478,-0.023777576168417042,195352.85661391064,16859.580655832895,249267.92864898447,93636.31481896823,0.04,39.30976937757251,24.0,0.9999999971575539,0.015136102145878303,0.010589091532188032,0.0753445246482767,1.1792142797530478,-1.0
compliant,wide_0p5_20_hz,alpha_beta_gamma,tls,True,True,20,0.0,0.0,0.14492882981160018,0.14479938663117914,0.15233312561402948,0.15546307765124795,-1.37174745543869,1.3702656258749797,1.4074737357332638,1.4204574518503599,-0.3061575792384389,0.30497582060367506,0.3160995492916735,0.3208053517851386,0.2846277159409698,0.2822545599741182,0.2979986785256367,0.30431025407069756,-1.4171677209585465,1.4145765417654173,1.4586865242809817,1.4746209346330892,0.4414152050608651,0.4387989245464571,0.46220478025133815,0.4723319782161368,-0.13844169976107973,0.13878764834553162,0.142709998319734,0.14692985840832246,-2.030304790133239,2.0259737412929075,2.0755571241140602,2.1049871582783855,-0.3992452797187523,0.40078926785649616,0.4132690971371155,0.423357400190584,0.30773074729351224,1.6662061081460275,0.38931043634685436,3.7896164802062065e-06,0.0004986923446511345,0.20168036524854968,0.003976839034541127,0.022337123846507705,0.4493100340361086,-0.010759779707307347,-0.5457094969177478,-0.023777576168417042,195352.85661391064,16859.580655832895,249267.92864898447,93636.31481896823,0.04,39.30976937757251,24.0,0.9999999971575539,0.015136102145878303,0.010589091532188032,0.0753445246482767,1.1792142797530478,-1.0
compliant,wide_0p5_20_hz,alpha_beta_gamma,iv,True,True,20,0.0,1.0,-8.665102825637344,8.667924063790279,8.803885247007845,8.891847624728046,4.4310363648129165,4.429727755366062,4.500526279049401,4.608424693331428,-2.013889206620463,2.014587899572035,2.0391439363740806,2.0666776707070227,1000000000.0,1000000000.0,1000000000.0,1000000000.0,1000000000.0,1000000000.0,1000000000.0,1000000000.0,1000000000.0,1000000000.0,1000000000.0,1000000000.0,-0.13844169976107973,0.13878764834553162,0.142709998319734,0.14692985840832246,-2.030304790133239,2.0259737412929075,2.0755571241140602,2.1049871582783855,-0.3992452797187523,0.40078926785649616,0.4132690971371155,0.423357400190584,3.2703681747068236,1.6662061081460275,0.38931043634685436,3.7896164802062065e-06,0.0004986923446511345,0.20168036524854968,0.003976839034541127,0.022337123846507705,0.4493100340361086,-0.010759779707307347,-0.5457094969177478,-0.023777576168417042,195352.85661391064,16859.580655832895,249267.92864898447,93636.31481896823,0.04,39.30976937757251,24.0,0.9999999971575539,0.015136102145878303,0.010589091532188032,0.0753445246482767,1.1792142797530478,0.0320489792305409
compliant,wide_0p5_20_hz,centered_savitzky_golay,ols,False,True,20,0.0,0.0,0.035997543734631154,0.036469383445492984,0.04120671193575824,0.0417470064357309,0.006679507782740188,0.011651463563563436,0.031470448504537105,0.0319320131183737,0.1602388008115724,0.16144927014767996,0.16666616798628134,0.16708821374183236,-0.05505489647414534,0.05483778180680607,0.05734659178310758,0.057816054366348804,-0.08177175247171589,0.0794607095566981,0.10361331265084375,0.1078761025666154,-0.13809673981693024,0.1390066013694531,0.14285677057786406,0.14316673904719368,-0.06901478256571839,0.0689583530897501,0.07165789775843871,0.07309981715252842,-0.1057209340704642,0.10431647992193283,0.1265357127724147,0.1307994741581504,-0.17662571733900706,0.1768469528284109,0.1814372342107135,0.18750025869671383,0.06523069768540958,1.5781670586524055,0.42551407682716624,3.7896164802062065e-06,0.0004986923446511345,0.20168036524854968,0.003976839034541127,0.022337123846507705,0.4493100340361086,-0.010759779707307347,-0.5457094969177478,-0.023777576168417042,195352.85661391064,16859.580655832895,249267.92864898447,93636.31481896823,0.0,47.06947881100554,92.0,0.9999999971575539,0.015136102145878303,0.010589091532188032,0.0753445246482767,1.1792142797530478,-1.0
compliant,wide_0p5_20_hz,centered_savitzky_golay,tls,False,True,20,0.0,0.0,0.05139788979806061,0.051292055565695806,0.05661453424753987,0.05693604691626291,0.016889012346447446,0.017010901871034267,0.041670500963211184,0.04232898833098897,0.17998510118735375,0.1812318867401458,0.18593542671181576,0.19020207554946267,-0.05605586064173864,0.05586684833091668,0.058346702599375924,0.05874013831866698,-0.08701349001218836,0.08494676270694701,0.10859108363497902,0.11285929157625063,-0.15251852485296014,0.15342599294488846,0.1567831971291008,0.15980653996226224,-0.06901478256571839,0.0689583530897501,0.07165789775843871,0.07309981715252842,-0.1057209340704642,0.10431647992193283,0.1265357127724147,0.1307994741581504,-0.17662571733900706,0.1768469528284109,0.1814372342107135,0.18750025869671383,0.06554573232942049,1.5781670586524055,0.42551407682716624,3.7896164802062065e-06,0.0004986923446511345,0.20168036524854968,0.003976839034541127,0.022337123846507705,0.4493100340361086,-0.010759779707307347,-0.5457094969177478,-0.023777576168417042,195352.85661391064,16859.580655832895,249267.92864898447,93636.31481896823,0.0,47.06947881100554,92.0,0.9999999971575539,0.015136102145878303,0.010589091532188032,0.0753445246482767,1.1792142797530478,-1.0
compliant,wide_0p5_20_hz,centered_savitzky_golay,iv,False,True,20,0.0,0.0,1.1412621796018259,1.14854186293893,1.3383078849865306,1.4086617899299956,-0.37709140811124864,0.36708858106994996,0.46926860637774626,0.478110330441291,0.5631418757600516,0.5672293100468928,0.6237918880817503,0.6689890403832239,0.16969182867483168,0.16815138421533787,0.2017067341953071,0.2089253014318178,-0.6575383892416735,0.657589543992399,0.725587359297882,0.7397060665314804,-0.35979347320708366,0.3619272224319196,0.3841330668061911,0.40083489118036053,-0.06901478256571839,0.0689583530897501,0.07165789775843871,0.07309981715252842,-0.1057209340704642,0.10431647992193283,0.1265357127724147,0.1307994741581504,-0.17662571733900706,0.1768469528284109,0.1814372342107135,0.18750025869671383,0.4141468560806514,1.5781670586524055,0.42551407682716624,3.7896164802062065e-06,0.0004986923446511345,0.20168036524854968,0.003976839034541127,0.022337123846507705,0.4493100340361086,-0.010759779707307347,-0.5457094969177478,-0.023777576168417042,195352.85661391064,16859.580655832895,249267.92864898447,93636.31481896823,0.0,47.06947881100554,92.0,0.9999999971575539,0.015136102145878303,0.010589091532188032,0.0753445246482767,1.1792142797530478,0.02694261753979693
lightly_damped_flexible,low_0p25_2_hz,backward_difference,ols,True,True,20,0.0,0.0,-0.5825376756430105,0.5826225725702349,0.5843283938155924,0.5846207887212553,0.8057735410918493,0.8075190761949296,0.9133645764734128,0.9268561682798035,-0.9964888853588132,0.9965316095190648,0.9974776085036049,0.9976065110903808,10.044104343805488,9.95446786993606,11.869587336593197,12.193197349099043,46.74663099304945,46.31062340102004,53.07942496353757,54.65174442986138,293.84116355434793,287.389492479295,395.5064365666683,416.8001393618712,-0.04338925391827694,0.041922976491411024,0.05572876936951115,0.06053512559910187,-77.88747716609198,76.43368987013349,89.97777905421901,90.74370257381307,-0.5053586257173727,0.49931381006759423,0.5824947977182792,0.6006181755153506,0.3901288843462879,1.4168070882915824,0.30994379709778586,7.176963581673103e-06,0.0015048768537894216,0.4190913438863238,0.0029647932997477282,0.038857803596554046,0.647410373044212,0.05233796319882298,-0.8787540742093424,0.0002884853622699468,382042.90319432266,503.2935777037435,203468.32044509557,33947.68068237368,0.005,0.0,8.0,0.9999990561676864,0.02656173920282192,0.007546674294216467,0.12327820879662597,2.0877762984522565,-1.0
lightly_damped_flexible,low_0p25_2_hz,backward_difference,tls,True,True,20,0.0,0.0,-0.3870750658223375,0.38744565188190017,0.3887595721398685,0.38945393592724126,-0.5510575714611983,0.5457946279001631,0.6581510078141558,0.6706139967599641,-0.9875966924624817,0.987510934518612,0.9898612727271674,0.9900318842965501,6.067469965276298,5.999452676367628,6.766763316862964,6.830914513145025,4.174923752804785,3.996785690339336,6.116413762834315,6.487547466136447,80.80132114557398,79.07932214726134,97.63320301910724,99.31986282561918,-0.04338925391827694,0.041922976491411024,0.05572876936951115,0.06053512559910187,-77.88747716609198,76.43368987013349,89.97777905421901,90.74370257381307,-0.5053586257173727,0.49931381006759423,0.5824947977182792,0.6006181755153506,0.4265191910027526,1.4168070882915824,0.30994379709778586,7.176963581673103e-06,0.0015048768537894216,0.4190913438863238,0.0029647932997477282,0.038857803596554046,0.647410373044212,0.05233796319882298,-0.8787540742093424,0.0002884853622699468,382042.90319432266,503.2935777037435,203468.32044509557,33947.68068237368,0.005,0.0,8.0,0.9999990561676864,0.02656173920282192,0.007546674294216467,0.12327820879662597,2.0877762984522565,-1.0
lightly_damped_flexible,low_0p25_2_hz,backward_difference,iv,True,True,20,0.0,0.0,-0.024173466661269842,0.01927621919488691,0.07134937283027772,0.07646431345636263,-2.2299128163235356,2.26322592265475,3.4268766693850465,3.4431331403281846,-0.03898071746409963,0.045462224423516884,0.1720073760066881,0.17300992555213401,0.01038738922956781,0.018630836559554942,0.0601453141995255,0.0660082737834795,-2.2355217859825154,2.2841218070638236,3.2397262694373783,3.262959766126643,0.05053505213271516,0.04692992140063201,0.2077403207144936,0.2092043555270513,-0.04338925391827694,0.041922976491411024,0.05572876936951115,0.06053512559910187,-77.88747716609198,76.43368987013349,89.97777905421901,90.74370257381307,-0.5053586257173727,0.49931381006759423,0.5824947977182792,0.6006181755153506,4.541307180587081,1.4168070882915824,0.30994379709778586,7.176963581673103e-06,0.0015048768537894216,0.4190913438863238,0.0029647932997477282,0.038857803596554046,0.647410373044212,0.05233796319882298,-0.8787540742093424,0.0002884853622699468,382042.90319432266,503.2935777037435,203468.32044509557,33947.68068237368,0.005,0.0,8.0,0.9999990561676864,0.02656173920282192,0.007546674294216467,0.12327820879662597,2.0877762984522565,0.004633740013303687
lightly_damped_flexible,low_0p25_2_hz,causal_low_pass,ols,True,True,20,0.0,0.0,-0.4505340343589018,0.44947153331434064,0.4634943109602954,0.4641092298372325,0.1592879958542657,0.16350926564253,0.2482959712486769,0.3134297101185748,-0.8054695997813714,0.8042518328744763,0.8277931559831366,0.8292770524980275,0.6836170514102549,0.6764877908356421,0.7650724738460842,0.7717081724428303,2.5609104839425565,2.4972450377101314,3.0311173706355947,3.150127873590227,4.169060004158385,4.108746578890571,4.806993013976957,4.857443387851806,-0.005475729803641205,0.0053247751990888065,0.008170754722048507,0.008181275829815557,-4.890953805830847,4.850919164005727,5.262695311884075,5.2728211901421895,-0.023326398542499505,0.022496315823989477,0.028972147027752537,0.030266388452560467,0.339155325202262,1.7392174653742827,0.49219369376736305,7.176963581673103e-06,0.0015048768537894216,0.4190913438863238,0.0029647932997477282,0.038857803596554046,0.647410373044212,0.05233796319882298,-0.8787540742093424,0.0002884853622699468,382042.90319432266,503.2935777037435,203468.32044509557,33947.68068237368,0.02,16.104260735643763,20.0,0.9999990561676864,0.02656173920282192,0.007546674294216467,0.12327820879662597,2.0877762984522565,-1.0
lightly_damped_flexible,low_0p25_2_hz,causal_low_pass,tls,True,True,20,0.0,0.0,-0.22647505751599173,0.2256286037319148,0.24039120183165816,0.24053495490795182,-1.5435174593351704,1.5375405857327928,1.6651887580874467,1.7162970004998948,-0.6480679054958836,0.6463238797352163,0.6819092785376946,0.6834101907729413,0.48432370920444434,0.47899671601526705,0.5451859630647145,0.5489902724246981,-2.0401127535153263,2.020156151922639,2.2522724703395083,2.306841792202781,1.8519401110365383,1.8275076811860307,2.143760913458792,2.1586613682905966,-0.005475729803641205,0.0053247751990888065,0.008170754722048507,0.008181275829815557,-4.890953805830847,4.850919164005727,5.262695311884075,5.2728211901421895,-0.023326398542499505,0.022496315823989477,0.028972147027752537,0.030266388452560467,0.38235713920461445,1.7392174653742827,0.49219369376736305,7.176963581673103e-06,0.0015048768537894216,0.4190913438863238,0.0029647932997477282,0.038857803596554046,0.647410373044212,0.05233796319882298,-0.8787540742093424,0.0002884853622699468,382042.90319432266,503.2935777037435,203468.32044509557,33947.68068237368,0.02,16.104260735643763,20.0,0.9999990561676864,0.02656173920282192,0.007546674294216467,0.12327820879662597,2.0877762984522565,-1.0
lightly_damped_flexible,low_0p25_2_hz,causal_low_pass,iv,True,True,20,0.0,0.0,0.0006145620106671382,0.005313724817540617,0.01355242653017043,0.016553364300062868,-2.522124630976438,2.503404780632323,2.967662572783838,3.3219417792872963,0.022967141655408318,0.01919618254673927,0.058933387819511816,0.07303887492532324,-0.010832781925740725,0.009635150561190332,0.02402823885557421,0.02667615542931838,-2.5002766901717157,2.4880661028047295,2.905859947692448,3.2231998622534697,-0.021928268481706214,0.018833774262246805,0.05564482725384589,0.06806731483088746,-0.005475729803641205,0.0053247751990888065,0.008170754722048507,0.008181275829815557,-4.890953805830847,4.850919164005727,5.262695311884075,5.2728211901421895,-0.023326398542499505,0.022496315823989477,0.028972147027752537,0.030266388452560467,0.7711997691232407,1.7392174653742827,0.49219369376736305,7.176963581673103e-06,0.0015048768537894216,0.4190913438863238,0.0029647932997477282,0.038857803596554046,0.647410373044212,0.05233796319882298,-0.8787540742093424,0.0002884853622699468,382042.90319432266,503.2935777037435,203468.32044509557,33947.68068237368,0.02,16.104260735643763,20.0,0.9999990561676864,0.02656173920282192,0.007546674294216467,0.12327820879662597,2.0877762984522565,0.10238487407933214
lightly_damped_flexible,low_0p25_2_hz,causal_polynomial,ols,True,True,20,0.0,0.0,-0.06256342782392338,0.06229983601396223,0.06896178100350059,0.07171889942566811,-5.956509801775963,5.969706023984177,6.0416193058579175,6.042091743572855,-0.2724524580864235,0.27268878398753715,0.2818858429717159,0.28493150599065054,0.13513388015267325,0.13547930631799826,0.13864165562455372,0.13937302329724388,-7.001741383492602,7.011474662080623,7.091996875186092,7.106758543090721,0.3745908509932613,0.3749300333231137,0.39253758021121504,0.3984674312708918,0.1103022497007832,0.11066751462001104,0.11161326148350037,0.11176210976353106,-7.510477902222453,7.526343305945188,7.614658363774543,7.619101114664177,0.24110803291724475,0.2420905399345794,0.2461708224041906,0.24773242490934821,0.121249909673458,2.967108060015583,0.7818082698005491,7.176963581673103e-06,0.0015048768537894216,0.4190913438863238,0.0029647932997477282,0.038857803596554046,0.647410373044212,0.05233796319882298,-0.8787540742093424,0.0002884853622699468,382042.90319432266,503.2935777037435,203468.32044509557,33947.68068237368,0.01,31.85420881757568,92.0,0.9999990561676864,0.02656173920282192,0.007546674294216467,0.12327820879662597,2.0877762984522565,-1.0
lightly_damped_flexible,low_0p25_2_hz,causal_polynomial,tls,True,True,20,0.0,0.0,-0.02056035233275665,0.020822893819232698,0.02435541772326579,0.02443999655975309,-6.528641556830759,6.552632041207435,6.608299576694162,6.621744977157518,-0.22780075312097164,0.2273621226830448,0.23289508495408104,0.23467074480375982,0.12622689459806544,0.12632646712496728,0.128640740132605,0.12907463766788965,-7.357232410567805,7.370136585753394,7.459245747895007,7.461661586743031,0.2950272511362472,0.2942674348451889,0.30360301832343317,0.30662717152186647,0.1103022497007832,0.11066751462001104,0.11161326148350037,0.11176210976353106,-7.510477902222453,7.526343305945188,7.614658363774543,7.619101114664177,0.24110803291724475,0.2420905399345794,0.2461708224041906,0.24773242490934821,0.12371495897547458,2.967108060015583,0.7818082698005491,7.176963581673103e-06,0.0015048768537894216,0.4190913438863238,0.0029647932997477282,0.038857803596554046,0.647410373044212,0.05233796319882298,-0.8787540742093424,0.0002884853622699468,382042.90319432266,503.2935777037435,203468.32044509557,33947.68068237368,0.01,31.85420881757568,92.0,0.9999990561676864,0.02656173920282192,0.007546674294216467,0.12327820879662597,2.0877762984522565,-1.0
lightly_damped_flexible,low_0p25_2_hz,causal_polynomial,iv,True,True,20,0.0,0.0,-0.042087639602868765,0.042880281697393816,0.06258366138021015,0.07163063832963511,-6.895566336121908,6.889106609588475,7.543783936284904,7.880642953079555,-0.18083460597963014,0.18377224890823252,0.24739417988140971,0.2631970376957553,0.0820138395198547,0.08306315090642188,0.11605313175261779,0.12249578274041488,-7.646777568761573,7.716506276918823,8.115090890407927,8.408528611733354,0.22323892139522222,0.2251526302611978,0.32874826350166303,0.35721495591256125,0.1103022497007832,0.11066751462001104,0.11161326148350037,0.11176210976353106,-7.510477902222453,7.526343305945188,7.614658363774543,7.619101114664177,0.24110803291724475,0.2420905399345794,0.2461708224041906,0.24773242490934821,0.13384536960868842,2.967108060015583,0.7818082698005491,7.176963581673103e-06,0.0015048768537894216,0.4190913438863238,0.0029647932997477282,0.038857803596554046,0.647410373044212,0.05233796319882298,-0.8787540742093424,0.0002884853622699468,382042.90319432266,503.2935777037435,203468.32044509557,33947.68068237368,0.01,31.85420881757568,92.0,0.9999990561676864,0.02656173920282192,0.007546674294216467,0.12327820879662597,2.0877762984522565,0.23486605089346774
lightly_damped_flexible,low_0p25_2_hz,alpha_beta_gamma,ols,True,True,20,0.0,0.0,-0.029983311101325565,0.03009227999149014,0.03455912013219694,0.03472575190775596,-13.274327417918144,13.279909328447221,13.367780695820382,13.382381451468147,-0.05691312775106616,0.05650346081026658,0.06216233394210877,0.06321286300535967,0.014178753354234897,0.014431316418835959,0.01539710529842131,0.015553177277074162,-13.83311981138226,13.84224942000768,13.905362654724266,13.932510755875125,0.06036070537273042,0.05988765547045993,0.06628268654807154,0.0674783635566949,0.0070752566208690275,0.0070437636786527275,0.00835854924279677,0.008618721792105079,-13.948631985424225,13.957273387136484,14.012422079089681,14.03976189470011,0.02624333721033052,0.026909088524007974,0.029705958217383043,0.03052048150772979,0.06781330163183845,3.221113347103267,0.7941652319691983,7.176963581673103e-06,0.0015048768537894216,0.4190913438863238,0.0029647932997477282,0.038857803596554046,0.647410373044212,0.05233796319882298,-0.8787540742093424,0.0002884853622699468,382042.90319432266,503.2935777037435,203468.32044509557,33947.68068237368,0.025,39.309769377572536,24.0,0.9999990561676864,0.02656173920282192,0.007546674294216467,0.12327820879662597,2.0877762984522565,-1.0
lightly_damped_flexible,low_0p25_2_hz,alpha_beta_gamma,tls,True,True,20,0.0,0.0,-0.01580307071648019,0.01592318463172196,0.018886071795269327,0.019544421011772405,-13.590425113550571,13.612637109729839,13.66632478706178,13.682186593058784,-0.03784027905869841,0.03819379902700942,0.04088633834171625,0.04281128210253371,0.011388198666007661,0.011527107436711172,0.012546457474490947,0.012726626083176708,-13.938257419605472,13.947265017265517,14.002924476045749,14.030728669808804,0.03933646323485831,0.03971050718351421,0.04262951554469043,0.04472606216731401,0.0070752566208690275,0.0070437636786527275,0.00835854924279677,0.008618721792105079,-13.948631985424225,13.957273387136484,14.012422079089681,14.03976189470011,0.02624333721033052,0.026909088524007974,0.029705958217383043,0.03052048150772979,0.06828246986391347,3.221113347103267,0.7941652319691983,7.176963581673103e-06,0.0015048768537894216,0.4190913438863238,0.0029647932997477282,0.038857803596554046,0.647410373044212,0.05233796319882298,-0.8787540742093424,0.0002884853622699468,382042.90319432266,503.2935777037435,203468.32044509557,33947.68068237368,0.025,39.309769377572536,24.0,0.9999990561676864,0.02656173920282192,0.007546674294216467,0.12327820879662597,2.0877762984522565,-1.0
lightly_damped_flexible,low_0p25_2_hz,alpha_beta_gamma,iv,True,True,20,0.0,0.0,-0.012931398785846102,0.012698338319891037,0.0227656281927092,0.02546066050276219,-14.96350521204511,15.006307712320911,15.375821672928677,15.530238436510718,0.04294165165210719,0.042926288676547575,0.07328273249493988,0.07563450183164022,-0.027039151949591396,0.028000863536016385,0.035833690085333283,0.0376873446593778,-14.76106687011906,14.83050602125938,14.986287773307001,15.0375662736434,-0.040771090294910876,0.04115286760531284,0.06827882169189721,0.0703161731079156,0.0070752566208690275,0.0070437636786527275,0.00835854924279677,0.008618721792105079,-13.948631985424225,13.957273387136484,14.012422079089681,14.03976189470011,0.02624333721033052,0.026909088524007974,0.029705958217383043,0.03052048150772979,0.08923192427869286,3.221113347103267,0.7941652319691983,7.176963581673103e-06,0.0015048768537894216,0.4190913438863238,0.0029647932997477282,0.038857803596554046,0.647410373044212,0.05233796319882298,-0.8787540742093424,0.0002884853622699468,382042.90319432266,503.2935777037435,203468.32044509557,33947.68068237368,0.025,39.309769377572536,24.0,0.9999990561676864,0.02656173920282192,0.007546674294216467,0.12327820879662597,2.0877762984522565,0.2521172346909191
lightly_damped_flexible,low_0p25_2_hz,centered_savitzky_golay,ols,False,True,20,0.0,0.0,0.0066515230731263465,0.006633279231313528,0.009560866955504482,0.011904810745742603,0.12055392110944348,0.11546448874736626,0.23107196656273293,0.2353349798110589,0.07986820709434427,0.07901455110645872,0.08667755613862962,0.08677612500197496,-0.034494727880079554,0.0344802753268926,0.035605876927467354,0.03646511872221459,0.07473287217278306,0.07091050593679375,0.18015872764566368,0.18558832243584641,-0.07395380921325356,0.07322842460151907,0.07976382250281128,0.079847286856635,-0.03521008636052385,0.03512727314371643,0.03625927089658911,0.03709647109014549,0.06554281943652333,0.05987660855564325,0.17116510550634312,0.17699598993107943,-0.07726326828545141,0.0764243259531856,0.08277783194121836,0.08286196075709618,0.022581719060120846,3.042422275301557,0.8038470109913917,7.176963581673103e-06,0.0015048768537894216,0.4190913438863238,0.0029647932997477282,0.038857803596554046,0.647410373044212,0.05233796319882298,-0.8787540742093424,0.0002884853622699468,382042.90319432266,503.2935777037435,203468.32044509557,33947.68068237368,0.0,47.06947881100554,92.0,0.9999990561676864,0.02656173920282192,0.007546674294216467,0.12327820879662597,2.0877762984522565,-1.0
lightly_damped_flexible,low_0p25_2_hz,centered_savitzky_golay,tls,False,True,20,0.0,0.0,0.00824945824903861,0.008031106487273594,0.011183290523015796,0.013426298650961522,0.11599733539209542,0.10998972707959065,0.22679412624833606,0.2312621325380868,0.08214157918489441,0.08111816693025597,0.08882091784113397,0.08883591079015862,-0.03474429963667425,0.03472212258368727,0.03583363779750069,0.03668522816814157,0.06839228878275252,0.06329421178597788,0.17400415387833112,0.17971203202342415,-0.07589964738762885,0.07503172505729533,0.08157532278794281,0.08158796923375822,-0.03521008636052385,0.03512727314371643,0.03625927089658911,0.03709647109014549,0.06554281943652333,0.05987660855564325,0.17116510550634312,0.17699598993107943,-0.07726326828545141,0.0764243259531856,0.08277783194121836,0.08286196075709618,0.022596952001735435,3.042422275301557,0.8038470109913917,7.176963581673103e-06,0.0015048768537894216,0.4190913438863238,0.0029647932997477282,0.038857803596554046,0.647410373044212,0.05233796319882298,-0.8787540742093424,0.0002884853622699468,382042.90319432266,503.2935777037435,203468.32044509557,33947.68068237368,0.0,47.06947881100554,92.0,0.9999990561676864,0.02656173920282192,0.007546674294216467,0.12327820879662597,2.0877762984522565,-1.0
lightly_damped_flexible,low_0p25_2_hz,centered_savitzky_golay,iv,False,True,20,0.0,0.0,0.018434542357624338,0.018649954584524266,0.022618573562240594,0.024717010026139595,0.21300162881388926,0.2191357497787374,0.34293114399660585,0.41649296859369755,0.0980229235433326,0.09933302395719157,0.10698951440963364,0.1072984374485686,-0.03691519205321313,0.03720264054649723,0.039170226185202876,0.03963540386958218,0.1473265122193291,0.1578358211628238,0.27438721852192444,0.34047765919762174,-0.08923894724551147,0.09035716544473416,0.09664907293087115,0.09690110075094582,-0.03521008636052385,0.03512727314371643,0.03625927089658911,0.03709647109014549,0.06554281943652333,0.05987660855564325,0.17116510550634312,0.17699598993107943,-0.07726326828545141,0.0764243259531856,0.08277783194121836,0.08286196075709618,0.023985575151304638,3.042422275301557,0.8038470109913917,7.176963581673103e-06,0.0015048768537894216,0.4190913438863238,0.0029647932997477282,0.038857803596554046,0.647410373044212,0.05233796319882298,-0.8787540742093424,0.0002884853622699468,382042.90319432266,503.2935777037435,203468.32044509557,33947.68068237368,0.0,47.06947881100554,92.0,0.9999990561676864,0.02656173920282192,0.007546674294216467,0.12327820879662597,2.0877762984522565,0.2562637389958936
lightly_damped_flexible,low_mid_0p5_5_hz,backward_difference,ols,True,True,20,0.0,0.0,-0.9527718954311716,0.9525665609198419,0.9546091968476152,0.9550706957783327,1.0199207172017544,1.0218058094945441,1.0480213362329516,1.0493788989208994,-0.9913492385108282,0.9914322469723109,0.9931157692570192,0.9932821770295701,1.3503473829825647,1.3480167560573382,1.5862439749790633,1.5883849738603764,99.69091890996297,98.9858510547972,112.91889722305655,115.92250180425783,116.70100494173778,115.71871351199252,144.26408421454946,147.85774817254642,-0.00523326915019939,0.005061605476912387,0.006445665519691474,0.006552081900150491,-14.75501177391744,14.321409332134934,16.769699166265323,16.823634722778085,-0.2556759084890092,0.2527389302858558,0.2963910874940891,0.31010698965559413,0.5201561023179277,1.4654996468111148,0.3404745993024289,3.582237496129262e-05,0.01080374352410972,3.3150975338397046,0.006068739405329569,0.10394337534003403,1.8218217784859385,0.0013723627211898798,-0.9774234318777553,0.035162318827485474,365340.69370823744,3590.3786002267207,365366.9710925739,78256.87959273624,0.005,0.0,8.0,1.0,0.07374957745141729,0.014366750150007601,0.24957585273468827,4.408982687049486,-1.0
lightly_damped_flexible,low_mid_0p5_5_hz,backward_difference,tls,True,True,20,0.0,0.0,-0.17646153682638022,0.1836825774084931,0.20462373241130138,0.2140747682725612,-8.750432445652837,8.340102195015373,10.53256093543757,11.103532167131167,-0.7144169992314575,0.715374645951028,0.7266239943434287,0.7271458771826829,0.6985388925980781,0.6982517071371208,0.7526160676318827,0.7602026491533734,-16.97378439828845,16.133905118364552,20.56031136030768,20.92523279301732,2.504929708470522,2.513393592279585,2.657966213077205,2.66496203053353,-0.00523326915019939,0.005061605476912387,0.006445665519691474,0.006552081900150491,-14.75501177391744,14.321409332134934,16.769699166265323,16.823634722778085,-0.2556759084890092,0.2527389302858558,0.2963910874940891,0.31010698965559413,1.7089442256979934,1.4654996468111148,0.3404745993024289,3.582237496129262e-05,0.01080374352410972,3.3150975338397046,0.006068739405329569,0.10394337534003403,1.8218217784859385,0.0013723627211898798,-0.9774234318777553,0.035162318827485474,365340.69370823744,3590.3786002267207,365366.9710925739,78256.87959273624,0.005,0.0,8.0,1.0,0.07374957745141729,0.014366750150007601,0.24957585273468827,4.408982687049486,-1.0
lightly_damped_flexible,low_mid_0p5_5_hz,backward_difference,iv,True,True,20,0.0,0.0,0.038835977532352,0.05901274215346187,0.16073689372865976,0.1636064441024761,-5.025026398423221,4.963749767346955,7.5440090565823335,7.905177252845423,0.07265743615434142,0.07053469572198257,0.1983789459485692,0.2005060486359156,-0.01590980643276437,0.015668533425714025,0.021036027259890077,0.023819364415452973,-4.719407881729411,4.792894368873295,6.63236682291252,6.855438103092215,-0.06331470360905686,0.06860934514226463,0.16553927376504815,0.16701794119550017,-0.00523326915019939,0.005061605476912387,0.006445665519691474,0.006552081900150491,-14.75501177391744,14.321409332134934,16.769699166265323,16.823634722778085,-0.2556759084890092,0.2527389302858558,0.2963910874940891,0.31010698965559413,5.193451559048093,1.4654996468111148,0.3404745993024289,3.582237496129262e-05,0.01080374352410972,3.3150975338397046,0.006068739405329569,0.10394337534003403,1.8218217784859385,0.0013723627211898798,-0.9774234318777553,0.035162318827485474,365340.69370823744,3590.3786002267207,365366.9710925739,78256.87959273624,0.005,0.0,8.0,1.0,0.07374957745141729,0.014366750150007601,0.24957585273468827,4.408982687049486,0.02658186501318875
lightly_damped_flexible,low_mid_0p5_5_hz,causal_low_pass,ols,True,True,20,0.0,0.0,-0.6675960036657678,0.665514044645902,0.6959097245695759,0.6976398573861576,-0.20048676446145358,0.2087234999250649,0.29093977388801323,0.31205841263080925,-0.6987451926026351,0.6967679163778654,0.7282192434426734,0.7310313933212802,0.050722323426479775,0.05027129625201989,0.05777283000601482,0.060257795173741836,1.5491621141601732,1.4906570062425337,2.155849763628287,2.1955510558088642,2.3331629902046838,2.297821322928363,2.6794573073489802,2.71790601270612,-0.002715163577046589,0.0026621796709357113,0.0030031057147072437,0.0032044565619199095,-3.450103637382314,3.4419040711552618,3.523057628073503,3.562183185682061,-0.014357522683808466,0.01423745154296463,0.018737641711324082,0.01998418265629609,0.4201705726172845,3.9165983292708106,0.8764891384635516,3.582237496129262e-05,0.01080374352410972,3.3150975338397046,0.006068739405329569,0.10394337534003403,1.8218217784859385,0.0013723627211898798,-0.9774234318777553,0.035162318827485474,365340.69370823744,3590.3786002267207,365366.9710925739,78256.87959273624,0.02,16.104260735643773,20.0,1.0,0.07374957745141729,0.014366750150007601,0.24957585273468827,4.408982687049486,-1.0
lightly_damped_flexible,low_mid_0p5_5_hz,causal_low_pass,tls,True,True,20,0.0,0.0,-0.03490386289915616,0.03429181603525118,0.04215415674485938,0.04380933090618309,-3.1785499950459934,3.180492513734687,3.214513448459666,3.2541135449755503,-0.11492552537194009,0.11215818200952465,0.1297777076963809,0.13305259627014088,0.04426475192177505,0.043663250087867964,0.050367872371093025,0.05159720237332258,-3.3574112169360797,3.3552543335310085,3.4190463057960425,3.4626922931994844,0.12999499105529816,0.12632847542921832,0.1491325341742266,0.15347251251657257,-0.002715163577046589,0.0026621796709357113,0.0030031057147072437,0.0032044565619199095,-3.450103637382314,3.4419040711552618,3.523057628073503,3.562183185682061,-0.014357522683808466,0.01423745154296463,0.018737641711324082,0.01998418265629609,0.6883395704881898,3.9165983292708106,0.8764891384635516,3.582237496129262e-05,0.01080374352410972,3.3150975338397046,0.006068739405329569,0.10394337534003403,1.8218217784859385,0.0013723627211898798,-0.9774234318777553,0.035162318827485474,365340.69370823744,3590.3786002267207,365366.9710925739,78256.87959273624,0.02,16.104260735643773,20.0,1.0,0.07374957745141729,0.014366750150007601,0.24957585273468827,4.408982687049486,-1.0
lightly_damped_flexible,low_mid_0p5_5_hz,causal_low_pass,iv,True,True,20,0.0,0.0,0.09881745387935739,0.0934748539793216,0.13332741736567635,0.16621917196924377,-6.215721581706205,6.107971097292374,7.051201448111977,7.970737212899067,0.12926551870008246,0.12485053905854926,0.16363873619466388,0.19409093047598613,-0.013593314723943784,0.013708577805772552,0.015647354619654337,0.016243119083654795,-5.671723655092954,5.605049144424264,6.268395816520098,6.907040146910897,-0.11406955586176944,0.11099292298877494,0.14059652425912456,0.16254283951274795,-0.002715163577046589,0.0026621796709357113,0.0030031057147072437,0.0032044565619199095,-3.450103637382314,3.4419040711552618,3.523057628073503,3.562183185682061,-0.014357522683808466,0.01423745154296463,0.018737641711324082,0.01998418265629609,0.8589656818917684,3.9165983292708106,0.8764891384635516,3.582237496129262e-05,0.01080374352410972,3.3150975338397046,0.006068739405329569,0.10394337534003403,1.8218217784859385,0.0013723627211898798,-0.9774234318777553,0.035162318827485474,365340.69370823744,3590.3786002267207,365366.9710925739,78256.87959273624,0.02,16.104260735643773,20.0,1.0,0.07374957745141729,0.014366750150007601,0.24957585273468827,4.408982687049486,0.1274583800325957
lightly_damped_flexible,low_mid_0p5_5_hz,causal_polynomial,ols,True,True,20,0.0,0.0,-0.21628020777369775,0.21549233267835138,0.2262099881861765,0.22982657781137145,-5.65443224291557,5.647401552686675,5.732177273961479,5.754220790142705,-0.3790197558858384,0.37874696515728845,0.38727697880906603,0.3905415558746448,0.12342117862663435,0.1235427314080512,0.12396131063027299,0.12414469275071371,-7.67180819648173,7.6728181777787565,7.714222936231364,7.716936112663096,0.6104867165388757,0.6096502359536988,0.6320612529155306,0.6408009596702167,0.11546580719590364,0.11542743623254674,0.115905226066476,0.11608425388547508,-8.521833780239422,8.518185551537819,8.578871076910893,8.589833889208563,0.20481015648969692,0.20536160410919702,0.21210667794802546,0.21824876896884104,0.26282861950018566,6.3619242653432435,0.9472522537304489,3.582237496129262e-05,0.01080374352410972,3.3150975338397046,0.006068739405329569,0.10394337534003403,1.8218217784859385,0.0013723627211898798,-0.9774234318777553,0.035162318827485474,365340.69370823744,3590.3786002267207,365366.9710925739,78256.87959273624,0.015,31.854208817575664,92.0,1.0,0.07374957745141729,0.014366750150007601,0.24957585273468827,4.408982687049486,-1.0
lightly_damped_flexible,low_mid_0p5_5_hz,causal_polynomial,tls,True,True,20,0.0,0.0,0.027994645486610625,0.027714467123901347,0.03659083676937104,0.039530255382048456,-7.875958026981616,7.872880145269555,7.9557873046489815,8.003737702392645,-0.1840322232912025,0.18487443010202748,0.18854198513204962,0.1921809285872843,0.12242838843074155,0.12250413237806065,0.12281707874682395,0.12298683183893654,-8.507501535087682,8.504363179288193,8.564883415516034,8.575419837295243,0.22556711440102872,0.226805078976957,0.2323509591762114,0.23790095503835773,0.11546580719590364,0.11542743623254674,0.115905226066476,0.11608425388547508,-8.521833780239422,8.518185551537819,8.578871076910893,8.589833889208563,0.20481015648969692,0.20536160410919702,0.21210667794802546,0.21824876896884104,0.29962306178016596,6.3619242653432435,0.9472522537304489,3.582237496129262e-05,0.01080374352410972,3.3150975338397046,0.006068739405329569,0.10394337534003403,1.8218217784859385,0.0013723627211898798,-0.9774234318777553,0.035162318827485474,365340.69370823744,3590.3786002267207,365366.9710925739,78256.87959273624,0.015,31.854208817575664,92.0,1.0,0.07374957745141729,0.014366750150007601,0.24957585273468827,4.408982687049486,-1.0
lightly_damped_flexible,low_mid_0p5_5_hz,causal_polynomial,iv,True,True,20,0.0,0.0,0.21086990613430054,0.20730424326073,0.2762694177535676,0.28880126375793147,-22.271542142408485,22.080601007170426,24.07733646853683,24.419732625961313,0.07709189351338903,0.0749159200724181,0.13687686947526273,0.14970301685266207,0.06031589611749982,0.06011473008253569,0.06219527865903708,0.06351132987046991,-19.6085997432611,19.616411761630612,20.18693668416023,20.2396036264967,-0.06996476952160839,0.06968776395320209,0.12039143808634543,0.13021016267529462,0.11546580719590364,0.11542743623254674,0.115905226066476,0.11608425388547508,-8.521833780239422,8.518185551537819,8.578871076910893,8.589833889208563,0.20481015648969692,0.20536160410919702,0.21210667794802546,0.21824876896884104,0.7834481016744307,6.3619242653432435,0.9472522537304489,3.582237496129262e-05,0.01080374352410972,3.3150975338397046,0.006068739405329569,0.10394337534003403,1.8218217784859385,0.0013723627211898798,-0.9774234318777553,0.035162318827485474,365340.69370823744,3590.3786002267207,365366.9710925739,78256.87959273624,0.015,31.854208817575664,92.0,1.0,0.07374957745141729,0.014366750150007601,0.24957585273468827,4.408982687049486,0.17015098375937776
lightly_damped_flexible,low_mid_0p5_5_hz,alpha_beta_gamma,ols,True,True,20,0.0,0.0,-0.15919730734990772,0.15839154647225637,0.16671385533637828,0.16907488760577877,-11.839153771327537,11.833914498821464,11.924312347603863,11.944221837194133,-0.1815160222753754,0.1806840909178109,0.1892802373461205,0.1920289150046841,0.013543521087125813,0.013589803952255973,0.014024377119545276,0.01410525410795284,-14.065984680643592,14.07308679692117,14.091802062660795,14.104612967959845,0.22181161009380626,0.22053072279033692,0.23347259190077613,0.23766805343757746,0.009276695947540587,0.009227039874033525,0.009701730184959722,0.009788985200555987,-14.40299825715129,14.406562404122068,14.428788370050157,14.439070686265953,0.06502417117780376,0.06593652402527939,0.07026919573582072,0.07146258575706455,0.17697096262658865,7.023319255630246,0.9521560122281252,3.582237496129262e-05,0.01080374352410972,3.3150975338397046,0.006068739405329569,0.10394337534003403,1.8218217784859385,0.0013723627211898798,-0.9774234318777553,0.035162318827485474,365340.69370823744,3590.3786002267207,365366.9710925739,78256.87959273624,0.025,39.309769377572565,24.0,1.0,0.07374957745141729,0.014366750150007601,0.24957585273468827,4.408982687049486,-1.0
lightly_damped_flexible,low_mid_0p5_5_hz,alpha_beta_gamma,tls,True,True,20,0.0,0.0,-0.045116250591452786,0.045646131329174104,0.049275500058948006,0.05070714990699723,-13.671254396806205,13.673300496093182,13.745325141167639,13.792448923886788,-0.06760123984997785,0.06875949056580516,0.07153022353139597,0.0727813749458841,0.01198565652006483,0.012014260178987993,0.012365653259798477,0.012452485023555478,-14.428964822224973,14.432339746347951,14.454539890359136,14.467543737259602,0.07251470814308099,0.07383647583171049,0.07704108527648147,0.07849429787029605,0.009276695947540587,0.009227039874033525,0.009701730184959722,0.009788985200555987,-14.40299825715129,14.406562404122068,14.428788370050157,14.439070686265953,0.06502417117780376,0.06593652402527939,0.07026919573582072,0.07146258575706455,0.18839596390047353,7.023319255630246,0.9521560122281252,3.582237496129262e-05,0.01080374352410972,3.3150975338397046,0.006068739405329569,0.10394337534003403,1.8218217784859385,0.0013723627211898798,-0.9774234318777553,0.035162318827485474,365340.69370823744,3590.3786002267207,365366.9710925739,78256.87959273624,0.025,39.309769377572565,24.0,1.0,0.07374957745141729,0.014366750150007601,0.24957585273468827,4.408982687049486,-1.0
lightly_damped_flexible,low_mid_0p5_5_hz,alpha_beta_gamma,iv,True,True,20,0.0,0.0,0.5089446530940471,0.5149201250795745,0.5811177398041685,0.5961062361212165,-36.90807459812205,37.24848192526949,39.51471396972677,39.76697143341866,0.570905130704124,0.5782884146735352,0.650119498947493,0.6649571686731868,-0.01987438536322542,0.02025967379621906,0.021305822735567304,0.021367661885822592,-24.310763960221237,24.380589527829216,24.784305148179815,24.847798713739763,-0.3625344723393692,0.366402035298845,0.39398072674373424,0.3993839488394135,0.009276695947540587,0.009227039874033525,0.009701730184959722,0.009788985200555987,-14.40299825715129,14.406562404122068,14.428788370050157,14.439070686265953,0.06502417117780376,0.06593652402527939,0.07026919573582072,0.07146258575706455,0.9725994677249591,7.023319255630246,0.9521560122281252,3.582237496129262e-05,0.01080374352410972,3.3150975338397046,0.006068739405329569,0.10394337534003403,1.8218217784859385,0.0013723627211898798,-0.9774234318777553,0.035162318827485474,365340.69370823744,3590.3786002267207,365366.9710925739,78256.87959273624,0.025,39.309769377572565,24.0,1.0,0.07374957745141729,0.014366750150007601,0.24957585273468827,4.408982687049486,0.15400448894043534
lightly_damped_flexible,low_mid_0p5_5_hz,centered_savitzky_golay,ols,False,True,20,0.0,0.0,0.03827529538920997,0.038697192761537734,0.04185580364592331,0.04241185262766559,0.055771043811638055,0.054423985847301126,0.0839441205441137,0.08639082848306812,0.11499588847136162,0.11558025189227594,0.11880005375444369,0.11991386558177952,-0.03501696286056314,0.035008261684018195,0.03527883655792605,0.035463150611159705,-0.018752479444834456,0.019711803087062538,0.055785570341015375,0.060958617749573375,-0.10313061180986086,0.10360550114744782,0.10618519479117083,0.10707418603080332,-0.03515894856230494,0.03513748452255334,0.03541492786438007,0.035590401822135166,-0.03396908389166089,0.03521176707779177,0.0706078372744627,0.07601774969621782,-0.10954476230687524,0.10971031495044115,0.11251067720687424,0.11343057265070222,0.04336722491578658,7.201758933708865,0.9621278798869678,3.582237496129262e-05,0.01080374352410972,3.3150975338397046,0.006068739405329569,0.10394337534003403,1.8218217784859385,0.0013723627211898798,-0.9774234318777553,0.035162318827485474,365340.69370823744,3590.3786002267207,365366.9710925739,78256.87959273624,0.0,47.06947881100554,92.0,1.0,0.07374957745141729,0.014366750150007601,0.24957585273468827,4.408982687049486,-1.0
lightly_damped_flexible,low_mid_0p5_5_hz,centered_savitzky_golay,tls,False,True,20,0.0,0.0,0.04528856195844126,0.04568778878564236,0.04865012382444865,0.04942670895221018,0.04750942764322559,0.04650031562635648,0.07624174998609853,0.07708927843202473,0.12255258990935555,0.12274994206398371,0.12629693946275836,0.12747235869294005,-0.035027838090234055,0.03501768324309326,0.035287291652556264,0.03547012484958477,-0.03297528473926994,0.034205272689436926,0.0696410126458758,0.07504332351239462,-0.10916856747437258,0.10932969947104709,0.11213462255964038,0.11306029607742818,-0.03515894856230494,0.03513748452255334,0.03541492786438007,0.035590401822135166,-0.03396908389166089,0.03521176707779177,0.0706078372744627,0.07601774969621782,-0.10954476230687524,0.10971031495044115,0.11251067720687424,0.11343057265070222,0.04350697871216002,7.201758933708865,0.9621278798869678,3.582237496129262e-05,0.01080374352410972,3.3150975338397046,0.006068739405329569,0.10394337534003403,1.8218217784859385,0.0013723627211898798,-0.9774234318777553,0.035162318827485474,365340.69370823744,3590.3786002267207,365366.9710925739,78256.87959273624,0.0,47.06947881100554,92.0,1.0,0.07374957745141729,0.014366750150007601,0.24957585273468827,4.408982687049486,-1.0
lightly_damped_flexible,low_mid_0p5_5_hz,centered_savitzky_golay,iv,False,True,20,0.0,0.0,0.104710260173741,0.1052089534702523,0.11586249258470084,0.1216045632760186,-0.5463118938017228,0.5842289052147296,0.7663231193871954,0.8003207291703065,0.20110347625607977,0.2008724916848108,0.21414249247918832,0.21819419440481758,-0.04096557177441813,0.04091816643801942,0.041892477687538655,0.04218698494839839,-0.6049554685286116,0.6396803817492831,0.7992340568865518,0.8291736602055255,-0.16738398002138885,0.16727204989755073,0.176372962431097,0.17911281748590369,-0.03515894856230494,0.03513748452255334,0.03541492786438007,0.035590401822135166,-0.03396908389166089,0.03521176707779177,0.0706078372744627,0.07601774969621782,-0.10954476230687524,0.10971031495044115,0.11251067720687424,0.11343057265070222,0.06836447936797095,7.201758933708865,0.9621278798869678,3.582237496129262e-05,0.01080374352410972,3.3150975338397046,0.006068739405329569,0.10394337534003403,1.8218217784859385,0.0013723627211898798,-0.9774234318777553,0.035162318827485474,365340.69370823744,3590.3786002267207,365366.9710925739,78256.87959273624,0.0,47.06947881100554,92.0,1.0,0.07374957745141729,0.014366750150007601,0.24957585273468827,4.408982687049486,0.1525309772614158
lightly_damped_flexible,baseline_0p5_10_hz,backward_difference,ols,True,True,20,0.0,0.0,-0.8712803572712107,0.8710641503405405,0.8739718393249558,0.8741432103213954,-0.286844447978961,0.29338844008126364,0.34794655658273227,0.35088404028813547,-0.990459946259613,0.990774247767346,0.9921520959568402,0.9924410676865922,2.69066958853455,2.7357979854875385,3.036848368757408,3.080450338585443,19.431974850796955,19.48621959830468,21.48777334686344,21.8891135967816,105.24635494305042,107.39806581489319,126.43197908170471,131.2938159171284,-0.005638815475164641,0.0048173923236535555,0.00881222063605795,0.009669325263832657,-34.37590966347395,33.64512789551458,39.758374764730746,39.84932020378576,-0.15401744362444178,0.15081929564223984,0.2111498578299825,0.21503887304494995,0.506693661547682,1.3426035908518656,0.21669891538176378,1.2914030616824272e-05,0.0037185099520957096,1.2386577619815973,0.0037583005337924746,0.06098099601227311,1.1131101836221178,0.0003579476584054681,-0.9359969938542835,0.014229845965130298,357596.2682255364,1256.4097597294274,348464.42734837194,53896.54299967715,0.005,0.0,8.0,0.9999985396147314,0.04357274257813419,0.008163221233728722,0.13771481810258654,2.619589259295941,-1.0
lightly_damped_flexible,baseline_0p5_10_hz,backward_difference,tls,True,True,20,0.0,0.0,-0.3538310084375214,0.3538966336092074,0.35889074108460034,0.360694614482618,-11.264810240663326,11.034341097074499,12.77434434406056,13.057203195973079,-0.8758607936725417,0.8767339762377917,0.881554198532501,0.8844521647042444,1.2826914155004125,1.2942254158892716,1.3405588428271837,1.3591496568500219,-37.31879399496432,36.540290507149514,43.48529984083786,43.98363889635401,7.067353156116175,7.112757362279325,7.442952323201261,7.654424355423062,-0.005638815475164641,0.0048173923236535555,0.00881222063605795,0.009669325263832657,-34.37590966347395,33.64512789551458,39.758374764730746,39.84932020378576,-0.15401744362444178,0.15081929564223984,0.2111498578299825,0.21503887304494995,0.8990599239297292,1.3426035908518656,0.21669891538176378,1.2914030616824272e-05,0.0037185099520957096,1.2386577619815973,0.0037583005337924746,0.06098099601227311,1.1131101836221178,0.0003579476584054681,-0.9359969938542835,0.014229845965130298,357596.2682255364,1256.4097597294274,348464.42734837194,53896.54299967715,0.005,0.0,8.0,0.9999985396147314,0.04357274257813419,0.008163221233728722,0.13771481810258654,2.619589259295941,-1.0
lightly_damped_flexible,baseline_0p5_10_hz,backward_difference,iv,True,True,20,0.0,0.0,0.053443899793340285,0.05486909649542354,0.11491124406245697,0.1313445556080806,-11.441717523122438,11.232975222562047,14.727940515061693,15.036317656726645,0.06897714417184282,0.07034321278662681,0.11335438264421215,0.11960862647650039,-0.007506909658837847,0.012998606346338402,0.0276013578924213,0.028576146216785597,-10.775210123139544,10.611691393699456,13.608857514677094,13.939528401821796,-0.06347163667806488,0.06572021458218402,0.10181190495603486,0.10683074750229327,-0.005638815475164641,0.0048173923236535555,0.00881222063605795,0.009669325263832657,-34.37590966347395,33.64512789551458,39.758374764730746,39.84932020378576,-0.15401744362444178,0.15081929564223984,0.2111498578299825,0.21503887304494995,5.177780285032265,1.3426035908518656,0.21669891538176378,1.2914030616824272e-05,0.0037185099520957096,1.2386577619815973,0.0037583005337924746,0.06098099601227311,1.1131101836221178,0.0003579476584054681,-0.9359969938542835,0.014229845965130298,357596.2682255364,1256.4097597294274,348464.42734837194,53896.54299967715,0.005,0.0,8.0,0.9999985396147314,0.04357274257813419,0.008163221233728722,0.13771481810258654,2.619589259295941,0.00916138332239241
lightly_damped_flexible,baseline_0p5_10_hz,causal_low_pass,ols,True,True,20,0.0,0.0,-0.6381942986354237,0.6369214683003004,0.6615744697046684,0.6618633736380585,-1.0428178535891786,1.0487181471951552,1.0994548383689304,1.1066753582313535,-0.7390056091574099,0.7379675669245732,0.7651582047535763,0.7672377065558085,0.17827711414672456,0.1771274411002444,0.20006113964415237,0.20582699267849414,-1.1338243615118917,1.1531352986382122,1.3087309587316622,1.3376491840795375,2.8486799536354006,2.816404448462336,3.2582035309670254,3.2962285050682656,-0.002180153029735786,0.0022676793180404246,0.0026905488239526093,0.003201212102517627,-4.0824855916313005,4.059449603394011,4.267306373298162,4.2801616463772785,-0.016351002859056985,0.016626417767571455,0.02280255105018785,0.02873995966496201,0.39228547188073704,2.519474015995903,0.7260789952078386,1.2914030616824272e-05,0.0037185099520957096,1.2386577619815973,0.0037583005337924746,0.06098099601227311,1.1131101836221178,0.0003579476584054681,-0.9359969938542835,0.014229845965130298,357596.2682255364,1256.4097597294274,348464.42734837194,53896.54299967715,0.02,16.10426073564374,20.0,0.9999985396147314,0.04357274257813419,0.008163221233728722,0.13771481810258654,2.619589259295941,-1.0
lightly_damped_flexible,baseline_0p5_10_hz,causal_low_pass,tls,True,True,20,0.0,0.0,-0.10042693663435145,0.09923428515043667,0.11641942701740206,0.11674176652458812,-3.5206188233244133,3.5198000759269132,3.6154175475717643,3.617414322612568,-0.2911135400122025,0.28710424755568026,0.32239725187278123,0.32696696863784047,0.12673402222530455,0.12538729371037677,0.142043354764015,0.14558061908994316,-4.158679453740481,4.142957202073381,4.382553878127959,4.3920445310182945,0.4117790546564989,0.40275001624149964,0.47579450037455046,0.4858111762747932,-0.002180153029735786,0.0022676793180404246,0.0026905488239526093,0.003201212102517627,-4.0824855916313005,4.059449603394011,4.267306373298162,4.2801616463772785,-0.016351002859056985,0.016626417767571455,0.02280255105018785,0.02873995966496201,0.5799942369059179,2.519474015995903,0.7260789952078386,1.2914030616824272e-05,0.0037185099520957096,1.2386577619815973,0.0037583005337924746,0.06098099601227311,1.1131101836221178,0.0003579476584054681,-0.9359969938542835,0.014229845965130298,357596.2682255364,1256.4097597294274,348464.42734837194,53896.54299967715,0.02,16.10426073564374,20.0,0.9999985396147314,0.04357274257813419,0.008163221233728722,0.13771481810258654,2.619589259295941,-1.0
lightly_damped_flexible,baseline_0p5_10_hz,causal_low_pass,iv,True,True,20,0.0,0.0,0.09354581048473416,0.09520613324072116,0.13961950280368834,0.1613340170729642,-11.658437165681976,11.58851712731073,14.30299637506061,14.87713696113576,0.08607623669584105,0.07933657428296881,0.12836750946600653,0.13707041378579632,0.003385664835873257,0.004066676027068342,0.01471357639613801,0.014803132960015383,-10.757504620863937,10.706131287448645,12.810054418838108,13.1250679468874,-0.07893501829480357,0.07349779146170715,0.11376116394582833,0.12054698822866206,-0.002180153029735786,0.0022676793180404246,0.0026905488239526093,0.003201212102517627,-4.0824855916313005,4.059449603394011,4.267306373298162,4.2801616463772785,-0.016351002859056985,0.016626417767571455,0.02280255105018785,0.02873995966496201,0.8644012399672683,2.519474015995903,0.7260789952078386,1.2914030616824272e-05,0.0037185099520957096,1.2386577619815973,0.0037583005337924746,0.06098099601227311,1.1131101836221178,0.0003579476584054681,-0.9359969938542835,0.014229845965130298,357596.2682255364,1256.4097597294274,348464.42734837194,53896.54299967715,0.02,16.10426073564374,20.0,0.9999985396147314,0.04357274257813419,0.008163221233728722,0.13771481810258654,2.619589259295941,0.03875014940169334
lightly_damped_flexible,baseline_0p5_10_hz,causal_polynomial,ols,True,True,20,0.0,0.0,-0.458567088178214,0.45930520767119043,0.4804309991991738,0.48177353934844047,-5.1202846317506205,5.12799572193454,5.184710888208271,5.212622247623244,-0.613152361911364,0.6141274036017741,0.633091040627864,0.6333001105218643,0.1831232370191987,0.18336083423135946,0.1885302283925872,0.19040777780716786,-10.005586296288786,10.013172472464795,10.170706068414141,10.219760836210321,1.5867475929115091,1.5915396704800908,1.7254717868140996,1.7270256378400806,0.08486906833546423,0.08500211208672301,0.08583543794142932,0.08641883683101553,-11.86818585319471,11.87889755063691,12.038891149866789,12.0741489626237,-0.274038688474595,0.27389741772022447,0.2897134766238035,0.3019209272430654,0.4660344602554093,3.729913045015167,0.8518106271163126,1.2914030616824272e-05,0.0037185099520957096,1.2386577619815973,0.0037583005337924746,0.06098099601227311,1.1131101836221178,0.0003579476584054681,-0.9359969938542835,0.014229845965130298,357596.2682255364,1256.4097597294274,348464.42734837194,53896.54299967715,0.02,31.85420881757568,92.0,0.9999985396147314,0.04357274257813419,0.008163221233728722,0.13771481810258654,2.619589259295941,-1.0
lightly_damped_flexible,baseline_0p5_10_hz,causal_polynomial,tls,True,True,20,0.0,0.0,0.5160233660605373,0.5167030616305919,0.5379823660162882,0.5609359785280372,-15.704735816060188,15.679696403682055,16.195240114885227,16.414546319016225,0.1579978543764745,0.1604648698411396,0.1727489285699694,0.19104881788352635,0.14418884587809574,0.1440835615969808,0.14532332872775844,0.14650354471918953,-12.097152335983479,12.10985570691029,12.306488391536986,12.333356410571678,-0.13631200825304868,0.13827634615076262,0.14729179917489738,0.16040385164313997,0.08486906833546423,0.08500211208672301,0.08583543794142932,0.08641883683101553,-11.86818585319471,11.87889755063691,12.038891149866789,12.0741489626237,-0.274038688474595,0.27389741772022447,0.2897134766238035,0.3019209272430654,0.7600015025487326,3.729913045015167,0.8518106271163126,1.2914030616824272e-05,0.0037185099520957096,1.2386577619815973,0.0037583005337924746,0.06098099601227311,1.1131101836221178,0.0003579476584054681,-0.9359969938542835,0.014229845965130298,357596.2682255364,1256.4097597294274,348464.42734837194,53896.54299967715,0.02,31.85420881757568,92.0,0.9999985396147314,0.04357274257813419,0.008163221233728722,0.13771481810258654,2.619589259295941,-1.0
lightly_damped_flexible,baseline_0p5_10_hz,causal_polynomial,iv,True,True,20,0.0,0.0,0.01765476441730103,0.018969546120409762,0.050705119746834774,0.07657474221382851,-48.23335717942968,48.20870190793814,49.65204716561408,50.645860077754875,-0.2241295526740899,0.22612138242682533,0.2587523608068107,0.26263820878430266,0.1454077737258343,0.1461709306111236,0.1557751638335247,0.15745260382579898,-54.16500607405975,54.06759669130339,55.18623737859617,55.41508237253045,0.2900684298071875,0.2921987040250619,0.349078770381911,0.3561863550744715,0.08486906833546423,0.08500211208672301,0.08583543794142932,0.08641883683101553,-11.86818585319471,11.87889755063691,12.038891149866789,12.0741489626237,-0.274038688474595,0.27389741772022447,0.2897134766238035,0.3019209272430654,1.3731471306995866,3.729913045015167,0.8518106271163126,1.2914030616824272e-05,0.0037185099520957096,1.2386577619815973,0.0037583005337924746,0.06098099601227311,1.1131101836221178,0.0003579476584054681,-0.9359969938542835,0.014229845965130298,357596.2682255364,1256.4097597294274,348464.42734837194,53896.54299967715,0.02,31.85420881757568,92.0,0.9999985396147314,0.04357274257813419,0.008163221233728722,0.13771481810258654,2.619589259295941,0.08664181347763963
lightly_damped_flexible,baseline_0p5_10_hz,alpha_beta_gamma,ols,True,True,20,0.0,0.0,-0.3643192906393021,0.3628456441301114,0.3742106325755187,0.3813051241509847,-9.632004338912004,9.631246507570975,9.780782871008086,9.782682460884146,-0.4265389614355102,0.42551154706156424,0.4376372426044805,0.446060560096905,0.05286965331762885,0.05278089465919341,0.054888134952736034,0.05683482499115372,-15.29733904603972,15.294167016105183,15.374725208118383,15.376863358485133,0.7441203903653647,0.7406839677422601,0.7782329378180087,0.8052514913452233,0.0035126532967748583,0.0034862985406620044,0.004226062837131571,0.0042738391880317505,-16.28661246885032,16.28453724221084,16.3598692476941,16.399400585023162,-0.05237297805321246,0.053401694972358804,0.05937500313558708,0.060851488103333295,0.3092903132096453,4.082307675343946,0.8637099004172979,1.2914030616824272e-05,0.0037185099520957096,1.2386577619815973,0.0037583005337924746,0.06098099601227311,1.1131101836221178,0.0003579476584054681,-0.9359969938542835,0.014229845965130298,357596.2682255364,1256.4097597294274,348464.42734837194,53896.54299967715,0.03,39.309769377572565,24.0,0.9999985396147314,0.04357274257813419,0.008163221233728722,0.13771481810258654,2.619589259295941,-1.0
lightly_damped_flexible,baseline_0p5_10_hz,alpha_beta_gamma,tls,True,True,20,0.0,0.0,0.03235391078195375,0.033672711255532214,0.03792470613929108,0.0391379322039207,-16.60832389180822,16.60209562919675,16.76461361699378,16.77561226566248,-0.03256558795195709,0.03300027270295758,0.041149486180649245,0.04404545195595688,0.03300886757166278,0.03301609085495902,0.03404044463838775,0.034806668787953875,-16.618202120777163,16.613304738310724,16.706975217241716,16.757863031541422,0.033690895564131275,0.03412652815874373,0.042915936389624765,0.04607483906643606,0.0035126532967748583,0.0034862985406620044,0.004226062837131571,0.0042738391880317505,-16.28661246885032,16.28453724221084,16.3598692476941,16.399400585023162,-0.05237297805321246,0.053401694972358804,0.05937500313558708,0.060851488103333295,0.39079701006331447,4.082307675343946,0.8637099004172979,1.2914030616824272e-05,0.0037185099520957096,1.2386577619815973,0.0037583005337924746,0.06098099601227311,1.1131101836221178,0.0003579476584054681,-0.9359969938542835,0.014229845965130298,357596.2682255364,1256.4097597294274,348464.42734837194,53896.54299967715,0.03,39.309769377572565,24.0,0.9999985396147314,0.04357274257813419,0.008163221233728722,0.13771481810258654,2.619589259295941,-1.0
lightly_damped_flexible,baseline_0p5_10_hz,alpha_beta_gamma,iv,True,True,20,0.0,0.0,0.25337166883021733,0.2543199144241109,0.2725044073675525,0.2840705419427661,-51.10072728069126,51.258023142127726,52.4953174249923,52.51407048054063,-0.019338754992819673,0.020772121568434443,0.04042914719910621,0.05880418126720954,0.13057442257281468,0.13014937171416963,0.13564330786103473,0.14146867872094748,-46.190366406187955,46.20550798011289,46.65523276723686,46.81069358970904,0.01999115592593184,0.021214084065805494,0.04215301420548902,0.06247815820769631,0.0035126532967748583,0.0034862985406620044,0.004226062837131571,0.0042738391880317505,-16.28661246885032,16.28453724221084,16.3598692476941,16.399400585023162,-0.05237297805321246,0.053401694972358804,0.05937500313558708,0.060851488103333295,1.3666036134860136,4.082307675343946,0.8637099004172979,1.2914030616824272e-05,0.0037185099520957096,1.2386577619815973,0.0037583005337924746,0.06098099601227311,1.1131101836221178,0.0003579476584054681,-0.9359969938542835,0.014229845965130298,357596.2682255364,1256.4097597294274,348464.42734837194,53896.54299967715,0.03,39.309769377572565,24.0,0.9999985396147314,0.04357274257813419,0.008163221233728722,0.13771481810258654,2.619589259295941,0.07170404751343759
lightly_damped_flexible,baseline_0p5_10_hz,centered_savitzky_golay,ols,False,True,20,0.0,0.0,0.07249626894491731,0.07292675123754927,0.07567950935232982,0.07678057376016113,3.3024247882540436e-05,0.019857345883228072,0.05457374535148445,0.05872874699702724,0.16190048017598607,0.16285477875543342,0.16621157435447,0.16721109957494695,-0.039242911615287576,0.039281105468108854,0.03975542477903876,0.03976678712486023,-0.10418354368595803,0.10268220920548998,0.15032202050943708,0.15325148657195498,-0.1393344548643761,0.140047389888447,0.14252262572191604,0.1432569478099024,-0.04047529713558971,0.04055610012243174,0.04096653793166792,0.04101559261826069,-0.13075159171146544,0.12908556705567842,0.1746755369931645,0.1792681954381965,-0.15826424403904243,0.15822896392564523,0.1615193504163464,0.16333202713033002,0.06994913637917306,4.763065901023486,0.9155516875363785,1.2914030616824272e-05,0.0037185099520957096,1.2386577619815973,0.0037583005337924746,0.06098099601227311,1.1131101836221178,0.0003579476584054681,-0.9359969938542835,0.014229845965130298,357596.2682255364,1256.4097597294274,348464.42734837194,53896.54299967715,0.0,47.06947881100554,92.0,0.9999985396147314,0.04357274257813419,0.008163221233728722,0.13771481810258654,2.619589259295941,-1.0
lightly_damped_flexible,baseline_0p5_10_hz,centered_savitzky_golay,tls,False,True,20,0.0,0.0,0.09266418977428849,0.09273990919405908,0.09637697746509392,0.09790794242540377,-0.0061618962785899515,0.016348081016502203,0.05675303593760785,0.06512713258947955,0.18450929166140198,0.18456360704237407,0.18894308347176486,0.1913017157737018,-0.03955085152574715,0.03960098456060258,0.0400489992118581,0.04005226260604242,-0.12644939299656127,0.12481477439057262,0.1707387496495831,0.17507464854369562,-0.15575868958472294,0.15580725750139068,0.15891667091221673,0.16058208700678245,-0.04047529713558971,0.04055610012243174,0.04096653793166792,0.04101559261826069,-0.13075159171146544,0.12908556705567842,0.1746755369931645,0.1792681954381965,-0.15826424403904243,0.15822896392564523,0.1615193504163464,0.16333202713033002,0.07055742176959878,4.763065901023486,0.9155516875363785,1.2914030616824272e-05,0.0037185099520957096,1.2386577619815973,0.0037583005337924746,0.06098099601227311,1.1131101836221178,0.0003579476584054681,-0.9359969938542835,0.014229845965130298,357596.2682255364,1256.4097597294274,348464.42734837194,53896.54299967715,0.0,47.06947881100554,92.0,0.9999985396147314,0.04357274257813419,0.008163221233728722,0.13771481810258654,2.619589259295941,-1.0
lightly_damped_flexible,baseline_0p5_10_hz,centered_savitzky_golay,iv,False,True,20,0.0,0.0,0.25937734783455263,0.2572599310862492,0.2830147343764486,0.28646458161817445,-5.31906874701161,5.351027068086853,5.912791124092406,6.593361313873788,0.41907544106579164,0.41692383295231106,0.44157317223202225,0.4517195327442409,-0.05794464973614636,0.05794421480773751,0.0593098344753749,0.060098417080015246,-4.228213370127034,4.2519844580183435,4.64096428977594,5.0929137913269775,-0.29524638317521484,0.29424571224809065,0.30631159811081204,0.31116171034107276,-0.04047529713558971,0.04055610012243174,0.04096653793166792,0.04101559261826069,-0.13075159171146544,0.12908556705567842,0.1746755369931645,0.1792681954381965,-0.15826424403904243,0.15822896392564523,0.1615193504163464,0.16333202713033002,0.20541136731113008,4.763065901023486,0.9155516875363785,1.2914030616824272e-05,0.0037185099520957096,1.2386577619815973,0.0037583005337924746,0.06098099601227311,1.1131101836221178,0.0003579476584054681,-0.9359969938542835,0.014229845965130298,357596.2682255364,1256.4097597294274,348464.42734837194,53896.54299967715,0.0,47.06947881100554,92.0,0.9999985396147314,0.04357274257813419,0.008163221233728722,0.13771481810258654,2.619589259295941,0.04881548650036617
lightly_damped_flexible,mid_2_10_hz,backward_difference,ols,True,True,20,0.0,0.0,-0.9701601761974296,0.9702248837774416,0.9713956024175449,0.971974767287649,-0.4477312537301259,0.45225900954481973,0.4803236893541345,0.4820394039328151,-0.990796522298592,0.9910473565091535,0.9924624394816582,0.9925502816238947,0.8079279123627581,0.8188381346848647,0.940043819976946,0.9491119071548432,32.545972237668124,32.236211578178285,37.17212528025424,39.29217761553166,109.11804534450933,110.70354371377834,131.6698771464272,133.23326218712577,-0.00045395566952051073,0.0006178211515014561,0.0021314943855559364,0.002515162251704277,-19.412372507510945,19.311721020751925,22.26056059379693,22.281045509115227,-0.1135148191721981,0.11733102875681212,0.15364414786043065,0.19374747265578662,0.49128964225559335,1.400793602114228,0.29068647610330556,2.3565311879875006e-05,0.0072989312261866725,2.3926507742412766,0.004997216518780987,0.08546023438763918,1.5473493323195682,0.0005909368719198884,-0.9698976031294406,0.0016199717618593033,307485.9510942151,2469.2201498442814,327576.9116425809,62887.75984005075,0.005,0.0,8.0,1.0,0.07596126573001068,0.00986252776458673,0.1747786949253686,3.549217639526682,-1.0
lightly_damped_flexible,mid_2_10_hz,backward_difference,tls,True,True,20,0.0,0.0,0.0004216586299643175,0.02272724928255078,0.05212983816928888,0.07071386979278524,-18.95370724447611,19.170869624341513,22.33647094532044,22.648702578738813,-0.67904444915326,0.6787920554752217,0.6946320426682163,0.7077275365001703,0.7658783541921131,0.7660324154671025,0.8138277345028858,0.8172251438974197,-32.69775727604437,32.59163792055597,38.13239329994401,38.352501032683755,2.1196528808112705,2.113329497463565,2.2750682511476703,2.421464985190378,-0.00045395566952051073,0.0006178211515014561,0.0021314943855559364,0.002515162251704277,-19.412372507510945,19.311721020751925,22.26056059379693,22.281045509115227,-0.1135148191721981,0.11733102875681212,0.15364414786043065,0.19374747265578662,1.925613027661769,1.400793602114228,0.29068647610330556,2.3565311879875006e-05,0.0072989312261866725,2.3926507742412766,0.004997216518780987,0.08546023438763918,1.5473493323195682,0.0005909368719198884,-0.9698976031294406,0.0016199717618593033,307485.9510942151,2469.2201498442814,327576.9116425809,62887.75984005075,0.005,0.0,8.0,1.0,0.07596126573001068,0.00986252776458673,0.1747786949253686,3.549217639526682,-1.0
lightly_damped_flexible,mid_2_10_hz,backward_difference,iv,True,True,20,0.0,0.0,0.1318584565408654,0.09683341841462843,0.3286851253633435,0.3427282464851872,-7.495207080064292,7.312043891916938,9.917074162562475,11.237272213094531,0.06813031766848457,0.04466195673295981,0.15439556831792742,0.16174954558039056,0.02770895094191166,0.023039251417733386,0.07308669794609214,0.0800856365029104,-6.8812264690141545,6.8185531138391475,8.201236999505047,9.269695806098447,-0.06117045502242478,0.04275251790310358,0.13374396910396782,0.1392292738101164,-0.00045395566952051073,0.0006178211515014561,0.0021314943855559364,0.002515162251704277,-19.412372507510945,19.311721020751925,22.26056059379693,22.281045509115227,-0.1135148191721981,0.11733102875681212,0.15364414786043065,0.19374747265578662,5.208967464434345,1.400793602114228,0.29068647610330556,2.3565311879875006e-05,0.0072989312261866725,2.3926507742412766,0.004997216518780987,0.08546023438763918,1.5473493323195682,0.0005909368719198884,-0.9698976031294406,0.0016199717618593033,307485.9510942151,2469.2201498442814,327576.9116425809,62887.75984005075,0.005,0.0,8.0,1.0,0.07596126573001068,0.00986252776458673,0.1747786949253686,3.549217639526682,0.015887440891841638
lightly_damped_flexible,mid_2_10_hz,causal_low_pass,ols,True,True,20,0.0,0.0,-0.7306995400098785,0.7302551249321838,0.7556760670914677,0.7569922728925101,-0.998768544491111,0.9920882969685905,1.0922976321925688,1.096555364490068,-0.75482363987138,0.7547861394858432,0.7807796920327371,0.7826617618137117,0.04836802635583455,0.047962219189468136,0.055705782314972925,0.057406487511026984,-0.9814390810914506,0.9689973650279429,1.3296603644876515,1.3477695697462844,3.0982068567722094,3.0780863874204165,3.5616390216073457,3.601123154144946,-0.0013518116431487704,0.001329934983054081,0.0017666704012948527,0.0018472565618775838,-3.679323902385625,3.6656943012372825,3.7519425695370168,3.752541258132774,-0.014780799717502091,0.014491563229916848,0.02303193663324823,0.027201580268130465,0.3808265437983125,3.4646935007859594,0.8454364911617109,2.3565311879875006e-05,0.0072989312261866725,2.3926507742412766,0.004997216518780987,0.08546023438763918,1.5473493323195682,0.0005909368719198884,-0.9698976031294406,0.0016199717618593033,307485.9510942151,2469.2201498442814,327576.9116425809,62887.75984005075,0.02,16.10426073564375,20.0,1.0,0.07596126573001068,0.00986252776458673,0.1747786949253686,3.549217639526682,-1.0
lightly_damped_flexible,mid_2_10_hz,causal_low_pass,tls,True,True,20,0.0,0.0,-0.025157096675102804,0.025265851787811756,0.034025393365042164,0.036776626636069336,-3.6185258893446743,3.6126591793037397,3.6823080259970626,3.6935415042065696,-0.13721929502430433,0.13577954975596912,0.15577733294019772,0.1579385789544444,0.06302391712564406,0.06247460634801965,0.0715778391606165,0.07281773516136981,-3.8556955174144685,3.8350726980222136,3.9517308938936115,3.954097327447069,0.1593095976823266,0.15712204677739816,0.1845220281270864,0.1875618274476203,-0.0013518116431487704,0.001329934983054081,0.0017666704012948527,0.0018472565618775838,-3.679323902385625,3.6656943012372825,3.7519425695370168,3.752541258132774,-0.014780799717502091,0.014491563229916848,0.02303193663324823,0.027201580268130465,0.6806630026865081,3.4646935007859594,0.8454364911617109,2.3565311879875006e-05,0.0072989312261866725,2.3926507742412766,0.004997216518780987,0.08546023438763918,1.5473493323195682,0.0005909368719198884,-0.9698976031294406,0.0016199717618593033,307485.9510942151,2469.2201498442814,327576.9116425809,62887.75984005075,0.02,16.10426073564375,20.0,1.0,0.07596126573001068,0.00986252776458673,0.1747786949253686,3.549217639526682,-1.0
lightly_damped_flexible,mid_2_10_hz,causal_low_pass,iv,True,True,20,0.0,0.0,-0.03200285464847431,0.041706830213612704,0.14525215153001791,0.17713430329608873,-4.668895794693544,4.806878860135216,5.645327524237596,6.154360916043043,0.0018213876556491758,0.026679828355779533,0.05851561616529704,0.07555348914311444,-0.017814825544720685,0.015831742512874086,0.04761458625447736,0.05653979766576642,-4.6944839109978975,4.800540475337508,5.5130077186908055,5.807982868980058,-0.0005685973102723229,0.026638063414852253,0.06122124977432526,0.0817283512413094,-0.0013518116431487704,0.001329934983054081,0.0017666704012948527,0.0018472565618775838,-3.679323902385625,3.6656943012372825,3.7519425695370168,3.752541258132774,-0.014780799717502091,0.014491563229916848,0.02303193663324823,0.027201580268130465,0.766179040793434,3.4646935007859594,0.8454364911617109,2.3565311879875006e-05,0.0072989312261866725,2.3926507742412766,0.004997216518780987,0.08546023438763918,1.5473493323195682,0.0005909368719198884,-0.9698976031294406,0.0016199717618593033,307485.9510942151,2469.2201498442814,327576.9116425809,62887.75984005075,0.02,16.10426073564375,20.0,1.0,0.07596126573001068,0.00986252776458673,0.1747786949253686,3.549217639526682,0.05260515309439355
lightly_damped_flexible,mid_2_10_hz,causal_polynomial,ols,True,True,20,0.0,0.0,-0.5934030886337263,0.5955275261560649,0.6095485473740132,0.6118224130651491,-4.0642666899706095,4.0690318194323005,4.146766783659569,4.1603239325184065,-0.685122869072736,0.6864347328856916,0.6980968066973877,0.6999089201900897,0.13635973456029818,0.1362533044169662,0.13754027332729357,0.1377642022188092,-9.565361885635614,9.571798373513037,9.67884863907719,9.710621131979137,2.177943960225347,2.1891809800170137,2.312326365607806,2.332321642594108,0.11401484924486782,0.11401009812957505,0.11437460098655462,0.11445843917259349,-10.479453889671493,10.477419306853523,10.542167949803858,10.546164591684708,-0.38494674821536606,0.38515612749994066,0.3985152469280858,0.4195177202474065,0.48922561467282244,5.24854506295819,0.9237464342157746,2.3565311879875006e-05,0.0072989312261866725,2.3926507742412766,0.004997216518780987,0.08546023438763918,1.5473493323195682,0.0005909368719198884,-0.9698976031294406,0.0016199717618593033,307485.9510942151,2469.2201498442814,327576.9116425809,62887.75984005075,0.015,31.854208817575675,92.0,1.0,0.07596126573001068,0.00986252776458673,0.1747786949253686,3.549217639526682,-1.0
lightly_damped_flexible,mid_2_10_hz,causal_polynomial,tls,True,True,20,0.0,0.0,0.987752042203551,0.9878064685167601,1.030143703601511,1.101187912020109,-17.718128569587925,17.753081307414735,18.110388893937635,18.70759310638565,0.511112500020878,0.5100599186860534,0.5425242627276466,0.5962375313595583,0.1469134797933332,0.14689185687631554,0.14756574232658556,0.14777103633104088,-10.645720868107954,10.642791817620292,10.715808217031984,10.719174027752004,-0.3379644689246003,0.33777435762300734,0.3516719261650109,0.373526821444755,0.11401484924486782,0.11401009812957505,0.11437460098655462,0.11445843917259349,-10.479453889671493,10.477419306853523,10.542167949803858,10.546164591684708,-0.38494674821536606,0.38515612749994066,0.3985152469280858,0.4195177202474065,1.0531149896769287,5.24854506295819,0.9237464342157746,2.3565311879875006e-05,0.0072989312261866725,2.3926507742412766,0.004997216518780987,0.08546023438763918,1.5473493323195682,0.0005909368719198884,-0.9698976031294406,0.0016199717618593033,307485.9510942151,2469.2201498442814,327576.9116425809,62887.75984005075,0.015,31.854208817575675,92.0,1.0,0.07596126573001068,0.00986252776458673,0.1747786949253686,3.549217639526682,-1.0
lightly_damped_flexible,mid_2_10_hz,causal_polynomial,iv,True,True,20,0.0,1.0,-2.518472126704124,2.4985238730771693,2.6159170270620757,2.665898569615703,26.886929134735205,26.46356975142068,28.609115071176404,29.70949254954302,-1.451923467538783,1.4452995034925662,1.4988382565995486,1.5210703258282585,1000000000.0,1000000000.0,1000000000.0,1000000000.0,1000000000.0,1000000000.0,1000000000.0,1000000000.0,1000000000.0,1000000000.0,1000000000.0,1000000000.0,0.11401484924486782,0.11401009812957505,0.11437460098655462,0.11445843917259349,-10.479453889671493,10.477419306853523,10.542167949803858,10.546164591684708,-0.38494674821536606,0.38515612749994066,0.3985152469280858,0.4195177202474065,1.9661774128751923,5.24854506295819,0.9237464342157746,2.3565311879875006e-05,0.0072989312261866725,2.3926507742412766,0.004997216518780987,0.08546023438763918,1.5473493323195682,0.0005909368719198884,-0.9698976031294406,0.0016199717618593033,307485.9510942151,2469.2201498442814,327576.9116425809,62887.75984005075,0.015,31.854208817575675,92.0,1.0,0.07596126573001068,0.00986252776458673,0.1747786949253686,3.549217639526682,0.0743219984308944
lightly_damped_flexible,mid_2_10_hz,alpha_beta_gamma,ols,True,True,20,0.0,0.0,-0.47212275375003443,0.47169811209571555,0.4802999354206125,0.48192960585937056,-8.04153175879544,8.04135753845826,8.17136687999627,8.214136696125136,-0.49845200470684814,0.49854130075733893,0.506569419249272,0.5079669578877333,0.025915965861193546,0.02615135642557975,0.026709218438597908,0.026833583425381665,-14.684985978974547,14.69489540644448,14.743278806400962,14.744152173683323,0.9940709357003981,0.9941907442547311,1.0266283897893764,1.0323838328155022,0.008571854016181059,0.008560967021957386,0.008946191850822014,0.008959776805842963,-15.582328191491314,15.587377875044593,15.619989120492015,15.625902186416655,-0.09481915774707081,0.09669471704630261,0.10247074327738953,0.11837734949002421,0.3231703047226096,5.76667231959802,0.9306389693711968,2.3565311879875006e-05,0.0072989312261866725,2.3926507742412766,0.004997216518780987,0.08546023438763918,1.5473493323195682,0.0005909368719198884,-0.9698976031294406,0.0016199717618593033,307485.9510942151,2469.2201498442814,327576.9116425809,62887.75984005075,0.03,39.30976937757253,24.0,1.0,0.07596126573001068,0.00986252776458673,0.1747786949253686,3.549217639526682,-1.0
lightly_damped_flexible,mid_2_10_hz,alpha_beta_gamma,tls,True,True,20,0.0,0.0,0.11550561331965792,0.11715444250098017,0.1250471720402867,0.14357919015828335,-17.140420725028715,17.155042240527663,17.26068471389382,17.58125878406293,0.061052256625196366,0.0629323011192311,0.06929363063214215,0.08768199828306611,0.02533915569202369,0.025448651678335068,0.02576233248255874,0.02583337275922611,-15.835709384233482,15.838663500062458,15.882057787032474,15.884587992078352,-0.05748091939343567,0.059206302030305635,0.06478885994619886,0.08061363378402364,0.008571854016181059,0.008560967021957386,0.008946191850822014,0.008959776805842963,-15.582328191491314,15.587377875044593,15.619989120492015,15.625902186416655,-0.09481915774707081,0.09669471704630261,0.10247074327738953,0.11837734949002421,0.46444451614915816,5.76667231959802,0.9306389693711968,2.3565311879875006e-05,0.0072989312261866725,2.3926507742412766,0.004997216518780987,0.08546023438763918,1.5473493323195682,0.0005909368719198884,-0.9698976031294406,0.0016199717618593033,307485.9510942151,2469.2201498442814,327576.9116425809,62887.75984005075,0.03,39.30976937757253,24.0,1.0,0.07596126573001068,0.00986252776458673,0.1747786949253686,3.549217639526682,-1.0
lightly_damped_flexible,mid_2_10_hz,alpha_beta_gamma,iv,True,True,20,0.0,1.0,-2.005928968306617,2.0015450686503966,2.0532920054735233,2.06326073736729,22.049907403780402,21.976901340601543,23.15285511490422,23.28599059398463,-1.2567416509137483,1.2542128499829701,1.2832814796019996,1.2882374595631418,1000000000.0,1000000000.0,1000000000.0,1000000000.0,1000000000.0,1000000000.0,1000000000.0,1000000000.0,1000000000.0,1000000000.0,1000000000.0,1000000000.0,0.008571854016181059,0.008560967021957386,0.008946191850822014,0.008959776805842963,-15.582328191491314,15.587377875044593,15.619989120492015,15.625902186416655,-0.09481915774707081,0.09669471704630261,0.10247074327738953,0.11837734949002421,1.5673178787821662,5.76667231959802,0.9306389693711968,2.3565311879875006e-05,0.0072989312261866725,2.3926507742412766,0.004997216518780987,0.08546023438763918,1.5473493323195682,0.0005909368719198884,-0.9698976031294406,0.0016199717618593033,307485.9510942151,2469.2201498442814,327576.9116425809,62887.75984005075,0.03,39.30976937757253,24.0,1.0,0.07596126573001068,0.00986252776458673,0.1747786949253686,3.549217639526682,0.08266950234370549
lightly_damped_flexible,mid_2_10_hz,centered_savitzky_golay,ols,False,True,20,0.0,0.0,0.10227833584607124,0.10190246582441365,0.1069231238577216,0.10801138012146642,0.0056338968054122415,0.012798195487154329,0.04579557673907269,0.046968362380538586,0.18726694043218592,0.18648869324983497,0.19267740474780243,0.19414509448778805,-0.03645606119223941,0.03645299836151346,0.03674685457349639,0.036878554699278705,-0.1209232481136608,0.12288814336900358,0.14611403252229835,0.15446980780184547,-0.15772279041222076,0.15717685796255476,0.16155024348717412,0.16258082487962977,-0.0367445258799098,0.03673816893990797,0.03705121056705769,0.0371570842162901,-0.14244814077935097,0.1436323274792869,0.16742741535189998,0.17591415385198533,-0.1806514614423491,0.18032421649810082,0.18485220584304154,0.18688160387353636,0.07454698034627588,7.389213048893861,0.9640277474576553,2.3565311879875006e-05,0.0072989312261866725,2.3926507742412766,0.004997216518780987,0.08546023438763918,1.5473493323195682,0.0005909368719198884,-0.9698976031294406,0.0016199717618593033,307485.9510942151,2469.2201498442814,327576.9116425809,62887.75984005075,0.0,47.06947881100553,92.0,1.0,0.07596126573001068,0.00986252776458673,0.1747786949253686,3.549217639526682,-1.0
lightly_damped_flexible,mid_2_10_hz,centered_savitzky_golay,tls,False,True,20,0.0,0.0,0.13213194755283883,0.13166471639849553,0.1375444053339864,0.14006382839830528,0.009197664837718366,0.01415950608887423,0.04925839696416828,0.050316741467354875,0.21897087078396402,0.21843693146228083,0.22521070805324442,0.2282097642789287,-0.0362775922206173,0.03627509863323264,0.03655844874331869,0.036682280774603816,-0.14091222628317898,0.1421463823286158,0.16590107276206678,0.17438393527963453,-0.17962814087858636,0.1792763441682243,0.18381360198010255,0.18580683114248697,-0.0367445258799098,0.03673816893990797,0.03705121056705769,0.0371570842162901,-0.14244814077935097,0.1436323274792869,0.16742741535189998,0.17591415385198533,-0.1806514614423491,0.18032421649810082,0.18485220584304154,0.18688160387353636,0.07551479890323326,7.389213048893861,0.9640277474576553,2.3565311879875006e-05,0.0072989312261866725,2.3926507742412766,0.004997216518780987,0.08546023438763918,1.5473493323195682,0.0005909368719198884,-0.9698976031294406,0.0016199717618593033,307485.9510942151,2469.2201498442814,327576.9116425809,62887.75984005075,0.0,47.06947881100553,92.0,1.0,0.07596126573001068,0.00986252776458673,0.1747786949253686,3.549217639526682,-1.0
lightly_damped_flexible,mid_2_10_hz,centered_savitzky_golay,iv,False,True,20,0.0,0.0,0.5396807982634282,0.5445540243785447,0.5666224318293391,0.5792857845030793,-2.9542180730244496,2.999161527556783,3.303451479263923,3.4039782475064495,0.5511886719939483,0.5548389481816675,0.5723453534635423,0.5754221404795627,-0.003750241277097592,0.002970094034929079,0.009336931353717992,0.010899269716842441,-2.2626208188516705,2.285501240053268,2.4725209113553577,2.5240587132589276,-0.35524564527034197,0.3568464957039329,0.36400727807222916,0.36524949452875066,-0.0367445258799098,0.03673816893990797,0.03705121056705769,0.0371570842162901,-0.14244814077935097,0.1436323274792869,0.16742741535189998,0.17591415385198533,-0.1806514614423491,0.18032421649810082,0.18485220584304154,0.18688160387353636,0.2661492870382677,7.389213048893861,0.9640277474576553,2.3565311879875006e-05,0.0072989312261866725,2.3926507742412766,0.004997216518780987,0.08546023438763918,1.5473493323195682,0.0005909368719198884,-0.9698976031294406,0.0016199717618593033,307485.9510942151,2469.2201498442814,327576.9116425809,62887.75984005075,0.0,47.06947881100553,92.0,1.0,0.07596126573001068,0.00986252776458673,0.1747786949253686,3.549217639526682,0.07229046349776792
lightly_damped_flexible,high_5_15_hz,backward_difference,ols,True,True,20,0.0,0.0,-0.49799761744279847,0.49852879149418095,0.5020968192297367,0.5031240671338582,-7.606048231253053,7.555322071063096,8.337508773101344,8.379346634126833,-0.9845830251976194,0.9847289051952854,0.9858285175088193,0.9861973204919243,4.716258204638125,4.719730986426664,4.972777348465708,5.027511708660891,-76.10684517355433,75.50518626677976,82.32147716372215,85.68112904819115,64.16648651551398,64.48543286832799,69.56682661789183,71.44970075664799,-0.10190655432411859,0.10179080849849825,0.1340687851271565,0.14124097034723843,-276.45225028119415,270.31829192668545,315.8833623881482,316.03488829209317,0.2582305732435152,0.26402868289694936,0.32899177371798916,0.36891314875168746,0.44890638250875103,1.853741604631951,0.5482708365471824,8.0707329238685e-07,0.0002955239498062267,0.24930423551501266,0.0013854227021790654,0.017225738988227685,0.4993083641229128,-0.04825912057761129,-0.6447639431575884,-0.0009224615126207078,191933.24641398175,99.55130628310648,278770.32483052864,17464.16815894521,0.005,0.0,8.0,1.0,0.015171156621176355,0.0032535146979227976,0.0460299150992391,1.2030052291873092,-1.0
lightly_damped_flexible,high_5_15_hz,backward_difference,tls,True,True,20,0.0,0.0,-0.11738097910987282,0.11535605395963464,0.16268054362492962,0.1775663037949646,-95.78542225259322,92.9715918636929,112.14719075625133,113.75671756168288,-0.7836850456933955,0.7819349043085309,0.8056225721963929,0.8124989760305152,1.0250455514706487,1.0442311316191892,1.17270862257538,1.2092351663120393,-217.85298945560066,210.65872958574164,248.03701031318207,253.47406610377112,3.6499606201520804,3.5858225381126623,4.144980919388661,4.333304207249272,-0.10190655432411859,0.10179080849849825,0.1340687851271565,0.14124097034723843,-276.45225028119415,270.31829192668545,315.8833623881482,316.03488829209317,0.2582305732435152,0.26402868289694936,0.32899177371798916,0.36891314875168746,1.0333180713757062,1.853741604631951,0.5482708365471824,8.0707329238685e-07,0.0002955239498062267,0.24930423551501266,0.0013854227021790654,0.017225738988227685,0.4993083641229128,-0.04825912057761129,-0.6447639431575884,-0.0009224615126207078,191933.24641398175,99.55130628310648,278770.32483052864,17464.16815894521,0.005,0.0,8.0,1.0,0.015171156621176355,0.0032535146979227976,0.0460299150992391,1.2030052291873092,-1.0
lightly_damped_flexible,high_5_15_hz,backward_difference,iv,True,True,20,0.0,0.95,-3.1547656238807624,3.191754453398155,5.263924446995446,5.291500194369257,-42.51908454136084,40.16226216332857,53.30782383746393,55.1637274462033,-0.27156454774081873,0.25800739765083414,0.47734408773796344,0.48224257468828213,-0.050271560592144444,0.050271560592144444,0.050271560592144444,0.050271560592144444,-40.36224888179084,40.36224888179084,40.36224888179084,40.36224888179084,0.0404433790040275,0.0404433790040275,0.0404433790040275,0.0404433790040275,-0.10190655432411859,0.10179080849849825,0.1340687851271565,0.14124097034723843,-276.45225028119415,270.31829192668545,315.8833623881482,316.03488829209317,0.2582305732435152,0.26402868289694936,0.32899177371798916,0.36891314875168746,3.606899810181308,1.853741604631951,0.5482708365471824,8.0707329238685e-07,0.0002955239498062267,0.24930423551501266,0.0013854227021790654,0.017225738988227685,0.4993083641229128,-0.04825912057761129,-0.6447639431575884,-0.0009224615126207078,191933.24641398175,99.55130628310648,278770.32483052864,17464.16815894521,0.005,0.0,8.0,1.0,0.015171156621176355,0.0032535146979227976,0.0460299150992391,1.2030052291873092,0.006637365659117668
lightly_damped_flexible,high_5_15_hz,causal_low_pass,ols,True,True,20,0.0,0.0,-0.3832597987153025,0.38257040258348307,0.39164919122443037,0.396534661853293,-6.092394618782272,6.0596513176523,6.409720075827078,6.52850238112103,-0.8400500347039184,0.8372193510946766,0.8587562204849979,0.8587985788805215,0.9674432415606,0.9504593022210743,1.068020007438722,1.081417371042606,-17.25043837432223,17.388261803549383,18.798201455947787,19.51087359400847,5.287281955355047,5.1432554083728785,6.0799578442934425,6.082081696287202,-0.010009651201441282,0.010272405582220413,0.01656703156821166,0.017982238616603037,-17.2356610679147,17.058032724206868,18.82726808506318,19.270393821609044,-0.011889165049357286,0.015175830696480208,0.02959788695190735,0.02998290908089274,0.30466936508421893,1.2963724031359227,0.21668509681567566,8.0707329238685e-07,0.0002955239498062267,0.24930423551501266,0.0013854227021790654,0.017225738988227685,0.4993083641229128,-0.04825912057761129,-0.6447639431575884,-0.0009224615126207078,191933.24641398175,99.55130628310648,278770.32483052864,17464.16815894521,0.015,16.104260735643756,20.0,1.0,0.015171156621176355,0.0032535146979227976,0.0460299150992391,1.2030052291873092,-1.0
lightly_damped_flexible,high_5_15_hz,causal_low_pass,tls,True,True,20,0.0,0.0,-0.026829061756587596,0.026736759221410295,0.033927500363810786,0.03592709737421387,-9.756172262109908,9.779063540137688,10.296295016639197,10.496175684940699,-0.7077450035650329,0.7056394489001324,0.7349564797432373,0.7364572963996804,0.827253058487263,0.8155492705790914,0.9076482095580624,0.9215540546904184,-17.450885911045773,17.538268612515132,18.94217835630641,19.783239701171848,2.4342976410399566,2.3971943470132255,2.772971683018,2.7944514734756907,-0.010009651201441282,0.010272405582220413,0.01656703156821166,0.017982238616603037,-17.2356610679147,17.058032724206868,18.82726808506318,19.270393821609044,-0.011889165049357286,0.015175830696480208,0.02959788695190735,0.02998290908089274,0.34673932085945613,1.2963724031359227,0.21668509681567566,8.0707329238685e-07,0.0002955239498062267,0.24930423551501266,0.0013854227021790654,0.017225738988227685,0.4993083641229128,-0.04825912057761129,-0.6447639431575884,-0.0009224615126207078,191933.24641398175,99.55130628310648,278770.32483052864,17464.16815894521,0.015,16.104260735643756,20.0,1.0,0.015171156621176355,0.0032535146979227976,0.0460299150992391,1.2030052291873092,-1.0
lightly_damped_flexible,high_5_15_hz,causal_low_pass,iv,True,True,20,0.0,0.95,-1.4885525084883784,1.5112579059955296,1.772518653662371,1.900229689089493,-38.14780423328757,38.1763599629011,42.42245259549883,42.63237939792499,-0.22251515747689526,0.2210344894153522,0.28727215757360725,0.2902228429126623,-0.5310685770239851,0.5310685770239851,0.5310685770239851,0.5310685770239851,-73.35744716874702,73.35744716874702,73.35744716874702,73.35744716874702,0.14828736779956886,0.14828736779956886,0.14828736779956886,0.14828736779956886,-0.010009651201441282,0.010272405582220413,0.01656703156821166,0.017982238616603037,-17.2356610679147,17.058032724206868,18.82726808506318,19.270393821609044,-0.011889165049357286,0.015175830696480208,0.02959788695190735,0.02998290908089274,0.8496479504661427,1.2963724031359227,0.21668509681567566,8.0707329238685e-07,0.0002955239498062267,0.24930423551501266,0.0013854227021790654,0.017225738988227685,0.4993083641229128,-0.04825912057761129,-0.6447639431575884,-0.0009224615126207078,191933.24641398175,99.55130628310648,278770.32483052864,17464.16815894521,0.015,16.104260735643756,20.0,1.0,0.015171156621176355,0.0032535146979227976,0.0460299150992391,1.2030052291873092,0.018682488423979814
lightly_damped_flexible,high_5_15_hz,causal_polynomial,ols,True,True,20,0.0,0.0,-0.5382946637553041,0.538704178649676,0.5560484459031797,0.5606531890717246,-24.686362062470902,24.679166037286507,25.102893074219295,25.15965804731221,-0.905139592351785,0.9067205544548402,0.9287375884615788,0.9349373129948884,1.2301227812923206,1.2233920061784453,1.496326612387398,1.59858987296395,-115.69395130033925,114.73454256679541,133.402305010458,143.89632057046316,9.882927079350441,9.721771038346137,13.038737999611472,14.369792519042983,-0.2691289250949154,0.2690226872768576,0.2777093337732163,0.281280145722856,-56.436254574172494,56.218884127645936,58.13692228277703,58.669923100839675,-0.9118476268963078,0.9138151181377374,0.9322262441407169,0.9362409576940607,0.5663822029834389,2.2128388229678886,0.6116617541209919,8.0707329238685e-07,0.0002955239498062267,0.24930423551501266,0.0013854227021790654,0.017225738988227685,0.4993083641229128,-0.04825912057761129,-0.6447639431575884,-0.0009224615126207078,191933.24641398175,99.55130628310648,278770.32483052864,17464.16815894521,0.035,31.85420881757568,92.0,1.0,0.015171156621176355,0.0032535146979227976,0.0460299150992391,1.2030052291873092,-1.0
lightly_damped_flexible,high_5_15_hz,causal_polynomial,tls,True,True,20,0.0,0.0,0.9333126545772739,0.9345221429961603,0.9832733587381266,0.983844330168547,-138.7798469682719,139.16911238783737,142.71299444813928,143.75910262060222,0.9872411592319686,0.991221775125588,1.0259143733414273,1.025981312526945,-0.013670403532189485,0.013708245672892774,0.01942519073360727,0.021833231299446965,-71.30143034185882,71.04965833404258,73.56880309899948,74.74986448253915,-0.496695978472742,0.49779567486281107,0.5063957227332785,0.5064120316328435,-0.2691289250949154,0.2690226872768576,0.2777093337732163,0.281280145722856,-56.436254574172494,56.218884127645936,58.13692228277703,58.669923100839675,-0.9118476268963078,0.9138151181377374,0.9322262441407169,0.9362409576940607,1.292052279109769,2.2128388229678886,0.6116617541209919,8.0707329238685e-07,0.0002955239498062267,0.24930423551501266,0.0013854227021790654,0.017225738988227685,0.4993083641229128,-0.04825912057761129,-0.6447639431575884,-0.0009224615126207078,191933.24641398175,99.55130628310648,278770.32483052864,17464.16815894521,0.035,31.85420881757568,92.0,1.0,0.015171156621176355,0.0032535146979227976,0.0460299150992391,1.2030052291873092,-1.0
lightly_damped_flexible,high_5_15_hz,causal_polynomial,iv,True,True,20,0.0,1.0,-7.24200908748269,7.263893513597052,7.486564632433794,7.570167278352048,-64.13484865930123,64.29918036559474,67.90086403515957,68.9886845371986,-0.6609997071762169,0.6612111918124786,0.6947929455653927,0.7108263466383029,1000000000.0,1000000000.0,1000000000.0,1000000000.0,1000000000.0,1000000000.0,1000000000.0,1000000000.0,1000000000.0,1000000000.0,1000000000.0,1000000000.0,-0.2691289250949154,0.2690226872768576,0.2777093337732163,0.281280145722856,-56.436254574172494,56.218884127645936,58.13692228277703,58.669923100839675,-0.9118476268963078,0.9138151181377374,0.9322262441407169,0.9362409576940607,2.899326498311484,2.2128388229678886,0.6116617541209919,8.0707329238685e-07,0.0002955239498062267,0.24930423551501266,0.0013854227021790654,0.017225738988227685,0.4993083641229128,-0.04825912057761129,-0.6447639431575884,-0.0009224615126207078,191933.24641398175,99.55130628310648,278770.32483052864,17464.16815894521,0.035,31.85420881757568,92.0,1.0,0.015171156621176355,0.0032535146979227976,0.0460299150992391,1.2030052291873092,0.01939022416385153
lightly_damped_flexible,high_5_15_hz,alpha_beta_gamma,ols,True,True,20,0.0,0.0,-0.3247538327127532,0.3244768076976703,0.33273088140445306,0.336996847885469,-18.000843439153876,18.00270872711033,18.21092567613875,18.226154491256764,-0.6112030965847117,0.6104394896558709,0.6224449092164372,0.6313124709669449,0.3180403258453893,0.31814352648851674,0.329688084574679,0.340999366636255,-34.18797854722467,34.16173038498862,34.93857881617551,35.351434837226975,1.57331735720252,1.5670270439887837,1.6486987439784844,1.7123239091451445,-0.12009747393578236,0.1188445317674194,0.12458857975617176,0.1280464723165326,-33.769045675956306,33.73143198959295,34.474505781563884,34.545650426397486,-0.39294616385491266,0.3921680803234473,0.41365947253484797,0.4183797194818908,0.2932618710690167,2.1062486436952095,0.5563118193296005,8.0707329238685e-07,0.0002955239498062267,0.24930423551501266,0.0013854227021790654,0.017225738988227685,0.4993083641229128,-0.04825912057761129,-0.6447639431575884,-0.0009224615126207078,191933.24641398175,99.55130628310648,278770.32483052864,17464.16815894521,0.04,39.30976937757255,24.0,1.0,0.015171156621176355,0.0032535146979227976,0.0460299150992391,1.2030052291873092,-1.0
lightly_damped_flexible,high_5_15_hz,alpha_beta_gamma,tls,True,True,20,0.0,0.0,0.107963868553268,0.10915077108218951,0.11591076951020152,0.1223080195400513,-36.09390301868916,36.11019038545078,36.57492594893688,37.06050530235608,-0.13354872255992212,0.13101179363461662,0.14759836317600228,0.15313205681635034,0.13083287577100022,0.13138429370232546,0.13495865937641524,0.13620763444102413,-36.82038373387112,36.768692083942014,37.63149018266822,37.713353078054276,0.1542426950219475,0.15076368907068038,0.17315850728871082,0.18082164763573116,-0.12009747393578236,0.1188445317674194,0.12458857975617176,0.1280464723165326,-33.769045675956306,33.73143198959295,34.474505781563884,34.545650426397486,-0.39294616385491266,0.3921680803234473,0.41365947253484797,0.4183797194818908,0.37233211006673844,2.1062486436952095,0.5563118193296005,8.0707329238685e-07,0.0002955239498062267,0.24930423551501266,0.0013854227021790654,0.017225738988227685,0.4993083641229128,-0.04825912057761129,-0.6447639431575884,-0.0009224615126207078,191933.24641398175,99.55130628310648,278770.32483052864,17464.16815894521,0.04,39.30976937757255,24.0,1.0,0.015171156621176355,0.0032535146979227976,0.0460299150992391,1.2030052291873092,-1.0
lightly_damped_flexible,high_5_15_hz,alpha_beta_gamma,iv,True,True,20,0.0,1.0,-4.257948966136546,4.259508251813397,4.322273518897138,4.416726332163978,-9.179805590926808,9.248287806670211,10.066257444878175,10.519773434027341,-0.9660669789401621,0.9639207473900271,0.9885190626358261,0.9924885395451843,1000000000.0,1000000000.0,1000000000.0,1000000000.0,1000000000.0,1000000000.0,1000000000.0,1000000000.0,1000000000.0,1000000000.0,1000000000.0,1000000000.0,-0.12009747393578236,0.1188445317674194,0.12458857975617176,0.1280464723165326,-33.769045675956306,33.73143198959295,34.474505781563884,34.545650426397486,-0.39294616385491266,0.3921680803234473,0.41365947253484797,0.4183797194818908,1.6139372442247932,2.1062486436952095,0.5563118193296005,8.0707329238685e-07,0.0002955239498062267,0.24930423551501266,0.0013854227021790654,0.017225738988227685,0.4993083641229128,-0.04825912057761129,-0.6447639431575884,-0.0009224615126207078,191933.24641398175,99.55130628310648,278770.32483052864,17464.16815894521,0.04,39.30976937757255,24.0,1.0,0.015171156621176355,0.0032535146979227976,0.0460299150992391,1.2030052291873092,0.023971346923263612
lightly_damped_flexible,high_5_15_hz,centered_savitzky_golay,ols,False,True,20,0.0,0.0,0.06489811285918132,0.06503434370917859,0.07077650374143071,0.0721089367206944,0.024688674391746046,0.14226550727027054,0.2595388962726754,0.3768070689628429,0.2570822907027014,0.25724736683834515,0.2660762858449782,0.27126103074731933,-0.07960434538252427,0.07937593101958433,0.08228552914858603,0.08269695673973665,-0.11453197536003976,0.08390553460772421,0.3398400893280137,0.46043911780977953,-0.20448290228408522,0.20461156915038475,0.21015748386920363,0.21337949027498837,-0.09163060042080558,0.09155910898238366,0.09480990879596304,0.09565012244933865,-0.0622821204860314,0.08952819206520801,0.27509802078906187,0.39785500720424744,-0.24535034809794548,0.24627826277939452,0.2523493042802608,0.2589225483109667,0.07341116409207757,1.9151393353302903,0.5674820521132318,8.0707329238685e-07,0.0002955239498062267,0.24930423551501266,0.0013854227021790654,0.017225738988227685,0.4993083641229128,-0.04825912057761129,-0.6447639431575884,-0.0009224615126207078,191933.24641398175,99.55130628310648,278770.32483052864,17464.16815894521,0.0,47.06947881100554,92.0,1.0,0.015171156621176355,0.0032535146979227976,0.0460299150992391,1.2030052291873092,-1.0
lightly_damped_flexible,high_5_15_hz,centered_savitzky_golay,tls,False,True,20,0.0,0.0,0.09073308328368665,0.09091610706972061,0.09939147193024704,0.10042422487546049,0.13591669443573517,0.19045218512692186,0.34063191919808833,0.38472868067368204,0.29073095763188095,0.2921731609745196,0.30082057630147063,0.3101656876508907,-0.08072697536954125,0.0805647850754655,0.08354388002049415,0.08375577108655156,-0.0428243276409495,0.08943652942200683,0.2618358521811912,0.38743192819479016,-0.22521209080058005,0.2261095619911404,0.23125239853894106,0.23673775811287923,-0.09163060042080558,0.09155910898238366,0.09480990879596304,0.09565012244933865,-0.0622821204860314,0.08952819206520801,0.27509802078906187,0.39785500720424744,-0.24535034809794548,0.24627826277939452,0.2523493042802608,0.2589225483109667,0.0740498826558284,1.9151393353302903,0.5674820521132318,8.0707329238685e-07,0.0002955239498062267,0.24930423551501266,0.0013854227021790654,0.017225738988227685,0.4993083641229128,-0.04825912057761129,-0.6447639431575884,-0.0009224615126207078,191933.24641398175,99.55130628310648,278770.32483052864,17464.16815894521,0.0,47.06947881100554,92.0,1.0,0.015171156621176355,0.0032535146979227976,0.0460299150992391,1.2030052291873092,-1.0
lightly_damped_flexible,high_5_15_hz,centered_savitzky_golay,iv,False,True,20,0.0,0.0,-0.13226194170986935,0.10591950926410865,0.4230523389674423,0.5698653892780536,-6.866591059796254,6.8580419763329425,9.649244375021254,11.566695871835124,0.5422888722900744,0.5502906185088856,0.5874925646675497,0.6133151086339492,-0.25396271150393857,0.2366399061033286,0.3816740554318979,0.4541156960879737,-6.329065933233985,5.903096856459782,9.805743367615426,14.41020526333687,-0.3511915876960012,0.3549494517904566,0.3700671505921175,0.3801582873374717,-0.09163060042080558,0.09155910898238366,0.09480990879596304,0.09565012244933865,-0.0622821204860314,0.08952819206520801,0.27509802078906187,0.39785500720424744,-0.24535034809794548,0.24627826277939452,0.2523493042802608,0.2589225483109667,0.1690233712652961,1.9151393353302903,0.5674820521132318,8.0707329238685e-07,0.0002955239498062267,0.24930423551501266,0.0013854227021790654,0.017225738988227685,0.4993083641229128,-0.04825912057761129,-0.6447639431575884,-0.0009224615126207078,191933.24641398175,99.55130628310648,278770.32483052864,17464.16815894521,0.0,47.06947881100554,92.0,1.0,0.015171156621176355,0.0032535146979227976,0.0460299150992391,1.2030052291873092,0.011280156672921995
lightly_damped_flexible,wide_0p5_20_hz,backward_difference,ols,True,True,20,0.0,0.0,-0.9099107988906097,0.9095589421604231,0.9119961432652351,0.9121730214123983,-0.13842246675974054,0.1295970596155317,0.19200902228333067,0.21606255566261479,-0.9911661481554048,0.9908318471356092,0.9931425249989566,0.9931702894026508,2.211737163881037,2.143351182161082,2.5791571601802183,2.5940595455254134,29.783031363389153,29.959134083685854,34.4202820891925,34.5459930004539,114.10469614642959,108.07866902017798,144.8263961501668,145.4190884439733,-0.0014802040177589577,0.0017657052776045225,0.004847494682893892,0.005121217328320051,-29.160194371938605,28.804447025045746,33.706522760847825,33.95750045337399,-0.1977983791385552,0.20821768044459787,0.2556600472412411,0.2605989475370656,0.5028406066536127,1.353413664852786,0.2331530646063137,1.5242851213017694e-05,0.004500966880901621,1.5161627984101342,0.004087672749296658,0.06709559963205815,1.2316561553985097,0.006334252854359727,-0.9485785126390626,0.0027148523179179396,339595.71199246426,1520.7883249589224,342600.8643186382,56140.094668547354,0.005,0.0,8.0,0.9999999971575539,0.059885046281102264,0.00857167592466191,0.14119148618265437,2.57248701079499,-1.0
lightly_damped_flexible,wide_0p5_20_hz,backward_difference,tls,True,True,20,0.0,0.0,-0.2694358940288868,0.2640303175582999,0.2943238974337417,0.30479046726983794,-14.669428874424707,14.42379104850417,17.113062470095294,17.423388754607025,-0.8272479054895925,0.8276044870594217,0.8346295061354104,0.8421067332562344,1.0570729089543687,1.0532987424953597,1.1092556867822028,1.1108082708249805,-39.50561461779648,39.13858012642081,46.27770494120688,46.80875884102452,4.795856086455766,4.800634204292037,5.047707812967133,5.33339230116021,-0.0014802040177589577,0.0017657052776045225,0.004847494682893892,0.005121217328320051,-29.160194371938605,28.804447025045746,33.706522760847825,33.95750045337399,-0.1977983791385552,0.20821768044459787,0.2556600472412411,0.2605989475370656,1.1482559741357359,1.353413664852786,0.2331530646063137,1.5242851213017694e-05,0.004500966880901621,1.5161627984101342,0.004087672749296658,0.06709559963205815,1.2316561553985097,0.006334252854359727,-0.9485785126390626,0.0027148523179179396,339595.71199246426,1520.7883249589224,342600.8643186382,56140.094668547354,0.005,0.0,8.0,0.9999999971575539,0.059885046281102264,0.00857167592466191,0.14119148618265437,2.57248701079499,-1.0
lightly_damped_flexible,wide_0p5_20_hz,backward_difference,iv,True,True,20,0.0,0.0,0.18280032636335566,0.2088480622479898,0.36195848891333976,0.45011794854753173,-11.570529491432088,11.156498328604044,18.52944956447984,25.153561483868124,0.09922936657591122,0.13919494911426256,0.23934027300128397,0.269599233943568,0.03558741791089497,0.04654888499773007,0.08260180701980949,0.0865395100688669,-9.955190492761584,9.91504405765144,15.060606083760428,19.02866006082757,-0.08008316796132975,0.12724807687852557,0.19309435214825854,0.2123498713102967,-0.0014802040177589577,0.0017657052776045225,0.004847494682893892,0.005121217328320051,-29.160194371938605,28.804447025045746,33.706522760847825,33.95750045337399,-0.1977983791385552,0.20821768044459787,0.2556600472412411,0.2605989475370656,5.3728018637918264,1.353413664852786,0.2331530646063137,1.5242851213017694e-05,0.004500966880901621,1.5161627984101342,0.004087672749296658,0.06709559963205815,1.2316561553985097,0.006334252854359727,-0.9485785126390626,0.0027148523179179396,339595.71199246426,1520.7883249589224,342600.8643186382,56140.094668547354,0.005,0.0,8.0,0.9999999971575539,0.059885046281102264,0.00857167592466191,0.14119148618265437,2.57248701079499,0.010367538883895435
lightly_damped_flexible,wide_0p5_20_hz,causal_low_pass,ols,True,True,20,0.0,0.0,-0.7025344687408642,0.7011670292144847,0.7255835493121633,0.7281586384866894,-0.649263897874446,0.6523430228167006,0.7411877792092507,0.7792393101267577,-0.7750551410373273,0.7735426327963094,0.8003342259432731,0.802697769943658,0.15076862019787857,0.1481790983483404,0.17233998168561326,0.17379369219273175,0.3757560234795689,0.32531059912716437,0.9317730601083354,1.0517155557798958,3.4678656263297696,3.4158482593793305,4.008406991644389,4.068366433133768,-0.002393756097567608,0.0026344228850714293,0.0033312268348672054,0.00351561497341203,-3.8989942475417507,3.889501383529759,3.984557648219736,4.0076124123275925,-0.027582826330378084,0.02824655362784645,0.03725380707704359,0.038163194489202246,0.36768617806233095,2.82085529564848,0.7751905820809235,1.5242851213017694e-05,0.004500966880901621,1.5161627984101342,0.004087672749296658,0.06709559963205815,1.2316561553985097,0.006334252854359727,-0.9485785126390626,0.0027148523179179396,339595.71199246426,1520.7883249589224,342600.8643186382,56140.094668547354,0.015,16.10426073564376,20.0,0.9999999971575539,0.059885046281102264,0.00857167592466191,0.14119148618265437,2.57248701079499,-1.0
lightly_damped_flexible,wide_0p5_20_hz,causal_low_pass,tls,True,True,20,0.0,0.0,-0.08521550383607224,0.08480535724970187,0.10115586112742445,0.10554473645308292,-3.5033085316092567,3.5026331783415623,3.5436973546820405,3.591236218006719,-0.24988477299321615,0.24761875569807068,0.2758459741206937,0.28361697665820906,0.1044927519372352,0.10288847845211851,0.11769042315454782,0.11898405714908056,-4.022963084506808,4.008292086715096,4.118318182615265,4.16228999177201,0.33394029003724157,0.3291279945075445,0.38093014396242997,0.39590130896065867,-0.002393756097567608,0.0026344228850714293,0.0033312268348672054,0.00351561497341203,-3.8989942475417507,3.889501383529759,3.984557648219736,4.0076124123275925,-0.027582826330378084,0.02824655362784645,0.03725380707704359,0.038163194489202246,0.6076129909019309,2.82085529564848,0.7751905820809235,1.5242851213017694e-05,0.004500966880901621,1.5161627984101342,0.004087672749296658,0.06709559963205815,1.2316561553985097,0.006334252854359727,-0.9485785126390626,0.0027148523179179396,339595.71199246426,1520.7883249589224,342600.8643186382,56140.094668547354,0.015,16.10426073564376,20.0,0.9999999971575539,0.059885046281102264,0.00857167592466191,0.14119148618265437,2.57248701079499,-1.0
lightly_damped_flexible,wide_0p5_20_hz,causal_low_pass,iv,True,True,20,0.0,0.0,0.1318636934206936,0.11052248372721275,0.28292975099073425,0.3772871557426498,-8.412979402536635,7.496841003822835,13.001204305090265,15.794305122835286,0.10338214717605246,0.09442917129528672,0.18838654894156023,0.25621903742328467,0.011989428924670814,0.012755292467216541,0.04402145754453833,0.047079274379999064,-7.502485669479969,7.064364030096047,11.054288405227537,12.247335175083258,-0.09103628006375199,0.08627886051930433,0.15838604231839065,0.20396047965395647,-0.002393756097567608,0.0026344228850714293,0.0033312268348672054,0.00351561497341203,-3.8989942475417507,3.889501383529759,3.984557648219736,4.0076124123275925,-0.027582826330378084,0.02824655362784645,0.03725380707704359,0.038163194489202246,0.8306205335289732,2.82085529564848,0.7751905820809235,1.5242851213017694e-05,0.004500966880901621,1.5161627984101342,0.004087672749296658,0.06709559963205815,1.2316561553985097,0.006334252854359727,-0.9485785126390626,0.0027148523179179396,339595.71199246426,1520.7883249589224,342600.8643186382,56140.094668547354,0.015,16.10426073564376,20.0,0.9999999971575539,0.059885046281102264,0.00857167592466191,0.14119148618265437,2.57248701079499,0.05632804260496417
lightly_damped_flexible,wide_0p5_20_hz,causal_polynomial,ols,True,True,20,0.0,0.0,-0.6738372631862442,0.6720648539951282,0.6955271982154122,0.7035311507561174,-3.0852125483062323,3.111351556578363,3.2077427149607374,3.2148209935661316,-0.7855129575856516,0.7844372148871446,0.8047565404182265,0.8115175888460373,0.23359376840037904,0.2332641930522404,0.24878940712811323,0.2541633904904883,-8.887830084720466,8.885465743684275,9.10382193668046,9.10634252769465,3.6768090665579107,3.6390901854497826,4.122144734234161,4.305534844750822,0.07908042775116322,0.07922858867316505,0.07979922435478914,0.07983337138812042,-11.149176573908717,11.150363092719243,11.252306576043031,11.287981253587024,-0.7352994352109012,0.7346517731384004,0.7499254838704728,0.7630051079896152,0.5785067439657483,4.639754762372702,0.9038089375859737,1.5242851213017694e-05,0.004500966880901621,1.5161627984101342,0.004087672749296658,0.06709559963205815,1.2316561553985097,0.006334252854359727,-0.9485785126390626,0.0027148523179179396,339595.71199246426,1520.7883249589224,342600.8643186382,56140.094668547354,0.02,31.85420881757568,92.0,0.9999999971575539,0.059885046281102264,0.00857167592466191,0.14119148618265437,2.57248701079499,-1.0
lightly_damped_flexible,wide_0p5_20_hz,causal_polynomial,tls,True,True,20,0.0,0.0,2.896448859416673,2.8832128596141358,3.0754197724407972,3.252990261389785,-37.130527705171374,37.004553107988926,39.11758958469225,40.882931575786934,2.05787721146569,2.0475095889301294,2.198723731701305,2.3356001146284444,0.12881768405323288,0.12887803933565617,0.12954092569208137,0.12957737513993864,-11.465257516707261,11.466205839865173,11.590887025045525,11.627694376092196,-0.672447832591585,0.6718631831456543,0.6873463575865871,0.7002038716768089,0.07908042775116322,0.07922858867316505,0.07979922435478914,0.07983337138812042,-11.149176573908717,11.150363092719243,11.252306576043031,11.287981253587024,-0.7352994352109012,0.7346517731384004,0.7499254838704728,0.7630051079896152,2.002754257398707,4.639754762372702,0.9038089375859737,1.5242851213017694e-05,0.004500966880901621,1.5161627984101342,0.004087672749296658,0.06709559963205815,1.2316561553985097,0.006334252854359727,-0.9485785126390626,0.0027148523179179396,339595.71199246426,1520.7883249589224,342600.8643186382,56140.094668547354,0.02,31.85420881757568,92.0,0.9999999971575539,0.059885046281102264,0.00857167592466191,0.14119148618265437,2.57248701079499,-1.0
lightly_damped_flexible,wide_0p5_20_hz,causal_polynomial,iv,True,True,20,0.0,1.0,-3.319329716398374,3.3137442768995946,3.5461292581180968,3.69304164446631,86.42558711577674,86.06205362130541,94.72131578188734,100.04033313099181,-2.4690620306256488,2.4642479385310594,2.606623139632071,2.703816445357539,1000000000.0,1000000000.0,1000000000.0,1000000000.0,1000000000.0,1000000000.0,1000000000.0,1000000000.0,1000000000.0,1000000000.0,1000000000.0,1000000000.0,0.07908042775116322,0.07922858867316505,0.07979922435478914,0.07983337138812042,-11.149176573908717,11.150363092719243,11.252306576043031,11.287981253587024,-0.7352994352109012,0.7346517731384004,0.7499254838704728,0.7630051079896152,2.975920891309936,4.639754762372702,0.9038089375859737,1.5242851213017694e-05,0.004500966880901621,1.5161627984101342,0.004087672749296658,0.06709559963205815,1.2316561553985097,0.006334252854359727,-0.9485785126390626,0.0027148523179179396,339595.71199246426,1520.7883249589224,342600.8643186382,56140.094668547354,0.02,31.85420881757568,92.0,0.9999999971575539,0.059885046281102264,0.00857167592466191,0.14119148618265437,2.57248701079499,0.07803898135762001
lightly_damped_flexible,wide_0p5_20_hz,alpha_beta_gamma,ols,True,True,20,0.0,0.0,-0.353020332712339,0.3520160655930547,0.36281510154306595,0.3694493904094724,-9.209822691447817,9.20865436481782,9.381822032101558,9.452884584705807,-0.3999372209823263,0.3992148226792338,0.4112905105670971,0.4180101332194486,0.03837030736953229,0.03818278423961613,0.04045408986458391,0.040883833664579344,-14.176325205854557,14.17504365041644,14.22423861503422,14.23618318432011,0.6667641786104759,0.664489195971435,0.6986424543090625,0.7182429747991919,-0.0006043513827882947,0.0005326541586052824,0.001040141500355087,0.0011073536786646578,-15.316177380922372,15.315924218317104,15.384731887975022,15.395124493029378,-0.19788759326759928,0.19754878986831415,0.20782079779089213,0.21139556800936088,0.29987293430609724,5.386755247727878,0.9216232746086725,1.5242851213017694e-05,0.004500966880901621,1.5161627984101342,0.004087672749296658,0.06709559963205815,1.2316561553985097,0.006334252854359727,-0.9485785126390626,0.0027148523179179396,339595.71199246426,1520.7883249589224,342600.8643186382,56140.094668547354,0.03,39.309769377572536,24.0,0.9999999971575539,0.059885046281102264,0.00857167592466191,0.14119148618265437,2.57248701079499,-1.0
lightly_damped_flexible,wide_0p5_20_hz,alpha_beta_gamma,tls,True,True,20,0.0,0.0,0.21442906520132277,0.21327532878977856,0.22780661920458867,0.231220887570704,-18.34561166418667,18.351451729261644,18.619924719176993,18.690586631817332,0.17081478677897477,0.1707396927168845,0.18368143837843717,0.18549210995629783,0.018455863657150882,0.018548146425322022,0.019210837200118732,0.01931059172332672,-15.546399217803701,15.546990225315096,15.62627168541318,15.642826393568441,-0.14583737750390252,0.1458390414771633,0.1551779975971607,0.15646844748982414,-0.0006043513827882947,0.0005326541586052824,0.001040141500355087,0.0011073536786646578,-15.316177380922372,15.315924218317104,15.384731887975022,15.395124493029378,-0.19788759326759928,0.19754878986831415,0.20782079779089213,0.21139556800936088,0.4106626948991884,5.386755247727878,0.9216232746086725,1.5242851213017694e-05,0.004500966880901621,1.5161627984101342,0.004087672749296658,0.06709559963205815,1.2316561553985097,0.006334252854359727,-0.9485785126390626,0.0027148523179179396,339595.71199246426,1520.7883249589224,342600.8643186382,56140.094668547354,0.03,39.309769377572536,24.0,0.9999999971575539,0.059885046281102264,0.00857167592466191,0.14119148618265437,2.57248701079499,-1.0
lightly_damped_flexible,wide_0p5_20_hz,alpha_beta_gamma,iv,True,True,20,0.0,1.0,-2.5819558568624563,2.5903800264211947,2.719771939519335,2.773578821255015,69.69652999453851,69.9148818503857,74.94359272372962,77.18104067713803,-1.9941932625794194,1.9970713090532612,2.083847175988674,2.1320283864887344,1000000000.0,1000000000.0,1000000000.0,1000000000.0,1000000000.0,1000000000.0,1000000000.0,1000000000.0,1000000000.0,1000000000.0,1000000000.0,1000000000.0,-0.0006043513827882947,0.0005326541586052824,0.001040141500355087,0.0011073536786646578,-15.316177380922372,15.315924218317104,15.384731887975022,15.395124493029378,-0.19788759326759928,0.19754878986831415,0.20782079779089213,0.21139556800936088,2.475736697977598,5.386755247727878,0.9216232746086725,1.5242851213017694e-05,0.004500966880901621,1.5161627984101342,0.004087672749296658,0.06709559963205815,1.2316561553985097,0.006334252854359727,-0.9485785126390626,0.0027148523179179396,339595.71199246426,1520.7883249589224,342600.8643186382,56140.094668547354,0.03,39.309769377572536,24.0,0.9999999971575539,0.059885046281102264,0.00857167592466191,0.14119148618265437,2.57248701079499,0.06163079612602947
lightly_damped_flexible,wide_0p5_20_hz,centered_savitzky_golay,ols,False,True,20,0.0,0.0,0.05927405862253031,0.0599952829832488,0.062370796360116006,0.06361100923255796,0.002299556002568337,0.021086340913797685,0.05134208618862819,0.05730175990747077,0.14139197540767737,0.14204750787051734,0.14547065545922097,0.14573240808442556,-0.03664408094876273,0.03660279558253235,0.03717581882121595,0.03719911553958205,-0.08842859090001456,0.09102259466566387,0.1238147815378618,0.14603575879819353,-0.12387108905089068,0.1243795996007831,0.12699640276094107,0.12719585049364068,-0.03780746785376748,0.037790441333002384,0.03834451405520942,0.03840291334860843,-0.12490751524299937,0.12536340542840055,0.15738653785768453,0.18491057568618868,-0.14948885496828881,0.14952284599184829,0.1533651593343591,0.1557254704872847,0.06932098553921118,6.096728774611348,0.9475973618194116,1.5242851213017694e-05,0.004500966880901621,1.5161627984101342,0.004087672749296658,0.06709559963205815,1.2316561553985097,0.006334252854359727,-0.9485785126390626,0.0027148523179179396,339595.71199246426,1520.7883249589224,342600.8643186382,56140.094668547354,0.0,47.06947881100553,92.0,0.9999999971575539,0.059885046281102264,0.00857167592466191,0.14119148618265437,2.57248701079499,-1.0
lightly_damped_flexible,wide_0p5_20_hz,centered_savitzky_golay,tls,False,True,20,0.0,0.0,0.08735544081586026,0.08787520972547858,0.09196774976305333,0.09523496917223553,-0.008076311355893184,0.022048290596718645,0.04403982028580319,0.06900692785082385,0.17261989701078828,0.17276812099511674,0.17780070433221373,0.18092103840654827,-0.037042304811757354,0.03700410077357456,0.03754215356462447,0.03760886678339125,-0.12152655029454448,0.12209951992962201,0.1542832807689152,0.1813799666576126,-0.1472015298333938,0.14731652152314573,0.15095961073554717,0.15320333241811868,-0.03780746785376748,0.037790441333002384,0.03834451405520942,0.03840291334860843,-0.12490751524299937,0.12536340542840055,0.15738653785768453,0.18491057568618868,-0.14948885496828881,0.14952284599184829,0.1533651593343591,0.1557254704872847,0.07019610052002259,6.096728774611348,0.9475973618194116,1.5242851213017694e-05,0.004500966880901621,1.5161627984101342,0.004087672749296658,0.06709559963205815,1.2316561553985097,0.006334252854359727,-0.9485785126390626,0.0027148523179179396,339595.71199246426,1520.7883249589224,342600.8643186382,56140.094668547354,0.0,47.06947881100553,92.0,0.9999999971575539,0.059885046281102264,0.00857167592466191,0.14119148618265437,2.57248701079499,-1.0
lightly_damped_flexible,wide_0p5_20_hz,centered_savitzky_golay,iv,False,True,20,0.0,0.0,0.43003824786377753,0.4290133190130535,0.47979499390888475,0.5064684106394601,-5.540153308562359,5.593886409964117,6.595761022311994,7.094995812861518,0.5400446955676504,0.5378645356897609,0.5835395742398549,0.6165944300968906,-0.036403920442145514,0.03651570030089163,0.04070576407934499,0.04134742865174468,-4.051435542710958,4.0673054147240215,4.703239631390068,4.905645826756533,-0.3504155318618638,0.3497476681211301,0.3684891082189534,0.38141565912727726,-0.03780746785376748,0.037790441333002384,0.03834451405520942,0.03840291334860843,-0.12490751524299937,0.12536340542840055,0.15738653785768453,0.18491057568618868,-0.14948885496828881,0.14952284599184829,0.1533651593343591,0.1557254704872847,0.2443489654474718,6.096728774611348,0.9475973618194116,1.5242851213017694e-05,0.004500966880901621,1.5161627984101342,0.004087672749296658,0.06709559963205815,1.2316561553985097,0.006334252854359727,-0.9485785126390626,0.0027148523179179396,339595.71199246426,1520.7883249589224,342600.8643186382,56140.094668547354,0.0,47.06947881100553,92.0,0.9999999971575539,0.059885046281102264,0.00857167592466191,0.14119148618265437,2.57248701079499,0.05522399686163974
high_damping,low_0p25_2_hz,backward_difference,ols,True,True,20,0.0,1.0,-0.06679301975861937,0.06716891887396666,0.06988498114210637,0.07191305924010767,-0.5903355552939514,0.5902948653155808,0.6153867879178152,0.615858312205679,-1.0522006118040674,1.0521504889957303,1.0560702932711645,1.0565463003986864,1000000000.0,1000000000.0,1000000000.0,1000000000.0,1000000000.0,1000000000.0,1000000000.0,1000000000.0,1000000000.0,1000000000.0,1000000000.0,1000000000.0,1000000000.0,1000000000.0,1000000000.0,1000000000.0,1000000000.0,1000000000.0,1000000000.0,1000000000.0,1000000000.0,1000000000.0,1000000000.0,1000000000.0,0.25231169773561124,2.9003096740382883,0.7873262394650904,8.439203090841302e-07,3.8629719908685595e-05,0.004211861926020463,0.0015461435368008716,0.00621537186120602,0.06489997177084633,-0.0056203101915608365,-0.6520631269758062,0.004151103147777899,248368.10481394263,130617.22762253624,4862.2306091581795,54031.11700823527,0.005,0.0,8.0,0.9999990561676864,0.007654776370094053,0.003005973872774088,0.0131583091607246,0.19149978773053022,-1.0
high_damping,low_0p25_2_hz,backward_difference,tls,True,True,20,0.0,1.0,0.009521488373038182,0.009693852240141514,0.01707539551040466,0.01743503170803592,-0.3511883541871103,0.35335794880339977,0.37588858849214113,0.3765913091113917,-1.089537811620961,1.08943522882306,1.0936574325267279,1.0950226609668228,1000000000.0,1000000000.0,1000000000.0,1000000000.0,1000000000.0,1000000000.0,1000000000.0,1000000000.0,1000000000.0,1000000000.0,1000000000.0,1000000000.0,1000000000.0,1000000000.0,1000000000.0,1000000000.0,1000000000.0,1000000000.0,1000000000.0,1000000000.0,1000000000.0,1000000000.0,1000000000.0,1000000000.0,0.28219753391599733,2.9003096740382883,0.7873262394650904,8.439203090841302e-07,3.8629719908685595e-05,0.004211861926020463,0.0015461435368008716,0.00621537186120602,0.06489997177084633,-0.0056203101915608365,-0.6520631269758062,0.004151103147777899,248368.10481394263,130617.22762253624,4862.2306091581795,54031.11700823527,0.005,0.0,8.0,0.9999990561676864,0.007654776370094053,0.003005973872774088,0.0131583091607246,0.19149978773053022,-1.0
high_damping,low_0p25_2_hz,backward_difference,iv,True,True,20,0.0,0.1,-0.10924110766819203,0.10403202027712363,0.23098912994500317,0.23268015770265132,0.008314729917022277,0.011738854214348605,0.036505764667076404,0.03930062827357531,-0.46553194964448324,0.498684167447653,1.0044996760193197,1.021069893778332,0.4702486268573176,0.23261266977468203,1.4044144486766126,1.8668140309083605,0.6944002001327089,0.3553692231654446,1.9625350769853454,2.6875003456362045,1.8650787771189548,0.6634684783743572,6.073013188080951,9.279857122121726,1000000000.0,1000000000.0,1000000000.0,1000000000.0,1000000000.0,1000000000.0,1000000000.0,1000000000.0,1000000000.0,1000000000.0,1000000000.0,1000000000.0,3.492480581277638,2.9003096740382883,0.7873262394650904,8.439203090841302e-07,3.8629719908685595e-05,0.004211861926020463,0.0015461435368008716,0.00621537186120602,0.06489997177084633,-0.0056203101915608365,-0.6520631269758062,0.004151103147777899,248368.10481394263,130617.22762253624,4862.2306091581795,54031.11700823527,0.005,0.0,8.0,0.9999990561676864,0.007654776370094053,0.003005973872774088,0.0131583091607246,0.19149978773053022,0.0002461501159012501
high_damping,low_0p25_2_hz,causal_low_pass,ols,True,True,20,0.0,1.0,-0.06517775166300808,0.06547538902496143,0.06850191640133506,0.07025725357296399,-0.08362886338888345,0.08463448196690969,0.09123566370203737,0.09210197533621808,-1.1083255204245994,1.108081774363118,1.1103779097578879,1.1107335084460743,1000000000.0,1000000000.0,1000000000.0,1000000000.0,1000000000.0,1000000000.0,1000000000.0,1000000000.0,1000000000.0,1000000000.0,1000000000.0,1000000000.0,1000000000.0,1000000000.0,1000000000.0,1000000000.0,1000000000.0,1000000000.0,1000000000.0,1000000000.0,1000000000.0,1000000000.0,1000000000.0,1000000000.0,0.10945126363449334,1.3461381453736503,0.2869671837401746,8.439203090841302e-07,3.8629719908685595e-05,0.004211861926020463,0.0015461435368008716,0.00621537186120602,0.06489997177084633,-0.0056203101915608365,-0.6520631269758062,0.004151103147777899,248368.10481394263,130617.22762253624,4862.2306091581795,54031.11700823527,0.02,16.104260735643756,20.0,0.9999990561676864,0.007654776370094053,0.003005973872774088,0.0131583091607246,0.19149978773053022,-1.0
high_damping,low_0p25_2_hz,causal_low_pass,tls,True,True,20,0.0,1.0,-0.045860432999988744,0.045789154323579453,0.05010767492695526,0.05102019495865648,-0.06132825344429736,0.0624103631676126,0.06899345662461431,0.07059563280963133,-1.1130885903442658,1.1130857899252329,1.1151401144194224,1.1153293929496269,1000000000.0,1000000000.0,1000000000.0,1000000000.0,1000000000.0,1000000000.0,1000000000.0,1000000000.0,1000000000.0,1000000000.0,1000000000.0,1000000000.0,1000000000.0,1000000000.0,1000000000.0,1000000000.0,1000000000.0,1000000000.0,1000000000.0,1000000000.0,1000000000.0,1000000000.0,1000000000.0,1000000000.0,0.11006314010244644,1.3461381453736503,0.2869671837401746,8.439203090841302e-07,3.8629719908685595e-05,0.004211861926020463,0.0015461435368008716,0.00621537186120602,0.06489997177084633,-0.0056203101915608365,-0.6520631269758062,0.004151103147777899,248368.10481394263,130617.22762253624,4862.2306091581795,54031.11700823527,0.02,16.104260735643756,20.0,0.9999990561676864,0.007654776370094053,0.003005973872774088,0.0131583091607246,0.19149978773053022,-1.0
high_damping,low_0p25_2_hz,causal_low_pass,iv,True,True,20,0.0,0.0,-0.01997230317378835,0.022196056519286647,0.1006198423940249,0.10088469392909113,-0.00761264880301217,0.010596278019219554,0.02040316178896588,0.04747745215792079,0.022712663834050774,0.1332917080477607,0.32758787963696157,0.5313414511037635,-0.011039273595569804,0.060212209827035804,0.1476524834434482,0.15211901122683064,0.00748338754199729,0.07888806251676447,0.2680504463732556,0.29969798253967356,0.01048184056092703,0.12149170956936967,0.3528207561533718,0.46383737778739964,1000000000.0,1000000000.0,1000000000.0,1000000000.0,1000000000.0,1000000000.0,1000000000.0,1000000000.0,1000000000.0,1000000000.0,1000000000.0,1000000000.0,0.8905996339557158,1.3461381453736503,0.2869671837401746,8.439203090841302e-07,3.8629719908685595e-05,0.004211861926020463,0.0015461435368008716,0.00621537186120602,0.06489997177084633,-0.0056203101915608365,-0.6520631269758062,0.004151103147777899,248368.10481394263,130617.22762253624,4862.2306091581795,54031.11700823527,0.02,16.104260735643756,20.0,0.9999990561676864,0.007654776370094053,0.003005973872774088,0.0131583091607246,0.19149978773053022,0.006115001270053351
high_damping,low_0p25_2_hz,causal_polynomial,ols,True,True,20,0.0,1.0,-0.09209939771277068,0.09197818438170022,0.09665532527771216,0.09824355852096252,-0.09052385011331697,0.09148312140358776,0.09821460063420356,0.09894334559272053,-1.6442892195411107,1.6457623038556513,1.7113270827377722,1.7118766169675013,1000000000.0,1000000000.0,1000000000.0,1000000000.0,1000000000.0,1000000000.0,1000000000.0,1000000000.0,1000000000.0,1000000000.0,1000000000.0,1000000000.0,1000000000.0,1000000000.0,1000000000.0,1000000000.0,1000000000.0,1000000000.0,1000000000.0,1000000000.0,1000000000.0,1000000000.0,1000000000.0,1000000000.0,0.12826159784910332,1.5863823510749144,0.39947554471341085,8.439203090841302e-07,3.8629719908685595e-05,0.004211861926020463,0.0015461435368008716,0.00621537186120602,0.06489997177084633,-0.0056203101915608365,-0.6520631269758062,0.004151103147777899,248368.10481394263,130617.22762253624,4862.2306091581795,54031.11700823527,0.02,31.85420881757568,92.0,0.9999990561676864,0.007654776370094053,0.003005973872774088,0.0131583091607246,0.19149978773053022,-1.0
high_damping,low_0p25_2_hz,causal_polynomial,tls,True,True,20,0.0,1.0,-0.06824289069302224,0.06776758286234687,0.07234951802121678,0.07471077924355882,-0.05842746983243573,0.05855474110462225,0.06327021839876602,0.06693771859498227,-1.68001442036056,1.6802592721942808,1.7566901203998875,1.7574477027663877,1000000000.0,1000000000.0,1000000000.0,1000000000.0,1000000000.0,1000000000.0,1000000000.0,1000000000.0,1000000000.0,1000000000.0,1000000000.0,1000000000.0,1000000000.0,1000000000.0,1000000000.0,1000000000.0,1000000000.0,1000000000.0,1000000000.0,1000000000.0,1000000000.0,1000000000.0,1000000000.0,1000000000.0,0.12923879782241088,1.5863823510749144,0.39947554471341085,8.439203090841302e-07,3.8629719908685595e-05,0.004211861926020463,0.0015461435368008716,0.00621537186120602,0.06489997177084633,-0.0056203101915608365,-0.6520631269758062,0.004151103147777899,248368.10481394263,130617.22762253624,4862.2306091581795,54031.11700823527,0.02,31.85420881757568,92.0,0.9999990561676864,0.007654776370094053,0.003005973872774088,0.0131583091607246,0.19149978773053022,-1.0
high_damping,low_0p25_2_hz,causal_polynomial,iv,True,True,20,0.0,0.1,-0.07076571735405994,0.09636682101745747,0.20494298087327542,0.23340274781863674,-0.03329750941824604,0.030341449925060573,0.06729881026276541,0.11053279828832017,-0.5145755838311249,0.6157465941036193,1.1495855046375094,1.2231352703523726,0.4904510525141932,0.4537502516852039,1.3138812454374547,1.3590850614132624,0.5705020366114324,0.5409718463883293,1.6754228034118097,1.6982813371873553,1.6609965688194497,1.3064671160831345,5.338772341781682,5.43237347594237,1000000000.0,1000000000.0,1000000000.0,1000000000.0,1000000000.0,1000000000.0,1000000000.0,1000000000.0,1000000000.0,1000000000.0,1000000000.0,1000000000.0,0.20421719827868462,1.5863823510749144,0.39947554471341085,8.439203090841302e-07,3.8629719908685595e-05,0.004211861926020463,0.0015461435368008716,0.00621537186120602,0.06489997177084633,-0.0056203101915608365,-0.6520631269758062,0.004151103147777899,248368.10481394263,130617.22762253624,4862.2306091581795,54031.11700823527,0.02,31.85420881757568,92.0,0.9999990561676864,0.007654776370094053,0.003005973872774088,0.0131583091607246,0.19149978773053022,0.2686505614047022
high_damping,low_0p25_2_hz,alpha_beta_gamma,ols,True,True,20,0.0,1.0,-0.03439760638361582,0.0340735895933499,0.03912102351028336,0.04169311198139231,-0.17729773779953945,0.17800695857470372,0.18530717269808034,0.1873240622622373,-1.274526438845544,1.2696591350006372,1.3437153873043166,1.3678664153303188,1000000000.0,1000000000.0,1000000000.0,1000000000.0,1000000000.0,1000000000.0,1000000000.0,1000000000.0,1000000000.0,1000000000.0,1000000000.0,1000000000.0,1000000000.0,1000000000.0,1000000000.0,1000000000.0,1000000000.0,1000000000.0,1000000000.0,1000000000.0,1000000000.0,1000000000.0,1000000000.0,1000000000.0,0.07674879618110465,1.5364315946197666,0.3061355320753262,8.439203090841302e-07,3.8629719908685595e-05,0.004211861926020463,0.0015461435368008716,0.00621537186120602,0.06489997177084633,-0.0056203101915608365,-0.6520631269758062,0.004151103147777899,248368.10481394263,130617.22762253624,4862.2306091581795,54031.11700823527,0.03,39.30976937757255,24.0,0.9999990561676864,0.007654776370094053,0.003005973872774088,0.0131583091607246,0.19149978773053022,-1.0
high_damping,low_0p25_2_hz,alpha_beta_gamma,tls,True,True,20,0.0,1.0,-0.024058473435305927,0.0236077287424907,0.028029959096023554,0.030841708800592185,-0.169025283183346,0.1695222964087318,0.17654775002402995,0.17696935741260375,-1.2706834672282132,1.265809437060247,1.342000446478763,1.3679853726551983,1000000000.0,1000000000.0,1000000000.0,1000000000.0,1000000000.0,1000000000.0,1000000000.0,1000000000.0,1000000000.0,1000000000.0,1000000000.0,1000000000.0,1000000000.0,1000000000.0,1000000000.0,1000000000.0,1000000000.0,1000000000.0,1000000000.0,1000000000.0,1000000000.0,1000000000.0,1000000000.0,1000000000.0,0.07694365834991407,1.5364315946197666,0.3061355320753262,8.439203090841302e-07,3.8629719908685595e-05,0.004211861926020463,0.0015461435368008716,0.00621537186120602,0.06489997177084633,-0.0056203101915608365,-0.6520631269758062,0.004151103147777899,248368.10481394263,130617.22762253624,4862.2306091581795,54031.11700823527,0.03,39.30976937757255,24.0,0.9999990561676864,0.007654776370094053,0.003005973872774088,0.0131583091607246,0.19149978773053022,-1.0
high_damping,low_0p25_2_hz,alpha_beta_gamma,iv,True,True,20,0.0,0.0,0.11229518914188688,0.11950954193574659,0.1565932627159843,0.22503906034584076,-0.2251239802624731,0.22764060557743454,0.24474463846431496,0.2732728403254879,-0.1856915366590691,0.21853211250688886,0.4749253206865987,0.5195872636654428,0.19735650927680604,0.17142858835504637,0.41683944973674003,0.4818308279027796,-0.15788473215093007,0.1918033929409964,0.309434722419488,0.4369593685872377,0.32043309877480763,0.26874708645975504,0.9052800852743386,1.0815434820270973,1000000000.0,1000000000.0,1000000000.0,1000000000.0,1000000000.0,1000000000.0,1000000000.0,1000000000.0,1000000000.0,1000000000.0,1000000000.0,1000000000.0,0.1269817497016803,1.5364315946197666,0.3061355320753262,8.439203090841302e-07,3.8629719908685595e-05,0.004211861926020463,0.0015461435368008716,0.00621537186120602,0.06489997177084633,-0.0056203101915608365,-0.6520631269758062,0.004151103147777899,248368.10481394263,130617.22762253624,4862.2306091581795,54031.11700823527,0.03,39.30976937757255,24.0,0.9999990561676864,0.007654776370094053,0.003005973872774088,0.0131583091607246,0.19149978773053022,0.31847935041793995
high_damping,low_0p25_2_hz,centered_savitzky_golay,ols,False,True,20,0.0,0.0,-0.002457366911189648,0.002821903992562227,0.006116171514779042,0.008652327672051001,-0.016463279544989804,0.017428561386584322,0.02286494722861296,0.02660493030106224,-0.032816092539117395,0.035217312897700026,0.09804730545849374,0.10344579759598815,0.016144570438836492,0.017280416373130058,0.04987466156050615,0.05450191881187413,0.001864094926255324,0.011188780951048149,0.03307781220587121,0.03375624639377628,0.0355255086800284,0.034991373672862425,0.10870769863651103,0.11538153222483327,-0.19031983481351886,0.18945438333865774,0.21671604496463295,0.2197262953752088,-0.22628498838393515,0.2273107513416426,0.2578258957721558,0.2665913255026474,-0.3627780551890874,0.36147152224462253,0.4068931165753993,0.41437308684484364,0.04474617184011266,1.4961450361132043,0.3824168820177599,8.439203090841302e-07,3.8629719908685595e-05,0.004211861926020463,0.0015461435368008716,0.00621537186120602,0.06489997177084633,-0.0056203101915608365,-0.6520631269758062,0.004151103147777899,248368.10481394263,130617.22762253624,4862.2306091581795,54031.11700823527,0.0,47.06947881100554,92.0,0.9999990561676864,0.007654776370094053,0.003005973872774088,0.0131583091607246,0.19149978773053022,-1.0
high_damping,low_0p25_2_hz,centered_savitzky_golay,tls,False,True,20,0.0,0.0,0.0016666502899283179,0.0024829347342507427,0.0058974346724398295,0.006771367832886123,-0.013168180069208979,0.013912198791389229,0.01855527423885741,0.022742472985778618,-0.01807354163579225,0.03143741327863814,0.0814594208880066,0.08518279965757591,0.010532644963872418,0.015123758935046114,0.04289039687888552,0.04674298035625398,-0.004445196587301051,0.013166088398845387,0.033628378129732114,0.035948846485481654,0.019867355062843744,0.031543723310724026,0.08868447501607547,0.09311455843385019,-0.19031983481351886,0.18945438333865774,0.21671604496463295,0.2197262953752088,-0.22628498838393515,0.2273107513416426,0.2578258957721558,0.2665913255026474,-0.3627780551890874,0.36147152224462253,0.4068931165753993,0.41437308684484364,0.04479207051523458,1.4961450361132043,0.3824168820177599,8.439203090841302e-07,3.8629719908685595e-05,0.004211861926020463,0.0015461435368008716,0.00621537186120602,0.06489997177084633,-0.0056203101915608365,-0.6520631269758062,0.004151103147777899,248368.10481394263,130617.22762253624,4862.2306091581795,54031.11700823527,0.0,47.06947881100554,92.0,0.9999990561676864,0.007654776370094053,0.003005973872774088,0.0131583091607246,0.19149978773053022,-1.0
high_damping,low_0p25_2_hz,centered_savitzky_golay,iv,False,True,20,0.0,0.0,0.028068474584951576,0.02781815533954036,0.04924094174192863,0.07545858347225248,-0.004433781165495837,0.0034200414901827967,0.010282218207406506,0.016415140189357372,0.18931556594214918,0.19939717192336204,0.31151651063359587,0.42882416455523753,-0.06847742051843067,0.07345882836778202,0.10583849780589899,0.13242415517823283,-0.0970828414074125,0.10554585630224525,0.1501034726526933,0.20653897898232318,-0.1540579569811941,0.16624119426760303,0.23722780663250367,0.30012381872665306,-0.19031983481351886,0.18945438333865774,0.21671604496463295,0.2197262953752088,-0.22628498838393515,0.2273107513416426,0.2578258957721558,0.2665913255026474,-0.3627780551890874,0.36147152224462253,0.4068931165753993,0.41437308684484364,0.04784116901219868,1.4961450361132043,0.3824168820177599,8.439203090841302e-07,3.8629719908685595e-05,0.004211861926020463,0.0015461435368008716,0.00621537186120602,0.06489997177084633,-0.0056203101915608365,-0.6520631269758062,0.004151103147777899,248368.10481394263,130617.22762253624,4862.2306091581795,54031.11700823527,0.0,47.06947881100554,92.0,0.9999990561676864,0.007654776370094053,0.003005973872774088,0.0131583091607246,0.19149978773053022,0.31851599658069407
high_damping,low_mid_0p5_5_hz,backward_difference,ols,True,True,20,0.0,1.0,-0.12295555022315971,0.12326175809231396,0.1282341235623841,0.13026024019664664,-0.5176549551916233,0.5189999948584293,0.5414876412477209,0.5477211136042248,-1.0602232304612078,1.0599204246999676,1.064422395455859,1.0647020398468534,1000000000.0,1000000000.0,1000000000.0,1000000000.0,1000000000.0,1000000000.0,1000000000.0,1000000000.0,1000000000.0,1000000000.0,1000000000.0,1000000000.0,1000000000.0,1000000000.0,1000000000.0,1000000000.0,1000000000.0,1000000000.0,1000000000.0,1000000000.0,1000000000.0,1000000000.0,1000000000.0,1000000000.0,0.3181618099219098,2.73077927802571,0.7629442542268912,3.2602285594772535e-07,5.519137243078468e-05,0.025703213349334786,0.0013007346029983223,0.007436537820442878,0.1603517335567394,-0.017880335807241955,-0.5859326494341243,-0.005908735098474026,190249.35974596586,186793.4573141633,32157.76585281902,104549.88938705568,0.005,0.0,8.0,1.0,0.008488262176386017,0.0026537994025806443,0.013391445220534464,0.4806625054247257,-1.0
high_damping,low_mid_0p5_5_hz,backward_difference,tls,True,True,20,0.0,1.0,-0.04541844365126534,0.04705402532336289,0.059833848783906775,0.06168281618363968,-0.10974965775564675,0.11084537325767024,0.1348566958505591,0.14340075246927028,-1.1257790282602165,1.1254920918768831,1.129652852156943,1.1305380558424294,1000000000.0,1000000000.0,1000000000.0,1000000000.0,1000000000.0,1000000000.0,1000000000.0,1000000000.0,1000000000.0,1000000000.0,1000000000.0,1000000000.0,1000000000.0,1000000000.0,1000000000.0,1000000000.0,1000000000.0,1000000000.0,1000000000.0,1000000000.0,1000000000.0,1000000000.0,1000000000.0,1000000000.0,0.3888165558437847,2.73077927802571,0.7629442542268912,3.2602285594772535e-07,5.519137243078468e-05,0.025703213349334786,0.0013007346029983223,0.007436537820442878,0.1603517335567394,-0.017880335807241955,-0.5859326494341243,-0.005908735098474026,190249.35974596586,186793.4573141633,32157.76585281902,104549.88938705568,0.005,0.0,8.0,1.0,0.008488262176386017,0.0026537994025806443,0.013391445220534464,0.4806625054247257,-1.0
high_damping,low_mid_0p5_5_hz,backward_difference,iv,True,True,20,0.0,0.0,-0.11021870323050449,0.14683058054118064,0.2939377243830577,0.3433138571747308,-0.04032703866443868,0.04093499117897366,0.06260312771265612,0.0659151991386797,-0.008870197128170077,0.15171469306885754,0.2568292831510896,0.3440712315831931,-0.05014605239787323,0.05311192523498906,0.09645997659990352,0.10453624271263025,0.05115833052104438,0.14041710492543222,0.3579210544732289,0.40709051395119666,0.04060992813319866,0.16275778207920877,0.32679715883586047,0.337323195459974,1000000000.0,1000000000.0,1000000000.0,1000000000.0,1000000000.0,1000000000.0,1000000000.0,1000000000.0,1000000000.0,1000000000.0,1000000000.0,1000000000.0,5.2556721271576885,2.73077927802571,0.7629442542268912,3.2602285594772535e-07,5.519137243078468e-05,0.025703213349334786,0.0013007346029983223,0.007436537820442878,0.1603517335567394,-0.017880335807241955,-0.5859326494341243,-0.005908735098474026,190249.35974596586,186793.4573141633,32157.76585281902,104549.88938705568,0.005,0.0,8.0,1.0,0.008488262176386017,0.0026537994025806443,0.013391445220534464,0.4806625054247257,0.001097612005099852
high_damping,low_mid_0p5_5_hz,causal_low_pass,ols,True,True,20,0.0,1.0,-0.11261206722310073,0.11280616428328794,0.11852726356401748,0.11964644773138389,-0.09153998676895077,0.09030710381268775,0.10223084804736247,0.10584724379243723,-1.07752784564141,1.0772093470297612,1.083991390919126,1.084033963946709,1000000000.0,1000000000.0,1000000000.0,1000000000.0,1000000000.0,1000000000.0,1000000000.0,1000000000.0,1000000000.0,1000000000.0,1000000000.0,1000000000.0,1000000000.0,1000000000.0,1000000000.0,1000000000.0,1000000000.0,1000000000.0,1000000000.0,1000000000.0,1000000000.0,1000000000.0,1000000000.0,1000000000.0,0.18307606582451724,1.3155995820632536,0.26049456065236065,3.2602285594772535e-07,5.519137243078468e-05,0.025703213349334786,0.0013007346029983223,0.007436537820442878,0.1603517335567394,-0.017880335807241955,-0.5859326494341243,-0.005908735098474026,190249.35974596586,186793.4573141633,32157.76585281902,104549.88938705568,0.02,16.104260735643763,20.0,1.0,0.008488262176386017,0.0026537994025806443,0.013391445220534464,0.4806625054247257,-1.0
high_damping,low_mid_0p5_5_hz,causal_low_pass,tls,True,True,20,0.0,1.0,-0.05631781098674443,0.05455785382147269,0.06282493242483624,0.06358462171302373,-0.024798880573714818,0.02401241806215012,0.03266886720276852,0.038416511019159855,-1.0903527370747965,1.0897969468243915,1.097392178337714,1.0980664554161608,1000000000.0,1000000000.0,1000000000.0,1000000000.0,1000000000.0,1000000000.0,1000000000.0,1000000000.0,1000000000.0,1000000000.0,1000000000.0,1000000000.0,1000000000.0,1000000000.0,1000000000.0,1000000000.0,1000000000.0,1000000000.0,1000000000.0,1000000000.0,1000000000.0,1000000000.0,1000000000.0,1000000000.0,0.18612922278493735,1.3155995820632536,0.26049456065236065,3.2602285594772535e-07,5.519137243078468e-05,0.025703213349334786,0.0013007346029983223,0.007436537820442878,0.1603517335567394,-0.017880335807241955,-0.5859326494341243,-0.005908735098474026,190249.35974596586,186793.4573141633,32157.76585281902,104549.88938705568,0.02,16.104260735643763,20.0,1.0,0.008488262176386017,0.0026537994025806443,0.013391445220534464,0.4806625054247257,-1.0
high_damping,low_mid_0p5_5_hz,causal_low_pass,iv,True,True,20,0.0,0.0,0.03005411692540343,0.033484580460165794,0.14973918083080678,0.19886878070227132,-0.049194167637618275,0.04521957371801022,0.06987255846172945,0.07350853688346674,0.14804649364668804,0.13571054316258824,0.28667428206533896,0.3320590278863449,-0.052804129588968865,0.05306295593814968,0.062362960952395186,0.07560019076750268,-0.12067991677400243,0.10803886189132025,0.23086674692355283,0.26197314701520674,-0.12473856353653093,0.11948117570723138,0.2227532767514145,0.24928251746714425,1000000000.0,1000000000.0,1000000000.0,1000000000.0,1000000000.0,1000000000.0,1000000000.0,1000000000.0,1000000000.0,1000000000.0,1000000000.0,1000000000.0,0.9553931714306625,1.3155995820632536,0.26049456065236065,3.2602285594772535e-07,5.519137243078468e-05,0.025703213349334786,0.0013007346029983223,0.007436537820442878,0.1603517335567394,-0.017880335807241955,-0.5859326494341243,-0.005908735098474026,190249.35974596586,186793.4573141633,32157.76585281902,104549.88938705568,0.02,16.104260735643763,20.0,1.0,0.008488262176386017,0.0026537994025806443,0.013391445220534464,0.4806625054247257,0.0323030446205298
high_damping,low_mid_0p5_5_hz,causal_polynomial,ols,True,True,20,0.0,0.0,-0.09718587114275341,0.0976700769573795,0.10431545705756327,0.10584052039670837,-0.32229136728262026,0.3203381913761119,0.3375822125627827,0.3421413704977975,-0.8312965623056175,0.8260233467696274,0.8904854984360373,0.8980129527647165,1.3543926499611842,1.2822953103138806,1.8578867693335728,1.9649916599251485,0.7662149921292704,0.717263981010174,1.1168767111418816,1.1755250169732785,5.217652836894087,4.748453749356798,8.133640132826285,8.805166706052445,-0.5060865800819443,0.5028013071171972,0.5574656168090759,0.5614923727277568,-1.4183032525193404,1.403173318729849,1.5944092662093339,1.6155070946633818,-0.8620787797685125,0.8565985961438791,0.9161008800460617,0.92066716372379,0.24093343783977217,1.849960344710212,0.5294672997468687,3.2602285594772535e-07,5.519137243078468e-05,0.025703213349334786,0.0013007346029983223,0.007436537820442878,0.1603517335567394,-0.017880335807241955,-0.5859326494341243,-0.005908735098474026,190249.35974596586,186793.4573141633,32157.76585281902,104549.88938705568,0.025,31.85420881757568,92.0,1.0,0.008488262176386017,0.0026537994025806443,0.013391445220534464,0.4806625054247257,-1.0
high_damping,low_mid_0p5_5_hz,causal_polynomial,tls,True,True,20,0.0,0.0,0.001156437574776447,0.005752915708461615,0.009792587769086671,0.01072542700724739,-0.22825410448415662,0.22694621909439155,0.239317232801071,0.2431355285013821,-0.8783795072549975,0.8700649101590137,0.9663369369697805,0.9746592603622818,2.151040744971964,1.7860169931953438,4.46290966369313,5.293300052064739,1.4302929052464926,1.1280768035211368,3.23474848250138,3.8375075612721683,9.905295668479033,6.707310745911759,28.831462542142845,38.46214728916432,-0.5060865800819443,0.5028013071171972,0.5574656168090759,0.5614923727277568,-1.4183032525193404,1.403173318729849,1.5944092662093339,1.6155070946633818,-0.8620787797685125,0.8565985961438791,0.9161008800460617,0.92066716372379,0.24730499327911384,1.849960344710212,0.5294672997468687,3.2602285594772535e-07,5.519137243078468e-05,0.025703213349334786,0.0013007346029983223,0.007436537820442878,0.1603517335567394,-0.017880335807241955,-0.5859326494341243,-0.005908735098474026,190249.35974596586,186793.4573141633,32157.76585281902,104549.88938705568,0.025,31.85420881757568,92.0,1.0,0.008488262176386017,0.0026537994025806443,0.013391445220534464,0.4806625054247257,-1.0
high_damping,low_mid_0p5_5_hz,causal_polynomial,iv,True,True,20,0.0,0.0,-0.3311527316874666,0.3434855916396442,0.42465835685370934,0.4856338187521919,-0.27059106017933,0.26954301540329345,0.28957792211383976,0.3181236083467523,-0.6621238702141102,0.6614464791411727,0.7454452947155535,0.8288406472325676,0.4221231844801605,0.4024998564324652,0.506687761964046,0.7335480570195405,0.5862925599380623,0.549392854820594,0.927118089661707,1.4703456837614217,2.1194201251939964,1.9537917541261993,2.960873273234136,4.842508655421115,-0.5060865800819443,0.5028013071171972,0.5574656168090759,0.5614923727277568,-1.4183032525193404,1.403173318729849,1.5944092662093339,1.6155070946633818,-0.8620787797685125,0.8565985961438791,0.9161008800460617,0.92066716372379,0.2671820778386018,1.849960344710212,0.5294672997468687,3.2602285594772535e-07,5.519137243078468e-05,0.025703213349334786,0.0013007346029983223,0.007436537820442878,0.1603517335567394,-0.017880335807241955,-0.5859326494341243,-0.005908735098474026,190249.35974596586,186793.4573141633,32157.76585281902,104549.88938705568,0.025,31.85420881757568,92.0,1.0,0.008488262176386017,0.0026537994025806443,0.013391445220534464,0.4806625054247257,0.1450075370172002
high_damping,low_mid_0p5_5_hz,alpha_beta_gamma,ols,True,True,20,0.0,0.0,-0.03455874889121655,0.03569021575079309,0.04036358549092805,0.04099095298328488,-0.42148047268612937,0.41962718448588765,0.43527252488455287,0.4411477282092142,-0.7843104792037684,0.7834616826917884,0.8099985750027596,0.8463989537111836,1.1241260752040776,1.1092569861987505,1.2543192238453416,1.5055384130669562,0.2724206715831079,0.2642192018586835,0.35651080731766577,0.4521175735976189,3.6876351332462307,3.6191710003370083,4.275569104953407,5.510372319467782,-0.44314268680391705,0.44116110045618256,0.472551581989864,0.4998463710973223,-1.1171309882092229,1.1077438768210586,1.1735384976622096,1.2460830278782002,-0.7825401894673909,0.7785953673656318,0.8167180153231363,0.8515292500110023,0.1640333822536782,1.7808393213166478,0.49581770400841235,3.2602285594772535e-07,5.519137243078468e-05,0.025703213349334786,0.0013007346029983223,0.007436537820442878,0.1603517335567394,-0.017880335807241955,-0.5859326494341243,-0.005908735098474026,190249.35974596586,186793.4573141633,32157.76585281902,104549.88938705568,0.035,39.30976937757255,24.0,1.0,0.008488262176386017,0.0026537994025806443,0.013391445220534464,0.4806625054247257,-1.0
high_damping,low_mid_0p5_5_hz,alpha_beta_gamma,tls,True,True,20,0.0,0.0,0.016614275535232915,0.018131085990086244,0.02356302179781535,0.02468431776710967,-0.39028303887482724,0.38883652366049937,0.4014852342525238,0.40351420559538126,-0.7918440843893603,0.7913133667347758,0.8214962943459454,0.8617207171023623,1.2224275819363313,1.2000263011018284,1.392235136116004,1.7221777848562916,0.3324891638986823,0.32426569348554024,0.43118237641987567,0.584624991674416,3.878742850922521,3.7931353141894606,4.621225502567453,6.231741292296532,-0.44314268680391705,0.44116110045618256,0.472551581989864,0.4998463710973223,-1.1171309882092229,1.1077438768210586,1.1735384976622096,1.2460830278782002,-0.7825401894673909,0.7785953673656318,0.8167180153231363,0.8515292500110023,0.16600182092048987,1.7808393213166478,0.49581770400841235,3.2602285594772535e-07,5.519137243078468e-05,0.025703213349334786,0.0013007346029983223,0.007436537820442878,0.1603517335567394,-0.017880335807241955,-0.5859326494341243,-0.005908735098474026,190249.35974596586,186793.4573141633,32157.76585281902,104549.88938705568,0.035,39.30976937757255,24.0,1.0,0.008488262176386017,0.0026537994025806443,0.013391445220534464,0.4806625054247257,-1.0
high_damping,low_mid_0p5_5_hz,alpha_beta_gamma,iv,True,True,20,0.0,0.0,0.4100605561527078,0.3922685857393873,0.549231788194136,0.597423908282066,-0.5437911554674953,0.5401706507783008,0.5669066704412538,0.5980805291942421,-0.23273518315039537,0.2583185066122162,0.34770712921283686,0.3830106704947802,0.3596185965478903,0.36597821697432,0.40903583343649985,0.4589805846394748,-0.5569895736809787,0.5489782512781342,0.6345701374556652,0.6773645000136291,0.320005143289695,0.3482907110519766,0.533302865112831,0.6207735728621542,-0.44314268680391705,0.44116110045618256,0.472551581989864,0.4998463710973223,-1.1171309882092229,1.1077438768210586,1.1735384976622096,1.2460830278782002,-0.7825401894673909,0.7785953673656318,0.8167180153231363,0.8515292500110023,0.23936993842125665,1.7808393213166478,0.49581770400841235,3.2602285594772535e-07,5.519137243078468e-05,0.025703213349334786,0.0013007346029983223,0.007436537820442878,0.1603517335567394,-0.017880335807241955,-0.5859326494341243,-0.005908735098474026,190249.35974596586,186793.4573141633,32157.76585281902,104549.88938705568,0.035,39.30976937757255,24.0,1.0,0.008488262176386017,0.0026537994025806443,0.013391445220534464,0.4806625054247257,0.14870200915770077
high_damping,low_mid_0p5_5_hz,centered_savitzky_golay,ols,False,True,20,0.0,0.0,0.006831984267500151,0.00813654927643957,0.012996787475557057,0.013520486875790046,-0.01518968480103049,0.01352441913459941,0.025039224416190168,0.02848746935637763,0.14764067079133197,0.14635471959359592,0.1918727070846707,0.2116703933808708,-0.06309892659496244,0.06297047250283817,0.07914292282906187,0.08957084364765461,-0.08356078578234767,0.08102917475289331,0.10439636612091013,0.10506893875261757,-0.12796354080910574,0.12764772321772744,0.16097223225388532,0.1746930473313425,-0.10876269681419841,0.10860672007171085,0.1295270751677143,0.12980184542638215,-0.13980915373481317,0.13826146703254955,0.17230301514214913,0.17854948378284227,-0.22144869314403054,0.22129369422179224,0.26269098065577834,0.2641061343255018,0.04858625932329928,1.3661883647728663,0.30056024793209746,3.2602285594772535e-07,5.519137243078468e-05,0.025703213349334786,0.0013007346029983223,0.007436537820442878,0.1603517335567394,-0.017880335807241955,-0.5859326494341243,-0.005908735098474026,190249.35974596586,186793.4573141633,32157.76585281902,104549.88938705568,0.0,47.06947881100554,92.0,1.0,0.008488262176386017,0.0026537994025806443,0.013391445220534464,0.4806625054247257,-1.0
high_damping,low_mid_0p5_5_hz,centered_savitzky_golay,tls,False,True,20,0.0,0.0,0.011745214121678279,0.012683697679985452,0.018376510825381775,0.01859065597561217,-0.01130664471592901,0.009885049805666596,0.021023037913712864,0.023043592262473423,0.15693867992393679,0.1561389150906607,0.20118813251885628,0.22096809959860697,-0.06459282761761471,0.06436706521066529,0.08055281438417013,0.09090944308039983,-0.08586904406855467,0.08301792443558571,0.10672357363912814,0.10824842597047638,-0.1349533975363283,0.13502148183859602,0.1674792435973994,0.18097778285218935,-0.10876269681419841,0.10860672007171085,0.1295270751677143,0.12980184542638215,-0.13980915373481317,0.13826146703254955,0.17230301514214913,0.17854948378284227,-0.22144869314403054,0.22129369422179224,0.26269098065577834,0.2641061343255018,0.04864449938013515,1.3661883647728663,0.30056024793209746,3.2602285594772535e-07,5.519137243078468e-05,0.025703213349334786,0.0013007346029983223,0.007436537820442878,0.1603517335567394,-0.017880335807241955,-0.5859326494341243,-0.005908735098474026,190249.35974596586,186793.4573141633,32157.76585281902,104549.88938705568,0.0,47.06947881100554,92.0,1.0,0.008488262176386017,0.0026537994025806443,0.013391445220534464,0.4806625054247257,-1.0
high_damping,low_mid_0p5_5_hz,centered_savitzky_golay,iv,False,True,20,0.0,0.0,0.13400005543592233,0.13514042448417002,0.2065459700106127,0.21025552183002977,-0.010466138473187479,0.008916914952971311,0.022217634081013737,0.02485452297237359,0.29996615320109116,0.29372985342888214,0.40948467959153023,0.4132298624175803,-0.0655891653598156,0.06596910598203942,0.07617952475153152,0.08860664043007534,-0.1825637349637699,0.1804316409793664,0.24743035987945305,0.25224573390517985,-0.22788578816805272,0.22704103877510262,0.2905205816401853,0.29240102647610156,-0.10876269681419841,0.10860672007171085,0.1295270751677143,0.12980184542638215,-0.13980915373481317,0.13826146703254955,0.17230301514214913,0.17854948378284227,-0.22144869314403054,0.22129369422179224,0.26269098065577834,0.2641061343255018,0.06771255008935498,1.3661883647728663,0.30056024793209746,3.2602285594772535e-07,5.519137243078468e-05,0.025703213349334786,0.0013007346029983223,0.007436537820442878,0.1603517335567394,-0.017880335807241955,-0.5859326494341243,-0.005908735098474026,190249.35974596586,186793.4573141633,32157.76585281902,104549.88938705568,0.0,47.06947881100554,92.0,1.0,0.008488262176386017,0.0026537994025806443,0.013391445220534464,0.4806625054247257,0.1446537787964723
high_damping,baseline_0p5_10_hz,backward_difference,ols,True,True,20,0.0,1.0,-0.11990958108130054,0.12008546857014456,0.12592407647343573,0.12998288964458538,-0.6033676441078029,0.5998205622352348,0.6335549555207494,0.640316092406525,-1.047880880726434,1.048123045845836,1.0511568481605358,1.0513278932254515,1000000000.0,1000000000.0,1000000000.0,1000000000.0,1000000000.0,1000000000.0,1000000000.0,1000000000.0,1000000000.0,1000000000.0,1000000000.0,1000000000.0,1000000000.0,1000000000.0,1000000000.0,1000000000.0,1000000000.0,1000000000.0,1000000000.0,1000000000.0,1000000000.0,1000000000.0,1000000000.0,1000000000.0,0.3660067929784945,2.826611414825803,0.7770840685632399,1.4433686465975665e-07,4.616534661396725e-05,0.057031793390039075,0.0011976352432036025,0.006796551389901265,0.23881346946085694,-0.02307254321571371,-0.4936502329392181,-0.00032474680266274714,170206.77215500872,156150.05811734495,75216.4856482838,125972.96207426609,0.005,0.0,8.0,0.9999985396147314,0.007433448925585922,0.002400543373274413,0.013429569618614575,0.5612064224285409,-1.0
high_damping,baseline_0p5_10_hz,backward_difference,tls,True,True,20,0.0,1.0,-0.02191191043612711,0.02190110427927105,0.04255951682872451,0.046500078450476774,0.17504681371297134,0.17015498799737558,0.23916720987949053,0.2425177027828245,-1.171501884625837,1.171504446466902,1.1796820036638793,1.1806154675798162,1000000000.0,1000000000.0,1000000000.0,1000000000.0,1000000000.0,1000000000.0,1000000000.0,1000000000.0,1000000000.0,1000000000.0,1000000000.0,1000000000.0,1000000000.0,1000000000.0,1000000000.0,1000000000.0,1000000000.0,1000000000.0,1000000000.0,1000000000.0,1000000000.0,1000000000.0,1000000000.0,1000000000.0,0.5502507010728984,2.826611414825803,0.7770840685632399,1.4433686465975665e-07,4.616534661396725e-05,0.057031793390039075,0.0011976352432036025,0.006796551389901265,0.23881346946085694,-0.02307254321571371,-0.4936502329392181,-0.00032474680266274714,170206.77215500872,156150.05811734495,75216.4856482838,125972.96207426609,0.005,0.0,8.0,0.9999985396147314,0.007433448925585922,0.002400543373274413,0.013429569618614575,0.5612064224285409,-1.0
high_damping,baseline_0p5_10_hz,backward_difference,iv,True,True,20,0.0,0.0,0.12837153691553715,0.17158696705785348,0.467670582889369,0.5676109311660914,-0.14701953794558456,0.14507826578612998,0.19347815558842674,0.20677858938514362,0.12497312359157817,0.12686808394355253,0.22142859809249527,0.2662806702533942,-0.002621248356894978,0.04695329734538448,0.11521390470547048,0.13622149377307508,-0.2278311893100599,0.25976315054046156,0.3908151924727395,0.3908213812768744,-0.10499358479525785,0.11258300930528392,0.18123041296654172,0.21028566297241913,1000000000.0,1000000000.0,1000000000.0,1000000000.0,1000000000.0,1000000000.0,1000000000.0,1000000000.0,1000000000.0,1000000000.0,1000000000.0,1000000000.0,6.001386429780839,2.826611414825803,0.7770840685632399,1.4433686465975665e-07,4.616534661396725e-05,0.057031793390039075,0.0011976352432036025,0.006796551389901265,0.23881346946085694,-0.02307254321571371,-0.4936502329392181,-0.00032474680266274714,170206.77215500872,156150.05811734495,75216.4856482838,125972.96207426609,0.005,0.0,8.0,0.9999985396147314,0.007433448925585922,0.002400543373274413,0.013429569618614575,0.5612064224285409,0.0024498759038799884
high_damping,baseline_0p5_10_hz,causal_low_pass,ols,True,True,20,0.0,1.0,-0.096865373427396,0.09762018324159327,0.10291403163182564,0.10679001196669749,-0.16838169007709594,0.1683551621422154,0.1835464720648668,0.18601840169554876,-1.0424052076953931,1.0427802021015573,1.0488940149510733,1.0500789448348087,1000000000.0,1000000000.0,1000000000.0,1000000000.0,1000000000.0,1000000000.0,1000000000.0,1000000000.0,1000000000.0,1000000000.0,1000000000.0,1000000000.0,1000000000.0,1000000000.0,1000000000.0,1000000000.0,1000000000.0,1000000000.0,1000000000.0,1000000000.0,1000000000.0,1000000000.0,1000000000.0,1000000000.0,0.22679898364600698,1.3690120548653493,0.3004759803822805,1.4433686465975665e-07,4.616534661396725e-05,0.057031793390039075,0.0011976352432036025,0.006796551389901265,0.23881346946085694,-0.02307254321571371,-0.4936502329392181,-0.00032474680266274714,170206.77215500872,156150.05811734495,75216.4856482838,125972.96207426609,0.015,16.104260735643756,20.0,0.9999985396147314,0.007433448925585922,0.002400543373274413,0.013429569618614575,0.5612064224285409,-1.0
high_damping,baseline_0p5_10_hz,causal_low_pass,tls,True,True,20,0.0,1.0,0.018496118370567628,0.0194198823051777,0.0237755542638523,0.02673075815157233,-0.043800728963238535,0.0458410591276958,0.05627225494526531,0.056850933902281894,-1.0634223971488908,1.0649633412336343,1.0714871563562003,1.0733033404245653,1000000000.0,1000000000.0,1000000000.0,1000000000.0,1000000000.0,1000000000.0,1000000000.0,1000000000.0,1000000000.0,1000000000.0,1000000000.0,1000000000.0,1000000000.0,1000000000.0,1000000000.0,1000000000.0,1000000000.0,1000000000.0,1000000000.0,1000000000.0,1000000000.0,1000000000.0,1000000000.0,1000000000.0,0.2340903676386884,1.3690120548653493,0.3004759803822805,1.4433686465975665e-07,4.616534661396725e-05,0.057031793390039075,0.0011976352432036025,0.006796551389901265,0.23881346946085694,-0.02307254321571371,-0.4936502329392181,-0.00032474680266274714,170206.77215500872,156150.05811734495,75216.4856482838,125972.96207426609,0.015,16.104260735643756,20.0,0.9999985396147314,0.007433448925585922,0.002400543373274413,0.013429569618614575,0.5612064224285409,-1.0
high_damping,baseline_0p5_10_hz,causal_low_pass,iv,True,True,20,0.0,0.0,0.17072462587152726,0.17621858226099069,0.33932004201905785,0.36104609262808574,-0.12053439296993299,0.12037354992719941,0.1453235006493584,0.14686329502248952,0.17938719096201866,0.19139242343405272,0.24697334781627023,0.27520724799870067,-0.005433695457364697,0.030861854873805453,0.05451129254708227,0.05784651379455821,-0.24582854188633668,0.2503013599246765,0.3321568839047438,0.3375961522688105,-0.15010479522580547,0.1606458690623483,0.19803705683685083,0.21581374198633874,1000000000.0,1000000000.0,1000000000.0,1000000000.0,1000000000.0,1000000000.0,1000000000.0,1000000000.0,1000000000.0,1000000000.0,1000000000.0,1000000000.0,0.987020357373698,1.3690120548653493,0.3004759803822805,1.4433686465975665e-07,4.616534661396725e-05,0.057031793390039075,0.0011976352432036025,0.006796551389901265,0.23881346946085694,-0.02307254321571371,-0.4936502329392181,-0.00032474680266274714,170206.77215500872,156150.05811734495,75216.4856482838,125972.96207426609,0.015,16.104260735643756,20.0,0.9999985396147314,0.007433448925585922,0.002400543373274413,0.013429569618614575,0.5612064224285409,0.04920828799783176
high_damping,baseline_0p5_10_hz,causal_polynomial,ols,True,True,20,0.0,0.0,-0.06962069663449513,0.07068892767576727,0.07794879929121391,0.07929987096644368,-0.8521637534976364,0.8555297457807578,0.8697056749992612,0.8889418910141265,-0.5150728832542126,0.513737724542696,0.5501963222463497,0.5506141250664802,0.38576965477874997,0.38279809175720725,0.43165679260580714,0.43726349443734525,-0.779933194887347,0.785650410141671,0.8035013221020912,0.8306707592879479,1.064950222021393,1.0565170165270228,1.2231922389856569,1.2252590830718382,-0.4601767823089019,0.46074004341012187,0.4758235441092065,0.48085214048344677,-1.8872193771465735,1.8894480554832471,1.9399539708659714,1.9591544710184001,-0.8055925416439038,0.8064452593742644,0.8227156606142293,0.8293026894201354,0.39327166524955814,2.6146208315209396,0.7421364736421874,1.4433686465975665e-07,4.616534661396725e-05,0.057031793390039075,0.0011976352432036025,0.006796551389901265,0.23881346946085694,-0.02307254321571371,-0.4936502329392181,-0.00032474680266274714,170206.77215500872,156150.05811734495,75216.4856482838,125972.96207426609,0.03,31.85420881757568,92.0,0.9999985396147314,0.007433448925585922,0.002400543373274413,0.013429569618614575,0.5612064224285409,-1.0
high_damping,baseline_0p5_10_hz,causal_polynomial,tls,True,True,20,0.0,0.0,0.6112685855649924,0.6150876105109231,0.705248365338945,0.7217801651932457,-2.540841246188932,2.563408911804372,2.999721103458061,3.0881829033026302,1.8407836881642612,1.8678137518341698,2.422378308450428,2.462730990679916,-0.24411702940780983,0.24981477700395147,0.2908850527569547,0.29842578753013016,-1.7154504635964916,1.7259846853311984,1.823998872353936,1.8595599352211025,-0.643473999744419,0.6513007638299803,0.7078034202739198,0.7112106014901125,-0.4601767823089019,0.46074004341012187,0.4758235441092065,0.48085214048344677,-1.8872193771465735,1.8894480554832471,1.9399539708659714,1.9591544710184001,-0.8055925416439038,0.8064452593742644,0.8227156606142293,0.8293026894201354,0.7724341040595424,2.6146208315209396,0.7421364736421874,1.4433686465975665e-07,4.616534661396725e-05,0.057031793390039075,0.0011976352432036025,0.006796551389901265,0.23881346946085694,-0.02307254321571371,-0.4936502329392181,-0.00032474680266274714,170206.77215500872,156150.05811734495,75216.4856482838,125972.96207426609,0.03,31.85420881757568,92.0,0.9999985396147314,0.007433448925585922,0.002400543373274413,0.013429569618614575,0.5612064224285409,-1.0
high_damping,baseline_0p5_10_hz,causal_polynomial,iv,True,True,20,0.0,0.8,-1.1430397662442722,1.2005874662258482,1.302168475564535,1.3120571220737185,-0.7030174487639778,0.6940078315102102,0.7514018793735345,0.7837386478911833,-0.656556232455624,0.6724291760231909,0.7254886870789654,0.7259090460728252,-0.5729636585844224,0.6236996561925476,0.8465128991550755,0.8559912426103705,1.4383427564498206,1.600145147695007,3.4028755803727404,3.5262453852963844,1.2922808171569946,1.3449936022941915,1.571450869452219,1.5897554950206318,-0.4601767823089019,0.46074004341012187,0.4758235441092065,0.48085214048344677,-1.8872193771465735,1.8894480554832471,1.9399539708659714,1.9591544710184001,-0.8055925416439038,0.8064452593742644,0.8227156606142293,0.8293026894201354,0.5592175173719296,2.6146208315209396,0.7421364736421874,1.4433686465975665e-07,4.616534661396725e-05,0.057031793390039075,0.0011976352432036025,0.006796551389901265,0.23881346946085694,-0.02307254321571371,-0.4936502329392181,-0.00032474680266274714,170206.77215500872,156150.05811734495,75216.4856482838,125972.96207426609,0.03,31.85420881757568,92.0,0.9999985396147314,0.007433448925585922,0.002400543373274413,0.013429569618614575,0.5612064224285409,0.06565004630270599
high_damping,baseline_0p5_10_hz,alpha_beta_gamma,ols,True,True,20,0.0,0.0,-0.02861748867668417,0.028919822015349816,0.035504864582633765,0.03649076517010277,-0.8245718116502523,0.8261788798750733,0.8365446606157819,0.8418083407766618,-0.5606863697774898,0.5616000993271308,0.578923710850147,0.581402428589687,0.487338832869525,0.48896225020993533,0.5134563093144313,0.5171537280127071,-0.7314957756472764,0.7341110842161184,0.7490949917850953,0.7509094289339381,1.2777872474897707,1.2811231712235132,1.3748709196089177,1.3889292922337368,-0.37300146111988225,0.3701054221660439,0.3883991735631405,0.39770842753244284,-1.3872419925218749,1.3869900027855047,1.4069919701634523,1.4376288073072743,-0.6956066205898555,0.6928638598303225,0.7121008179521748,0.7247652931109521,0.2594100204353872,2.105658056625397,0.6249447113566242,1.4433686465975665e-07,4.616534661396725e-05,0.057031793390039075,0.0011976352432036025,0.006796551389901265,0.23881346946085694,-0.02307254321571371,-0.4936502329392181,-0.00032474680266274714,170206.77215500872,156150.05811734495,75216.4856482838,125972.96207426609,0.04,39.30976937757255,24.0,0.9999985396147314,0.007433448925585922,0.002400543373274413,0.013429569618614575,0.5612064224285409,-1.0
high_damping,baseline_0p5_10_hz,alpha_beta_gamma,tls,True,True,20,0.0,0.0,0.18436859537960543,0.18505674475656994,0.19340941599935696,0.20031970050107323,-0.8799696882699669,0.8825741036804691,0.8996018903249711,0.9153914783252611,-0.37673148012449276,0.3788242817898984,0.4004848963155185,0.41234242562842094,0.37876203221213983,0.3800412468480657,0.4039688678780934,0.41297773132538446,-0.8601156565752524,0.8633701593102401,0.885292059614002,0.903031226818112,0.6053455874360039,0.6098504349021808,0.6680496895156572,0.701671251441566,-0.37300146111988225,0.3701054221660439,0.3883991735631405,0.39770842753244284,-1.3872419925218749,1.3869900027855047,1.4069919701634523,1.4376288073072743,-0.6956066205898555,0.6928638598303225,0.7121008179521748,0.7247652931109521,0.27221726717555284,2.105658056625397,0.6249447113566242,1.4433686465975665e-07,4.616534661396725e-05,0.057031793390039075,0.0011976352432036025,0.006796551389901265,0.23881346946085694,-0.02307254321571371,-0.4936502329392181,-0.00032474680266274714,170206.77215500872,156150.05811734495,75216.4856482838,125972.96207426609,0.04,39.30976937757255,24.0,0.9999985396147314,0.007433448925585922,0.002400543373274413,0.013429569618614575,0.5612064224285409,-1.0
high_damping,baseline_0p5_10_hz,alpha_beta_gamma,iv,True,True,20,0.0,0.0,0.3386156626321853,0.33848339481876544,0.4782578875704662,0.5506918155393381,-0.9447845681355599,0.944861464953306,0.9688059635182983,0.9899231858331567,-0.2690680661066593,0.2644190069311667,0.34181240492295445,0.34257039557253144,0.3527285138367671,0.3494305382148656,0.38283573467129617,0.38429010711722394,-0.943146369626667,0.9441286316900619,0.9700590973790241,0.9910144573906109,0.3718959541637184,0.3594927959725158,0.5193237875628567,0.5210754022415274,-0.37300146111988225,0.3701054221660439,0.3883991735631405,0.39770842753244284,-1.3872419925218749,1.3869900027855047,1.4069919701634523,1.4376288073072743,-0.6956066205898555,0.6928638598303225,0.7121008179521748,0.7247652931109521,0.2922082142421307,2.105658056625397,0.6249447113566242,1.4433686465975665e-07,4.616534661396725e-05,0.057031793390039075,0.0011976352432036025,0.006796551389901265,0.23881346946085694,-0.02307254321571371,-0.4936502329392181,-0.00032474680266274714,170206.77215500872,156150.05811734495,75216.4856482838,125972.96207426609,0.04,39.30976937757255,24.0,0.9999985396147314,0.007433448925585922,0.002400543373274413,0.013429569618614575,0.5612064224285409,0.0754296402602467
high_damping,baseline_0p5_10_hz,centered_savitzky_golay,ols,False,True,20,0.0,0.0,0.0154356221141884,0.01452945608221114,0.022085526707108876,0.022334283724644972,-0.03881541524335348,0.041104219234801745,0.05116715561350899,0.052616411795033145,0.32010925558049763,0.3184338436109222,0.3713089693103388,0.39151701865012,-0.12271244230709155,0.12164589806614198,0.14020334824817396,0.14613007465745553,-0.16959703633999948,0.16925367773546132,0.1908497766432288,0.19224713767921287,-0.24192031739874115,0.24152378656814383,0.27076151722882286,0.2813598492887439,-0.15777393943935425,0.15668226922721024,0.17966486485778427,0.1799684051024517,-0.2105001787078952,0.20862965068963318,0.2373374029954449,0.24136971095562562,-0.3084275257190587,0.30722691061236773,0.3441658598131051,0.34457049647994964,0.0567299336296,1.2350426426439043,0.20705289319781622,1.4433686465975665e-07,4.616534661396725e-05,0.057031793390039075,0.0011976352432036025,0.006796551389901265,0.23881346946085694,-0.02307254321571371,-0.4936502329392181,-0.00032474680266274714,170206.77215500872,156150.05811734495,75216.4856482838,125972.96207426609,0.0,47.06947881100554,92.0,0.9999985396147314,0.007433448925585922,0.002400543373274413,0.013429569618614575,0.5612064224285409,-1.0
high_damping,baseline_0p5_10_hz,centered_savitzky_golay,tls,False,True,20,0.0,0.0,0.022917641141405442,0.022905243554583024,0.029528922971213026,0.029889756167444072,-0.03270479644167769,0.03545730148448072,0.043161165455452476,0.04728246211824441,0.3327028796936305,0.33204392760724144,0.3869171087502865,0.4054259059652947,-0.12365360071558713,0.12265139761525098,0.14124905234664184,0.147040282189944,-0.1713176206945199,0.17110792659638413,0.19308905327873593,0.19423035590677304,-0.24907324913143097,0.24927396745545927,0.27896970175952074,0.28847191747674117,-0.15777393943935425,0.15668226922721024,0.17966486485778427,0.1799684051024517,-0.2105001787078952,0.20862965068963318,0.2373374029954449,0.24136971095562562,-0.3084275257190587,0.30722691061236773,0.3441658598131051,0.34457049647994964,0.056835489082714755,1.2350426426439043,0.20705289319781622,1.4433686465975665e-07,4.616534661396725e-05,0.057031793390039075,0.0011976352432036025,0.006796551389901265,0.23881346946085694,-0.02307254321571371,-0.4936502329392181,-0.00032474680266274714,170206.77215500872,156150.05811734495,75216.4856482838,125972.96207426609,0.0,47.06947881100554,92.0,0.9999985396147314,0.007433448925585922,0.002400543373274413,0.013429569618614575,0.5612064224285409,-1.0
high_damping,baseline_0p5_10_hz,centered_savitzky_golay,iv,False,True,20,0.0,0.0,0.3828742887590258,0.377668579039398,0.47956576631207043,0.4851440905598819,-0.0409802997080235,0.04344697120501437,0.054535912847608205,0.05554274733634699,0.5124458469621441,0.5121459286747729,0.5978795809915883,0.6238231746109975,-0.0437593408958919,0.04448969023644828,0.060754569224838226,0.06086816400005123,-0.3357340854811584,0.3374420035500847,0.38611814110889026,0.3890623872399152,-0.3376881004777414,0.3386858274130036,0.37416206049516204,0.3841693999474052,-0.15777393943935425,0.15668226922721024,0.17966486485778427,0.1799684051024517,-0.2105001787078952,0.20862965068963318,0.2373374029954449,0.24136971095562562,-0.3084275257190587,0.30722691061236773,0.3441658598131051,0.34457049647994964,0.13878901255198783,1.2350426426439043,0.20705289319781622,1.4433686465975665e-07,4.616534661396725e-05,0.057031793390039075,0.0011976352432036025,0.006796551389901265,0.23881346946085694,-0.02307254321571371,-0.4936502329392181,-0.00032474680266274714,170206.77215500872,156150.05811734495,75216.4856482838,125972.96207426609,0.0,47.06947881100554,92.0,0.9999985396147314,0.007433448925585922,0.002400543373274413,0.013429569618614575,0.5612064224285409,0.06234560417880322
high_damping,mid_2_10_hz,backward_difference,ols,True,True,20,0.0,1.0,-0.16070469321139882,0.16096486641318947,0.16577090194242378,0.16871546300349857,-0.6531236751046975,0.6538229778121514,0.6709793982339346,0.6824741804041465,-1.0411936846143517,1.0411968713328648,1.0441764747646398,1.0455206749730976,1000000000.0,1000000000.0,1000000000.0,1000000000.0,1000000000.0,1000000000.0,1000000000.0,1000000000.0,1000000000.0,1000000000.0,1000000000.0,1000000000.0,1000000000.0,1000000000.0,1000000000.0,1000000000.0,1000000000.0,1000000000.0,1000000000.0,1000000000.0,1000000000.0,1000000000.0,1000000000.0,1000000000.0,0.37120441339544696,2.8887860962585292,0.7857474201391599,5.404944189167268e-08,4.0763358968331015e-05,0.06752043063879212,0.0010985441291661905,0.006385093388578754,0.2598765495590186,-0.010304705761665086,-0.6969232018681684,-0.015973770443914695,142990.8644624492,137777.96093459122,88908.44020559512,120543.46711219443,0.005,0.0,8.0,1.0,0.007315273550202961,0.001756664715967989,0.01447289248080471,0.559565114010045,-1.0
high_damping,mid_2_10_hz,backward_difference,tls,True,True,20,0.0,1.0,-0.05466222613895131,0.054512644746192884,0.07680701300555845,0.07790765733074503,0.4044643677041531,0.39381935988833844,0.527560228714765,0.5602150234315522,-1.2078030929018093,1.2075773207142415,1.2220877286082665,1.2279140044604748,1000000000.0,1000000000.0,1000000000.0,1000000000.0,1000000000.0,1000000000.0,1000000000.0,1000000000.0,1000000000.0,1000000000.0,1000000000.0,1000000000.0,1000000000.0,1000000000.0,1000000000.0,1000000000.0,1000000000.0,1000000000.0,1000000000.0,1000000000.0,1000000000.0,1000000000.0,1000000000.0,1000000000.0,0.6482357544681376,2.8887860962585292,0.7857474201391599,5.404944189167268e-08,4.0763358968331015e-05,0.06752043063879212,0.0010985441291661905,0.006385093388578754,0.2598765495590186,-0.010304705761665086,-0.6969232018681684,-0.015973770443914695,142990.8644624492,137777.96093459122,88908.44020559512,120543.46711219443,0.005,0.0,8.0,1.0,0.007315273550202961,0.001756664715967989,0.01447289248080471,0.559565114010045,-1.0
high_damping,mid_2_10_hz,backward_difference,iv,True,True,20,0.0,0.0,0.10467639757716411,0.44005760286533135,1.183951465431774,1.184913431164629,-0.186547887202478,0.18254015234628604,0.2350410300736551,0.24557102832130157,0.12992391948760193,0.1276213094124401,0.3606163115106881,0.3834467038564213,-0.06398005309503303,0.14754185354247829,0.40660530177504334,0.7727321282219676,-0.051322030648157366,0.29305423995463437,0.6356972941815513,3.079384715280416,-0.10302791760157351,0.11311782558334804,0.26502822412384214,0.2771676731655408,1000000000.0,1000000000.0,1000000000.0,1000000000.0,1000000000.0,1000000000.0,1000000000.0,1000000000.0,1000000000.0,1000000000.0,1000000000.0,1000000000.0,6.113855127807804,2.8887860962585292,0.7857474201391599,5.404944189167268e-08,4.0763358968331015e-05,0.06752043063879212,0.0010985441291661905,0.006385093388578754,0.2598765495590186,-0.010304705761665086,-0.6969232018681684,-0.015973770443914695,142990.8644624492,137777.96093459122,88908.44020559512,120543.46711219443,0.005,0.0,8.0,1.0,0.007315273550202961,0.001756664715967989,0.01447289248080471,0.559565114010045,0.002699939120333266
high_damping,mid_2_10_hz,causal_low_pass,ols,True,True,20,0.0,1.0,-0.10584125346782851,0.1059114733425316,0.11123705817566955,0.11307538418122419,-0.23279284366136785,0.23303172619079404,0.24750855685849632,0.25384877433841013,-1.0255201122370678,1.0252514831075246,1.036302301786127,1.0372586016571503,1000000000.0,1000000000.0,1000000000.0,1000000000.0,1000000000.0,1000000000.0,1000000000.0,1000000000.0,1000000000.0,1000000000.0,1000000000.0,1000000000.0,1000000000.0,1000000000.0,1000000000.0,1000000000.0,1000000000.0,1000000000.0,1000000000.0,1000000000.0,1000000000.0,1000000000.0,1000000000.0,1000000000.0,0.23766399913405767,1.3963561629378642,0.3199107055315423,5.404944189167268e-08,4.0763358968331015e-05,0.06752043063879212,0.0010985441291661905,0.006385093388578754,0.2598765495590186,-0.010304705761665086,-0.6969232018681684,-0.015973770443914695,142990.8644624492,137777.96093459122,88908.44020559512,120543.46711219443,0.015,16.10426073564376,20.0,1.0,0.007315273550202961,0.001756664715967989,0.01447289248080471,0.559565114010045,-1.0
high_damping,mid_2_10_hz,causal_low_pass,tls,True,True,20,0.0,1.0,0.05429476338464854,0.05640409153033649,0.061350315368225855,0.06253041323920437,-0.06759509668310262,0.06861258902183123,0.0847539871078187,0.09387540731624867,-1.051331052599029,1.0507596121630796,1.0663060205098265,1.0680194665981315,1000000000.0,1000000000.0,1000000000.0,1000000000.0,1000000000.0,1000000000.0,1000000000.0,1000000000.0,1000000000.0,1000000000.0,1000000000.0,1000000000.0,1000000000.0,1000000000.0,1000000000.0,1000000000.0,1000000000.0,1000000000.0,1000000000.0,1000000000.0,1000000000.0,1000000000.0,1000000000.0,1000000000.0,0.2483630743741455,1.3963561629378642,0.3199107055315423,5.404944189167268e-08,4.0763358968331015e-05,0.06752043063879212,0.0010985441291661905,0.006385093388578754,0.2598765495590186,-0.010304705761665086,-0.6969232018681684,-0.015973770443914695,142990.8644624492,137777.96093459122,88908.44020559512,120543.46711219443,0.015,16.10426073564376,20.0,1.0,0.007315273550202961,0.001756664715967989,0.01447289248080471,0.559565114010045,-1.0
high_damping,mid_2_10_hz,causal_low_pass,iv,True,True,20,0.0,0.0,0.04848962435062605,0.2555586237105827,0.4989752027247363,0.5702841929554626,-0.13827503438594588,0.13914128207117138,0.17003061713956333,0.17365337688183005,0.11870525143068207,0.10989670277972508,0.24116078069150046,0.3069705403801919,-0.045656495875941026,0.06825136659123109,0.2566334767336572,0.2734451957323716,-0.1672550458574099,0.21445538539274545,0.38578890629773815,0.4231801092574883,-0.10058649816417871,0.09900974257026679,0.19418907913669872,0.23487181301798554,1000000000.0,1000000000.0,1000000000.0,1000000000.0,1000000000.0,1000000000.0,1000000000.0,1000000000.0,1000000000.0,1000000000.0,1000000000.0,1000000000.0,0.9287427300968135,1.3963561629378642,0.3199107055315423,5.404944189167268e-08,4.0763358968331015e-05,0.06752043063879212,0.0010985441291661905,0.006385093388578754,0.2598765495590186,-0.010304705761665086,-0.6969232018681684,-0.015973770443914695,142990.8644624492,137777.96093459122,88908.44020559512,120543.46711219443,0.015,16.10426073564376,20.0,1.0,0.007315273550202961,0.001756664715967989,0.01447289248080471,0.559565114010045,0.027813353569127203
high_damping,mid_2_10_hz,causal_polynomial,ols,True,True,20,0.0,0.0,-0.09188520158787333,0.09145108160921087,0.09826534891010562,0.0985418911128867,-1.1104508138317812,1.1129150058064785,1.1318632165842015,1.134537860146892,-0.27997786938513597,0.27870134973806016,0.304462691499189,0.30948058103483245,0.12325379293163057,0.12391725957827343,0.14297455923709376,0.1429916977902165,-1.1366528434965621,1.1411377815951285,1.1615036599711388,1.1675034916336569,0.38956367027414046,0.3863907248696554,0.4377413633868907,0.448185195861152,-0.41722904147703466,0.4159042349768952,0.42961967625157677,0.4383682223115818,-1.9221744213287117,1.924053746479002,1.962652756749011,1.9643513398366645,-0.7297069232998034,0.7300109422202006,0.7424173898735681,0.7529313146832024,0.3890284671731892,2.886829424972049,0.7843863331663985,5.404944189167268e-08,4.0763358968331015e-05,0.06752043063879212,0.0010985441291661905,0.006385093388578754,0.2598765495590186,-0.010304705761665086,-0.6969232018681684,-0.015973770443914695,142990.8644624492,137777.96093459122,88908.44020559512,120543.46711219443,0.03,31.85420881757568,92.0,1.0,0.007315273550202961,0.001756664715967989,0.01447289248080471,0.559565114010045,-1.0
high_damping,mid_2_10_hz,causal_polynomial,tls,True,True,20,0.0,0.0,0.4152771313426201,0.415237377124104,0.4443247530049555,0.4497717956037739,-2.7415277007664716,2.752517911556456,2.8979981248464664,2.9288701602901988,1.8170919340221996,1.8290257120671176,1.972776216939169,2.0508651616002425,-0.2907852809115253,0.2898578925452312,0.3080034204979901,0.31201683028223526,-1.8713324850485251,1.8751333947480453,1.9193154803896484,1.925846124059633,-0.6443233602134114,0.6465154558542401,0.6636021810152801,0.6722241242954575,-0.41722904147703466,0.4159042349768952,0.42961967625157677,0.4383682223115818,-1.9221744213287117,1.924053746479002,1.962652756749011,1.9643513398366645,-0.7297069232998034,0.7300109422202006,0.7424173898735681,0.7529313146832024,0.7042158773423453,2.886829424972049,0.7843863331663985,5.404944189167268e-08,4.0763358968331015e-05,0.06752043063879212,0.0010985441291661905,0.006385093388578754,0.2598765495590186,-0.010304705761665086,-0.6969232018681684,-0.015973770443914695,142990.8644624492,137777.96093459122,88908.44020559512,120543.46711219443,0.03,31.85420881757568,92.0,1.0,0.007315273550202961,0.001756664715967989,0.01447289248080471,0.559565114010045,-1.0
high_damping,mid_2_10_hz,causal_polynomial,iv,True,True,20,0.0,1.0,-4.216525493001595,4.275001949547532,4.587035067786375,4.691382618932146,-0.5104142227298434,0.5098574918104066,0.5611609982348429,0.569746801992514,-1.0450811402672484,1.0567399475094277,1.1326822590422754,1.1658148344456265,1000000000.0,1000000000.0,1000000000.0,1000000000.0,1000000000.0,1000000000.0,1000000000.0,1000000000.0,1000000000.0,1000000000.0,1000000000.0,1000000000.0,-0.41722904147703466,0.4159042349768952,0.42961967625157677,0.4383682223115818,-1.9221744213287117,1.924053746479002,1.962652756749011,1.9643513398366645,-0.7297069232998034,0.7300109422202006,0.7424173898735681,0.7529313146832024,1.4187165540169167,2.886829424972049,0.7843863331663985,5.404944189167268e-08,4.0763358968331015e-05,0.06752043063879212,0.0010985441291661905,0.006385093388578754,0.2598765495590186,-0.010304705761665086,-0.6969232018681684,-0.015973770443914695,142990.8644624492,137777.96093459122,88908.44020559512,120543.46711219443,0.03,31.85420881757568,92.0,1.0,0.007315273550202961,0.001756664715967989,0.01447289248080471,0.559565114010045,0.03888086000201074
high_damping,mid_2_10_hz,alpha_beta_gamma,ols,True,True,20,0.0,0.0,-0.03813438379124546,0.0382209726774146,0.04394680693848435,0.04462068114539932,-0.9549767351466644,0.9556921729574541,0.9668840064865605,0.9675708544336008,-0.4392497446159272,0.43689819371434924,0.4603425431470206,0.465111484320468,0.30995500938481724,0.3060437717336587,0.336241438405492,0.3424193489167891,-0.9386524578865648,0.9395275693153642,0.9556480414878022,0.9557654717080151,0.7842537027063494,0.7758778054673523,0.8530349801214719,0.8695484585784796,-0.29147061565910126,0.28825257994495757,0.30590742098413054,0.31938237828238786,-1.3746394517401486,1.3743600960634574,1.3961730590900603,1.4050217606589652,-0.5720955328580635,0.5688119002859748,0.591762367248368,0.6112392083916944,0.24489868838143353,2.178970285286682,0.6468332872405929,5.404944189167268e-08,4.0763358968331015e-05,0.06752043063879212,0.0010985441291661905,0.006385093388578754,0.2598765495590186,-0.010304705761665086,-0.6969232018681684,-0.015973770443914695,142990.8644624492,137777.96093459122,88908.44020559512,120543.46711219443,0.04,39.30976937757254,24.0,1.0,0.007315273550202961,0.001756664715967989,0.01447289248080471,0.559565114010045,-1.0
high_damping,mid_2_10_hz,alpha_beta_gamma,tls,True,True,20,0.0,0.0,0.19793659161002872,0.19759928833679385,0.210183663546308,0.21155709202744977,-1.1015524942361958,1.1040044593064768,1.1273348586300238,1.1293167624543106,-0.11925375455357748,0.11719498910834525,0.14638888014673518,0.16860867173220362,0.1664179705671397,0.1654879779788151,0.1839349649806979,0.19905230980322772,-1.0987204630376515,1.1007953917569255,1.1225551366964723,1.1244057018952398,0.13589820084828527,0.13275320117571854,0.17153647814032236,0.20280301946797996,-0.29147061565910126,0.28825257994495757,0.30590742098413054,0.31938237828238786,-1.3746394517401486,1.3743600960634574,1.3961730590900603,1.4050217606589652,-0.5720955328580635,0.5688119002859748,0.591762367248368,0.6112392083916944,0.26572206883197996,2.178970285286682,0.6468332872405929,5.404944189167268e-08,4.0763358968331015e-05,0.06752043063879212,0.0010985441291661905,0.006385093388578754,0.2598765495590186,-0.010304705761665086,-0.6969232018681684,-0.015973770443914695,142990.8644624492,137777.96093459122,88908.44020559512,120543.46711219443,0.04,39.30976937757254,24.0,1.0,0.007315273550202961,0.001756664715967989,0.01447289248080471,0.559565114010045,-1.0
high_damping,mid_2_10_hz,alpha_beta_gamma,iv,True,True,20,0.0,1.0,-1.7795351103882637,1.7334813658276231,1.9995081372853256,2.1640524521624744,-0.6922791771479364,0.6958248463582034,0.7299299644282475,0.7309907686274403,-0.7886797966461011,0.7801160392034889,0.8462266327907546,0.910911545186778,1000000000.0,1000000000.0,1000000000.0,1000000000.0,1000000000.0,1000000000.0,1000000000.0,1000000000.0,1000000000.0,1000000000.0,1000000000.0,1000000000.0,-0.29147061565910126,0.28825257994495757,0.30590742098413054,0.31938237828238786,-1.3746394517401486,1.3743600960634574,1.3961730590900603,1.4050217606589652,-0.5720955328580635,0.5688119002859748,0.591762367248368,0.6112392083916944,0.6053596489819955,2.178970285286682,0.6468332872405929,5.404944189167268e-08,4.0763358968331015e-05,0.06752043063879212,0.0010985441291661905,0.006385093388578754,0.2598765495590186,-0.010304705761665086,-0.6969232018681684,-0.015973770443914695,142990.8644624492,137777.96093459122,88908.44020559512,120543.46711219443,0.04,39.30976937757254,24.0,1.0,0.007315273550202961,0.001756664715967989,0.01447289248080471,0.559565114010045,0.05145306929171682
high_damping,mid_2_10_hz,centered_savitzky_golay,ols,False,True,20,0.0,0.0,0.01125520236684601,0.010958514415253072,0.017662397387917188,0.01849547438968765,-0.050012237252007444,0.05183987702158163,0.06895078040121455,0.06901549815784008,0.3137338076495372,0.3105787574414727,0.36282990697618195,0.36284281908620386,-0.1225025658254093,0.1211198583415477,0.13837575175029898,0.1395712644055857,-0.17565810808034377,0.17515903209425676,0.1978765927476293,0.2011464996405942,-0.23847478156726548,0.23697752467103161,0.266232715553254,0.2662396675571822,-0.15482587740566267,0.15331766183242657,0.170692085740689,0.17082771506337538,-0.212828035378055,0.21145898294320362,0.23586638108782929,0.236990805602333,-0.30088734822496976,0.2990803018553656,0.3259028173447508,0.3275795617565791,0.05943701027778387,1.2216445836472496,0.19522928447650711,5.404944189167268e-08,4.0763358968331015e-05,0.06752043063879212,0.0010985441291661905,0.006385093388578754,0.2598765495590186,-0.010304705761665086,-0.6969232018681684,-0.015973770443914695,142990.8644624492,137777.96093459122,88908.44020559512,120543.46711219443,0.0,47.06947881100554,92.0,1.0,0.007315273550202961,0.001756664715967989,0.01447289248080471,0.559565114010045,-1.0
high_damping,mid_2_10_hz,centered_savitzky_golay,tls,False,True,20,0.0,0.0,0.02065721130059265,0.0211015401797466,0.02620990773231977,0.028320730108728754,-0.042183705816226776,0.04368009257411536,0.0606334507294246,0.06100629504110074,0.3284442301149574,0.32410775456124086,0.3787156280704976,0.3787846886343442,-0.1233299579989496,0.12198826423001544,0.1391961441235834,0.14036174576584046,-0.17729740231453872,0.17672400525201762,0.1996406377183576,0.20279585297264552,-0.24691359560091444,0.24477445531743686,0.2746872670678709,0.27472359662589674,-0.15482587740566267,0.15331766183242657,0.170692085740689,0.17082771506337538,-0.212828035378055,0.21145898294320362,0.23586638108782929,0.236990805602333,-0.30088734822496976,0.2990803018553656,0.3259028173447508,0.3275795617565791,0.059587543390640305,1.2216445836472496,0.19522928447650711,5.404944189167268e-08,4.0763358968331015e-05,0.06752043063879212,0.0010985441291661905,0.006385093388578754,0.2598765495590186,-0.010304705761665086,-0.6969232018681684,-0.015973770443914695,142990.8644624492,137777.96093459122,88908.44020559512,120543.46711219443,0.0,47.06947881100554,92.0,1.0,0.007315273550202961,0.001756664715967989,0.01447289248080471,0.559565114010045,-1.0
high_damping,mid_2_10_hz,centered_savitzky_golay,iv,False,True,20,0.0,0.0,0.8114849367649117,0.8059534947481273,1.0862254698290954,1.1539100945091494,-0.03703776826295173,0.03863983885626581,0.053601684500792,0.05451120170784378,0.6047308203748504,0.5958152383451107,0.714741208272704,0.7658194689305517,0.061508069844131694,0.06003032128223028,0.10454041863363334,0.10652045730756232,-0.43279626976845115,0.4323271118101272,0.4944564261618051,0.5005274060458138,-0.3754845178378584,0.3733512584591729,0.41679513152691144,0.43369069285115625,-0.15482587740566267,0.15331766183242657,0.170692085740689,0.17082771506337538,-0.212828035378055,0.21145898294320362,0.23586638108782929,0.236990805602333,-0.30088734822496976,0.2990803018553656,0.3259028173447508,0.3275795617565791,0.2630645304238566,1.2216445836472496,0.19522928447650711,5.404944189167268e-08,4.0763358968331015e-05,0.06752043063879212,0.0010985441291661905,0.006385093388578754,0.2598765495590186,-0.010304705761665086,-0.6969232018681684,-0.015973770443914695,142990.8644624492,137777.96093459122,88908.44020559512,120543.46711219443,0.0,47.06947881100554,92.0,1.0,0.007315273550202961,0.001756664715967989,0.01447289248080471,0.559565114010045,0.03423636126863916
high_damping,high_5_15_hz,backward_difference,ols,True,True,20,0.0,1.0,-0.07450464321115449,0.07481192060558461,0.0820454626790684,0.08450546395663347,-0.8305585641376296,0.8345142169671418,0.8674821734861811,0.8739904292681708,-1.017751761013592,1.0177641396644939,1.0236260575435687,1.0250887246065314,1000000000.0,1000000000.0,1000000000.0,1000000000.0,1000000000.0,1000000000.0,1000000000.0,1000000000.0,1000000000.0,1000000000.0,1000000000.0,1000000000.0,1000000000.0,1000000000.0,1000000000.0,1000000000.0,1000000000.0,1000000000.0,1000000000.0,1000000000.0,1000000000.0,1000000000.0,1000000000.0,1000000000.0,0.39646876854881297,3.1209175683911172,0.8133535300933947,1.2219348638159984e-08,2.4444620062971192e-05,0.10128332726926521,0.0010488660936871876,0.004945064523186001,0.3182505934756131,-0.01427502319052507,-0.7080463439836964,-0.00039094519976731344,133145.84084930603,82658.2096707614,136244.26371724607,114457.41726372445,0.005,0.0,8.0,1.0,0.005207736477639466,0.0012333795723191152,0.01537360502965463,0.6189676595247904,-1.0
high_damping,high_5_15_hz,backward_difference,tls,True,True,20,0.0,1.0,-0.14332244839282365,0.141938758464644,0.24252599055827387,0.24320693094063198,2.6114458872532462,2.5174687963575604,3.563064834155738,3.5846130484726815,-1.5441294306185203,1.528679634986172,1.6908839061488896,1.7018982601394117,1000000000.0,1000000000.0,1000000000.0,1000000000.0,1000000000.0,1000000000.0,1000000000.0,1000000000.0,1000000000.0,1000000000.0,1000000000.0,1000000000.0,1000000000.0,1000000000.0,1000000000.0,1000000000.0,1000000000.0,1000000000.0,1000000000.0,1000000000.0,1000000000.0,1000000000.0,1000000000.0,1000000000.0,1.5871430590573894,3.1209175683911172,0.8133535300933947,1.2219348638159984e-08,2.4444620062971192e-05,0.10128332726926521,0.0010488660936871876,0.004945064523186001,0.3182505934756131,-0.01427502319052507,-0.7080463439836964,-0.00039094519976731344,133145.84084930603,82658.2096707614,136244.26371724607,114457.41726372445,0.005,0.0,8.0,1.0,0.005207736477639466,0.0012333795723191152,0.01537360502965463,0.6189676595247904,-1.0
high_damping,high_5_15_hz,backward_difference,iv,True,True,20,0.0,0.25,1.5740870267524552,1.5797776808270512,7.114926955482203,10.683920389365188,-0.2992727507707779,0.2859072914161134,0.45817771441183197,0.4879306211846543,0.2383690260508029,0.15170007688197273,0.7585566657754378,1.0887821017958004,0.5131536418768962,0.5370159150152438,1.20312404274628,1.3650902941797123,-0.5748097459644427,0.6233958721694017,0.8401028166450456,0.8447078294291466,-0.22008174366013833,0.20086977111211413,0.4543485884135679,0.5212521214442309,1000000000.0,1000000000.0,1000000000.0,1000000000.0,1000000000.0,1000000000.0,1000000000.0,1000000000.0,1000000000.0,1000000000.0,1000000000.0,1000000000.0,6.077922379529097,3.1209175683911172,0.8133535300933947,1.2219348638159984e-08,2.4444620062971192e-05,0.10128332726926521,0.0010488660936871876,0.004945064523186001,0.3182505934756131,-0.01427502319052507,-0.7080463439836964,-0.00039094519976731344,133145.84084930603,82658.2096707614,136244.26371724607,114457.41726372445,0.005,0.0,8.0,1.0,0.005207736477639466,0.0012333795723191152,0.01537360502965463,0.6189676595247904,0.004069541991416436
high_damping,high_5_15_hz,causal_low_pass,ols,True,True,20,0.0,0.35,-0.032164481016446686,0.03111433361911073,0.039584333011828975,0.039630054579459964,-0.4671707297761766,0.46764176806362656,0.5276937684942895,0.5330379291632706,-0.9950579243719456,0.9956714089398471,1.0060574234916382,1.0088355081412175,19.691489321368117,9.610273130814715,65.06731354213157,136.3947716167712,9.966113979479754,4.8051281057262125,34.09572132959839,69.26259327383897,1633.5915143746583,115.77538324515054,8047.538180373039,19591.170565386798,-0.6284388953698331,0.6417105522885271,0.7309835342809103,0.7597486797521706,-5.458806331811403,5.2974877313904045,7.440077536901038,8.793043300147918,-0.9153017642293734,0.9223443980359178,0.9852914895573178,0.9995146803774304,0.23339389414747014,1.6263519402118587,0.4505669346472283,1.2219348638159984e-08,2.4444620062971192e-05,0.10128332726926521,0.0010488660936871876,0.004945064523186001,0.3182505934756131,-0.01427502319052507,-0.7080463439836964,-0.00039094519976731344,133145.84084930603,82658.2096707614,136244.26371724607,114457.41726372445,0.015,16.104260735643756,20.0,1.0,0.005207736477639466,0.0012333795723191152,0.01537360502965463,0.6189676595247904,-1.0
high_damping,high_5_15_hz,causal_low_pass,tls,True,True,20,0.0,0.8,0.18499642630510912,0.1842540937108902,0.19849294908098594,0.20339436968262192,-0.31166100250974005,0.31114629651280035,0.3960420494434425,0.40801258521779155,-1.016480180965892,1.017035104326903,1.0339275426073113,1.0369857480626081,26.715966924203435,23.006219736126134,47.537595542496014,51.772342168670974,13.227330226822332,11.312390712995992,24.085874961323782,26.32632108846271,847.3729026416026,480.728234836151,2068.2127383408333,2344.617282308948,-0.6284388953698331,0.6417105522885271,0.7309835342809103,0.7597486797521706,-5.458806331811403,5.2974877313904045,7.440077536901038,8.793043300147918,-0.9153017642293734,0.9223443980359178,0.9852914895573178,0.9995146803774304,0.2452330309019004,1.6263519402118587,0.4505669346472283,1.2219348638159984e-08,2.4444620062971192e-05,0.10128332726926521,0.0010488660936871876,0.004945064523186001,0.3182505934756131,-0.01427502319052507,-0.7080463439836964,-0.00039094519976731344,133145.84084930603,82658.2096707614,136244.26371724607,114457.41726372445,0.015,16.104260735643756,20.0,1.0,0.005207736477639466,0.0012333795723191152,0.01537360502965463,0.6189676595247904,-1.0
high_damping,high_5_15_hz,causal_low_pass,iv,True,True,20,0.0,0.0,0.3710895393997977,0.5882852898622336,1.3433900229019022,1.7507441622410764,-0.3366522938741927,0.33768290057299266,0.42033287775217865,0.44050007963723686,0.17714845022886597,0.19898899866886666,0.2989758105262494,0.3026453589843534,0.030187367388970175,0.24677619776918222,0.45563492960468827,0.46172309778562953,-0.39527601987312105,0.5001850080535142,0.6177993991233479,0.6505945599041828,-0.14550719404411347,0.16596150874224552,0.23016240118164172,0.23233135319371956,-0.6284388953698331,0.6417105522885271,0.7309835342809103,0.7597486797521706,-5.458806331811403,5.2974877313904045,7.440077536901038,8.793043300147918,-0.9153017642293734,0.9223443980359178,0.9852914895573178,0.9995146803774304,1.017458179156812,1.6263519402118587,0.4505669346472283,1.2219348638159984e-08,2.4444620062971192e-05,0.10128332726926521,0.0010488660936871876,0.004945064523186001,0.3182505934756131,-0.01427502319052507,-0.7080463439836964,-0.00039094519976731344,133145.84084930603,82658.2096707614,136244.26371724607,114457.41726372445,0.015,16.104260735643756,20.0,1.0,0.005207736477639466,0.0012333795723191152,0.01537360502965463,0.6189676595247904,0.005515616227006588
high_damping,high_5_15_hz,causal_polynomial,ols,True,True,20,0.0,0.0,-0.015428247605709091,0.015833845704533663,0.02314274849115419,0.023844687057405736,-2.5406810868362064,2.5380315443009485,2.6091785879162877,2.6702660729094725,0.7662242084991397,0.7701864792609356,0.8726410831987174,0.9126699096622701,-0.25305774884591237,0.2542893728327037,0.2728419648460903,0.281130700155881,-2.168381802166233,2.1715524775934236,2.2160708527418795,2.2539788847576587,-0.4331422284806855,0.43508773210797325,0.46598225339156474,0.47717063203207133,-0.5351821919364184,0.5362787457823843,0.5447072407620067,0.5450429057093441,-2.76353961406244,2.761567914515167,2.818989795340468,2.8285965549799035,-0.8149951214529481,0.8162944013413238,0.8217281231904607,0.8236603496526769,0.4679370881806434,4.678226781546213,0.9118189752269544,1.2219348638159984e-08,2.4444620062971192e-05,0.10128332726926521,0.0010488660936871876,0.004945064523186001,0.3182505934756131,-0.01427502319052507,-0.7080463439836964,-0.00039094519976731344,133145.84084930603,82658.2096707614,136244.26371724607,114457.41726372445,0.035,31.85420881757568,92.0,1.0,0.005207736477639466,0.0012333795723191152,0.01537360502965463,0.6189676595247904,-1.0
high_damping,high_5_15_hz,causal_polynomial,tls,True,True,20,0.0,0.0,0.23672978448696497,0.23788576317796384,0.2507660976536807,0.2517298572527818,-5.177362725208373,5.202826972875222,5.323851747156545,5.346348880551882,3.7899672942031737,3.809057186114641,3.966709196098076,3.983416354235584,-0.49174894290439325,0.49186584737937566,0.5007147910157219,0.5007842604852047,-2.7161975674751906,2.7138673908355884,2.7658680576427526,2.771777265924944,-0.7910787089054365,0.792057876164759,0.7986593226681231,0.7993344467094217,-0.5351821919364184,0.5362787457823843,0.5447072407620067,0.5450429057093441,-2.76353961406244,2.761567914515167,2.818989795340468,2.8285965549799035,-0.8149951214529481,0.8162944013413238,0.8217281231904607,0.8236603496526769,0.7397465866764279,4.678226781546213,0.9118189752269544,1.2219348638159984e-08,2.4444620062971192e-05,0.10128332726926521,0.0010488660936871876,0.004945064523186001,0.3182505934756131,-0.01427502319052507,-0.7080463439836964,-0.00039094519976731344,133145.84084930603,82658.2096707614,136244.26371724607,114457.41726372445,0.035,31.85420881757568,92.0,1.0,0.005207736477639466,0.0012333795723191152,0.01537360502965463,0.6189676595247904,-1.0
high_damping,high_5_15_hz,causal_polynomial,iv,True,True,20,0.0,1.0,-15.08420753395329,15.131235530457376,16.994293248974678,17.992323752647383,-0.16006025395539783,0.16846193595200198,0.464697132723984,0.5177802196026641,-1.4658934050535186,1.4865139689841058,1.7168020103259873,1.9927187369570163,1000000000.0,1000000000.0,1000000000.0,1000000000.0,1000000000.0,1000000000.0,1000000000.0,1000000000.0,1000000000.0,1000000000.0,1000000000.0,1000000000.0,-0.5351821919364184,0.5362787457823843,0.5447072407620067,0.5450429057093441,-2.76353961406244,2.761567914515167,2.818989795340468,2.8285965549799035,-0.8149951214529481,0.8162944013413238,0.8217281231904607,0.8236603496526769,4.770764524867211,4.678226781546213,0.9118189752269544,1.2219348638159984e-08,2.4444620062971192e-05,0.10128332726926521,0.0010488660936871876,0.004945064523186001,0.3182505934756131,-0.01427502319052507,-0.7080463439836964,-0.00039094519976731344,133145.84084930603,82658.2096707614,136244.26371724607,114457.41726372445,0.035,31.85420881757568,92.0,1.0,0.005207736477639466,0.0012333795723191152,0.01537360502965463,0.6189676595247904,0.013483356562220428
high_damping,high_5_15_hz,alpha_beta_gamma,ols,True,True,20,0.0,0.0,-0.0034478600264090747,0.003891615984760506,0.010399419075365825,0.011958665307419286,-1.4021828117355444,1.4030444922714653,1.4287697277565903,1.4294828401192805,-0.1608934877828787,0.1646126941747461,0.19228388571278748,0.1926767370927216,0.09009373505534005,0.09053776097744609,0.11184709573871138,0.11281620651593077,-1.4397914024767526,1.44107836348247,1.4624403802851558,1.469855769801279,0.1926444276862213,0.19706690556738915,0.2380587619434516,0.2386611979925699,-0.33399569946028335,0.3321881968603189,0.3565352767310249,0.36082982521394286,-1.7084688578915017,1.7078213178298176,1.7342282641967592,1.753794663687838,-0.5808978723096295,0.5806434595359953,0.606030264526445,0.6142831372524,0.21298372620928985,2.519048317742868,0.7239856400205459,1.2219348638159984e-08,2.4444620062971192e-05,0.10128332726926521,0.0010488660936871876,0.004945064523186001,0.3182505934756131,-0.01427502319052507,-0.7080463439836964,-0.00039094519976731344,133145.84084930603,82658.2096707614,136244.26371724607,114457.41726372445,0.045,39.30976937757254,24.0,1.0,0.005207736477639466,0.0012333795723191152,0.01537360502965463,0.6189676595247904,-1.0
high_damping,high_5_15_hz,alpha_beta_gamma,tls,True,True,20,0.0,0.0,0.15672310441958107,0.15757025299028232,0.16570998119008132,0.16630931032955515,-1.7368889657868176,1.7380626471135923,1.7730398452516245,1.8036901823155893,0.35919579946834923,0.35861633759174183,0.41107282910474313,0.4177865637200049,-0.07731840901385763,0.07857498655445021,0.09418905991666394,0.0957728518338206,-1.5876125246916049,1.5931251986116464,1.6061150839116616,1.6257491682504726,-0.2639160903110857,0.26394941611437694,0.2913185163237227,0.29467521727939894,-0.33399569946028335,0.3321881968603189,0.3565352767310249,0.36082982521394286,-1.7084688578915017,1.7078213178298176,1.7342282641967592,1.753794663687838,-0.5808978723096295,0.5806434595359953,0.606030264526445,0.6142831372524,0.24076520750514724,2.519048317742868,0.7239856400205459,1.2219348638159984e-08,2.4444620062971192e-05,0.10128332726926521,0.0010488660936871876,0.004945064523186001,0.3182505934756131,-0.01427502319052507,-0.7080463439836964,-0.00039094519976731344,133145.84084930603,82658.2096707614,136244.26371724607,114457.41726372445,0.045,39.30976937757254,24.0,1.0,0.005207736477639466,0.0012333795723191152,0.01537360502965463,0.6189676595247904,-1.0
high_damping,high_5_15_hz,alpha_beta_gamma,iv,True,True,20,0.0,1.0,-8.051225332034615,8.059236759807352,9.431434988480198,9.639983988356997,-0.2367021004012888,0.23165799731811468,0.40099303247970425,0.44420443302553475,-1.1814788092067336,1.1788826742506124,1.3785039892657296,1.3933220975991318,1000000000.0,1000000000.0,1000000000.0,1000000000.0,1000000000.0,1000000000.0,1000000000.0,1000000000.0,1000000000.0,1000000000.0,1000000000.0,1000000000.0,-0.33399569946028335,0.3321881968603189,0.3565352767310249,0.36082982521394286,-1.7084688578915017,1.7078213178298176,1.7342282641967592,1.753794663687838,-0.5808978723096295,0.5806434595359953,0.606030264526445,0.6142831372524,2.539857172680951,2.519048317742868,0.7239856400205459,1.2219348638159984e-08,2.4444620062971192e-05,0.10128332726926521,0.0010488660936871876,0.004945064523186001,0.3182505934756131,-0.01427502319052507,-0.7080463439836964,-0.00039094519976731344,133145.84084930603,82658.2096707614,136244.26371724607,114457.41726372445,0.045,39.30976937757254,24.0,1.0,0.005207736477639466,0.0012333795723191152,0.01537360502965463,0.6189676595247904,0.018626275160114038
high_damping,high_5_15_hz,centered_savitzky_golay,ols,False,True,20,0.0,0.0,0.0030595679120260593,0.004043016440731435,0.010304904061954355,0.010543456707971093,-0.16001429955996513,0.1555447024232054,0.19998166216392732,0.20537495518925097,0.4921766667218215,0.4837219221123874,0.5691693251823402,0.6079414563983363,-0.1798660768269352,0.1780842539074604,0.20016322430654196,0.21006256317932254,-0.3131161780006966,0.3076107145520198,0.3503646500345551,0.36848976720140947,-0.3292958167767964,0.3260137490315745,0.36270013529293893,0.3780868102997219,-0.2237610333124608,0.21964211180566892,0.2493478541938346,0.2581654397814825,-0.352157763037164,0.34731993294285135,0.38768269128994554,0.4091838175034121,-0.40157442472677457,0.396607786933302,0.4381194349364602,0.45406130328548144,0.05687681966877228,1.0696519628884436,0.06399670585882111,1.2219348638159984e-08,2.4444620062971192e-05,0.10128332726926521,0.0010488660936871876,0.004945064523186001,0.3182505934756131,-0.01427502319052507,-0.7080463439836964,-0.00039094519976731344,133145.84084930603,82658.2096707614,136244.26371724607,114457.41726372445,0.0,47.06947881100554,92.0,1.0,0.005207736477639466,0.0012333795723191152,0.01537360502965463,0.6189676595247904,-1.0
high_damping,high_5_15_hz,centered_savitzky_golay,tls,False,True,20,0.0,0.0,0.014390371333809604,0.014414167892064995,0.02071513606754785,0.021514255340319817,-0.15108239041616195,0.1463601637422669,0.19230564147697773,0.19652855840307082,0.5107330367953742,0.5008120556766708,0.5870223944627705,0.6330833414526211,-0.18031961881732456,0.1785511988727232,0.20065989177853313,0.21054564446108393,-0.3139334742001917,0.30842605473611384,0.35119416874730874,0.3693988398576442,-0.3375068017383547,0.33369275535893256,0.36986197934554793,0.38766137978573467,-0.2237610333124608,0.21964211180566892,0.2493478541938346,0.2581654397814825,-0.352157763037164,0.34731993294285135,0.38768269128994554,0.4091838175034121,-0.40157442472677457,0.396607786933302,0.4381194349364602,0.45406130328548144,0.057031519136418726,1.0696519628884436,0.06399670585882111,1.2219348638159984e-08,2.4444620062971192e-05,0.10128332726926521,0.0010488660936871876,0.004945064523186001,0.3182505934756131,-0.01427502319052507,-0.7080463439836964,-0.00039094519976731344,133145.84084930603,82658.2096707614,136244.26371724607,114457.41726372445,0.0,47.06947881100554,92.0,1.0,0.005207736477639466,0.0012333795723191152,0.01537360502965463,0.6189676595247904,-1.0
high_damping,high_5_15_hz,centered_savitzky_golay,iv,False,True,20,0.0,0.0,0.5461573075116499,0.5668848338246266,1.1631839973745193,1.1672777783842776,-0.14123075767681675,0.1366670350870828,0.18456002324164109,0.19073700565165908,0.5953248874456012,0.5894370990086237,0.7420102611673184,0.8282946098612953,-0.02773561540642358,0.08756615323257329,0.24445717613040924,0.26389106060851386,-0.431469956698575,0.46195144082315287,0.5748534758331613,0.5803530618474096,-0.3709976691970386,0.37084643358181574,0.4258797582407491,0.4530421986662939,-0.2237610333124608,0.21964211180566892,0.2493478541938346,0.2581654397814825,-0.352157763037164,0.34731993294285135,0.38768269128994554,0.4091838175034121,-0.40157442472677457,0.396607786933302,0.4381194349364602,0.45406130328548144,0.1873083418509715,1.0696519628884436,0.06399670585882111,1.2219348638159984e-08,2.4444620062971192e-05,0.10128332726926521,0.0010488660936871876,0.004945064523186001,0.3182505934756131,-0.01427502319052507,-0.7080463439836964,-0.00039094519976731344,133145.84084930603,82658.2096707614,136244.26371724607,114457.41726372445,0.0,47.06947881100554,92.0,1.0,0.005207736477639466,0.0012333795723191152,0.01537360502965463,0.6189676595247904,0.0064751112967758526
high_damping,wide_0p5_20_hz,backward_difference,ols,True,True,20,0.0,1.0,-0.08975471299467952,0.09013570546127292,0.09665753493073906,0.09668451545213542,-0.7624650922279821,0.7625579752261081,0.7827156933666798,0.7870260076482261,-1.026586205787323,1.0266350813485658,1.0295276358946293,1.030845957727303,1000000000.0,1000000000.0,1000000000.0,1000000000.0,1000000000.0,1000000000.0,1000000000.0,1000000000.0,1000000000.0,1000000000.0,1000000000.0,1000000000.0,1000000000.0,1000000000.0,1000000000.0,1000000000.0,1000000000.0,1000000000.0,1000000000.0,1000000000.0,1000000000.0,1000000000.0,1000000000.0,1000000000.0,0.3943055987408689,3.02910772271468,0.8030531265669641,5.363586053006386e-08,3.0445541034279302e-05,0.09285649142380409,0.00113211988085407,0.005519767297879591,0.30476028647263875,-0.027391504489947004,-0.4079094599097801,-0.010108883201255171,154435.7200132268,102967.00878387393,124387.96042890934,125528.22857228175,0.005,0.0,8.0,0.9999999971575539,0.005558926932112458,0.002085155763514953,0.012554986750115169,0.642878553629433,-1.0
high_damping,wide_0p5_20_hz,backward_difference,tls,True,True,20,0.0,1.0,-0.053742281258251604,0.05210326285475067,0.0930031504351734,0.09353627182397417,1.2172964333515892,1.2417981802579252,1.4397153497520339,1.5567508161979235,-1.332634448785488,1.33623096836576,1.3613867178629955,1.3776297995818565,1000000000.0,1000000000.0,1000000000.0,1000000000.0,1000000000.0,1000000000.0,1000000000.0,1000000000.0,1000000000.0,1000000000.0,1000000000.0,1000000000.0,1000000000.0,1000000000.0,1000000000.0,1000000000.0,1000000000.0,1000000000.0,1000000000.0,1000000000.0,1000000000.0,1000000000.0,1000000000.0,1000000000.0,1.0064411917497011,3.02910772271468,0.8030531265669641,5.363586053006386e-08,3.0445541034279302e-05,0.09285649142380409,0.00113211988085407,0.005519767297879591,0.30476028647263875,-0.027391504489947004,-0.4079094599097801,-0.010108883201255171,154435.7200132268,102967.00878387393,124387.96042890934,125528.22857228175,0.005,0.0,8.0,0.9999999971575539,0.005558926932112458,0.002085155763514953,0.012554986750115169,0.642878553629433,-1.0
high_damping,wide_0p5_20_hz,backward_difference,iv,True,True,20,0.0,0.0,0.7277202508862161,1.0019723251748427,1.6572236021749036,2.4324049110561465,-0.2716134791775628,0.2763704500139542,0.48066821789601505,0.5661670655142756,0.15448039262616414,0.16509348259070578,0.4150639733036009,0.46576423447832127,0.15892477173435826,0.30743681193471584,0.6303982304645037,0.8475578065028734,-0.10743916267784075,0.5370404122986797,1.066550593994918,5.949241191936096,-0.11452663915927055,0.16358298436133561,0.2932719870063437,0.3177620407992088,1000000000.0,1000000000.0,1000000000.0,1000000000.0,1000000000.0,1000000000.0,1000000000.0,1000000000.0,1000000000.0,1000000000.0,1000000000.0,1000000000.0,6.177231632809718,3.02910772271468,0.8030531265669641,5.363586053006386e-08,3.0445541034279302e-05,0.09285649142380409,0.00113211988085407,0.005519767297879591,0.30476028647263875,-0.027391504489947004,-0.4079094599097801,-0.010108883201255171,154435.7200132268,102967.00878387393,124387.96042890934,125528.22857228175,0.005,0.0,8.0,0.9999999971575539,0.005558926932112458,0.002085155763514953,0.012554986750115169,0.642878553629433,0.003716555210558239
high_damping,wide_0p5_20_hz,causal_low_pass,ols,True,True,20,0.0,1.0,-0.060505849805327624,0.06068830402897343,0.0674942878334417,0.06833170975466013,-0.27655932143273737,0.2761792483813512,0.29555259421149266,0.3045472977371118,-1.031573039345518,1.0297321865690847,1.0415094295642557,1.0439916329526397,1000000000.0,1000000000.0,1000000000.0,1000000000.0,1000000000.0,1000000000.0,1000000000.0,1000000000.0,1000000000.0,1000000000.0,1000000000.0,1000000000.0,1000000000.0,1000000000.0,1000000000.0,1000000000.0,1000000000.0,1000000000.0,1000000000.0,1000000000.0,1000000000.0,1000000000.0,1000000000.0,1000000000.0,0.22174582994832595,1.4818618859201855,0.37163082882291976,5.363586053006386e-08,3.0445541034279302e-05,0.09285649142380409,0.00113211988085407,0.005519767297879591,0.30476028647263875,-0.027391504489947004,-0.4079094599097801,-0.010108883201255171,154435.7200132268,102967.00878387393,124387.96042890934,125528.22857228175,0.015,16.104260735643756,20.0,0.9999999971575539,0.005558926932112458,0.002085155763514953,0.012554986750115169,0.642878553629433,-1.0
high_damping,wide_0p5_20_hz,causal_low_pass,tls,True,True,20,0.0,1.0,0.08714729247953079,0.08612871792335208,0.09668475301520366,0.10035798130484484,-0.13517307839335024,0.13416731910623456,0.16047594633263396,0.17368648508085102,-1.0554177450691031,1.0532259766576815,1.068349345747494,1.070289499552296,1000000000.0,1000000000.0,1000000000.0,1000000000.0,1000000000.0,1000000000.0,1000000000.0,1000000000.0,1000000000.0,1000000000.0,1000000000.0,1000000000.0,1000000000.0,1000000000.0,1000000000.0,1000000000.0,1000000000.0,1000000000.0,1000000000.0,1000000000.0,1000000000.0,1000000000.0,1000000000.0,1000000000.0,0.23024414794333767,1.4818618859201855,0.37163082882291976,5.363586053006386e-08,3.0445541034279302e-05,0.09285649142380409,0.00113211988085407,0.005519767297879591,0.30476028647263875,-0.027391504489947004,-0.4079094599097801,-0.010108883201255171,154435.7200132268,102967.00878387393,124387.96042890934,125528.22857228175,0.015,16.104260735643756,20.0,0.9999999971575539,0.005558926932112458,0.002085155763514953,0.012554986750115169,0.642878553629433,-1.0
high_damping,wide_0p5_20_hz,causal_low_pass,iv,True,True,20,0.0,0.0,0.3997172360171999,0.32067482319487883,1.0106111542187246,1.0222788457069696,-0.15556403986053896,0.145440934984305,0.2512811133638865,0.2553359056120766,0.2108772010905735,0.17140240891645675,0.39416048467275966,0.43296313798518327,0.06298863173578786,0.07188799175377274,0.1854914385122295,0.20717162176061268,-0.3197921842219028,0.3508691493486663,0.5305586086313377,0.5367993657183773,-0.16492359663094763,0.1463213784761127,0.2826939685469456,0.3021453424084243,1000000000.0,1000000000.0,1000000000.0,1000000000.0,1000000000.0,1000000000.0,1000000000.0,1000000000.0,1000000000.0,1000000000.0,1000000000.0,1000000000.0,1.0087245202177366,1.4818618859201855,0.37163082882291976,5.363586053006386e-08,3.0445541034279302e-05,0.09285649142380409,0.00113211988085407,0.005519767297879591,0.30476028647263875,-0.027391504489947004,-0.4079094599097801,-0.010108883201255171,154435.7200132268,102967.00878387393,124387.96042890934,125528.22857228175,0.015,16.104260735643756,20.0,0.9999999971575539,0.005558926932112458,0.002085155763514953,0.012554986750115169,0.642878553629433,0.016405311799380255
high_damping,wide_0p5_20_hz,causal_polynomial,ols,True,True,20,0.0,0.0,-0.08038537948798931,0.08127599010174748,0.08543932609925874,0.08597740329044086,-1.1934987361357616,1.1993154145402474,1.215485862224318,1.2216257011389327,-0.6872470502827953,0.6844785372622328,0.7388243600363722,0.7468527731922396,0.7243528729353942,0.7042755263755234,0.8747187178688665,0.9044724486692627,-1.3621170173616477,1.3677381844004386,1.4109327219527468,1.4462920420908547,2.2456468484283767,2.1698471740266836,2.829037145352086,2.950270412242748,-0.6511379237254462,0.6479462239425566,0.6689105386132832,0.6701185328311171,-2.903623337509695,2.881873883981274,2.990396965287425,3.0240066957737004,-0.9504867606985037,0.9489735361047558,0.9606841334712186,0.9614937308087974,0.5167848887874026,3.241448245517672,0.8254348916326886,5.363586053006386e-08,3.0445541034279302e-05,0.09285649142380409,0.00113211988085407,0.005519767297879591,0.30476028647263875,-0.027391504489947004,-0.4079094599097801,-0.010108883201255171,154435.7200132268,102967.00878387393,124387.96042890934,125528.22857228175,0.035,31.85420881757568,92.0,0.9999999971575539,0.005558926932112458,0.002085155763514953,0.012554986750115169,0.642878553629433,-1.0
high_damping,wide_0p5_20_hz,causal_polynomial,tls,True,True,20,0.0,0.0,1.444468457501343,1.438339655038981,1.6033870026123265,1.6854723860786858,-11.32203360053684,11.026076667748285,12.443407533892213,13.429819584697748,11.883403187765575,11.513533945103081,13.398470242788186,14.563313131246225,-0.5637675737434498,0.5610402217357364,0.5780436060776027,0.5846068622404472,-2.8373124913798753,2.821039960667829,2.9115487947941943,2.9226642529778943,-0.9218297719524934,0.9200855602106316,0.9305259495168069,0.9357463291031319,-0.6511379237254462,0.6479462239425566,0.6689105386132832,0.6701185328311171,-2.903623337509695,2.881873883981274,2.990396965287425,3.0240066957737004,-0.9504867606985037,0.9489735361047558,0.9606841334712186,0.9614937308087974,2.7175502117916484,3.241448245517672,0.8254348916326886,5.363586053006386e-08,3.0445541034279302e-05,0.09285649142380409,0.00113211988085407,0.005519767297879591,0.30476028647263875,-0.027391504489947004,-0.4079094599097801,-0.010108883201255171,154435.7200132268,102967.00878387393,124387.96042890934,125528.22857228175,0.035,31.85420881757568,92.0,0.9999999971575539,0.005558926932112458,0.002085155763514953,0.012554986750115169,0.642878553629433,-1.0
high_damping,wide_0p5_20_hz,causal_polynomial,iv,True,True,20,0.0,1.0,-7.427534979638173,7.489396188325411,7.847550081389116,7.96458522283175,-0.020512403174907774,0.04226170583013478,0.12600435296062049,0.17263293908521718,-2.1176246816489095,2.129304654455588,2.2832308143195603,2.3502053560580336,1000000000.0,1000000000.0,1000000000.0,1000000000.0,1000000000.0,1000000000.0,1000000000.0,1000000000.0,1000000000.0,1000000000.0,1000000000.0,1000000000.0,-0.6511379237254462,0.6479462239425566,0.6689105386132832,0.6701185328311171,-2.903623337509695,2.881873883981274,2.990396965287425,3.0240066957737004,-0.9504867606985037,0.9489735361047558,0.9606841334712186,0.9614937308087974,2.5460078667896937,3.241448245517672,0.8254348916326886,5.363586053006386e-08,3.0445541034279302e-05,0.09285649142380409,0.00113211988085407,0.005519767297879591,0.30476028647263875,-0.027391504489947004,-0.4079094599097801,-0.010108883201255171,154435.7200132268,102967.00878387393,124387.96042890934,125528.22857228175,0.035,31.85420881757568,92.0,0.9999999971575539,0.005558926932112458,0.002085155763514953,0.012554986750115169,0.642878553629433,0.024528233440892472
high_damping,wide_0p5_20_hz,alpha_beta_gamma,ols,True,True,20,0.0,0.0,-0.023066327926408347,0.023449229108665103,0.029013508694365017,0.030655140493924666,-0.8869741542549804,0.8895608456179258,0.9043184479411315,0.9043974834503484,-0.6640129097000147,0.6646276259658155,0.6905145510108149,0.6963418906112837,0.7069729627007135,0.7075941758608557,0.7765800037669589,0.7953059396738537,-0.8023291952560726,0.8102254415809031,0.8319727776173913,0.840687251150343,1.9845924176887866,1.9817643476945865,2.2312310718023984,2.2931773237114124,-0.5404361564832694,0.5378084999045483,0.557523542637629,0.5600931432063408,-1.7034771864988745,1.7027556850671233,1.7415440157352913,1.7457594909161889,-0.8484146098076547,0.8472458641277196,0.8640529182861181,0.8653760058517683,0.2543866530817639,2.125325551727421,0.6331383760059446,5.363586053006386e-08,3.0445541034279302e-05,0.09285649142380409,0.00113211988085407,0.005519767297879591,0.30476028647263875,-0.027391504489947004,-0.4079094599097801,-0.010108883201255171,154435.7200132268,102967.00878387393,124387.96042890934,125528.22857228175,0.04,39.30976937757255,24.0,0.9999999971575539,0.005558926932112458,0.002085155763514953,0.012554986750115169,0.642878553629433,-1.0
high_damping,wide_0p5_20_hz,alpha_beta_gamma,tls,True,True,20,0.0,0.0,0.22905071591992368,0.22838115141944598,0.241285540532234,0.24213943251722944,-0.987266022166134,0.9933464382083736,1.0195016166967525,1.0245400433066152,-0.4254386658825995,0.42174228184357443,0.4746508244912596,0.48515271768888524,0.4642727815798343,0.46013717449462366,0.5287595596428368,0.546173039149226,-0.984145917079335,0.992196373607459,1.0228172738040542,1.0276799699973127,0.7459164319251468,0.7293352574614023,0.903536705335903,0.942323547889905,-0.5404361564832694,0.5378084999045483,0.557523542637629,0.5600931432063408,-1.7034771864988745,1.7027556850671233,1.7415440157352913,1.7457594909161889,-0.8484146098076547,0.8472458641277196,0.8640529182861181,0.8653760058517683,0.26976333655858953,2.125325551727421,0.6331383760059446,5.363586053006386e-08,3.0445541034279302e-05,0.09285649142380409,0.00113211988085407,0.005519767297879591,0.30476028647263875,-0.027391504489947004,-0.4079094599097801,-0.010108883201255171,154435.7200132268,102967.00878387393,124387.96042890934,125528.22857228175,0.04,39.30976937757255,24.0,0.9999999971575539,0.005558926932112458,0.002085155763514953,0.012554986750115169,0.642878553629433,-1.0
high_damping,wide_0p5_20_hz,alpha_beta_gamma,iv,True,True,20,0.0,1.0,-4.825064146136105,4.794962377364847,5.3211690019214295,5.4151167167241985,0.00972416041909824,0.044301023842089574,0.12614746762532372,0.1388483062620064,-1.9997150909454475,2.002142608925972,2.180119809567561,2.197424615735308,1000000000.0,1000000000.0,1000000000.0,1000000000.0,1000000000.0,1000000000.0,1000000000.0,1000000000.0,1000000000.0,1000000000.0,1000000000.0,1000000000.0,-0.5404361564832694,0.5378084999045483,0.557523542637629,0.5600931432063408,-1.7034771864988745,1.7027556850671233,1.7415440157352913,1.7457594909161889,-0.8484146098076547,0.8472458641277196,0.8640529182861181,0.8653760058517683,1.6285848979002275,2.125325551727421,0.6331383760059446,5.363586053006386e-08,3.0445541034279302e-05,0.09285649142380409,0.00113211988085407,0.005519767297879591,0.30476028647263875,-0.027391504489947004,-0.4079094599097801,-0.010108883201255171,154435.7200132268,102967.00878387393,124387.96042890934,125528.22857228175,0.04,39.30976937757255,24.0,0.9999999971575539,0.005558926932112458,0.002085155763514953,0.012554986750115169,0.642878553629433,0.02914274204850742
high_damping,wide_0p5_20_hz,centered_savitzky_golay,ols,False,True,20,0.0,0.0,0.012681692469858955,0.012733040903687064,0.021077331485812548,0.021751741321777256,-0.07321370015477381,0.07458759755428965,0.09448891471440046,0.09932551455413162,0.3375056259255878,0.32966806578263785,0.4211273640941162,0.44759006446071226,-0.12946009717068244,0.12772390968048117,0.15310086247220292,0.16040994888360702,-0.20329124174595292,0.20596332062224781,0.23079246527142816,0.23944757504072084,-0.25137153255163874,0.24793165094660563,0.2963206826929388,0.3091966955627443,-0.20917265500941604,0.20724967934845562,0.22350553880175758,0.2410471328202904,-0.2842457618523201,0.2823454163292467,0.30709096520907947,0.3201137359668075,-0.3920479797569792,0.38821733782830314,0.41871893744543753,0.4454614463037281,0.06754520964888736,1.1902248115493808,0.16722629449452847,5.363586053006386e-08,3.0445541034279302e-05,0.09285649142380409,0.00113211988085407,0.005519767297879591,0.30476028647263875,-0.027391504489947004,-0.4079094599097801,-0.010108883201255171,154435.7200132268,102967.00878387393,124387.96042890934,125528.22857228175,0.0,47.06947881100554,92.0,0.9999999971575539,0.005558926932112458,0.002085155763514953,0.012554986750115169,0.642878553629433,-1.0
high_damping,wide_0p5_20_hz,centered_savitzky_golay,tls,False,True,20,0.0,0.0,0.026668834872824836,0.026714398357880212,0.03567374187315352,0.03679862117263307,-0.06152353890591754,0.06202560750438828,0.08033646279461719,0.08687856566085586,0.3629084508255894,0.35508665140982176,0.4475283539876203,0.4792998164875677,-0.13168158562708104,0.1302456339352194,0.15480468277679313,0.16281950038550652,-0.20625167573663755,0.20913274169715126,0.23352142435006418,0.24260608283766422,-0.26533585882504734,0.2620336089578013,0.30915008569298,0.3240045129090948,-0.20917265500941604,0.20724967934845562,0.22350553880175758,0.2410471328202904,-0.2842457618523201,0.2823454163292467,0.30709096520907947,0.3201137359668075,-0.3920479797569792,0.38821733782830314,0.41871893744543753,0.4454614463037281,0.06778711976460103,1.1902248115493808,0.16722629449452847,5.363586053006386e-08,3.0445541034279302e-05,0.09285649142380409,0.00113211988085407,0.005519767297879591,0.30476028647263875,-0.027391504489947004,-0.4079094599097801,-0.010108883201255171,154435.7200132268,102967.00878387393,124387.96042890934,125528.22857228175,0.0,47.06947881100554,92.0,0.9999999971575539,0.005558926932112458,0.002085155763514953,0.012554986750115169,0.642878553629433,-1.0
high_damping,wide_0p5_20_hz,centered_savitzky_golay,iv,False,True,20,0.0,0.0,0.4622618835783491,0.4572242233263767,0.6810816847703112,0.723578135285281,-0.0824179452464514,0.0826894842577731,0.09961375423499796,0.11623306584822317,0.403099792663431,0.3984433809295638,0.5975842980093223,0.6217022238634939,0.020433465797859127,0.021163716241084634,0.048115603794094304,0.07136012667706229,-0.35557959450914833,0.3591421746231067,0.43972410838601017,0.45431373380099976,-0.2840530251701484,0.2849113045934505,0.3740475371396992,0.3833639830513209,-0.20917265500941604,0.20724967934845562,0.22350553880175758,0.2410471328202904,-0.2842457618523201,0.2823454163292467,0.30709096520907947,0.3201137359668075,-0.3920479797569792,0.38821733782830314,0.41871893744543753,0.4454614463037281,0.16301526607817818,1.1902248115493808,0.16722629449452847,5.363586053006386e-08,3.0445541034279302e-05,0.09285649142380409,0.00113211988085407,0.005519767297879591,0.30476028647263875,-0.027391504489947004,-0.4079094599097801,-0.010108883201255171,154435.7200132268,102967.00878387393,124387.96042890934,125528.22857228175,0.0,47.06947881100554,92.0,0.9999999971575539,0.005558926932112458,0.002085155763514953,0.012554986750115169,0.642878553629433,0.020809740567704578
low_effective_mass,low_0p25_2_hz,backward_difference,ols,True,True,20,0.0,1.0,-0.018077530654689845,0.018514578528383178,0.021026155995004948,0.021057253090553636,-0.32154949969432056,0.32484088667739996,0.3444678902218552,0.36344573863489976,-1.0939924585539398,1.0941772934885265,1.0979527294541267,1.098611751564035,1000000000.0,1000000000.0,1000000000.0,1000000000.0,1000000000.0,1000000000.0,1000000000.0,1000000000.0,1000000000.0,1000000000.0,1000000000.0,1000000000.0,1000000000.0,1000000000.0,1000000000.0,1000000000.0,1000000000.0,1000000000.0,1000000000.0,1000000000.0,1000000000.0,1000000000.0,1000000000.0,1000000000.0,0.05546529830347441,2.185975784914676,0.6535973962787895,1.7473015347503668e-06,0.00015232434354509644,0.06966976057749383,0.0018163709662707887,0.012342023792564426,0.2642465691391952,-0.0009293449631692019,-0.44891353662719624,0.09195408569205905,366592.2204590771,5102.418864317069,854.7927169770637,11693.37978158858,0.005,0.0,8.0,0.9999990561676864,0.012793602627475628,0.003432852045859272,0.043541048265398626,1.2144681582479746,-1.0
low_effective_mass,low_0p25_2_hz,backward_difference,tls,True,True,20,0.0,1.0,-0.012935515422065247,0.012883995976627035,0.016049976045118722,0.01617790315580142,-0.31368446881551765,0.31806856092697844,0.335188509109702,0.3547419035030144,-1.0954554945480535,1.0956994100826685,1.09929173113213,1.1000163607755504,1000000000.0,1000000000.0,1000000000.0,1000000000.0,1000000000.0,1000000000.0,1000000000.0,1000000000.0,1000000000.0,1000000000.0,1000000000.0,1000000000.0,1000000000.0,1000000000.0,1000000000.0,1000000000.0,1000000000.0,1000000000.0,1000000000.0,1000000000.0,1000000000.0,1000000000.0,1000000000.0,1000000000.0,0.055539500396462646,2.185975784914676,0.6535973962787895,1.7473015347503668e-06,0.00015232434354509644,0.06966976057749383,0.0018163709662707887,0.012342023792564426,0.2642465691391952,-0.0009293449631692019,-0.44891353662719624,0.09195408569205905,366592.2204590771,5102.418864317069,854.7927169770637,11693.37978158858,0.005,0.0,8.0,0.9999990561676864,0.012793602627475628,0.003432852045859272,0.043541048265398626,1.2144681582479746,-1.0
low_effective_mass,low_0p25_2_hz,backward_difference,iv,True,True,20,0.0,0.0,-0.0019690051114522097,0.0017353546765044334,0.007686989992453109,0.011866580802724798,-0.032658468974479306,0.02894664401823279,0.08421457401874756,0.10144667748555528,0.07683654350790499,0.061451419168095656,0.22339376590916823,0.26975316804807997,-0.034630045545621733,0.03023407190260622,0.0958493716346095,0.11252299827975043,-0.06498683957739511,0.07966738513057639,0.10960562903102047,0.11249443491450994,-0.06439742442573124,0.05789348351870771,0.1825420473701453,0.21244535933133868,1000000000.0,1000000000.0,1000000000.0,1000000000.0,1000000000.0,1000000000.0,1000000000.0,1000000000.0,1000000000.0,1000000000.0,1000000000.0,1000000000.0,0.5889426573831155,2.185975784914676,0.6535973962787895,1.7473015347503668e-06,0.00015232434354509644,0.06966976057749383,0.0018163709662707887,0.012342023792564426,0.2642465691391952,-0.0009293449631692019,-0.44891353662719624,0.09195408569205905,366592.2204590771,5102.418864317069,854.7927169770637,11693.37978158858,0.005,0.0,8.0,0.9999990561676864,0.012793602627475628,0.003432852045859272,0.043541048265398626,1.2144681582479746,0.0029536308608311998
low_effective_mass,low_0p25_2_hz,causal_low_pass,ols,True,True,20,0.0,1.0,-0.015615373412668731,0.015922750314802843,0.018447442826697493,0.018604174567107824,-0.02806427035108116,0.02222869894221464,0.049789571352153214,0.05092968859714695,-1.0473321950187444,1.0502577313720298,1.0592392678010176,1.063708419726165,1000000000.0,1000000000.0,1000000000.0,1000000000.0,1000000000.0,1000000000.0,1000000000.0,1000000000.0,1000000000.0,1000000000.0,1000000000.0,1000000000.0,1000000000.0,1000000000.0,1000000000.0,1000000000.0,1000000000.0,1000000000.0,1000000000.0,1000000000.0,1000000000.0,1000000000.0,1000000000.0,1000000000.0,0.028009566401165246,1.2255643606487463,0.17877770465089482,1.7473015347503668e-06,0.00015232434354509644,0.06966976057749383,0.0018163709662707887,0.012342023792564426,0.2642465691391952,-0.0009293449631692019,-0.44891353662719624,0.09195408569205905,366592.2204590771,5102.418864317069,854.7927169770637,11693.37978158858,0.015,16.10426073564376,20.0,0.9999990561676864,0.012793602627475628,0.003432852045859272,0.043541048265398626,1.2144681582479746,-1.0
low_effective_mass,low_0p25_2_hz,causal_low_pass,tls,True,True,20,0.0,1.0,-0.014268042720920887,0.014447960836594973,0.017064077141636717,0.017341862308789473,-0.027064624833346672,0.021182548291081994,0.048893365750298214,0.050067139641926064,-1.0466943281110739,1.0496666590322574,1.0587249938136776,1.0632260577156043,1000000000.0,1000000000.0,1000000000.0,1000000000.0,1000000000.0,1000000000.0,1000000000.0,1000000000.0,1000000000.0,1000000000.0,1000000000.0,1000000000.0,1000000000.0,1000000000.0,1000000000.0,1000000000.0,1000000000.0,1000000000.0,1000000000.0,1000000000.0,1000000000.0,1000000000.0,1000000000.0,1000000000.0,0.02801907519923412,1.2255643606487463,0.17877770465089482,1.7473015347503668e-06,0.00015232434354509644,0.06966976057749383,0.0018163709662707887,0.012342023792564426,0.2642465691391952,-0.0009293449631692019,-0.44891353662719624,0.09195408569205905,366592.2204590771,5102.418864317069,854.7927169770637,11693.37978158858,0.015,16.10426073564376,20.0,0.9999990561676864,0.012793602627475628,0.003432852045859272,0.043541048265398626,1.2144681582479746,-1.0
low_effective_mass,low_0p25_2_hz,causal_low_pass,iv,True,True,20,0.0,0.0,-0.0005213645339979488,0.001738265635138608,0.007886918713124696,0.009565948711253327,-0.020918721650544165,0.01862780539421962,0.045616691013094214,0.050544743508970494,0.12917578012152647,0.1411685667098403,0.18969176227216875,0.21763353089344933,-0.05826671534873158,0.06427023683829992,0.08226755573726985,0.091603810918929,-0.07755689675383237,0.07804916163513552,0.11562936411079314,0.11939536407785079,-0.11200692240370476,0.12366627442268578,0.15942226957453529,0.17873483718353161,1000000000.0,1000000000.0,1000000000.0,1000000000.0,1000000000.0,1000000000.0,1000000000.0,1000000000.0,1000000000.0,1000000000.0,1000000000.0,1000000000.0,0.09786949961409316,1.2255643606487463,0.17877770465089482,1.7473015347503668e-06,0.00015232434354509644,0.06966976057749383,0.0018163709662707887,0.012342023792564426,0.2642465691391952,-0.0009293449631692019,-0.44891353662719624,0.09195408569205905,366592.2204590771,5102.418864317069,854.7927169770637,11693.37978158858,0.015,16.10426073564376,20.0,0.9999990561676864,0.012793602627475628,0.003432852045859272,0.043541048265398626,1.2144681582479746,0.06669715360376849
low_effective_mass,low_0p25_2_hz,causal_polynomial,ols,True,True,20,0.0,0.55,-0.01512897259291375,0.015703617544301853,0.017995645744440028,0.018063791815007828,-0.2191724075374796,0.21994121823396018,0.24087382693857862,0.24355010206497169,-1.0043914042309052,1.0115074772837764,1.0832180574120884,1.0900093352369158,11.354460923761915,4.511060972181687,33.76197132629592,34.84677800153968,8.860205413063303,3.241834934322878,26.651381491425422,27.095683562957138,304.3685262023914,29.788918844337974,1226.3208113899118,1300.4860519343965,-0.8310051037167128,0.8323966052694882,0.8743403095686505,0.8743951391131576,-2.504188808065384,2.5415894769942717,2.9727514815713847,2.9858713327706847,-0.9852404931684006,0.98710145029468,0.9996727686543143,0.9996895933621358,0.05021204384437344,1.8009254900867193,0.4917886729164662,1.7473015347503668e-06,0.00015232434354509644,0.06966976057749383,0.0018163709662707887,0.012342023792564426,0.2642465691391952,-0.0009293449631692019,-0.44891353662719624,0.09195408569205905,366592.2204590771,5102.418864317069,854.7927169770637,11693.37978158858,0.03,31.854208817575678,92.0,0.9999990561676864,0.012793602627475628,0.003432852045859272,0.043541048265398626,1.2144681582479746,-1.0
low_effective_mass,low_0p25_2_hz,causal_polynomial,tls,True,True,20,0.0,0.45,-0.010592826321548348,0.01102235092919841,0.01343170213303346,0.013499421596088345,-0.21981534928904128,0.2206351592592823,0.2417223415409796,0.24447762283755575,-0.989064939031261,0.9965184270530582,1.0669329752661565,1.0742661249542158,6.367280681634811,4.5352963777125215,16.093180324414448,17.769015676674318,4.792129762124836,3.4920061909863396,12.316811973251266,13.534286055324918,78.29422909071741,30.058781575870864,297.634400838356,356.00213734439166,-0.8310051037167128,0.8323966052694882,0.8743403095686505,0.8743951391131576,-2.504188808065384,2.5415894769942717,2.9727514815713847,2.9858713327706847,-0.9852404931684006,0.98710145029468,0.9996727686543143,0.9996895933621358,0.05026847759548651,1.8009254900867193,0.4917886729164662,1.7473015347503668e-06,0.00015232434354509644,0.06966976057749383,0.0018163709662707887,0.012342023792564426,0.2642465691391952,-0.0009293449631692019,-0.44891353662719624,0.09195408569205905,366592.2204590771,5102.418864317069,854.7927169770637,11693.37978158858,0.03,31.854208817575678,92.0,0.9999990561676864,0.012793602627475628,0.003432852045859272,0.043541048265398626,1.2144681582479746,-1.0
low_effective_mass,low_0p25_2_hz,causal_polynomial,iv,True,True,20,0.0,0.0,-0.025571946897972552,0.024735048861266574,0.032572662046425255,0.033235579728518205,-0.17628007864048373,0.17552335618929105,0.19679660383349618,0.1976693920452936,-0.7940645641260018,0.7899472465197102,0.8820268527902689,0.9613817489166667,1.3231211092229054,1.15345519285784,1.9366284027673952,4.005191613670468,0.9677582251959841,0.832610713742017,1.5382161982815363,3.328078145463939,5.0163209948488445,3.763601905496522,8.072065355463824,24.89449216232312,-0.8310051037167128,0.8323966052694882,0.8743403095686505,0.8743951391131576,-2.504188808065384,2.5415894769942717,2.9727514815713847,2.9858713327706847,-0.9852404931684006,0.98710145029468,0.9996727686543143,0.9996895933621358,0.052137217876627756,1.8009254900867193,0.4917886729164662,1.7473015347503668e-06,0.00015232434354509644,0.06966976057749383,0.0018163709662707887,0.012342023792564426,0.2642465691391952,-0.0009293449631692019,-0.44891353662719624,0.09195408569205905,366592.2204590771,5102.418864317069,854.7927169770637,11693.37978158858,0.03,31.854208817575678,92.0,0.9999990561676864,0.012793602627475628,0.003432852045859272,0.043541048265398626,1.2144681582479746,0.5297409176514987
low_effective_mass,low_0p25_2_hz,alpha_beta_gamma,ols,True,True,20,0.0,0.0,-0.007325983125020684,0.007490571117184477,0.010343563778359084,0.010383411902343482,-1.1574262091728944,1.1552073262206815,1.1846965536479457,1.1915850179305048,-0.31252540820903596,0.31801436841702807,0.35219284591280997,0.3576035443772921,0.2024162366221845,0.20512282846437419,0.2371503032766492,0.24235745859903687,-1.1904072224622708,1.1891296735056245,1.2156513128538902,1.2202302534779579,0.45710518807881134,0.466333418534875,0.5436749882145122,0.5566711043426423,-0.40479818543997464,0.4064449903156501,0.4264065549800809,0.4290775967915801,-1.313205437332282,1.3114351453237951,1.3268754174883837,1.3350011122699972,-0.6536156853354252,0.6562975925805833,0.6795457047434241,0.6832943579771484,0.030162700148005275,1.7614993210302767,0.46084955776809305,1.7473015347503668e-06,0.00015232434354509644,0.06966976057749383,0.0018163709662707887,0.012342023792564426,0.2642465691391952,-0.0009293449631692019,-0.44891353662719624,0.09195408569205905,366592.2204590771,5102.418864317069,854.7927169770637,11693.37978158858,0.04,39.30976937757254,24.0,0.9999990561676864,0.012793602627475628,0.003432852045859272,0.043541048265398626,1.2144681582479746,-1.0
low_effective_mass,low_0p25_2_hz,alpha_beta_gamma,tls,True,True,20,0.0,0.0,-0.005597516812282786,0.005582412590619867,0.008606267511880181,0.008719094152654823,-1.1602575469742225,1.1581336039162142,1.1874016655571344,1.194511378015559,-0.2999082263450414,0.30539603411044486,0.33970166697378895,0.3444650981611895,0.19253820421170134,0.19491948720474062,0.2264331163154997,0.23098039200690865,-1.1919146207018685,1.1906597051755516,1.21687933763986,1.2215811753930865,0.4307477374661537,0.43968932857494436,0.5144711230149784,0.5254717898237704,-0.40479818543997464,0.4064449903156501,0.4264065549800809,0.4290775967915801,-1.313205437332282,1.3114351453237951,1.3268754174883837,1.3350011122699972,-0.6536156853354252,0.6562975925805833,0.6795457047434241,0.6832943579771484,0.03017613827312355,1.7614993210302767,0.46084955776809305,1.7473015347503668e-06,0.00015232434354509644,0.06966976057749383,0.0018163709662707887,0.012342023792564426,0.2642465691391952,-0.0009293449631692019,-0.44891353662719624,0.09195408569205905,366592.2204590771,5102.418864317069,854.7927169770637,11693.37978158858,0.04,39.30976937757254,24.0,0.9999990561676864,0.012793602627475628,0.003432852045859272,0.043541048265398626,1.2144681582479746,-1.0
low_effective_mass,low_0p25_2_hz,alpha_beta_gamma,iv,True,True,20,0.0,0.0,-0.011922372309493206,0.011454463540466975,0.017892414792679678,0.020157700510144993,-1.1051605199127401,1.1028030793380215,1.1284211716463304,1.1366082144599539,-0.16393759874054972,0.1498793792471878,0.24617184467510494,0.26037037279012437,0.08843640791569639,0.07959640469742474,0.1463548298520405,0.1509883883184781,-1.1155992031967314,1.1114812942903531,1.1362724278800906,1.1454721520746352,0.20006646710538564,0.17633026405949115,0.3265875046226989,0.35202804648635605,-0.40479818543997464,0.4064449903156501,0.4264065549800809,0.4290775967915801,-1.313205437332282,1.3114351453237951,1.3268754174883837,1.3350011122699972,-0.6536156853354252,0.6562975925805833,0.6795457047434241,0.6832943579771484,0.031206218473544198,1.7614993210302767,0.46084955776809305,1.7473015347503668e-06,0.00015232434354509644,0.06966976057749383,0.0018163709662707887,0.012342023792564426,0.2642465691391952,-0.0009293449631692019,-0.44891353662719624,0.09195408569205905,366592.2204590771,5102.418864317069,854.7927169770637,11693.37978158858,0.04,39.30976937757254,24.0,0.9999990561676864,0.012793602627475628,0.003432852045859272,0.043541048265398626,1.2144681582479746,0.531835438993461
low_effective_mass,low_0p25_2_hz,centered_savitzky_golay,ols,False,True,20,0.0,0.0,0.0023349678346696974,0.002492146887210443,0.00522111684862002,0.007148918728752847,0.0023763839099879827,0.01123429738526278,0.021659920917959437,0.022602445871213028,0.22224711722088925,0.2042010240784728,0.28891923393287827,0.30493098872443086,-0.09404389778709792,0.08710767592401161,0.11696907848424361,0.1232340361227532,-0.09398998618570832,0.09378005599550747,0.12490740778434983,0.13330959894356598,-0.1809145594416617,0.1695736836019333,0.22414996886875949,0.2336759501914356,-0.16347968915906833,0.16531680546889935,0.1810825347681725,0.18279686905820572,-0.1700748462638351,0.17247701510100805,0.19562240468599676,0.20324453421769476,-0.3036573708111008,0.30596252346163644,0.33367063897684085,0.3360089780062349,0.008966093899757568,1.5030736728246987,0.37977318564808593,1.7473015347503668e-06,0.00015232434354509644,0.06966976057749383,0.0018163709662707887,0.012342023792564426,0.2642465691391952,-0.0009293449631692019,-0.44891353662719624,0.09195408569205905,366592.2204590771,5102.418864317069,854.7927169770637,11693.37978158858,0.0,47.06947881100554,92.0,0.9999990561676864,0.012793602627475628,0.003432852045859272,0.043541048265398626,1.2144681582479746,-1.0
low_effective_mass,low_0p25_2_hz,centered_savitzky_golay,tls,False,True,20,0.0,0.0,0.0024946314440623214,0.0026873429315102727,0.005379689380452629,0.007295026616806127,0.0024645048442331506,0.011254327367123375,0.021597445262796392,0.022696889152705957,0.2241296006341149,0.20655984008470218,0.2907863086903702,0.3068211557624301,-0.09466934230248529,0.0879093086486272,0.11753801119779986,0.12379806505207148,-0.09468035596259414,0.09445095098218265,0.1255759743632202,0.13397430981343778,-0.1821757257698531,0.17119727061853762,0.22527220738352513,0.2347843501075122,-0.16347968915906833,0.16531680546889935,0.1810825347681725,0.18279686905820572,-0.1700748462638351,0.17247701510100805,0.19562240468599676,0.20324453421769476,-0.3036573708111008,0.30596252346163644,0.33367063897684085,0.3360089780062349,0.008966461089850875,1.5030736728246987,0.37977318564808593,1.7473015347503668e-06,0.00015232434354509644,0.06966976057749383,0.0018163709662707887,0.012342023792564426,0.2642465691391952,-0.0009293449631692019,-0.44891353662719624,0.09195408569205905,366592.2204590771,5102.418864317069,854.7927169770637,11693.37978158858,0.0,47.06947881100554,92.0,0.9999990561676864,0.012793602627475628,0.003432852045859272,0.043541048265398626,1.2144681582479746,-1.0
low_effective_mass,low_0p25_2_hz,centered_savitzky_golay,iv,False,True,20,0.0,0.0,0.005101910487610979,0.00500859412146004,0.010070559264284488,0.010440173369485516,0.005370503095207003,0.013263174789731203,0.021532141805592177,0.02504398635740106,0.2637763036938598,0.27307279953168256,0.3343619911535857,0.3453175663229188,-0.10761118268065095,0.11056118143444532,0.1309824361273145,0.13351855367082016,-0.10731576187385905,0.10655605890460608,0.1412198423518094,0.1484239431786771,-0.20727307683937587,0.21449710532923233,0.25057553561694973,0.2566810803390876,-0.16347968915906833,0.16531680546889935,0.1810825347681725,0.18279686905820572,-0.1700748462638351,0.17247701510100805,0.19562240468599676,0.20324453421769476,-0.3036573708111008,0.30596252346163644,0.33367063897684085,0.3360089780062349,0.009220596264449966,1.5030736728246987,0.37977318564808593,1.7473015347503668e-06,0.00015232434354509644,0.06966976057749383,0.0018163709662707887,0.012342023792564426,0.2642465691391952,-0.0009293449631692019,-0.44891353662719624,0.09195408569205905,366592.2204590771,5102.418864317069,854.7927169770637,11693.37978158858,0.0,47.06947881100554,92.0,0.9999990561676864,0.012793602627475628,0.003432852045859272,0.043541048265398626,1.2144681582479746,0.5288993657109486
low_effective_mass,low_mid_0p5_5_hz,backward_difference,ols,True,True,20,0.0,1.0,-0.12808928770424616,0.12763682822060618,0.1314819005937518,0.13202019883350033,-0.11868951604532123,0.11992639201000274,0.12777217235621544,0.12802267536336737,-1.069548603244786,1.0690402767032694,1.0783743607768876,1.0803103268062166,1000000000.0,1000000000.0,1000000000.0,1000000000.0,1000000000.0,1000000000.0,1000000000.0,1000000000.0,1000000000.0,1000000000.0,1000000000.0,1000000000.0,1000000000.0,1000000000.0,1000000000.0,1000000000.0,1000000000.0,1000000000.0,1000000000.0,1000000000.0,1000000000.0,1000000000.0,1000000000.0,1000000000.0,0.13436842747980396,1.510245757814503,0.3749939574522565,2.0009659239415446e-06,0.0010576123559610231,1.4095014626687619,0.0018723697866409466,0.032521025342265045,1.187960125329637,0.000575608483139658,-0.6416371651664358,0.046990347960724446,316546.95297090214,35650.45663425343,14127.384283384461,54223.5979090354,0.005,0.0,8.0,1.0,0.03038558642007456,0.0036867473452574327,0.09887201296628943,3.7293287208873904,-1.0
low_effective_mass,low_mid_0p5_5_hz,backward_difference,tls,True,True,20,0.0,1.0,-0.100010105452582,0.09967817271234924,0.10346661866020548,0.1036867428263207,-0.09171414868095905,0.09272833514665324,0.1014258609616272,0.1021890060076693,-1.0719735643495019,1.0715468929753407,1.0820183727751258,1.0839206704821478,1000000000.0,1000000000.0,1000000000.0,1000000000.0,1000000000.0,1000000000.0,1000000000.0,1000000000.0,1000000000.0,1000000000.0,1000000000.0,1000000000.0,1000000000.0,1000000000.0,1000000000.0,1000000000.0,1000000000.0,1000000000.0,1000000000.0,1000000000.0,1000000000.0,1000000000.0,1000000000.0,1000000000.0,0.13540713946562166,1.510245757814503,0.3749939574522565,2.0009659239415446e-06,0.0010576123559610231,1.4095014626687619,0.0018723697866409466,0.032521025342265045,1.187960125329637,0.000575608483139658,-0.6416371651664358,0.046990347960724446,316546.95297090214,35650.45663425343,14127.384283384461,54223.5979090354,0.005,0.0,8.0,1.0,0.03038558642007456,0.0036867473452574327,0.09887201296628943,3.7293287208873904,-1.0
low_effective_mass,low_mid_0p5_5_hz,backward_difference,iv,True,True,20,0.0,0.0,-0.0018051719075539649,0.0030301340126321933,0.008557868241862535,0.008619674743019725,-0.13161048656095667,0.12889235208578825,0.14854609544542757,0.15701170125234737,0.1262627337554289,0.12611325925323408,0.15865784001305,0.16141277470658716,-0.05849073484043891,0.056972119659154795,0.07014182970029104,0.07151997124208352,-0.18091346919280357,0.17994506004911948,0.19890296103148605,0.20109425442345044,-0.11187387394818515,0.11198984913600069,0.13693217933159393,0.1389796790786683,1000000000.0,1000000000.0,1000000000.0,1000000000.0,1000000000.0,1000000000.0,1000000000.0,1000000000.0,1000000000.0,1000000000.0,1000000000.0,1000000000.0,0.6088051375669906,1.510245757814503,0.3749939574522565,2.0009659239415446e-06,0.0010576123559610231,1.4095014626687619,0.0018723697866409466,0.032521025342265045,1.187960125329637,0.000575608483139658,-0.6416371651664358,0.046990347960724446,316546.95297090214,35650.45663425343,14127.384283384461,54223.5979090354,0.005,0.0,8.0,1.0,0.03038558642007456,0.0036867473452574327,0.09887201296628943,3.7293287208873904,0.05528972347599709
low_effective_mass,low_mid_0p5_5_hz,causal_low_pass,ols,True,True,20,0.0,0.0,-0.050742627588621546,0.05070580511629544,0.05728011934034231,0.05741526391851494,-0.09292638250172042,0.094836029384739,0.10192513879563625,0.10573187615836002,-0.47161862226706264,0.4680925128420635,0.5195413195135967,0.5270529405123661,0.3420432477053543,0.33447701669317964,0.4022173720578779,0.4117374528039532,0.28276772106416853,0.26719163076657854,0.36134829835997573,0.37166276304385615,0.8992623246330844,0.8800319326815844,1.0813716120745163,1.1144015592006167,-0.12680061586207686,0.12715526099424024,0.13451130893977056,0.1396399969622429,-0.3059795155266188,0.30702039618004195,0.31805420671844237,0.3222677989294251,-0.25036875641476836,0.2503966064925358,0.2637314127910943,0.27433899268943734,0.07147003832662074,1.5334909600580335,0.385036065580871,2.0009659239415446e-06,0.0010576123559610231,1.4095014626687619,0.0018723697866409466,0.032521025342265045,1.187960125329637,0.000575608483139658,-0.6416371651664358,0.046990347960724446,316546.95297090214,35650.45663425343,14127.384283384461,54223.5979090354,0.015,16.104260735643763,20.0,1.0,0.03038558642007456,0.0036867473452574327,0.09887201296628943,3.7293287208873904,-1.0
low_effective_mass,low_mid_0p5_5_hz,causal_low_pass,tls,True,True,20,0.0,0.0,-0.04020142605982376,0.040064111399667014,0.046251992882199396,0.04647763026388513,-0.08934821163081566,0.09145760730688349,0.09880199899864203,0.10226411137661592,-0.44935641479619887,0.44566615098184525,0.49728932791969555,0.5053899872065085,0.3218102561599855,0.314456866351952,0.37895819281986937,0.3884619769934432,0.25446538947103525,0.23921433176309237,0.3296450496506916,0.3394453269921449,0.8220583519681209,0.8039763954849517,0.98924338370515,1.0217948972608402,-0.12680061586207686,0.12715526099424024,0.13451130893977056,0.1396399969622429,-0.3059795155266188,0.30702039618004195,0.31805420671844237,0.3222677989294251,-0.25036875641476836,0.2503966064925358,0.2637314127910943,0.27433899268943734,0.07167520824704599,1.5334909600580335,0.385036065580871,2.0009659239415446e-06,0.0010576123559610231,1.4095014626687619,0.0018723697866409466,0.032521025342265045,1.187960125329637,0.000575608483139658,-0.6416371651664358,0.046990347960724446,316546.95297090214,35650.45663425343,14127.384283384461,54223.5979090354,0.015,16.104260735643763,20.0,1.0,0.03038558642007456,0.0036867473452574327,0.09887201296628943,3.7293287208873904,-1.0
low_effective_mass,low_mid_0p5_5_hz,causal_low_pass,iv,True,True,20,0.0,0.0,-0.00049822810377601,0.002750065142489196,0.005752181923984305,0.0061830693841801575,-0.1127874547686279,0.11420345914847223,0.12019061133273022,0.12373821901443324,0.1330751484375487,0.1365077529737499,0.14345484660529803,0.17662915142065388,-0.060743190837576864,0.06092728532916657,0.06564005508593339,0.07526200777472837,-0.16624205394779118,0.16836044698306785,0.17582248003350504,0.1867887413954188,-0.11730713925033731,0.12011155505415383,0.12541966950397052,0.15011454646299818,-0.12680061586207686,0.12715526099424024,0.13451130893977056,0.1396399969622429,-0.3059795155266188,0.30702039618004195,0.31805420671844237,0.3222677989294251,-0.25036875641476836,0.2503966064925358,0.2637314127910943,0.27433899268943734,0.09755575915215448,1.5334909600580335,0.385036065580871,2.0009659239415446e-06,0.0010576123559610231,1.4095014626687619,0.0018723697866409466,0.032521025342265045,1.187960125329637,0.000575608483139658,-0.6416371651664358,0.046990347960724446,316546.95297090214,35650.45663425343,14127.384283384461,54223.5979090354,0.015,16.104260735643763,20.0,1.0,0.03038558642007456,0.0036867473452574327,0.09887201296628943,3.7293287208873904,0.5384945795433567
low_effective_mass,low_mid_0p5_5_hz,causal_polynomial,ols,True,True,20,0.0,0.0,-0.08405271152223973,0.08317760783126307,0.08831224956049331,0.08959876966487078,-0.8436608732587183,0.8448844067603717,0.8534246366878903,0.8650658162238486,-0.4139076823885999,0.4137691819834119,0.42959624848745454,0.440555738392773,0.25026246509535943,0.25048540804197944,0.2654657375462726,0.2756690127765412,-0.7865207103919627,0.7881452379212827,0.8008780085878489,0.8202197911725214,0.7067704895332332,0.7058208595721436,0.7531788447939466,0.7874881710773127,-0.46894763529040373,0.4694378727127787,0.4728294003209196,0.4758190157722672,-1.923221943755832,1.9246462135107634,1.9404994457142348,1.9508379118138819,-0.7917370861477231,0.7923028737252981,0.7961125577420841,0.8000287492583326,0.17372324454021604,3.068945513450503,0.7930153216306037,2.0009659239415446e-06,0.0010576123559610231,1.4095014626687619,0.0018723697866409466,0.032521025342265045,1.187960125329637,0.000575608483139658,-0.6416371651664358,0.046990347960724446,316546.95297090214,35650.45663425343,14127.384283384461,54223.5979090354,0.03,31.85420881757568,92.0,1.0,0.03038558642007456,0.0036867473452574327,0.09887201296628943,3.7293287208873904,-1.0
low_effective_mass,low_mid_0p5_5_hz,causal_polynomial,tls,True,True,20,0.0,0.0,-0.007513141412691313,0.007490277225784514,0.011913008172609608,0.01292316734277089,-1.0080924855980122,1.0090271827661978,1.0224524683370426,1.0426870862323847,-0.15738140024227737,0.15866080209064903,0.1836300390275048,0.18761422518147539,0.08541230596045571,0.08696745636451284,0.10015596090647962,0.10228608332152274,-1.008724502113005,1.00992703910107,1.0243511825280367,1.0453198574524405,0.1871572187614671,0.1885815197315316,0.22493637346958642,0.23094228259152577,-0.46894763529040373,0.4694378727127787,0.4728294003209196,0.4758190157722672,-1.923221943755832,1.9246462135107634,1.9404994457142348,1.9508379118138819,-0.7917370861477231,0.7923028737252981,0.7961125577420841,0.8000287492583326,0.17819354029333584,3.068945513450503,0.7930153216306037,2.0009659239415446e-06,0.0010576123559610231,1.4095014626687619,0.0018723697866409466,0.032521025342265045,1.187960125329637,0.000575608483139658,-0.6416371651664358,0.046990347960724446,316546.95297090214,35650.45663425343,14127.384283384461,54223.5979090354,0.03,31.85420881757568,92.0,1.0,0.03038558642007456,0.0036867473452574327,0.09887201296628943,3.7293287208873904,-1.0
low_effective_mass,low_mid_0p5_5_hz,causal_polynomial,iv,True,True,20,0.0,0.0,-0.1528822512184162,0.15277932984622122,0.15802724327364467,0.15852858903802286,-0.7518929488911683,0.7546938637352505,0.7608985955351568,0.7722276118833387,-0.5005293630466573,0.500378013330617,0.5240747893479226,0.524307094202491,0.30257419574720346,0.30131705154209365,0.3300593421372191,0.33091310975095534,-0.6183605920693267,0.6211175670836302,0.6393829836945032,0.6582169311407698,1.0032752068053343,1.0015141273652395,1.1011704994054201,1.102196580635314,-0.46894763529040373,0.4694378727127787,0.4728294003209196,0.4758190157722672,-1.923221943755832,1.9246462135107634,1.9404994457142348,1.9508379118138819,-0.7917370861477231,0.7923028737252981,0.7961125577420841,0.8000287492583326,0.17728274244230716,3.068945513450503,0.7930153216306037,2.0009659239415446e-06,0.0010576123559610231,1.4095014626687619,0.0018723697866409466,0.032521025342265045,1.187960125329637,0.000575608483139658,-0.6416371651664358,0.046990347960724446,316546.95297090214,35650.45663425343,14127.384283384461,54223.5979090354,0.03,31.85420881757568,92.0,1.0,0.03038558642007456,0.0036867473452574327,0.09887201296628943,3.7293287208873904,0.5767166593331636
low_effective_mass,low_mid_0p5_5_hz,alpha_beta_gamma,ols,True,True,20,0.0,0.0,-0.05287260256154258,0.05216306794473695,0.05654854134081806,0.05717795955570125,-1.5419212900036114,1.5420725017233008,1.5493016059124491,1.5560261405673885,-0.08310438927259782,0.08422796435271579,0.09721868495341564,0.10784337850704345,0.016392305352666454,0.017040483232053906,0.022783212271889314,0.028002833463966804,-1.5815354796150898,1.5815261195881605,1.5887615657911023,1.589178243542198,0.09076653530288939,0.09197481593112071,0.1076961334435777,0.12087942398115673,-0.32377120274519494,0.3234485653950362,0.3275108862428859,0.32862526684472304,-1.7033244947922246,1.7040228062580618,1.7074931730669416,1.7079649590382002,-0.5747875058503624,0.5742675208590949,0.5794978557316531,0.5814965687073126,0.11383024314254882,2.5863807594008006,0.7072855906994665,2.0009659239415446e-06,0.0010576123559610231,1.4095014626687619,0.0018723697866409466,0.032521025342265045,1.187960125329637,0.000575608483139658,-0.6416371651664358,0.046990347960724446,316546.95297090214,35650.45663425343,14127.384283384461,54223.5979090354,0.04,39.309769377572565,24.0,1.0,0.03038558642007456,0.0036867473452574327,0.09887201296628943,3.7293287208873904,-1.0
low_effective_mass,low_mid_0p5_5_hz,alpha_beta_gamma,tls,True,True,20,0.0,0.0,-0.016777266287846294,0.016437462202458925,0.02012698760276058,0.020573092100884007,-1.6267119865698976,1.6275406308916858,1.6351267773437332,1.6441917350699875,0.05887605395842295,0.05774428442441422,0.07167448770490165,0.08922198140121657,-0.03635410866466859,0.03625893664864921,0.04226785525699585,0.04751072105421758,-1.6142163023283218,1.6146781477787084,1.6209863843101406,1.6215666363283228,-0.055509612547569386,0.0545919117546652,0.06686787182619922,0.08191349690394426,-0.32377120274519494,0.3234485653950362,0.3275108862428859,0.32862526684472304,-1.7033244947922246,1.7040228062580618,1.7074931730669416,1.7079649590382002,-0.5747875058503624,0.5742675208590949,0.5794978557316531,0.5814965687073126,0.11549354682640231,2.5863807594008006,0.7072855906994665,2.0009659239415446e-06,0.0010576123559610231,1.4095014626687619,0.0018723697866409466,0.032521025342265045,1.187960125329637,0.000575608483139658,-0.6416371651664358,0.046990347960724446,316546.95297090214,35650.45663425343,14127.384283384461,54223.5979090354,0.04,39.309769377572565,24.0,1.0,0.03038558642007456,0.0036867473452574327,0.09887201296628943,3.7293287208873904,-1.0
low_effective_mass,low_mid_0p5_5_hz,alpha_beta_gamma,iv,True,True,20,0.0,0.0,-0.0929052771730647,0.09276078534299767,0.09705119612626427,0.09771274581795922,-1.4489032256394216,1.450040315187825,1.457523836707764,1.463006567972339,-0.08167424079524803,0.08201341641556198,0.1058897030647517,0.10648213263963952,-0.006077463300112015,0.006741105699010215,0.01357748923390476,0.017830161918598143,-1.491843209083116,1.4933014946199408,1.4977107522790043,1.4996168012059041,0.08913258144217386,0.0893405396417089,0.11843027258371983,0.1191718000605965,-0.32377120274519494,0.3234485653950362,0.3275108862428859,0.32862526684472304,-1.7033244947922246,1.7040228062580618,1.7074931730669416,1.7079649590382002,-0.5747875058503624,0.5742675208590949,0.5794978557316531,0.5814965687073126,0.11744164732168907,2.5863807594008006,0.7072855906994665,2.0009659239415446e-06,0.0010576123559610231,1.4095014626687619,0.0018723697866409466,0.032521025342265045,1.187960125329637,0.000575608483139658,-0.6416371651664358,0.046990347960724446,316546.95297090214,35650.45663425343,14127.384283384461,54223.5979090354,0.04,39.309769377572565,24.0,1.0,0.03038558642007456,0.0036867473452574327,0.09887201296628943,3.7293287208873904,0.5970234170874957
low_effective_mass,low_mid_0p5_5_hz,centered_savitzky_golay,ols,False,True,20,0.0,0.0,0.013443325065773915,0.013596896044496133,0.016912545746844254,0.019448312386735816,-0.026351910056845486,0.027648517010166615,0.03376090854310055,0.03855181119705584,0.3920210753765469,0.38710100572695166,0.4251388081353586,0.44544345746952624,-0.1467093616354698,0.145757685505491,0.15632254966504366,0.16018804672124573,-0.1802042059878301,0.17910488859732182,0.19226806356232062,0.19840820533318315,-0.281520941097012,0.27907192582538864,0.298306567857268,0.3081707936534193,-0.16343916907646738,0.1627619711503691,0.17137394133086103,0.17497858175637382,-0.20078880232787513,0.20014104876656252,0.21364438407284544,0.2166614260990593,-0.31274525597874003,0.31173286017646723,0.3261315597422352,0.33532058239639395,0.017981557702510774,1.9368199768645713,0.5787205420141837,2.0009659239415446e-06,0.0010576123559610231,1.4095014626687619,0.0018723697866409466,0.032521025342265045,1.187960125329637,0.000575608483139658,-0.6416371651664358,0.046990347960724446,316546.95297090214,35650.45663425343,14127.384283384461,54223.5979090354,0.0,47.069478811005524,92.0,1.0,0.03038558642007456,0.0036867473452574327,0.09887201296628943,3.7293287208873904,-1.0
low_effective_mass,low_mid_0p5_5_hz,centered_savitzky_golay,tls,False,True,20,0.0,0.0,0.014299029721665186,0.014501995541844035,0.017637377400003585,0.020284208518936756,-0.025916059984185235,0.027233272587898406,0.033304182456628584,0.0380889243579718,0.3964042555231054,0.3915421725217717,0.42931648656579796,0.4497350373520123,-0.14769061693117905,0.14666238242252938,0.15722012498235363,0.16108827391102,-0.18147144630318573,0.1804839538140201,0.19360742982823254,0.19957787576838837,-0.2837777393826236,0.2813728308459239,0.3003574736888508,0.31021878189097774,-0.16343916907646738,0.1627619711503691,0.17137394133086103,0.17497858175637382,-0.20078880232787513,0.20014104876656252,0.21364438407284544,0.2166614260990593,-0.31274525597874003,0.31173286017646723,0.3261315597422352,0.33532058239639395,0.01798598914386322,1.9368199768645713,0.5787205420141837,2.0009659239415446e-06,0.0010576123559610231,1.4095014626687619,0.0018723697866409466,0.032521025342265045,1.187960125329637,0.000575608483139658,-0.6416371651664358,0.046990347960724446,316546.95297090214,35650.45663425343,14127.384283384461,54223.5979090354,0.0,47.069478811005524,92.0,1.0,0.03038558642007456,0.0036867473452574327,0.09887201296628943,3.7293287208873904,-1.0
low_effective_mass,low_mid_0p5_5_hz,centered_savitzky_golay,iv,False,True,20,0.0,0.0,0.03397805317171391,0.03358666483758782,0.039907326479406605,0.04267854499296997,-0.026660065457886163,0.027665066117373804,0.033873236412156955,0.038379773673584514,0.4767884948472373,0.4782596318420626,0.49473882849195894,0.5399444157189367,-0.1631973502403709,0.1637278834736436,0.16847923518032876,0.17714616797735339,-0.21224587180050655,0.21280320683275572,0.22424946519068867,0.23258742746059405,-0.32272383340294175,0.32352855807107933,0.3309554942902085,0.3506259123429848,-0.16343916907646738,0.1627619711503691,0.17137394133086103,0.17497858175637382,-0.20078880232787513,0.20014104876656252,0.21364438407284544,0.2166614260990593,-0.31274525597874003,0.31173286017646723,0.3261315597422352,0.33532058239639395,0.020156373112712542,1.9368199768645713,0.5787205420141837,2.0009659239415446e-06,0.0010576123559610231,1.4095014626687619,0.0018723697866409466,0.032521025342265045,1.187960125329637,0.000575608483139658,-0.6416371651664358,0.046990347960724446,316546.95297090214,35650.45663425343,14127.384283384461,54223.5979090354,0.0,47.069478811005524,92.0,1.0,0.03038558642007456,0.0036867473452574327,0.09887201296628943,3.7293287208873904,0.5617246348673369
low_effective_mass,baseline_0p5_10_hz,backward_difference,ols,True,True,20,0.0,0.0,-0.2833146829291387,0.28335113319383876,0.2918800725998671,0.2943128183212875,-0.18899824041697594,0.18851357083436265,0.19651994857665023,0.19675006980850326,-0.9088575432264744,0.9083307937610599,0.9376628452837239,0.9385026804467724,1.8477057862698856,1.794198127733118,2.3649454046965035,2.3942805548939896,2.2258978298880265,2.155002544498572,2.900330112884112,2.9106240407432464,10.45092321153903,9.90946065755422,15.041952526826927,15.260871323578149,-0.27469999339666984,0.2732913990206999,0.3157874108029041,0.31604985706351213,-1.3594459427560501,1.3366092670302434,1.5707097641200358,1.580410009971036,-0.6366869314073755,0.6347353004426846,0.7179303597343131,0.7223723066521807,0.2515692273492375,1.4882914285668774,0.29240239105444965,2.0233089002462505e-06,0.002826685516043432,7.0913147815154955,0.0018313326506025538,0.053166895710964675,2.663203299649121,-0.0010981055830577967,-0.7444775765649874,0.017607089773351133,275792.55679842434,95542.05907908948,64786.45715758959,119514.46077228944,0.005,0.0,8.0,0.9999985396147314,0.050371583013769164,0.00368401449002953,0.11521522256305224,8.900626970084193,-1.0
low_effective_mass,baseline_0p5_10_hz,backward_difference,tls,True,True,20,0.0,0.0,-0.17621050438552968,0.1761599742647902,0.1840152302050698,0.18747596339045874,-0.1111920502074663,0.11286693481664063,0.12177823160397268,0.1249660184585311,-0.8770005905780753,0.875285250661954,0.9147402575021688,0.9153621790508099,1.6256625168225707,1.5698279526579775,2.087445538856347,2.105887647798455,1.837162431886998,1.7629307387965698,2.437656253657647,2.4395140012494045,7.461653548273998,7.018427496904653,10.728897961215273,10.815048979112069,-0.27469999339666984,0.2732913990206999,0.3157874108029041,0.31604985706351213,-1.3594459427560501,1.3366092670302434,1.5707097641200358,1.580410009971036,-0.6366869314073755,0.6347353004426846,0.7179303597343131,0.7223723066521807,0.25956055163460034,1.4882914285668774,0.29240239105444965,2.0233089002462505e-06,0.002826685516043432,7.0913147815154955,0.0018313326506025538,0.053166895710964675,2.663203299649121,-0.0010981055830577967,-0.7444775765649874,0.017607089773351133,275792.55679842434,95542.05907908948,64786.45715758959,119514.46077228944,0.005,0.0,8.0,0.9999985396147314,0.050371583013769164,0.00368401449002953,0.11521522256305224,8.900626970084193,-1.0
low_effective_mass,baseline_0p5_10_hz,backward_difference,iv,True,True,20,0.0,0.0,-0.011709356527918591,0.01140548948246817,0.021428887103208675,0.02171748760944979,-0.24395704033203205,0.24533488372639123,0.24970596966921685,0.25057470804663645,0.10419145097508938,0.10561724754203444,0.11838767407656077,0.12895040122233054,-0.053908550992301595,0.054667627240750194,0.05815003511816699,0.05900739882153474,-0.2761967890016551,0.27719165799820156,0.2870728312133112,0.29028645365174016,-0.09425119697549461,0.09552785639253862,0.10585150719091566,0.11422149377219241,-0.27469999339666984,0.2732913990206999,0.3157874108029041,0.31604985706351213,-1.3594459427560501,1.3366092670302434,1.5707097641200358,1.580410009971036,-0.6366869314073755,0.6347353004426846,0.7179303597343131,0.7223723066521807,0.5971539497979267,1.4882914285668774,0.29240239105444965,2.0233089002462505e-06,0.002826685516043432,7.0913147815154955,0.0018313326506025538,0.053166895710964675,2.663203299649121,-0.0010981055830577967,-0.7444775765649874,0.017607089773351133,275792.55679842434,95542.05907908948,64786.45715758959,119514.46077228944,0.005,0.0,8.0,0.9999985396147314,0.050371583013769164,0.00368401449002953,0.11521522256305224,8.900626970084193,0.22400375191346333
low_effective_mass,baseline_0p5_10_hz,causal_low_pass,ols,True,True,20,0.0,0.0,-0.04608116959026773,0.04541660047025431,0.05329680635360608,0.055323917330753716,-0.21265594761298737,0.2120301162248372,0.219457527252467,0.22031833371619003,-0.11034427784538851,0.10646345271628027,0.13683499810398453,0.13820763988478119,0.03562360302076122,0.034162779589133996,0.04792357081942158,0.04853289739700549,-0.14513880505780982,0.14734494396576664,0.16307791302464053,0.16598458656908802,0.12450497658849555,0.1191507129582046,0.15852720059636313,0.1603723196923017,-0.07934294184106225,0.07947350733179556,0.08249333093779473,0.08260904301597943,-0.32647381436159806,0.3253925111164906,0.33339726182078583,0.3415703330563475,-0.16271407940064483,0.16264066010726008,0.17020742620463417,0.17048062106190934,0.09007009619886996,1.7296932255315092,0.48428143047016803,2.0233089002462505e-06,0.002826685516043432,7.0913147815154955,0.0018313326506025538,0.053166895710964675,2.663203299649121,-0.0010981055830577967,-0.7444775765649874,0.017607089773351133,275792.55679842434,95542.05907908948,64786.45715758959,119514.46077228944,0.015,16.104260735643763,20.0,0.9999985396147314,0.050371583013769164,0.00368401449002953,0.11521522256305224,8.900626970084193,-1.0
low_effective_mass,baseline_0p5_10_hz,causal_low_pass,tls,True,True,20,0.0,0.0,-0.02308562410056776,0.022265762279546,0.02917027845722666,0.030349407164231935,-0.20859694277243418,0.20825746386474442,0.21601118399689934,0.21670649989415133,-0.06912301131652629,0.06646591121558063,0.0930393247567875,0.09419032676554778,0.02453362317700896,0.023724139255408137,0.035352233246178186,0.0360729774506259,-0.16996381899199745,0.17119564874357432,0.18535324819606133,0.1883276363642014,0.07459129998501245,0.07119843092252029,0.10258373065609724,0.10398467751974234,-0.07934294184106225,0.07947350733179556,0.08249333093779473,0.08260904301597943,-0.32647381436159806,0.3253925111164906,0.33339726182078583,0.3415703330563475,-0.16271407940064483,0.16264066010726008,0.17020742620463417,0.17048062106190934,0.09068984099004261,1.7296932255315092,0.48428143047016803,2.0233089002462505e-06,0.002826685516043432,7.0913147815154955,0.0018313326506025538,0.053166895710964675,2.663203299649121,-0.0010981055830577967,-0.7444775765649874,0.017607089773351133,275792.55679842434,95542.05907908948,64786.45715758959,119514.46077228944,0.015,16.104260735643763,20.0,0.9999985396147314,0.050371583013769164,0.00368401449002953,0.11521522256305224,8.900626970084193,-1.0
low_effective_mass,baseline_0p5_10_hz,causal_low_pass,iv,True,True,20,0.0,0.0,-0.00263773930338444,0.0028880374632982847,0.007329841548401297,0.009093746247525776,-0.21897845218261178,0.21828765017618246,0.2267446795688483,0.22717904388050264,0.12865944185210493,0.13050274785333243,0.13622066584777887,0.13884766420749178,-0.059955041265583674,0.060330182172115984,0.062250692484135776,0.06256130104019784,-0.2638487219572575,0.26443995590288527,0.2738279098539075,0.2743128813061361,-0.11396197545911604,0.11543740845833676,0.1198890226266351,0.12191943538305808,-0.07934294184106225,0.07947350733179556,0.08249333093779473,0.08260904301597943,-0.32647381436159806,0.3253925111164906,0.33339726182078583,0.3415703330563475,-0.16271407940064483,0.16264066010726008,0.17020742620463417,0.17048062106190934,0.09950553827096266,1.7296932255315092,0.48428143047016803,2.0233089002462505e-06,0.002826685516043432,7.0913147815154955,0.0018313326506025538,0.053166895710964675,2.663203299649121,-0.0010981055830577967,-0.7444775765649874,0.017607089773351133,275792.55679842434,95542.05907908948,64786.45715758959,119514.46077228944,0.015,16.104260735643763,20.0,0.9999985396147314,0.050371583013769164,0.00368401449002953,0.11521522256305224,8.900626970084193,0.5194913934178893
low_effective_mass,baseline_0p5_10_hz,causal_polynomial,ols,True,True,20,0.0,0.0,-0.16787452176163553,0.16784110788404055,0.17123623911893293,0.17349011804902933,-1.6211235210397503,1.6207872868182136,1.630062572624632,1.6307003251704821,0.18967683885123438,0.18884440588568946,0.20353471707802412,0.20448672113173666,-0.1636567992501884,0.16357227824725962,0.16631957181487048,0.16640738310929326,-1.6242543503932005,1.624028089847263,1.6287851382088063,1.6305965481972426,-0.1593985547992249,0.1588468833357205,0.1691140947439313,0.16977083893428127,-0.4057432030206716,0.40620517010398444,0.40714721360941925,0.40724378034692404,-2.2251275081613056,2.2249872536245405,2.230206937150536,2.2309413258704214,-0.7779659484236819,0.7777656637543457,0.7802083166058082,0.7810275681428329,0.34061208719926905,4.838409902083562,0.9106064526626566,2.0233089002462505e-06,0.002826685516043432,7.0913147815154955,0.0018313326506025538,0.053166895710964675,2.663203299649121,-0.0010981055830577967,-0.7444775765649874,0.017607089773351133,275792.55679842434,95542.05907908948,64786.45715758959,119514.46077228944,0.03,31.85420881757568,92.0,0.9999985396147314,0.050371583013769164,0.00368401449002953,0.11521522256305224,8.900626970084193,-1.0
low_effective_mass,baseline_0p5_10_hz,causal_polynomial,tls,True,True,20,0.0,0.0,0.5901085625369137,0.5890207042611184,0.601096420706228,0.6105126615642888,-3.9953765437003037,3.991927441168829,4.038658969476616,4.054475364294156,2.8759526331740406,2.8750785207059506,2.922430448674553,2.937909137868565,-0.359485462859786,0.3598960605685484,0.3611295315946218,0.361135144341173,-2.206537157512969,2.2066463397701694,2.2128991774184126,2.213057949601532,-0.7419823699262613,0.741940583460869,0.7450558194370911,0.7460581326309473,-0.4057432030206716,0.40620517010398444,0.40714721360941925,0.40724378034692404,-2.2251275081613056,2.2249872536245405,2.230206937150536,2.2309413258704214,-0.7779659484236819,0.7777656637543457,0.7802083166058082,0.7810275681428329,0.584142359074515,4.838409902083562,0.9106064526626566,2.0233089002462505e-06,0.002826685516043432,7.0913147815154955,0.0018313326506025538,0.053166895710964675,2.663203299649121,-0.0010981055830577967,-0.7444775765649874,0.017607089773351133,275792.55679842434,95542.05907908948,64786.45715758959,119514.46077228944,0.03,31.85420881757568,92.0,0.9999985396147314,0.050371583013769164,0.00368401449002953,0.11521522256305224,8.900626970084193,-1.0
low_effective_mass,baseline_0p5_10_hz,causal_polynomial,iv,True,True,20,0.0,0.0,-0.4051231056465447,0.40333621772638184,0.41122941938434987,0.4115380062598307,-1.2715775231894304,1.2712222165175167,1.2820577119104124,1.2835178302167587,-0.1400900960285199,0.13986866906081113,0.15195711824200203,0.16061758373467822,-0.16824234965028437,0.16831115760809423,0.17159787434530796,0.17203571586772767,-1.3796596802728456,1.3808798301829182,1.3901256367346926,1.391832735941567,0.16304497268928947,0.16261521475953106,0.17919218964693048,0.19135209485244714,-0.4057432030206716,0.40620517010398444,0.40714721360941925,0.40724378034692404,-2.2251275081613056,2.2249872536245405,2.230206937150536,2.2309413258704214,-0.7779659484236819,0.7777656637543457,0.7802083166058082,0.7810275681428329,0.35730418514515927,4.838409902083562,0.9106064526626566,2.0233089002462505e-06,0.002826685516043432,7.0913147815154955,0.0018313326506025538,0.053166895710964675,2.663203299649121,-0.0010981055830577967,-0.7444775765649874,0.017607089773351133,275792.55679842434,95542.05907908948,64786.45715758959,119514.46077228944,0.03,31.85420881757568,92.0,0.9999985396147314,0.050371583013769164,0.00368401449002953,0.11521522256305224,8.900626970084193,0.6435303440831092
low_effective_mass,baseline_0p5_10_hz,alpha_beta_gamma,ols,True,True,20,0.0,0.0,-0.08777205900175969,0.08788999271595599,0.09159453964873107,0.09174845361629953,-1.8710151349865594,1.8710643735377197,1.8768858999648261,1.8787551947673033,0.15737776552799193,0.15589943795869393,0.16547429865560787,0.16817940286875194,-0.1121991347724052,0.11191993964077267,0.11440122216833502,0.1147148647968438,-1.847686805164961,1.8478562073620601,1.849974529320184,1.8516372844735736,-0.13596482622301115,0.13487283501542074,0.14197997839332985,0.14396710167611762,-0.2661524936724581,0.26639197491216904,0.26721974303874024,0.26723259527037146,-1.9350435840427718,1.9351998310529375,1.936799059098606,1.938569625521055,-0.5148822830476222,0.5151649302971677,0.5172783807195137,0.5178191551822173,0.18459835721556814,3.788567083960115,0.8057299203775503,2.0233089002462505e-06,0.002826685516043432,7.0913147815154955,0.0018313326506025538,0.053166895710964675,2.663203299649121,-0.0010981055830577967,-0.7444775765649874,0.017607089773351133,275792.55679842434,95542.05907908948,64786.45715758959,119514.46077228944,0.045,39.309769377572536,24.0,0.9999985396147314,0.050371583013769164,0.00368401449002953,0.11521522256305224,8.900626970084193,-1.0
low_effective_mass,baseline_0p5_10_hz,alpha_beta_gamma,tls,True,True,20,0.0,0.0,0.07392223098728849,0.07387453352274198,0.0776732516780494,0.07775764525875596,-2.2093967472523888,2.209024518419301,2.2160064038178864,2.2161993931633726,0.5681772416124098,0.5684042304335206,0.5771900823197046,0.577633904872234,-0.1724585535688072,0.1725539103395297,0.1735716312702967,0.1743150797720395,-1.931931812901513,1.932141405221449,1.9339607928250586,1.9359820482784784,-0.3623096959568575,0.3624092215098049,0.36596101168997214,0.36613938321705514,-0.2661524936724581,0.26639197491216904,0.26721974303874024,0.26723259527037146,-1.9350435840427718,1.9351998310529375,1.936799059098606,1.938569625521055,-0.5148822830476222,0.5151649302971677,0.5172783807195137,0.5178191551822173,0.20361371815164392,3.788567083960115,0.8057299203775503,2.0233089002462505e-06,0.002826685516043432,7.0913147815154955,0.0018313326506025538,0.053166895710964675,2.663203299649121,-0.0010981055830577967,-0.7444775765649874,0.017607089773351133,275792.55679842434,95542.05907908948,64786.45715758959,119514.46077228944,0.045,39.309769377572536,24.0,0.9999985396147314,0.050371583013769164,0.00368401449002953,0.11521522256305224,8.900626970084193,-1.0
low_effective_mass,baseline_0p5_10_hz,alpha_beta_gamma,iv,True,True,20,0.0,0.0,-0.1598475329303131,0.15996425989845942,0.16351179303898317,0.16451069456040887,-1.8130638495117246,1.8126120147611289,1.8202878518014882,1.8210824435681054,0.26423783581913524,0.26341307005141784,0.272446231250099,0.2748202994746682,-0.18479615128865207,0.18485025836030586,0.18668223763858133,0.18722214035347237,-1.7889143322853638,1.789471715992141,1.7917223398082283,1.7918969510494067,-0.20899433605996626,0.2084931905487005,0.21411203213959965,0.21557571650523374,-0.2661524936724581,0.26639197491216904,0.26721974303874024,0.26723259527037146,-1.9350435840427718,1.9351998310529375,1.936799059098606,1.938569625521055,-0.5148822830476222,0.5151649302971677,0.5172783807195137,0.5178191551822173,0.19450452519354894,3.788567083960115,0.8057299203775503,2.0233089002462505e-06,0.002826685516043432,7.0913147815154955,0.0018313326506025538,0.053166895710964675,2.663203299649121,-0.0010981055830577967,-0.7444775765649874,0.017607089773351133,275792.55679842434,95542.05907908948,64786.45715758959,119514.46077228944,0.045,39.309769377572536,24.0,0.9999985396147314,0.050371583013769164,0.00368401449002953,0.11521522256305224,8.900626970084193,0.6964868081062336
low_effective_mass,baseline_0p5_10_hz,centered_savitzky_golay,ols,False,True,20,0.0,0.0,0.020773862715130976,0.02091861098930669,0.02446833346848257,0.0255327989323348,-0.06709735340860656,0.06557679370961714,0.07309712337567631,0.07416679981380643,0.5313494730021134,0.5327916508275629,0.5427239343750249,0.5502369920077806,-0.1835468920355399,0.18398871768592348,0.18575200754079976,0.1866532616888345,-0.2538220766171208,0.25429156788622254,0.25915186748632063,0.2614570532344596,-0.3469611433960704,0.3475955883486256,0.35179508125715625,0.3549373385130904,-0.1964740160354503,0.19682120558975919,0.19859007919383512,0.19875970532339296,-0.27272093648197865,0.2736635252012031,0.27679565014338087,0.280205572011484,-0.37357411603919044,0.3743114985745578,0.3777894682190978,0.37974820776084284,0.03283625165746852,2.0305425590991755,0.6096073795301706,2.0233089002462505e-06,0.002826685516043432,7.0913147815154955,0.0018313326506025538,0.053166895710964675,2.663203299649121,-0.0010981055830577967,-0.7444775765649874,0.017607089773351133,275792.55679842434,95542.05907908948,64786.45715758959,119514.46077228944,0.0,47.06947881100554,92.0,0.9999985396147314,0.050371583013769164,0.00368401449002953,0.11521522256305224,8.900626970084193,-1.0
low_effective_mass,baseline_0p5_10_hz,centered_savitzky_golay,tls,False,True,20,0.0,0.0,0.02424865802968747,0.02438061550574607,0.02790164175292415,0.02889330036497597,-0.06547030921953996,0.06397222139741149,0.07145674531668943,0.07262186732144435,0.5424749182658964,0.5442050682571091,0.5537175482092159,0.5610042270974643,-0.18511346287843017,0.18554960919678193,0.18732238161299045,0.18813628800122245,-0.2564863811218693,0.2569741381209123,0.2616576913860521,0.2641304823111883,-0.35167213233050293,0.352417549981914,0.35638163214323776,0.3593867443527666,-0.1964740160354503,0.19682120558975919,0.19859007919383512,0.19875970532339296,-0.27272093648197865,0.2736635252012031,0.27679565014338087,0.280205572011484,-0.37357411603919044,0.3743114985745578,0.3777894682190978,0.37974820776084284,0.03287207596473917,2.0305425590991755,0.6096073795301706,2.0233089002462505e-06,0.002826685516043432,7.0913147815154955,0.0018313326506025538,0.053166895710964675,2.663203299649121,-0.0010981055830577967,-0.7444775765649874,0.017607089773351133,275792.55679842434,95542.05907908948,64786.45715758959,119514.46077228944,0.0,47.06947881100554,92.0,0.9999985396147314,0.050371583013769164,0.00368401449002953,0.11521522256305224,8.900626970084193,-1.0
low_effective_mass,baseline_0p5_10_hz,centered_savitzky_golay,iv,False,True,20,0.0,0.0,0.03210374406341952,0.03104015954669033,0.03671219294999925,0.041442729511780574,-0.07037580328206738,0.06913453763147742,0.07619939088036086,0.07753678576728333,0.5189381382676815,0.5196834662600888,0.5367070666428825,0.5371146335998097,-0.17567900130304956,0.1756838395753169,0.17780041381203449,0.1792239577378335,-0.25751889751756496,0.2579040857572885,0.26379326898492506,0.2639304911427968,-0.3416166619955904,0.34196822866358556,0.3492578869400873,0.34943043404767193,-0.1964740160354503,0.19682120558975919,0.19859007919383512,0.19875970532339296,-0.27272093648197865,0.2736635252012031,0.27679565014338087,0.280205572011484,-0.37357411603919044,0.3743114985745578,0.3777894682190978,0.37974820776084284,0.03346009036405939,2.0305425590991755,0.6096073795301706,2.0233089002462505e-06,0.002826685516043432,7.0913147815154955,0.0018313326506025538,0.053166895710964675,2.663203299649121,-0.0010981055830577967,-0.7444775765649874,0.017607089773351133,275792.55679842434,95542.05907908948,64786.45715758959,119514.46077228944,0.0,47.06947881100554,92.0,0.9999985396147314,0.050371583013769164,0.00368401449002953,0.11521522256305224,8.900626970084193,0.5586646568795299
low_effective_mass,mid_2_10_hz,backward_difference,ols,True,True,20,0.0,0.0,-0.37221106747425614,0.3716767287816008,0.382897316168851,0.38382368059986516,-0.18757436106191577,0.18870357166729113,0.19369069305137943,0.19474167434544895,-0.8975758651416136,0.8980009555878024,0.9265078206876627,0.9286186276281185,1.5075409001455877,1.4844018032055732,1.8957202355394789,1.940379773151635,2.24929984844585,2.210371363640329,2.845219136753254,2.9091809861340447,9.11988165083913,8.81232872669211,12.607497326980226,13.00925713210187,-0.23053558419418257,0.2282950123733839,0.25986256579342415,0.26170810441011005,-1.2223226212789804,1.212168442294673,1.3812350481848665,1.4035894726642566,-0.6065206097695971,0.6054740704363086,0.6763342967759777,0.6879627090460227,0.2580976098342628,1.54989312742258,0.3448268568166619,1.965930636587677e-06,0.0033629141527296226,8.849706460252662,0.001754264235487465,0.05799109625703105,2.9748577381549333,-0.0057555157885853395,-0.8090459764790524,0.0017354352877829763,217121.01667901923,113703.2567785034,69377.97551633902,119646.16890857375,0.005,0.0,8.0,1.0,0.056972874819910084,0.003686119347278453,0.11496911329883647,8.864090682154528,-1.0
low_effective_mass,mid_2_10_hz,backward_difference,tls,True,True,20,0.0,0.0,-0.24898331089067582,0.2483469541420521,0.2618178104207468,0.2648947041151681,-0.0888482744317807,0.08963982338626736,0.10184391459952054,0.10329783510983451,-0.8523318885754916,0.8520118612880754,0.8936775277211733,0.8957963118757292,1.2826202394234636,1.2553658266422867,1.6297469836041767,1.661876293419697,1.7749232989033108,1.7293887770433347,2.3172523007248214,2.360742150660848,6.006320830336704,5.761939425297461,8.40554976134082,8.596589314645216,-0.23053558419418257,0.2282950123733839,0.25986256579342415,0.26170810441011005,-1.2223226212789804,1.212168442294673,1.3812350481848665,1.4035894726642566,-0.6065206097695971,0.6054740704363086,0.6763342967759777,0.6879627090460227,0.2682035245388254,1.54989312742258,0.3448268568166619,1.965930636587677e-06,0.0033629141527296226,8.849706460252662,0.001754264235487465,0.05799109625703105,2.9748577381549333,-0.0057555157885853395,-0.8090459764790524,0.0017354352877829763,217121.01667901923,113703.2567785034,69377.97551633902,119646.16890857375,0.005,0.0,8.0,1.0,0.056972874819910084,0.003686119347278453,0.11496911329883647,8.864090682154528,-1.0
low_effective_mass,mid_2_10_hz,backward_difference,iv,True,True,20,0.0,0.0,-0.018309421419654987,0.01630232306812682,0.03321823297533992,0.039529620727000746,-0.25428943596271314,0.25438752715744517,0.26577730611917494,0.26755635095537783,0.10607307410643015,0.10692670365150064,0.12937398034055353,0.13721445026634166,-0.05787271867099018,0.05775909611527282,0.06264896727937089,0.06276458863026392,-0.2842032102542901,0.28255192783719574,0.3053668296356128,0.30777629991168254,-0.0956842798265068,0.0965977890410902,0.11455147944135857,0.1206583773484459,-0.23053558419418257,0.2282950123733839,0.25986256579342415,0.26170810441011005,-1.2223226212789804,1.212168442294673,1.3812350481848665,1.4035894726642566,-0.6065206097695971,0.6054740704363086,0.6763342967759777,0.6879627090460227,0.5927787855654594,1.54989312742258,0.3448268568166619,1.965930636587677e-06,0.0033629141527296226,8.849706460252662,0.001754264235487465,0.05799109625703105,2.9748577381549333,-0.0057555157885853395,-0.8090459764790524,0.0017354352877829763,217121.01667901923,113703.2567785034,69377.97551633902,119646.16890857375,0.005,0.0,8.0,1.0,0.056972874819910084,0.003686119347278453,0.11496911329883647,8.864090682154528,0.26169328705286676
low_effective_mass,mid_2_10_hz,causal_low_pass,ols,True,True,20,0.0,0.0,-0.06168889122973011,0.06172909999474143,0.07051909162752351,0.07213643401695966,-0.22245511474842217,0.22212754990298766,0.2279178594001298,0.23026560507033417,-0.09922823928892104,0.09808333830568478,0.1256967328128265,0.12984054101698478,0.020733546955324395,0.01983025380640724,0.03216909003180657,0.03262500708419628,-0.1540722981164428,0.15785217482549685,0.1677696440266032,0.1759932739245646,0.11056402251931008,0.10876737123916563,0.14376924477735414,0.14921465218424873,-0.07788715569015,0.07779259985920978,0.08042209449858602,0.08077608660549751,-0.3317826534032377,0.3315962818922179,0.34523495700488493,0.34696899683790766,-0.15928941079664766,0.15863392105798635,0.1678318495013128,0.16791920229566165,0.09105869539323223,1.8948408563284014,0.5527781972602164,1.965930636587677e-06,0.0033629141527296226,8.849706460252662,0.001754264235487465,0.05799109625703105,2.9748577381549333,-0.0057555157885853395,-0.8090459764790524,0.0017354352877829763,217121.01667901923,113703.2567785034,69377.97551633902,119646.16890857375,0.015,16.104260735643756,20.0,1.0,0.056972874819910084,0.003686119347278453,0.11496911329883647,8.864090682154528,-1.0
low_effective_mass,mid_2_10_hz,causal_low_pass,tls,True,True,20,0.0,0.0,-0.03128450480385042,0.030531173250330522,0.038309835888961766,0.03966273704710318,-0.21827653077987536,0.21832393489369015,0.22439453379734567,0.22588306591724203,-0.047033255375523865,0.04623027659555093,0.06938653652590761,0.07484377555758925,0.008304147765138022,0.007535575345138938,0.018153422306307183,0.018836165776917126,-0.18627490484407325,0.18883986675478448,0.19861244550802937,0.20498388950048385,0.04960831959122608,0.048482558126864285,0.07456195215305757,0.08089852673552222,-0.07788715569015,0.07779259985920978,0.08042209449858602,0.08077608660549751,-0.3317826534032377,0.3315962818922179,0.34523495700488493,0.34696899683790766,-0.15928941079664766,0.15863392105798635,0.1678318495013128,0.16791920229566165,0.0919206264414299,1.8948408563284014,0.5527781972602164,1.965930636587677e-06,0.0033629141527296226,8.849706460252662,0.001754264235487465,0.05799109625703105,2.9748577381549333,-0.0057555157885853395,-0.8090459764790524,0.0017354352877829763,217121.01667901923,113703.2567785034,69377.97551633902,119646.16890857375,0.015,16.104260735643756,20.0,1.0,0.056972874819910084,0.003686119347278453,0.11496911329883647,8.864090682154528,-1.0
low_effective_mass,mid_2_10_hz,causal_low_pass,iv,True,True,20,0.0,0.0,-0.009004034786320544,0.007523451187203515,0.019071598515695495,0.019924323781594543,-0.23029567429238176,0.22939217499731918,0.23531844713283243,0.2431699643383438,0.12205094052671357,0.12204893891623131,0.13443718059009074,0.1463486207118478,-0.060203645734147174,0.0603065089745462,0.06272319228478172,0.06356727733636564,-0.27001154211865347,0.27089620988166385,0.27911375546649686,0.29497411046911753,-0.10871017781769161,0.1087728868057442,0.11850055474400784,0.1276650209784959,-0.07788715569015,0.07779259985920978,0.08042209449858602,0.08077608660549751,-0.3317826534032377,0.3315962818922179,0.34523495700488493,0.34696899683790766,-0.15928941079664766,0.15863392105798635,0.1678318495013128,0.16791920229566165,0.09932915860183394,1.8948408563284014,0.5527781972602164,1.965930636587677e-06,0.0033629141527296226,8.849706460252662,0.001754264235487465,0.05799109625703105,2.9748577381549333,-0.0057555157885853395,-0.8090459764790524,0.0017354352877829763,217121.01667901923,113703.2567785034,69377.97551633902,119646.16890857375,0.015,16.104260735643756,20.0,1.0,0.056972874819910084,0.003686119347278453,0.11496911329883647,8.864090682154528,0.5405823723035594
low_effective_mass,mid_2_10_hz,causal_polynomial,ols,True,True,20,0.0,0.0,-0.27060153140549326,0.27017349838359517,0.2754028217061115,0.27639515319374397,-1.5390032216455185,1.5375404135969144,1.5466986996372212,1.5525805594805657,0.08670911020413237,0.0848515476098663,0.09708099606680948,0.09910311117806353,-0.18072863335232042,0.1808935298036452,0.18322132493140958,0.18341886345484437,-1.6054029690497509,1.6056853040650607,1.6112012758678638,1.6164066209217334,-0.0797657380738231,0.07821488285161689,0.08849010959177245,0.09016725561975783,-0.3942286432621732,0.3941825591698909,0.39541794556951265,0.39564637752883447,-2.2493177774605915,2.2498321997557458,2.2533973260884066,2.253589618906437,-0.800750006531054,0.8009242074243665,0.8026630537413191,0.8027860734627374,0.36454245201844826,5.371795191246656,0.9245275026398367,1.965930636587677e-06,0.0033629141527296226,8.849706460252662,0.001754264235487465,0.05799109625703105,2.9748577381549333,-0.0057555157885853395,-0.8090459764790524,0.0017354352877829763,217121.01667901923,113703.2567785034,69377.97551633902,119646.16890857375,0.03,31.854208817575675,92.0,1.0,0.056972874819910084,0.003686119347278453,0.11496911329883647,8.864090682154528,-1.0
low_effective_mass,mid_2_10_hz,causal_polynomial,tls,True,True,20,0.0,0.0,0.965032165166507,0.9664631326401444,0.97956722155514,0.9835175083303295,-4.874671651911694,4.878906857677775,4.918172007834771,4.919358253722449,3.783997552663629,3.7888734143137572,3.831931094686876,3.8396240740714194,-0.35909733222542944,0.35904967729128867,0.3603103964414553,0.36047650393322217,-2.263715598432872,2.264202476023626,2.2680801384966176,2.2682693954221804,-0.7909597339917908,0.7911825989550578,0.7930433788034712,0.7933723808513226,-0.3942286432621732,0.3941825591698909,0.39541794556951265,0.39564637752883447,-2.2493177774605915,2.2498321997557458,2.2533973260884066,2.253589618906437,-0.800750006531054,0.8009242074243665,0.8026630537413191,0.8027860734627374,0.7616892571220546,5.371795191246656,0.9245275026398367,1.965930636587677e-06,0.0033629141527296226,8.849706460252662,0.001754264235487465,0.05799109625703105,2.9748577381549333,-0.0057555157885853395,-0.8090459764790524,0.0017354352877829763,217121.01667901923,113703.2567785034,69377.97551633902,119646.16890857375,0.03,31.854208817575675,92.0,1.0,0.056972874819910084,0.003686119347278453,0.11496911329883647,8.864090682154528,-1.0
low_effective_mass,mid_2_10_hz,causal_polynomial,iv,True,True,20,0.0,0.0,-0.6620184757283901,0.662240471166443,0.6684830127093153,0.6748298453663495,-0.9532775922185388,0.9524414865627673,0.9671912462033451,0.9736520310645667,-0.49240649310361173,0.49426594580806726,0.5051714360748712,0.5078491618629468,-0.18397090852539125,0.18407769410325547,0.1891975610941802,0.18977129810491014,-0.886844163309289,0.8847197154614417,0.9230604912714291,0.9382327618889674,0.970799304019485,0.977328573570803,1.0209050610334274,1.0318973828944735,-0.3942286432621732,0.3941825591698909,0.39541794556951265,0.39564637752883447,-2.2493177774605915,2.2498321997557458,2.2533973260884066,2.253589618906437,-0.800750006531054,0.8009242074243665,0.8026630537413191,0.8027860734627374,0.3983633568871053,5.371795191246656,0.9245275026398367,1.965930636587677e-06,0.0033629141527296226,8.849706460252662,0.001754264235487465,0.05799109625703105,2.9748577381549333,-0.0057555157885853395,-0.8090459764790524,0.0017354352877829763,217121.01667901923,113703.2567785034,69377.97551633902,119646.16890857375,0.03,31.854208817575675,92.0,1.0,0.056972874819910084,0.003686119347278453,0.11496911329883647,8.864090682154528,0.6844933146740455
low_effective_mass,mid_2_10_hz,alpha_beta_gamma,ols,True,True,20,0.0,0.0,-0.13931152314371723,0.139174752461858,0.14343661794928053,0.1438727202319461,-1.8193831003019305,1.818080447456801,1.824705795635475,1.8295099145878573,0.0974143477170308,0.09741962045340585,0.10423692827740688,0.10459014933550476,-0.11439786612745781,0.11429371770125688,0.11586993205302623,0.11644928999312444,-1.8430951012100145,1.8427606429770726,1.8467116553565246,1.8488209878409836,-0.08875511632343626,0.08877152106303443,0.09439724412792701,0.0946868387323784,-0.26315181398254484,0.2630504837109895,0.26433730790630083,0.26445236950488815,-1.9491865366449563,1.9492133188296146,1.9519245546168706,1.9521200840855735,-0.5186327661440459,0.5187419483340576,0.520758787310621,0.5208485938746698,0.1976085668467438,4.179956600273158,0.8231989278667248,1.965930636587677e-06,0.0033629141527296226,8.849706460252662,0.001754264235487465,0.05799109625703105,2.9748577381549333,-0.0057555157885853395,-0.8090459764790524,0.0017354352877829763,217121.01667901923,113703.2567785034,69377.97551633902,119646.16890857375,0.045,39.309769377572565,24.0,1.0,0.056972874819910084,0.003686119347278453,0.11496911329883647,8.864090682154528,-1.0
low_effective_mass,mid_2_10_hz,alpha_beta_gamma,tls,True,True,20,0.0,0.0,0.10327774649579494,0.10368693780594138,0.10753894834996851,0.1078809280211442,-2.282468115641172,2.2835749763220634,2.2901073525882247,2.291412267250855,0.6341666445828369,0.633433168030813,0.6406665941792115,0.6461638238686959,-0.17833505971644809,0.1782544809761258,0.17959617557017715,0.17976282564931145,-1.955112302714522,1.9551449756342856,1.9579791107877529,1.9585324093141105,-0.38806131533264554,0.3877924761529243,0.3904912841215659,0.3925270465184493,-0.26315181398254484,0.2630504837109895,0.26433730790630083,0.26445236950488815,-1.9491865366449563,1.9492133188296146,1.9519245546168706,1.9521200840855735,-0.5186327661440459,0.5187419483340576,0.520758787310621,0.5208485938746698,0.2293649551940991,4.179956600273158,0.8231989278667248,1.965930636587677e-06,0.0033629141527296226,8.849706460252662,0.001754264235487465,0.05799109625703105,2.9748577381549333,-0.0057555157885853395,-0.8090459764790524,0.0017354352877829763,217121.01667901923,113703.2567785034,69377.97551633902,119646.16890857375,0.045,39.309769377572565,24.0,1.0,0.056972874819910084,0.003686119347278453,0.11496911329883647,8.864090682154528,-1.0
low_effective_mass,mid_2_10_hz,alpha_beta_gamma,iv,True,True,20,0.0,0.0,-0.2607692341211586,0.2596678216508783,0.26739963945738987,0.2682489376733959,-1.6928049562191378,1.6929615546203882,1.7022552695448354,1.7106208995703316,0.1233448309309901,0.12413430191260705,0.13387589995242005,0.13778454045439842,-0.18878665519578097,0.1886359412296342,0.1904588086262184,0.1915067783487584,-1.7602473815374453,1.7603184586558664,1.764606686939382,1.7702776743788355,-0.10976434611131662,0.11042571370170062,0.1180687203781006,0.12109897397566272,-0.26315181398254484,0.2630504837109895,0.26433730790630083,0.26445236950488815,-1.9491865366449563,1.9492133188296146,1.9519245546168706,1.9521200840855735,-0.5186327661440459,0.5187419483340576,0.520758787310621,0.5208485938746698,0.21043701685076907,4.179956600273158,0.8231989278667248,1.965930636587677e-06,0.0033629141527296226,8.849706460252662,0.001754264235487465,0.05799109625703105,2.9748577381549333,-0.0057555157885853395,-0.8090459764790524,0.0017354352877829763,217121.01667901923,113703.2567785034,69377.97551633902,119646.16890857375,0.045,39.309769377572565,24.0,1.0,0.056972874819910084,0.003686119347278453,0.11496911329883647,8.864090682154528,0.7168227135719862
low_effective_mass,mid_2_10_hz,centered_savitzky_golay,ols,False,True,20,0.0,0.0,0.025233119130615482,0.025429649035798432,0.029582947127797573,0.030040578143786925,-0.07153785441699514,0.07191910276359578,0.0767089058044246,0.07747678240491247,0.5478438159570737,0.5478999678697257,0.5626349507796181,0.5695855765181576,-0.18613628186971914,0.185892288632784,0.18845569889024016,0.18990739557223218,-0.26294242006010243,0.2628526184115062,0.26926132248819484,0.2724408013883567,-0.35391477930386883,0.3539629512933713,0.36005460748177825,0.36288915051174236,-0.19938104963885483,0.19933852106568387,0.2015817021855765,0.20208492126716346,-0.28498979334169994,0.28457602702278223,0.2912432005890337,0.29420087643075515,-0.3838215637394416,0.3836762870351347,0.3895503620503325,0.3903043153318805,0.03569653376010469,2.319996972598105,0.6865703646135293,1.965930636587677e-06,0.0033629141527296226,8.849706460252662,0.001754264235487465,0.05799109625703105,2.9748577381549333,-0.0057555157885853395,-0.8090459764790524,0.0017354352877829763,217121.01667901923,113703.2567785034,69377.97551633902,119646.16890857375,0.0,47.069478811005524,92.0,1.0,0.056972874819910084,0.003686119347278453,0.11496911329883647,8.864090682154528,-1.0
low_effective_mass,mid_2_10_hz,centered_savitzky_golay,tls,False,True,20,0.0,0.0,0.030938457705516675,0.030963992103510522,0.0354864707625471,0.03551350128855669,-0.06928082297664653,0.06957787477708992,0.07443065623619839,0.07519825114804721,0.5647793485518768,0.5647439525231983,0.579830496480704,0.5857602074576129,-0.18830361667482803,0.18808380774924427,0.19061759456985766,0.191922232371027,-0.2671962928903271,0.2670890583714159,0.27353899508879165,0.2766752104214809,-0.36090814033256663,0.36091746703697014,0.3670202334560074,0.3693876316878574,-0.19938104963885483,0.19933852106568387,0.2015817021855765,0.20208492126716346,-0.28498979334169994,0.28457602702278223,0.2912432005890337,0.29420087643075515,-0.3838215637394416,0.3836762870351347,0.3895503620503325,0.3903043153318805,0.035763040628487106,2.319996972598105,0.6865703646135293,1.965930636587677e-06,0.0033629141527296226,8.849706460252662,0.001754264235487465,0.05799109625703105,2.9748577381549333,-0.0057555157885853395,-0.8090459764790524,0.0017354352877829763,217121.01667901923,113703.2567785034,69377.97551633902,119646.16890857375,0.0,47.069478811005524,92.0,1.0,0.056972874819910084,0.003686119347278453,0.11496911329883647,8.864090682154528,-1.0
low_effective_mass,mid_2_10_hz,centered_savitzky_golay,iv,False,True,20,0.0,0.0,0.05542841569827436,0.05698311158633923,0.06442330195863086,0.07427793503734544,-0.0743420912424081,0.07439922003137084,0.07910534386810145,0.07992941365927511,0.5841108568998988,0.5860249217959498,0.6076620457942193,0.6347687709173807,-0.18373263950712243,0.18367519941151267,0.18630604667003012,0.1893560207974977,-0.28404738167714505,0.2838543476502057,0.2941995733130349,0.30572000323873694,-0.36864549283910675,0.36949219629975955,0.3779695612532748,0.38829269448373943,-0.19938104963885483,0.19933852106568387,0.2015817021855765,0.20208492126716346,-0.28498979334169994,0.28457602702278223,0.2912432005890337,0.29420087643075515,-0.3838215637394416,0.3836762870351347,0.3895503620503325,0.3903043153318805,0.03752862103418825,2.319996972598105,0.6865703646135293,1.965930636587677e-06,0.0033629141527296226,8.849706460252662,0.001754264235487465,0.05799109625703105,2.9748577381549333,-0.0057555157885853395,-0.8090459764790524,0.0017354352877829763,217121.01667901923,113703.2567785034,69377.97551633902,119646.16890857375,0.0,47.069478811005524,92.0,1.0,0.056972874819910084,0.003686119347278453,0.11496911329883647,8.864090682154528,0.5855181995583908
low_effective_mass,high_5_15_hz,backward_difference,ols,True,True,20,0.0,0.0,-0.470925101093376,0.4719185573767235,0.494641820407776,0.4954966737280368,-0.3328406612109201,0.3324286973463706,0.3440014164200308,0.34848081670268743,-0.7276149960147891,0.7252309010730453,0.7678390558482975,0.7681354780516827,0.39780293216602025,0.3869465383029189,0.47545563335420316,0.4765107261121879,0.7669424122774962,0.7221897693060616,0.9674555751625868,0.9700568222288776,2.7087314845123585,2.639542046428311,3.3073570774717593,3.3128633548469324,-0.11143406067891606,0.11209205814527942,0.11834183650320229,0.11938405678237511,-1.080533212519393,1.0873417986335348,1.1677591576817288,1.1688546855334736,-0.3784893468723004,0.37897555853808595,0.41070315781887917,0.4158095104292757,0.34007298965699684,1.6757963134787284,0.4123729253755146,1.2537729947657142e-06,0.00395293867585561,17.51721086216149,0.0015379888166075417,0.06287667367896789,4.185403065026069,-0.007578140562750135,-0.8455179001843064,0.0029131302119011554,177675.20923984854,133671.91601032845,146201.44392443742,151428.01294139217,0.005,0.0,8.0,1.0,0.06279305059056955,0.0036046709471770477,0.11517691394923057,8.994206115121298,-1.0
low_effective_mass,high_5_15_hz,backward_difference,tls,True,True,20,0.0,0.0,-0.1470217873718054,0.1415760923763664,0.1759645496085057,0.17753638033486452,-0.305513071555259,0.3111764833790306,0.3343171584292237,0.33628499618255236,-0.5212962479528912,0.5083629127382745,0.5794336987002932,0.5832025951298716,0.3377592815218483,0.32654894340142293,0.40323326704258844,0.4061519188054772,0.09224788090254452,0.05410703849079393,0.226447694028457,0.23367188488365326,1.1040740748126021,1.0342234099717307,1.3777565151143887,1.3992471841603575,-0.11143406067891606,0.11209205814527942,0.11834183650320229,0.11938405678237511,-1.080533212519393,1.0873417986335348,1.1677591576817288,1.1688546855334736,-0.3784893468723004,0.37897555853808595,0.41070315781887917,0.4158095104292757,0.37681084490569206,1.6757963134787284,0.4123729253755146,1.2537729947657142e-06,0.00395293867585561,17.51721086216149,0.0015379888166075417,0.06287667367896789,4.185403065026069,-0.007578140562750135,-0.8455179001843064,0.0029131302119011554,177675.20923984854,133671.91601032845,146201.44392443742,151428.01294139217,0.005,0.0,8.0,1.0,0.06279305059056955,0.0036046709471770477,0.11517691394923057,8.994206115121298,-1.0
low_effective_mass,high_5_15_hz,backward_difference,iv,True,True,20,0.0,0.0,-0.017024185534590626,0.021198811902494487,0.05795303882989509,0.07598444354457816,-0.3742878017856773,0.3723540837725785,0.39418362278539876,0.3942610369449956,0.10690610352274606,0.10777857295062393,0.14449276217265322,0.14815844497644365,-0.05770014842350707,0.05789554170237031,0.06323642134752745,0.06520987652395593,-0.3996415647214986,0.39745130332085143,0.43900010957874225,0.43945965126913794,-0.09620349380679122,0.09729200454768003,0.1262500110621892,0.1290400690119764,-0.11143406067891606,0.11209205814527942,0.11834183650320229,0.11938405678237511,-1.080533212519393,1.0873417986335348,1.1677591576817288,1.1688546855334736,-0.3784893468723004,0.37897555853808595,0.41070315781887917,0.4158095104292757,0.5984343689082915,1.6757963134787284,0.4123729253755146,1.2537729947657142e-06,0.00395293867585561,17.51721086216149,0.0015379888166075417,0.06287667367896789,4.185403065026069,-0.007578140562750135,-0.8455179001843064,0.0029131302119011554,177675.20923984854,133671.91601032845,146201.44392443742,151428.01294139217,0.005,0.0,8.0,1.0,0.06279305059056955,0.0036046709471770477,0.11517691394923057,8.994206115121298,0.41053466010095424
low_effective_mass,high_5_15_hz,causal_low_pass,ols,True,True,20,0.0,0.0,-0.0506616395110711,0.05010418720715336,0.06001499167984946,0.06015459730576784,-0.37562821943446834,0.37496978884965876,0.3818992958790922,0.3833701590735908,-0.01879579274428128,0.017751660956245863,0.03530809996192935,0.03725234498230284,-0.016341151510698464,0.016675385558170067,0.020596211473392908,0.021213370286134778,-0.35300543198044243,0.35667182351266846,0.3643746995660817,0.3663570424181469,0.019295074696766938,0.018073647886055436,0.03660061222815112,0.038693778985748925,-0.07315430344874037,0.07351072917738763,0.07534497600432347,0.07539790006139249,-0.4764863181660563,0.47783008144871053,0.48246835789142584,0.4879866927469965,-0.15530280640388167,0.15636815640334073,0.16091663765149883,0.16132843283985993,0.10101739064102858,1.79445350843898,0.5049911764809533,1.2537729947657142e-06,0.00395293867585561,17.51721086216149,0.0015379888166075417,0.06287667367896789,4.185403065026069,-0.007578140562750135,-0.8455179001843064,0.0029131302119011554,177675.20923984854,133671.91601032845,146201.44392443742,151428.01294139217,0.015,16.104260735643756,20.0,1.0,0.06279305059056955,0.0036046709471770477,0.11517691394923057,8.994206115121298,-1.0
low_effective_mass,high_5_15_hz,causal_low_pass,tls,True,True,20,0.0,0.0,-0.0062870028599737865,0.007034083664420621,0.011616286511384558,0.016289145142093085,-0.37838151794091246,0.3777796802859439,0.38485266331162027,0.3865335026649063,0.04016736287184694,0.04017126569936108,0.051571212291889115,0.05503453116003337,-0.022565826676987998,0.022991727601456343,0.026578153341114918,0.02699830377672,-0.38853502668856676,0.39140996020567737,0.39895831331778575,0.39929608814605994,-0.038541535746862525,0.03861948567185518,0.04904151290225455,0.05216372501051865,-0.07315430344874037,0.07351072917738763,0.07534497600432347,0.07539790006139249,-0.4764863181660563,0.47783008144871053,0.48246835789142584,0.4879866927469965,-0.15530280640388167,0.15636815640334073,0.16091663765149883,0.16132843283985993,0.10242935635899494,1.79445350843898,0.5049911764809533,1.2537729947657142e-06,0.00395293867585561,17.51721086216149,0.0015379888166075417,0.06287667367896789,4.185403065026069,-0.007578140562750135,-0.8455179001843064,0.0029131302119011554,177675.20923984854,133671.91601032845,146201.44392443742,151428.01294139217,0.015,16.104260735643756,20.0,1.0,0.06279305059056955,0.0036046709471770477,0.11517691394923057,8.994206115121298,-1.0
low_effective_mass,high_5_15_hz,causal_low_pass,iv,True,True,20,0.0,0.0,0.045225401176302436,0.04528247772034054,0.06595110579434989,0.06887884680843798,-0.387460870491043,0.3876295038849521,0.3968183322371609,0.3969543391068552,0.19464198308000852,0.19531132766911735,0.21555589511339884,0.21765409629440485,-0.06462713740022241,0.064431932348277,0.06740655473123705,0.06758883311890485,-0.4516945539497085,0.4515484000649197,0.4698753427472539,0.4714038585160549,-0.16281184024280004,0.16339748356447836,0.17733099680548617,0.17874870782825364,-0.07315430344874037,0.07351072917738763,0.07534497600432347,0.07539790006139249,-0.4764863181660563,0.47783008144871053,0.48246835789142584,0.4879866927469965,-0.15530280640388167,0.15636815640334073,0.16091663765149883,0.16132843283985993,0.11254115192178199,1.79445350843898,0.5049911764809533,1.2537729947657142e-06,0.00395293867585561,17.51721086216149,0.0015379888166075417,0.06287667367896789,4.185403065026069,-0.007578140562750135,-0.8455179001843064,0.0029131302119011554,177675.20923984854,133671.91601032845,146201.44392443742,151428.01294139217,0.015,16.104260735643756,20.0,1.0,0.06279305059056955,0.0036046709471770477,0.11517691394923057,8.994206115121298,0.36833153100534977
low_effective_mass,high_5_15_hz,causal_polynomial,ols,True,True,20,0.0,0.0,-0.41899009743357885,0.41937855802457835,0.4242968721129229,0.4260217480420265,-2.4407842435378746,2.4397230831835417,2.453367442524104,2.454954682459069,0.6901914698515158,0.6910675842728383,0.7041479541548513,0.7048407241017837,-0.4136952197479415,0.4134890363312826,0.4157986325201378,0.4163108595277863,-2.4539284684317204,2.4526057782127646,2.4616759566238025,2.461865158004247,-0.4083388382627353,0.4086575401518403,0.41319648551853755,0.413434940952116,-0.4383473303713689,0.4383520266539822,0.43921137488218365,0.4392264956295038,-2.662224341444523,2.6618497732712862,2.6656256100643505,2.666565706943331,-0.8828432965791647,0.8829874636514898,0.883613125117494,0.8839375414656345,0.5581356500482384,7.97984718538377,0.9543628317881075,1.2537729947657142e-06,0.00395293867585561,17.51721086216149,0.0015379888166075417,0.06287667367896789,4.185403065026069,-0.007578140562750135,-0.8455179001843064,0.0029131302119011554,177675.20923984854,133671.91601032845,146201.44392443742,151428.01294139217,0.035,31.85420881757568,92.0,1.0,0.06279305059056955,0.0036046709471770477,0.11517691394923057,8.994206115121298,-1.0
low_effective_mass,high_5_15_hz,causal_polynomial,tls,True,True,20,0.0,0.0,2.063511426531762,2.065678315758388,2.089448526442546,2.0936612520717905,-9.457544362486797,9.469886133645723,9.513047319098902,9.546251689121267,7.633367984770766,7.642926881800659,7.684732973147044,7.714663268899163,-0.4043110166615101,0.40433662348739113,0.4050255017628683,0.4050415592031599,-2.6445362720199372,2.6442402159574288,2.6476094603636633,2.6482614434727223,-0.8841670627123795,0.8842983419492187,0.8848553402658811,0.8852508732530385,-0.4383473303713689,0.4383520266539822,0.43921137488218365,0.4392264956295038,-2.662224341444523,2.6618497732712862,2.6656256100643505,2.666565706943331,-0.8828432965791647,0.8829874636514898,0.883613125117494,0.8839375414656345,1.2887302850227784,7.97984718538377,0.9543628317881075,1.2537729947657142e-06,0.00395293867585561,17.51721086216149,0.0015379888166075417,0.06287667367896789,4.185403065026069,-0.007578140562750135,-0.8455179001843064,0.0029131302119011554,177675.20923984854,133671.91601032845,146201.44392443742,151428.01294139217,0.035,31.85420881757568,92.0,1.0,0.06279305059056955,0.0036046709471770477,0.11517691394923057,8.994206115121298,-1.0
low_effective_mass,high_5_15_hz,causal_polynomial,iv,True,True,20,0.0,1.0,-2.29014568672374,2.2887959471732895,2.309619884965285,2.3117007868161727,0.5577597241296318,0.5541861499140999,0.5894316672982105,0.5928875980146561,-1.9375849930265034,1.9317418360531393,1.9661356486031019,1.9754542455141468,1000000000.0,1000000000.0,1000000000.0,1000000000.0,1000000000.0,1000000000.0,1000000000.0,1000000000.0,1000000000.0,1000000000.0,1000000000.0,1000000000.0,-0.4383473303713689,0.4383520266539822,0.43921137488218365,0.4392264956295038,-2.662224341444523,2.6618497732712862,2.6656256100643505,2.666565706943331,-0.8828432965791647,0.8829874636514898,0.883613125117494,0.8839375414656345,0.8590844300931582,7.97984718538377,0.9543628317881075,1.2537729947657142e-06,0.00395293867585561,17.51721086216149,0.0015379888166075417,0.06287667367896789,4.185403065026069,-0.007578140562750135,-0.8455179001843064,0.0029131302119011554,177675.20923984854,133671.91601032845,146201.44392443742,151428.01294139217,0.035,31.85420881757568,92.0,1.0,0.06279305059056955,0.0036046709471770477,0.11517691394923057,8.994206115121298,0.6456248968240212
low_effective_mass,high_5_15_hz,alpha_beta_gamma,ols,True,True,20,0.0,0.0,-0.1778097493711675,0.17740626070839638,0.18240206768679926,0.1838324315337665,-2.0132465997479656,2.013398363852959,2.020536761040941,2.0233235301811803,0.12173461331935127,0.12223038924676105,0.13059097180500284,0.13235860815432682,-0.14386580324076476,0.14382789933109774,0.14541225367457178,0.14563639343358586,-2.055076356568491,2.0546646171232674,2.0577191162938644,2.057944143595973,-0.1085081938412735,0.10891735462760313,0.11550670985227043,0.1168875365111262,-0.32550797580591817,0.3253246859831722,0.32699416053403046,0.3273372125752585,-2.1713197357198823,2.171263597880066,2.1735202970963057,2.173670130028897,-0.6500248849307348,0.6501127315353511,0.651488365444572,0.6526077092302345,0.25399595486825727,4.484589205628884,0.8071905398943637,1.2537729947657142e-06,0.00395293867585561,17.51721086216149,0.0015379888166075417,0.06287667367896789,4.185403065026069,-0.007578140562750135,-0.8455179001843064,0.0029131302119011554,177675.20923984854,133671.91601032845,146201.44392443742,151428.01294139217,0.045,39.309769377572536,24.0,1.0,0.06279305059056955,0.0036046709471770477,0.11517691394923057,8.994206115121298,-1.0
low_effective_mass,high_5_15_hz,alpha_beta_gamma,tls,True,True,20,0.0,0.0,0.363006273394258,0.3628508353705059,0.36841190140961383,0.3684862426534767,-3.0845741931987574,3.087126174062914,3.0932884916025385,3.0951908915393354,1.1807527430960723,1.1825133887978252,1.1880488390385586,1.191591101687695,-0.20941979341176506,0.2095319220439707,0.21050217599116985,0.2105455330674017,-2.2091066307962826,2.2091689519595255,2.2115011431271743,2.21177227289025,-0.541438009684082,0.5418125929889854,0.5429717472991351,0.5437105036473626,-0.32550797580591817,0.3253246859831722,0.32699416053403046,0.3273372125752585,-2.1713197357198823,2.171263597880066,2.1735202970963057,2.173670130028897,-0.6500248849307348,0.6501127315353511,0.651488365444572,0.6526077092302345,0.33929650014977075,4.484589205628884,0.8071905398943637,1.2537729947657142e-06,0.00395293867585561,17.51721086216149,0.0015379888166075417,0.06287667367896789,4.185403065026069,-0.007578140562750135,-0.8455179001843064,0.0029131302119011554,177675.20923984854,133671.91601032845,146201.44392443742,151428.01294139217,0.045,39.309769377572536,24.0,1.0,0.06279305059056955,0.0036046709471770477,0.11517691394923057,8.994206115121298,-1.0
low_effective_mass,high_5_15_hz,alpha_beta_gamma,iv,True,True,20,0.0,0.0,-0.8814613676450621,0.8827003779308946,0.8876798264812199,0.8914443867525845,-1.100937114248523,1.100304077155106,1.1138424227675632,1.1171254524860823,-0.5207322989188341,0.5225037452784498,0.5305775415358572,0.5325591625288036,-0.5028340869101413,0.5049070950602148,0.5114326573624655,0.5180934637118998,-1.4228721249077139,1.4230911805525075,1.454289104689561,1.4674552889229155,1.0870877000841976,1.0942607947485397,1.1302792903131074,1.1393081644511214,-0.32550797580591817,0.3253246859831722,0.32699416053403046,0.3273372125752585,-2.1713197357198823,2.171263597880066,2.1735202970963057,2.173670130028897,-0.6500248849307348,0.6501127315353511,0.651488365444572,0.6526077092302345,0.35525184700285484,4.484589205628884,0.8071905398943637,1.2537729947657142e-06,0.00395293867585561,17.51721086216149,0.0015379888166075417,0.06287667367896789,4.185403065026069,-0.007578140562750135,-0.8455179001843064,0.0029131302119011554,177675.20923984854,133671.91601032845,146201.44392443742,151428.01294139217,0.045,39.309769377572536,24.0,1.0,0.06279305059056955,0.0036046709471770477,0.11517691394923057,8.994206115121298,0.6505740583385216
low_effective_mass,high_5_15_hz,centered_savitzky_golay,ols,False,True,20,0.0,0.0,0.018974137558187325,0.0197543273032854,0.022955751693102534,0.025263764516370392,-0.1583701972006196,0.1582415436258419,0.16186274573433154,0.1627016825414543,0.6605162748870329,0.6606940654342982,0.6754307894278256,0.6761240045826041,-0.21663892451106115,0.21641028244740715,0.21847184773875275,0.21871840743394727,-0.35296798641469557,0.35281574205158817,0.35676941682513563,0.35713138355607243,-0.3977615402857081,0.3978412510425132,0.4031385746778138,0.4033854313487836,-0.2359782252892896,0.23593285687863508,0.23724997147608481,0.23765452880115,-0.3846248872655612,0.38434644199797774,0.38840852503118906,0.3890641418333129,-0.4412625817406684,0.44127224262777587,0.44464615411298164,0.4455889097699067,0.04997906420526288,2.0025622365675018,0.6008139976792524,1.2537729947657142e-06,0.00395293867585561,17.51721086216149,0.0015379888166075417,0.06287667367896789,4.185403065026069,-0.007578140562750135,-0.8455179001843064,0.0029131302119011554,177675.20923984854,133671.91601032845,146201.44392443742,151428.01294139217,0.0,47.06947881100554,92.0,1.0,0.06279305059056955,0.0036046709471770477,0.11517691394923057,8.994206115121298,-1.0
low_effective_mass,high_5_15_hz,centered_savitzky_golay,tls,False,True,20,0.0,0.0,0.03165413899284575,0.03227257960024626,0.03524584300682628,0.03752231193368781,-0.1534264855955116,0.15334916535265047,0.15690413241371556,0.1577095815012676,0.6935097113512927,0.6939128246451969,0.7074798366836724,0.7080431532605808,-0.21949621918287376,0.2193020603091122,0.221245390837588,0.2214440735656443,-0.35951180458131604,0.35935837834245854,0.3632124844319917,0.3637602004400504,-0.40949576498311646,0.4096504455921274,0.41434154345919705,0.41453469832360906,-0.2359782252892896,0.23593285687863508,0.23724997147608481,0.23765452880115,-0.3846248872655612,0.38434644199797774,0.38840852503118906,0.3890641418333129,-0.4412625817406684,0.44127224262777587,0.44464615411298164,0.4455889097699067,0.05018097989525983,2.0025622365675018,0.6008139976792524,1.2537729947657142e-06,0.00395293867585561,17.51721086216149,0.0015379888166075417,0.06287667367896789,4.185403065026069,-0.007578140562750135,-0.8455179001843064,0.0029131302119011554,177675.20923984854,133671.91601032845,146201.44392443742,151428.01294139217,0.0,47.06947881100554,92.0,1.0,0.06279305059056955,0.0036046709471770477,0.11517691394923057,8.994206115121298,-1.0
low_effective_mass,high_5_15_hz,centered_savitzky_golay,iv,False,True,20,0.0,0.0,0.06737775181255891,0.0688579283872219,0.08101161681229573,0.08282541980397601,-0.16398790988600032,0.16385504459342268,0.1673212004473792,0.1674708357272065,0.7117672882874596,0.7081179957906122,0.7342391080899898,0.7423975764539622,-0.21033871903514387,0.21033413737127288,0.2118879945691898,0.21255266311706672,-0.38145772517915577,0.38048128283989757,0.3897827003345055,0.39200156774768363,-0.415752462599447,0.41456034734228053,0.4233775752413806,0.42607817325185426,-0.2359782252892896,0.23593285687863508,0.23724997147608481,0.23765452880115,-0.3846248872655612,0.38434644199797774,0.38840852503118906,0.3890641418333129,-0.4412625817406684,0.44127224262777587,0.44464615411298164,0.4455889097699067,0.0524289376770464,2.0025622365675018,0.6008139976792524,1.2537729947657142e-06,0.00395293867585561,17.51721086216149,0.0015379888166075417,0.06287667367896789,4.185403065026069,-0.007578140562750135,-0.8455179001843064,0.0029131302119011554,177675.20923984854,133671.91601032845,146201.44392443742,151428.01294139217,0.0,47.06947881100554,92.0,1.0,0.06279305059056955,0.0036046709471770477,0.11517691394923057,8.994206115121298,0.39022103979004463
low_effective_mass,wide_0p5_20_hz,backward_difference,ols,True,True,20,0.0,0.0,-0.31242334523624116,0.31094750638107105,0.329509061849601,0.330581573320318,-0.4619408047577382,0.4624919725186585,0.4709816776817449,0.472565023741432,-0.7169620651651096,0.7176759601486351,0.760751196223054,0.7640561942758275,0.5633459070402332,0.5624174218872025,0.6742065525446423,0.6871689252052012,0.22475940343247097,0.22923713678551474,0.338636893217083,0.35541884655824096,2.5656182099832976,2.542032512523461,3.179791752756987,3.238297322240529,-0.1427759685477166,0.1404792693094286,0.15352511069346703,0.15449898357901554,-1.2680380722728894,1.2600655156266158,1.3841704817040088,1.4021514211797461,-0.37028029965376447,0.36404426763649067,0.40537119693082424,0.4069746485152873,0.34030819479233393,1.5298922086106779,0.31442121977607845,1.204831059385044e-06,0.002783188981366799,14.392812784414508,0.0015757541246427514,0.052757492625260145,3.793836269399549,-0.004323774407785546,-0.6712150453562455,0.00144957530538028,235105.56247265416,94104.5208307532,151436.72935802166,149635.57994136953,0.005,0.0,8.0,0.9999999971575539,0.04766178080711779,0.0036758002137769505,0.11517228865976126,9.042254007805003,-1.0
low_effective_mass,wide_0p5_20_hz,backward_difference,tls,True,True,20,0.0,0.0,-0.018391157686749128,0.01784724921298126,0.026405341109269558,0.027167180109591224,-0.4882665879725872,0.48836750719245714,0.5042046067509905,0.5053813087463963,-0.5465479586461363,0.5472920058238073,0.6012915279335141,0.6040452895479123,0.4743254759144119,0.47302353401180686,0.5648031735519399,0.5737223223676194,-0.23085507478545172,0.228570558739005,0.2894716794295164,0.29222312156052127,1.2179002202352478,1.2089302734728395,1.5081045356794642,1.5255413652188499,-0.1427759685477166,0.1404792693094286,0.15352511069346703,0.15449898357901554,-1.2680380722728894,1.2600655156266158,1.3841704817040088,1.4021514211797461,-0.37028029965376447,0.36404426763649067,0.40537119693082424,0.4069746485152873,0.371163470997126,1.5298922086106779,0.31442121977607845,1.204831059385044e-06,0.002783188981366799,14.392812784414508,0.0015757541246427514,0.052757492625260145,3.793836269399549,-0.004323774407785546,-0.6712150453562455,0.00144957530538028,235105.56247265416,94104.5208307532,151436.72935802166,149635.57994136953,0.005,0.0,8.0,0.9999999971575539,0.04766178080711779,0.0036758002137769505,0.11517228865976126,9.042254007805003,-1.0
low_effective_mass,wide_0p5_20_hz,backward_difference,iv,True,True,20,0.0,0.0,0.042543001475160484,0.040447967903115035,0.07037132740788558,0.08008009247467575,-0.42934878905350693,0.427494815662169,0.449873109805041,0.45947324435480474,0.12116674285516478,0.12312852336296837,0.13543839284364018,0.1496498240112007,-0.03570117616834985,0.034842757703876064,0.04240791965162576,0.04551381529171481,-0.47203291318663415,0.47271271693427064,0.49652868927731947,0.50492526046527,-0.10795810360522902,0.10962994552403363,0.11927573100491802,0.1301699186010076,-0.1427759685477166,0.1404792693094286,0.15352511069346703,0.15449898357901554,-1.2680380722728894,1.2600655156266158,1.3841704817040088,1.4021514211797461,-0.37028029965376447,0.36404426763649067,0.40537119693082424,0.4069746485152873,0.6037395257279442,1.5298922086106779,0.31442121977607845,1.204831059385044e-06,0.002783188981366799,14.392812784414508,0.0015757541246427514,0.052757492625260145,3.793836269399549,-0.004323774407785546,-0.6712150453562455,0.00144957530538028,235105.56247265416,94104.5208307532,151436.72935802166,149635.57994136953,0.005,0.0,8.0,0.9999999971575539,0.04766178080711779,0.0036758002137769505,0.11517228865976126,9.042254007805003,0.35173668810693004
low_effective_mass,wide_0p5_20_hz,causal_low_pass,ols,True,True,20,0.0,0.0,-0.03897161356487879,0.03790452293553813,0.044888584713790036,0.04684549892656264,-0.38364668648070055,0.383178827478608,0.39358205413101416,0.3962996300522567,-0.05730985025322015,0.05686694961456601,0.08024668279837394,0.08401774121585076,0.009749217798357763,0.00924339967655461,0.018906536275593477,0.02216224953374776,-0.35235939417510764,0.3515247602760247,0.3683856722814766,0.37258503633439516,0.061027327429281054,0.060295979437496164,0.08724901505440316,0.09172420143526985,-0.08390228892981816,0.08420888061454535,0.08671926010865441,0.08776651413287258,-0.49758039995877895,0.4963308474118856,0.5067724194907477,0.5098368608953628,-0.1720114701838436,0.17298992629965335,0.17798210291507358,0.17880755190720307,0.10262816171686892,1.5504493671822526,0.38379074013347614,1.204831059385044e-06,0.002783188981366799,14.392812784414508,0.0015757541246427514,0.052757492625260145,3.793836269399549,-0.004323774407785546,-0.6712150453562455,0.00144957530538028,235105.56247265416,94104.5208307532,151436.72935802166,149635.57994136953,0.015,16.104260735643763,20.0,0.9999999971575539,0.04766178080711779,0.0036758002137769505,0.11517228865976126,9.042254007805003,-1.0
low_effective_mass,wide_0p5_20_hz,causal_low_pass,tls,True,True,20,0.0,0.0,-0.004806286570960935,0.004239241632529816,0.008550328822473443,0.009833644006995238,-0.38259491321297007,0.3820560131202241,0.39290570300683797,0.3957576898324454,-0.0085903681597405,0.00920873268526537,0.028196123622785407,0.031090337609656904,0.001958031313758243,0.0039615113088110835,0.010249892842919262,0.013267036945072015,-0.37837365609562534,0.37748792382253044,0.39283860986550845,0.3970596791605274,0.008817258763603605,0.009223710892401905,0.029014693654024166,0.03208796321935274,-0.08390228892981816,0.08420888061454535,0.08671926010865441,0.08776651413287258,-0.49758039995877895,0.4963308474118856,0.5067724194907477,0.5098368608953628,-0.1720114701838436,0.17298992629965335,0.17798210291507358,0.17880755190720307,0.10367837625095239,1.5504493671822526,0.38379074013347614,1.204831059385044e-06,0.002783188981366799,14.392812784414508,0.0015757541246427514,0.052757492625260145,3.793836269399549,-0.004323774407785546,-0.6712150453562455,0.00144957530538028,235105.56247265416,94104.5208307532,151436.72935802166,149635.57994136953,0.015,16.104260735643763,20.0,0.9999999971575539,0.04766178080711779,0.0036758002137769505,0.11517228865976126,9.042254007805003,-1.0
low_effective_mass,wide_0p5_20_hz,causal_low_pass,iv,True,True,20,0.0,0.0,0.018738570294493655,0.01967671751488903,0.02844250881722161,0.030768362419021665,-0.361543401653297,0.36107658534604303,0.370572977416896,0.37407417234925067,0.17075692220309818,0.17021270057878762,0.18262625745265554,0.1894918072918736,-0.06717065204737213,0.06647190292558627,0.07221420186443081,0.07279984657271754,-0.4153623669349978,0.41507281935194323,0.42691369835193094,0.4275748711891894,-0.1458009033051502,0.14545417641091438,0.15442282987679226,0.15930484441359152,-0.08390228892981816,0.08420888061454535,0.08671926010865441,0.08776651413287258,-0.49758039995877895,0.4963308474118856,0.5067724194907477,0.5098368608953628,-0.1720114701838436,0.17298992629965335,0.17798210291507358,0.17880755190720307,0.11384572389971678,1.5504493671822526,0.38379074013347614,1.204831059385044e-06,0.002783188981366799,14.392812784414508,0.0015757541246427514,0.052757492625260145,3.793836269399549,-0.004323774407785546,-0.6712150453562455,0.00144957530538028,235105.56247265416,94104.5208307532,151436.72935802166,149635.57994136953,0.015,16.104260735643763,20.0,0.9999999971575539,0.04766178080711779,0.0036758002137769505,0.11517228865976126,9.042254007805003,0.35325966195560576
low_effective_mass,wide_0p5_20_hz,causal_polynomial,ols,True,True,20,0.0,0.0,-0.3155694413345042,0.3152206018093,0.3189134879468571,0.32116542434621087,-2.279076089245321,2.2808383205989307,2.2889351423624764,2.2892978840238216,0.4023431017213216,0.4046989390337394,0.4140036905408521,0.41545942460012947,-0.30137811812950316,0.30116117705944256,0.3044031798792966,0.3044899358325015,-2.305583089298682,2.305114905170927,2.31294766095685,2.3135545845320964,-0.28688112696010176,0.2881036832910443,0.292788227909703,0.29351560163407564,-0.5205762682354986,0.5205198104383901,0.5217308233802881,0.5223152300358815,-2.844635726268895,2.8445002241533635,2.8496209171921856,2.850949181625427,-0.9023092832956664,0.9025648944869268,0.9029880366431201,0.9030010431467368,0.5253747276865162,6.254255051233919,0.9372050625089662,1.204831059385044e-06,0.002783188981366799,14.392812784414508,0.0015757541246427514,0.052757492625260145,3.793836269399549,-0.004323774407785546,-0.6712150453562455,0.00144957530538028,235105.56247265416,94104.5208307532,151436.72935802166,149635.57994136953,0.035,31.854208817575685,92.0,0.9999999971575539,0.04766178080711779,0.0036758002137769505,0.11517228865976126,9.042254007805003,-1.0
low_effective_mass,wide_0p5_20_hz,causal_polynomial,tls,True,True,20,0.0,0.0,1.4805048398065699,1.4834780189021686,1.4979194892099663,1.4981416632973097,-9.635268278062174,9.650870043860778,9.683175402539428,9.696129181824729,8.149387297093412,8.165189212761018,8.200459157209943,8.2187245689936,-0.4793147003162068,0.47930299763378115,0.48051622751484196,0.48098245204500184,-2.8126294672981333,2.812646637711186,2.817027389966143,2.818154401240087,-0.8906992710540316,0.8908914251787245,0.8913097498765558,0.8915251244881081,-0.5205762682354986,0.5205198104383901,0.5217308233802881,0.5223152300358815,-2.844635726268895,2.8445002241533635,2.8496209171921856,2.850949181625427,-0.9023092832956664,0.9025648944869268,0.9029880366431201,0.9030010431467368,1.2963517738814496,6.254255051233919,0.9372050625089662,1.204831059385044e-06,0.002783188981366799,14.392812784414508,0.0015757541246427514,0.052757492625260145,3.793836269399549,-0.004323774407785546,-0.6712150453562455,0.00144957530538028,235105.56247265416,94104.5208307532,151436.72935802166,149635.57994136953,0.035,31.854208817575685,92.0,0.9999999971575539,0.04766178080711779,0.0036758002137769505,0.11517228865976126,9.042254007805003,-1.0
low_effective_mass,wide_0p5_20_hz,causal_polynomial,iv,True,True,20,0.0,1.0,-1.037214863273189,1.0381479415617856,1.0443414391946235,1.0465147275660773,-1.1788009057639448,1.1780514865773735,1.1937895645820464,1.2051733647558354,-0.5511481908234744,0.5522253060843326,0.5683271903841173,0.5777979926068069,1000000000.0,1000000000.0,1000000000.0,1000000000.0,1000000000.0,1000000000.0,1000000000.0,1000000000.0,1000000000.0,1000000000.0,1000000000.0,1000000000.0,-0.5205762682354986,0.5205198104383901,0.5217308233802881,0.5223152300358815,-2.844635726268895,2.8445002241533635,2.8496209171921856,2.850949181625427,-0.9023092832956664,0.9025648944869268,0.9029880366431201,0.9030010431467368,0.6020075595995951,6.254255051233919,0.9372050625089662,1.204831059385044e-06,0.002783188981366799,14.392812784414508,0.0015757541246427514,0.052757492625260145,3.793836269399549,-0.004323774407785546,-0.6712150453562455,0.00144957530538028,235105.56247265416,94104.5208307532,151436.72935802166,149635.57994136953,0.035,31.854208817575685,92.0,0.9999999971575539,0.04766178080711779,0.0036758002137769505,0.11517228865976126,9.042254007805003,0.5334154470358984
low_effective_mass,wide_0p5_20_hz,alpha_beta_gamma,ols,True,True,20,0.0,0.0,-0.12838786003642508,0.1282045706458348,0.13098333559560527,0.13237124344918982,-1.9845783083715525,1.9840563413180026,1.9914294863514381,1.991958871003407,0.06488237561126194,0.06472959426633812,0.07155459886231469,0.07256054895187519,-0.0952835160370361,0.09498995663484033,0.09790168260054562,0.0980796846795175,-2.0219696805244167,2.0219193064532486,2.0250160090230005,2.027507631487555,-0.06091616704707117,0.06079433988956344,0.06677639440420148,0.06765170416046225,-0.39228795251303394,0.39251394429573205,0.3935429953870405,0.39478783116487765,-2.1552764470617283,2.155318312314588,2.156883367118649,2.157150607620809,-0.6992547333564685,0.699247748650199,0.7015390786200909,0.7030809247151986,0.23350178022784174,3.551289904442769,0.77989848706012,1.204831059385044e-06,0.002783188981366799,14.392812784414508,0.0015757541246427514,0.052757492625260145,3.793836269399549,-0.004323774407785546,-0.6712150453562455,0.00144957530538028,235105.56247265416,94104.5208307532,151436.72935802166,149635.57994136953,0.04,39.30976937757255,24.0,0.9999999971575539,0.04766178080711779,0.0036758002137769505,0.11517228865976126,9.042254007805003,-1.0
low_effective_mass,wide_0p5_20_hz,alpha_beta_gamma,tls,True,True,20,0.0,0.0,0.18125372422177513,0.18069559327064866,0.1859141083088726,0.186012347350942,-2.7648750726760674,2.7635189011417243,2.773873504675482,2.7762369199672756,0.9608950007468637,0.9598105127074172,0.9740381102066681,0.9790793300009006,-0.22384900305878136,0.22367082331236593,0.22587669183755968,0.22597354763646674,-2.159618410035971,2.1596694494284794,2.16197554790992,2.16270857844259,-0.4900193344275797,0.48974649448398,0.4934239935652133,0.4947145448689291,-0.39228795251303394,0.39251394429573205,0.3935429953870405,0.39478783116487765,-2.1552764470617283,2.155318312314588,2.156883367118649,2.157150607620809,-0.6992547333564685,0.699247748650199,0.7015390786200909,0.7030809247151986,0.28322854908762385,3.551289904442769,0.77989848706012,1.204831059385044e-06,0.002783188981366799,14.392812784414508,0.0015757541246427514,0.052757492625260145,3.793836269399549,-0.004323774407785546,-0.6712150453562455,0.00144957530538028,235105.56247265416,94104.5208307532,151436.72935802166,149635.57994136953,0.04,39.30976937757255,24.0,0.9999999971575539,0.04766178080711779,0.0036758002137769505,0.11517228865976126,9.042254007805003,-1.0
low_effective_mass,wide_0p5_20_hz,alpha_beta_gamma,iv,True,True,20,0.0,0.0,-0.3499527124362821,0.3506253291782026,0.3549167552215209,0.35972164521677313,-1.8032264821474828,1.802059863939009,1.8147629574669322,1.8148254122151815,0.10283397183165373,0.1036524786271395,0.11661623468560672,0.11722888125609815,-0.2322463505510048,0.23241565394796695,0.23509580239896558,0.23617534715816924,-1.9486505478945095,1.9483001932311743,1.9530396726608015,1.9548937711919776,-0.0931773750488246,0.09391593075459967,0.10443715148284739,0.10492825885802208,-0.39228795251303394,0.39251394429573205,0.3935429953870405,0.39478783116487765,-2.1552764470617283,2.155318312314588,2.156883367118649,2.157150607620809,-0.6992547333564685,0.699247748650199,0.7015390786200909,0.7030809247151986,0.25539206863223385,3.551289904442769,0.77989848706012,1.204831059385044e-06,0.002783188981366799,14.392812784414508,0.0015757541246427514,0.052757492625260145,3.793836269399549,-0.004323774407785546,-0.6712150453562455,0.00144957530538028,235105.56247265416,94104.5208307532,151436.72935802166,149635.57994136953,0.04,39.30976937757255,24.0,0.9999999971575539,0.04766178080711779,0.0036758002137769505,0.11517228865976126,9.042254007805003,0.5317070375005799
low_effective_mass,wide_0p5_20_hz,centered_savitzky_golay,ols,False,True,20,0.0,0.0,0.020956863660513855,0.021307365319347866,0.024433169369675847,0.025709594349793294,-0.14574616197832677,0.14556968576492224,0.1527821027063093,0.1540518695073958,0.6345650761572567,0.6355983395389327,0.649689769219174,0.6504293642923517,-0.209672279483836,0.20947230068595607,0.21271965338321933,0.2136792604685047,-0.33871261247411527,0.33766196123406095,0.3457596735506854,0.34924106011715084,-0.3881937636554489,0.3886029472282128,0.39382541540069915,0.3940970624763659,-0.24800879241766274,0.2485325116390015,0.24992027385004803,0.25067090550217014,-0.38668213324483797,0.38595206118904396,0.39303893009517915,0.39503603065763093,-0.4607743105717111,0.46161752333468103,0.46394401838322924,0.4640788390185648,0.05419316793710499,1.7892758347858715,0.523859137058841,1.204831059385044e-06,0.002783188981366799,14.392812784414508,0.0015757541246427514,0.052757492625260145,3.793836269399549,-0.004323774407785546,-0.6712150453562455,0.00144957530538028,235105.56247265416,94104.5208307532,151436.72935802166,149635.57994136953,0.0,47.06947881100553,92.0,0.9999999971575539,0.04766178080711779,0.0036758002137769505,0.11517228865976126,9.042254007805003,-1.0
low_effective_mass,wide_0p5_20_hz,centered_savitzky_golay,tls,False,True,20,0.0,0.0,0.03238436265708422,0.03279152205882516,0.035715058397406046,0.037040796212827444,-0.1396494386094366,0.1393972569291182,0.14696567794779175,0.14813025960571338,0.670499647110656,0.6711333668008985,0.685212447313349,0.6861774416179439,-0.2138562158185086,0.21360805280721198,0.2168124890611143,0.21775159243459274,-0.344852427463936,0.34384619384322646,0.35176634460498657,0.3551675394964752,-0.40135529857267577,0.40160371015135815,0.4066029960538568,0.40694260561304485,-0.24800879241766274,0.2485325116390015,0.24992027385004803,0.25067090550217014,-0.38668213324483797,0.38595206118904396,0.39303893009517915,0.39503603065763093,-0.4607743105717111,0.46161752333468103,0.46394401838322924,0.4640788390185648,0.05438697741998229,1.7892758347858715,0.523859137058841,1.204831059385044e-06,0.002783188981366799,14.392812784414508,0.0015757541246427514,0.052757492625260145,3.793836269399549,-0.004323774407785546,-0.6712150453562455,0.00144957530538028,235105.56247265416,94104.5208307532,151436.72935802166,149635.57994136953,0.0,47.06947881100553,92.0,0.9999999971575539,0.04766178080711779,0.0036758002137769505,0.11517228865976126,9.042254007805003,-1.0
low_effective_mass,wide_0p5_20_hz,centered_savitzky_golay,iv,False,True,20,0.0,0.0,-0.057714409217043815,0.05642081964070257,0.06852853966004684,0.06902427965943464,-0.17657984055879422,0.17649245558365817,0.18316217356124767,0.18367378022474376,0.3081910605190336,0.30799677115144947,0.33030416650086186,0.3314839736691741,-0.15127343271728377,0.1506881708195243,0.1552269434154552,0.15769835695946322,-0.25830605205662416,0.2594672919363235,0.26865240510307686,0.2700579289956726,-0.23548990256606958,0.2354715252927834,0.24829218268754374,0.2489582903170083,-0.24800879241766274,0.2485325116390015,0.24992027385004803,0.25067090550217014,-0.38668213324483797,0.38595206118904396,0.39303893009517915,0.39503603065763093,-0.4607743105717111,0.46161752333468103,0.46394401838322924,0.4640788390185648,0.0639857296183185,1.7892758347858715,0.523859137058841,1.204831059385044e-06,0.002783188981366799,14.392812784414508,0.0015757541246427514,0.052757492625260145,3.793836269399549,-0.004323774407785546,-0.6712150453562455,0.00144957530538028,235105.56247265416,94104.5208307532,151436.72935802166,149635.57994136953,0.0,47.06947881100553,92.0,0.9999999971575539,0.04766178080711779,0.0036758002137769505,0.11517228865976126,9.042254007805003,0.37618978125868474
high_effective_mass,low_0p25_2_hz,backward_difference,ols,True,True,20,0.0,1.0,-0.6745050760347866,0.6747761920868609,0.6757195938142205,0.6757994402177997,0.4822121157100455,0.4808876219427461,0.5044103315212243,0.5155214882701777,-1.0035024163791118,1.0034898831186077,1.0036229539612795,1.0036405430866469,1000000000.0,1000000000.0,1000000000.0,1000000000.0,1000000000.0,1000000000.0,1000000000.0,1000000000.0,1000000000.0,1000000000.0,1000000000.0,1000000000.0,1000000000.0,1000000000.0,1000000000.0,1000000000.0,1000000000.0,1000000000.0,1000000000.0,1000000000.0,1000000000.0,1000000000.0,1000000000.0,1000000000.0,0.4161891500999264,1.7303466727987324,0.4984871768351172,7.282450025979359e-06,0.0004095941260797826,0.022097271228990606,0.0031004292288640766,0.02024992955214894,0.14949706875181323,0.02852958366907509,-0.9007979679163672,0.09254035926131161,351223.2374922743,13392.162596732382,224775.61513710706,101873.45845350162,0.005,0.0,8.0,0.9999990561676864,0.015982187725231297,0.0065686849902180265,0.04615614918426092,0.43814812191763003,-1.0
high_effective_mass,low_0p25_2_hz,backward_difference,tls,True,True,20,0.0,1.0,-0.5335965446037567,0.5340257754283659,0.541212079622552,0.5442546421167055,2.4921515302890294,2.486214772758542,2.7516753637384963,2.8077999669871416,-1.0125392241742819,1.012669555676271,1.0134416812202314,1.0136729968951161,1000000000.0,1000000000.0,1000000000.0,1000000000.0,1000000000.0,1000000000.0,1000000000.0,1000000000.0,1000000000.0,1000000000.0,1000000000.0,1000000000.0,1000000000.0,1000000000.0,1000000000.0,1000000000.0,1000000000.0,1000000000.0,1000000000.0,1000000000.0,1000000000.0,1000000000.0,1000000000.0,1000000000.0,0.4975389925771459,1.7303466727987324,0.4984871768351172,7.282450025979359e-06,0.0004095941260797826,0.022097271228990606,0.0031004292288640766,0.02024992955214894,0.14949706875181323,0.02852958366907509,-0.9007979679163672,0.09254035926131161,351223.2374922743,13392.162596732382,224775.61513710706,101873.45845350162,0.005,0.0,8.0,0.9999990561676864,0.015982187725231297,0.0065686849902180265,0.04615614918426092,0.43814812191763003,-1.0
high_effective_mass,low_0p25_2_hz,backward_difference,iv,True,True,20,0.0,0.1,-0.6080280958878276,0.7246249213254987,0.8850090102471678,0.9110023230116239,3.6337326775664054,4.384100152470442,5.414413341813317,5.616454833969551,-0.6897954916313918,0.8372768428603543,1.0086003471319491,1.0374260668780848,0.3174423508895332,0.22267834888802784,0.7956926171862069,0.8554114945113318,26.598030192278067,18.95954899276398,62.981850111633136,68.2051260019321,6.661117680220484,3.7701698480001538,18.564058981498636,19.23625197533202,1000000000.0,1000000000.0,1000000000.0,1000000000.0,1000000000.0,1000000000.0,1000000000.0,1000000000.0,1000000000.0,1000000000.0,1000000000.0,1000000000.0,4.420158871908012,1.7303466727987324,0.4984871768351172,7.282450025979359e-06,0.0004095941260797826,0.022097271228990606,0.0031004292288640766,0.02024992955214894,0.14949706875181323,0.02852958366907509,-0.9007979679163672,0.09254035926131161,351223.2374922743,13392.162596732382,224775.61513710706,101873.45845350162,0.005,0.0,8.0,0.9999990561676864,0.015982187725231297,0.0065686849902180265,0.04615614918426092,0.43814812191763003,0.000468292996339754
high_effective_mass,low_0p25_2_hz,causal_low_pass,ols,True,True,20,0.0,0.0,-0.6613122976117674,0.6615181379894621,0.6633487491767034,0.6635428653535868,0.7604726114588768,0.7598417879183705,0.7698570666630314,0.7855978371679384,-0.9935999085299029,0.9937159478322073,0.9950025934404289,0.9950468492818214,6.338498635859307,6.3324357700431495,7.2171632566761135,7.2418384848587944,37.155141358909084,37.240523974420114,41.73674234454782,42.73992243712472,158.9797619872513,158.18559668021427,199.10462439369863,200.89169619448177,-0.073166059694719,0.07514421620486966,0.08417114975747356,0.08428903523588958,-5.072545570926215,5.1152787558621835,5.765901609792965,5.7722238868628395,-0.42409264226113186,0.43707556020427113,0.47642869142907857,0.48409716085860227,0.3992120096824834,1.224249052903637,0.1597839575193571,7.282450025979359e-06,0.0004095941260797826,0.022097271228990606,0.0031004292288640766,0.02024992955214894,0.14949706875181323,0.02852958366907509,-0.9007979679163672,0.09254035926131161,351223.2374922743,13392.162596732382,224775.61513710706,101873.45845350162,0.02,16.104260735643763,20.0,0.9999990561676864,0.015982187725231297,0.0065686849902180265,0.04615614918426092,0.43814812191763003,-1.0
high_effective_mass,low_0p25_2_hz,causal_low_pass,tls,True,True,20,0.0,0.0,-0.487409152373613,0.48731632094269084,0.4904401122249848,0.49201593744139377,1.5193795648704183,1.5184934123355442,1.5491213508358843,1.570409446287346,-0.9842694951003246,0.9844915397888514,0.9876619689159002,0.9877294339581502,4.755213972459603,4.739789900368944,5.430614009250558,5.434173162816609,27.304033064061677,27.315624806944204,30.84055890454464,31.557044001443046,63.99400852901131,63.48577708991688,80.05033737114084,80.49583292159548,-0.073166059694719,0.07514421620486966,0.08417114975747356,0.08428903523588958,-5.072545570926215,5.1152787558621835,5.765901609792965,5.7722238868628395,-0.42409264226113186,0.43707556020427113,0.47642869142907857,0.48409716085860227,0.43742146776157576,1.224249052903637,0.1597839575193571,7.282450025979359e-06,0.0004095941260797826,0.022097271228990606,0.0031004292288640766,0.02024992955214894,0.14949706875181323,0.02852958366907509,-0.9007979679163672,0.09254035926131161,351223.2374922743,13392.162596732382,224775.61513710706,101873.45845350162,0.02,16.104260735643763,20.0,0.9999990561676864,0.015982187725231297,0.0065686849902180265,0.04615614918426092,0.43814812191763003,-1.0
high_effective_mass,low_0p25_2_hz,causal_low_pass,iv,True,True,20,0.0,0.0,-0.21197164297452709,0.2019622425765075,0.5950746811486272,0.6124918684431061,1.0806692039150967,1.3275428036504726,3.7094760859217164,3.8396843068287274,-0.22264492016108878,0.21097031325675725,0.6346875750094216,0.6612067152292311,0.013675255603497966,0.01031852028355918,0.05338332991744821,0.06948085195220025,2.8173151539415815,1.6785778325894385,11.248288222359388,12.357009244816192,0.4698581857439047,0.2322699747741761,1.7381984805218569,1.951652364292317,-0.073166059694719,0.07514421620486966,0.08417114975747356,0.08428903523588958,-5.072545570926215,5.1152787558621835,5.765901609792965,5.7722238868628395,-0.42409264226113186,0.43707556020427113,0.47642869142907857,0.48409716085860227,3.10703745517483,1.224249052903637,0.1597839575193571,7.282450025979359e-06,0.0004095941260797826,0.022097271228990606,0.0031004292288640766,0.02024992955214894,0.14949706875181323,0.02852958366907509,-0.9007979679163672,0.09254035926131161,351223.2374922743,13392.162596732382,224775.61513710706,101873.45845350162,0.02,16.104260735643763,20.0,0.9999990561676864,0.015982187725231297,0.0065686849902180265,0.04615614918426092,0.43814812191763003,0.013775177269512471
high_effective_mass,low_0p25_2_hz,causal_polynomial,ols,True,True,20,0.0,0.0,-0.4631164119646753,0.4639544181943286,0.4944621868154426,0.49911023625929524,0.14708754295731125,0.14871122574936235,0.1789025606670808,0.20498590307548276,-0.7088574250022465,0.7088372252370528,0.7515192415050772,0.7616813384574088,0.36178784580442874,0.3568739055306269,0.4291382652664577,0.4497464457260845,1.920958070298623,1.8590695763311893,2.3895088785621073,2.4081742091287803,2.471780634214258,2.4346810701962833,3.024825068639323,3.1960625052490275,0.015424904677366033,0.015212639512825171,0.024568506116818375,0.02672899626501506,-1.294852321529119,1.3074219407853311,1.5410544420817305,1.5678817194418766,-0.018077348706722125,0.025664351275913044,0.04633812334464096,0.05866308091810435,0.34629386964951603,2.2710619697545904,0.6592175355742502,7.282450025979359e-06,0.0004095941260797826,0.022097271228990606,0.0031004292288640766,0.02024992955214894,0.14949706875181323,0.02852958366907509,-0.9007979679163672,0.09254035926131161,351223.2374922743,13392.162596732382,224775.61513710706,101873.45845350162,0.005,31.85420881757568,92.0,0.9999990561676864,0.015982187725231297,0.0065686849902180265,0.04615614918426092,0.43814812191763003,-1.0
high_effective_mass,low_0p25_2_hz,causal_polynomial,tls,True,True,20,0.0,0.0,-0.16139187220957427,0.1611009596322893,0.1836034232177182,0.19379098573389636,-0.2807589904743958,0.27345798033231417,0.35042853708251154,0.402131290845395,-0.44655025056127656,0.44453863360194157,0.49719836307872767,0.5145620783889742,0.2322203534575928,0.2275101067194999,0.27426506273992574,0.2887152714931747,0.058278730481901186,0.07426865461161036,0.17879982783086154,0.22646608498315918,0.813362636052838,0.8003215529071073,0.9889849630158625,1.0599956358606961,0.015424904677366033,0.015212639512825171,0.024568506116818375,0.02672899626501506,-1.294852321529119,1.3074219407853311,1.5410544420817305,1.5678817194418766,-0.018077348706722125,0.025664351275913044,0.04633812334464096,0.05866308091810435,0.41483270326637806,2.2710619697545904,0.6592175355742502,7.282450025979359e-06,0.0004095941260797826,0.022097271228990606,0.0031004292288640766,0.02024992955214894,0.14949706875181323,0.02852958366907509,-0.9007979679163672,0.09254035926131161,351223.2374922743,13392.162596732382,224775.61513710706,101873.45845350162,0.005,31.85420881757568,92.0,0.9999990561676864,0.015982187725231297,0.0065686849902180265,0.04615614918426092,0.43814812191763003,-1.0
high_effective_mass,low_0p25_2_hz,causal_polynomial,iv,True,True,20,0.0,0.0,-0.15502178678857162,0.2876473774667676,0.7115199331487563,0.7634716645235567,0.14221109185988445,2.0270837173358913,4.4942820488218285,5.973513723198785,-0.24977326825217436,0.33844863891967175,0.7897346767027892,0.8929106091190107,0.10787209478696111,0.060559452416632534,0.27868517961553463,0.4861695663037723,4.1190634673904425,2.4841932009817924,17.002123637656553,33.03283612583567,1.1719411747009953,0.44999830684857345,3.8712539589669746,8.337993164153124,0.015424904677366033,0.015212639512825171,0.024568506116818375,0.02672899626501506,-1.294852321529119,1.3074219407853311,1.5410544420817305,1.5678817194418766,-0.018077348706722125,0.025664351275913044,0.04633812334464096,0.05866308091810435,0.5238706001417992,2.2710619697545904,0.6592175355742502,7.282450025979359e-06,0.0004095941260797826,0.022097271228990606,0.0031004292288640766,0.02024992955214894,0.14949706875181323,0.02852958366907509,-0.9007979679163672,0.09254035926131161,351223.2374922743,13392.162596732382,224775.61513710706,101873.45845350162,0.005,31.85420881757568,92.0,0.9999990561676864,0.015982187725231297,0.0065686849902180265,0.04615614918426092,0.43814812191763003,0.2776143006412636
high_effective_mass,low_0p25_2_hz,alpha_beta_gamma,ols,True,True,20,0.0,0.0,-0.2137802326127503,0.21224180227019995,0.24091986522459893,0.25072229403963936,-0.8700013800222669,0.8837596208704743,0.9298409157881011,0.940459508660614,-0.3340980261788072,0.33252238810001933,0.37421841040129145,0.39236689405458874,0.08689509965496714,0.08637101273836403,0.10137985643420655,0.11045430354062977,-0.8184345737400813,0.8405982501825783,0.9067392261847677,0.92071860025544,0.5038796323109695,0.49817896167312553,0.5980743704137761,0.645729948245839,0.0028139331344910565,0.0033061770259158823,0.005167152786788062,0.00541795580223872,-1.6246658519657344,1.6282688495318927,1.7043188458818235,1.7391618571449012,0.002089496044740402,0.00717341639067004,0.015947592906988613,0.02371469651971797,0.2227540171532035,3.059440540413814,0.7873080077036467,7.282450025979359e-06,0.0004095941260797826,0.022097271228990606,0.0031004292288640766,0.02024992955214894,0.14949706875181323,0.02852958366907509,-0.9007979679163672,0.09254035926131161,351223.2374922743,13392.162596732382,224775.61513710706,101873.45845350162,0.025,39.30976937757258,24.0,0.9999990561676864,0.015982187725231297,0.0065686849902180265,0.04615614918426092,0.43814812191763003,-1.0
high_effective_mass,low_0p25_2_hz,alpha_beta_gamma,tls,True,True,20,0.0,0.0,-0.05519026773103145,0.05433858004083087,0.06738316661378947,0.0676397698737363,-1.3112488098108752,1.2981715312125988,1.374522407169592,1.4034915388704756,-0.1478380615222107,0.14506053070178204,0.171801391664406,0.18151911995619513,0.053033057399150076,0.051888236869257184,0.06117143056233545,0.06730268231866779,-1.3466066368899319,1.3329141382433227,1.4158769238275446,1.4444394267298755,0.17381915737456885,0.16967350050468705,0.2074486935690774,0.22177563872534237,0.0028139331344910565,0.0033061770259158823,0.005167152786788062,0.00541795580223872,-1.6246658519657344,1.6282688495318927,1.7043188458818235,1.7391618571449012,0.002089496044740402,0.00717341639067004,0.015947592906988613,0.02371469651971797,0.241630125558348,3.059440540413814,0.7873080077036467,7.282450025979359e-06,0.0004095941260797826,0.022097271228990606,0.0031004292288640766,0.02024992955214894,0.14949706875181323,0.02852958366907509,-0.9007979679163672,0.09254035926131161,351223.2374922743,13392.162596732382,224775.61513710706,101873.45845350162,0.025,39.30976937757258,24.0,0.9999990561676864,0.015982187725231297,0.0065686849902180265,0.04615614918426092,0.43814812191763003,-1.0
high_effective_mass,low_0p25_2_hz,alpha_beta_gamma,iv,True,True,20,0.0,0.0,0.09483183812605847,0.12229617020133163,0.6811059422137571,0.7880656824418384,-2.548449657601354,2.2483628346632605,7.3207002288463725,8.234121966903635,0.09787836264203528,0.153443091031168,0.7943088812621909,0.9385366956688401,0.004488418042915561,0.020114202889802882,0.040315145932187095,0.054010877363839534,-2.080660485912711,2.174385921767554,4.638379843304622,4.8855909544002065,-0.027177257220414412,0.1530897332509576,0.4863796120772335,0.5287995348863916,0.0028139331344910565,0.0033061770259158823,0.005167152786788062,0.00541795580223872,-1.6246658519657344,1.6282688495318927,1.7043188458818235,1.7391618571449012,0.002089496044740402,0.00717341639067004,0.015947592906988613,0.02371469651971797,0.29834555124824275,3.059440540413814,0.7873080077036467,7.282450025979359e-06,0.0004095941260797826,0.022097271228990606,0.0031004292288640766,0.02024992955214894,0.14949706875181323,0.02852958366907509,-0.9007979679163672,0.09254035926131161,351223.2374922743,13392.162596732382,224775.61513710706,101873.45845350162,0.025,39.30976937757258,24.0,0.9999990561676864,0.015982187725231297,0.0065686849902180265,0.04615614918426092,0.43814812191763003,0.2777499843354607
high_effective_mass,low_0p25_2_hz,centered_savitzky_golay,ols,False,True,20,0.0,0.0,-0.035884489772808885,0.03491958651875365,0.048635204224579294,0.04930729047377857,0.06070521357443801,0.061474336644633976,0.08440640403209769,0.08474605258037897,-0.04064714488109335,0.039462210949387976,0.0600476958801483,0.06225304722680054,0.0024963059338735227,0.0023137985922331347,0.0057158810834266145,0.00725349099701144,0.10307261126769038,0.1038891767590597,0.1474630381783686,0.14798661424202858,0.042481043215425174,0.04108365883662188,0.06388407793712958,0.066385763283687,-0.008826190190473687,0.008812148113904133,0.010632228776120927,0.010980124961083894,-0.004798598425755648,0.012926550735168827,0.04064594187398724,0.05396717323533308,-0.025743303174504628,0.025522348965522357,0.03317802967891792,0.03557514693706548,0.10346579187739594,3.3110306516083883,0.8312744761986524,7.282450025979359e-06,0.0004095941260797826,0.022097271228990606,0.0031004292288640766,0.02024992955214894,0.14949706875181323,0.02852958366907509,-0.9007979679163672,0.09254035926131161,351223.2374922743,13392.162596732382,224775.61513710706,101873.45845350162,0.0,47.06947881100554,92.0,0.9999990561676864,0.015982187725231297,0.0065686849902180265,0.04615614918426092,0.43814812191763003,-1.0
high_effective_mass,low_0p25_2_hz,centered_savitzky_golay,tls,False,True,20,0.0,0.0,-0.000986747525525819,0.0022874542569227664,0.005722613075987141,0.006008783639416796,0.03603268808450472,0.035174879978649806,0.060368193892821824,0.06298382389359994,0.0023600062209549136,0.005228124921521183,0.010971500131464343,0.012501738215662606,-0.001664520457935471,0.0016770937178383826,0.0036298509739727592,0.005069689696656598,0.03538887980144152,0.039637889091587414,0.061738156375201136,0.06498587630603805,-0.0023237199151399796,0.005236208283174934,0.010852313561310592,0.012347374571123754,-0.008826190190473687,0.008812148113904133,0.010632228776120927,0.010980124961083894,-0.004798598425755648,0.012926550735168827,0.04064594187398724,0.05396717323533308,-0.025743303174504628,0.025522348965522357,0.03317802967891792,0.03557514693706548,0.105084180346153,3.3110306516083883,0.8312744761986524,7.282450025979359e-06,0.0004095941260797826,0.022097271228990606,0.0031004292288640766,0.02024992955214894,0.14949706875181323,0.02852958366907509,-0.9007979679163672,0.09254035926131161,351223.2374922743,13392.162596732382,224775.61513710706,101873.45845350162,0.0,47.06947881100554,92.0,0.9999990561676864,0.015982187725231297,0.0065686849902180265,0.04615614918426092,0.43814812191763003,-1.0
high_effective_mass,low_0p25_2_hz,centered_savitzky_golay,iv,False,True,20,0.0,0.0,0.019585191272436592,0.025649952514682467,0.12198404642456706,0.13072529867355684,-0.02152448896276035,0.27971168614740377,0.694205918980734,0.7526568460888141,0.04135018837451939,0.03679692659323912,0.15363743563126345,0.15901334702984188,-0.010410776684563552,0.010533751647367489,0.013898159311259022,0.013945904231775478,-0.023834358897470802,0.3096501665527937,0.7863626516770237,0.8324190211925677,-0.03605308137602056,0.03549092419288642,0.1331755480521666,0.13719716639790144,-0.008826190190473687,0.008812148113904133,0.010632228776120927,0.010980124961083894,-0.004798598425755648,0.012926550735168827,0.04064594187398724,0.05396717323533308,-0.025743303174504628,0.025522348965522357,0.03317802967891792,0.03557514693706548,0.11406720308547176,3.3110306516083883,0.8312744761986524,7.282450025979359e-06,0.0004095941260797826,0.022097271228990606,0.0031004292288640766,0.02024992955214894,0.14949706875181323,0.02852958366907509,-0.9007979679163672,0.09254035926131161,351223.2374922743,13392.162596732382,224775.61513710706,101873.45845350162,0.0,47.06947881100554,92.0,0.9999990561676864,0.015982187725231297,0.0065686849902180265,0.04615614918426092,0.43814812191763003,0.278272060924459
high_effective_mass,low_mid_0p5_5_hz,backward_difference,ols,True,True,20,0.0,1.0,-0.8617020269443033,0.861814882426747,0.8633623255261692,0.8637641757578896,-0.03757839565282078,0.035308713837542166,0.06261059420755563,0.06528073058961273,-1.0020129340052328,1.0020320447397628,1.0020921283846724,1.0020926424919714,1000000000.0,1000000000.0,1000000000.0,1000000000.0,1000000000.0,1000000000.0,1000000000.0,1000000000.0,1000000000.0,1000000000.0,1000000000.0,1000000000.0,1000000000.0,1000000000.0,1000000000.0,1000000000.0,1000000000.0,1000000000.0,1000000000.0,1000000000.0,1000000000.0,1000000000.0,1000000000.0,1000000000.0,0.5130600915612308,1.6966161136419569,0.48244151961388626,7.0089962751974945e-06,0.000440344249975894,0.03266077562714412,0.002902181128378278,0.02100670388594895,0.18072369718689296,0.007905002528266567,-0.9070582943905907,0.0008809704474988742,324591.24673831265,14886.734141249579,349873.1752016639,119128.48743647424,0.005,0.0,8.0,1.0,0.017807596950202932,0.00598127602599601,0.04780366677485192,0.37647592614465936,-1.0
high_effective_mass,low_mid_0p5_5_hz,backward_difference,tls,True,True,20,0.0,1.0,-0.9287590888240802,0.9273141429990569,0.9436972306120669,0.9471204380271634,10.581019070777446,10.441563098724234,11.536013671047526,11.600805244490498,-1.0554470158330516,1.055002406746235,1.0574325700176754,1.0576138241368787,1000000000.0,1000000000.0,1000000000.0,1000000000.0,1000000000.0,1000000000.0,1000000000.0,1000000000.0,1000000000.0,1000000000.0,1000000000.0,1000000000.0,1000000000.0,1000000000.0,1000000000.0,1000000000.0,1000000000.0,1000000000.0,1000000000.0,1000000000.0,1000000000.0,1000000000.0,1000000000.0,1000000000.0,1.4232805714365766,1.6966161136419569,0.48244151961388626,7.0089962751974945e-06,0.000440344249975894,0.03266077562714412,0.002902181128378278,0.02100670388594895,0.18072369718689296,0.007905002528266567,-0.9070582943905907,0.0008809704474988742,324591.24673831265,14886.734141249579,349873.1752016639,119128.48743647424,0.005,0.0,8.0,1.0,0.017807596950202932,0.00598127602599601,0.04780366677485192,0.37647592614465936,-1.0
high_effective_mass,low_mid_0p5_5_hz,backward_difference,iv,True,True,20,0.0,0.85,-1.5752744165001298,1.6409146567446795,2.4912062448339136,2.646148599273332,3.7935209188834045,3.590529795254498,6.62820448269597,6.950477527950298,-0.555385179601151,0.558111803264676,0.9032590876206529,0.9644329393031527,-0.023729579557192543,0.24392292082486774,0.3061926306522283,0.31311148729971283,0.04216942330408635,2.292709956313065,2.583673854848231,2.616003176907694,0.028721840344802425,0.19290711052033005,0.2430046470909563,0.2485710400432481,1000000000.0,1000000000.0,1000000000.0,1000000000.0,1000000000.0,1000000000.0,1000000000.0,1000000000.0,1000000000.0,1000000000.0,1000000000.0,1000000000.0,10.826231697982264,1.6966161136419569,0.48244151961388626,7.0089962751974945e-06,0.000440344249975894,0.03266077562714412,0.002902181128378278,0.02100670388594895,0.18072369718689296,0.007905002528266567,-0.9070582943905907,0.0008809704474988742,324591.24673831265,14886.734141249579,349873.1752016639,119128.48743647424,0.005,0.0,8.0,1.0,0.017807596950202932,0.00598127602599601,0.04780366677485192,0.37647592614465936,0.000436828538410152
high_effective_mass,low_mid_0p5_5_hz,causal_low_pass,ols,True,True,20,0.0,0.0,-0.8427439786410907,0.8428017234945069,0.8454846481573685,0.8463238519780653,0.07428150082367055,0.07509365159077933,0.08996988584625674,0.09878455419049885,-0.9864443769473829,0.986554204380233,0.9887690526772546,0.9890020308444459,2.420719999450123,2.4235203681097754,2.7156186330574723,2.780301303605125,22.377014604871803,22.285254499906607,24.59006846670991,24.6517413137498,73.67567011358389,73.37297696816447,88.04174105390389,89.9258778467286,-0.006633452637951685,0.00725519122741205,0.010172845240650583,0.011119101814786434,-3.9621087860795754,3.8815935108168134,4.5160094186544715,4.58753635782168,-0.17766329220215743,0.17464655292387526,0.21527577732012332,0.2209840834002899,0.48748248156295027,1.2455531715096748,0.19342873267132996,7.0089962751974945e-06,0.000440344249975894,0.03266077562714412,0.002902181128378278,0.02100670388594895,0.18072369718689296,0.007905002528266567,-0.9070582943905907,0.0008809704474988742,324591.24673831265,14886.734141249579,349873.1752016639,119128.48743647424,0.02,16.10426073564375,20.0,1.0,0.017807596950202932,0.00598127602599601,0.04780366677485192,0.37647592614465936,-1.0
high_effective_mass,low_mid_0p5_5_hz,causal_low_pass,tls,True,True,20,0.0,0.0,-0.43824709911033627,0.4387279394769724,0.45225182443009065,0.45962688882523123,0.9492051278245175,0.9440100524516989,1.063766387523239,1.0725752086064841,-0.9238400914011798,0.923466560717366,0.935593104172328,0.9373221350492429,1.7255951401890108,1.7138027782286307,1.9185576057287164,1.960882368446888,8.482000512134572,8.38131661749966,9.83914933947763,10.10172985059764,12.27380226184265,12.066513701527782,14.526892095631755,14.954595785699647,-0.006633452637951685,0.00725519122741205,0.010172845240650583,0.011119101814786434,-3.9621087860795754,3.8815935108168134,4.5160094186544715,4.58753635782168,-0.17766329220215743,0.17464655292387526,0.21527577732012332,0.2209840834002899,0.633795523988757,1.2455531715096748,0.19342873267132996,7.0089962751974945e-06,0.000440344249975894,0.03266077562714412,0.002902181128378278,0.02100670388594895,0.18072369718689296,0.007905002528266567,-0.9070582943905907,0.0008809704474988742,324591.24673831265,14886.734141249579,349873.1752016639,119128.48743647424,0.02,16.10426073564375,20.0,1.0,0.017807596950202932,0.00598127602599601,0.04780366677485192,0.37647592614465936,-1.0
high_effective_mass,low_mid_0p5_5_hz,causal_low_pass,iv,True,True,20,0.0,0.05,-0.5057850657641044,0.525659856032521,0.9873258502316974,1.2568445561208286,0.6223307078514491,1.160123845899421,2.208212011809586,2.635550612660375,-0.15119149386533864,0.1699026568910936,0.3461989119331597,0.4142302839914887,-0.3027737042738395,0.22485029031485426,0.7136336569656193,0.7978662157739479,4.1301559618887005,1.7291743406145348,14.04089445826187,22.97458857982688,0.19236571749986636,0.14353346024275473,0.47489368449564334,0.521186276389557,-0.006633452637951685,0.00725519122741205,0.010172845240650583,0.011119101814786434,-3.9621087860795754,3.8815935108168134,4.5160094186544715,4.58753635782168,-0.17766329220215743,0.17464655292387526,0.21527577732012332,0.2209840834002899,3.119474039264906,1.2455531715096748,0.19342873267132996,7.0089962751974945e-06,0.000440344249975894,0.03266077562714412,0.002902181128378278,0.02100670388594895,0.18072369718689296,0.007905002528266567,-0.9070582943905907,0.0008809704474988742,324591.24673831265,14886.734141249579,349873.1752016639,119128.48743647424,0.02,16.10426073564375,20.0,1.0,0.017807596950202932,0.00598127602599601,0.04780366677485192,0.37647592614465936,0.012296586484069996
high_effective_mass,low_mid_0p5_5_hz,causal_polynomial,ols,True,True,20,0.0,0.0,-0.5325841132300083,0.5312368681546955,0.5770612925086157,0.5857357095065997,-0.38595546592290414,0.3850953724808459,0.4082951668539511,0.40938517514906236,-0.6457538721864295,0.6443640905088075,0.6918241762397611,0.7052732420497522,0.1498461088411702,0.14853792773330432,0.171520316720761,0.18557481752263663,0.5167976897044658,0.500753248364894,0.6789955754418412,0.7243275522095922,1.8428478138281175,1.811998935502876,2.245240200764349,2.3929732303736317,0.03379502787628945,0.033414279740746955,0.03764212316832786,0.037914984158481956,-1.326041044789456,1.3206027384590378,1.562914501986913,1.6318404481866178,0.06205155958439359,0.06578178471378371,0.1033194008225225,0.12286792898590526,0.40573756261259974,2.2694680227793054,0.6682621170763747,7.0089962751974945e-06,0.000440344249975894,0.03266077562714412,0.002902181128378278,0.02100670388594895,0.18072369718689296,0.007905002528266567,-0.9070582943905907,0.0008809704474988742,324591.24673831265,14886.734141249579,349873.1752016639,119128.48743647424,0.015,31.854208817575678,92.0,1.0,0.017807596950202932,0.00598127602599601,0.04780366677485192,0.37647592614465936,-1.0
high_effective_mass,low_mid_0p5_5_hz,causal_polynomial,tls,True,True,20,0.0,0.0,-0.05244689085757805,0.054376331530093955,0.07693941139573343,0.09426709876734093,-0.9658392152174103,0.9617251668402395,1.1126120422907306,1.1511982995687355,-0.29434289850217665,0.29401130376062146,0.3327628562615721,0.3335737797761973,0.15901894605739247,0.1584869903535744,0.18034786176153467,0.1908679167090144,-0.9587195793854413,0.9521832072282603,1.1406795378710644,1.1905159041088769,0.41839438644117405,0.4164541777162366,0.4987176406681866,0.5005411996907546,0.03379502787628945,0.033414279740746955,0.03764212316832786,0.037914984158481956,-1.326041044789456,1.3206027384590378,1.562914501986913,1.6318404481866178,0.06205155958439359,0.06578178471378371,0.1033194008225225,0.12286792898590526,0.530403910782927,2.2694680227793054,0.6682621170763747,7.0089962751974945e-06,0.000440344249975894,0.03266077562714412,0.002902181128378278,0.02100670388594895,0.18072369718689296,0.007905002528266567,-0.9070582943905907,0.0008809704474988742,324591.24673831265,14886.734141249579,349873.1752016639,119128.48743647424,0.015,31.854208817575678,92.0,1.0,0.017807596950202932,0.00598127602599601,0.04780366677485192,0.37647592614465936,-1.0
high_effective_mass,low_mid_0p5_5_hz,causal_polynomial,iv,True,True,20,0.0,1.0,-2.0485305253381805,2.053646566758319,2.450812709932592,2.4839939033123883,4.931922173348505,4.939314297976512,6.186133251877929,6.207412872642664,-0.8251945296172323,0.8195434314011532,0.9756669734235875,0.9760136246375097,1000000000.0,1000000000.0,1000000000.0,1000000000.0,1000000000.0,1000000000.0,1000000000.0,1000000000.0,1000000000.0,1000000000.0,1000000000.0,1000000000.0,0.03379502787628945,0.033414279740746955,0.03764212316832786,0.037914984158481956,-1.326041044789456,1.3206027384590378,1.562914501986913,1.6318404481866178,0.06205155958439359,0.06578178471378371,0.1033194008225225,0.12286792898590526,1.362267325232223,2.2694680227793054,0.6682621170763747,7.0089962751974945e-06,0.000440344249975894,0.03266077562714412,0.002902181128378278,0.02100670388594895,0.18072369718689296,0.007905002528266567,-0.9070582943905907,0.0008809704474988742,324591.24673831265,14886.734141249579,349873.1752016639,119128.48743647424,0.015,31.854208817575678,92.0,1.0,0.017807596950202932,0.00598127602599601,0.04780366677485192,0.37647592614465936,0.054102984001924474
high_effective_mass,low_mid_0p5_5_hz,alpha_beta_gamma,ols,True,True,20,0.0,0.0,-0.2788355785581233,0.27728109642045495,0.3247438269584945,0.33054687689684203,-1.1139433308011033,1.1206212123575419,1.1635175115899152,1.1739209857208466,-0.34268673479814277,0.3406267855128573,0.3974647917758209,0.4041565668423853,0.04765667353429781,0.04654184979772277,0.05862798573832057,0.059971058235539186,-1.163777452712725,1.1723204919145114,1.2317790143159337,1.2411985936177827,0.5240550693637788,0.5165951234982102,0.6596649410848088,0.678293229985932,0.01221345313448518,0.012167064291939214,0.013813163647428123,0.014219626271731619,-1.7406859857117456,1.7431608122175364,1.8105759635905978,1.8377644004369358,0.06307602676787197,0.06374117930217416,0.08575874301193995,0.09401643919128039,0.263309249844772,2.8749735411231843,0.772905201464499,7.0089962751974945e-06,0.000440344249975894,0.03266077562714412,0.002902181128378278,0.02100670388594895,0.18072369718689296,0.007905002528266567,-0.9070582943905907,0.0008809704474988742,324591.24673831265,14886.734141249579,349873.1752016639,119128.48743647424,0.03,39.309769377572536,24.0,1.0,0.017807596950202932,0.00598127602599601,0.04780366677485192,0.37647592614465936,-1.0
high_effective_mass,low_mid_0p5_5_hz,alpha_beta_gamma,tls,True,True,20,0.0,0.0,-0.05474651791667591,0.05775699798327698,0.07123068887328805,0.07870044563361811,-1.5828110629891405,1.578329126342692,1.636867847435945,1.6531967842431747,-0.13899286596324884,0.13879334284134845,0.16005260096053683,0.16023032418862043,0.04780476396242344,0.04705521740467204,0.05835520937017547,0.0593159128179595,-1.6458938878923643,1.6474982027776037,1.704894439541659,1.7149524973383161,0.16166448528297128,0.1611617236975007,0.1905507457971062,0.19080270317430426,0.01221345313448518,0.012167064291939214,0.013813163647428123,0.014219626271731619,-1.7406859857117456,1.7431608122175364,1.8105759635905978,1.8377644004369358,0.06307602676787197,0.06374117930217416,0.08575874301193995,0.09401643919128039,0.2940856214650339,2.8749735411231843,0.772905201464499,7.0089962751974945e-06,0.000440344249975894,0.03266077562714412,0.002902181128378278,0.02100670388594895,0.18072369718689296,0.007905002528266567,-0.9070582943905907,0.0008809704474988742,324591.24673831265,14886.734141249579,349873.1752016639,119128.48743647424,0.03,39.309769377572536,24.0,1.0,0.017807596950202932,0.00598127602599601,0.04780366677485192,0.37647592614465936,-1.0
high_effective_mass,low_mid_0p5_5_hz,alpha_beta_gamma,iv,True,True,20,0.0,0.95,-1.4029214937239218,1.405032867600271,1.7306733201070372,1.7439961895932126,3.017024206564294,3.054188208597137,4.192942840716555,4.230889046970209,-0.6418948010127281,0.6445597342635394,0.772982282163244,0.7756453859710681,-0.8774353072970847,0.8774353072970847,0.8774353072970847,0.8774353072970847,37.91100679108954,37.91100679108954,37.91100679108954,37.91100679108954,0.8935818467584189,0.8935818467584189,0.8935818467584189,0.8935818467584189,0.01221345313448518,0.012167064291939214,0.013813163647428123,0.014219626271731619,-1.7406859857117456,1.7431608122175364,1.8105759635905978,1.8377644004369358,0.06307602676787197,0.06374117930217416,0.08575874301193995,0.09401643919128039,0.9025334184299664,2.8749735411231843,0.772905201464499,7.0089962751974945e-06,0.000440344249975894,0.03266077562714412,0.002902181128378278,0.02100670388594895,0.18072369718689296,0.007905002528266567,-0.9070582943905907,0.0008809704474988742,324591.24673831265,14886.734141249579,349873.1752016639,119128.48743647424,0.03,39.309769377572536,24.0,1.0,0.017807596950202932,0.00598127602599601,0.04780366677485192,0.37647592614465936,0.05509696251979347
high_effective_mass,low_mid_0p5_5_hz,centered_savitzky_golay,ols,False,True,20,0.0,0.0,-0.0009821598369125584,0.00650302881322754,0.016876858027087382,0.017719649282140797,0.0052739649737796055,0.014053706631043994,0.028068082748758005,0.02995146663889443,0.013910430589769592,0.016641754246549303,0.023883500736244085,0.030509451794309684,-0.007365669331954934,0.0073333719812088746,0.008826221987564909,0.009257194992357491,-0.0010222342335149672,0.014454292818118657,0.03583784175878229,0.039782759211146664,-0.013623947411882928,0.016369073814870086,0.02332424537756068,0.029606183369970118,-0.011085423179392918,0.011045480531297728,0.012235110429379857,0.012518314668983201,-0.059570785867673906,0.05818567443656614,0.08149576137330994,0.09340262726555978,-0.06529265242453552,0.06716334462882861,0.07382298772120477,0.0777308076181557,0.11418123079944031,3.3496907026831426,0.8362218877780292,7.0089962751974945e-06,0.000440344249975894,0.03266077562714412,0.002902181128378278,0.02100670388594895,0.18072369718689296,0.007905002528266567,-0.9070582943905907,0.0008809704474988742,324591.24673831265,14886.734141249579,349873.1752016639,119128.48743647424,0.0,47.06947881100554,92.0,1.0,0.017807596950202932,0.00598127602599601,0.04780366677485192,0.37647592614465936,-1.0
high_effective_mass,low_mid_0p5_5_hz,centered_savitzky_golay,tls,False,True,20,0.0,0.0,0.04335761094950868,0.045448601947925535,0.05382086090620352,0.05501030914278696,0.002564096848616817,0.014085127873496629,0.027878012311490466,0.028925542568037164,0.05789956288127943,0.05963853533010086,0.06774354732264341,0.07016066642089971,-0.0068940517387394385,0.006907907328046132,0.008473069822856802,0.008850289336833626,-0.04567247171442479,0.04355420064019644,0.06938475573390662,0.08078994478248959,-0.054679748374575635,0.05628183056391199,0.06344527049821387,0.06556087195350654,-0.011085423179392918,0.011045480531297728,0.012235110429379857,0.012518314668983201,-0.059570785867673906,0.05818567443656614,0.08149576137330994,0.09340262726555978,-0.06529265242453552,0.06716334462882861,0.07382298772120477,0.0777308076181557,0.11625756359192448,3.3496907026831426,0.8362218877780292,7.0089962751974945e-06,0.000440344249975894,0.03266077562714412,0.002902181128378278,0.02100670388594895,0.18072369718689296,0.007905002528266567,-0.9070582943905907,0.0008809704474988742,324591.24673831265,14886.734141249579,349873.1752016639,119128.48743647424,0.0,47.06947881100554,92.0,1.0,0.017807596950202932,0.00598127602599601,0.04780366677485192,0.37647592614465936,-1.0
high_effective_mass,low_mid_0p5_5_hz,centered_savitzky_golay,iv,False,True,20,0.0,0.0,0.4709076524619814,0.47784496904565466,0.8925713776665858,1.1448847924240628,-1.15021423437334,1.2036792549201174,2.3194289048544943,2.717634096588024,0.25589681807560494,0.2710846969616604,0.41575408659434937,0.5081192667891516,0.0732306440027832,0.08947978224229142,0.1706679071859408,0.19257071598133566,-1.0136423014042375,1.1484924758234325,1.8053014577902975,1.955016386706213,-0.19673543482410116,0.21326964230401335,0.2935135881576895,0.3369224689178321,-0.011085423179392918,0.011045480531297728,0.012235110429379857,0.012518314668983201,-0.059570785867673906,0.05818567443656614,0.08149576137330994,0.09340262726555978,-0.06529265242453552,0.06716334462882861,0.07382298772120477,0.0777308076181557,0.305435034675198,3.3496907026831426,0.8362218877780292,7.0089962751974945e-06,0.000440344249975894,0.03266077562714412,0.002902181128378278,0.02100670388594895,0.18072369718689296,0.007905002528266567,-0.9070582943905907,0.0008809704474988742,324591.24673831265,14886.734141249579,349873.1752016639,119128.48743647424,0.0,47.06947881100554,92.0,1.0,0.017807596950202932,0.00598127602599601,0.04780366677485192,0.37647592614465936,0.0540420207411674
high_effective_mass,baseline_0p5_10_hz,backward_difference,ols,True,True,20,0.0,1.0,-0.7389717739840984,0.739120684744387,0.7414539969553693,0.7415674710796041,-0.3150825438924601,0.3172833429093285,0.37439829971617367,0.39091156865880183,-1.0013662802647256,1.0013447188969273,1.0015130867867472,1.0016292335440748,1000000000.0,1000000000.0,1000000000.0,1000000000.0,1000000000.0,1000000000.0,1000000000.0,1000000000.0,1000000000.0,1000000000.0,1000000000.0,1000000000.0,1000000000.0,1000000000.0,1000000000.0,1000000000.0,1000000000.0,1000000000.0,1000000000.0,1000000000.0,1000000000.0,1000000000.0,1000000000.0,1000000000.0,0.4975195064606912,2.0522420566108974,0.6152649306838729,2.9693390601491196e-06,0.00019314198698052468,0.018370294836702862,0.002099708742023814,0.013913692234112733,0.135568069486373,0.0021063233903369123,-0.8197137300762609,-0.004371396480753715,284652.9042551404,6537.556127160433,329889.6243397107,84989.75331114525,0.005,0.0,8.0,0.9999985396147314,0.011735055410992493,0.004611064188298177,0.03240066437585151,0.3443210924564938,-1.0
high_effective_mass,baseline_0p5_10_hz,backward_difference,tls,True,True,20,0.0,1.0,-1.0957815453901616,1.0890471732774811,1.1682876892660403,1.1816038370290591,37.79347246937469,37.749800154280024,42.799590245550824,43.0372625312871,-1.1553440209325645,1.1556694865504382,1.175944105252784,1.1782144049397647,1000000000.0,1000000000.0,1000000000.0,1000000000.0,1000000000.0,1000000000.0,1000000000.0,1000000000.0,1000000000.0,1000000000.0,1000000000.0,1000000000.0,1000000000.0,1000000000.0,1000000000.0,1000000000.0,1000000000.0,1000000000.0,1000000000.0,1000000000.0,1000000000.0,1000000000.0,1000000000.0,1000000000.0,3.3447351043045757,2.0522420566108974,0.6152649306838729,2.9693390601491196e-06,0.00019314198698052468,0.018370294836702862,0.002099708742023814,0.013913692234112733,0.135568069486373,0.0021063233903369123,-0.8197137300762609,-0.004371396480753715,284652.9042551404,6537.556127160433,329889.6243397107,84989.75331114525,0.005,0.0,8.0,0.9999985396147314,0.011735055410992493,0.004611064188298177,0.03240066437585151,0.3443210924564938,-1.0
high_effective_mass,baseline_0p5_10_hz,backward_difference,iv,True,True,20,0.0,0.5,-0.8346361278131351,1.7195888686056378,3.4134506300823486,3.615973940007343,0.12199360141164055,1.1222570927677828,4.381853471253439,6.597137990480725,-0.2318462670481693,0.34195708509490375,0.6948456775822157,0.7697010474021766,0.010246086012763556,0.45166559115571747,0.7503904411417782,0.7721683359089426,-0.017134868975636052,1.9452541845388716,4.257727300108367,4.447490495760829,0.07795205541256958,0.23803700753483076,0.5277033606219995,0.5800830778651003,1000000000.0,1000000000.0,1000000000.0,1000000000.0,1000000000.0,1000000000.0,1000000000.0,1000000000.0,1000000000.0,1000000000.0,1000000000.0,1000000000.0,17.772353405096794,2.0522420566108974,0.6152649306838729,2.9693390601491196e-06,0.00019314198698052468,0.018370294836702862,0.002099708742023814,0.013913692234112733,0.135568069486373,0.0021063233903369123,-0.8197137300762609,-0.004371396480753715,284652.9042551404,6537.556127160433,329889.6243397107,84989.75331114525,0.005,0.0,8.0,0.9999985396147314,0.011735055410992493,0.004611064188298177,0.03240066437585151,0.3443210924564938,0.0003905186517563728
high_effective_mass,baseline_0p5_10_hz,causal_low_pass,ols,True,True,20,0.0,0.0,-0.7246700304645344,0.724903406047732,0.7279272339685553,0.7284012037252809,-0.06224598659381671,0.05401801699828832,0.10567918286747922,0.11975813084924632,-0.9890332441582391,0.9890351038061982,0.9906886959160713,0.9906923923087506,4.029295611742384,4.014175821546848,4.408727283199188,4.444611247780841,16.133339829682132,15.921480582947435,17.62686755128915,18.049653190570094,91.12269815509127,90.20066817076112,106.39634312055797,106.43899325926195,-0.008476554212074007,0.008365258548148707,0.013465064919756877,0.01391164559492063,-8.262794240504423,8.163064012825227,9.37563052934186,9.430087982093335,-0.1985979781819674,0.19982414411817834,0.23307659647781995,0.2591223355691455,0.4421547182484665,1.2091229110782766,0.14420616995814678,2.9693390601491196e-06,0.00019314198698052468,0.018370294836702862,0.002099708742023814,0.013913692234112733,0.135568069486373,0.0021063233903369123,-0.8197137300762609,-0.004371396480753715,284652.9042551404,6537.556127160433,329889.6243397107,84989.75331114525,0.015,16.104260735643756,20.0,0.9999985396147314,0.011735055410992493,0.004611064188298177,0.03240066437585151,0.3443210924564938,-1.0
high_effective_mass,baseline_0p5_10_hz,causal_low_pass,tls,True,True,20,0.0,0.0,-0.24254559356345173,0.2419167278405991,0.25111452514839544,0.2514816558193378,0.11092609534854928,0.11866783603847483,0.22992947268381653,0.25179028701899836,-0.9507831384769647,0.9504326920964831,0.957179389997995,0.9590923194246385,2.935579986506574,2.9110646220360668,3.199711396370086,3.2786905537067565,4.781756582722748,4.816679574548477,5.6094835044591935,6.020337837941511,19.499379568969914,19.175736555300993,22.35580202757515,23.445287191430072,-0.008476554212074007,0.008365258548148707,0.013465064919756877,0.01391164559492063,-8.262794240504423,8.163064012825227,9.37563052934186,9.430087982093335,-0.1985979781819674,0.19982414411817834,0.23307659647781995,0.2591223355691455,0.5465525381030576,1.2091229110782766,0.14420616995814678,2.9693390601491196e-06,0.00019314198698052468,0.018370294836702862,0.002099708742023814,0.013913692234112733,0.135568069486373,0.0021063233903369123,-0.8197137300762609,-0.004371396480753715,284652.9042551404,6537.556127160433,329889.6243397107,84989.75331114525,0.015,16.104260735643756,20.0,0.9999985396147314,0.011735055410992493,0.004611064188298177,0.03240066437585151,0.3443210924564938,-1.0
high_effective_mass,baseline_0p5_10_hz,causal_low_pass,iv,True,True,20,0.0,0.5,-0.5646441737577048,1.3902826397235493,2.3196151284892697,3.8902410205876072,-0.33808998366395365,0.9470816773466395,2.7912833920185705,3.7735796821830503,-0.11775130930962834,0.24246185714140545,0.49931382904307303,0.6881369564328637,0.03805859318322696,0.32247001964611033,0.654822460157072,0.7020068099058255,-0.6958607154896543,1.2914644508485957,1.9947687755067227,2.0188625514457423,-0.0482187571401573,0.1570622092640026,0.324879374059402,0.40763100044142103,-0.008476554212074007,0.008365258548148707,0.013465064919756877,0.01391164559492063,-8.262794240504423,8.163064012825227,9.37563052934186,9.430087982093335,-0.1985979781819674,0.19982414411817834,0.23307659647781995,0.2591223355691455,3.1308228068301456,1.2091229110782766,0.14420616995814678,2.9693390601491196e-06,0.00019314198698052468,0.018370294836702862,0.002099708742023814,0.013913692234112733,0.135568069486373,0.0021063233903369123,-0.8197137300762609,-0.004371396480753715,284652.9042551404,6537.556127160433,329889.6243397107,84989.75331114525,0.015,16.104260735643756,20.0,0.9999985396147314,0.011735055410992493,0.004611064188298177,0.03240066437585151,0.3443210924564938,0.009947194662120407
high_effective_mass,baseline_0p5_10_hz,causal_polynomial,ols,True,True,20,0.0,0.0,-0.5557832647300085,0.5531985792795896,0.5962038435973359,0.6131388626011407,-0.9733039240075219,0.9716884084155237,1.0391337680797523,1.0448270329354332,-0.7746923459168468,0.7715884758654246,0.8225867822902241,0.8429622071525469,0.41033033976649713,0.39885107451313784,0.508957863820327,0.5695511043757373,-0.9205064246874128,0.9147982441535566,1.138276199631563,1.1667932655117332,3.519797488488561,3.380448566260929,4.6409526751520085,5.367893879987234,-0.014854632061891113,0.013768806328804051,0.028472535303671446,0.03364404074568394,-3.9008887425152254,3.915806372606655,4.354770810875751,4.544781639419707,-0.3697226229379363,0.37097507334345164,0.465976509518356,0.5118293259997344,0.4968906004119277,1.7905403671101214,0.48863125782606753,2.9693390601491196e-06,0.00019314198698052468,0.018370294836702862,0.002099708742023814,0.013913692234112733,0.135568069486373,0.0021063233903369123,-0.8197137300762609,-0.004371396480753715,284652.9042551404,6537.556127160433,329889.6243397107,84989.75331114525,0.025,31.85420881757568,92.0,0.9999985396147314,0.011735055410992493,0.004611064188298177,0.03240066437585151,0.3443210924564938,-1.0
high_effective_mass,baseline_0p5_10_hz,causal_polynomial,tls,True,True,20,0.0,0.0,0.3323547293222507,0.33715322066478837,0.4285557680935705,0.4871094517225843,-3.87831964075765,3.8051784725653137,4.742939953629847,5.095122521660637,-0.22514668071096122,0.21969026230604274,0.2683556246132359,0.3153115100707108,0.3112147643845984,0.3115539796500459,0.339712893124212,0.35239486541423143,-3.8248001041332436,3.8191270491540195,4.509866199024038,4.724152694423977,0.2929440839343897,0.28154724677845344,0.36709978836015805,0.4605181987260723,-0.014854632061891113,0.013768806328804051,0.028472535303671446,0.03364404074568394,-3.9008887425152254,3.915806372606655,4.354770810875751,4.544781639419707,-0.3697226229379363,0.37097507334345164,0.465976509518356,0.5118293259997344,0.748667869832314,1.7905403671101214,0.48863125782606753,2.9693390601491196e-06,0.00019314198698052468,0.018370294836702862,0.002099708742023814,0.013913692234112733,0.135568069486373,0.0021063233903369123,-0.8197137300762609,-0.004371396480753715,284652.9042551404,6537.556127160433,329889.6243397107,84989.75331114525,0.025,31.85420881757568,92.0,0.9999985396147314,0.011735055410992493,0.004611064188298177,0.03240066437585151,0.3443210924564938,-1.0
high_effective_mass,baseline_0p5_10_hz,causal_polynomial,iv,True,True,20,0.0,1.0,-7.291413257803039,7.319155732813147,7.955390434449558,8.147092308096664,8.730684076981243,8.764059153835925,9.90249914657136,9.927558351788033,-1.4425061581956693,1.4383405663784927,1.5641297203628701,1.5936013600499734,1000000000.0,1000000000.0,1000000000.0,1000000000.0,1000000000.0,1000000000.0,1000000000.0,1000000000.0,1000000000.0,1000000000.0,1000000000.0,1000000000.0,-0.014854632061891113,0.013768806328804051,0.028472535303671446,0.03364404074568394,-3.9008887425152254,3.915806372606655,4.354770810875751,4.544781639419707,-0.3697226229379363,0.37097507334345164,0.465976509518356,0.5118293259997344,4.032062690198229,1.7905403671101214,0.48863125782606753,2.9693390601491196e-06,0.00019314198698052468,0.018370294836702862,0.002099708742023814,0.013913692234112733,0.135568069486373,0.0021063233903369123,-0.8197137300762609,-0.004371396480753715,284652.9042551404,6537.556127160433,329889.6243397107,84989.75331114525,0.025,31.85420881757568,92.0,0.9999985396147314,0.011735055410992493,0.004611064188298177,0.03240066437585151,0.3443210924564938,0.017019931441143634
high_effective_mass,baseline_0p5_10_hz,alpha_beta_gamma,ols,True,True,20,0.0,0.0,-0.38719187177134357,0.38602590597938324,0.42416047921527683,0.4426877025831519,-1.2699190606243231,1.2766159250804587,1.297817078369968,1.3030989955027052,-0.5413596782930805,0.5424999207477513,0.5875946885552227,0.6108604245918313,0.15680332557155333,0.15585243946864313,0.18168921261991142,0.19673119733490266,-1.5094169426210464,1.518947736814268,1.5720659741711467,1.5820696002361472,1.1896898277195969,1.1858677687987116,1.425228211073633,1.5697720386087672,-0.0040648104762406965,0.004808908502797579,0.012725792260692531,0.015569651754295392,-2.9242440005598054,2.8983305020861554,3.1744949895542938,3.2679581252695535,-0.08261882647521566,0.08010152761278505,0.14025791818358552,0.1419750148605528,0.3362683262685499,2.098866704830811,0.598713216534944,2.9693390601491196e-06,0.00019314198698052468,0.018370294836702862,0.002099708742023814,0.013913692234112733,0.135568069486373,0.0021063233903369123,-0.8197137300762609,-0.004371396480753715,284652.9042551404,6537.556127160433,329889.6243397107,84989.75331114525,0.04,39.30976937757255,24.0,0.9999985396147314,0.011735055410992493,0.004611064188298177,0.03240066437585151,0.3443210924564938,-1.0
high_effective_mass,baseline_0p5_10_hz,alpha_beta_gamma,tls,True,True,20,0.0,0.0,0.02681982734205841,0.02458095700643535,0.06067094102473226,0.06083213488739186,-2.546180075163503,2.515261767247128,2.8304548725879215,2.869225997871041,-0.20257246713940433,0.20551874942693008,0.23596739735020822,0.24141877150981247,0.1348623220117693,0.13417660041781893,0.15053882528943907,0.15940903822580715,-2.708261706693496,2.665008386720429,2.9841785655178326,3.061645441558463,0.2548658180456105,0.2586940111700088,0.3088482011832347,0.31825038959942487,-0.0040648104762406965,0.004808908502797579,0.012725792260692531,0.015569651754295392,-2.9242440005598054,2.8983305020861554,3.1744949895542938,3.2679581252695535,-0.08261882647521566,0.08010152761278505,0.14025791818358552,0.1419750148605528,0.4113540524018776,2.098866704830811,0.598713216534944,2.9693390601491196e-06,0.00019314198698052468,0.018370294836702862,0.002099708742023814,0.013913692234112733,0.135568069486373,0.0021063233903369123,-0.8197137300762609,-0.004371396480753715,284652.9042551404,6537.556127160433,329889.6243397107,84989.75331114525,0.04,39.30976937757255,24.0,0.9999985396147314,0.011735055410992493,0.004611064188298177,0.03240066437585151,0.3443210924564938,-1.0
high_effective_mass,baseline_0p5_10_hz,alpha_beta_gamma,iv,True,True,20,0.0,1.0,-5.301163084088797,5.316933514907213,5.624682354689668,5.729009248019031,7.5502549368395595,7.5329926565873855,8.248024272487527,8.449412250168134,-1.2184692141599476,1.216805042354818,1.2803639458813283,1.3122935316557132,1000000000.0,1000000000.0,1000000000.0,1000000000.0,1000000000.0,1000000000.0,1000000000.0,1000000000.0,1000000000.0,1000000000.0,1000000000.0,1000000000.0,-0.0040648104762406965,0.004808908502797579,0.012725792260692531,0.015569651754295392,-2.9242440005598054,2.8983305020861554,3.1744949895542938,3.2679581252695535,-0.08261882647521566,0.08010152761278505,0.14025791818358552,0.1419750148605528,2.8693834189166036,2.098866704830811,0.598713216534944,2.9693390601491196e-06,0.00019314198698052468,0.018370294836702862,0.002099708742023814,0.013913692234112733,0.135568069486373,0.0021063233903369123,-0.8197137300762609,-0.004371396480753715,284652.9042551404,6537.556127160433,329889.6243397107,84989.75331114525,0.04,39.30976937757255,24.0,0.9999985396147314,0.011735055410992493,0.004611064188298177,0.03240066437585151,0.3443210924564938,0.018464233345851334
high_effective_mass,baseline_0p5_10_hz,centered_savitzky_golay,ols,False,True,20,0.0,0.0,0.017139199323393098,0.017329922079865032,0.030498193871090963,0.03343491767834394,-0.007379481022557172,0.030892723467429127,0.07209898734601013,0.08421694995353554,0.040253119651938646,0.03970699373810316,0.05779331346169544,0.05785057003118812,-0.011161955216868708,0.011050073101607834,0.013052464344084755,0.015041265155880891,-0.03487627873294572,0.03473657553873121,0.10381718865597096,0.11190648208521889,-0.03859256493576747,0.03819056135695692,0.05463573324959602,0.05468690160036746,-0.021492501038798406,0.021328746237334745,0.02433532903792916,0.02450762290359111,-0.11449126415703867,0.1159158673233122,0.17630899310963333,0.18567308142717365,-0.11572696842528893,0.1129087230870704,0.13801631319310395,0.1478617870238494,0.12708661863147314,2.550946874722575,0.7333087800806531,2.9693390601491196e-06,0.00019314198698052468,0.018370294836702862,0.002099708742023814,0.013913692234112733,0.135568069486373,0.0021063233903369123,-0.8197137300762609,-0.004371396480753715,284652.9042551404,6537.556127160433,329889.6243397107,84989.75331114525,0.0,47.06947881100554,92.0,0.9999985396147314,0.011735055410992493,0.004611064188298177,0.03240066437585151,0.3443210924564938,-1.0
high_effective_mass,baseline_0p5_10_hz,centered_savitzky_golay,tls,False,True,20,0.0,0.0,0.07790417135770708,0.07548150019107766,0.09703542995260678,0.11007589402071574,-0.00532761072654286,0.032691931273506114,0.07176794764823934,0.08381403174927585,0.10187412641386676,0.09943348179897242,0.12199461799130666,0.13525555418099788,-0.010930406492184292,0.010933971601397419,0.012767164198801315,0.014767057444031517,-0.08721179010420087,0.09037073527875267,0.15070104110012705,0.16120028137272585,-0.09231116737888811,0.09044059330814029,0.10872364738830553,0.11914106359829674,-0.021492501038798406,0.021328746237334745,0.02433532903792916,0.02450762290359111,-0.11449126415703867,0.1159158673233122,0.17630899310963333,0.18567308142717365,-0.11572696842528893,0.1129087230870704,0.13801631319310395,0.1478617870238494,0.1298592448221057,2.550946874722575,0.7333087800806531,2.9693390601491196e-06,0.00019314198698052468,0.018370294836702862,0.002099708742023814,0.013913692234112733,0.135568069486373,0.0021063233903369123,-0.8197137300762609,-0.004371396480753715,284652.9042551404,6537.556127160433,329889.6243397107,84989.75331114525,0.0,47.06947881100554,92.0,0.9999985396147314,0.011735055410992493,0.004611064188298177,0.03240066437585151,0.3443210924564938,-1.0
high_effective_mass,baseline_0p5_10_hz,centered_savitzky_golay,iv,False,True,20,0.0,0.0,1.111577939870305,1.0138074973452182,1.6885970123256147,2.769084240335793,-1.6886905998703594,1.498374887050674,2.4408334006490717,4.0560212372264735,0.4537979143899394,0.4361658260840964,0.6160921856770742,0.9133100073053985,0.19489962205759484,0.18695210333212797,0.30634376336537184,0.4035414747084102,-1.3465589629492776,1.291444402931655,1.7192608285210802,2.13800920343848,-0.3065466456391661,0.30368679420801487,0.3802839044021922,0.47734554453705835,-0.021492501038798406,0.021328746237334745,0.02433532903792916,0.02450762290359111,-0.11449126415703867,0.1159158673233122,0.17630899310963333,0.18567308142717365,-0.11572696842528893,0.1129087230870704,0.13801631319310395,0.1478617870238494,0.4973491133484015,2.550946874722575,0.7333087800806531,2.9693390601491196e-06,0.00019314198698052468,0.018370294836702862,0.002099708742023814,0.013913692234112733,0.135568069486373,0.0021063233903369123,-0.8197137300762609,-0.004371396480753715,284652.9042551404,6537.556127160433,329889.6243397107,84989.75331114525,0.0,47.06947881100554,92.0,0.9999985396147314,0.011735055410992493,0.004611064188298177,0.03240066437585151,0.3443210924564938,0.016766776364887173
high_effective_mass,mid_2_10_hz,backward_difference,ols,True,True,20,0.0,0.0,-0.44465963533367675,0.44478394444713487,0.4490444408767182,0.44952125973667784,-1.4915343178438858,1.49891050123196,1.63575206745666,1.694886161605864,-0.9985934650351546,0.9985716213678826,0.9989204700025484,0.9989949954295441,19.068813617686956,18.69053347350605,21.645937834794182,22.490289058271202,-18.526009173816565,18.493675005840245,21.01308214663046,22.93660946507894,729.231128355391,699.2063142676304,925.577733881954,994.0203505504473,0.48227624464792135,0.4834018885045648,0.5607703960547827,0.6131050704778849,-165.46518978048732,164.6135595671903,173.7570744445068,175.371240933653,0.7159699836896392,0.7304689336252465,1.2660351384789548,1.3421394797907167,0.4378840599021009,2.8291656092431925,0.777544329002374,5.873814610026122e-07,4.479459261830698e-05,0.009079460268603717,0.0013889754035958312,0.006694190515246203,0.09552706792395013,0.0014902855239374347,-0.6046359284055975,-0.08166245329387577,198703.23271728665,1504.4026508660552,259361.6942352441,42640.76154600983,0.005,0.0,8.0,1.0,0.005819253880180052,0.003029542274394423,0.018689833687668016,0.22148444368594739,-1.0
high_effective_mass,mid_2_10_hz,backward_difference,tls,True,True,20,0.0,0.0,0.34347458051650015,0.32645421101005456,0.5020297512128897,0.5327533442763699,-90.6956939104491,87.48957486101389,113.58448997839642,114.68588181040843,-0.712839246470045,0.7238299696130435,0.7630054948678751,0.7738625352086423,1.1708640989062933,1.1819243543077596,1.2857478655248349,1.2930513037160567,-145.1067673885671,143.76999939717842,153.34330162165293,153.59240645613758,2.5449909965410242,2.620979229214612,3.219994387629021,3.4220890197147766,0.48227624464792135,0.4834018885045648,0.5607703960547827,0.6131050704778849,-165.46518978048732,164.6135595671903,173.7570744445068,175.371240933653,0.7159699836896392,0.7304689336252465,1.2660351384789548,1.3421394797907167,4.476172950979202,2.8291656092431925,0.777544329002374,5.873814610026122e-07,4.479459261830698e-05,0.009079460268603717,0.0013889754035958312,0.006694190515246203,0.09552706792395013,0.0014902855239374347,-0.6046359284055975,-0.08166245329387577,198703.23271728665,1504.4026508660552,259361.6942352441,42640.76154600983,0.005,0.0,8.0,1.0,0.005819253880180052,0.003029542274394423,0.018689833687668016,0.22148444368594739,-1.0
high_effective_mass,mid_2_10_hz,backward_difference,iv,True,True,20,0.0,0.9,-4.690706829619986,4.9113178879409425,8.154963856454977,8.67911656933412,-8.660300749639124,9.779900425106003,13.370569630755027,13.710304735158392,-0.483052100843372,0.5201257632891778,0.6818796109984961,0.8411936231841508,0.2946757819990339,0.32790443489336907,0.5931126386924995,0.622580216892403,-1.0070669688341487,1.911307384472112,2.8176676564228456,2.9183743533062607,0.14312046512357507,0.14312046512357507,0.23613528554683935,0.24647026559386873,0.48227624464792135,0.4834018885045648,0.5607703960547827,0.6131050704778849,-165.46518978048732,164.6135595671903,173.7570744445068,175.371240933653,0.7159699836896392,0.7304689336252465,1.2660351384789548,1.3421394797907167,11.445332861347339,2.8291656092431925,0.777544329002374,5.873814610026122e-07,4.479459261830698e-05,0.009079460268603717,0.0013889754035958312,0.006694190515246203,0.09552706792395013,0.0014902855239374347,-0.6046359284055975,-0.08166245329387577,198703.23271728665,1504.4026508660552,259361.6942352441,42640.76154600983,0.005,0.0,8.0,1.0,0.005819253880180052,0.003029542274394423,0.018689833687668016,0.22148444368594739,0.00037337043356588104
high_effective_mass,mid_2_10_hz,causal_low_pass,ols,True,True,20,0.0,0.0,-0.41874871216490506,0.41858770909894505,0.42263671328467106,0.4230832346456404,-1.3625437524438406,1.3778057301424638,1.4732945918979161,1.5629786714882676,-0.9898229549057689,0.9896623792340182,0.9910667639477643,0.9916358122254236,6.579551211147828,6.5161221879206686,7.050157676116747,7.339212381199079,-5.719100175937682,5.792458165894629,7.250157261243881,8.817117969711974,98.04837884135694,95.74064089533641,110.96696527856786,118.55733502774484,0.04600215569354269,0.046843519199971075,0.06050979505120055,0.06510149578271383,-28.73094705464437,28.37574016135617,32.63304335041379,32.746990953932126,0.004676651595610204,0.03304497315629901,0.06581742486584241,0.10650835055758284,0.3699046855694521,1.3198367013521053,0.26447694656429055,5.873814610026122e-07,4.479459261830698e-05,0.009079460268603717,0.0013889754035958312,0.006694190515246203,0.09552706792395013,0.0014902855239374347,-0.6046359284055975,-0.08166245329387577,198703.23271728665,1504.4026508660552,259361.6942352441,42640.76154600983,0.015,16.104260735643756,20.0,1.0,0.005819253880180052,0.003029542274394423,0.018689833687668016,0.22148444368594739,-1.0
high_effective_mass,mid_2_10_hz,causal_low_pass,tls,True,True,20,0.0,0.0,0.07277935869095391,0.07277668894144416,0.07661563358799962,0.07679247134241148,-3.099377322076493,3.1183962011702793,3.375044177431618,3.609379900899003,-0.9697241062175485,0.9692737919660407,0.9721445171565628,0.9741143022415646,4.9611671622557845,4.912668690625097,5.204817735239621,5.438258498039683,-12.658206540860215,12.362380076743321,14.257569333068899,15.83408710592701,32.158179022217745,31.54562841147539,34.9097046956183,37.63137124337795,0.04600215569354269,0.046843519199971075,0.06050979505120055,0.06510149578271383,-28.73094705464437,28.37574016135617,32.63304335041379,32.746990953932126,0.004676651595610204,0.03304497315629901,0.06581742486584241,0.10650835055758284,0.4275184364390888,1.3198367013521053,0.26447694656429055,5.873814610026122e-07,4.479459261830698e-05,0.009079460268603717,0.0013889754035958312,0.006694190515246203,0.09552706792395013,0.0014902855239374347,-0.6046359284055975,-0.08166245329387577,198703.23271728665,1504.4026508660552,259361.6942352441,42640.76154600983,0.015,16.104260735643756,20.0,1.0,0.005819253880180052,0.003029542274394423,0.018689833687668016,0.22148444368594739,-1.0
high_effective_mass,mid_2_10_hz,causal_low_pass,iv,True,True,20,0.0,0.95,-2.3781674025122435,2.546483834792734,3.546894659566166,3.632195408563034,-5.94401525648899,6.100010354078956,7.685109882010011,8.023154060910844,-0.28706921147148073,0.2918327345467976,0.42597987161624956,0.43204303457486193,-0.1408861967960911,0.1408861967960911,0.1408861967960911,0.1408861967960911,-4.56679695737481,4.56679695737481,4.56679695737481,4.56679695737481,0.0752392537677056,0.0752392537677056,0.0752392537677056,0.0752392537677056,0.04600215569354269,0.046843519199971075,0.06050979505120055,0.06510149578271383,-28.73094705464437,28.37574016135617,32.63304335041379,32.746990953932126,0.004676651595610204,0.03304497315629901,0.06581742486584241,0.10650835055758284,2.908970420844021,1.3198367013521053,0.26447694656429055,5.873814610026122e-07,4.479459261830698e-05,0.009079460268603717,0.0013889754035958312,0.006694190515246203,0.09552706792395013,0.0014902855239374347,-0.6046359284055975,-0.08166245329387577,198703.23271728665,1504.4026508660552,259361.6942352441,42640.76154600983,0.015,16.104260735643756,20.0,1.0,0.005819253880180052,0.003029542274394423,0.018689833687668016,0.22148444368594739,0.008360734253045803
high_effective_mass,mid_2_10_hz,causal_polynomial,ols,True,True,20,0.0,0.0,-0.34391087433536816,0.3446144696531843,0.3613758856062349,0.36794273355819124,-4.461817233476299,4.471044360906353,4.653027623988972,4.6536094757699455,-0.7918551326766122,0.7995540943238963,0.8230790504075692,0.834668017774937,0.7819778328443225,0.8057317274278316,0.900060672379059,0.9552386698514875,-10.426261618213706,10.538777353257572,11.705670161348358,12.079019812223702,3.8585021134889153,3.989090246092199,4.653603087943247,5.048436524753696,-0.099010680781235,0.09938745599264409,0.11758656872608608,0.15791938699613864,-13.227161842170608,13.24130685039708,14.414213609900774,14.567035814928692,-0.41445365492720665,0.4104414365154199,0.4768432090226603,0.5922560960708836,0.46119171117579677,1.669622110128723,0.4318509768510174,5.873814610026122e-07,4.479459261830698e-05,0.009079460268603717,0.0013889754035958312,0.006694190515246203,0.09552706792395013,0.0014902855239374347,-0.6046359284055975,-0.08166245329387577,198703.23271728665,1504.4026508660552,259361.6942352441,42640.76154600983,0.03,31.85420881757568,92.0,1.0,0.005819253880180052,0.003029542274394423,0.018689833687668016,0.22148444368594739,-1.0
high_effective_mass,mid_2_10_hz,causal_polynomial,tls,True,True,20,0.0,0.0,0.3175619351705806,0.3176114457480414,0.34913375797960555,0.39378226881467315,-12.958314128267236,13.16261577871379,13.869291407583242,14.043694267095907,-0.3693065560164611,0.36737307009937437,0.38312987522790487,0.3831760406483834,0.44531170941041076,0.4472027841007852,0.46865840719220747,0.48596803069768074,-14.117838422262276,14.206268084181637,15.268988559479522,15.407481278020073,0.5857244795302883,0.5807113831364303,0.6210867735963881,0.6212081013376399,-0.099010680781235,0.09938745599264409,0.11758656872608608,0.15791938699613864,-13.227161842170608,13.24130685039708,14.414213609900774,14.567035814928692,-0.41445365492720665,0.4104414365154199,0.4768432090226603,0.5922560960708836,0.6372185820836331,1.669622110128723,0.4318509768510174,5.873814610026122e-07,4.479459261830698e-05,0.009079460268603717,0.0013889754035958312,0.006694190515246203,0.09552706792395013,0.0014902855239374347,-0.6046359284055975,-0.08166245329387577,198703.23271728665,1504.4026508660552,259361.6942352441,42640.76154600983,0.03,31.85420881757568,92.0,1.0,0.005819253880180052,0.003029542274394423,0.018689833687668016,0.22148444368594739,-1.0
high_effective_mass,mid_2_10_hz,causal_polynomial,iv,True,True,20,0.0,1.0,-10.743864708094431,10.608489804245202,11.722772876392465,13.245713233693719,-14.39760068535794,14.382518433305744,15.542249269983254,16.09091973721143,-0.965739631391265,0.9559989663727932,1.0491956509176186,1.1435417750015773,1000000000.0,1000000000.0,1000000000.0,1000000000.0,1000000000.0,1000000000.0,1000000000.0,1000000000.0,1000000000.0,1000000000.0,1000000000.0,1000000000.0,-0.099010680781235,0.09938745599264409,0.11758656872608608,0.15791938699613864,-13.227161842170608,13.24130685039708,14.414213609900774,14.567035814928692,-0.41445365492720665,0.4104414365154199,0.4768432090226603,0.5922560960708836,4.305656474274504,1.669622110128723,0.4318509768510174,5.873814610026122e-07,4.479459261830698e-05,0.009079460268603717,0.0013889754035958312,0.006694190515246203,0.09552706792395013,0.0014902855239374347,-0.6046359284055975,-0.08166245329387577,198703.23271728665,1504.4026508660552,259361.6942352441,42640.76154600983,0.03,31.85420881757568,92.0,1.0,0.005819253880180052,0.003029542274394423,0.018689833687668016,0.22148444368594739,0.01066115843892244
high_effective_mass,mid_2_10_hz,alpha_beta_gamma,ols,True,True,20,0.0,0.0,-0.2644181256649158,0.26308424998700786,0.2831776361302011,0.2864541492282657,-3.362347912306692,3.3702462822863417,3.5015289878497295,3.5032137404440533,-0.6211870235133263,0.6167134469365388,0.6536215763888521,0.6617362398426764,0.39464322382373973,0.3874139048095926,0.4385814893741064,0.45238985418301064,-5.484032893551419,5.436320288817803,5.922021072939853,6.010243749424586,1.647191287686579,1.60906961669008,1.8871011421179826,1.956272937824934,-0.02050075830740468,0.019983557965286034,0.04045281962029164,0.06816731370560668,-6.99258707160107,6.919890930114624,7.463284976183965,7.5806614485263095,-0.10270729710919894,0.10267422266650256,0.15858107943574998,0.25635599234106105,0.3026610827777187,1.6152292379440643,0.35965585230383945,5.873814610026122e-07,4.479459261830698e-05,0.009079460268603717,0.0013889754035958312,0.006694190515246203,0.09552706792395013,0.0014902855239374347,-0.6046359284055975,-0.08166245329387577,198703.23271728665,1504.4026508660552,259361.6942352441,42640.76154600983,0.04,39.30976937757255,24.0,1.0,0.005819253880180052,0.003029542274394423,0.018689833687668016,0.22148444368594739,-1.0
high_effective_mass,mid_2_10_hz,alpha_beta_gamma,tls,True,True,20,0.0,0.0,0.06860119238305076,0.07138881176151965,0.08257939966649161,0.11950689008930548,-5.791616596374507,5.763820477369423,6.225088494139505,6.254202696263873,-0.3830764715448295,0.38156133244652785,0.3994804181039902,0.40497074672180844,0.3162599202952724,0.3174962812413453,0.3408775393844037,0.34185032020105327,-6.903324949692349,6.80405538182322,7.437029721517076,7.580583912836487,0.6216643097599914,0.6169752641555013,0.6652320223301229,0.6805896424263264,-0.02050075830740468,0.019983557965286034,0.04045281962029164,0.06816731370560668,-6.99258707160107,6.919890930114624,7.463284976183965,7.5806614485263095,-0.10270729710919894,0.10267422266650256,0.15858107943574998,0.25635599234106105,0.34641276055724823,1.6152292379440643,0.35965585230383945,5.873814610026122e-07,4.479459261830698e-05,0.009079460268603717,0.0013889754035958312,0.006694190515246203,0.09552706792395013,0.0014902855239374347,-0.6046359284055975,-0.08166245329387577,198703.23271728665,1504.4026508660552,259361.6942352441,42640.76154600983,0.04,39.30976937757255,24.0,1.0,0.005819253880180052,0.003029542274394423,0.018689833687668016,0.22148444368594739,-1.0
high_effective_mass,mid_2_10_hz,alpha_beta_gamma,iv,True,True,20,0.0,1.0,-6.752359724259288,6.693121254661087,7.177675494692871,7.3229042134269005,-4.010765385682776,4.083805219848172,4.552711704203494,4.774010091631654,-0.886812855504672,0.8773700119269874,0.9393332233271767,0.9461859263019463,1000000000.0,1000000000.0,1000000000.0,1000000000.0,1000000000.0,1000000000.0,1000000000.0,1000000000.0,1000000000.0,1000000000.0,1000000000.0,1000000000.0,-0.02050075830740468,0.019983557965286034,0.04045281962029164,0.06816731370560668,-6.99258707160107,6.919890930114624,7.463284976183965,7.5806614485263095,-0.10270729710919894,0.10267422266650256,0.15858107943574998,0.25635599234106105,2.659422048720943,1.6152292379440643,0.35965585230383945,5.873814610026122e-07,4.479459261830698e-05,0.009079460268603717,0.0013889754035958312,0.006694190515246203,0.09552706792395013,0.0014902855239374347,-0.6046359284055975,-0.08166245329387577,198703.23271728665,1504.4026508660552,259361.6942352441,42640.76154600983,0.04,39.30976937757255,24.0,1.0,0.005819253880180052,0.003029542274394423,0.018689833687668016,0.22148444368594739,0.011702670363211563
high_effective_mass,mid_2_10_hz,centered_savitzky_golay,ols,False,True,20,0.0,0.0,0.023340801831390215,0.025596348401887403,0.03230915921678334,0.03591376655662505,0.023433448296886934,0.10822680995871377,0.2208541188702118,0.22582388994998775,0.07726977078439055,0.08098480335374444,0.10248856221196895,0.11516547060739982,-0.025289590800799462,0.02548069777443994,0.03234909978281321,0.036188407836974495,-0.02538065881575588,0.10383929046172702,0.24274316056780793,0.2797084725284482,-0.07148453098977353,0.07491713681783418,0.09295486775460007,0.10327209157998091,-0.05752035629412049,0.057091518001203455,0.06611083464506788,0.07307911589399091,0.01402261165878806,0.09661350059473868,0.2000600356593117,0.22760032949972317,-0.1822853706152637,0.17657296706452663,0.20857899438784905,0.2330672718745938,0.1299302204510175,1.6799270811436073,0.46869804788890934,5.873814610026122e-07,4.479459261830698e-05,0.009079460268603717,0.0013889754035958312,0.006694190515246203,0.09552706792395013,0.0014902855239374347,-0.6046359284055975,-0.08166245329387577,198703.23271728665,1504.4026508660552,259361.6942352441,42640.76154600983,0.0,47.06947881100554,92.0,1.0,0.005819253880180052,0.003029542274394423,0.018689833687668016,0.22148444368594739,-1.0
high_effective_mass,mid_2_10_hz,centered_savitzky_golay,tls,False,True,20,0.0,0.0,0.08655249468744916,0.0829569777066943,0.1041683412509426,0.11820491138775746,0.119715032370288,0.14266478748636652,0.31550644454718185,0.31612243536717466,0.14561703767093984,0.14423738397671465,0.1775257265888751,0.18892563038534202,-0.026066064831574653,0.026233291307663123,0.032836819452132446,0.0367702278312517,0.0032335544265836994,0.10072173805326443,0.21703302930180837,0.24952151044179696,-0.1268687107546644,0.1260554080178726,0.15075750314815053,0.15890449794080858,-0.05752035629412049,0.057091518001203455,0.06611083464506788,0.07307911589399091,0.01402261165878806,0.09661350059473868,0.2000600356593117,0.22760032949972317,-0.1822853706152637,0.17657296706452663,0.20857899438784905,0.2330672718745938,0.13234386823158506,1.6799270811436073,0.46869804788890934,5.873814610026122e-07,4.479459261830698e-05,0.009079460268603717,0.0013889754035958312,0.006694190515246203,0.09552706792395013,0.0014902855239374347,-0.6046359284055975,-0.08166245329387577,198703.23271728665,1504.4026508660552,259361.6942352441,42640.76154600983,0.0,47.06947881100554,92.0,1.0,0.005819253880180052,0.003029542274394423,0.018689833687668016,0.22148444368594739,-1.0
high_effective_mass,mid_2_10_hz,centered_savitzky_golay,iv,False,True,20,0.0,0.0,2.5268658736925436,2.1009114009956407,4.554773310540992,4.748866252502562,2.3057931988833724,1.7423918788619506,4.614247814389801,4.6431080284213095,0.6112439151352205,0.5657445698607708,0.8689355713863296,0.9634983682197109,0.4502593666009302,0.4232844971948434,0.7117819936899507,0.7247070247694809,0.31998618510535526,0.4599698555574927,0.9113307500944271,1.0106326499481915,-0.37287109725309,0.3613175059694552,0.46486727035084907,0.49070494980513163,-0.05752035629412049,0.057091518001203455,0.06611083464506788,0.07307911589399091,0.01402261165878806,0.09661350059473868,0.2000600356593117,0.22760032949972317,-0.1822853706152637,0.17657296706452663,0.20857899438784905,0.2330672718745938,0.807873236145937,1.6799270811436073,0.46869804788890934,5.873814610026122e-07,4.479459261830698e-05,0.009079460268603717,0.0013889754035958312,0.006694190515246203,0.09552706792395013,0.0014902855239374347,-0.6046359284055975,-0.08166245329387577,198703.23271728665,1504.4026508660552,259361.6942352441,42640.76154600983,0.0,47.06947881100554,92.0,1.0,0.005819253880180052,0.003029542274394423,0.018689833687668016,0.22148444368594739,0.010253478833055907
high_effective_mass,high_5_15_hz,backward_difference,ols,True,True,20,0.0,0.05,-0.18860980026406454,0.18819128815580133,0.1948962251384902,0.19527644329836277,-1.523085597356753,1.525771665562658,1.908759069868658,1.9599814085986105,-0.9986782595076796,0.9986375915586015,0.9999547663043417,1.000083515929823,33.00539880704542,23.127889229649472,116.57498442096411,124.1984231119301,-16.74394005931687,17.03596018946921,21.988278725264095,22.516790879404628,2535.381609837031,718.9530127050024,17026.24332672583,19226.074771875694,0.5478034775142061,0.568305395446375,0.815059943616119,0.8242637773205291,-185.8833794972586,182.760003245,248.57050560423028,262.77910686356324,0.5125637444566115,0.5813234008942344,1.5041406028261972,1.522401245193748,0.4062343069050701,3.3241882247532146,0.8337010646623079,1.8718566493598458e-07,1.2854176126606307e-05,0.006792279095115266,0.0011959864036228186,0.003586884409119962,0.08248568175491054,0.004465504923074665,-0.3570804561985887,-0.036884053941254144,169130.51183682348,434.15161388683674,223343.76648599707,25406.55258287352,0.005,0.0,8.0,1.0,0.0029780777670225115,0.002053007381784662,0.010925365972744594,0.18805536955620883,-1.0
high_effective_mass,high_5_15_hz,backward_difference,tls,True,True,20,0.0,0.0,2.2015603303670868,0.6427652316261646,5.356222382847994,25.415776621497624,-387.68463865936485,115.29183138188525,993.4220177816815,4367.752209052633,0.151196588664457,0.690966575451766,1.972680991678309,11.94880797311175,1.1579422918679063,1.2012968404992428,1.5848997963291427,1.6897689149864876,-161.43485287623693,154.22916361864668,227.7168781086328,237.10868459459573,1.9123629361259167,1.9302951704063962,3.934037040988222,4.205017449163189,0.5478034775142061,0.568305395446375,0.815059943616119,0.8242637773205291,-185.8833794972586,182.760003245,248.57050560423028,262.77910686356324,0.5125637444566115,0.5813234008942344,1.5041406028261972,1.522401245193748,4.852248005534333,3.3241882247532146,0.8337010646623079,1.8718566493598458e-07,1.2854176126606307e-05,0.006792279095115266,0.0011959864036228186,0.003586884409119962,0.08248568175491054,0.004465504923074665,-0.3570804561985887,-0.036884053941254144,169130.51183682348,434.15161388683674,223343.76648599707,25406.55258287352,0.005,0.0,8.0,1.0,0.0029780777670225115,0.002053007381784662,0.010925365972744594,0.18805536955620883,-1.0
high_effective_mass,high_5_15_hz,backward_difference,iv,True,True,20,0.0,0.95,-38.35606565939494,32.04781891521801,134.3408188798325,147.71688556651586,-9.463996317315003,9.396743936753898,28.405522732501257,62.03725862906367,-0.7293748706667991,0.5721576130722632,2.52537189013794,3.203879517008846,3.5599766105622046,3.5599766105622046,3.5599766105622046,3.5599766105622046,-8.250294473470543,8.250294473470543,8.250294473470543,8.250294473470543,-0.4583443955169443,0.4583443955169443,0.4583443955169443,0.4583443955169443,0.5478034775142061,0.568305395446375,0.815059943616119,0.8242637773205291,-185.8833794972586,182.760003245,248.57050560423028,262.77910686356324,0.5125637444566115,0.5813234008942344,1.5041406028261972,1.522401245193748,19.372153221125707,3.3241882247532146,0.8337010646623079,1.8718566493598458e-07,1.2854176126606307e-05,0.006792279095115266,0.0011959864036228186,0.003586884409119962,0.08248568175491054,0.004465504923074665,-0.3570804561985887,-0.036884053941254144,169130.51183682348,434.15161388683674,223343.76648599707,25406.55258287352,0.005,0.0,8.0,1.0,0.0029780777670225115,0.002053007381784662,0.010925365972744594,0.18805536955620883,0.0003136881646643183
high_effective_mass,high_5_15_hz,causal_low_pass,ols,True,True,20,0.0,0.0,-0.17475581868996054,0.17497063124225787,0.18107839395150438,0.18159446835707257,-1.8280554978359835,1.7868473021731246,2.3166737391317667,2.5041911519264053,-0.9931175540510649,0.9930431070969185,0.9947096401857659,0.9948747539032823,10.05819983908814,9.89532804033864,11.481986085659237,11.636503334037954,-11.79439869101662,11.686208679679606,17.877298895303056,18.032772806994753,148.158210834223,142.74291338908387,188.0330464223088,194.11258213345226,0.12311501873075544,0.1326044092416731,0.22085044410322846,0.22565507871187676,-70.50025251145269,70.55355836999988,79.79153531974751,80.79040251680124,0.07295478835872156,0.12839446059320636,0.3351228644506818,0.3568285276203795,0.2742946797762836,1.5982268751141402,0.43523498650521064,1.8718566493598458e-07,1.2854176126606307e-05,0.006792279095115266,0.0011959864036228186,0.003586884409119962,0.08248568175491054,0.004465504923074665,-0.3570804561985887,-0.036884053941254144,169130.51183682348,434.15161388683674,223343.76648599707,25406.55258287352,0.015,16.104260735643756,20.0,1.0,0.0029780777670225115,0.002053007381784662,0.010925365972744594,0.18805536955620883,-1.0
high_effective_mass,high_5_15_hz,causal_low_pass,tls,True,True,20,0.0,0.0,0.13002001285339498,0.13017888936297634,0.13420333814703003,0.13525792423460795,-3.268507354592747,3.214566008052336,4.163994751455534,4.2770748326831285,-0.9851720099814306,0.9850360636235218,0.988415829140435,0.9887515494093408,7.799545981286582,7.685966055247541,8.875546798277302,8.987896542685801,-18.382668222246117,18.187369736116352,23.068411500747146,24.16631951961414,67.89260033833892,65.82733716237442,85.32861748605096,87.90113282183154,0.12311501873075544,0.1326044092416731,0.22085044410322846,0.22565507871187676,-70.50025251145269,70.55355836999988,79.79153531974751,80.79040251680124,0.07295478835872156,0.12839446059320636,0.3351228644506818,0.3568285276203795,0.296216172916244,1.5982268751141402,0.43523498650521064,1.8718566493598458e-07,1.2854176126606307e-05,0.006792279095115266,0.0011959864036228186,0.003586884409119962,0.08248568175491054,0.004465504923074665,-0.3570804561985887,-0.036884053941254144,169130.51183682348,434.15161388683674,223343.76648599707,25406.55258287352,0.015,16.104260735643756,20.0,1.0,0.0029780777670225115,0.002053007381784662,0.010925365972744594,0.18805536955620883,-1.0
high_effective_mass,high_5_15_hz,causal_low_pass,iv,True,True,20,0.0,0.75,-5.341647198435559,10.222547523967378,13.801868542100571,14.330424476245183,-16.38189968916361,15.107606116838422,25.431472456671717,27.914686200340082,-0.14025865461324513,0.2354399126111787,0.3895639759439447,0.4610495129860908,1.298405268925026,1.6616570201915966,2.350678299318102,2.441753291402156,-10.855998961675919,8.221020394048427,21.89120615543837,23.76232000581644,-0.14851361854265827,0.19306427285001218,0.20779176721848644,0.2101868760531382,0.12311501873075544,0.1326044092416731,0.22085044410322846,0.22565507871187676,-70.50025251145269,70.55355836999988,79.79153531974751,80.79040251680124,0.07295478835872156,0.12839446059320636,0.3351228644506818,0.3568285276203795,4.864786962949653,1.5982268751141402,0.43523498650521064,1.8718566493598458e-07,1.2854176126606307e-05,0.006792279095115266,0.0011959864036228186,0.003586884409119962,0.08248568175491054,0.004465504923074665,-0.3570804561985887,-0.036884053941254144,169130.51183682348,434.15161388683674,223343.76648599707,25406.55258287352,0.015,16.104260735643756,20.0,1.0,0.0029780777670225115,0.002053007381784662,0.010925365972744594,0.18805536955620883,0.0002480611805544317
high_effective_mass,high_5_15_hz,causal_polynomial,ols,True,True,20,0.0,0.25,-0.17575006726066159,0.17704436705612342,0.19308699939239674,0.19511528282810248,-8.012481875858455,7.950964415488298,8.802030720766938,9.235865341290763,-0.9545560242337855,0.964423319231846,1.0181763514575124,1.0507880824183018,3.9121289668106756,2.6603014515723675,9.628411698287131,15.478328991849017,-42.442325138543126,31.62052989740932,94.2111091708203,134.31294351582108,42.806742816722604,15.279619494380826,154.78005005567252,329.82275955895784,-0.47488415889741475,0.4912822171858081,0.5275502860069817,0.5372073468778386,-43.73101784940595,44.21632078950702,49.012235821078775,51.24081396919194,-0.9188074897241023,0.9322201761574291,0.9862130127079141,0.9964090611359424,0.5470462835658452,2.283406204336012,0.6759134207717892,1.8718566493598458e-07,1.2854176126606307e-05,0.006792279095115266,0.0011959864036228186,0.003586884409119962,0.08248568175491054,0.004465504923074665,-0.3570804561985887,-0.036884053941254144,169130.51183682348,434.15161388683674,223343.76648599707,25406.55258287352,0.035,31.85420881757568,92.0,1.0,0.0029780777670225115,0.002053007381784662,0.010925365972744594,0.18805536955620883,-1.0
high_effective_mass,high_5_15_hz,causal_polynomial,tls,True,True,20,0.0,0.0,0.8711473664713433,0.8856858698790306,0.982859592571703,0.9978945217490124,-76.87779410961602,76.71278899211558,94.62339661721221,97.33947035063407,1.0982965705382388,1.0556894527758747,1.504355645792178,1.5659515159382704,-0.05193865645427774,0.04807842268405679,0.11268838038633525,0.12363727577205919,-39.17341323879894,38.94597781382491,43.86468856006856,44.2916951542341,-0.5163845442895638,0.5135450042804337,0.6006832669596158,0.6102810229310439,-0.47488415889741475,0.4912822171858081,0.5275502860069817,0.5372073468778386,-43.73101784940595,44.21632078950702,49.012235821078775,51.24081396919194,-0.9188074897241023,0.9322201761574291,0.9862130127079141,0.9964090611359424,1.498741781711446,2.283406204336012,0.6759134207717892,1.8718566493598458e-07,1.2854176126606307e-05,0.006792279095115266,0.0011959864036228186,0.003586884409119962,0.08248568175491054,0.004465504923074665,-0.3570804561985887,-0.036884053941254144,169130.51183682348,434.15161388683674,223343.76648599707,25406.55258287352,0.035,31.85420881757568,92.0,1.0,0.0029780777670225115,0.002053007381784662,0.010925365972744594,0.18805536955620883,-1.0
high_effective_mass,high_5_15_hz,causal_polynomial,iv,True,True,20,0.0,1.0,-16.99610832948205,15.957472311512223,31.002469679616098,38.84794065015487,-67.6987943080508,70.49812272738237,94.59195212444575,107.3829964961379,0.1832905438520477,0.3263459229909472,0.742786202652775,1.011494742231389,1000000000.0,1000000000.0,1000000000.0,1000000000.0,1000000000.0,1000000000.0,1000000000.0,1000000000.0,1000000000.0,1000000000.0,1000000000.0,1000000000.0,-0.47488415889741475,0.4912822171858081,0.5275502860069817,0.5372073468778386,-43.73101784940595,44.21632078950702,49.012235821078775,51.24081396919194,-0.9188074897241023,0.9322201761574291,0.9862130127079141,0.9964090611359424,5.915068687253192,2.283406204336012,0.6759134207717892,1.8718566493598458e-07,1.2854176126606307e-05,0.006792279095115266,0.0011959864036228186,0.003586884409119962,0.08248568175491054,0.004465504923074665,-0.3570804561985887,-0.036884053941254144,169130.51183682348,434.15161388683674,223343.76648599707,25406.55258287352,0.035,31.85420881757568,92.0,1.0,0.0029780777670225115,0.002053007381784662,0.010925365972744594,0.18805536955620883,0.0005777973835154769
high_effective_mass,high_5_15_hz,alpha_beta_gamma,ols,True,True,20,0.0,0.0,-0.14938411909741428,0.1490046641305197,0.16461761894166654,0.16529611954716547,-5.559744391605987,5.556854155841841,6.062311519803019,6.063451708880968,-0.8232714652122761,0.819259277632969,0.8789027589601843,0.9144356690305869,1.2337411472630893,1.1715827580446143,1.6313458944045045,2.124680078346262,-13.004452350506194,13.219775078808105,14.972057478137568,18.795269830330717,4.960243808343533,4.533956441212457,7.309980851900129,10.68711294379749,-0.2578868072535375,0.24615860499378345,0.34029122464262485,0.3747232892222961,-15.705190600717057,15.62354197553934,17.03065502493972,19.259454390318062,-0.5625641961102539,0.54703262562826,0.6992632444036655,0.7590651636625481,0.2612512420605486,1.6380303344884908,0.44133289516405616,1.8718566493598458e-07,1.2854176126606307e-05,0.006792279095115266,0.0011959864036228186,0.003586884409119962,0.08248568175491054,0.004465504923074665,-0.3570804561985887,-0.036884053941254144,169130.51183682348,434.15161388683674,223343.76648599707,25406.55258287352,0.045,39.30976937757255,24.0,1.0,0.0029780777670225115,0.002053007381784662,0.010925365972744594,0.18805536955620883,-1.0
high_effective_mass,high_5_15_hz,alpha_beta_gamma,tls,True,True,20,0.0,0.0,0.12937584149435805,0.13010449617775274,0.1403283058579126,0.14295634181263986,-9.068650394303958,9.028781307711048,9.789002182778527,9.835303292814478,-0.6533896178071009,0.6501134862421352,0.7161570273540782,0.764277368163035,0.8154764433845036,0.7980629556247849,0.9951389773446383,1.182566105447594,-13.988664233522377,14.0233800317381,15.281963029959835,17.309088111066032,1.9309515072634382,1.8580714362523385,2.5294351720509303,3.2422740328626554,-0.2578868072535375,0.24615860499378345,0.34029122464262485,0.3747232892222961,-15.705190600717057,15.62354197553934,17.03065502493972,19.259454390318062,-0.5625641961102539,0.54703262562826,0.6992632444036655,0.7590651636625481,0.28767225770021654,1.6380303344884908,0.44133289516405616,1.8718566493598458e-07,1.2854176126606307e-05,0.006792279095115266,0.0011959864036228186,0.003586884409119962,0.08248568175491054,0.004465504923074665,-0.3570804561985887,-0.036884053941254144,169130.51183682348,434.15161388683674,223343.76648599707,25406.55258287352,0.045,39.30976937757255,24.0,1.0,0.0029780777670225115,0.002053007381784662,0.010925365972744594,0.18805536955620883,-1.0
high_effective_mass,high_5_15_hz,alpha_beta_gamma,iv,True,True,20,0.0,0.0,19.518998771880472,17.950429141752736,34.429861969125284,35.96403020214759,-62.091719645962236,62.03205126332222,81.25691233083057,81.52134176579843,0.1187691557277151,0.1583113345242623,0.4189658444040629,0.4845760581258446,3.1761094383719444,3.1745452713262203,4.011375718891071,4.279475248827768,-14.328954369038035,13.832663317894792,17.43976027653034,20.985711154388152,-0.07277499610923246,0.13658793314363948,0.32890769193385583,0.3764203175168315,-0.2578868072535375,0.24615860499378345,0.34029122464262485,0.3747232892222961,-15.705190600717057,15.62354197553934,17.03065502493972,19.259454390318062,-0.5625641961102539,0.54703262562826,0.6992632444036655,0.7590651636625481,6.48832580388944,1.6380303344884908,0.44133289516405616,1.8718566493598458e-07,1.2854176126606307e-05,0.006792279095115266,0.0011959864036228186,0.003586884409119962,0.08248568175491054,0.004465504923074665,-0.3570804561985887,-0.036884053941254144,169130.51183682348,434.15161388683674,223343.76648599707,25406.55258287352,0.045,39.30976937757255,24.0,1.0,0.0029780777670225115,0.002053007381784662,0.010925365972744594,0.18805536955620883,0.0008198799638944999
high_effective_mass,high_5_15_hz,centered_savitzky_golay,ols,False,True,20,0.0,0.0,0.0033822879399264794,0.007431296958095194,0.012996722531376712,0.017229220896985566,0.12096730572284783,0.27568589978390035,0.7597876975911704,0.8135104126350129,0.025104393417091468,0.0427914579417358,0.09196256071697913,0.09740368207199435,-0.009946528723085308,0.017962039188827578,0.0369550091600765,0.03722189084334855,0.1025728056424072,0.28191955287950093,0.7262142903288424,0.7504776742902072,-0.02240042394122464,0.04302726551916623,0.08421649548041736,0.08875829711823796,-0.12690840785824542,0.12887083235192454,0.15765554140906274,0.1701392891830405,0.14290649106446063,0.2581656773841866,0.5783721461313478,0.6621661840127396,-0.2880002953136836,0.29085540215634614,0.3523328886510282,0.3777908031443847,0.13595542988289339,1.3520485525990509,0.2845785700212018,1.8718566493598458e-07,1.2854176126606307e-05,0.006792279095115266,0.0011959864036228186,0.003586884409119962,0.08248568175491054,0.004465504923074665,-0.3570804561985887,-0.036884053941254144,169130.51183682348,434.15161388683674,223343.76648599707,25406.55258287352,0.0,47.06947881100554,92.0,1.0,0.0029780777670225115,0.002053007381784662,0.010925365972744594,0.18805536955620883,-1.0
high_effective_mass,high_5_15_hz,centered_savitzky_golay,tls,False,True,20,0.0,0.0,0.07634162644166809,0.07691719381253989,0.0965127417173836,0.10529556127724447,0.22101622431818,0.3415190561745997,0.7232541129368818,0.9257885185189767,0.11727360015046151,0.11097906007753915,0.17622501454867331,0.20420927876043465,-0.017775720730116677,0.01784206405711656,0.043087724646310714,0.04596502718473357,0.11158187115977895,0.29048010747723285,0.7188631278732501,0.7273442246179497,-0.10294474491743696,0.09988590065555913,0.14979776542356893,0.16957955926949805,-0.12690840785824542,0.12887083235192454,0.15765554140906274,0.1701392891830405,0.14290649106446063,0.2581656773841866,0.5783721461313478,0.6621661840127396,-0.2880002953136836,0.29085540215634614,0.3523328886510282,0.3777908031443847,0.1388947401259778,1.3520485525990509,0.2845785700212018,1.8718566493598458e-07,1.2854176126606307e-05,0.006792279095115266,0.0011959864036228186,0.003586884409119962,0.08248568175491054,0.004465504923074665,-0.3570804561985887,-0.036884053941254144,169130.51183682348,434.15161388683674,223343.76648599707,25406.55258287352,0.0,47.06947881100554,92.0,1.0,0.0029780777670225115,0.002053007381784662,0.010925365972744594,0.18805536955620883,-1.0
high_effective_mass,high_5_15_hz,centered_savitzky_golay,iv,False,True,20,0.0,0.15,7.713492898235822,7.837691241939535,17.8410282824887,22.503148930630676,-2.8586676497179155,1.8349141475894557,9.14097090581879,12.926862500462008,0.8733318071358566,0.8570504255907543,1.186695942894618,1.5767536007603873,1.1750439685490814,1.2926509751982271,1.9479850814863373,2.0201365585938023,-1.0540553311426324,1.181670247352219,2.693521581072518,2.879206746456092,-0.4720085031089443,0.4775101229935589,0.5530669464241903,0.6119147753572927,-0.12690840785824542,0.12887083235192454,0.15765554140906274,0.1701392891830405,0.14290649106446063,0.2581656773841866,0.5783721461313478,0.6621661840127396,-0.2880002953136836,0.29085540215634614,0.3523328886510282,0.3777908031443847,2.7723768709743943,1.3520485525990509,0.2845785700212018,1.8718566493598458e-07,1.2854176126606307e-05,0.006792279095115266,0.0011959864036228186,0.003586884409119962,0.08248568175491054,0.004465504923074665,-0.3570804561985887,-0.036884053941254144,169130.51183682348,434.15161388683674,223343.76648599707,25406.55258287352,0.0,47.06947881100554,92.0,1.0,0.0029780777670225115,0.002053007381784662,0.010925365972744594,0.18805536955620883,0.00022850015638262183
high_effective_mass,wide_0p5_20_hz,backward_difference,ols,True,True,20,0.0,1.0,-0.567365549989477,0.5676990168155848,0.57097275306677,0.5713601046983624,-0.6554846986892979,0.6618878501884311,0.7380337070693326,0.7596097686613776,-1.0006118739490675,1.0005862254854931,1.000854191334613,1.001127446012358,1000000000.0,1000000000.0,1000000000.0,1000000000.0,1000000000.0,1000000000.0,1000000000.0,1000000000.0,1000000000.0,1000000000.0,1000000000.0,1000000000.0,1000000000.0,1000000000.0,1000000000.0,1000000000.0,1000000000.0,1000000000.0,1000000000.0,1000000000.0,1000000000.0,1000000000.0,1000000000.0,1000000000.0,0.46818482938842143,2.460659415292216,0.7158539849012993,1.3468862346568122e-06,9.011081537350159e-05,0.011846335223934667,0.0016546496733637719,0.009505588357901188,0.1089226835546457,-0.003202786450173497,-0.6996438498728348,-0.012029325090054856,243597.1167433616,3051.3789765508927,293520.300885592,60200.7838057834,0.005,0.0,8.0,0.9999999971575539,0.008419390207947615,0.0037926850045505224,0.021128199716378863,0.2687086337799287,-1.0
high_effective_mass,wide_0p5_20_hz,backward_difference,tls,True,True,20,0.0,1.0,-2.393580170686468,2.17305412246864,3.293242438365929,3.489530501381385,186.75415861974216,170.59400174300438,286.8963737515781,287.53120622096606,-1.6531684825059716,1.586445732693317,1.9764187503028434,2.0176776526278095,1000000000.0,1000000000.0,1000000000.0,1000000000.0,1000000000.0,1000000000.0,1000000000.0,1000000000.0,1000000000.0,1000000000.0,1000000000.0,1000000000.0,1000000000.0,1000000000.0,1000000000.0,1000000000.0,1000000000.0,1000000000.0,1000000000.0,1000000000.0,1000000000.0,1000000000.0,1000000000.0,1000000000.0,10.849460294927411,2.460659415292216,0.7158539849012993,1.3468862346568122e-06,9.011081537350159e-05,0.011846335223934667,0.0016546496733637719,0.009505588357901188,0.1089226835546457,-0.003202786450173497,-0.6996438498728348,-0.012029325090054856,243597.1167433616,3051.3789765508927,293520.300885592,60200.7838057834,0.005,0.0,8.0,0.9999999971575539,0.008419390207947615,0.0037926850045505224,0.021128199716378863,0.2687086337799287,-1.0
high_effective_mass,wide_0p5_20_hz,backward_difference,iv,True,True,20,0.0,0.7,-2.5151198890104713,4.284609687662671,9.736348852713476,13.088327237442472,-0.0891698555903071,2.741029442899654,7.862167928126172,7.961752196659513,-0.36406174423645354,0.550953792615801,1.0203406948846359,1.4353637586804218,0.7106796920489239,0.6864096919463156,1.4081719398954997,1.4446689189120847,-0.37052579686240866,1.4641351095997366,2.1200623343534164,2.123662469687558,0.04516388549097585,0.3029635194099598,0.9060312082640469,1.0415002571896603,1000000000.0,1000000000.0,1000000000.0,1000000000.0,1000000000.0,1000000000.0,1000000000.0,1000000000.0,1000000000.0,1000000000.0,1000000000.0,1000000000.0,12.702277002867685,2.460659415292216,0.7158539849012993,1.3468862346568122e-06,9.011081537350159e-05,0.011846335223934667,0.0016546496733637719,0.009505588357901188,0.1089226835546457,-0.003202786450173497,-0.6996438498728348,-0.012029325090054856,243597.1167433616,3051.3789765508927,293520.300885592,60200.7838057834,0.005,0.0,8.0,0.9999999971575539,0.008419390207947615,0.0037926850045505224,0.021128199716378863,0.2687086337799287,0.0004004359541243348
high_effective_mass,wide_0p5_20_hz,causal_low_pass,ols,True,True,20,0.0,0.0,-0.5505169562967573,0.5503497415268639,0.5547252399813948,0.5547964842452304,-0.22072132841946046,0.22004621715407363,0.2936082981764053,0.30122083406237793,-0.9928794373487723,0.9925271224585339,0.9944321081279207,0.994860910758492,6.993408389571075,6.762573873906445,7.950564083991744,8.375266041409528,12.869330989072875,12.475779690954656,15.433264049786908,16.081989984884146,141.8127374901507,132.83932913397587,178.6616863250297,193.58700812647507,-0.02387742140846971,0.025472153093211464,0.04297166450787492,0.047665513575330075,-16.722863786250237,16.387946183963663,19.22300552412492,19.700452311143803,-0.2682725667593107,0.2616026394948881,0.3426586705426883,0.38207468132194583,0.36877490016814685,1.2457181523450642,0.20026173434464678,1.3468862346568122e-06,9.011081537350159e-05,0.011846335223934667,0.0016546496733637719,0.009505588357901188,0.1089226835546457,-0.003202786450173497,-0.6996438498728348,-0.012029325090054856,243597.1167433616,3051.3789765508927,293520.300885592,60200.7838057834,0.015,16.10426073564376,20.0,0.9999999971575539,0.008419390207947615,0.0037926850045505224,0.021128199716378863,0.2687086337799287,-1.0
high_effective_mass,wide_0p5_20_hz,causal_low_pass,tls,True,True,20,0.0,0.0,-0.12650312856617002,0.12649391506039612,0.13240897958857534,0.13269256307087365,-0.3590046241050627,0.3523315049586916,0.5150154305970591,0.5307228040742812,-0.9785177975423626,0.9777932213687694,0.9824492679183547,0.9840104694965321,5.405902531588314,5.273811160459871,6.044170941960752,6.380750765344253,3.7175898907627625,3.6695722188908846,5.639606086284672,5.757757294768177,46.1400129643182,44.05494975919232,56.00360466621312,61.54092324869168,-0.02387742140846971,0.025472153093211464,0.04297166450787492,0.047665513575330075,-16.722863786250237,16.387946183963663,19.22300552412492,19.700452311143803,-0.2682725667593107,0.2616026394948881,0.3426586705426883,0.38207468132194583,0.42500043858043535,1.2457181523450642,0.20026173434464678,1.3468862346568122e-06,9.011081537350159e-05,0.011846335223934667,0.0016546496733637719,0.009505588357901188,0.1089226835546457,-0.003202786450173497,-0.6996438498728348,-0.012029325090054856,243597.1167433616,3051.3789765508927,293520.300885592,60200.7838057834,0.015,16.10426073564376,20.0,0.9999999971575539,0.008419390207947615,0.0037926850045505224,0.021128199716378863,0.2687086337799287,-1.0
high_effective_mass,wide_0p5_20_hz,causal_low_pass,iv,True,True,20,0.0,0.95,-3.066833880029786,3.4180837501591084,5.224511537474649,5.482532377820663,-0.9178785497677614,0.878393876072973,1.851449576420306,4.597839266457348,-0.42227508270454706,0.41569259160411787,0.7930092496604614,0.8685623759973664,0.4963126042837842,0.4963126042837842,0.4963126042837842,0.4963126042837842,0.49735679563094115,0.49735679563094115,0.49735679563094115,0.49735679563094115,-0.17229614329808143,0.17229614329808143,0.17229614329808143,0.17229614329808143,-0.02387742140846971,0.025472153093211464,0.04297166450787492,0.047665513575330075,-16.722863786250237,16.387946183963663,19.22300552412492,19.700452311143803,-0.2682725667593107,0.2616026394948881,0.3426586705426883,0.38207468132194583,2.6838387428024753,1.2457181523450642,0.20026173434464678,1.3468862346568122e-06,9.011081537350159e-05,0.011846335223934667,0.0016546496733637719,0.009505588357901188,0.1089226835546457,-0.003202786450173497,-0.6996438498728348,-0.012029325090054856,243597.1167433616,3051.3789765508927,293520.300885592,60200.7838057834,0.015,16.10426073564376,20.0,0.9999999971575539,0.008419390207947615,0.0037926850045505224,0.021128199716378863,0.2687086337799287,0.006026427595603335
high_effective_mass,wide_0p5_20_hz,causal_polynomial,ols,True,True,20,0.0,0.05,-0.5230006752323789,0.5241966446114529,0.5535984318924169,0.5678715756146273,-1.4665300326163049,1.4704251976270006,1.5324723962434088,1.5341554716906551,-0.9285817601196099,0.9321456355190159,0.9817406109651123,1.0080885932149228,1.7134995923990313,1.554276470568329,2.524290264286011,3.7707814258921206,-3.656276440174017,3.3542691601794865,4.77074686574978,6.33778992999861,15.573415001901003,12.775691812238037,26.590875110826016,49.900623044641925,-0.18128616996281388,0.18425532461654048,0.20515245614033806,0.21005797351905292,-7.6851566824575,7.658481366886618,8.4700209951384,9.508794064836804,-0.85216424747937,0.8413322098058842,0.9225907025192618,0.9525213480006025,0.5607397236719185,1.6277950935881036,0.3582373579075195,1.3468862346568122e-06,9.011081537350159e-05,0.011846335223934667,0.0016546496733637719,0.009505588357901188,0.1089226835546457,-0.003202786450173497,-0.6996438498728348,-0.012029325090054856,243597.1167433616,3051.3789765508927,293520.300885592,60200.7838057834,0.035,31.85420881757568,92.0,0.9999999971575539,0.008419390207947615,0.0037926850045505224,0.021128199716378863,0.2687086337799287,-1.0
high_effective_mass,wide_0p5_20_hz,causal_polynomial,tls,True,True,20,0.0,0.0,1.021374798453937,1.0017590104361846,1.1793491146309354,1.3714583006790804,-12.346506252753924,12.073240079648388,16.47456354339088,16.923384551180668,0.017654217945924672,0.059171803319976936,0.10387739891431089,0.1767896301443063,0.40928397009472556,0.4116428133764727,0.42379758231285714,0.42621561867538843,-8.876506732911457,8.8230759713229,10.563207685967837,11.158577740954847,-0.013042204470600232,0.05603523293249202,0.11311389150963055,0.15023044528581303,-0.18128616996281388,0.18425532461654048,0.20515245614033806,0.21005797351905292,-7.6851566824575,7.658481366886618,8.4700209951384,9.508794064836804,-0.85216424747937,0.8413322098058842,0.9225907025192618,0.9525213480006025,1.084111303594086,1.6277950935881036,0.3582373579075195,1.3468862346568122e-06,9.011081537350159e-05,0.011846335223934667,0.0016546496733637719,0.009505588357901188,0.1089226835546457,-0.003202786450173497,-0.6996438498728348,-0.012029325090054856,243597.1167433616,3051.3789765508927,293520.300885592,60200.7838057834,0.035,31.85420881757568,92.0,0.9999999971575539,0.008419390207947615,0.0037926850045505224,0.021128199716378863,0.2687086337799287,-1.0
high_effective_mass,wide_0p5_20_hz,causal_polynomial,iv,True,True,20,0.0,1.0,-16.23547655881002,16.216298420669744,18.334984636278264,18.83244461577937,7.62427546246511,7.50468466757459,9.224703624325436,10.564713824376259,-2.052620973086908,2.0091689261520704,2.3254332639940634,2.390245726241389,1000000000.0,1000000000.0,1000000000.0,1000000000.0,1000000000.0,1000000000.0,1000000000.0,1000000000.0,1000000000.0,1000000000.0,1000000000.0,1000000000.0,-0.18128616996281388,0.18425532461654048,0.20515245614033806,0.21005797351905292,-7.6851566824575,7.658481366886618,8.4700209951384,9.508794064836804,-0.85216424747937,0.8413322098058842,0.9225907025192618,0.9525213480006025,7.481004259149081,1.6277950935881036,0.3582373579075195,1.3468862346568122e-06,9.011081537350159e-05,0.011846335223934667,0.0016546496733637719,0.009505588357901188,0.1089226835546457,-0.003202786450173497,-0.6996438498728348,-0.012029325090054856,243597.1167433616,3051.3789765508927,293520.300885592,60200.7838057834,0.035,31.85420881757568,92.0,0.9999999971575539,0.008419390207947615,0.0037926850045505224,0.021128199716378863,0.2687086337799287,0.006687276425995408
high_effective_mass,wide_0p5_20_hz,alpha_beta_gamma,ols,True,True,20,0.0,0.0,-0.3271403398388276,0.3262762392413615,0.348381535500391,0.3678347473639458,-1.4184385796178074,1.4195839831830686,1.4582819615266511,1.4803035200082637,-0.5964698169761882,0.5899129241240815,0.6431311708823112,0.6750672428843286,0.2935939176457888,0.2821076226144612,0.3534193135397372,0.39482127384648147,-1.8056984620321697,1.7982559019303017,1.9053947721465039,1.9397827502584204,1.4939455472993373,1.4385249589076348,1.8034411236528818,2.0775598276907927,-0.05616748031284009,0.0549132033937872,0.06703512155707952,0.07637538133668335,-3.714431590269382,3.6725480190135222,4.022911059165684,4.202510474184793,-0.26519152623194864,0.2625514246454788,0.3190302489430661,0.3581430541404887,0.3094065721209483,1.8228806117084968,0.4879530291450418,1.3468862346568122e-06,9.011081537350159e-05,0.011846335223934667,0.0016546496733637719,0.009505588357901188,0.1089226835546457,-0.003202786450173497,-0.6996438498728348,-0.012029325090054856,243597.1167433616,3051.3789765508927,293520.300885592,60200.7838057834,0.04,39.30976937757255,24.0,0.9999999971575539,0.008419390207947615,0.0037926850045505224,0.021128199716378863,0.2687086337799287,-1.0
high_effective_mass,wide_0p5_20_hz,alpha_beta_gamma,tls,True,True,20,0.0,0.0,0.09075513025987922,0.0902334138072202,0.11994421984561508,0.12753233727372087,-3.043311448623176,3.038278727578195,3.2903814175765884,3.473378130010807,-0.24762039509303965,0.2515104293639837,0.2840793381758345,0.28533336291123046,0.204533059488279,0.2010943148688772,0.23917010969152405,0.25064429398631816,-3.2575296293249876,3.2174353402631093,3.5350407900420593,3.7434390508461566,0.33101942053158095,0.336023975919879,0.39680304686861245,0.39925378925417615,-0.05616748031284009,0.0549132033937872,0.06703512155707952,0.07637538133668335,-3.714431590269382,3.6725480190135222,4.022911059165684,4.202510474184793,-0.26519152623194864,0.2625514246454788,0.3190302489430661,0.3581430541404887,0.3717704257499651,1.8228806117084968,0.4879530291450418,1.3468862346568122e-06,9.011081537350159e-05,0.011846335223934667,0.0016546496733637719,0.009505588357901188,0.1089226835546457,-0.003202786450173497,-0.6996438498728348,-0.012029325090054856,243597.1167433616,3051.3789765508927,293520.300885592,60200.7838057834,0.04,39.30976937757255,24.0,0.9999999971575539,0.008419390207947615,0.0037926850045505224,0.021128199716378863,0.2687086337799287,-1.0
high_effective_mass,wide_0p5_20_hz,alpha_beta_gamma,iv,True,True,20,0.0,1.0,-9.09539323257709,9.085197906474086,9.624800184183002,9.704042585310956,8.073806803823762,7.944728284415377,8.979388733815055,9.584787961774422,-1.5465856265483753,1.531979024039741,1.6385973813733725,1.723960183224135,1000000000.0,1000000000.0,1000000000.0,1000000000.0,1000000000.0,1000000000.0,1000000000.0,1000000000.0,1000000000.0,1000000000.0,1000000000.0,1000000000.0,-0.05616748031284009,0.0549132033937872,0.06703512155707952,0.07637538133668335,-3.714431590269382,3.6725480190135222,4.022911059165684,4.202510474184793,-0.26519152623194864,0.2625514246454788,0.3190302489430661,0.3581430541404887,4.125924707005267,1.8228806117084968,0.4879530291450418,1.3468862346568122e-06,9.011081537350159e-05,0.011846335223934667,0.0016546496733637719,0.009505588357901188,0.1089226835546457,-0.003202786450173497,-0.6996438498728348,-0.012029325090054856,243597.1167433616,3051.3789765508927,293520.300885592,60200.7838057834,0.04,39.30976937757255,24.0,0.9999999971575539,0.008419390207947615,0.0037926850045505224,0.021128199716378863,0.2687086337799287,0.007504428752963092
high_effective_mass,wide_0p5_20_hz,centered_savitzky_golay,ols,False,True,20,0.0,0.0,-0.007085385155147256,0.00554776894111626,0.021281520720114508,0.026626563721998196,0.0020879608063167155,0.037659997385254135,0.09079632261543881,0.11966550954293105,0.0020414711513549568,0.014591860477635964,0.02560462220225915,0.027087081425584712,-0.0045180347194877435,0.004398768497458358,0.009032652040392575,0.009916370398435424,0.004956496924739132,0.037869078921418324,0.0900648613498654,0.13766965224035269,-0.0017949939642800533,0.014557389509288893,0.026277571495064503,0.02784121878582374,-0.03345986799674593,0.03361398763479294,0.03922940989921416,0.04534556599918854,-0.10454095510613266,0.10762908621617762,0.17391327002665063,0.18611934839312033,-0.1314761332206526,0.12805049250334044,0.15864204098250728,0.1810343662576533,0.12672863930349187,2.117237234819027,0.6345235526574626,1.3468862346568122e-06,9.011081537350159e-05,0.011846335223934667,0.0016546496733637719,0.009505588357901188,0.1089226835546457,-0.003202786450173497,-0.6996438498728348,-0.012029325090054856,243597.1167433616,3051.3789765508927,293520.300885592,60200.7838057834,0.0,47.06947881100554,92.0,0.9999999971575539,0.008419390207947615,0.0037926850045505224,0.021128199716378863,0.2687086337799287,-1.0
high_effective_mass,wide_0p5_20_hz,centered_savitzky_golay,tls,False,True,20,0.0,0.0,0.0652390405945887,0.06400238644819316,0.08465036962382831,0.09753731600055081,0.015584630984466738,0.035667283501162925,0.10094342105879549,0.14106580721858322,0.08291680230106616,0.08044314749640949,0.11214351704701883,0.1294458971400793,-0.008164487079899014,0.007824143489805832,0.012585705397837517,0.014226971229646621,-0.05427978325449353,0.06916527356450972,0.13177096420263384,0.14180161533351152,-0.07638642075683112,0.07445383650263974,0.10082418426254343,0.1146100910790461,-0.03345986799674593,0.03361398763479294,0.03922940989921416,0.04534556599918854,-0.10454095510613266,0.10762908621617762,0.17391327002665063,0.18611934839312033,-0.1314761332206526,0.12805049250334044,0.15864204098250728,0.1810343662576533,0.13000451585253336,2.117237234819027,0.6345235526574626,1.3468862346568122e-06,9.011081537350159e-05,0.011846335223934667,0.0016546496733637719,0.009505588357901188,0.1089226835546457,-0.003202786450173497,-0.6996438498728348,-0.012029325090054856,243597.1167433616,3051.3789765508927,293520.300885592,60200.7838057834,0.0,47.06947881100554,92.0,0.9999999971575539,0.008419390207947615,0.0037926850045505224,0.021128199716378863,0.2687086337799287,-1.0
high_effective_mass,wide_0p5_20_hz,centered_savitzky_golay,iv,False,True,20,0.0,0.0,1.845845568621521,1.5586019501322443,3.704200733961408,5.212782035576231,-1.5432436807622487,1.551590449468395,2.3426513046646407,4.253454484859321,0.618473249756524,0.5910770247913271,1.0105417576793625,1.4968838547894208,0.2897680603824736,0.2910301907368962,0.5412041276299009,0.5774074518086358,-1.1862799249063474,1.2453930779379059,1.4811215031196863,1.8260427163145005,-0.36696137247279365,0.3714638461599182,0.5013723110704902,0.5995007945276106,-0.03345986799674593,0.03361398763479294,0.03922940989921416,0.04534556599918854,-0.10454095510613266,0.10762908621617762,0.17391327002665063,0.18611934839312033,-0.1314761332206526,0.12805049250334044,0.15864204098250728,0.1810343662576533,0.6663534450956703,2.117237234819027,0.6345235526574626,1.3468862346568122e-06,9.011081537350159e-05,0.011846335223934667,0.0016546496733637719,0.009505588357901188,0.1089226835546457,-0.003202786450173497,-0.6996438498728348,-0.012029325090054856,243597.1167433616,3051.3789765508927,293520.300885592,60200.7838057834,0.0,47.06947881100554,92.0,0.9999999971575539,0.008419390207947615,0.0037926850045505224,0.021128199716378863,0.2687086337799287,0.006368742108466169
