time_s,phase,total_contact_reference_n,commanded_normal_force_n,realized_contact_force_n,contact_active,desired_tip_coordinate_m,target_displacement_m,target_velocity_m_per_s,vehicle_position_x_m,vehicle_pitch_rad
0.0,APPROACH,0.0,0.0,0.0,0,-0.001999,0.0,0.0,-0.302,-0.0
0.001,APPROACH,0.0,0.0,0.0,0,-0.0019979999999999998,0.0,0.0,-0.302,1.2404299808772657e-09
0.002,APPROACH,0.0,0.0,0.0,0,-0.0019969999999999996,0.0,0.0,-0.3019999999999818,9.842239372755981e-09
0.003,APPROACH,0.0,0.0,0.0,0,-0.0019959999999999995,0.0,0.0,-0.3019999999998551,3.294527397710479e-08
0.004,APPROACH,0.0,0.0,0.0,0,-0.0019949999999999994,0.0,0.0,-0.3019999999993878,7.745024030825985e-08
0.005,APPROACH,0.0,0.0,0.0,0,-0.0019939999999999992,0.0,0.0,-0.30199999999813804,1.5002085851145644e-07
0.006,APPROACH,0.0,0.0,0.0,0,-0.001992999999999999,0.0,0.0,-0.3019999999953888,2.5708606937842855e-07
0.007,APPROACH,0.0,0.0,0.0,0,-0.001991999999999999,0.0,0.0,-0.30199999999008514,4.0484229361340037e-07
0.008,APPROACH,0.0,0.0,0.0,0,-0.001990999999999999,0.0,0.0,-0.30199999998077315,5.992557415175649e-07
0.009000000000000001,APPROACH,0.0,0.0,0.0,0,-0.0019899999999999987,0.0,0.0,-0.3019999999655416,8.460647712758876e-07
0.01,APPROACH,0.0,0.0,0.0,0,-0.0019889999999999986,0.0,0.0,-0.30199999994196564,1.1507822940460655e-06
0.011,APPROACH,0.0,0.0,0.0,0,-0.0019879999999999984,0.0,0.0,-0.3019999999070527,1.518698224065756e-06
0.012,APPROACH,0.0,0.0,0.0,0,-0.0019869999999999983,0.0,0.0,-0.3019999998571905,1.954881972010772e-06
0.013000000000000001,APPROACH,0.0,0.0,0.0,0,-0.001985999999999998,0.0,0.0,-0.3019999997880977,2.464184979853885e-06
0.014,APPROACH,0.0,0.0,0.0,0,-0.001984999999999998,0.0,0.0,-0.301999999694776,3.0512432954909976e-06
0.015,APPROACH,0.0,0.0,0.0,0,-0.001983999999999998,0.0,0.0,-0.30199999957146456,3.720480185418883e-06
0.016,APPROACH,0.0,0.0,0.0,0,-0.001982999999999998,0.0,0.0,-0.3019999994115971,4.476108783766391e-06
0.017,APPROACH,0.0,0.0,0.0,0,-0.0019819999999999977,0.0,0.0,-0.3019999992077601,5.322134775998955e-06
0.018000000000000002,APPROACH,0.0,0.0,0.0,0,-0.0019809999999999975,0.0,0.0,-0.3019999989516538,6.262359115634392e-06
0.019,APPROACH,0.0,0.0,0.0,0,-0.0019799999999999974,0.0,0.0,-0.3019999986340548,7.300380772326387e-06
0.02,APPROACH,0.0,0.0,0.0,0,-0.0019789999999999973,0.0,0.0,-0.3019999982447808,8.4395995096907e-06
0.021,APPROACH,0.0,0.0,0.0,0,-0.001977999999999997,0.0,0.0,-0.3019999977726573,9.683218691267947e-06
0.022,APPROACH,0.0,0.0,0.0,0,-0.001976999999999997,0.0,0.0,-0.3019999972054861,1.1034248113035798e-05
0.023,APPROACH,0.0,0.0,0.0,0,-0.001975999999999997,0.0,0.0,-0.3019999965300158,1.2495506860902736e-05
0.024,APPROACH,0.0,0.0,0.0,0,-0.0019749999999999967,0.0,0.0,-0.3019999957319142,1.4069626191634832e-05
0.025,APPROACH,0.0,0.0,0.0,0,-0.0019739999999999966,0.0,0.0,-0.3019999947957425,1.575905243568659e-05
0.026000000000000002,APPROACH,0.0,0.0,0.0,0,-0.0019729999999999965,0.0,0.0,-0.30199999370493125,1.7566049920426724e-05
0.027,APPROACH,0.0,0.0,0.0,0,-0.0019719999999999963,0.0,0.0,-0.3019999924417581,1.949270391226947e-05
0.028,APPROACH,0.0,0.0,0.0,0,-0.001970999999999996,0.0,0.0,-0.3019999909873276,2.1540923576242245e-05
0.029,APPROACH,0.0,0.0,0.0,0,-0.001969999999999996,0.0,0.0,-0.30199998932155203,2.3712444951540462e-05
0.03,APPROACH,0.0,0.0,0.0,0,-0.001968999999999996,0.0,0.0,-0.30199998742313483,2.6008833941640782e-05
0.031,APPROACH,0.0,0.0,0.0,0,-0.001967999999999996,0.0,0.0,-0.30199998526955496,2.8431489317564348e-05
0.032,APPROACH,0.0,0.0,0.0,0,-0.0019669999999999957,0.0,0.0,-0.3019999828370533,3.098164573290219e-05
0.033,APPROACH,0.0,0.0,0.0,0,-0.0019659999999999955,0.0,0.0,-0.3019999801006205,3.366037674923558e-05
0.034,APPROACH,0.0,0.0,0.0,0,-0.0019649999999999954,0.0,0.0,-0.3019999770339864,3.6468597870604875e-05
0.035,APPROACH,0.0,0.0,0.0,0,-0.0019639999999999953,0.0,0.0,-0.30199997360961117,3.9407069585701056e-05
0.036000000000000004,APPROACH,0.0,0.0,0.0,0,-0.001962999999999995,0.0,0.0,-0.3019999697986777,4.247640041647542e-05
0.037,APPROACH,0.0,0.0,0.0,0,-0.001961999999999995,0.0,0.0,-0.3019999655710859,4.56770499718834e-05
0.038,APPROACH,0.0,0.0,0.0,0,-0.001960999999999995,0.0,0.0,-0.3019999608954477,4.900933200549988e-05
0.039,APPROACH,0.0,0.0,0.0,0,-0.0019599999999999947,0.0,0.0,-0.30199995573908456,5.24734174757643e-05
0.04,APPROACH,0.0,0.0,0.0,0,-0.0019589999999999946,0.0,0.0,-0.3019999500680253,5.606933760763494e-05
0.041,APPROACH,0.0,0.0,0.0,0,-0.0019579999999999945,0.0,0.0,-0.3019999438470062,5.979698695445308e-05
0.042,APPROACH,0.0,0.0,0.0,0,-0.0019569999999999943,0.0,0.0,-0.30199993703947153,6.365612645883891e-05
0.043000000000000003,APPROACH,0.0,0.0,0.0,0,-0.001955999999999994,0.0,0.0,-0.3019999296075765,6.764638651146228e-05
0.044,APPROACH,0.0,0.0,0.0,0,-0.001954999999999994,0.0,0.0,-0.30199992151219035,7.176727000655243e-05
0.045,APPROACH,0.0,0.0,0.0,0,-0.001953999999999994,0.0,0.0,-0.3019999127129016,7.601815539303248e-05
0.046,APPROACH,0.0,0.0,0.0,0,-0.001952999999999994,0.0,0.0,-0.3019999031680239,8.03982997201859e-05
0.047,APPROACH,0.0,0.0,0.0,0,-0.001951999999999994,0.0,0.0,-0.3019998928346034,8.490684167678226e-05
0.048,APPROACH,0.0,0.0,0.0,0,-0.0019509999999999942,0.0,0.0,-0.3019998816684272,8.954280462261263e-05
0.049,APPROACH,0.0,0.0,0.0,0,-0.0019499999999999943,0.0,0.0,-0.30199986962403286,9.430509961140475e-05
0.05,APPROACH,0.0,0.0,0.0,0,-0.0019489999999999944,0.0,0.0,-0.3019998566547193,9.919252840410996e-05
0.051000000000000004,APPROACH,0.0,0.0,0.0,0,-0.0019479999999999944,0.0,0.0,-0.30199984271255825,0.00010420378647157514
0.052000000000000005,APPROACH,0.0,0.0,0.0,0,-0.0019469999999999945,0.0,0.0,-0.3019998277484072,0.00010933746598563406
0.053,APPROACH,0.0,0.0,0.0,0,-0.0019459999999999946,0.0,0.0,-0.3019998117119232,0.00011459205879767305
0.054,APPROACH,0.0,0.0,0.0,0,-0.0019449999999999947,0.0,0.0,-0.30199979455157755,0.00011996595940374825
0.055,APPROACH,0.0,0.0,0.0,0,-0.0019439999999999948,0.0,0.0,-0.3019997762146718,0.00012545746789535125
0.056,APPROACH,0.0,0.0,0.0,0,-0.0019429999999999949,0.0,0.0,-0.30199975664735396,0.00013106479289494216
0.057,APPROACH,0.0,0.0,0.0,0,-0.001941999999999995,0.0,0.0,-0.30199973579463657,0.0001367860544753894
0.058,APPROACH,0.0,0.0,0.0,0,-0.001940999999999995,0.0,0.0,-0.30199971360041483,0.0001426192870624763
0.059000000000000004,APPROACH,0.0,0.0,0.0,0,-0.0019399999999999951,0.0,0.0,-0.30199969000748594,0.00014856244231965582
0.06,APPROACH,0.0,0.0,0.0,0,-0.0019389999999999952,0.0,0.0,-0.3019996649575692,0.0001546133920142553
0.061,APPROACH,0.0,0.0,0.0,0,-0.0019379999999999953,0.0,0.0,-0.3019996383913269,0.00016076993086435273
0.062,APPROACH,0.0,0.0,0.0,0,-0.0019369999999999954,0.0,0.0,-0.3019996102483858,0.0001670297793655688
0.063,APPROACH,0.0,0.0,0.0,0,-0.0019359999999999955,0.0,0.0,-0.3019995804673597,0.00017339058659703675
0.064,APPROACH,0.0,0.0,0.0,0,-0.0019349999999999955,0.0,0.0,-0.30199954898587245,0.0001798499330058345
0.065,APPROACH,0.0,0.0,0.0,0,-0.0019339999999999956,0.0,0.0,-0.3019995157405814,0.00018640533316918232
0.066,APPROACH,0.0,0.0,0.0,0,-0.0019329999999999957,0.0,0.0,-0.3019994806672023,0.00019305423853373057
0.067,APPROACH,0.0,0.0,0.0,0,-0.0019319999999999958,0.0,0.0,-0.3019994437005336,0.00019979404013128097
0.068,APPROACH,0.0,0.0,0.0,0,-0.0019309999999999959,0.0,0.0,-0.3019994047744827,0.00020662207127030563
0.069,APPROACH,0.0,0.0,0.0,0,-0.001929999999999996,0.0,0.0,-0.30199936382209175,0.00021353561020264717
0.07,APPROACH,0.0,0.0,0.0,0,-0.001928999999999996,0.0,0.0,-0.3019993207755643,0.00022053188276480333
0.07100000000000001,APPROACH,0.0,0.0,0.0,0,-0.0019279999999999961,0.0,0.0,-0.3019992755662927,0.00022760806499321865
0.07200000000000001,APPROACH,0.0,0.0,0.0,0,-0.0019269999999999962,0.0,0.0,-0.30199922812488567,0.0002347612857130257
0.073,APPROACH,0.0,0.0,0.0,0,-0.0019259999999999963,0.0,0.0,-0.30199917838119644,0.00024198862909969627
0.074,APPROACH,0.0,0.0,0.0,0,-0.0019249999999999964,0.0,0.0,-0.3019991262643514,0.00024928713721308443
0.075,APPROACH,0.0,0.0,0.0,0,-0.0019239999999999965,0.0,0.0,-0.30199907170277906,0.0002566538125033591
0.076,APPROACH,0.0,0.0,0.0,0,-0.0019229999999999965,0.0,0.0,-0.30199901462423956,0.00026408562028834576
0.077,APPROACH,0.0,0.0,0.0,0,-0.0019219999999999966,0.0,0.0,-0.30199895495585427,0.00027157949120181277
0.078,APPROACH,0.0,0.0,0.0,0,-0.0019209999999999967,0.0,0.0,-0.301998892624136,0.00027913232361225865
0.079,APPROACH,0.0,0.0,0.0,0,-0.0019199999999999968,0.0,0.0,-0.3019988275550192,0.0002867409860117736
0.08,APPROACH,0.0,0.0,0.0,0,-0.0019189999999999969,0.0,0.0,-0.3019987596738911,0.0002944023193745656
0.081,APPROACH,0.0,0.0,0.0,0,-0.001917999999999997,0.0,0.0,-0.30199868890562226,0.0003021131394847632
0.082,APPROACH,0.0,0.0,0.0,0,-0.001916999999999997,0.0,0.0,-0.301998615174598,0.00030987023923312096
0.083,APPROACH,0.0,0.0,0.0,0,-0.0019159999999999971,0.0,0.0,-0.3019985384047497,0.00031767039088227223
0.084,APPROACH,0.0,0.0,0.0,0,-0.0019149999999999972,0.0,0.0,-0.30199845851958684,0.00032551034830019364
0.085,APPROACH,0.0,0.0,0.0,0,-0.0019139999999999973,0.0,0.0,-0.30199837544222824,0.00033338684916155956
0.08600000000000001,APPROACH,0.0,0.0,0.0,0,-0.0019129999999999974,0.0,0.0,-0.3019982890954346,0.00034129661711668414
0.08700000000000001,APPROACH,0.0,0.0,0.0,0,-0.0019119999999999975,0.0,0.0,-0.3019981994016402,0.00034923636392776526
0.088,APPROACH,0.0,0.0,0.0,0,-0.0019109999999999976,0.0,0.0,-0.30199810628298546,0.00035720279157216045
0.089,APPROACH,0.0,0.0,0.0,0,-0.0019099999999999976,0.0,0.0,-0.30199800966134915,0.00036519259431244184
0.09,APPROACH,0.0,0.0,0.0,0,-0.0019089999999999977,0.0,0.0,-0.3019979094583808,0.0003732024607329953
0.091,APPROACH,0.0,0.0,0.0,0,-0.0019079999999999978,0.0,0.0,-0.3019978055955331,0.00038122907574294064
0.092,APPROACH,0.0,0.0,0.0,0,-0.0019069999999999979,0.0,0.0,-0.3019976979940946,0.00038926912254517147
0.093,APPROACH,0.0,0.0,0.0,0,-0.001905999999999998,0.0,0.0,-0.30199758657522213,0.0003973192845713245
0.094,APPROACH,0.0,0.0,0.0,0,-0.001904999999999998,0.0,0.0,-0.3019974712599732,0.00040537624738250575
0.095,APPROACH,0.0,0.0,0.0,0,-0.0019039999999999981,0.0,0.0,-0.30199735196933886,0.0004134367005356165
0.096,APPROACH,0.0,0.0,0.0,0,-0.0019029999999999982,0.0,0.0,-0.30199722862427564,0.00042149733941513554
0.097,APPROACH,0.0,0.0,0.0,0,-0.0019019999999999983,0.0,0.0,-0.3019971011457384,0.00042955486703023197
0.098,APPROACH,0.0,0.0,0.0,0,-0.0019009999999999984,0.0,0.0,-0.30199696945471255,0.00043760599577709374
0.099,APPROACH,0.0,0.0,0.0,0,-0.0018999999999999985,0.0,0.0,-0.3019968334722461,0.0004456474491663757
0.1,APPROACH,0.0,0.0,0.0,0,-0.0018989999999999986,0.0,0.0,-0.301996693119482,0.0004536759635156826
0.101,APPROACH,0.0,0.0,0.0,0,-0.0018979999999999986,0.0,0.0,-0.3019965483176901,0.000461688289607017
0.10200000000000001,APPROACH,0.0,0.0,0.0,0,-0.0018969999999999987,0.0,0.0,-0.30199639898829905,0.00046968119430913725
0.10300000000000001,APPROACH,0.0,0.0,0.0,0,-0.0018959999999999988,0.0,0.0,-0.30199624505292777,0.00047765146216478306
0.10400000000000001,APPROACH,0.0,0.0,0.0,0,-0.001894999999999999,0.0,0.0,-0.3019960864334173,0.00048559589694274
0.105,APPROACH,0.0,0.0,0.0,0,-0.001893999999999999,0.0,0.0,-0.3019959230518619,0.000493511323154728
0.106,APPROACH,0.0,0.0,0.0,0,-0.001892999999999999,0.0,0.0,-0.3019957548306404,0.0005013945875371122
0.107,APPROACH,0.0,0.0,0.0,0,-0.0018919999999999992,0.0,0.0,-0.3019955816924469,0.0005092425604974459
0.108,APPROACH,0.0,0.0,0.0,0,-0.0018909999999999992,0.0,0.0,-0.3019954035603216,0.0005170521375258689
0.109,APPROACH,0.0,0.0,0.0,0,-0.0018899999999999993,0.0,0.0,-0.3019952203576813,0.0005248202405713989
0.11,APPROACH,0.0,0.0,0.0,0,-0.0018889999999999994,0.0,0.0,-0.3019950320083493,0.0005325438193831626
0.111,APPROACH,0.0,0.0,0.0,0,-0.0018879999999999995,0.0,0.0,-0.30199483843658576,0.0005402198528166235
0.112,APPROACH,0.0,0.0,0.0,0,-0.0018869999999999996,0.0,0.0,-0.3019946395671169,0.0005478453501048866
0.113,APPROACH,0.0,0.0,0.0,0,-0.0018859999999999997,0.0,0.0,-0.30199443532516457,0.0005554173520951534
0.114,APPROACH,0.0,0.0,0.0,0,-0.0018849999999999997,0.0,0.0,-0.30199422563647516,0.0005629329324504288
0.115,APPROACH,0.0,0.0,0.0,0,-0.0018839999999999998,0.0,0.0,-0.30199401042734836,0.0005703891988165814
0.116,APPROACH,0.0,0.0,0.0,0,-0.001883,0.0,0.0,-0.30199378962466555,0.0005777832939548785
0.117,APPROACH,0.0,0.0,0.0,0,-0.001882,0.0,0.0,-0.3019935631559177,0.0005851123968401177
0.11800000000000001,APPROACH,0.0,0.0,0.0,0,-0.001881,0.0,0.0,-0.3019933309492331,0.0005923737237244974
0.11900000000000001,APPROACH,0.0,0.0,0.0,0,-0.0018800000000000002,0.0,0.0,-0.30199309293340476,0.0005995645291673724
0.12,APPROACH,0.0,0.0,0.0,0,-0.0018790000000000002,0.0,0.0,-0.3019928490379171,0.0006066821070310519
0.121,APPROACH,0.0,0.0,0.0,0,-0.0018780000000000003,0.0,0.0,-0.3019925991929728,0.000613723791442809
0.122,APPROACH,0.0,0.0,0.0,0,-0.0018770000000000004,0.0,0.0,-0.3019923433295185,0.00062068695772328
0.123,APPROACH,0.0,0.0,0.0,0,-0.0018760000000000005,0.0,0.0,-0.30199208137927114,0.0006275690232814378
0.124,APPROACH,0.0,0.0,0.0,0,-0.0018750000000000006,0.0,0.0,-0.30199181327474267,0.0006343674484763379
0.125,APPROACH,0.0,0.0,0.0,0,-0.0018740000000000007,0.0,0.0,-0.3019915389492654,0.0006410797374458401
0.126,APPROACH,0.0,0.0,0.0,0,-0.0018730000000000007,0.0,0.0,-0.3019912583370162,0.0006477034389025206
0.127,APPROACH,0.0,0.0,0.0,0,-0.0018720000000000008,0.0,0.0,-0.3019909713730407,0.0006542361468969967
0.128,APPROACH,0.0,0.0,0.0,0,-0.001871000000000001,0.0,0.0,-0.3019906779932769,0.0006606755015488945
0.129,APPROACH,0.0,0.0,0.0,0,-0.001870000000000001,0.0,0.0,-0.30199037813457813,0.0006670191897456965
0.13,APPROACH,0.0,0.0,0.0,0,-0.001869000000000001,0.0,0.0,-0.3019900717347359,0.000673264945809718
0.131,APPROACH,0.0,0.0,0.0,0,-0.0018680000000000012,0.0,0.0,-0.3019897587325021,0.000679410552133466
0.132,APPROACH,0.0,0.0,0.0,0,-0.0018670000000000013,0.0,0.0,-0.3019894390676106,0.0006854538397836386
0.133,APPROACH,0.0,0.0,0.0,0,-0.0018660000000000013,0.0,0.0,-0.3019891126807988,0.0006913926890740395
0.134,APPROACH,0.0,0.0,0.0,0,-0.0018650000000000014,0.0,0.0,-0.3019887795138281,0.0006972250301076775
0.135,APPROACH,0.0,0.0,0.0,0,-0.0018640000000000015,0.0,0.0,-0.3019884395095044,0.0007029488432883373
0.136,APPROACH,0.0,0.0,0.0,0,-0.0018630000000000016,0.0,0.0,-0.30198809261169784,0.0007085621598019097
0.137,APPROACH,0.0,0.0,0.0,0,-0.0018620000000000017,0.0,0.0,-0.3019877387653622,0.0007140630620677759
0.138,APPROACH,0.0,0.0,0.0,0,-0.0018610000000000018,0.0,0.0,-0.30198737791655356,0.0007194496841605485
0.139,APPROACH,0.0,0.0,0.0,0,-0.0018600000000000018,0.0,0.0,-0.30198701001244865,0.0007247202122024768
0.14,APPROACH,0.0,0.0,0.0,0,-0.001859000000000002,0.0,0.0,-0.30198663500136264,0.00072987288472683
0.14100000000000001,APPROACH,0.0,0.0,0.0,0,-0.001858000000000002,0.0,0.0,-0.3019862528327665,0.0007349059930125759
0.14200000000000002,APPROACH,0.0,0.0,0.0,0,-0.001857000000000002,0.0,0.0,-0.3019858634573036,0.0007398178813906825
0.14300000000000002,APPROACH,0.0,0.0,0.0,0,-0.0018560000000000022,0.0,0.0,-0.3019854668268061,0.0007446069475223684
0.14400000000000002,APPROACH,0.0,0.0,0.0,0,-0.0018550000000000023,0.0,0.0,-0.3019850628943105,0.0007492716426496401
0.145,APPROACH,0.0,0.0,0.0,0,-0.0018540000000000023,0.0,0.0,-0.301984651614073,0.0007538104718184536
0.146,APPROACH,0.0,0.0,0.0,0,-0.0018530000000000024,0.0,0.0,-0.30198423294158405,0.0007582219940748438
0.147,APPROACH,0.0,0.0,0.0,0,-0.0018520000000000025,0.0,0.0,-0.3019838068335825,0.0007625048226343726
0.148,APPROACH,0.0,0.0,0.0,0,-0.0018510000000000026,0.0,0.0,-0.30198337324806923,0.0007666576250252451
0.149,APPROACH,0.0,0.0,0.0,0,-0.0018500000000000027,0.0,0.0,-0.3019829321443202,0.0007706791232054535
0.15,APPROACH,0.0,0.0,0.0,0,-0.0018490000000000028,0.0,0.0,-0.30198248348289897,0.0007745680936543066
0.151,APPROACH,0.0,0.0,0.0,0,-0.0018480000000000029,0.0,0.0,-0.30198202722566864,0.0007783233674387119
0.152,APPROACH,0.0,0.0,0.0,0,-0.001847000000000003,0.0,0.0,-0.3019815633358035,0.0007819438302545734
0.153,APPROACH,0.0,0.0,0.0,0,-0.001846000000000003,0.0,0.0,-0.3019810917777998,0.0007854284224436818
0.154,APPROACH,0.0,0.0,0.0,0,-0.001845000000000003,0.0,0.0,-0.3019806125174862,0.0007887761389864657
0.155,APPROACH,0.0,0.0,0.0,0,-0.0018440000000000032,0.0,0.0,-0.3019801255220335,0.0007919860294709846
0.156,APPROACH,0.0,0.0,0.0,0,-0.0018430000000000033,0.0,0.0,-0.3019796307599642,0.0007950571980385397
0.157,APPROACH,0.0,0.0,0.0,0,-0.0018420000000000034,0.0,0.0,-0.3019791282011611,0.0007979888033062891
0.158,APPROACH,0.0,0.0,0.0,0,-0.0018410000000000034,0.0,0.0,-0.30197861781687557,0.0008007800582672476
0.159,APPROACH,0.0,0.0,0.0,0,-0.0018400000000000035,0.0,0.0,-0.30197809957973537,0.0008034302301680612
0.16,APPROACH,0.0,0.0,0.0,0,-0.0018390000000000036,0.0,0.0,-0.30197757346375176,0.000805938640364942
0.161,APPROACH,0.0,0.0,0.0,0,-0.0018380000000000037,0.0,0.0,-0.3019770394443261,0.0008083046641581592
0.162,APPROACH,0.0,0.0,0.0,0,-0.0018370000000000038,0.0,0.0,-0.30197649749825606,0.000810527730605472
0.163,APPROACH,0.0,0.0,0.0,0,-0.0018360000000000039,0.0,0.0,-0.30197594760374125,0.0008126073223149047
0.164,APPROACH,0.0,0.0,0.0,0,-0.001835000000000004,0.0,0.0,-0.30197538974038823,0.0008145429752172563
0.165,APPROACH,0.0,0.0,0.0,0,-0.001834000000000004,0.0,0.0,-0.30197482388921504,0.0008163342783187401
0.166,APPROACH,0.0,0.0,0.0,0,-0.0018330000000000041,0.0,0.0,-0.30197425003265527,0.0008179808734341549
0.167,APPROACH,0.0,0.0,0.0,0,-0.0018320000000000042,0.0,0.0,-0.3019736681545616,0.000819482454900984
0.168,APPROACH,0.0,0.0,0.0,0,-0.0018310000000000043,0.0,0.0,-0.3019730782402088,0.0008208387692748199
0.169,APPROACH,0.0,0.0,0.0,0,-0.0018300000000000044,0.0,0.0,-0.3019724802762961,0.0008220496150065194
0.17,APPROACH,0.0,0.0,0.0,0,-0.0018290000000000045,0.0,0.0,-0.3019718742509492,0.0008231148421014849
0.171,APPROACH,0.0,0.0,0.0,0,-0.0018280000000000045,0.0,0.0,-0.30197126015372194,0.0008240343517614762
0.17200000000000001,APPROACH,0.0,0.0,0.0,0,-0.0018270000000000046,0.0,0.0,-0.3019706379755971,0.0008248080960093524
0.17300000000000001,APPROACH,0.0,0.0,0.0,0,-0.0018260000000000047,0.0,0.0,-0.30197000770898674,0.0008254360772971443
0.17400000000000002,APPROACH,0.0,0.0,0.0,0,-0.0018250000000000048,0.0,0.0,-0.3019693693477325,0.0008259183480978605
0.17500000000000002,APPROACH,0.0,0.0,0.0,0,-0.0018240000000000049,0.0,0.0,-0.3019687228871048,0.0008262550104814261
0.176,APPROACH,0.0,0.0,0.0,0,-0.001823000000000005,0.0,0.0,-0.301968068323802,0.0008264462156751554
0.177,APPROACH,0.0,0.0,0.0,0,-0.001822000000000005,0.0,0.0,-0.30196740565594893,0.000826492163609158
0.178,APPROACH,0.0,0.0,0.0,0,-0.0018210000000000051,0.0,0.0,-0.3019667348830947,0.0008263931024470783
0.179,APPROACH,0.0,0.0,0.0,0,-0.0018200000000000052,0.0,0.0,-0.30196605600621057,0.0008261493281025663
0.18,APPROACH,0.0,0.0,0.0,0,-0.0018190000000000053,0.0,0.0,-0.3019653690276869,0.0008257611837418765
0.181,APPROACH,0.0,0.0,0.0,0,-0.0018180000000000054,0.0,0.0,-0.3019646739513297,0.0008252290592729954
0.182,APPROACH,0.0,0.0,0.0,0,-0.0018170000000000055,0.0,0.0,-0.30196397078235704,0.0008245533908216866
0.183,APPROACH,0.0,0.0,0.0,0,-0.0018160000000000055,0.0,0.0,-0.3019632595273946,0.0008237346601948549
0.184,APPROACH,0.0,0.0,0.0,0,-0.0018150000000000056,0.0,0.0,-0.30196254019447094,0.0008227733943316166
0.185,APPROACH,0.0,0.0,0.0,0,-0.0018140000000000057,0.0,0.0,-0.30196181279301243,0.0008216701647424701
0.186,APPROACH,0.0,0.0,0.0,0,-0.0018130000000000058,0.0,0.0,-0.30196107733383754,0.0008204255869369575
0.187,APPROACH,0.0,0.0,0.0,0,-0.0018120000000000059,0.0,0.0,-0.30196033382915083,0.0008190403198402016
0.188,APPROACH,0.0,0.0,0.0,0,-0.001811000000000006,0.0,0.0,-0.30195958229253667,0.0008175150651987087
0.189,APPROACH,0.0,0.0,0.0,0,-0.001810000000000006,0.0,0.0,-0.301958822738952,0.0008158505669758195
0.19,APPROACH,0.0,0.0,0.0,0,-0.0018090000000000061,0.0,0.0,-0.30195805518471946,0.0008140476107371893
0.191,APPROACH,0.0,0.0,0.0,0,-0.0018080000000000062,0.0,0.0,-0.3019572796475193,0.0008121070230266811
0.192,APPROACH,0.0,0.0,0.0,0,-0.0018070000000000063,0.0,0.0,-0.3019564961463814,0.0008100296707330463
0.193,APPROACH,0.0,0.0,0.0,0,-0.0018060000000000064,0.0,0.0,-0.30195570470167704,0.0008078164604477695
0.194,APPROACH,0.0,0.0,0.0,0,-0.0018050000000000065,0.0,0.0,-0.3019549053351096,0.0008054683378144521
0.195,APPROACH,0.0,0.0,0.0,0,-0.0018040000000000066,0.0,0.0,-0.30195409806970547,0.0008029862868701028
0.196,APPROACH,0.0,0.0,0.0,0,-0.0018030000000000066,0.0,0.0,-0.3019532829298045,0.0008003713293787068
0.197,APPROACH,0.0,0.0,0.0,0,-0.0018020000000000067,0.0,0.0,-0.30195245994104974,0.0007976245241574344
0.198,APPROACH,0.0,0.0,0.0,0,-0.0018010000000000068,0.0,0.0,-0.3019516291303773,0.0007947469663958556
0.199,APPROACH,0.0,0.0,0.0,0,-0.0018000000000000069,0.0,0.0,-0.30195079052600554,0.0007917397869685186
0.2,APPROACH,0.0,0.0,0.0,0,-0.001799000000000007,0.0,0.0,-0.30194994415742377,0.0007886041517412496
0.201,APPROACH,0.0,0.0,0.0,0,-0.001798000000000007,0.0,0.0,-0.3019490900553812,0.0007853412608715272
0.202,APPROACH,0.0,0.0,0.0,0,-0.0017970000000000071,0.0,0.0,-0.3019482282518748,0.0007819523481032832
0.203,APPROACH,0.0,0.0,0.0,0,-0.0017960000000000072,0.0,0.0,-0.30194735878013745,0.0007784386800564752
0.20400000000000001,APPROACH,0.0,0.0,0.0,0,-0.0017950000000000073,0.0,0.0,-0.30194648167462546,0.0007748015555117786
0.20500000000000002,APPROACH,0.0,0.0,0.0,0,-0.0017940000000000074,0.0,0.0,-0.3019455969710057,0.0007710423046907359
0.20600000000000002,APPROACH,0.0,0.0,0.0,0,-0.0017930000000000075,0.0,0.0,-0.30194470470614276,0.0007671622885317021
0.20700000000000002,APPROACH,0.0,0.0,0.0,0,-0.0017920000000000076,0.0,0.0,-0.3019438049180855,0.0007631628979619214
0.20800000000000002,APPROACH,0.0,0.0,0.0,0,-0.0017910000000000076,0.0,0.0,-0.30194289764605337,0.0007590455531660641
0.209,APPROACH,0.0,0.0,0.0,0,-0.0017900000000000077,0.0,0.0,-0.30194198293042257,0.0007548117028515512
0.21,APPROACH,0.0,0.0,0.0,0,-0.0017890000000000078,0.0,0.0,-0.3019410608127118,0.0007504628235109917
0.211,APPROACH,0.0,0.0,0.0,0,-0.001788000000000008,0.0,0.0,-0.3019401313355678,0.0007460004186820503
0.212,APPROACH,0.0,0.0,0.0,0,-0.001787000000000008,0.0,0.0,-0.30193919454275053,0.0007414260182050628
0.213,APPROACH,0.0,0.0,0.0,0,-0.001786000000000008,0.0,0.0,-0.3019382504791183,0.0007367411774787102
0.214,APPROACH,0.0,0.0,0.0,0,-0.0017850000000000082,0.0,0.0,-0.30193729919061246,0.0007319474767140623
0.215,APPROACH,0.0,0.0,0.0,0,-0.0017840000000000082,0.0,0.0,-0.30193634072424186,0.0007270465201872925
0.216,APPROACH,0.0,0.0,0.0,0,-0.0017830000000000083,0.0,0.0,-0.3019353751280671,0.0007220399354913659
0.217,APPROACH,0.0,0.0,0.0,0,-0.0017820000000000084,0.0,0.0,-0.3019344024511847,0.0007169293727869959
0.218,APPROACH,0.0,0.0,0.0,0,-0.0017810000000000085,0.0,0.0,-0.30193342274371077,0.0007117165040531652
0.219,APPROACH,0.0,0.0,0.0,0,-0.0017800000000000086,0.0,0.0,-0.30193243605676473,0.0007064030223374952
0.22,APPROACH,0.0,0.0,0.0,0,-0.0017790000000000087,0.0,0.0,-0.3019314424424527,0.00070099064100675
0.221,APPROACH,0.0,0.0,0.0,0,-0.0017780000000000087,0.0,0.0,-0.3019304419538505,0.0006954810929977567
0.222,APPROACH,0.0,0.0,0.0,0,-0.0017770000000000088,0.0,0.0,-0.30192943464498695,0.000689876130069016
0.223,APPROACH,0.0,0.0,0.0,0,-0.001776000000000009,0.0,0.0,-0.3019284205708266,0.0006841775220532755
0.224,APPROACH,0.0,0.0,0.0,0,-0.001775000000000009,0.0,0.0,-0.30192739978725214,0.000678387056111333
0.225,APPROACH,0.0,0.0,0.0,0,-0.001774000000000009,0.0,0.0,-0.30192637235104725,0.0006725065359873344
0.226,APPROACH,0.0,0.0,0.0,0,-0.0017730000000000092,0.0,0.0,-0.3019253383198786,0.000666537781265822
0.227,APPROACH,0.0,0.0,0.0,0,-0.0017720000000000092,0.0,0.0,-0.30192429775227825,0.0006604826266307926
0.228,APPROACH,0.0,0.0,0.0,0,-0.0017710000000000093,0.0,0.0,-0.30192325070762543,0.0006543429211270104
0.229,APPROACH,0.0,0.0,0.0,0,-0.0017700000000000094,0.0,0.0,-0.30192219724612857,0.0006481205274238249
0.23,APPROACH,0.0,0.0,0.0,0,-0.0017690000000000095,0.0,0.0,-0.301921137428807,0.0006418173210817326
0.231,APPROACH,0.0,0.0,0.0,0,-0.0017680000000000096,0.0,0.0,-0.30192007131747245,0.0006354351898219213
0.232,APPROACH,0.0,0.0,0.0,0,-0.0017670000000000097,0.0,0.0,-0.30191899897471075,0.0006289760327990271
0.233,APPROACH,0.0,0.0,0.0,0,-0.0017660000000000097,0.0,0.0,-0.30191792046386307,0.0006224417598773368
0.234,APPROACH,0.0,0.0,0.0,0,-0.0017650000000000098,0.0,0.0,-0.3019168358490071,0.0006158342909106539
0.23500000000000001,APPROACH,0.0,0.0,0.0,0,-0.00176400000000001,0.0,0.0,-0.3019157451949384,0.0006091555550260524
0.23600000000000002,APPROACH,0.0,0.0,0.0,0,-0.00176300000000001,0.0,0.0,-0.30191464856715144,0.0006024074899117297
0.23700000000000002,APPROACH,0.0,0.0,0.0,0,-0.00176200000000001,0.0,0.0,-0.3019135460318206,0.0005955920411091703
0.23800000000000002,APPROACH,0.0,0.0,0.0,0,-0.0017610000000000102,0.0,0.0,-0.30191243765578085,0.0005887111613098267
0.23900000000000002,APPROACH,0.0,0.0,0.0,0,-0.0017600000000000103,0.0,0.0,-0.30191132350650907,0.0005817668096565177
0.24,APPROACH,0.0,0.0,0.0,0,-0.0017590000000000103,0.0,0.0,-0.30191020365210447,0.0005747609510497411
0.241,APPROACH,0.0,0.0,0.0,0,-0.0017580000000000104,0.0,0.0,-0.30190907816126944,0.0005676955554590935
0.242,APPROACH,0.0,0.0,0.0,0,-0.0017570000000000105,0.0,0.0,-0.30190794710329016,0.0005605725972399844
0.243,APPROACH,0.0,0.0,0.0,0,-0.0017560000000000106,0.0,0.0,-0.30190681054801743,0.0005533940544558288
0.244,APPROACH,0.0,0.0,0.0,0,-0.0017550000000000107,0.0,0.0,-0.30190566856584705,0.0005461619082058952
0.245,APPROACH,0.0,0.0,0.0,0,-0.0017540000000000108,0.0,0.0,-0.30190452122770056,0.0005388781419589874
0.246,APPROACH,0.0,0.0,0.0,0,-0.0017530000000000108,0.0,0.0,-0.3019033686050056,0.0005315447408931217
0.247,APPROACH,0.0,0.0,0.0,0,-0.001752000000000011,0.0,0.0,-0.3019022107696767,0.000524163691241376
0.248,APPROACH,0.0,0.0,0.0,0,-0.001751000000000011,0.0,0.0,-0.3019010477940956,0.0005167369796440614
0.249,APPROACH,0.0,0.0,0.0,0,-0.001750000000000011,0.0,0.0,-0.3018998797510918,0.0005092665925073782
0.25,APPROACH,0.0,0.0,0.0,0,-0.0017490000000000112,0.0,0.0,-0.3018987067139231,0.000501754515368708
0.251,APPROACH,0.0,0.0,0.0,0,-0.0017480000000000113,0.0,0.0,-0.30189752875625625,0.0004942027322686854
0.252,APPROACH,0.0,0.0,0.0,0,-0.0017470000000000113,0.0,0.0,-0.3018963459521473,0.0004866132251301979
0.253,APPROACH,0.0,0.0,0.0,0,-0.0017460000000000114,0.0,0.0,-0.30189515837602227,0.00047898797314444713
0.254,APPROACH,0.0,0.0,0.0,0,-0.0017450000000000115,0.0,0.0,-0.3018939661026577,0.00047132895216421024
0.255,APPROACH,0.0,0.0,0.0,0,-0.0017440000000000116,0.0,0.0,-0.30189276920716124,0.0004636381341044272
0.256,APPROACH,0.0,0.0,0.0,0,-0.0017430000000000117,0.0,0.0,-0.3018915677649525,0.00045591748635024287
0.257,APPROACH,0.0,0.0,0.0,0,-0.0017420000000000118,0.0,0.0,-0.30189036185174356,0.0004481689711726222
0.258,APPROACH,0.0,0.0,0.0,0,-0.0017410000000000119,0.0,0.0,-0.30188915154351975,0.0004403945451516566
0.259,APPROACH,0.0,0.0,0.0,0,-0.001740000000000012,0.0,0.0,-0.30188793691652055,0.0004325961586076747
0.26,APPROACH,0.0,0.0,0.0,0,-0.001739000000000012,0.0,0.0,-0.30188671804722045,0.00042477575504026296
0.261,APPROACH,0.0,0.0,0.0,0,-0.001738000000000012,0.0,0.0,-0.30188549501230977,0.00041693527057530316
0.262,APPROACH,0.0,0.0,0.0,0,-0.0017370000000000122,0.0,0.0,-0.3018842678886758,0.00040907663342012427
0.263,APPROACH,0.0,0.0,0.0,0,-0.0017360000000000123,0.0,0.0,-0.30188303675338385,0.0004012017633268651
0.264,APPROACH,0.0,0.0,0.0,0,-0.0017350000000000124,0.0,0.0,-0.3018818016836585,0.00039331257106413846
0.265,APPROACH,0.0,0.0,0.0,0,-0.0017340000000000124,0.0,0.0,-0.3018805627568647,0.00038541095789708477
0.266,APPROACH,0.0,0.0,0.0,0,-0.0017330000000000125,0.0,0.0,-0.30187932005048923,0.000377498815075897
0.267,APPROACH,0.0,0.0,0.0,0,-0.0017320000000000126,0.0,0.0,-0.30187807364212216,0.0003695780233328972
0.268,APPROACH,0.0,0.0,0.0,0,-0.0017310000000000127,0.0,0.0,-0.3018768236094384,0.00036165045238823785
0.269,APPROACH,0.0,0.0,0.0,0,-0.0017300000000000128,0.0,0.0,-0.30187557003017934,0.0003537179604643001
0.27,APPROACH,0.0,0.0,0.0,0,-0.0017290000000000129,0.0,0.0,-0.30187431298213463,0.00034578239380885574
0.271,APPROACH,0.0,0.0,0.0,0,-0.001728000000000013,0.0,0.0,-0.3018730525431241,0.00033784558622705516
0.272,APPROACH,0.0,0.0,0.0,0,-0.001727000000000013,0.0,0.0,-0.30187178879097964,0.0003299093586222995
0.273,APPROACH,0.0,0.0,0.0,0,-0.0017260000000000131,0.0,0.0,-0.3018705218035277,0.0003219755185460547
0.274,APPROACH,0.0,0.0,0.0,0,-0.0017250000000000132,0.0,0.0,-0.3018692516585711,0.00031404585975665567
0.275,APPROACH,0.0,0.0,0.0,0,-0.0017240000000000133,0.0,0.0,-0.3018679784338718,0.00030612216178714936
0.276,APPROACH,0.0,0.0,0.0,0,-0.0017230000000000134,0.0,0.0,-0.3018667022071333,0.0002982061895222209
0.277,APPROACH,0.0,0.0,0.0,0,-0.0017220000000000135,0.0,0.0,-0.3018654230559833,0.0002902996927842412
0.278,APPROACH,0.0,0.0,0.0,0,-0.0017210000000000135,0.0,0.0,-0.3018641410579566,0.00028240440592847306
0.279,APPROACH,0.0,0.0,0.0,0,-0.0017200000000000136,0.0,0.0,-0.30186285629047815,0.0002745220474474684
0.28,APPROACH,0.0,0.0,0.0,0,-0.0017190000000000137,0.0,0.0,-0.3018615688308461,0.00026665431958468485
0.281,APPROACH,0.0,0.0,0.0,0,-0.0017180000000000138,0.0,0.0,-0.301860278756215,0.00025880290795734747
0.28200000000000003,APPROACH,0.0,0.0,0.0,0,-0.0017170000000000139,0.0,0.0,-0.30185898614357964,0.00025096948118857724
0.28300000000000003,APPROACH,0.0,0.0,0.0,0,-0.001716000000000014,0.0,0.0,-0.3018576910697583,0.00024315569054880423
0.28400000000000003,APPROACH,0.0,0.0,0.0,0,-0.001715000000000014,0.0,0.0,-0.3018563936113767,0.00023536316960648106
0.28500000000000003,APPROACH,0.0,0.0,0.0,0,-0.0017140000000000141,0.0,0.0,-0.30185509384485215,0.0002275935338881065
0.28600000000000003,APPROACH,0.0,0.0,0.0,0,-0.0017130000000000142,0.0,0.0,-0.30185379184637734,0.00021984838054756923
0.28700000000000003,APPROACH,0.0,0.0,0.0,0,-0.0017120000000000143,0.0,0.0,-0.30185248769190504,0.00021212928804481467
0.28800000000000003,APPROACH,0.0,0.0,0.0,0,-0.0017110000000000144,0.0,0.0,-0.30185118145713236,0.0002044378158338372
0.289,APPROACH,0.0,0.0,0.0,0,-0.0017100000000000145,0.0,0.0,-0.30184987321748563,0.00019677550405999562
0.29,APPROACH,0.0,0.0,0.0,0,-0.0017090000000000145,0.0,0.0,-0.30184856304810526,0.0001891438732666471
0.291,APPROACH,0.0,0.0,0.0,0,-0.0017080000000000146,0.0,0.0,-0.3018472510238307,0.0001815444241110909
0.292,APPROACH,0.0,0.0,0.0,0,-0.0017070000000000147,0.0,0.0,-0.3018459372191859,0.0001739786370898113
0.293,APPROACH,0.0,0.0,0.0,0,-0.0017060000000000148,0.0,0.0,-0.3018446217083647,0.00016644797227300463
0.294,APPROACH,0.0,0.0,0.0,0,-0.0017050000000000149,0.0,0.0,-0.3018433045652164,0.00015895386904837402
0.295,APPROACH,0.0,0.0,0.0,0,-0.001704000000000015,0.0,0.0,-0.301841985863232,0.00015149774587417035
0.296,APPROACH,0.0,0.0,0.0,0,-0.001703000000000015,0.0,0.0,-0.30184066567553,0.0001440810000414576
0.297,APPROACH,0.0,0.0,0.0,0,-0.0017020000000000151,0.0,0.0,-0.3018393440748426,0.0001367050074455754
0.298,APPROACH,0.0,0.0,0.0,0,-0.0017010000000000152,0.0,0.0,-0.3018380211335025,0.00012937112236677037
0.299,APPROACH,0.0,0.0,0.0,0,-0.0017000000000000153,0.0,0.0,-0.30183669692342946,0.0001220806772599649
0.3,APPROACH,0.0,0.0,0.0,0,-0.0016990000000000154,0.0,0.0,-0.3018353715161173,0.00011483498255362832
0.301,APPROACH,0.0,0.0,0.0,0,-0.0016980000000000155,0.0,0.0,-0.30183404498262084,0.00010763532645771413
0.302,APPROACH,0.0,0.0,0.0,0,-0.0016970000000000156,0.0,0.0,-0.30183271739354367,0.00010048297478062337
0.303,APPROACH,0.0,0.0,0.0,0,-0.0016960000000000156,0.0,0.0,-0.3018313888190253,9.337917075515154e-05
0.304,APPROACH,0.0,0.0,0.0,0,-0.0016950000000000157,0.0,0.0,-0.30183005932872936,8.63251348733753e-05
0.305,APPROACH,0.0,0.0,0.0,0,-0.0016940000000000158,0.0,0.0,-0.3018287289918313,7.932206473043062e-05
0.306,APPROACH,0.0,0.0,0.0,0,-0.0016930000000000159,0.0,0.0,-0.30182739787700674,7.237113487713378e-05
0.307,APPROACH,0.0,0.0,0.0,0,-0.001692000000000016,0.0,0.0,-0.3018260660524202,6.547349668139248e-05
0.308,APPROACH,0.0,0.0,0.0,0,-0.001691000000000016,0.0,0.0,-0.3018247335857134,5.8630278198353175e-05
0.309,APPROACH,0.0,0.0,0.0,0,-0.0016900000000000161,0.0,0.0,-0.30182340054399454,5.18425840492279e-05
0.31,APPROACH,0.0,0.0,0.0,0,-0.0016890000000000162,0.0,0.0,-0.30182206699382724,4.5111495308741845e-05
0.311,APPROACH,0.0,0.0,0.0,0,-0.0016880000000000163,0.0,0.0,-0.30182073300122014,3.8438069401140684e-05
0.312,APPROACH,0.0,0.0,0.0,0,-0.0016870000000000164,0.0,0.0,-0.30181939863161633,3.182334000469451e-05
0.313,APPROACH,0.0,0.0,0.0,0,-0.0016860000000000165,0.0,0.0,-0.3018180639498833,2.5268316964633355e-05
0.314,APPROACH,0.0,0.0,0.0,0,-0.0016850000000000166,0.0,0.0,-0.3018167290203031,1.8773986214446938e-05
0.315,APPROACH,0.0,0.0,0.0,0,-0.0016840000000000166,0.0,0.0,-0.30181539390656253,1.2341309705479625e-05
0.316,APPROACH,0.0,0.0,0.0,0,-0.0016830000000000167,0.0,0.0,-0.30181405867174393,5.971225344749416e-06
0.317,APPROACH,0.0,0.0,0.0,0,-0.0016820000000000168,0.0,0.0,-0.30181272337831566,-3.353530590818577e-07
0.318,APPROACH,0.0,0.0,0.0,0,-0.001681000000000017,0.0,0.0,-0.30181138808812347,-6.5775358416620986e-06
0.319,APPROACH,0.0,0.0,0.0,0,-0.001680000000000017,0.0,0.0,-0.30181005286238155,-1.2754457520902618e-05
0.32,APPROACH,0.0,0.0,0.0,0,-0.001679000000000017,0.0,0.0,-0.3018087177616641,-1.8865276827010323e-05
0.321,APPROACH,0.0,0.0,0.0,0,-0.0016780000000000172,0.0,0.0,-0.3018073828458972,-2.4909176724678282e-05
0.322,APPROACH,0.0,0.0,0.0,0,-0.0016770000000000172,0.0,0.0,-0.3018060481743506,-3.088536442751631e-05
0.323,APPROACH,0.0,0.0,0.0,0,-0.0016760000000000173,0.0,0.0,-0.30180471380563,-3.679307140480465e-05
0.324,APPROACH,0.0,0.0,0.0,0,-0.0016750000000000174,0.0,0.0,-0.3018033797976697,-4.263155338065548e-05
0.325,APPROACH,0.0,0.0,0.0,0,-0.0016740000000000175,0.0,0.0,-0.301802046207725,-4.8400090325668356e-05
0.326,APPROACH,0.0,0.0,0.0,0,-0.0016730000000000176,0.0,0.0,-0.3018007130923654,-5.4097986441167174e-05
0.327,APPROACH,0.0,0.0,0.0,0,-0.0016720000000000177,0.0,0.0,-0.30179938050746763,-5.9724570136107676e-05
0.328,APPROACH,0.0,0.0,0.0,0,-0.0016710000000000177,0.0,0.0,-0.3017980485082091,-6.527919399674565e-05
0.329,APPROACH,0.0,0.0,0.0,0,-0.0016700000000000178,0.0,0.0,-0.30179671714906164,-7.076123474915773e-05
0.33,APPROACH,0.0,0.0,0.0,0,-0.001669000000000018,0.0,0.0,-0.3017953864837852,-7.6170093214707e-05
0.331,APPROACH,0.0,0.0,0.0,0,-0.001668000000000018,0.0,0.0,-0.301794056565422,-8.150519425854824e-05
0.332,APPROACH,0.0,0.0,0.0,0,-0.001667000000000018,0.0,0.0,-0.3017927274462912,-8.676598673126722e-05
0.333,APPROACH,0.0,0.0,0.0,0,-0.0016660000000000182,0.0,0.0,-0.3017913991779831,-9.195194340375074e-05
0.334,APPROACH,0.0,0.0,0.0,0,-0.0016650000000000182,0.0,0.0,-0.3017900718113541,-9.70625608953846e-05
0.335,APPROACH,0.0,0.0,0.0,0,-0.0016640000000000183,0.0,0.0,-0.3017887453965219,-0.00010209735959567765
0.336,APPROACH,0.0,0.0,0.0,0,-0.0016630000000000184,0.0,0.0,-0.3017874199828606,-0.00010705588357941165
0.337,APPROACH,0.0,0.0,0.0,0,-0.0016620000000000185,0.0,0.0,-0.3017860956189965,-0.00011193770051541631
0.338,APPROACH,0.0,0.0,0.0,0,-0.0016610000000000186,0.0,0.0,-0.30178477235280343,-0.00011674240156907145
0.339,APPROACH,0.0,0.0,0.0,0,-0.0016600000000000187,0.0,0.0,-0.3017834502313992,-0.00012146960129863762
0.34,APPROACH,0.0,0.0,0.0,0,-0.0016590000000000187,0.0,0.0,-0.3017821293011414,-0.0001261189375455178
0.341,APPROACH,0.0,0.0,0.0,0,-0.0016580000000000188,0.0,0.0,-0.30178080960762427,-0.00013069007131855396
0.342,APPROACH,0.0,0.0,0.0,0,-0.001657000000000019,0.0,0.0,-0.30177949119567504,-0.00013518268667246202
0.343,APPROACH,0.0,0.0,0.0,0,-0.001656000000000019,0.0,0.0,-0.30177817410935104,-0.00013959649058051037
0.34400000000000003,APPROACH,0.0,0.0,0.0,0,-0.001655000000000019,0.0,0.0,-0.30177685839193663,-0.00014393121280154714
0.34500000000000003,APPROACH,0.0,0.0,0.0,0,-0.0016540000000000192,0.0,0.0,-0.30177554408594076,-0.00014818660574148173
0.34600000000000003,APPROACH,0.0,0.0,0.0,0,-0.0016530000000000193,0.0,0.0,-0.3017742312330944,-0.000152362444309328
0.34700000000000003,APPROACH,0.0,0.0,0.0,0,-0.0016520000000000193,0.0,0.0,-0.30177291987434834,-0.00015645852576791445
0.34800000000000003,APPROACH,0.0,0.0,0.0,0,-0.0016510000000000194,0.0,0.0,-0.30177161004987135,-0.00016047466957937035
0.34900000000000003,APPROACH,0.0,0.0,0.0,0,-0.0016500000000000195,0.0,0.0,-0.3017703017990482,-0.00016441071724549418
0.35000000000000003,APPROACH,0.0,0.0,0.0,0,-0.0016490000000000196,0.0,0.0,-0.30176899516047817,-0.00016826653214311346
0.35100000000000003,APPROACH,0.0,0.0,0.0,0,-0.0016480000000000197,0.0,0.0,-0.3017676901719739,-0.00017204199935454362
0.352,APPROACH,0.0,0.0,0.0,0,-0.0016470000000000198,0.0,0.0,-0.30176638687056,-0.00017573702549325492
0.353,APPROACH,0.0,0.0,0.0,0,-0.0016460000000000198,0.0,0.0,-0.3017650852924722,-0.00017935153852485593
0.354,APPROACH,0.0,0.0,0.0,0,-0.00164500000000002,0.0,0.0,-0.30176378547315674,-0.00018288548758350375
0.355,APPROACH,0.0,0.0,0.0,0,-0.00164400000000002,0.0,0.0,-0.30176248744726986,-0.00018633884278384827
0.356,APPROACH,0.0,0.0,0.0,0,-0.00164300000000002,0.0,0.0,-0.30176119124867734,-0.00018971159502862187
0.357,APPROACH,0.0,0.0,0.0,0,-0.0016420000000000202,0.0,0.0,-0.30175989691045463,-0.0001930037558119826
0.358,APPROACH,0.0,0.0,0.0,0,-0.0016410000000000203,0.0,0.0,-0.30175860446488684,-0.00019621535701872068
0.359,APPROACH,0.0,0.0,0.0,0,-0.0016400000000000203,0.0,0.0,-0.3017573139434691,-0.00019934645071943854
0.36,APPROACH,0.0,0.0,0.0,0,-0.0016390000000000204,0.0,0.0,-0.301756025376907,-0.00020239710896181247
0.361,APPROACH,0.0,0.0,0.0,0,-0.0016380000000000205,0.0,0.0,-0.3017547387951173,-0.00020536742355804657
0.362,APPROACH,0.0,0.0,0.0,0,-0.0016370000000000206,0.0,0.0,-0.30175345422722905,-0.00020825750586862783
0.363,APPROACH,0.0,0.0,0.0,0,-0.0016360000000000207,0.0,0.0,-0.30175217170158425,-0.00021106748658249096
0.364,APPROACH,0.0,0.0,0.0,0,-0.0016350000000000208,0.0,0.0,-0.3017508912457396,-0.00021379751549370325
0.365,APPROACH,0.0,0.0,0.0,0,-0.0016340000000000209,0.0,0.0,-0.30174961288646773,-0.0002164477612747768
0.366,APPROACH,0.0,0.0,0.0,0,-0.001633000000000021,0.0,0.0,-0.30174833664975875,-0.0002190184112467178
0.367,APPROACH,0.0,0.0,0.0,0,-0.001632000000000021,0.0,0.0,-0.30174706256082234,-0.00022150967114592112
0.368,APPROACH,0.0,0.0,0.0,0,-0.001631000000000021,0.0,0.0,-0.30174579064408963,-0.00022392176488801688
0.369,APPROACH,0.0,0.0,0.0,0,-0.0016300000000000212,0.0,0.0,-0.3017445209232153,-0.00022625493432877898
0.37,APPROACH,0.0,0.0,0.0,0,-0.0016290000000000213,0.0,0.0,-0.3017432534210802,-0.0002285094390222007
0.371,APPROACH,0.0,0.0,0.0,0,-0.0016280000000000214,0.0,0.0,-0.30174198815979375,-0.00023068555597584574
0.372,APPROACH,0.0,0.0,0.0,0,-0.0016270000000000214,0.0,0.0,-0.3017407251606965,-0.00023278357940358067
0.373,APPROACH,0.0,0.0,0.0,0,-0.0016260000000000215,0.0,0.0,-0.3017394644443634,-0.00023480382047579476
0.374,APPROACH,0.0,0.0,0.0,0,-0.0016250000000000216,0.0,0.0,-0.3017382060306064,-0.00023674660706721383
0.375,APPROACH,0.0,0.0,0.0,0,-0.0016240000000000217,0.0,0.0,-0.3017369499384781,-0.00023861228350241097
0.376,APPROACH,0.0,0.0,0.0,0,-0.0016230000000000218,0.0,0.0,-0.3017356961862748,-0.00024040121029912125
0.377,APPROACH,0.0,0.0,0.0,0,-0.0016220000000000219,0.0,0.0,-0.30173444479154027,-0.00024211376390946326
0.378,APPROACH,0.0,0.0,0.0,0,-0.001621000000000022,0.0,0.0,-0.30173319577106916,-0.00024375033645917036
0.379,APPROACH,0.0,0.0,0.0,0,-0.001620000000000022,0.0,0.0,-0.3017319491409111,-0.0002453113354849355
0.38,APPROACH,0.0,0.0,0.0,0,-0.0016190000000000221,0.0,0.0,-0.30173070491637466,-0.0002467971836699712
0.381,APPROACH,0.0,0.0,0.0,0,-0.0016180000000000222,0.0,0.0,-0.30172946311203136,-0.00024820831857788687
0.382,APPROACH,0.0,0.0,0.0,0,-0.0016170000000000223,0.0,0.0,-0.3017282237417201,-0.0002495451923849825
0.383,APPROACH,0.0,0.0,0.0,0,-0.0016160000000000224,0.0,0.0,-0.3017269868185515,-0.00025080827161106175
0.384,APPROACH,0.0,0.0,0.0,0,-0.0016150000000000225,0.0,0.0,-0.3017257523549125,-0.00025199803684886095
0.385,APPROACH,0.0,0.0,0.0,0,-0.0016140000000000225,0.0,0.0,-0.30172452036247116,-0.00025311498249219505
0.386,APPROACH,0.0,0.0,0.0,0,-0.0016130000000000226,0.0,0.0,-0.30172329085218136,-0.00025415961646291593
0.387,APPROACH,0.0,0.0,0.0,0,-0.0016120000000000227,0.0,0.0,-0.3017220638342879,-0.0002551324599367829
0.388,APPROACH,0.0,0.0,0.0,0,-0.0016110000000000228,0.0,0.0,-0.30172083931833155,-0.00025603404706833933
0.389,APPROACH,0.0,0.0,0.0,0,-0.0016100000000000229,0.0,0.0,-0.30171961731315433,-0.00025686492471489167
0.39,APPROACH,0.0,0.0,0.0,0,-0.001609000000000023,0.0,0.0,-0.3017183978269048,-0.00025762565215968594
0.391,APPROACH,0.0,0.0,0.0,0,-0.001608000000000023,0.0,0.0,-0.3017171808670436,-0.0002583168008343746
0.392,APPROACH,0.0,0.0,0.0,0,-0.0016070000000000231,0.0,0.0,-0.30171596644034904,-0.00025893895404086666
0.393,APPROACH,0.0,0.0,0.0,0,-0.0016060000000000232,0.0,0.0,-0.3017147545529229,-0.0002594927066726532
0.394,APPROACH,0.0,0.0,0.0,0,-0.0016050000000000233,0.0,0.0,-0.3017135452101961,-0.00025997866493569923
0.395,APPROACH,0.0,0.0,0.0,0,-0.0016040000000000234,0.0,0.0,-0.30171233841693484,-0.00026039744606899147
0.396,APPROACH,0.0,0.0,0.0,0,-0.0016030000000000235,0.0,0.0,-0.3017111341772464,-0.0002607496780648313
0.397,APPROACH,0.0,0.0,0.0,0,-0.0016020000000000235,0.0,0.0,-0.3017099324945855,-0.000261035999388961
0.398,APPROACH,0.0,0.0,0.0,0,-0.0016010000000000236,0.0,0.0,-0.3017087333717605,-0.0002612570587006099
0.399,APPROACH,0.0,0.0,0.0,0,-0.0016000000000000237,0.0,0.0,-0.30170753681093987,-0.00026141351457254717
0.4,APPROACH,0.0,0.0,0.0,0,-0.0015990000000000238,0.0,0.0,-0.30170634281365843,-0.00026150603521122543
0.401,APPROACH,0.0,0.0,0.0,0,-0.0015980000000000239,0.0,0.0,-0.30170515138082404,-0.00026153529817709925
0.402,APPROACH,0.0,0.0,0.0,0,-0.001597000000000024,0.0,0.0,-0.30170396251272424,-0.0002615019901052022
0.403,APPROACH,0.0,0.0,0.0,0,-0.001596000000000024,0.0,0.0,-0.30170277620903296,-0.0002614068064260632
0.404,APPROACH,0.0,0.0,0.0,0,-0.0015950000000000241,0.0,0.0,-0.30170159246881734,-0.0002612504510870435
0.405,APPROACH,0.0,0.0,0.0,0,-0.0015940000000000242,0.0,0.0,-0.3017004112905446,-0.0002610336362741736
0.406,APPROACH,0.0,0.0,0.0,0,-0.0015930000000000243,0.0,0.0,-0.3016992326720891,-0.0002607570821345691
0.40700000000000003,APPROACH,0.0,0.0,0.0,0,-0.0015920000000000244,0.0,0.0,-0.3016980566107394,-0.0002604215164995023
0.40800000000000003,APPROACH,0.0,0.0,0.0,0,-0.0015910000000000245,0.0,0.0,-0.3016968831032053,-0.00026002767460820623
0.40900000000000003,APPROACH,0.0,0.0,0.0,0,-0.0015900000000000246,0.0,0.0,-0.30169571214562513,-0.00025957629883248607
0.41000000000000003,APPROACH,0.0,0.0,0.0,0,-0.0015890000000000246,0.0,0.0,-0.301694543733573,-0.00025906813840221183
0.41100000000000003,APPROACH,0.0,0.0,0.0,0,-0.0015880000000000247,0.0,0.0,-0.30169337786206624,-0.00025850394913176574
0.41200000000000003,APPROACH,0.0,0.0,0.0,0,-0.0015870000000000248,0.0,0.0,-0.3016922145255726,-0.00025788449314751507
0.41300000000000003,APPROACH,0.0,0.0,0.0,0,-0.0015860000000000249,0.0,0.0,-0.3016910537180179,-0.00025721053861638127
0.41400000000000003,APPROACH,0.0,0.0,0.0,0,-0.001585000000000025,0.0,0.0,-0.30168989543279356,-0.0002564828594755757
0.41500000000000004,APPROACH,0.0,0.0,0.0,0,-0.001584000000000025,0.0,0.0,-0.30168873966276416,-0.0002557022351635683
0.41600000000000004,APPROACH,0.0,0.0,0.0,0,-0.0015830000000000251,0.0,0.0,-0.30168758640027493,-0.00025486945035235736
0.417,APPROACH,0.0,0.0,0.0,0,-0.0015820000000000252,0.0,0.0,-0.30168643563715974,-0.0002539852946811058
0.418,APPROACH,0.0,0.0,0.0,0,-0.0015810000000000253,0.0,0.0,-0.30168528736474864,-0.0002530505624912089
0.419,APPROACH,0.0,0.0,0.0,0,-0.0015800000000000254,0.0,0.0,-0.3016841415738757,-0.0002520660525628554
0.42,APPROACH,0.0,0.0,0.0,0,-0.0015790000000000255,0.0,0.0,-0.30168299825488676,-0.0002510325678531465
0.421,APPROACH,0.0,0.0,0.0,0,-0.0015780000000000256,0.0,0.0,-0.3016818573976475,-0.00024995091523583057
0.422,APPROACH,0.0,0.0,0.0,0,-0.0015770000000000256,0.0,0.0,-0.3016807189915512,-0.00024882190524271643
0.423,APPROACH,0.0,0.0,0.0,0,-0.0015760000000000257,0.0,0.0,-0.30167958302552667,-0.00024764635180682095
0.424,APPROACH,0.0,0.0,0.0,0,-0.0015750000000000258,0.0,0.0,-0.30167844948804634,-0.00024642507200730977
0.425,APPROACH,0.0,0.0,0.0,0,-0.001574000000000026,0.0,0.0,-0.30167731836713424,-0.0002451588858162865
0.426,APPROACH,0.0,0.0,0.0,0,-0.001573000000000026,0.0,0.0,-0.30167618965037396,-0.00024384861584748535
0.427,APPROACH,0.0,0.0,0.0,0,-0.001572000000000026,0.0,0.0,-0.30167506332491684,-0.00024249508710692051
0.428,APPROACH,0.0,0.0,0.0,0,-0.0015710000000000262,0.0,0.0,-0.30167393937748993,-0.00024109912674554452
0.429,APPROACH,0.0,0.0,0.0,0,-0.0015700000000000262,0.0,0.0,-0.30167281779440425,-0.00023966156381396674
0.43,APPROACH,0.0,0.0,0.0,0,-0.0015690000000000263,0.0,0.0,-0.3016716985615628,-0.00023818322901928205
0.431,APPROACH,0.0,0.0,0.0,0,-0.0015680000000000264,0.0,0.0,-0.3016705816644687,-0.00023666495448405742
0.432,APPROACH,0.0,0.0,0.0,0,-0.0015670000000000265,0.0,0.0,-0.30166946708823345,-0.00023510757350752462
0.433,APPROACH,0.0,0.0,0.0,0,-0.0015660000000000266,0.0,0.0,-0.3016683548175851,-0.0002335119203290242
0.434,APPROACH,0.0,0.0,0.0,0,-0.0015650000000000267,0.0,0.0,-0.30166724483687624,-0.00023187882989374675
0.435,APPROACH,0.0,0.0,0.0,0,-0.0015640000000000267,0.0,0.0,-0.3016661371300924,-0.0002302091376208136
0.436,APPROACH,0.0,0.0,0.0,0,-0.0015630000000000268,0.0,0.0,-0.3016650316808602,-0.0002285036791737405
0.437,APPROACH,0.0,0.0,0.0,0,-0.001562000000000027,0.0,0.0,-0.30166392847245543,-0.00022676329023332454
0.438,APPROACH,0.0,0.0,0.0,0,-0.001561000000000027,0.0,0.0,-0.3016628274878115,-0.00022498880627299522
0.439,APPROACH,0.0,0.0,0.0,0,-0.001560000000000027,0.0,0.0,-0.30166172870952723,-0.00022318106233666686
0.44,APPROACH,0.0,0.0,0.0,0,-0.0015590000000000272,0.0,0.0,-0.3016606321198754,-0.00022134089281913125
0.441,APPROACH,0.0,0.0,0.0,0,-0.0015580000000000272,0.0,0.0,-0.3016595377008109,-0.00021946913124902588
0.442,APPROACH,0.0,0.0,0.0,0,-0.0015570000000000273,0.0,0.0,-0.3016584454339785,-0.0002175666100744128
0.443,APPROACH,0.0,0.0,0.0,0,-0.0015560000000000274,0.0,0.0,-0.3016573553007217,-0.00021563416045100256
0.444,APPROACH,0.0,0.0,0.0,0,-0.0015550000000000275,0.0,0.0,-0.3016562672820902,-0.0002136726120330548
0.445,APPROACH,0.0,0.0,0.0,0,-0.0015540000000000276,0.0,0.0,-0.3016551813588485,-0.00021168279276698762
0.446,APPROACH,0.0,0.0,0.0,0,-0.0015530000000000277,0.0,0.0,-0.3016540975114838,-0.00020966552868772594
0.447,APPROACH,0.0,0.0,0.0,0,-0.0015520000000000277,0.0,0.0,-0.3016530157202142,-0.00020762164371781702
0.448,APPROACH,0.0,0.0,0.0,0,-0.0015510000000000278,0.0,0.0,-0.3016519359649966,-0.00020555195946934192
0.449,APPROACH,0.0,0.0,0.0,0,-0.001550000000000028,0.0,0.0,-0.3016508582255351,-0.0002034572950486489
0.45,APPROACH,0.0,0.0,0.0,0,-0.001549000000000028,0.0,0.0,-0.30164978248128865,-0.00020133846686393455
0.451,APPROACH,0.0,0.0,0.0,0,-0.001548000000000028,0.0,0.0,-0.30164870871147936,-0.00019919628843569648
0.452,APPROACH,0.0,0.0,0.0,0,-0.0015470000000000282,0.0,0.0,-0.30164763689510027,-0.00019703157021008132
0.453,APPROACH,0.0,0.0,0.0,0,-0.0015460000000000283,0.0,0.0,-0.30164656701092335,-0.0001948451193751494
0.454,APPROACH,0.0,0.0,0.0,0,-0.0015450000000000283,0.0,0.0,-0.3016454990375076,-0.00019263773968007734
0.455,APPROACH,0.0,0.0,0.0,0,-0.0015440000000000284,0.0,0.0,-0.3016444329532066,-0.00019041023125731792
0.456,APPROACH,0.0,0.0,0.0,0,-0.0015430000000000285,0.0,0.0,-0.3016433687361766,-0.00018816339044773605
0.457,APPROACH,0.0,0.0,0.0,0,-0.0015420000000000286,0.0,0.0,-0.3016423063643842,-0.00018589800962873825
0.458,APPROACH,0.0,0.0,0.0,0,-0.0015410000000000287,0.0,0.0,-0.3016412458156144,-0.00018361487704541141
0.459,APPROACH,0.0,0.0,0.0,0,-0.0015400000000000288,0.0,0.0,-0.30164018706747786,-0.0001813147766446872
0.46,APPROACH,0.0,0.0,0.0,0,-0.0015390000000000288,0.0,0.0,-0.30163913009741894,-0.00017899848791254474
0.461,APPROACH,0.0,0.0,0.0,0,-0.001538000000000029,0.0,0.0,-0.3016380748827232,-0.00017666678571426616
0.462,APPROACH,0.0,0.0,0.0,0,-0.001537000000000029,0.0,0.0,-0.3016370214005251,-0.00017432044013775553
0.463,APPROACH,0.0,0.0,0.0,0,-0.001536000000000029,0.0,0.0,-0.3016359696278155,-0.00017196021633993306
0.464,APPROACH,0.0,0.0,0.0,0,-0.0015350000000000292,0.0,0.0,-0.30163491954144916,-0.00016958687439621407
0.465,APPROACH,0.0,0.0,0.0,0,-0.0015340000000000293,0.0,0.0,-0.30163387111815204,-0.0001672011691530814
0.466,APPROACH,0.0,0.0,0.0,0,-0.0015330000000000293,0.0,0.0,-0.30163282433452904,-0.00016480385008375923
0.467,APPROACH,0.0,0.0,0.0,0,-0.0015320000000000294,0.0,0.0,-0.3016317791670711,-0.00016239566114699484
0.468,APPROACH,0.0,0.0,0.0,0,-0.0015310000000000295,0.0,0.0,-0.3016307355921626,-0.0001599773406489538
0.46900000000000003,APPROACH,0.0,0.0,0.0,0,-0.0015300000000000296,0.0,0.0,-0.3016296935860884,-0.00015754962110823425
0.47000000000000003,APPROACH,0.0,0.0,0.0,0,-0.0015290000000000297,0.0,0.0,-0.30162865312504133,-0.00015511322912400283
0.47100000000000003,APPROACH,0.0,0.0,0.0,0,-0.0015280000000000298,0.0,0.0,-0.3016276141851292,-0.00015266888524725542
0.47200000000000003,APPROACH,0.0,0.0,0.0,0,-0.0015270000000000299,0.0,0.0,-0.3016265767423817,-0.00015021730385520474
0.47300000000000003,APPROACH,0.0,0.0,0.0,0,-0.00152600000000003,0.0,0.0,-0.3016255407727576,-0.00014775919302879525
0.47400000000000003,APPROACH,0.0,0.0,0.0,0,-0.00152500000000003,0.0,0.0,-0.3016245062521517,-0.00014529525443334506
0.47500000000000003,APPROACH,0.0,0.0,0.0,0,-0.00152400000000003,0.0,0.0,-0.30162347315640153,-0.00014282618320231435
0.47600000000000003,APPROACH,0.0,0.0,0.0,0,-0.0015230000000000302,0.0,0.0,-0.30162244146129435,-0.00014035266782419766
0.47700000000000004,APPROACH,0.0,0.0,0.0,0,-0.0015220000000000303,0.0,0.0,-0.3016214111425738,-0.0001378753900325375
0.47800000000000004,APPROACH,0.0,0.0,0.0,0,-0.0015210000000000304,0.0,0.0,-0.3016203821759466,-0.00013539502469905507
0.47900000000000004,APPROACH,0.0,0.0,0.0,0,-0.0015200000000000304,0.0,0.0,-0.30161935453708927,-0.0001329122397298942
0.48,APPROACH,0.0,0.0,0.0,0,-0.0015190000000000305,0.0,0.0,-0.3016183282016545,-0.0001304276959649715
0.481,APPROACH,0.0,0.0,0.0,0,-0.0015180000000000306,0.0,0.0,-0.3016173031452778,-0.00012794204708042786
0.482,APPROACH,0.0,0.0,0.0,0,-0.0015170000000000307,0.0,0.0,-0.3016162793435838,-0.0001254559394941728
0.483,APPROACH,0.0,0.0,0.0,0,-0.0015160000000000308,0.0,0.0,-0.30161525677219264,-0.00012297001227451392
0.484,APPROACH,0.0,0.0,0.0,0,-0.0015150000000000309,0.0,0.0,-0.30161423540672616,-0.00012048489705186297
0.485,APPROACH,0.0,0.0,0.0,0,-0.001514000000000031,0.0,0.0,-0.30161321522281426,-0.00011800121793350751
0.486,APPROACH,0.0,0.0,0.0,0,-0.001513000000000031,0.0,0.0,-0.30161219619610086,-0.0001155195914214392
0.487,APPROACH,0.0,0.0,0.0,0,-0.0015120000000000311,0.0,0.0,-0.30161117830225004,-0.00011304062633322578
0.488,APPROACH,0.0,0.0,0.0,0,-0.0015110000000000312,0.0,0.0,-0.3016101615169519,-0.00011056492372591586
0.489,APPROACH,0.0,0.0,0.0,0,-0.0015100000000000313,0.0,0.0,-0.3016091458159286,-0.00010809307682296269
0.49,APPROACH,0.0,0.0,0.0,0,-0.0015090000000000314,0.0,0.0,-0.30160813117494006,-0.00010562567094415387
0.491,APPROACH,0.0,0.0,0.0,0,-0.0015080000000000315,0.0,0.0,-0.30160711756978975,-0.0001031632834385323
0.492,APPROACH,0.0,0.0,0.0,0,-0.0015070000000000315,0.0,0.0,-0.3016061049763304,-0.00010070648362029338
0.493,APPROACH,0.0,0.0,0.0,0,-0.0015060000000000316,0.0,0.0,-0.3016050933704694,-9.825583270764256e-05
0.494,APPROACH,0.0,0.0,0.0,0,-0.0015050000000000317,0.0,0.0,-0.3016040827281746,-9.581188376459697e-05
0.495,APPROACH,0.0,0.0,0.0,0,-0.0015040000000000318,0.0,0.0,-0.3016030730254795,-9.337518164571357e-05
0.496,APPROACH,0.0,0.0,0.0,0,-0.0015030000000000319,0.0,0.0,-0.3016020642384886,-9.094626294372633e-05
0.497,APPROACH,0.0,0.0,0.0,0,-0.001502000000000032,0.0,0.0,-0.30160105634338286,-8.852565594007375e-05
0.498,APPROACH,0.0,0.0,0.0,0,-0.001501000000000032,0.0,0.0,-0.30160004931642453,-8.61138805582976e-05
0.499,APPROACH,0.0,0.0,0.0,0,-0.0015000000000000321,0.0,0.0,-0.3015990431339627,-8.371144832029325e-05
0.5,APPROACH,0.0,0.0,0.0,0,-0.0014990000000000322,0.0,0.0,-0.3015980377724379,-8.131886230539092e-05
0.501,APPROACH,0.0,0.0,0.0,0,-0.0014980000000000323,0.0,0.0,-0.30159703320838727,-7.893661711224725e-05
0.502,APPROACH,0.0,0.0,0.0,0,-0.0014970000000000324,0.0,0.0,-0.3015960294184494,-7.656519882352542e-05
0.503,APPROACH,0.0,0.0,0.0,0,-0.0014960000000000325,0.0,0.0,-0.30159502637936897,-7.420508497334157e-05
0.504,APPROACH,0.0,0.0,0.0,0,-0.0014950000000000325,0.0,0.0,-0.30159402406800156,-7.185674451745528e-05
0.505,APPROACH,0.0,0.0,0.0,0,-0.0014940000000000326,0.0,0.0,-0.3015930224613182,-6.952063780618037e-05
0.506,APPROACH,0.0,0.0,0.0,0,-0.0014930000000000327,0.0,0.0,-0.30159202153640985,-6.719721655999262e-05
0.507,APPROACH,0.0,0.0,0.0,0,-0.0014920000000000328,0.0,0.0,-0.3015910212704919,-6.488692384780991e-05
0.508,APPROACH,0.0,0.0,0.0,0,-0.0014910000000000329,0.0,0.0,-0.30159002164090853,-6.259019406792037e-05
0.509,APPROACH,0.0,0.0,0.0,0,-0.001490000000000033,0.0,0.0,-0.3015890226251368,-6.0307452931532676e-05
0.51,APPROACH,0.0,0.0,0.0,0,-0.001489000000000033,0.0,0.0,-0.301588024200791,-5.803911744892352e-05
0.511,APPROACH,0.0,0.0,0.0,0,-0.0014880000000000331,0.0,0.0,-0.30158702634562673,-5.5785595918155454e-05
0.512,APPROACH,0.0,0.0,0.0,0,-0.0014870000000000332,0.0,0.0,-0.3015860290375448,-5.354728791633857e-05
0.513,APPROACH,0.0,0.0,0.0,0,-0.0014860000000000333,0.0,0.0,-0.30158503225459515,-5.132458429340937e-05
0.514,APPROACH,0.0,0.0,0.0,0,-0.0014850000000000334,0.0,0.0,-0.3015840359749809,-4.911786716839879e-05
0.515,APPROACH,0.0,0.0,0.0,0,-0.0014840000000000335,0.0,0.0,-0.30158304017706183,-4.6927509928161755e-05
0.516,APPROACH,0.0,0.0,0.0,0,-0.0014830000000000336,0.0,0.0,-0.3015820448393582,-4.475387722854003e-05
0.517,APPROACH,0.0,0.0,0.0,0,-0.0014820000000000336,0.0,0.0,-0.3015810499405542,-4.259732499792943e-05
0.518,APPROACH,0.0,0.0,0.0,0,-0.0014810000000000337,0.0,0.0,-0.3015800554595015,-4.045820044322273e-05
0.519,APPROACH,0.0,0.0,0.0,0,-0.0014800000000000338,0.0,0.0,-0.30157906137522283,-3.8336842058098454e-05
0.52,APPROACH,0.0,0.0,0.0,0,-0.0014790000000000339,0.0,0.0,-0.301578067666915,-3.6233579633626216e-05
0.521,APPROACH,0.0,0.0,0.0,0,-0.001478000000000034,0.0,0.0,-0.30157707431395225,-3.4148734271158266e-05
0.522,APPROACH,0.0,0.0,0.0,0,-0.001477000000000034,0.0,0.0,-0.3015760812958896,-3.208261839747701e-05
0.523,APPROACH,0.0,0.0,0.0,0,-0.0014760000000000341,0.0,0.0,-0.3015750885924655,-3.0035535782167784e-05
0.524,APPROACH,0.0,0.0,0.0,0,-0.0014750000000000342,0.0,0.0,-0.3015740961836053,-2.8007781557185934e-05
0.525,APPROACH,0.0,0.0,0.0,0,-0.0014740000000000343,0.0,0.0,-0.30157310404942367,-2.5999642238587012e-05
0.526,APPROACH,0.0,0.0,0.0,0,-0.0014730000000000344,0.0,0.0,-0.3015721121702277,-2.4011395750388485e-05
0.527,APPROACH,0.0,0.0,0.0,0,-0.0014720000000000345,0.0,0.0,-0.30157112052651963,-2.204331145053132e-05
0.528,APPROACH,0.0,0.0,0.0,0,-0.0014710000000000346,0.0,0.0,-0.3015701290989993,-2.009565015890937e-05
0.529,APPROACH,0.0,0.0,0.0,0,-0.0014700000000000346,0.0,0.0,-0.30156913786856687,-1.8168664187434445e-05
0.53,APPROACH,0.0,0.0,0.0,0,-0.0014690000000000347,0.0,0.0,-0.3015681468163253,-1.626259737210454e-05
0.531,APPROACH,0.0,0.0,0.0,0,-0.0014680000000000348,0.0,0.0,-0.3015671559235827,-1.4377685107042698e-05
0.532,APPROACH,0.0,0.0,0.0,0,-0.001467000000000035,0.0,0.0,-0.30156616517185447,-1.2514154380473624e-05
0.533,APPROACH,0.0,0.0,0.0,0,-0.001466000000000035,0.0,0.0,-0.30156517454286585,-1.0672223812605148e-05
0.534,APPROACH,0.0,0.0,0.0,0,-0.001465000000000035,0.0,0.0,-0.30156418401855384,-8.852103695381277e-06
0.535,APPROACH,0.0,0.0,0.0,0,-0.0014640000000000352,0.0,0.0,-0.3015631935810693,-7.05399603407367e-06
0.536,APPROACH,0.0,0.0,0.0,0,-0.0014630000000000352,0.0,0.0,-0.30156220321277905,-5.278094590677972e-06
0.537,APPROACH,0.0,0.0,0.0,0,-0.0014620000000000353,0.0,0.0,-0.30156121289626747,-3.5245849290815485e-06
0.538,APPROACH,0.0,0.0,0.0,0,-0.0014610000000000354,0.0,0.0,-0.30156022261433874,-1.7936444619688438e-06
0.539,APPROACH,0.0,0.0,0.0,0,-0.0014600000000000355,0.0,0.0,-0.30155923235001825,-8.544249943065339e-08
0.54,APPROACH,0.0,0.0,0.0,0,-0.0014590000000000356,0.0,0.0,-0.30155824208655435,1.5998597007566232e-06
0.541,APPROACH,0.0,0.0,0.0,0,-0.0014580000000000357,0.0,0.0,-0.30155725180742005,3.2621088812156825e-06
0.542,APPROACH,0.0,0.0,0.0,0,-0.0014570000000000357,0.0,0.0,-0.3015562614963143,4.9011597314510115e-06
0.543,APPROACH,0.0,0.0,0.0,0,-0.0014560000000000358,0.0,0.0,-0.3015552711371637,6.51687483276369e-06
0.544,APPROACH,0.0,0.0,0.0,0,-0.001455000000000036,0.0,0.0,-0.30155428071412355,8.109124601632404e-06
0.545,APPROACH,0.0,0.0,0.0,0,-0.001454000000000036,0.0,0.0,-0.30155329021157934,9.677787231594897e-06
0.546,APPROACH,0.0,0.0,0.0,0,-0.001453000000000036,0.0,0.0,-0.3015522996141478,1.1222748633664008e-05
0.547,APPROACH,0.0,0.0,0.0,0,-0.0014520000000000362,0.0,0.0,-0.30155130890667814,1.274390237531261e-05
0.548,APPROACH,0.0,0.0,0.0,0,-0.0014510000000000362,0.0,0.0,-0.301550318074253,1.4241149618061592e-05
0.549,APPROACH,0.0,0.0,0.0,0,-0.0014500000000000363,0.0,0.0,-0.30154932710218946,1.5714399053705162e-05
0.55,APPROACH,0.0,0.0,0.0,0,-0.0014490000000000364,0.0,0.0,-0.30154833597603997,1.7163566839207698e-05
0.551,APPROACH,0.0,0.0,0.0,0,-0.0014480000000000365,0.0,0.0,-0.3015473446815931,1.8588576530306282e-05
0.552,APPROACH,0.0,0.0,0.0,0,-0.0014470000000000366,0.0,0.0,-0.3015463532048744,1.9989359013853146e-05
0.553,APPROACH,0.0,0.0,0.0,0,-0.0014460000000000367,0.0,0.0,-0.30154536153214684,2.1365852438932067e-05
0.554,APPROACH,0.0,0.0,0.0,0,-0.0014450000000000367,0.0,0.0,-0.3015443696499117,2.2718002146782885e-05
0.555,APPROACH,0.0,0.0,0.0,0,-0.0014440000000000368,0.0,0.0,-0.301543377544909,2.4045760599567972e-05
0.556,APPROACH,0.0,0.0,0.0,0,-0.001443000000000037,0.0,0.0,-0.30154238520411786,2.534908730801479e-05
0.557,APPROACH,0.0,0.0,0.0,0,-0.001442000000000037,0.0,0.0,-0.30154139261475704,2.662794875796818e-05
0.558,APPROACH,0.0,0.0,0.0,0,-0.001441000000000037,0.0,0.0,-0.30154039976428526,2.7882318335886292e-05
0.559,APPROACH,0.0,0.0,0.0,0,-0.0014400000000000372,0.0,0.0,-0.30153940664040135,2.911217625331374e-05
0.56,APPROACH,0.0,0.0,0.0,0,-0.0014390000000000373,0.0,0.0,-0.3015384132310445,3.0317509470365517e-05
0.561,APPROACH,0.0,0.0,0.0,0,-0.0014380000000000373,0.0,0.0,-0.3015374195243945,3.149831161825518e-05
0.562,APPROACH,0.0,0.0,0.0,0,-0.0014370000000000374,0.0,0.0,-0.30153642550887155,3.265458292090053e-05
0.5630000000000001,APPROACH,0.0,0.0,0.0,0,-0.0014360000000000375,0.0,0.0,-0.3015354311731365,3.378633011564e-05
0.5640000000000001,APPROACH,0.0,0.0,0.0,0,-0.0014350000000000376,0.0,0.0,-0.3015344365060908,3.4893566373092766e-05
0.5650000000000001,APPROACH,0.0,0.0,0.0,0,-0.0014340000000000377,0.0,0.0,-0.30153344149687605,3.597631121619554e-05
0.5660000000000001,APPROACH,0.0,0.0,0.0,0,-0.0014330000000000378,0.0,0.0,-0.3015324461348742,3.703459043844864e-05
0.5670000000000001,APPROACH,0.0,0.0,0.0,0,-0.0014320000000000378,0.0,0.0,-0.3015314504097069,3.806843602140401e-05
0.5680000000000001,APPROACH,0.0,0.0,0.0,0,-0.001431000000000038,0.0,0.0,-0.3015304543112357,3.907788605142749e-05
0.5690000000000001,APPROACH,0.0,0.0,0.0,0,-0.001430000000000038,0.0,0.0,-0.30152945782956125,4.0062984635767686e-05
0.5700000000000001,APPROACH,0.0,0.0,0.0,0,-0.001429000000000038,0.0,0.0,-0.3015284609550229,4.102378181796326e-05
0.5710000000000001,APPROACH,0.0,0.0,0.0,0,-0.0014280000000000382,0.0,0.0,-0.30152746367819844,4.196033349262067e-05
0.5720000000000001,APPROACH,0.0,0.0,0.0,0,-0.0014270000000000383,0.0,0.0,-0.3015264659899034,4.287270131959377e-05
0.5730000000000001,APPROACH,0.0,0.0,0.0,0,-0.0014260000000000383,0.0,0.0,-0.30152546788119045,4.3760952637596935e-05
0.5740000000000001,APPROACH,0.0,0.0,0.0,0,-0.0014250000000000384,0.0,0.0,-0.30152446934334876,4.462516037728272e-05
0.5750000000000001,APPROACH,0.0,0.0,0.0,0,-0.0014240000000000385,0.0,0.0,-0.3015234703679033,4.546540297381504e-05
0.5760000000000001,APPROACH,0.0,0.0,0.0,0,-0.0014230000000000386,0.0,0.0,-0.30152247094661394,4.628176427896878e-05
0.577,APPROACH,0.0,0.0,0.0,0,-0.0014220000000000387,0.0,0.0,-0.3015214710714749,4.707433347278615e-05
0.578,APPROACH,0.0,0.0,0.0,0,-0.0014210000000000388,0.0,0.0,-0.3015204707347137,4.784320497482025e-05
0.579,APPROACH,0.0,0.0,0.0,0,-0.0014200000000000389,0.0,0.0,-0.3015194699287902,4.858847835499562e-05
0.58,APPROACH,0.0,0.0,0.0,0,-0.001419000000000039,0.0,0.0,-0.3015184686463956,4.931025824411591e-05
0.581,APPROACH,0.0,0.0,0.0,0,-0.001418000000000039,0.0,0.0,-0.3015174668804516,5.000865424404784e-05
0.582,APPROACH,0.0,0.0,0.0,0,-0.001417000000000039,0.0,0.0,-0.3015164646241092,5.0683780837610894e-05
0.583,APPROACH,0.0,0.0,0.0,0,-0.0014160000000000392,0.0,0.0,-0.30151546187074757,5.133575729820172e-05
0.584,APPROACH,0.0,0.0,0.0,0,-0.0014150000000000393,0.0,0.0,-0.30151445861397286,5.196470759918185e-05
0.585,APPROACH,0.0,0.0,0.0,0,-0.0014140000000000394,0.0,0.0,-0.3015134548476171,5.257076032305729e-05
0.586,APPROACH,0.0,0.0,0.0,0,-0.0014130000000000394,0.0,0.0,-0.3015124505657369,5.3154048570478083e-05
0.587,APPROACH,0.0,0.0,0.0,0,-0.0014120000000000395,0.0,0.0,-0.3015114457626119,5.371470986908564e-05
0.588,APPROACH,0.0,0.0,0.0,0,-0.0014110000000000396,0.0,0.0,-0.3015104404327439,5.4252886082235514e-05
0.589,APPROACH,0.0,0.0,0.0,0,-0.0014100000000000397,0.0,0.0,-0.301509434570855,5.476872331762275e-05
0.59,APPROACH,0.0,0.0,0.0,0,-0.0014090000000000398,0.0,0.0,-0.3015084281718865,5.5262371835836976e-05
0.591,APPROACH,0.0,0.0,0.0,0,-0.0014080000000000399,0.0,0.0,-0.3015074212309972,5.5733985958873623e-05
0.592,APPROACH,0.0,0.0,0.0,0,-0.00140700000000004,0.0,0.0,-0.3015064137435621,5.618372397862783e-05
0.593,APPROACH,0.0,0.0,0.0,0,-0.00140600000000004,0.0,0.0,-0.3015054057051705,5.661174806539705e-05
0.594,APPROACH,0.0,0.0,0.0,0,-0.0014050000000000401,0.0,0.0,-0.3015043971116248,5.70182241764179e-05
0.595,APPROACH,0.0,0.0,0.0,0,-0.0014040000000000402,0.0,0.0,-0.3015033879589388,5.740332196446285e-05
0.596,APPROACH,0.0,0.0,0.0,0,-0.0014030000000000403,0.0,0.0,-0.30150237824333576,5.776721468652169e-05
0.597,APPROACH,0.0,0.0,0.0,0,-0.0014020000000000404,0.0,0.0,-0.301501367961247,5.811007911259257e-05
0.598,APPROACH,0.0,0.0,0.0,0,-0.0014010000000000405,0.0,0.0,-0.30150035710931,5.843209543460694e-05
0.599,APPROACH,0.0,0.0,0.0,0,-0.0014000000000000405,0.0,0.0,-0.3014993456843667,5.873344717551256e-05
0.6,APPROACH,0.0,0.0,0.0,0,-0.0013990000000000406,0.0,0.0,-0.30149833368346174,5.901432109853827e-05
0.601,APPROACH,0.0,0.0,0.0,0,-0.0013980000000000407,0.0,0.0,-0.3014973211038405,5.9274907116663796e-05
0.602,APPROACH,0.0,0.0,0.0,0,-0.0013970000000000408,0.0,0.0,-0.3014963079429473,5.9515398202317964e-05
0.603,APPROACH,0.0,0.0,0.0,0,-0.0013960000000000409,0.0,0.0,-0.30149529419842364,5.973599029732745e-05
0.604,APPROACH,0.0,0.0,0.0,0,-0.001395000000000041,0.0,0.0,-0.30149427986810606,5.993688222313908e-05
0.605,APPROACH,0.0,0.0,0.0,0,-0.001394000000000041,0.0,0.0,-0.3014932649500244,6.0118275591337236e-05
0.606,APPROACH,0.0,0.0,0.0,0,-0.0013930000000000411,0.0,0.0,-0.3014922494423995,6.028037471447808e-05
0.607,APPROACH,0.0,0.0,0.0,0,-0.0013920000000000412,0.0,0.0,-0.3014912333436416,6.042338651726205e-05
0.608,APPROACH,0.0,0.0,0.0,0,-0.0013910000000000413,0.0,0.0,-0.30149021665234804,6.054752044806541e-05
0.609,APPROACH,0.0,0.0,0.0,0,-0.0013900000000000414,0.0,0.0,-0.3014891993673014,6.0652988390851445e-05
0.61,APPROACH,0.0,0.0,0.0,0,-0.0013890000000000415,0.0,0.0,-0.30148818148746714,6.074000457748163e-05
0.611,APPROACH,0.0,0.0,0.0,0,-0.0013880000000000415,0.0,0.0,-0.30148716301199174,6.0808785500446485e-05
0.612,APPROACH,0.0,0.0,0.0,0,-0.0013870000000000416,0.0,0.0,-0.3014861439402005,6.085954982603566e-05
0.613,APPROACH,0.0,0.0,0.0,0,-0.0013860000000000417,0.0,0.0,-0.30148512427159546,6.0892518307966464e-05
0.614,APPROACH,0.0,0.0,0.0,0,-0.0013850000000000418,0.0,0.0,-0.3014841040058531,6.090791370148944e-05
0.615,APPROACH,0.0,0.0,0.0,0,-0.0013840000000000419,0.0,0.0,-0.3014830831428223,6.090596067798949e-05
0.616,APPROACH,0.0,0.0,0.0,0,-0.001383000000000042,0.0,0.0,-0.30148206168252195,6.088688574010058e-05
0.617,APPROACH,0.0,0.0,0.0,0,-0.001382000000000042,0.0,0.0,-0.301481039625139,6.0850917137351634e-05
0.618,APPROACH,0.0,0.0,0.0,0,-0.0013810000000000421,0.0,0.0,-0.30148001697102594,6.079828478236091e-05
0.619,APPROACH,0.0,0.0,0.0,0,-0.0013800000000000422,0.0,0.0,-0.30147899372069875,6.072922016759585e-05
0.62,APPROACH,0.0,0.0,0.0,0,-0.0013790000000000423,0.0,0.0,-0.30147796987483455,6.064395628271491e-05
0.621,APPROACH,0.0,0.0,0.0,0,-0.0013780000000000424,0.0,0.0,-0.3014769454342693,6.054272753250749e-05
0.622,APPROACH,0.0,0.0,0.0,0,-0.0013770000000000425,0.0,0.0,-0.3014759203999955,6.042576965544795e-05
0.623,APPROACH,0.0,0.0,0.0,0,-0.0013760000000000426,0.0,0.0,-0.3014748947731599,6.029331964287898e-05
0.624,APPROACH,0.0,0.0,0.0,0,-0.0013750000000000426,0.0,0.0,-0.30147386855506125,6.0145615658839496e-05
0.625,APPROACH,0.0,0.0,0.0,0,-0.0013740000000000427,0.0,0.0,-0.30147284174714784,5.998289696055172e-05
0.626,APPROACH,0.0,0.0,0.0,0,-0.0013730000000000428,0.0,0.0,-0.3014718143510151,5.980540381958187e-05
0.627,APPROACH,0.0,0.0,0.0,0,-0.0013720000000000429,0.0,0.0,-0.3014707863684036,5.961337744368827e-05
0.628,APPROACH,0.0,0.0,0.0,0,-0.001371000000000043,0.0,0.0,-0.3014697578011961,5.940705989937063e-05
0.629,APPROACH,0.0,0.0,0.0,0,-0.001370000000000043,0.0,0.0,-0.30146872865141583,5.9186694035133663e-05
0.63,APPROACH,0.0,0.0,0.0,0,-0.0013690000000000431,0.0,0.0,-0.3014676989212236,5.895252340547791e-05
0.631,APPROACH,0.0,0.0,0.0,0,-0.0013680000000000432,0.0,0.0,-0.30146666861291566,5.870479219563027e-05
0.632,APPROACH,0.0,0.0,0.0,0,-0.0013670000000000433,0.0,0.0,-0.30146563772892115,5.844374514702632e-05
0.633,APPROACH,0.0,0.0,0.0,0,-0.0013660000000000434,0.0,0.0,-0.30146460627179994,5.816962748355632e-05
0.634,APPROACH,0.0,0.0,0.0,0,-0.0013650000000000435,0.0,0.0,-0.30146357424424,5.7882684838586176e-05
0.635,APPROACH,0.0,0.0,0.0,0,-0.0013640000000000436,0.0,0.0,-0.301462541649055,5.758316318276447e-05
0.636,APPROACH,0.0,0.0,0.0,0,-0.0013630000000000436,0.0,0.0,-0.30146150848918213,5.72713087526262e-05
0.637,APPROACH,0.0,0.0,0.0,0,-0.0013620000000000437,0.0,0.0,-0.3014604747676794,5.694736798000367e-05
0.638,APPROACH,0.0,0.0,0.0,0,-0.0013610000000000438,0.0,0.0,-0.3014594404877234,5.661158742225423e-05
0.639,APPROACH,0.0,0.0,0.0,0,-0.001360000000000044,0.0,0.0,-0.3014584056526068,5.626421369331485e-05
0.64,APPROACH,0.0,0.0,0.0,0,-0.001359000000000044,0.0,0.0,-0.301457370265736,5.590549339559242e-05
0.641,APPROACH,0.0,0.0,0.0,0,-0.001358000000000044,0.0,0.0,-0.3014563343306286,5.553567305269893e-05
0.642,APPROACH,0.0,0.0,0.0,0,-0.0013570000000000442,0.0,0.0,-0.3014552978509111,5.51549990430399e-05
0.643,APPROACH,0.0,0.0,0.0,0,-0.0013560000000000442,0.0,0.0,-0.30145426083031646,5.47637175342644e-05
0.644,APPROACH,0.0,0.0,0.0,0,-0.0013550000000000443,0.0,0.0,-0.30145322327268165,5.436207441858442e-05
0.645,APPROACH,0.0,0.0,0.0,0,-0.0013540000000000444,0.0,0.0,-0.3014521851819452,5.3950315248971164e-05
0.646,APPROACH,0.0,0.0,0.0,0,-0.0013530000000000445,0.0,0.0,-0.30145114656214494,5.3528685176235335e-05
0.647,APPROACH,0.0,0.0,0.0,0,-0.0013520000000000446,0.0,0.0,-0.3014501074174154,5.309742888699836e-05
0.648,APPROACH,0.0,0.0,0.0,0,-0.0013510000000000447,0.0,0.0,-0.3014490677519856,5.2656790542560896e-05
0.649,APPROACH,0.0,0.0,0.0,0,-0.0013500000000000447,0.0,0.0,-0.3014480275701765,5.220701371867493e-05
0.65,APPROACH,0.0,0.0,0.0,0,-0.0013490000000000448,0.0,0.0,-0.30144698687639876,5.1748341346225015e-05
0.651,APPROACH,0.0,0.0,0.0,0,-0.001348000000000045,0.0,0.0,-0.30144594567515015,5.128101565282455e-05
0.652,APPROACH,0.0,0.0,0.0,0,-0.001347000000000045,0.0,0.0,-0.3014449039710134,5.080527810533176e-05
0.653,APPROACH,0.0,0.0,0.0,0,-0.001346000000000045,0.0,0.0,-0.30144386176865373,5.032136935329059e-05
0.654,APPROACH,0.0,0.0,0.0,0,-0.0013450000000000452,0.0,0.0,-0.3014428190728164,4.982952917330079e-05
0.655,APPROACH,0.0,0.0,0.0,0,-0.0013440000000000452,0.0,0.0,-0.30144177588832455,4.932999641432145e-05
0.656,APPROACH,0.0,0.0,0.0,0,-0.0013430000000000453,0.0,0.0,-0.3014407322200768,4.882300894391189e-05
0.657,APPROACH,0.0,0.0,0.0,0,-0.0013420000000000454,0.0,0.0,-0.3014396880730447,4.830880359541331e-05
0.658,APPROACH,0.0,0.0,0.0,0,-0.0013410000000000455,0.0,0.0,-0.3014386434522708,4.778761611607458e-05
0.659,APPROACH,0.0,0.0,0.0,0,-0.0013400000000000456,0.0,0.0,-0.3014375983628659,4.725968111612504e-05
0.66,APPROACH,0.0,0.0,0.0,0,-0.0013390000000000457,0.0,0.0,-0.30143655281000714,4.672523201879682e-05
0.661,APPROACH,0.0,0.0,0.0,0,-0.0013380000000000457,0.0,0.0,-0.3014355067989355,4.618450101129922e-05
0.662,APPROACH,0.0,0.0,0.0,0,-0.0013370000000000458,0.0,0.0,-0.3014344603349535,4.5637718996746916e-05
0.663,APPROACH,0.0,0.0,0.0,0,-0.001336000000000046,0.0,0.0,-0.30143341342342317,4.5085115547043856e-05
0.664,APPROACH,0.0,0.0,0.0,0,-0.001335000000000046,0.0,0.0,-0.30143236606976337,4.4526918856724236e-05
0.665,APPROACH,0.0,0.0,0.0,0,-0.001334000000000046,0.0,0.0,-0.301431318279448,4.396335569775165e-05
0.666,APPROACH,0.0,0.0,0.0,0,-0.0013330000000000462,0.0,0.0,-0.3014302700580036,4.33946513752773e-05
0.667,APPROACH,0.0,0.0,0.0,0,-0.0013320000000000463,0.0,0.0,-0.30142922141100703,4.282102968435777e-05
0.668,APPROACH,0.0,0.0,0.0,0,-0.0013310000000000463,0.0,0.0,-0.30142817234408337,4.224271286763269e-05
0.669,APPROACH,0.0,0.0,0.0,0,-0.0013300000000000464,0.0,0.0,-0.30142712286290385,4.165992157396223e-05
0.67,APPROACH,0.0,0.0,0.0,0,-0.0013290000000000465,0.0,0.0,-0.3014260729731835,4.1072874818024285e-05
0.671,APPROACH,0.0,0.0,0.0,0,-0.0013280000000000466,0.0,0.0,-0.30142502268067917,4.048178994087052e-05
0.672,APPROACH,0.0,0.0,0.0,0,-0.0013270000000000467,0.0,0.0,-0.30142397199118715,3.988688257144084e-05
0.673,APPROACH,0.0,0.0,0.0,0,-0.0013260000000000468,0.0,0.0,-0.30142292091054135,3.9288366589034886e-05
0.674,APPROACH,0.0,0.0,0.0,0,-0.0013250000000000468,0.0,0.0,-0.301421869444611,3.8686454086739335e-05
0.675,APPROACH,0.0,0.0,0.0,0,-0.001324000000000047,0.0,0.0,-0.3014208175992988,3.808135533580953e-05
0.676,APPROACH,0.0,0.0,0.0,0,-0.001323000000000047,0.0,0.0,-0.30141976538053844,3.747327875100335e-05
0.677,APPROACH,0.0,0.0,0.0,0,-0.001322000000000047,0.0,0.0,-0.301418712794293,3.686243085686545e-05
0.678,APPROACH,0.0,0.0,0.0,0,-0.0013210000000000472,0.0,0.0,-0.30141765984655267,3.6249016254959406e-05
0.679,APPROACH,0.0,0.0,0.0,0,-0.0013200000000000473,0.0,0.0,-0.3014166065433328,3.563323759204517e-05
0.68,APPROACH,0.0,0.0,0.0,0,-0.0013190000000000473,0.0,0.0,-0.301415552890672,3.501529552919918e-05
0.681,APPROACH,0.0,0.0,0.0,0,-0.0013180000000000474,0.0,0.0,-0.30141449889463007,3.43953887118738e-05
0.682,APPROACH,0.0,0.0,0.0,0,-0.0013170000000000475,0.0,0.0,-0.301413444561286,3.3773713740893065e-05
0.683,APPROACH,0.0,0.0,0.0,0,-0.0013160000000000476,0.0,0.0,-0.3014123898967362,3.31504651443811e-05
0.684,APPROACH,0.0,0.0,0.0,0,-0.0013150000000000477,0.0,0.0,-0.3014113349070925,3.2525835350619445e-05
0.685,APPROACH,0.0,0.0,0.0,0,-0.0013140000000000478,0.0,0.0,-0.30141027959848027,3.1900014661829445e-05
0.686,APPROACH,0.0,0.0,0.0,0,-0.0013130000000000479,0.0,0.0,-0.30140922397703657,3.127319122887546e-05
0.687,APPROACH,0.0,0.0,0.0,0,-0.001312000000000048,0.0,0.0,-0.30140816804890824,3.064555102688452e-05
0.6880000000000001,APPROACH,0.0,0.0,0.0,0,-0.001311000000000048,0.0,0.0,-0.30140711182025026,3.0017277831777865e-05
0.6890000000000001,APPROACH,0.0,0.0,0.0,0,-0.001310000000000048,0.0,0.0,-0.3014060552972237,2.9388553197709653e-05
0.6900000000000001,APPROACH,0.0,0.0,0.0,0,-0.0013090000000000482,0.0,0.0,-0.30140499848599406,2.8759556435407655e-05
0.6910000000000001,APPROACH,0.0,0.0,0.0,0,-0.0013080000000000483,0.0,0.0,-0.3014039413927296,2.8130464591410983e-05
0.6920000000000001,APPROACH,0.0,0.0,0.0,0,-0.0013070000000000484,0.0,0.0,-0.3014028840235994,2.7501452428199332e-05
0.6930000000000001,APPROACH,0.0,0.0,0.0,0,-0.0013060000000000484,0.0,0.0,-0.30140182638477186,2.6872692405208232e-05
0.6940000000000001,APPROACH,0.0,0.0,0.0,0,-0.0013050000000000485,0.0,0.0,-0.3014007684824129,2.624435466072457e-05
0.6950000000000001,APPROACH,0.0,0.0,0.0,0,-0.0013040000000000486,0.0,0.0,-0.3013997103226842,2.561660699465644e-05
0.6960000000000001,APPROACH,0.0,0.0,0.0,0,-0.0013030000000000487,0.0,0.0,-0.3013986519117418,2.4989614852171212e-05
0.6970000000000001,APPROACH,0.0,0.0,0.0,0,-0.0013020000000000488,0.0,0.0,-0.30139759325573423,2.4363541308195662e-05
0.6980000000000001,APPROACH,0.0,0.0,0.0,0,-0.0013010000000000489,0.0,0.0,-0.30139653436080105,2.3738547052771516e-05
0.6990000000000001,APPROACH,0.0,0.0,0.0,0,-0.001300000000000049,0.0,0.0,-0.3013954752330712,2.3114790377260035e-05
0.7000000000000001,APPROACH,0.0,0.0,0.0,0,-0.001299000000000049,0.0,0.0,-0.3013944158786615,2.2492427161388744e-05
0.7010000000000001,APPROACH,0.0,0.0,0.0,0,-0.0012980000000000491,0.0,0.0,-0.3013933563036752,2.1871610861133433e-05
0.7020000000000001,APPROACH,0.0,0.0,0.0,0,-0.0012970000000000492,0.0,0.0,-0.30139229651420024,2.1252492497428377e-05
0.7030000000000001,APPROACH,0.0,0.0,0.0,0,-0.0012960000000000493,0.0,0.0,-0.301391236516308,2.0635220645697512e-05
0.704,APPROACH,0.0,0.0,0.0,0,-0.0012950000000000494,0.0,0.0,-0.30139017631605175,2.0019941426199278e-05
0.705,APPROACH,0.0,0.0,0.0,0,-0.0012940000000000495,0.0,0.0,-0.3013891159194652,1.9406798495177592e-05
0.706,APPROACH,0.0,0.0,0.0,0,-0.0012930000000000495,0.0,0.0,-0.3013880553325611,1.879593303681133e-05
0.707,APPROACH,0.0,0.0,0.0,0,-0.0012920000000000496,0.0,0.0,-0.30138699456132984,1.818748375595455e-05
0.708,APPROACH,0.0,0.0,0.0,0,-0.0012910000000000497,0.0,0.0,-0.3013859336117382,1.7581586871659522e-05
0.709,APPROACH,0.0,0.0,0.0,0,-0.0012900000000000498,0.0,0.0,-0.3013848724897279,1.697837611147467e-05
0.71,APPROACH,0.0,0.0,0.0,0,-0.0012890000000000499,0.0,0.0,-0.3013838112012143,1.6377982706509147e-05
0.711,APPROACH,0.0,0.0,0.0,0,-0.00128800000000005,0.0,0.0,-0.3013827497520852,1.578053538725585e-05
0.712,APPROACH,0.0,0.0,0.0,0,-0.00128700000000005,0.0,0.0,-0.3013816881481993,1.5186160380164549e-05
0.713,APPROACH,0.0,0.0,0.0,0,-0.0012860000000000501,0.0,0.0,-0.3013806263953855,1.4594981404956604e-05
0.714,APPROACH,0.0,0.0,0.0,0,-0.0012850000000000502,0.0,0.0,-0.30137956449944103,1.4007119672672669e-05
0.715,APPROACH,0.0,0.0,0.0,0,-0.0012840000000000503,0.0,0.0,-0.30137850246613085,1.342269388444479e-05
0.716,APPROACH,0.0,0.0,0.0,0,-0.0012830000000000504,0.0,0.0,-0.30137744030118613,1.2841820230984009e-05
0.717,APPROACH,0.0,0.0,0.0,0,-0.0012820000000000505,0.0,0.0,-0.30137637801030315,1.2264612392774701e-05
0.718,APPROACH,0.0,0.0,0.0,0,-0.0012810000000000505,0.0,0.0,-0.3013753155991423,1.1691181540966608e-05
0.719,APPROACH,0.0,0.0,0.0,0,-0.0012800000000000506,0.0,0.0,-0.301374253073327,1.1121636338955566e-05
0.72,APPROACH,0.0,0.0,0.0,0,-0.0012790000000000507,0.0,0.0,-0.3013731904384424,1.0556082944643775e-05
0.721,APPROACH,0.0,0.0,0.0,0,-0.0012780000000000508,0.0,0.0,-0.30137212770003463,9.994625013370418e-06
0.722,APPROACH,0.0,0.0,0.0,0,-0.0012770000000000509,0.0,0.0,-0.30137106486360965,9.437363701503318e-06
0.723,APPROACH,0.0,0.0,0.0,0,-0.001276000000000051,0.0,0.0,-0.3013700019346322,8.884397670682306e-06
0.724,APPROACH,0.0,0.0,0.0,0,-0.001275000000000051,0.0,0.0,-0.301368938918525,8.335823092704832e-06
0.725,APPROACH,0.0,0.0,0.0,0,-0.0012740000000000511,0.0,0.0,-0.30136787582066765,7.791733655044413e-06
0.726,APPROACH,0.0,0.0,0.0,0,-0.0012730000000000512,0.0,0.0,-0.3013668126463957,7.252220566992259e-06
0.727,APPROACH,0.0,0.0,0.0,0,-0.0012720000000000513,0.0,0.0,-0.30136574940099997,6.717372566412578e-06
0.728,APPROACH,0.0,0.0,0.0,0,-0.0012710000000000514,0.0,0.0,-0.30136468608972544,6.187275927101806e-06
0.729,APPROACH,0.0,0.0,0.0,0,-0.0012700000000000515,0.0,0.0,-0.3013636227177705,5.662014466742118e-06
0.73,APPROACH,0.0,0.0,0.0,0,-0.0012690000000000516,0.0,0.0,-0.30136255929028616,5.141669555439422e-06
0.731,APPROACH,0.0,0.0,0.0,0,-0.0012680000000000516,0.0,0.0,-0.30136149581237515,4.626320124836072e-06
0.732,APPROACH,0.0,0.0,0.0,0,-0.0012670000000000517,0.0,0.0,-0.3013604322890913,4.116042677788414e-06
0.733,APPROACH,0.0,0.0,0.0,0,-0.0012660000000000518,0.0,0.0,-0.30135936872543867,3.6109112985993145e-06
0.734,APPROACH,0.0,0.0,0.0,0,-0.0012650000000000519,0.0,0.0,-0.3013583051263708,3.1109976637957634e-06
0.735,APPROACH,0.0,0.0,0.0,0,-0.001264000000000052,0.0,0.0,-0.30135724149679016,2.6163710534415858e-06
0.736,APPROACH,0.0,0.0,0.0,0,-0.001263000000000052,0.0,0.0,-0.3013561778415473,2.1270983629753103e-06
0.737,APPROACH,0.0,0.0,0.0,0,-0.0012620000000000521,0.0,0.0,-0.3013551141654403,1.6432441155632052e-06
0.738,APPROACH,0.0,0.0,0.0,0,-0.0012610000000000522,0.0,0.0,-0.3013540504732141,1.1648704749574497e-06
0.739,APPROACH,0.0,0.0,0.0,0,-0.0012600000000000523,0.0,0.0,-0.3013529867695599,6.92037258849429e-07
0.74,APPROACH,0.0,0.0,0.0,0,-0.0012590000000000524,0.0,0.0,-0.30135192305911457,2.248019527081028e-07
0.741,APPROACH,0.0,0.0,0.0,0,-0.0012580000000000525,0.0,0.0,-0.30135085934646005,-2.3678027590662383e-07
0.742,APPROACH,0.0,0.0,0.0,0,-0.0012570000000000526,0.0,0.0,-0.3013497956361229,-6.926565625655809e-07
0.743,APPROACH,0.0,0.0,0.0,0,-0.0012560000000000526,0.0,0.0,-0.30134873193257367,-1.142776330737129e-06
0.744,APPROACH,0.0,0.0,0.0,0,-0.0012550000000000527,0.0,0.0,-0.3013476682402265,-1.587091276109139e-06
0.745,APPROACH,0.0,0.0,0.0,0,-0.0012540000000000528,0.0,0.0,-0.30134660456343865,-2.025555350476262e-06
0.746,APPROACH,0.0,0.0,0.0,0,-0.001253000000000053,0.0,0.0,-0.30134554090650983,-2.4581247452025168e-06
0.747,APPROACH,0.0,0.0,0.0,0,-0.001252000000000053,0.0,0.0,-0.30134447727368213,-2.884757874269278e-06
0.748,APPROACH,0.0,0.0,0.0,0,-0.001251000000000053,0.0,0.0,-0.30134341366913936,-3.3054153569187164e-06
0.749,APPROACH,0.0,0.0,0.0,0,-0.0012500000000000532,0.0,0.0,-0.3013423500970067,-3.720059999902722e-06
0.75,APPROACH,0.0,0.0,0.0,0,-0.0012490000000000532,0.0,0.0,-0.3013412865613505,-4.128656779347342e-06
0.751,APPROACH,0.0,0.0,0.0,0,-0.0012480000000000533,0.0,0.0,-0.3013402230661776,-4.531172822242746e-06
0.752,APPROACH,0.0,0.0,0.0,0,-0.0012470000000000534,0.0,0.0,-0.3013391596154353,-4.9275773875686965e-06
0.753,APPROACH,0.0,0.0,0.0,0,-0.0012460000000000535,0.0,0.0,-0.301338096213011,-5.3178418470655095e-06
0.754,APPROACH,0.0,0.0,0.0,0,-0.0012450000000000536,0.0,0.0,-0.3013370328627319,-5.701939665660418e-06
0.755,APPROACH,0.0,0.0,0.0,0,-0.0012440000000000537,0.0,0.0,-0.30133596956836467,-6.079846381559274e-06
0.756,APPROACH,0.0,0.0,0.0,0,-0.0012430000000000537,0.0,0.0,-0.3013349063336153,-6.45153958601346e-06
0.757,APPROACH,0.0,0.0,0.0,0,-0.0012420000000000538,0.0,0.0,-0.30133384316212886,-6.816998902771865e-06
0.758,APPROACH,0.0,0.0,0.0,0,-0.001241000000000054,0.0,0.0,-0.3013327800574892,-7.176205967227738e-06
0.759,APPROACH,0.0,0.0,0.0,0,-0.001240000000000054,0.0,0.0,-0.301331717023219,-7.529144405270183e-06
0.76,APPROACH,0.0,0.0,0.0,0,-0.001239000000000054,0.0,0.0,-0.3013306540627793,-7.875799811850059e-06
0.761,APPROACH,0.0,0.0,0.0,0,-0.0012380000000000542,0.0,0.0,-0.3013295911795697,-8.216159729269939e-06
0.762,APPROACH,0.0,0.0,0.0,0,-0.0012370000000000542,0.0,0.0,-0.3013285283769279,-8.550213625207851e-06
0.763,APPROACH,0.0,0.0,0.0,0,-0.0012360000000000543,0.0,0.0,-0.30132746565812996,-8.877952870484292e-06
0.764,APPROACH,0.0,0.0,0.0,0,-0.0012350000000000544,0.0,0.0,-0.3013264030263898,-9.199370716582176e-06
0.765,APPROACH,0.0,0.0,0.0,0,-0.0012340000000000545,0.0,0.0,-0.3013253404848595,-9.514462272929158e-06
0.766,APPROACH,0.0,0.0,0.0,0,-0.0012330000000000546,0.0,0.0,-0.301324278036629,-9.823224483951829e-06
0.767,APPROACH,0.0,0.0,0.0,0,-0.0012320000000000547,0.0,0.0,-0.30132321568472625,-1.0125656105911123e-05
0.768,APPROACH,0.0,0.0,0.0,0,-0.0012310000000000548,0.0,0.0,-0.3013221534321171,-1.0421757683528305e-05
0.769,APPROACH,0.0,0.0,0.0,0,-0.0012300000000000548,0.0,0.0,-0.3013210912817053,-1.071153152641083e-05
0.77,APPROACH,0.0,0.0,0.0,0,-0.001229000000000055,0.0,0.0,-0.3013200292363326,-1.0994981685287278e-05
0.771,APPROACH,0.0,0.0,0.0,0,-0.001228000000000055,0.0,0.0,-0.3013189672987787,-1.127211392806052e-05
0.772,APPROACH,0.0,0.0,0.0,0,-0.001227000000000055,0.0,0.0,-0.30131790547176135,-1.154293571568818e-05
0.773,APPROACH,0.0,0.0,0.0,0,-0.0012260000000000552,0.0,0.0,-0.3013168437579363,-1.1807456177899487e-05
0.774,APPROACH,0.0,0.0,0.0,0,-0.0012250000000000553,0.0,0.0,-0.3013157821598978,-1.2065686088757395e-05
0.775,APPROACH,0.0,0.0,0.0,0,-0.0012240000000000553,0.0,0.0,-0.30131472068017806,-1.231763784207491e-05
0.776,APPROACH,0.0,0.0,0.0,0,-0.0012230000000000554,0.0,0.0,-0.301313659321248,-1.2563325426694401e-05
0.777,APPROACH,0.0,0.0,0.0,0,-0.0012220000000000555,0.0,0.0,-0.30131259808551697,-1.2802764401638689e-05
0.778,APPROACH,0.0,0.0,0.0,0,-0.0012210000000000556,0.0,0.0,-0.3013115369753331,-1.3035971871142494e-05
0.779,APPROACH,0.0,0.0,0.0,0,-0.0012200000000000557,0.0,0.0,-0.30131047599298333,-1.3262966459572911e-05
0.78,APPROACH,0.0,0.0,0.0,0,-0.0012190000000000558,0.0,0.0,-0.3013094151406938,-1.3483768286247412e-05
0.781,APPROACH,0.0,0.0,0.0,0,-0.0012180000000000558,0.0,0.0,-0.3013083544206298,-1.3698398940157776e-05
0.782,APPROACH,0.0,0.0,0.0,0,-0.001217000000000056,0.0,0.0,-0.3013072938348962,-1.3906881454608306e-05
0.783,APPROACH,0.0,0.0,0.0,0,-0.001216000000000056,0.0,0.0,-0.3013062333855375,-1.4109240281776636e-05
0.784,APPROACH,0.0,0.0,0.0,0,-0.001215000000000056,0.0,0.0,-0.30130517307453825,-1.430550126720527e-05
0.785,APPROACH,0.0,0.0,0.0,0,-0.0012140000000000562,0.0,0.0,-0.3013041129038231,-1.4495691624231975e-05
0.786,APPROACH,0.0,0.0,0.0,0,-0.0012130000000000563,0.0,0.0,-0.30130305287525716,-1.467983990836707e-05
0.787,APPROACH,0.0,0.0,0.0,0,-0.0012120000000000563,0.0,0.0,-0.30130199299064636,-1.4857975991625484e-05
0.788,APPROACH,0.0,0.0,0.0,0,-0.0012110000000000564,0.0,0.0,-0.3013009332517376,-1.5030131036821476e-05
0.789,APPROACH,0.0,0.0,0.0,0,-0.0012100000000000565,0.0,0.0,-0.30129987366021926,-1.5196337471833733e-05
0.79,APPROACH,0.0,0.0,0.0,0,-0.0012090000000000566,0.0,0.0,-0.30129881421772126,-1.5356628963848533e-05
0.791,APPROACH,0.0,0.0,0.0,0,-0.0012080000000000567,0.0,0.0,-0.3012977549258155,-1.55110403935885e-05
0.792,APPROACH,0.0,0.0,0.0,0,-0.0012070000000000568,0.0,0.0,-0.30129669578601637,-1.565960782953449e-05
0.793,APPROACH,0.0,0.0,0.0,0,-0.0012060000000000569,0.0,0.0,-0.3012956367997808,-1.5802368502147944e-05
0.794,APPROACH,0.0,0.0,0.0,0,-0.001205000000000057,0.0,0.0,-0.3012945779685088,-1.5939360778100978e-05
0.795,APPROACH,0.0,0.0,0.0,0,-0.001204000000000057,0.0,0.0,-0.3012935192935438,-1.607062413452149e-05
0.796,APPROACH,0.0,0.0,0.0,0,-0.001203000000000057,0.0,0.0,-0.3012924607761732,-1.6196199133260244e-05
0.797,APPROACH,0.0,0.0,0.0,0,-0.0012020000000000572,0.0,0.0,-0.3012914024176285,-1.63161273951871e-05
0.798,APPROACH,0.0,0.0,0.0,0,-0.0012010000000000573,0.0,0.0,-0.3012903442190857,-1.6430451574523123e-05
0.799,APPROACH,0.0,0.0,0.0,0,-0.0012000000000000574,0.0,0.0,-0.30128928618166606,-1.6539215333215497e-05
0.8,APPROACH,0.0,0.0,0.0,0,-0.0011990000000000574,0.0,0.0,-0.3012882283064362,-1.6642463315361873e-05
0.801,APPROACH,0.0,0.0,0.0,0,-0.0011980000000000575,0.0,0.0,-0.3012871705944087,-1.6740241121690813e-05
0.802,APPROACH,0.0,0.0,0.0,0,-0.0011970000000000576,0.0,0.0,-0.30128611304654246,-1.6832595284104776e-05
0.803,APPROACH,0.0,0.0,0.0,0,-0.0011960000000000577,0.0,0.0,-0.3012850556637432,-1.6919573240292116e-05
0.804,APPROACH,0.0,0.0,0.0,0,-0.0011950000000000578,0.0,0.0,-0.30128399844686393,-1.7001223308414287e-05
0.805,APPROACH,0.0,0.0,0.0,0,-0.0011940000000000579,0.0,0.0,-0.3012829413967054,-1.70775946618746e-05
0.806,APPROACH,0.0,0.0,0.0,0,-0.001193000000000058,0.0,0.0,-0.3012818845140166,-1.7148737304174473e-05
0.807,APPROACH,0.0,0.0,0.0,0,-0.001192000000000058,0.0,0.0,-0.3012808277994952,-1.7214702043863288e-05
0.808,APPROACH,0.0,0.0,0.0,0,-0.0011910000000000581,0.0,0.0,-0.30127977125378824,-1.7275540469587673e-05
0.809,APPROACH,0.0,0.0,0.0,0,-0.0011900000000000582,0.0,0.0,-0.30127871487749225,-1.733130492524604e-05
0.81,APPROACH,0.0,0.0,0.0,0,-0.0011890000000000583,0.0,0.0,-0.30127765867115425,-1.7382048485254003e-05
0.811,APPROACH,0.0,0.0,0.0,0,-0.0011880000000000584,0.0,0.0,-0.30127660263527184,-1.7427824929926314e-05
0.812,APPROACH,0.0,0.0,0.0,0,-0.0011870000000000585,0.0,0.0,-0.301275546770294,-1.7468688720980745e-05
0.8130000000000001,APPROACH,0.0,0.0,0.0,0,-0.0011860000000000585,0.0,0.0,-0.3012744910766215,-1.750469497716934e-05
0.8140000000000001,APPROACH,0.0,0.0,0.0,0,-0.0011850000000000586,0.0,0.0,-0.3012734355546075,-1.753589945004218e-05
0.8150000000000001,APPROACH,0.0,0.0,0.0,0,-0.0011840000000000587,0.0,0.0,-0.30127238020455804,-1.7562358499848974e-05
0.8160000000000001,APPROACH,0.0,0.0,0.0,0,-0.0011830000000000588,0.0,0.0,-0.3012713250267327,-1.7584129071583397e-05
0.8170000000000001,APPROACH,0.0,0.0,0.0,0,-0.0011820000000000589,0.0,0.0,-0.30127027002134493,-1.7601268671175212e-05
0.8180000000000001,APPROACH,0.0,0.0,0.0,0,-0.001181000000000059,0.0,0.0,-0.3012692151885629,-1.7613835341834928e-05
0.8190000000000001,APPROACH,0.0,0.0,0.0,0,-0.001180000000000059,0.0,0.0,-0.30126816052850997,-1.7621887640555808e-05
0.8200000000000001,APPROACH,0.0,0.0,0.0,0,-0.0011790000000000591,0.0,0.0,-0.30126710604126505,-1.762548461477781e-05
0.8210000000000001,APPROACH,0.0,0.0,0.0,0,-0.0011780000000000592,0.0,0.0,-0.3012660517268635,-1.7624685779217995e-05
0.8220000000000001,APPROACH,0.0,0.0,0.0,0,-0.0011770000000000593,0.0,0.0,-0.3012649975852975,-1.761955109287182e-05
0.8230000000000001,APPROACH,0.0,0.0,0.0,0,-0.0011760000000000594,0.0,0.0,-0.3012639436165168,-1.7610140936189608e-05
0.8240000000000001,APPROACH,0.0,0.0,0.0,0,-0.0011750000000000595,0.0,0.0,-0.3012628898204292,-1.7596516088432463e-05
0.8250000000000001,APPROACH,0.0,0.0,0.0,0,-0.0011740000000000595,0.0,0.0,-0.30126183619690106,-1.7578737705211632e-05
0.8260000000000001,APPROACH,0.0,0.0,0.0,0,-0.0011730000000000596,0.0,0.0,-0.30126078274575807,-1.7556867296215415e-05
0.8270000000000001,APPROACH,0.0,0.0,0.0,0,-0.0011720000000000597,0.0,0.0,-0.30125972946678586,-1.753096670312741e-05
0.8280000000000001,APPROACH,0.0,0.0,0.0,0,-0.0011710000000000598,0.0,0.0,-0.30125867635973047,-1.750109807773995e-05
0.8290000000000001,APPROACH,0.0,0.0,0.0,0,-0.0011700000000000599,0.0,0.0,-0.30125762342429907,-1.746732386026646e-05
0.8300000000000001,APPROACH,0.0,0.0,0.0,0,-0.00116900000000006,0.0,0.0,-0.3012565706601604,-1.7429706757856106e-05
0.8310000000000001,APPROACH,0.0,0.0,0.0,0,-0.00116800000000006,0.0,0.0,-0.3012555180669457,-1.7388309723314494e-05
0.8320000000000001,APPROACH,0.0,0.0,0.0,0,-0.0011670000000000601,0.0,0.0,-0.30125446564424907,-1.734319593403355e-05
0.833,APPROACH,0.0,0.0,0.0,0,-0.0011660000000000602,0.0,0.0,-0.3012534133916281,-1.729442877113398e-05
0.834,APPROACH,0.0,0.0,0.0,0,-0.0011650000000000603,0.0,0.0,-0.3012523613086046,-1.7242071798823406e-05
0.835,APPROACH,0.0,0.0,0.0,0,-0.0011640000000000604,0.0,0.0,-0.3012513093946652,-1.718618874397332e-05
0.836,APPROACH,0.0,0.0,0.0,0,-0.0011630000000000605,0.0,0.0,-0.3012502576492619,-1.7126843475917724e-05
0.837,APPROACH,0.0,0.0,0.0,0,-0.0011620000000000606,0.0,0.0,-0.30124920607181277,-1.7064099986476365e-05
0.838,APPROACH,0.0,0.0,0.0,0,-0.0011610000000000606,0.0,0.0,-0.30124815466170257,-1.699802237020532e-05
0.839,APPROACH,0.0,0.0,0.0,0,-0.0011600000000000607,0.0,0.0,-0.30124710341828337,-1.692867480487757e-05
0.84,APPROACH,0.0,0.0,0.0,0,-0.0011590000000000608,0.0,0.0,-0.30124605234087515,-1.685612153219616e-05
0.841,APPROACH,0.0,0.0,0.0,0,-0.0011580000000000609,0.0,0.0,-0.3012450014287664,-1.678042683874235e-05
0.842,APPROACH,0.0,0.0,0.0,0,-0.001157000000000061,0.0,0.0,-0.301243950681215,-1.6701655037161107e-05
0.843,APPROACH,0.0,0.0,0.0,0,-0.001156000000000061,0.0,0.0,-0.3012429000974484,-1.6619870447586322e-05
0.844,APPROACH,0.0,0.0,0.0,0,-0.0011550000000000611,0.0,0.0,-0.3012418496766647,-1.6535137379307725e-05
0.845,APPROACH,0.0,0.0,0.0,0,-0.0011540000000000612,0.0,0.0,-0.3012407994180329,-1.6447520112681755e-05
0.846,APPROACH,0.0,0.0,0.0,0,-0.0011530000000000613,0.0,0.0,-0.30123974932069386,-1.6357082881288166e-05
0.847,APPROACH,0.0,0.0,0.0,0,-0.0011520000000000614,0.0,0.0,-0.30123869938376074,-1.6263889854334437e-05
0.848,APPROACH,0.0,0.0,0.0,0,-0.0011510000000000615,0.0,0.0,-0.3012376496063197,-1.6168005119309617e-05
0.849,APPROACH,0.0,0.0,0.0,0,-0.0011500000000000616,0.0,0.0,-0.3012365999874305,-1.6069492664889314e-05
0.85,APPROACH,0.0,0.0,0.0,0,-0.0011490000000000616,0.0,0.0,-0.3012355505261271,-1.5968416364093543e-05
0.851,APPROACH,0.0,0.0,0.0,0,-0.0011480000000000617,0.0,0.0,-0.3012345012214183,-1.586483995769872e-05
0.852,APPROACH,0.0,0.0,0.0,0,-0.0011470000000000618,0.0,0.0,-0.30123345207228847,-1.5758827037905435e-05
0.853,APPROACH,0.0,0.0,0.0,0,-0.001146000000000062,0.0,0.0,-0.301232403077698,-1.5650441032263096e-05
0.854,APPROACH,0.0,0.0,0.0,0,-0.001145000000000062,0.0,0.0,-0.30123135423658404,-1.5539745187852903e-05
0.855,APPROACH,0.0,0.0,0.0,0,-0.001144000000000062,0.0,0.0,-0.3012303055478611,-1.5426802555730068e-05
0.856,APPROACH,0.0,0.0,0.0,0,-0.0011430000000000622,0.0,0.0,-0.30122925701042164,-1.531167597562649e-05
0.857,APPROACH,0.0,0.0,0.0,0,-0.0011420000000000622,0.0,0.0,-0.3012282086231367,-1.5194428060914742e-05
0.858,APPROACH,0.0,0.0,0.0,0,-0.0011410000000000623,0.0,0.0,-0.30122716038485653,-1.5075121183834298e-05
0.859,APPROACH,0.0,0.0,0.0,0,-0.0011400000000000624,0.0,0.0,-0.30122611229441115,-1.495381746098075e-05
0.86,APPROACH,0.0,0.0,0.0,0,-0.0011390000000000625,0.0,0.0,-0.301225064350611,-1.4830578739058759e-05
0.861,APPROACH,0.0,0.0,0.0,0,-0.0011380000000000626,0.0,0.0,-0.3012240165522477,-1.4705466580899316e-05
0.862,APPROACH,0.0,0.0,0.0,0,-0.0011370000000000627,0.0,0.0,-0.3012229688980942,-1.4578542251741867e-05
0.863,APPROACH,0.0,0.0,0.0,0,-0.0011360000000000627,0.0,0.0,-0.30122192138690596,-1.4449866705781725e-05
0.864,APPROACH,0.0,0.0,0.0,0,-0.0011350000000000628,0.0,0.0,-0.30122087401742115,-1.4319500572983173e-05
0.865,APPROACH,0.0,0.0,0.0,0,-0.001134000000000063,0.0,0.0,-0.30121982678836134,-1.418750414615852e-05
0.866,APPROACH,0.0,0.0,0.0,0,-0.001133000000000063,0.0,0.0,-0.30121877969843214,-1.4053937368313321e-05
0.867,APPROACH,0.0,0.0,0.0,0,-0.001132000000000063,0.0,0.0,-0.30121773274632374,-1.3918859820257908e-05
0.868,APPROACH,0.0,0.0,0.0,0,-0.0011310000000000632,0.0,0.0,-0.30121668593071155,-1.3782330708485261e-05
0.869,APPROACH,0.0,0.0,0.0,0,-0.0011300000000000632,0.0,0.0,-0.3012156392502567,-1.364440885331518e-05
0.87,APPROACH,0.0,0.0,0.0,0,-0.0011290000000000633,0.0,0.0,-0.3012145927036067,-1.3505152677304739e-05
0.871,APPROACH,0.0,0.0,0.0,0,-0.0011280000000000634,0.0,0.0,-0.30121354628939595,-1.3364620193924714e-05
0.872,APPROACH,0.0,0.0,0.0,0,-0.0011270000000000635,0.0,0.0,-0.3012125000062464,-1.322286899650184e-05
0.873,APPROACH,0.0,0.0,0.0,0,-0.0011260000000000636,0.0,0.0,-0.30121145385276793,-1.3079956247426552e-05
0.874,APPROACH,0.0,0.0,0.0,0,-0.0011250000000000637,0.0,0.0,-0.3012104078275591,-1.2935938667625773e-05
0.875,APPROACH,0.0,0.0,0.0,0,-0.0011240000000000638,0.0,0.0,-0.30120936192920766,-1.2790872526300317e-05
0.876,APPROACH,0.0,0.0,0.0,0,-0.0011230000000000638,0.0,0.0,-0.301208316156291,-1.2644813630926403e-05
0.877,APPROACH,0.0,0.0,0.0,0,-0.001122000000000064,0.0,0.0,-0.30120727050737683,-1.2497817317520606e-05
0.878,APPROACH,0.0,0.0,0.0,0,-0.001121000000000064,0.0,0.0,-0.3012062249810237,-1.2349938441167616e-05
0.879,APPROACH,0.0,0.0,0.0,0,-0.001120000000000064,0.0,0.0,-0.30120517957578136,-1.2201231366810078e-05
0.88,APPROACH,0.0,0.0,0.0,0,-0.0011190000000000642,0.0,0.0,-0.3012041342901916,-1.2051749960299666e-05
0.881,APPROACH,0.0,0.0,0.0,0,-0.0011180000000000643,0.0,0.0,-0.3012030891227886,-1.1901547579708581e-05
0.882,APPROACH,0.0,0.0,0.0,0,-0.0011170000000000643,0.0,0.0,-0.30120204407209933,-1.1750677066900495e-05
0.883,APPROACH,0.0,0.0,0.0,0,-0.0011160000000000644,0.0,0.0,-0.30120099913664433,-1.159919073935996e-05
0.884,APPROACH,0.0,0.0,0.0,0,-0.0011150000000000645,0.0,0.0,-0.3011999543149381,-1.1447140382279286e-05
0.885,APPROACH,0.0,0.0,0.0,0,-0.0011140000000000646,0.0,0.0,-0.30119890960548956,-1.129457724090162e-05
0.886,APPROACH,0.0,0.0,0.0,0,-0.0011130000000000647,0.0,0.0,-0.3011978650068026,-1.1141552013119277e-05
0.887,APPROACH,0.0,0.0,0.0,0,-0.0011120000000000648,0.0,0.0,-0.3011968205173766,-1.0988114842325869e-05
0.888,APPROACH,0.0,0.0,0.0,0,-0.0011110000000000648,0.0,0.0,-0.3011957761357069,-1.0834315310521137e-05
0.889,APPROACH,0.0,0.0,0.0,0,-0.001110000000000065,0.0,0.0,-0.3011947318602853,-1.0680202431666987e-05
0.89,APPROACH,0.0,0.0,0.0,0,-0.001109000000000065,0.0,0.0,-0.3011936876896005,-1.0525824645293442e-05
0.891,APPROACH,0.0,0.0,0.0,0,-0.001108000000000065,0.0,0.0,-0.30119264362213855,-1.0371229810353005e-05
0.892,APPROACH,0.0,0.0,0.0,0,-0.0011070000000000652,0.0,0.0,-0.30119159965638354,-1.0216465199321945e-05
0.893,APPROACH,0.0,0.0,0.0,0,-0.0011060000000000653,0.0,0.0,-0.3011905557908177,-1.0061577492546946e-05
0.894,APPROACH,0.0,0.0,0.0,0,-0.0011050000000000653,0.0,0.0,-0.3011895120239222,-9.906612772835535e-06
0.895,APPROACH,0.0,0.0,0.0,0,-0.0011040000000000654,0.0,0.0,-0.30118846835417734,-9.751616520288616e-06
0.896,APPROACH,0.0,0.0,0.0,0,-0.0011030000000000655,0.0,0.0,-0.30118742478006316,-9.596633607373434e-06
0.897,APPROACH,0.0,0.0,0.0,0,-0.0011020000000000656,0.0,0.0,-0.30118638130005987,-9.441708294235173e-06
0.898,APPROACH,0.0,0.0,0.0,0,-0.0011010000000000657,0.0,0.0,-0.3011853379126482,-9.286884224245456e-06
0.899,APPROACH,0.0,0.0,0.0,0,-0.0011000000000000658,0.0,0.0,-0.30118429461630986,-9.132204419785862e-06
0.9,APPROACH,0.0,0.0,0.0,0,-0.0010990000000000659,0.0,0.0,-0.301183251409528,-8.977711278264608e-06
0.901,APPROACH,0.0,0.0,0.0,0,-0.001098000000000066,0.0,0.0,-0.3011822082907876,-8.823446568364476e-06
0.902,APPROACH,0.0,0.0,0.0,0,-0.001097000000000066,0.0,0.0,-0.3011811652585759,-8.669451426519985e-06
0.903,APPROACH,0.0,0.0,0.0,0,-0.001096000000000066,0.0,0.0,-0.30118012231138275,-8.515766353621848e-06
0.904,APPROACH,0.0,0.0,0.0,0,-0.0010950000000000662,0.0,0.0,-0.301179079447701,-8.362431211946652e-06
0.905,APPROACH,0.0,0.0,0.0,0,-0.0010940000000000663,0.0,0.0,-0.301178036666027,-8.209485222309657e-06
0.906,APPROACH,0.0,0.0,0.0,0,-0.0010930000000000664,0.0,0.0,-0.30117699396486086,-8.056966961438665e-06
0.907,APPROACH,0.0,0.0,0.0,0,-0.0010920000000000664,0.0,0.0,-0.30117595134270697,-7.90491435956669e-06
0.908,APPROACH,0.0,0.0,0.0,0,-0.0010910000000000665,0.0,0.0,-0.30117490879807424,-7.753364698241396e-06
0.909,APPROACH,0.0,0.0,0.0,0,-0.0010900000000000666,0.0,0.0,-0.30117386632947646,-7.602354608348931e-06
0.91,APPROACH,0.0,0.0,0.0,0,-0.0010890000000000667,0.0,0.0,-0.3011728239354328,-7.451920068349997e-06
0.911,APPROACH,0.0,0.0,0.0,0,-0.0010880000000000668,0.0,0.0,-0.30117178161446806,-7.302096402725838e-06
0.912,APPROACH,0.0,0.0,0.0,0,-0.0010870000000000669,0.0,0.0,-0.3011707393651129,-7.15291828063183e-06
0.913,APPROACH,0.0,0.0,0.0,0,-0.001086000000000067,0.0,0.0,-0.3011696971859045,-7.004419714756339e-06
0.914,APPROACH,0.0,0.0,0.0,0,-0.001085000000000067,0.0,0.0,-0.30116865507538654,-6.8566340603824735e-06
0.915,APPROACH,0.0,0.0,0.0,0,-0.0010840000000000671,0.0,0.0,-0.3011676130321098,-6.70959401465031e-06
0.916,APPROACH,0.0,0.0,0.0,0,-0.0010830000000000672,0.0,0.0,-0.30116657105463235,-6.563331616017199e-06
0.917,APPROACH,0.0,0.0,0.0,0,-0.0010820000000000673,0.0,0.0,-0.30116552914151984,-6.417878243913663e-06
0.918,APPROACH,0.0,0.0,0.0,0,-0.0010810000000000674,0.0,0.0,-0.30116448729134593,-6.273264618592452e-06
0.919,APPROACH,0.0,0.0,0.0,0,-0.0010800000000000675,0.0,0.0,-0.3011634455026924,-6.129520801168213e-06
0.92,APPROACH,0.0,0.0,0.0,0,-0.0010790000000000675,0.0,0.0,-0.3011624037741497,-5.9866761938452924e-06
0.921,APPROACH,0.0,0.0,0.0,0,-0.0010780000000000676,0.0,0.0,-0.301161362104317,-5.844759540331101e-06
0.922,APPROACH,0.0,0.0,0.0,0,-0.0010770000000000677,0.0,0.0,-0.3011603204918026,-5.703798926432491e-06
0.923,APPROACH,0.0,0.0,0.0,0,-0.0010760000000000678,0.0,0.0,-0.30115927893522415,-5.563821780832589e-06
0.924,APPROACH,0.0,0.0,0.0,0,-0.0010750000000000679,0.0,0.0,-0.30115823743320896,-5.424854876045437e-06
0.925,APPROACH,0.0,0.0,0.0,0,-0.001074000000000068,0.0,0.0,-0.3011571959843943,-5.28692432954587e-06
0.926,APPROACH,0.0,0.0,0.0,0,-0.001073000000000068,0.0,0.0,-0.3011561545874275,-5.15005560507195e-06
0.927,APPROACH,0.0,0.0,0.0,0,-0.0010720000000000681,0.0,0.0,-0.3011551132409664,-5.0142735140973705e-06
0.928,APPROACH,0.0,0.0,0.0,0,-0.0010710000000000682,0.0,0.0,-0.30115407194367944,-4.879602217471123e-06
0.929,APPROACH,0.0,0.0,0.0,0,-0.0010700000000000683,0.0,0.0,-0.3011530306942459,-4.746065227221782e-06
0.93,APPROACH,0.0,0.0,0.0,0,-0.0010690000000000684,0.0,0.0,-0.3011519894913564,-4.613685408523693e-06
0.931,APPROACH,0.0,0.0,0.0,0,-0.0010680000000000685,0.0,0.0,-0.30115094833371264,-4.482484981822391e-06
0.932,APPROACH,0.0,0.0,0.0,0,-0.0010670000000000685,0.0,0.0,-0.301149907220028,-4.352485525116523e-06
0.933,APPROACH,0.0,0.0,0.0,0,-0.0010660000000000686,0.0,0.0,-0.30114886614902764,-4.223707976393577e-06
0.934,APPROACH,0.0,0.0,0.0,0,-0.0010650000000000687,0.0,0.0,-0.30114782511944876,-4.0961726362166694e-06
0.935,APPROACH,0.0,0.0,0.0,0,-0.0010640000000000688,0.0,0.0,-0.30114678413004065,-3.9698991704596755e-06
0.936,APPROACH,0.0,0.0,0.0,0,-0.0010630000000000689,0.0,0.0,-0.301145743179565,-3.844906613187946e-06
0.937,APPROACH,0.0,0.0,0.0,0,-0.001062000000000069,0.0,0.0,-0.301144702266796,-3.7212133696818875e-06
0.9380000000000001,APPROACH,0.0,0.0,0.0,0,-0.001061000000000069,0.0,0.0,-0.3011436613905208,-3.5988372196006245e-06
0.9390000000000001,APPROACH,0.0,0.0,0.0,0,-0.0010600000000000691,0.0,0.0,-0.30114262054953916,-3.4777953202830127e-06
0.9400000000000001,APPROACH,0.0,0.0,0.0,0,-0.0010590000000000692,0.0,0.0,-0.30114157974266414,-3.3581042101832385e-06
0.9410000000000001,APPROACH,0.0,0.0,0.0,0,-0.0010580000000000693,0.0,0.0,-0.301140538968722,-3.2397798124382094e-06
0.9420000000000001,APPROACH,0.0,0.0,0.0,0,-0.0010570000000000694,0.0,0.0,-0.3011394982265524,-3.122837438564038e-06
0.9430000000000001,APPROACH,0.0,0.0,0.0,0,-0.0010560000000000695,0.0,0.0,-0.3011384575150085,-3.007291792278804e-06
0.9440000000000001,APPROACH,0.0,0.0,0.0,0,-0.0010550000000000696,0.0,0.0,-0.30113741683295725,-2.893156973448861e-06
0.9450000000000001,APPROACH,0.0,0.0,0.0,0,-0.0010540000000000696,0.0,0.0,-0.3011363761792793,-2.7804464821558887e-06
0.9460000000000001,APPROACH,0.0,0.0,0.0,0,-0.0010530000000000697,0.0,0.0,-0.3011353355528694,-2.6691732228819594e-06
0.9470000000000001,APPROACH,0.0,0.0,0.0,0,-0.0010520000000000698,0.0,0.0,-0.3011342949526364,-2.5593495088098497e-06
0.9480000000000001,APPROACH,0.0,0.0,0.0,0,-0.0010510000000000699,0.0,0.0,-0.30113325437750316,-2.45098706623585e-06
0.9490000000000001,APPROACH,0.0,0.0,0.0,0,-0.00105000000000007,0.0,0.0,-0.3011322138264071,-2.344097039092306e-06
0.9500000000000001,APPROACH,0.0,0.0,0.0,0,-0.00104900000000007,0.0,0.0,-0.30113117329829997,-2.2386899935771435e-06
0.9510000000000001,APPROACH,0.0,0.0,0.0,0,-0.0010480000000000701,0.0,0.0,-0.3011301327921481,-2.1347759228876507e-06
0.9520000000000001,APPROACH,0.0,0.0,0.0,0,-0.0010470000000000702,0.0,0.0,-0.3011290923069325,-2.03236425205576e-06
0.9530000000000001,APPROACH,0.0,0.0,0.0,0,-0.0010460000000000703,0.0,0.0,-0.3011280518416488,-1.9314638428821213e-06
0.9540000000000001,APPROACH,0.0,0.0,0.0,0,-0.0010450000000000704,0.0,0.0,-0.30112701139530756,-1.8320829989662276e-06
0.9550000000000001,APPROACH,0.0,0.0,0.0,0,-0.0010440000000000705,0.0,0.0,-0.30112597096693416,-1.7342294708298793e-06
0.9560000000000001,APPROACH,0.0,0.0,0.0,0,-0.0010430000000000706,0.0,0.0,-0.301124930555569,-1.637910461131307e-06
0.9570000000000001,APPROACH,0.0,0.0,0.0,0,-0.0010420000000000706,0.0,0.0,-0.30112389016026747,-1.5431326299672176e-06
0.9580000000000001,APPROACH,0.0,0.0,0.0,0,-0.0010410000000000707,0.0,0.0,-0.3011228497801002,-1.4499021002601065e-06
0.9590000000000001,APPROACH,0.0,0.0,0.0,0,-0.0010400000000000708,0.0,0.0,-0.30112180941415284,-1.3582244632281404e-06
0.96,APPROACH,0.0,0.0,0.0,0,-0.001039000000000071,0.0,0.0,-0.3011207690615264,-1.2681047839349711e-06
0.961,APPROACH,0.0,0.0,0.0,0,-0.001038000000000071,0.0,0.0,-0.30111972872133713,-1.1795476069168132e-06
0.962,APPROACH,0.0,0.0,0.0,0,-0.001037000000000071,0.0,0.0,-0.30111868839271655,-1.0925569618841556e-06
0.963,APPROACH,0.0,0.0,0.0,0,-0.0010360000000000712,0.0,0.0,-0.30111764807481156,-1.007136369495464e-06
0.964,APPROACH,0.0,0.0,0.0,0,-0.0010350000000000712,0.0,0.0,-0.3011166077667845,-9.232888472002715e-07
0.965,APPROACH,0.0,0.0,0.0,0,-0.0010340000000000713,0.0,0.0,-0.3011155674678131,-8.410169151490732e-07
0.966,APPROACH,0.0,0.0,0.0,0,-0.0010330000000000714,0.0,0.0,-0.30111452717709053,-7.603226021674232e-07
0.967,APPROACH,0.0,0.0,0.0,0,-0.0010320000000000715,0.0,0.0,-0.3011134868938255,-6.812074517916754e-07
0.968,APPROACH,0.0,0.0,0.0,0,-0.0010310000000000716,0.0,0.0,-0.3011124466172421,-6.036725283638153e-07
0.969,APPROACH,0.0,0.0,0.0,0,-0.0010300000000000717,0.0,0.0,-0.30111140634658,-5.27718423182857e-07
0.97,APPROACH,0.0,0.0,0.0,0,-0.0010290000000000717,0.0,0.0,-0.30111036608109437,-4.533452607102676e-07
0.971,APPROACH,0.0,0.0,0.0,0,-0.0010280000000000718,0.0,0.0,-0.30110932582005584,-3.805527048269364e-07
0.972,APPROACH,0.0,0.0,0.0,0,-0.001027000000000072,0.0,0.0,-0.30110828556275054,-3.093399651391952e-07
0.973,APPROACH,0.0,0.0,0.0,0,-0.001026000000000072,0.0,0.0,-0.3011072453084801,-2.397058033314374e-07
0.974,APPROACH,0.0,0.0,0.0,0,-0.001025000000000072,0.0,0.0,-0.30110620505656166,-1.7164853956288648e-07
0.975,APPROACH,0.0,0.0,0.0,0,-0.0010240000000000722,0.0,0.0,-0.3011051648063278,-1.0516605890608562e-07
0.976,APPROACH,0.0,0.0,0.0,0,-0.0010230000000000722,0.0,0.0,-0.3011041245571266,-4.0255817824704435e-08
0.977,APPROACH,0.0,0.0,0.0,0,-0.0010220000000000723,0.0,0.0,-0.3011030843083214,2.308514931171223e-08
0.978,APPROACH,0.0,0.0,0.0,0,-0.0010210000000000724,0.0,0.0,-0.3011020440592911,8.486022367842687e-08
0.979,APPROACH,0.0,0.0,0.0,0,-0.0010200000000000725,0.0,0.0,-0.3011010038094299,1.4507319541396502e-07
0.98,APPROACH,0.0,0.0,0.0,0,-0.0010190000000000726,0.0,0.0,-0.3010999635581473,2.0372825700867578e-07
0.981,APPROACH,0.0,0.0,0.0,0,-0.0010180000000000727,0.0,0.0,-0.30109892330486804,2.6082999666567544e-07
0.982,APPROACH,0.0,0.0,0.0,0,-0.0010170000000000728,0.0,0.0,-0.3010978830490322,3.163833916364601e-07
0.983,APPROACH,0.0,0.0,0.0,0,-0.0010160000000000728,0.0,0.0,-0.3010968427900949,3.7039380153345134e-07
0.984,APPROACH,0.0,0.0,0.0,0,-0.001015000000000073,0.0,0.0,-0.3010958025275266,4.2286696162168435e-07
0.985,APPROACH,0.0,0.0,0.0,0,-0.001014000000000073,0.0,0.0,-0.3010947622608126,4.7380897609186747e-07
0.986,APPROACH,0.0,0.0,0.0,0,-0.001013000000000073,0.0,0.0,-0.3010937219894534,5.23226311316992e-07
0.987,APPROACH,0.0,0.0,0.0,0,-0.0010120000000000732,0.0,0.0,-0.3010926817129643,5.71125789094649e-07
0.988,APPROACH,0.0,0.0,0.0,0,-0.0010110000000000733,0.0,0.0,-0.3010916414308757,6.17514579877188e-07
0.989,APPROACH,0.0,0.0,0.0,0,-0.0010100000000000733,0.0,0.0,-0.3010906011427325,6.624001959918302e-07
0.99,APPROACH,0.0,0.0,0.0,0,-0.0010090000000000734,0.0,0.0,-0.30108956084809463,7.057904848528227e-07
0.991,APPROACH,0.0,0.0,0.0,0,-0.0010080000000000735,0.0,0.0,-0.3010885205465365,7.476936221676988e-07
0.992,APPROACH,0.0,0.0,0.0,0,-0.0010070000000000736,0.0,0.0,-0.30108748023764725,7.881181051396707e-07
0.993,APPROACH,0.0,0.0,0.0,0,-0.0010060000000000737,0.0,0.0,-0.3010864399210304,8.270727456681716e-07
0.994,APPROACH,0.0,0.0,0.0,0,-0.0010050000000000738,0.0,0.0,-0.3010853995963039,8.64566663549539e-07
0.995,APPROACH,0.0,0.0,0.0,0,-0.0010040000000000738,0.0,0.0,-0.3010843592631001,9.006092796797718e-07
0.996,APPROACH,0.0,0.0,0.0,0,-0.001003000000000074,0.0,0.0,-0.30108331892106555,9.352103092613204e-07
0.997,APPROACH,0.0,0.0,0.0,0,-0.001002000000000074,0.0,0.0,-0.30108227856986086,9.68379755015789e-07
0.998,APPROACH,0.0,0.0,0.0,0,-0.001001000000000074,0.0,0.0,-0.3010812382091608,1.000127900404458e-06
0.999,APPROACH,0.0,0.0,0.0,0,-0.0010000000000000742,0.0,0.0,-0.3010801978386539,1.0304653028584504e-06
1.0,APPROACH,0.0,0.0,0.0,0,-0.0009990000000000743,0.0,0.0,-0.3010791574580428,1.0594027870203642e-06
1.0010000000000001,APPROACH,0.0,0.0,0.0,0,-0.0009980000000000743,0.0,0.0,-0.3010781170670436,1.0869514379991993e-06
1.002,APPROACH,0.0,0.0,0.0,0,-0.0009970000000000744,0.0,0.0,-0.30107707666538625,1.113122594640321e-06
1.0030000000000001,APPROACH,0.0,0.0,0.0,0,-0.0009960000000000745,0.0,0.0,-0.301076036252814,1.1379278428121984e-06
1.004,APPROACH,0.0,0.0,0.0,0,-0.0009950000000000746,0.0,0.0,-0.30107499582908354,1.1613790087116518e-06
1.0050000000000001,APPROACH,0.0,0.0,0.0,0,-0.0009940000000000747,0.0,0.0,-0.301073955393965,1.183488152189264e-06
1.006,APPROACH,0.0,0.0,0.0,0,-0.0009930000000000748,0.0,0.0,-0.3010729149472414,1.204267560096659e-06
1.0070000000000001,APPROACH,0.0,0.0,0.0,0,-0.0009920000000000749,0.0,0.0,-0.30107187448870915,1.223729739657229e-06
1.008,APPROACH,0.0,0.0,0.0,0,-0.000991000000000075,0.0,0.0,-0.30107083401817725,1.2418874118619218e-06
1.0090000000000001,APPROACH,0.0,0.0,0.0,0,-0.000990000000000075,0.0,0.0,-0.30106979353546764,1.2587535048916943e-06
1.01,APPROACH,0.0,0.0,0.0,0,-0.000989000000000075,0.0,0.0,-0.3010687530404149,1.2743411475681352e-06
1.0110000000000001,APPROACH,0.0,0.0,0.0,0,-0.0009880000000000752,0.0,0.0,-0.3010677125328662,1.2886636628337914e-06
1.012,APPROACH,0.0,0.0,0.0,0,-0.0009870000000000753,0.0,0.0,-0.301066672012681,1.3017345612636884e-06
1.0130000000000001,APPROACH,0.0,0.0,0.0,0,-0.0009860000000000754,0.0,0.0,-0.3010656314797312,1.313567534609491e-06
1.014,APPROACH,0.0,0.0,0.0,0,-0.0009850000000000754,0.0,0.0,-0.3010645909339007,1.3241764493777366e-06
1.0150000000000001,APPROACH,0.0,0.0,0.0,0,-0.0009840000000000755,0.0,0.0,-0.3010635503750854,1.3335753404435619e-06
1.016,APPROACH,0.0,0.0,0.0,0,-0.0009830000000000756,0.0,0.0,-0.3010625098031932,1.3417784047012518e-06
1.0170000000000001,APPROACH,0.0,0.0,0.0,0,-0.0009820000000000757,0.0,0.0,-0.30106146921814364,1.3487999947529997e-06
1.018,APPROACH,0.0,0.0,0.0,0,-0.0009810000000000758,0.0,0.0,-0.3010604286198678,1.354654612637168e-06
1.0190000000000001,APPROACH,0.0,0.0,0.0,0,-0.0009800000000000759,0.0,0.0,-0.3010593880083083,1.3593569035973434e-06
1.02,APPROACH,0.0,0.0,0.0,0,-0.000979000000000076,0.0,0.0,-0.30105834738341897,1.3629216498934397e-06
1.0210000000000001,APPROACH,0.0,0.0,0.0,0,-0.000978000000000076,0.0,0.0,-0.3010573067451649,1.365363764656081e-06
1.022,APPROACH,0.0,0.0,0.0,0,-0.0009770000000000761,0.0,0.0,-0.30105626609352204,1.3666982857854598e-06
1.0230000000000001,APPROACH,0.0,0.0,0.0,0,-0.0009760000000000761,0.0,0.0,-0.30105522542847735,1.3669403698958362e-06
1.024,APPROACH,0.0,0.0,0.0,0,-0.0009750000000000761,0.0,0.0,-0.30105418475002843,1.3661052863068363e-06
1.025,APPROACH,0.0,0.0,0.0,0,-0.000974000000000076,0.0,0.0,-0.3010531440581835,1.3642084110826564e-06
1.026,APPROACH,0.0,0.0,0.0,0,-0.000973000000000076,0.0,0.0,-0.3010521033529611,1.3612652211202515e-06
1.027,APPROACH,0.0,0.0,0.0,0,-0.000972000000000076,0.0,0.0,-0.30105106263439013,1.3572912882875686e-06
1.028,APPROACH,0.0,0.0,0.0,0,-0.000971000000000076,0.0,0.0,-0.30105002190250946,1.3523022736128485e-06
1.029,APPROACH,0.0,0.0,0.0,0,-0.0009700000000000759,0.0,0.0,-0.30104898115736806,1.3463139215260078e-06
1.03,APPROACH,0.0,0.0,0.0,0,-0.0009690000000000759,0.0,0.0,-0.3010479403990246,1.3393420541530734e-06
1.031,APPROACH,0.0,0.0,0.0,0,-0.0009680000000000759,0.0,0.0,-0.3010468996275475,1.3314025656645865e-06
1.032,APPROACH,0.0,0.0,0.0,0,-0.0009670000000000759,0.0,0.0,-0.30104585884301455,1.3225114166789248e-06
1.033,APPROACH,0.0,0.0,0.0,0,-0.0009660000000000758,0.0,0.0,-0.301044818045513,1.3126846287214034e-06
1.034,APPROACH,0.0,0.0,0.0,0,-0.0009650000000000758,0.0,0.0,-0.30104377723513914,1.301938278740036e-06
1.035,APPROACH,0.0,0.0,0.0,0,-0.0009640000000000758,0.0,0.0,-0.30104273641199836,1.2902884936787756e-06
1.036,APPROACH,0.0,0.0,0.0,0,-0.0009630000000000758,0.0,0.0,-0.3010416955762049,1.2777514451090305e-06
1.037,APPROACH,0.0,0.0,0.0,0,-0.0009620000000000758,0.0,0.0,-0.3010406547278817,1.2643433439202595e-06
1.038,APPROACH,0.0,0.0,0.0,0,-0.0009610000000000757,0.0,0.0,-0.30103961386716027,1.2500804350703632e-06
1.039,APPROACH,0.0,0.0,0.0,0,-0.0009600000000000757,0.0,0.0,-0.3010385729941804,1.2349789923966234e-06
1.04,APPROACH,0.0,0.0,0.0,0,-0.0009590000000000757,0.0,0.0,-0.3010375321090902,1.2190553134878515e-06
1.041,APPROACH,0.0,0.0,0.0,0,-0.0009580000000000757,0.0,0.0,-0.3010364912120458,1.2023257146184457e-06
1.042,APPROACH,0.0,0.0,0.0,0,-0.0009570000000000756,0.0,0.0,-0.3010354503032112,1.184806525744994e-06
1.043,APPROACH,0.0,0.0,0.0,0,-0.0009560000000000756,0.0,0.0,-0.30103440938275833,1.1665140855660096e-06
1.044,APPROACH,0.0,0.0,0.0,0,-0.0009550000000000756,0.0,0.0,-0.3010333684508664,1.1474647366454232e-06
1.045,APPROACH,0.0,0.0,0.0,0,-0.0009540000000000756,0.0,0.0,-0.30103232750772235,1.1276748206003695e-06
1.046,APPROACH,0.0,0.0,0.0,0,-0.0009530000000000755,0.0,0.0,-0.3010312865535202,1.1071606733538164e-06
1.047,APPROACH,0.0,0.0,0.0,0,-0.0009520000000000755,0.0,0.0,-0.30103024558846103,1.085938620452545e-06
1.048,APPROACH,0.0,0.0,0.0,0,-0.0009510000000000755,0.0,0.0,-0.30102920461275307,1.0640249724509528e-06
1.049,APPROACH,0.0,0.0,0.0,0,-0.0009500000000000755,0.0,0.0,-0.3010281636266111,1.041436020361165e-06
1.05,APPROACH,0.0,0.0,0.0,0,-0.0009490000000000754,0.0,0.0,-0.3010271226302567,1.0181880311698656e-06
1.051,APPROACH,0.0,0.0,0.0,0,-0.0009480000000000754,0.0,0.0,-0.3010260816239178,9.942972434222675e-07
1.052,APPROACH,0.0,0.0,0.0,0,-0.0009470000000000754,0.0,0.0,-0.3010250406078287,9.697798628735947e-07
1.053,APPROACH,0.0,0.0,0.0,0,-0.0009460000000000754,0.0,0.0,-0.3010239995822298,9.446520582084493e-07
1.054,APPROACH,0.0,0.0,0.0,0,-0.0009450000000000753,0.0,0.0,-0.3010229585473675,9.189299568283877e-07
1.055,APPROACH,0.0,0.0,0.0,0,-0.0009440000000000753,0.0,0.0,-0.30102191750349405,8.926296407080314e-07
1.056,APPROACH,0.0,0.0,0.0,0,-0.0009430000000000753,0.0,0.0,-0.30102087645086734,8.657671423199766e-07
1.057,APPROACH,0.0,0.0,0.0,0,-0.0009420000000000753,0.0,0.0,-0.3010198353897508,8.383584406287815e-07
1.058,APPROACH,0.0,0.0,0.0,0,-0.0009410000000000752,0.0,0.0,-0.30101879432041323,8.104194571542725e-07
1.059,APPROACH,0.0,0.0,0.0,0,-0.0009400000000000752,0.0,0.0,-0.30101775324312857,7.819660521043843e-07
1.06,APPROACH,0.0,0.0,0.0,0,-0.0009390000000000752,0.0,0.0,-0.3010167121581758,7.530140205777111e-07
1.061,APPROACH,0.0,0.0,0.0,0,-0.0009380000000000752,0.0,0.0,-0.30101567106583893,7.23579088835955e-07
1.062,APPROACH,0.0,0.0,0.0,0,-0.0009370000000000751,0.0,0.0,-0.30101462996640654,6.936769106464361e-07
1.063,APPROACH,0.0,0.0,0.0,0,-0.0009360000000000751,0.0,0.0,-0.3010135888601719,6.633230636947464e-07
1.064,APPROACH,0.0,0.0,0.0,0,-0.0009350000000000751,0.0,0.0,-0.3010125477474326,6.325330460676892e-07
1.065,APPROACH,0.0,0.0,0.0,0,-0.0009340000000000751,0.0,0.0,-0.30101150662849063,6.013222728065775e-07
1.066,APPROACH,0.0,0.0,0.0,0,-0.000933000000000075,0.0,0.0,-0.30101046550365207,5.697060725309347e-07
1.067,APPROACH,0.0,0.0,0.0,0,-0.000932000000000075,0.0,0.0,-0.30100942437322686,5.376996841326612e-07
1.068,APPROACH,0.0,0.0,0.0,0,-0.000931000000000075,0.0,0.0,-0.30100838323752893,5.05318253540669e-07
1.069,APPROACH,0.0,0.0,0.0,0,-0.000930000000000075,0.0,0.0,-0.30100734209687585,4.7257683055599317e-07
1.07,APPROACH,0.0,0.0,0.0,0,-0.000929000000000075,0.0,0.0,-0.30100630095158865,4.394903657573444e-07
1.071,APPROACH,0.0,0.0,0.0,0,-0.0009280000000000749,0.0,0.0,-0.3010052598019918,4.0607370747707043e-07
1.072,APPROACH,0.0,0.0,0.0,0,-0.0009270000000000749,0.0,0.0,-0.3010042186484129,3.7234159884746735e-07
1.073,APPROACH,0.0,0.0,0.0,0,-0.0009260000000000749,0.0,0.0,-0.30100317749118294,3.3830867491735095e-07
1.074,APPROACH,0.0,0.0,0.0,0,-0.0009250000000000749,0.0,0.0,-0.3010021363306355,3.0398945983878815e-07
1.075,APPROACH,0.0,0.0,0.0,0,-0.0009240000000000748,0.0,0.0,-0.30100109516710716,2.6939836412387106e-07
1.076,APPROACH,0.0,0.0,0.0,0,-0.0009230000000000748,0.0,0.0,-0.30100005400093716,2.3454968197139223e-07
1.077,APPROACH,0.0,0.0,0.0,0,-0.0009220000000000748,0.0,0.0,-0.30099901283246716,1.9945758866325793e-07
1.078,APPROACH,0.0,0.0,0.0,0,-0.0009210000000000748,0.0,0.0,-0.30099797166204134,1.641361380304808e-07
1.079,APPROACH,0.0,0.0,0.0,0,-0.0009200000000000747,0.0,0.0,-0.3009969304900061,1.2859925998854826e-07
1.08,APPROACH,0.0,0.0,0.0,0,-0.0009190000000000747,0.0,0.0,-0.3009958893167099,9.286075814194906e-08
1.081,APPROACH,0.0,0.0,0.0,0,-0.0009180000000000747,0.0,0.0,-0.3009948481425032,5.6934307457643306e-08
1.082,APPROACH,0.0,0.0,0.0,0,-0.0009170000000000747,0.0,0.0,-0.3009938069677383,2.0833452007225823e-08
1.083,APPROACH,0.0,0.0,0.0,0,-0.0009160000000000746,0.0,0.0,-0.30099276579276923,-1.5428397222482324e-08
1.084,APPROACH,0.0,0.0,0.0,0,-0.0009150000000000746,0.0,0.0,-0.3009917246179516,-5.18379644506961e-08
1.085,APPROACH,0.0,0.0,0.0,0,-0.0009140000000000746,0.0,0.0,-0.3009906834436424,-8.838211115605524e-08
1.086,APPROACH,0.0,0.0,0.0,0,-0.0009130000000000746,0.0,0.0,-0.30098964227020003,-1.2504783806247e-07
1.087,APPROACH,0.0,0.0,0.0,0,-0.0009120000000000745,0.0,0.0,-0.3009886010979841,-1.6182228705774527e-07
1.088,APPROACH,0.0,0.0,0.0,0,-0.0009110000000000745,0.0,0.0,-0.30098755992735515,-1.9869274304533454e-07
1.089,APPROACH,0.0,0.0,0.0,0,-0.0009100000000000745,0.0,0.0,-0.30098651875867477,-2.3564663572955228e-07
1.09,APPROACH,0.0,0.0,0.0,0,-0.0009090000000000745,0.0,0.0,-0.3009854775923054,-2.72671541334617e-07
1.091,APPROACH,0.0,0.0,0.0,0,-0.0009080000000000744,0.0,0.0,-0.30098443642861,-3.097551842579444e-07
1.092,APPROACH,0.0,0.0,0.0,0,-0.0009070000000000744,0.0,0.0,-0.3009833952679523,-3.4688543865805166e-07
1.093,APPROACH,0.0,0.0,0.0,0,-0.0009060000000000744,0.0,0.0,-0.30098235411069646,-3.8405032997750755e-07
1.094,APPROACH,0.0,0.0,0.0,0,-0.0009050000000000744,0.0,0.0,-0.30098131295720687,-4.2123803640132924e-07
1.095,APPROACH,0.0,0.0,0.0,0,-0.0009040000000000743,0.0,0.0,-0.3009802718078482,-4.584368902512947e-07
1.096,APPROACH,0.0,0.0,0.0,0,-0.0009030000000000743,0.0,0.0,-0.30097923066298526,-4.956353793165941e-07
1.097,APPROACH,0.0,0.0,0.0,0,-0.0009020000000000743,0.0,0.0,-0.30097818952298283,-5.328221481213114e-07
1.098,APPROACH,0.0,0.0,0.0,0,-0.0009010000000000743,0.0,0.0,-0.3009771483882056,-5.699859991291865e-07
1.099,APPROACH,0.0,0.0,0.0,0,-0.0009000000000000742,0.0,0.0,-0.300976107259018,-6.071158938861515e-07
1.1,APPROACH,0.0,0.0,0.0,0,-0.0008990000000000742,0.0,0.0,-0.3009750661357842,-6.4420095410115e-07
1.101,APPROACH,0.0,0.0,0.0,0,-0.0008980000000000742,0.0,0.0,-0.3009740250188677,-6.812304626657474e-07
1.102,APPROACH,0.0,0.0,0.0,0,-0.0008970000000000742,0.0,0.0,-0.3009729839086318,-7.181938646130437e-07
1.103,APPROACH,0.0,0.0,0.0,0,-0.0008960000000000741,0.0,0.0,-0.3009719428054389,-7.550807680164334e-07
1.104,APPROACH,0.0,0.0,0.0,0,-0.0008950000000000741,0.0,0.0,-0.3009709017096507,-7.918809448287452e-07
1.105,APPROACH,0.0,0.0,0.0,0,-0.0008940000000000741,0.0,0.0,-0.3009698606216281,-8.285843316623173e-07
1.106,APPROACH,0.0,0.0,0.0,0,-0.0008930000000000741,0.0,0.0,-0.3009688195417311,-8.651810305105705e-07
1.107,APPROACH,0.0,0.0,0.0,0,-0.000892000000000074,0.0,0.0,-0.3009677784703185,-9.01661309411659e-07
1.108,APPROACH,0.0,0.0,0.0,0,-0.000891000000000074,0.0,0.0,-0.30096673740774815,-9.380156030547749e-07
1.109,APPROACH,0.0,0.0,0.0,0,-0.000890000000000074,0.0,0.0,-0.3009656963543764,-9.74234513329689e-07
1.11,APPROACH,0.0,0.0,0.0,0,-0.000889000000000074,0.0,0.0,-0.30096465531055855,-1.0103088098201263e-06
1.111,APPROACH,0.0,0.0,0.0,0,-0.000888000000000074,0.0,0.0,-0.3009636142766483,-1.0462294302416027e-06
1.112,APPROACH,0.0,0.0,0.0,0,-0.0008870000000000739,0.0,0.0,-0.30096257325299797,-1.0819874808243196e-06
1.113,APPROACH,0.0,0.0,0.0,0,-0.0008860000000000739,0.0,0.0,-0.30096153223995814,-1.1175742366417361e-06
1.114,APPROACH,0.0,0.0,0.0,0,-0.0008850000000000739,0.0,0.0,-0.3009604912378778,-1.1529811418854674e-06
1.115,APPROACH,0.0,0.0,0.0,0,-0.0008840000000000739,0.0,0.0,-0.30095945024710424,-1.1881998100871367e-06
1.116,APPROACH,0.0,0.0,0.0,0,-0.0008830000000000738,0.0,0.0,-0.30095840926798273,-1.2232220242878257e-06
1.117,APPROACH,0.0,0.0,0.0,0,-0.0008820000000000738,0.0,0.0,-0.3009573683008568,-1.2580397371557595e-06
1.118,APPROACH,0.0,0.0,0.0,0,-0.0008810000000000738,0.0,0.0,-0.3009563273460678,-1.2926450710529237e-06
1.119,APPROACH,0.0,0.0,0.0,0,-0.0008800000000000738,0.0,0.0,-0.3009552864039552,-1.3270303180512415e-06
1.12,APPROACH,0.0,0.0,0.0,0,-0.0008790000000000737,0.0,0.0,-0.3009542454748561,-1.3611879398989872e-06
1.121,APPROACH,0.0,0.0,0.0,0,-0.0008780000000000737,0.0,0.0,-0.3009532045591055,-1.3951105679381096e-06
1.122,APPROACH,0.0,0.0,0.0,0,-0.0008770000000000737,0.0,0.0,-0.3009521636570361,-1.4287910029731572e-06
1.123,APPROACH,0.0,0.0,0.0,0,-0.0008760000000000737,0.0,0.0,-0.3009511227689781,-1.4622222150924915e-06
1.124,APPROACH,0.0,0.0,0.0,0,-0.0008750000000000736,0.0,0.0,-0.30095008189525946,-1.49539734344247e-06
1.125,APPROACH,0.0,0.0,0.0,0,-0.0008740000000000736,0.0,0.0,-0.3009490410362054,-1.5283096959552782e-06
1.1260000000000001,APPROACH,0.0,0.0,0.0,0,-0.0008730000000000736,0.0,0.0,-0.3009480001921387,-1.5609527490311452e-06
1.127,APPROACH,0.0,0.0,0.0,0,-0.0008720000000000736,0.0,0.0,-0.3009469593633795,-1.5933201471756253e-06
1.1280000000000001,APPROACH,0.0,0.0,0.0,0,-0.0008710000000000735,0.0,0.0,-0.3009459185502452,-1.6254057025926383e-06
1.129,APPROACH,0.0,0.0,0.0,0,-0.0008700000000000735,0.0,0.0,-0.30094487775305045,-1.6572033947340043e-06
1.1300000000000001,APPROACH,0.0,0.0,0.0,0,-0.0008690000000000735,0.0,0.0,-0.3009438369721071,-1.6887073698061712e-06
1.131,APPROACH,0.0,0.0,0.0,0,-0.0008680000000000735,0.0,0.0,-0.300942796207724,-1.7199119402348566e-06
1.1320000000000001,APPROACH,0.0,0.0,0.0,0,-0.0008670000000000734,0.0,0.0,-0.3009417554602073,-1.7508115840883183e-06
1.133,APPROACH,0.0,0.0,0.0,0,-0.0008660000000000734,0.0,0.0,-0.3009407147298599,-1.7814009444599823e-06
1.1340000000000001,APPROACH,0.0,0.0,0.0,0,-0.0008650000000000734,0.0,0.0,-0.30093967401698185,-1.8116748288111472e-06
1.135,APPROACH,0.0,0.0,0.0,0,-0.0008640000000000734,0.0,0.0,-0.30093863332187,-1.8416282082744833e-06
1.1360000000000001,APPROACH,0.0,0.0,0.0,0,-0.0008630000000000733,0.0,0.0,-0.30093759264481806,-1.8712562169190684e-06
1.137,APPROACH,0.0,0.0,0.0,0,-0.0008620000000000733,0.0,0.0,-0.30093655198611663,-1.9005541509776763e-06
1.1380000000000001,APPROACH,0.0,0.0,0.0,0,-0.0008610000000000733,0.0,0.0,-0.30093551134605295,-1.929517468037059e-06
1.139,APPROACH,0.0,0.0,0.0,0,-0.0008600000000000733,0.0,0.0,-0.30093447072491114,-1.958141786191939e-06
1.1400000000000001,APPROACH,0.0,0.0,0.0,0,-0.0008590000000000732,0.0,0.0,-0.30093343012297186,-1.9864228831634556e-06
1.141,APPROACH,0.0,0.0,0.0,0,-0.0008580000000000732,0.0,0.0,-0.30093238954051243,-2.014356695382798e-06
1.1420000000000001,APPROACH,0.0,0.0,0.0,0,-0.0008570000000000732,0.0,0.0,-0.3009313489778068,-2.0419393170407453e-06
1.143,APPROACH,0.0,0.0,0.0,0,-0.0008560000000000732,0.0,0.0,-0.30093030843512547,-2.0691669991038613e-06
1.1440000000000001,APPROACH,0.0,0.0,0.0,0,-0.0008550000000000731,0.0,0.0,-0.30092926791273544,-2.096036148298065e-06
1.145,APPROACH,0.0,0.0,0.0,0,-0.0008540000000000731,0.0,0.0,-0.3009282274109002,-2.122543326060334e-06
1.1460000000000001,APPROACH,0.0,0.0,0.0,0,-0.0008530000000000731,0.0,0.0,-0.3009271869298797,-2.1486852474592293e-06
1.147,APPROACH,0.0,0.0,0.0,0,-0.0008520000000000731,0.0,0.0,-0.3009261464699303,-2.1744587800850142e-06
1.1480000000000001,APPROACH,0.0,0.0,0.0,0,-0.000851000000000073,0.0,0.0,-0.3009251060313048,-2.1998609429100775e-06
1.149,APPROACH,0.0,0.0,0.0,0,-0.000850000000000073,0.0,0.0,-0.3009240656142522,-2.224888905120396e-06
1.1500000000000001,APPROACH,0.0,0.0,0.0,0,-0.000849000000000073,0.0,0.0,-0.30092302521901804,-2.249539984918754e-06
1.151,APPROACH,0.0,0.0,0.0,0,-0.000848000000000073,0.0,0.0,-0.300921984845844,-2.2738116483004736e-06
1.1520000000000001,APPROACH,0.0,0.0,0.0,0,-0.000847000000000073,0.0,0.0,-0.3009209444949681,-2.2977015078023487e-06
1.153,APPROACH,0.0,0.0,0.0,0,-0.0008460000000000729,0.0,0.0,-0.3009199041666247,-2.3212073212255273e-06
1.154,APPROACH,0.0,0.0,0.0,0,-0.0008450000000000729,0.0,0.0,-0.3009188638610442,-2.344326990333058e-06
1.155,APPROACH,0.0,0.0,0.0,0,-0.0008440000000000729,0.0,0.0,-0.3009178235784534,-2.367058559522809e-06
1.156,APPROACH,0.0,0.0,0.0,0,-0.0008430000000000729,0.0,0.0,-0.30091678331907523,-2.389400214476497e-06
1.157,APPROACH,0.0,0.0,0.0,0,-0.0008420000000000728,0.0,0.0,-0.30091574308312874,-2.4113502807855193e-06
1.158,APPROACH,0.0,0.0,0.0,0,-0.0008410000000000728,0.0,0.0,-0.30091470287082916,-2.4329072225543104e-06
1.159,APPROACH,0.0,0.0,0.0,0,-0.0008400000000000728,0.0,0.0,-0.30091366268238795,-2.454069640981943e-06
1.16,APPROACH,0.0,0.0,0.0,0,-0.0008390000000000728,0.0,0.0,-0.3009126225180126,-2.474836272922641e-06
1.161,APPROACH,0.0,0.0,0.0,0,-0.0008380000000000727,0.0,0.0,-0.30091158237790677,-2.4952059894259533e-06
1.162,APPROACH,0.0,0.0,0.0,0,-0.0008370000000000727,0.0,0.0,-0.30091054226227026,-2.515177794257259e-06
1.163,APPROACH,0.0,0.0,0.0,0,-0.0008360000000000727,0.0,0.0,-0.30090950217129886,-2.5347508223992926e-06
1.164,APPROACH,0.0,0.0,0.0,0,-0.0008350000000000727,0.0,0.0,-0.30090846210518457,-2.553924338535416e-06
1.165,APPROACH,0.0,0.0,0.0,0,-0.0008340000000000726,0.0,0.0,-0.3009074220641154,-2.572697735515293e-06
1.166,APPROACH,0.0,0.0,0.0,0,-0.0008330000000000726,0.0,0.0,-0.30090638204827547,-2.5910705328036376e-06
1.167,APPROACH,0.0,0.0,0.0,0,-0.0008320000000000726,0.0,0.0,-0.3009053420578449,-2.6090423749127607e-06
1.168,APPROACH,0.0,0.0,0.0,0,-0.0008310000000000726,0.0,0.0,-0.300904302093,-2.6266130298195426e-06
1.169,APPROACH,0.0,0.0,0.0,0,-0.0008300000000000725,0.0,0.0,-0.300903262153913,-2.6437823873675417e-06
1.17,APPROACH,0.0,0.0,0.0,0,-0.0008290000000000725,0.0,0.0,-0.30090222224075236,-2.660550457654889e-06
1.171,APPROACH,0.0,0.0,0.0,0,-0.0008280000000000725,0.0,0.0,-0.30090118235368246,-2.6769173694086082e-06
1.172,APPROACH,0.0,0.0,0.0,0,-0.0008270000000000725,0.0,0.0,-0.30090014249286384,-2.692883368346048e-06
1.173,APPROACH,0.0,0.0,0.0,0,-0.0008260000000000724,0.0,0.0,-0.30089910265845304,-2.708448815524074e-06
1.174,APPROACH,0.0,0.0,0.0,0,-0.0008250000000000724,0.0,0.0,-0.3008980628506027,-2.723614185676652e-06
1.175,APPROACH,0.0,0.0,0.0,0,-0.0008240000000000724,0.0,0.0,-0.3008970230694616,-2.738380065541461e-06
1.176,APPROACH,0.0,0.0,0.0,0,-0.0008230000000000724,0.0,0.0,-0.3008959833151745,-2.752747152176192e-06
1.177,APPROACH,0.0,0.0,0.0,0,-0.0008220000000000723,0.0,0.0,-0.30089494358788227,-2.7667162512651513e-06
1.178,APPROACH,0.0,0.0,0.0,0,-0.0008210000000000723,0.0,0.0,-0.30089390388772197,-2.780288275416792e-06
1.179,APPROACH,0.0,0.0,0.0,0,-0.0008200000000000723,0.0,0.0,-0.30089286421482664,-2.7934642424527837e-06
1.18,APPROACH,0.0,0.0,0.0,0,-0.0008190000000000723,0.0,0.0,-0.3008918245693255,-2.806245273689251e-06
1.181,APPROACH,0.0,0.0,0.0,0,-0.0008180000000000723,0.0,0.0,-0.3008907849513439,-2.818632592210776e-06
1.182,APPROACH,0.0,0.0,0.0,0,-0.0008170000000000722,0.0,0.0,-0.3008897453610034,-2.830627521137791e-06
1.183,APPROACH,0.0,0.0,0.0,0,-0.0008160000000000722,0.0,0.0,-0.3008887057984215,-2.8422314818878936e-06
1.184,APPROACH,0.0,0.0,0.0,0,-0.0008150000000000722,0.0,0.0,-0.30088766626371205,-2.853445992431741e-06
1.185,APPROACH,0.0,0.0,0.0,0,-0.0008140000000000722,0.0,0.0,-0.300886626756985,-2.864272665544075e-06
1.186,APPROACH,0.0,0.0,0.0,0,-0.0008130000000000721,0.0,0.0,-0.3008855872783466,-2.8747132070504623e-06
1.187,APPROACH,0.0,0.0,0.0,0,-0.0008120000000000721,0.0,0.0,-0.30088454782789914,-2.884769414070304e-06
1.188,APPROACH,0.0,0.0,0.0,0,-0.0008110000000000721,0.0,0.0,-0.30088350840574135,-2.894443173256715e-06
1.189,APPROACH,0.0,0.0,0.0,0,-0.0008100000000000721,0.0,0.0,-0.300882469011968,-2.903736459033775e-06
1.19,APPROACH,0.0,0.0,0.0,0,-0.000809000000000072,0.0,0.0,-0.3008814296466703,-2.9126513318317455e-06
1.191,APPROACH,0.0,0.0,0.0,0,-0.000808000000000072,0.0,0.0,-0.30088039030993563,-2.9211899363207786e-06
1.192,APPROACH,0.0,0.0,0.0,0,-0.000807000000000072,0.0,0.0,-0.30087935100184776,-2.9293544996436566e-06
1.193,APPROACH,0.0,0.0,0.0,0,-0.000806000000000072,0.0,0.0,-0.3008783117224867,-2.9371473296481e-06
1.194,APPROACH,0.0,0.0,0.0,0,-0.0008050000000000719,0.0,0.0,-0.3008772724719289,-2.9445708131191462e-06
1.195,APPROACH,0.0,0.0,0.0,0,-0.0008040000000000719,0.0,0.0,-0.3008762332502472,-2.951627414012135e-06
1.196,APPROACH,0.0,0.0,0.0,0,-0.0008030000000000719,0.0,0.0,-0.3008751940575108,-2.9583196716867993e-06
1.197,APPROACH,0.0,0.0,0.0,0,-0.0008020000000000719,0.0,0.0,-0.3008741548937853,-2.964650199142966e-06
1.198,APPROACH,0.0,0.0,0.0,0,-0.0008010000000000718,0.0,0.0,-0.3008731157591328,-2.9706216812583596e-06
1.199,APPROACH,0.0,0.0,0.0,0,-0.0008000000000000718,0.0,0.0,-0.3008720766536118,-2.9762368730289954e-06
1.2,APPROACH,0.0,0.0,0.0,0,-0.0007990000000000718,0.0,0.0,-0.3008710375772775,-2.9814985978126524e-06
1.201,APPROACH,0.0,0.0,0.0,0,-0.0007980000000000718,0.0,0.0,-0.3008699985301814,-2.986409745575878e-06
1.202,APPROACH,0.0,0.0,0.0,0,-0.0007970000000000717,0.0,0.0,-0.3008689595123717,-2.990973271145009e-06
1.203,APPROACH,0.0,0.0,0.0,0,-0.0007960000000000717,0.0,0.0,-0.3008679205238931,-2.995192192461667e-06
1.204,APPROACH,0.0,0.0,0.0,0,-0.0007950000000000717,0.0,0.0,-0.3008668815647871,-2.999069588843145e-06
1.205,APPROACH,0.0,0.0,0.0,0,-0.0007940000000000717,0.0,0.0,-0.3008658426350916,-3.0026085992481817e-06
1.206,APPROACH,0.0,0.0,0.0,0,-0.0007930000000000716,0.0,0.0,-0.30086480373484137,-3.0058124205485168e-06
1.207,APPROACH,0.0,0.0,0.0,0,-0.0007920000000000716,0.0,0.0,-0.3008637648640678,-3.00868430580667e-06
1.208,APPROACH,0.0,0.0,0.0,0,-0.0007910000000000716,0.0,0.0,-0.30086272602279907,-3.0112275625603698e-06
1.209,APPROACH,0.0,0.0,0.0,0,-0.0007900000000000716,0.0,0.0,-0.30086168721106016,-3.0134455511140415e-06
1.21,APPROACH,0.0,0.0,0.0,0,-0.0007890000000000715,0.0,0.0,-0.3008606484288728,-3.0153416828377558e-06
1.211,APPROACH,0.0,0.0,0.0,0,-0.0007880000000000715,0.0,0.0,-0.3008596096762555,-3.0169194184740392e-06
1.212,APPROACH,0.0,0.0,0.0,0,-0.0007870000000000715,0.0,0.0,-0.3008585709532239,-3.018182266452932e-06
1.213,APPROACH,0.0,0.0,0.0,0,-0.0007860000000000715,0.0,0.0,-0.30085753225979023,-3.019133781215679e-06
1.214,APPROACH,0.0,0.0,0.0,0,-0.0007850000000000714,0.0,0.0,-0.30085649359596395,-3.01977756154744e-06
1.215,APPROACH,0.0,0.0,0.0,0,-0.0007840000000000714,0.0,0.0,-0.3008554549617513,-3.020117248919367e-06
1.216,APPROACH,0.0,0.0,0.0,0,-0.0007830000000000714,0.0,0.0,-0.30085441635715565,-3.0201565258404113e-06
1.217,APPROACH,0.0,0.0,0.0,0,-0.0007820000000000714,0.0,0.0,-0.30085337778217736,-3.019899114219235e-06
1.218,APPROACH,0.0,0.0,0.0,0,-0.0007810000000000714,0.0,0.0,-0.3008523392368139,-3.0193487737365394e-06
1.219,APPROACH,0.0,0.0,0.0,0,-0.0007800000000000713,0.0,0.0,-0.30085130072106,-3.0185093002281765e-06
1.22,APPROACH,0.0,0.0,0.0,0,-0.0007790000000000713,0.0,0.0,-0.30085026223490724,-3.017384524079358e-06
1.221,APPROACH,0.0,0.0,0.0,0,-0.0007780000000000713,0.0,0.0,-0.3008492237783447,-3.0159783086302655e-06
1.222,APPROACH,0.0,0.0,0.0,0,-0.0007770000000000713,0.0,0.0,-0.3008481853513586,-3.014294548593415e-06
1.223,APPROACH,0.0,0.0,0.0,0,-0.0007760000000000712,0.0,0.0,-0.3008471469539324,-3.012337168483057e-06
1.224,APPROACH,0.0,0.0,0.0,0,-0.0007750000000000712,0.0,0.0,-0.3008461085860469,-3.0101101210569168e-06
1.225,APPROACH,0.0,0.0,0.0,0,-0.0007740000000000712,0.0,0.0,-0.30084507024768026,-3.0076173857705616e-06
1.226,APPROACH,0.0,0.0,0.0,0,-0.0007730000000000712,0.0,0.0,-0.3008440319388081,-3.004862967244673e-06
1.227,APPROACH,0.0,0.0,0.0,0,-0.0007720000000000711,0.0,0.0,-0.30084299365940337,-3.0018508937455187e-06
1.228,APPROACH,0.0,0.0,0.0,0,-0.0007710000000000711,0.0,0.0,-0.30084195540943653,-2.9985852156788895e-06
1.229,APPROACH,0.0,0.0,0.0,0,-0.0007700000000000711,0.0,0.0,-0.30084091718887557,-2.9950700040977463e-06
1.23,APPROACH,0.0,0.0,0.0,0,-0.0007690000000000711,0.0,0.0,-0.300839878997686,-2.99130934922384e-06
1.231,APPROACH,0.0,0.0,0.0,0,-0.000768000000000071,0.0,0.0,-0.30083884083583096,-2.987307358983551e-06
1.232,APPROACH,0.0,0.0,0.0,0,-0.000767000000000071,0.0,0.0,-0.3008378027032712,-2.983068157558184e-06
1.233,APPROACH,0.0,0.0,0.0,0,-0.000766000000000071,0.0,0.0,-0.30083676459996517,-2.9785958839489604e-06
1.234,APPROACH,0.0,0.0,0.0,0,-0.000765000000000071,0.0,0.0,-0.300835726525869,-2.9738946905569145e-06
1.235,APPROACH,0.0,0.0,0.0,0,-0.0007640000000000709,0.0,0.0,-0.30083468848093653,-2.9689687417779077e-06
1.236,APPROACH,0.0,0.0,0.0,0,-0.0007630000000000709,0.0,0.0,-0.30083365046511956,-2.963822212612997e-06
1.237,APPROACH,0.0,0.0,0.0,0,-0.0007620000000000709,0.0,0.0,-0.30083261247836757,-2.9584592872943397e-06
1.238,APPROACH,0.0,0.0,0.0,0,-0.0007610000000000709,0.0,0.0,-0.300831574520628,-2.9528841579268274e-06
1.239,APPROACH,0.0,0.0,0.0,0,-0.0007600000000000708,0.0,0.0,-0.3008305365918461,-2.9471010231456474e-06
1.24,APPROACH,0.0,0.0,0.0,0,-0.0007590000000000708,0.0,0.0,-0.3008294986919653,-2.9411140867899363e-06
1.241,APPROACH,0.0,0.0,0.0,0,-0.0007580000000000708,0.0,0.0,-0.3008284608209268,-2.9349275565927194e-06
1.242,APPROACH,0.0,0.0,0.0,0,-0.0007570000000000708,0.0,0.0,-0.30082742297866993,-2.928545642887285e-06
1.243,APPROACH,0.0,0.0,0.0,0,-0.0007560000000000707,0.0,0.0,-0.3008263851651321,-2.9219725573301544e-06
1.244,APPROACH,0.0,0.0,0.0,0,-0.0007550000000000707,0.0,0.0,-0.3008253473802489,-2.9152125116408052e-06
1.245,APPROACH,0.0,0.0,0.0,0,-0.0007540000000000707,0.0,0.0,-0.300824309623954,-2.908269716358305e-06
1.246,APPROACH,0.0,0.0,0.0,0,-0.0007530000000000707,0.0,0.0,-0.30082327189617936,-2.901148379614972e-06
1.247,APPROACH,0.0,0.0,0.0,0,-0.0007520000000000706,0.0,0.0,-0.3008222341968551,-2.893852705927197e-06
1.248,APPROACH,0.0,0.0,0.0,0,-0.0007510000000000706,0.0,0.0,-0.3008211965259097,-2.886386895003555e-06
1.249,APPROACH,0.0,0.0,0.0,0,-0.0007500000000000706,0.0,0.0,-0.30082015888326996,-2.878755140570344e-06
1.25,APPROACH,0.0,0.0,0.0,0,-0.0007490000000000706,0.0,0.0,-0.30081912126886107,-2.870961629214626e-06
1.2510000000000001,APPROACH,0.0,0.0,0.0,0,-0.0007480000000000705,0.0,0.0,-0.30081808368260654,-2.8630105392448926e-06
1.252,APPROACH,0.0,0.0,0.0,0,-0.0007470000000000705,0.0,0.0,-0.30081704612442844,-2.854906039569472e-06
1.2530000000000001,APPROACH,0.0,0.0,0.0,0,-0.0007460000000000705,0.0,0.0,-0.3008160085942473,-2.846652288592734e-06
1.254,APPROACH,0.0,0.0,0.0,0,-0.0007450000000000705,0.0,0.0,-0.30081497109198213,-2.838253433129205e-06
1.2550000000000001,APPROACH,0.0,0.0,0.0,0,-0.0007440000000000705,0.0,0.0,-0.3008139336175506,-2.8297136073356636e-06
1.256,APPROACH,0.0,0.0,0.0,0,-0.0007430000000000704,0.0,0.0,-0.300812896170869,-2.821036931661276e-06
1.2570000000000001,APPROACH,0.0,0.0,0.0,0,-0.0007420000000000704,0.0,0.0,-0.3008118587518522,-2.81222751181586e-06
1.258,APPROACH,0.0,0.0,0.0,0,-0.0007410000000000704,0.0,0.0,-0.3008108213604138,-2.8032894377563225e-06
1.2590000000000001,APPROACH,0.0,0.0,0.0,0,-0.0007400000000000704,0.0,0.0,-0.3008097839964662,-2.7942267826913214e-06
1.26,APPROACH,0.0,0.0,0.0,0,-0.0007390000000000703,0.0,0.0,-0.30080874665992047,-2.7850436021042287e-06
1.2610000000000001,APPROACH,0.0,0.0,0.0,0,-0.0007380000000000703,0.0,0.0,-0.3008077093506866,-2.7757439327943963e-06
1.262,APPROACH,0.0,0.0,0.0,0,-0.0007370000000000703,0.0,0.0,-0.30080667206867345,-2.7663317919367887e-06
1.2630000000000001,APPROACH,0.0,0.0,0.0,0,-0.0007360000000000703,0.0,0.0,-0.30080563481378864,-2.7568111761599875e-06
1.264,APPROACH,0.0,0.0,0.0,0,-0.0007350000000000702,0.0,0.0,-0.3008045975859388,-2.7471860606426295e-06
1.2650000000000001,APPROACH,0.0,0.0,0.0,0,-0.0007340000000000702,0.0,0.0,-0.3008035603850296,-2.7374603982282633e-06
1.266,APPROACH,0.0,0.0,0.0,0,-0.0007330000000000702,0.0,0.0,-0.30080252321096557,-2.7276381185586618e-06
1.2670000000000001,APPROACH,0.0,0.0,0.0,0,-0.0007320000000000702,0.0,0.0,-0.3008014860636505,-2.717723127225568e-06
1.268,APPROACH,0.0,0.0,0.0,0,-0.0007310000000000701,0.0,0.0,-0.3008004489429871,-2.707719304940908e-06
1.2690000000000001,APPROACH,0.0,0.0,0.0,0,-0.0007300000000000701,0.0,0.0,-0.30079941184887726,-2.697630506725451e-06
1.27,APPROACH,0.0,0.0,0.0,0,-0.0007290000000000701,0.0,0.0,-0.3007983747812221,-2.6874605611158954e-06
1.2710000000000001,APPROACH,0.0,0.0,0.0,0,-0.0007280000000000701,0.0,0.0,-0.3007973377399219,-2.677213269390405e-06
1.272,APPROACH,0.0,0.0,0.0,0,-0.00072700000000007,0.0,0.0,-0.3007963007248761,-2.6668924048125437e-06
1.2730000000000001,APPROACH,0.0,0.0,0.0,0,-0.00072600000000007,0.0,0.0,-0.30079526373598353,-2.6565017118935857e-06
1.274,APPROACH,0.0,0.0,0.0,0,-0.00072500000000007,0.0,0.0,-0.30079422677314227,-2.646044905673183e-06
1.2750000000000001,APPROACH,0.0,0.0,0.0,0,-0.00072400000000007,0.0,0.0,-0.3007931898362498,-2.6355256710183506e-06
1.276,APPROACH,0.0,0.0,0.0,0,-0.0007230000000000699,0.0,0.0,-0.30079215292520295,-2.6249476619407432e-06
1.2770000000000001,APPROACH,0.0,0.0,0.0,0,-0.0007220000000000699,0.0,0.0,-0.300791116039898,-2.6143145009321477e-06
1.278,APPROACH,0.0,0.0,0.0,0,-0.0007210000000000699,0.0,0.0,-0.3007900791802307,-2.6036297783181767e-06
1.2790000000000001,APPROACH,0.0,0.0,0.0,0,-0.0007200000000000699,0.0,0.0,-0.3007890423460962,-2.5928970516300834e-06
1.28,APPROACH,0.0,0.0,0.0,0,-0.0007190000000000698,0.0,0.0,-0.3007880055373893,-2.5821198449946625e-06
1.281,APPROACH,0.0,0.0,0.0,0,-0.0007180000000000698,0.0,0.0,-0.30078696875400435,-2.5713016485421535e-06
1.282,APPROACH,0.0,0.0,0.0,0,-0.0007170000000000698,0.0,0.0,-0.3007859319958352,-2.5604459178320948e-06
1.283,APPROACH,0.0,0.0,0.0,0,-0.0007160000000000698,0.0,0.0,-0.3007848952627754,-2.5495560732970438e-06
1.284,APPROACH,0.0,0.0,0.0,0,-0.0007150000000000697,0.0,0.0,-0.30078385855471823,-2.538635499704098e-06
1.285,APPROACH,0.0,0.0,0.0,0,-0.0007140000000000697,0.0,0.0,-0.3007828218715565,-2.527687545634133e-06
1.286,APPROACH,0.0,0.0,0.0,0,-0.0007130000000000697,0.0,0.0,-0.30078178521318294,-2.516715522978673e-06
1.287,APPROACH,0.0,0.0,0.0,0,-0.0007120000000000697,0.0,0.0,-0.3007807485794899,-2.505722706454313e-06
1.288,APPROACH,0.0,0.0,0.0,0,-0.0007110000000000696,0.0,0.0,-0.30077971197036957,-2.494712333134574e-06
1.289,APPROACH,0.0,0.0,0.0,0,-0.0007100000000000696,0.0,0.0,-0.300778675385714,-2.4836876019991307e-06
1.29,APPROACH,0.0,0.0,0.0,0,-0.0007090000000000696,0.0,0.0,-0.3007776388254151,-2.4726516735002987e-06
1.291,APPROACH,0.0,0.0,0.0,0,-0.0007080000000000696,0.0,0.0,-0.3007766022893646,-2.4616076691466566e-06
1.292,APPROACH,0.0,0.0,0.0,0,-0.0007070000000000696,0.0,0.0,-0.30077556577745423,-2.4505586711037298e-06
1.293,APPROACH,0.0,0.0,0.0,0,-0.0007060000000000695,0.0,0.0,-0.30077452928957565,-2.4395077218116e-06
1.294,APPROACH,0.0,0.0,0.0,0,-0.0007050000000000695,0.0,0.0,-0.30077349282562044,-2.4284578236193464e-06
1.295,APPROACH,0.0,0.0,0.0,0,-0.0007040000000000695,0.0,0.0,-0.3007724563854803,-2.4174119384361773e-06
1.296,APPROACH,0.0,0.0,0.0,0,-0.0007030000000000695,0.0,0.0,-0.3007714199690468,-2.40637298739915e-06
1.297,APPROACH,0.0,0.0,0.0,0,-0.0007020000000000694,0.0,0.0,-0.30077038357621183,-2.3953438505573466e-06
1.298,APPROACH,0.0,0.0,0.0,0,-0.0007010000000000694,0.0,0.0,-0.30076934720686715,-2.3843273665723848e-06
1.299,APPROACH,0.0,0.0,0.0,0,-0.0007000000000000694,0.0,0.0,-0.3007683108609048,-2.3733263324351268e-06
1.3,APPROACH,0.0,0.0,0.0,0,-0.0006990000000000694,0.0,0.0,-0.3007672745382168,-2.3623435031984536e-06
1.301,APPROACH,0.0,0.0,0.0,0,-0.0006980000000000693,0.0,0.0,-0.30076623823869547,-2.3513815917259685e-06
1.302,APPROACH,0.0,0.0,0.0,0,-0.0006970000000000693,0.0,0.0,-0.3007652019622334,-2.340443268456487e-06
1.303,APPROACH,0.0,0.0,0.0,0,-0.0006960000000000693,0.0,0.0,-0.3007641657087232,-2.329531161184189e-06
1.304,APPROACH,0.0,0.0,0.0,0,-0.0006950000000000693,0.0,0.0,-0.30076312947805794,-2.31864785485426e-06
1.305,APPROACH,0.0,0.0,0.0,0,-0.0006940000000000692,0.0,0.0,-0.30076209327013087,-2.307795891373896e-06
1.306,APPROACH,0.0,0.0,0.0,0,-0.0006930000000000692,0.0,0.0,-0.3007610570848356,-2.2969777694385157e-06
1.307,APPROACH,0.0,0.0,0.0,0,-0.0006920000000000692,0.0,0.0,-0.300760020922066,-2.286195944373033e-06
1.308,APPROACH,0.0,0.0,0.0,0,-0.0006910000000000692,0.0,0.0,-0.30075898478171637,-2.275452827988018e-06
1.309,APPROACH,0.0,0.0,0.0,0,-0.0006900000000000691,0.0,0.0,-0.30075794866368133,-2.2647507884506055e-06
1.31,APPROACH,0.0,0.0,0.0,0,-0.0006890000000000691,0.0,0.0,-0.3007569125678559,-2.2540921501699854e-06
1.311,APPROACH,0.0,0.0,0.0,0,-0.0006880000000000691,0.0,0.0,-0.30075587649413565,-2.2434791936973275e-06
1.312,APPROACH,0.0,0.0,0.0,0,-0.0006870000000000691,0.0,0.0,-0.30075484044241646,-2.2329141556399474e-06
1.313,APPROACH,0.0,0.0,0.0,0,-0.000686000000000069,0.0,0.0,-0.3007538044125947,-2.222399228589567e-06
1.314,APPROACH,0.0,0.0,0.0,0,-0.000685000000000069,0.0,0.0,-0.30075276840456727,-2.21193656106451e-06
1.315,APPROACH,0.0,0.0,0.0,0,-0.000684000000000069,0.0,0.0,-0.30075173241823155,-2.2015282574656576e-06
1.316,APPROACH,0.0,0.0,0.0,0,-0.000683000000000069,0.0,0.0,-0.3007506964534855,-2.191176378045974e-06
1.317,APPROACH,0.0,0.0,0.0,0,-0.0006820000000000689,0.0,0.0,-0.3007496605102276,-2.180882938893465e-06
1.318,APPROACH,0.0,0.0,0.0,0,-0.0006810000000000689,0.0,0.0,-0.30074862458835694,-2.1706499119273663e-06
1.319,APPROACH,0.0,0.0,0.0,0,-0.0006800000000000689,0.0,0.0,-0.3007475886877731,-2.160479224907387e-06
1.32,APPROACH,0.0,0.0,0.0,0,-0.0006790000000000689,0.0,0.0,-0.3007465528083764,-2.1503727614558375e-06
1.321,APPROACH,0.0,0.0,0.0,0,-0.0006780000000000688,0.0,0.0,-0.30074551695006774,-2.1403323610924855e-06
1.322,APPROACH,0.0,0.0,0.0,0,-0.0006770000000000688,0.0,0.0,-0.3007444811127486,-2.130359819281928e-06
1.323,APPROACH,0.0,0.0,0.0,0,-0.0006760000000000688,0.0,0.0,-0.3007434452963212,-2.12045688749329e-06
1.324,APPROACH,0.0,0.0,0.0,0,-0.0006750000000000688,0.0,0.0,-0.3007424095006884,-2.1106252732721075e-06
1.325,APPROACH,0.0,0.0,0.0,0,-0.0006740000000000687,0.0,0.0,-0.3007413737257539,-2.1008666403241834e-06
1.326,APPROACH,0.0,0.0,0.0,0,-0.0006730000000000687,0.0,0.0,-0.30074033797142186,-2.0911826086112334e-06
1.327,APPROACH,0.0,0.0,0.0,0,-0.0006720000000000687,0.0,0.0,-0.3007393022375974,-2.081574754458148e-06
1.328,APPROACH,0.0,0.0,0.0,0,-0.0006710000000000687,0.0,0.0,-0.3007382665241862,-2.0720446106716735e-06
1.329,APPROACH,0.0,0.0,0.0,0,-0.0006700000000000687,0.0,0.0,-0.300737230831095,-2.0625936666703203e-06
1.33,APPROACH,0.0,0.0,0.0,0,-0.0006690000000000686,0.0,0.0,-0.30073619515823097,-2.0532233686253265e-06
1.331,APPROACH,0.0,0.0,0.0,0,-0.0006680000000000686,0.0,0.0,-0.3007351595055022,-2.0439351196124654e-06
1.332,APPROACH,0.0,0.0,0.0,0,-0.0006670000000000686,0.0,0.0,-0.3007341238728177,-2.0347302797745337e-06
1.333,APPROACH,0.0,0.0,0.0,0,-0.0006660000000000686,0.0,0.0,-0.30073308826008716,-2.0256101664943098e-06
1.334,APPROACH,0.0,0.0,0.0,0,-0.0006650000000000685,0.0,0.0,-0.30073205266722114,-2.0165760545778e-06
1.335,APPROACH,0.0,0.0,0.0,0,-0.0006640000000000685,0.0,0.0,-0.300731017094131,-2.0076291764475765e-06
1.336,APPROACH,0.0,0.0,0.0,0,-0.0006630000000000685,0.0,0.0,-0.3007299815407291,-1.998770722346014e-06
1.337,APPROACH,0.0,0.0,0.0,0,-0.0006620000000000685,0.0,0.0,-0.3007289460069285,-1.990001840548245e-06
1.338,APPROACH,0.0,0.0,0.0,0,-0.0006610000000000684,0.0,0.0,-0.30072791049264325,-1.981323637584638e-06
1.339,APPROACH,0.0,0.0,0.0,0,-0.0006600000000000684,0.0,0.0,-0.3007268749977882,-1.9727371784725853e-06
1.34,APPROACH,0.0,0.0,0.0,0,-0.0006590000000000684,0.0,0.0,-0.30072583952227916,-1.964243486957431e-06
1.341,APPROACH,0.0,0.0,0.0,0,-0.0006580000000000684,0.0,0.0,-0.30072480406603286,-1.955843545762335e-06
1.342,APPROACH,0.0,0.0,0.0,0,-0.0006570000000000683,0.0,0.0,-0.3007237686289669,-1.947538296846894e-06
1.343,APPROACH,0.0,0.0,0.0,0,-0.0006560000000000683,0.0,0.0,-0.30072273321099985,-1.9393286416743126e-06
1.344,APPROACH,0.0,0.0,0.0,0,-0.0006550000000000683,0.0,0.0,-0.3007216978120512,-1.931215441486933e-06
1.345,APPROACH,0.0,0.0,0.0,0,-0.0006540000000000683,0.0,0.0,-0.3007206624320414,-1.9231995175899312e-06
1.346,APPROACH,0.0,0.0,0.0,0,-0.0006530000000000682,0.0,0.0,-0.3007196270708918,-1.9152816516429918e-06
1.347,APPROACH,0.0,0.0,0.0,0,-0.0006520000000000682,0.0,0.0,-0.3007185917285248,-1.9074625859597723e-06
1.348,APPROACH,0.0,0.0,0.0,0,-0.0006510000000000682,0.0,0.0,-0.30071755640486364,-1.8997430238149513e-06
1.349,APPROACH,0.0,0.0,0.0,0,-0.0006500000000000682,0.0,0.0,-0.3007165210998327,-1.892123629758667e-06
1.35,APPROACH,0.0,0.0,0.0,0,-0.0006490000000000681,0.0,0.0,-0.3007154858133573,-1.8846050299381754e-06
1.351,APPROACH,0.0,0.0,0.0,0,-0.0006480000000000681,0.0,0.0,-0.30071445054536355,-1.8771878124265398e-06
1.352,APPROACH,0.0,0.0,0.0,0,-0.0006470000000000681,0.0,0.0,-0.30071341529577883,-1.8698725275581268e-06
1.353,APPROACH,0.0,0.0,0.0,0,-0.0006460000000000681,0.0,0.0,-0.3007123800645314,-1.862659688270743e-06
1.354,APPROACH,0.0,0.0,0.0,0,-0.000645000000000068,0.0,0.0,-0.3007113448515505,-1.8555497704542241e-06
1.355,APPROACH,0.0,0.0,0.0,0,-0.000644000000000068,0.0,0.0,-0.30071030965676643,-1.8485432133052829e-06
1.356,APPROACH,0.0,0.0,0.0,0,-0.000643000000000068,0.0,0.0,-0.3007092744801104,-1.841640419688415e-06
1.357,APPROACH,0.0,0.0,0.0,0,-0.000642000000000068,0.0,0.0,-0.30070823932151486,-1.8348417565027177e-06
1.358,APPROACH,0.0,0.0,0.0,0,-0.000641000000000068,0.0,0.0,-0.300707204180913,-1.8281475550543797e-06
1.359,APPROACH,0.0,0.0,0.0,0,-0.0006400000000000679,0.0,0.0,-0.30070616905823927,-1.8215581114346889e-06
1.36,APPROACH,0.0,0.0,0.0,0,-0.0006390000000000679,0.0,0.0,-0.30070513395342896,-1.8150736869033776e-06
1.361,APPROACH,0.0,0.0,0.0,0,-0.0006380000000000679,0.0,0.0,-0.3007040988664186,-1.8086945082771112e-06
1.362,APPROACH,0.0,0.0,0.0,0,-0.0006370000000000679,0.0,0.0,-0.3007030637971455,-1.8024207683229195e-06
1.363,APPROACH,0.0,0.0,0.0,0,-0.0006360000000000678,0.0,0.0,-0.30070202874554824,-1.7962526261564128e-06
1.364,APPROACH,0.0,0.0,0.0,0,-0.0006350000000000678,0.0,0.0,-0.3007009937115663,-1.7901902076446052e-06
1.365,APPROACH,0.0,0.0,0.0,0,-0.0006340000000000678,0.0,0.0,-0.30069995869514016,-1.7842336058131523e-06
1.366,APPROACH,0.0,0.0,0.0,0,-0.0006330000000000678,0.0,0.0,-0.3006989236962115,-1.778382881257826e-06
1.367,APPROACH,0.0,0.0,0.0,0,-0.0006320000000000677,0.0,0.0,-0.30069788871472286,-1.7726380625600425e-06
1.368,APPROACH,0.0,0.0,0.0,0,-0.0006310000000000677,0.0,0.0,-0.30069685375061794,-1.7669991467062765e-06
1.369,APPROACH,0.0,0.0,0.0,0,-0.0006300000000000677,0.0,0.0,-0.3006958188038415,-1.7614660995111953e-06
1.37,APPROACH,0.0,0.0,0.0,0,-0.0006290000000000677,0.0,0.0,-0.3006947838743392,-1.756038856044325e-06
1.371,APPROACH,0.0,0.0,0.0,0,-0.0006280000000000676,0.0,0.0,-0.3006937489620578,-1.7507173210600695e-06
1.372,APPROACH,0.0,0.0,0.0,0,-0.0006270000000000676,0.0,0.0,-0.3006927140669452,-1.7455013694309264e-06
1.373,APPROACH,0.0,0.0,0.0,0,-0.0006260000000000676,0.0,0.0,-0.30069167918895023,-1.7403908465837331e-06
1.374,APPROACH,0.0,0.0,0.0,0,-0.0006250000000000676,0.0,0.0,-0.3006906443280227,-1.7353855689387563e-06
1.375,APPROACH,0.0,0.0,0.0,0,-0.0006240000000000675,0.0,0.0,-0.3006896094841136,-1.7304853243514593e-06
1.3760000000000001,APPROACH,0.0,0.0,0.0,0,-0.0006230000000000675,0.0,0.0,-0.30068857465717486,-1.7256898725568015e-06
1.377,APPROACH,0.0,0.0,0.0,0,-0.0006220000000000675,0.0,0.0,-0.30068753984715946,-1.72099894561589e-06
1.3780000000000001,APPROACH,0.0,0.0,0.0,0,-0.0006210000000000675,0.0,0.0,-0.30068650505402134,-1.7164122483648115e-06
1.379,APPROACH,0.0,0.0,0.0,0,-0.0006200000000000674,0.0,0.0,-0.3006854702777156,-1.711929458865514e-06
1.3800000000000001,APPROACH,0.0,0.0,0.0,0,-0.0006190000000000674,0.0,0.0,-0.3006844355181982,-1.7075502288585465e-06
1.381,APPROACH,0.0,0.0,0.0,0,-0.0006180000000000674,0.0,0.0,-0.3006834007754262,-1.7032741842175117e-06
1.3820000000000001,APPROACH,0.0,0.0,0.0,0,-0.0006170000000000674,0.0,0.0,-0.3006823660493578,-1.6991009254050777e-06
1.383,APPROACH,0.0,0.0,0.0,0,-0.0006160000000000673,0.0,0.0,-0.3006813313399519,-1.6950300279303942e-06
1.3840000000000001,APPROACH,0.0,0.0,0.0,0,-0.0006150000000000673,0.0,0.0,-0.30068029664716867,-1.691061042807757e-06
1.385,APPROACH,0.0,0.0,0.0,0,-0.0006140000000000673,0.0,0.0,-0.30067926197096917,-1.6871934970163595e-06
1.3860000000000001,APPROACH,0.0,0.0,0.0,0,-0.0006130000000000673,0.0,0.0,-0.30067822731131544,-1.6834268939609945e-06
1.387,APPROACH,0.0,0.0,0.0,0,-0.0006120000000000672,0.0,0.0,-0.30067719266817056,-1.6797607139335598e-06
1.3880000000000001,APPROACH,0.0,0.0,0.0,0,-0.0006110000000000672,0.0,0.0,-0.3006761580414986,-1.6761944145752184e-06
1.389,APPROACH,0.0,0.0,0.0,0,-0.0006100000000000672,0.0,0.0,-0.30067512343126457,-1.6727274313390474e-06
1.3900000000000001,APPROACH,0.0,0.0,0.0,0,-0.0006090000000000672,0.0,0.0,-0.30067408883743446,-1.669359177953068e-06
1.391,APPROACH,0.0,0.0,0.0,0,-0.0006080000000000671,0.0,0.0,-0.30067305425997526,-1.6660890468834944e-06
1.3920000000000001,APPROACH,0.0,0.0,0.0,0,-0.0006070000000000671,0.0,0.0,-0.30067201969885493,-1.6629164097980652e-06
1.393,APPROACH,0.0,0.0,0.0,0,-0.0006060000000000671,0.0,0.0,-0.3006709851540423,-1.659840618029321e-06
1.3940000000000001,APPROACH,0.0,0.0,0.0,0,-0.0006050000000000671,0.0,0.0,-0.3006699506255072,-1.6568610030376928e-06
1.395,APPROACH,0.0,0.0,0.0,0,-0.000604000000000067,0.0,0.0,-0.3006689161132205,-1.6539768768742633e-06
1.3960000000000001,APPROACH,0.0,0.0,0.0,0,-0.000603000000000067,0.0,0.0,-0.3006678816171538,-1.651187532643081e-06
1.397,APPROACH,0.0,0.0,0.0,0,-0.000602000000000067,0.0,0.0,-0.3006668471372798,-1.6484922449628846e-06
1.3980000000000001,APPROACH,0.0,0.0,0.0,0,-0.000601000000000067,0.0,0.0,-0.30066581267357206,-1.6458902704281083e-06
1.399,APPROACH,0.0,0.0,0.0,0,-0.000600000000000067,0.0,0.0,-0.30066477822600507,-1.6433808480690668e-06
1.4000000000000001,APPROACH,0.0,0.0,0.0,0,-0.0005990000000000669,0.0,0.0,-0.30066374379455424,-1.6409631998111652e-06
1.401,APPROACH,0.0,0.0,0.0,0,-0.0005980000000000669,0.0,0.0,-0.3006627093791958,-1.6386365309330132e-06
1.4020000000000001,APPROACH,0.0,0.0,0.0,0,-0.0005970000000000669,0.0,0.0,-0.300661674979907,-1.6364000305233497e-06
1.403,APPROACH,0.0,0.0,0.0,0,-0.0005960000000000669,0.0,0.0,-0.3006606405966658,-1.6342528719366279e-06
1.4040000000000001,APPROACH,0.0,0.0,0.0,0,-0.0005950000000000668,0.0,0.0,-0.30065960622945126,-1.632194213247166e-06
1.405,APPROACH,0.0,0.0,0.0,0,-0.0005940000000000668,0.0,0.0,-0.3006585718782432,-1.630223197701753e-06
1.4060000000000001,APPROACH,0.0,0.0,0.0,0,-0.0005930000000000668,0.0,0.0,-0.3006575375430222,-1.6283389541705753e-06
1.407,APPROACH,0.0,0.0,0.0,0,-0.0005920000000000668,0.0,0.0,-0.30065650322376986,-1.626540597596363e-06
1.408,APPROACH,0.0,0.0,0.0,0,-0.0005910000000000667,0.0,0.0,-0.30065546892046846,-1.6248272294416556e-06
1.409,APPROACH,0.0,0.0,0.0,0,-0.0005900000000000667,0.0,0.0,-0.30065443463310126,-1.6231979381340719e-06
1.41,APPROACH,0.0,0.0,0.0,0,-0.0005890000000000667,0.0,0.0,-0.3006534003616522,-1.6216517995094815e-06
1.411,APPROACH,0.0,0.0,0.0,0,-0.0005880000000000667,0.0,0.0,-0.30065236610610624,-1.6201878772529712e-06
1.412,APPROACH,0.0,0.0,0.0,0,-0.0005870000000000666,0.0,0.0,-0.30065133186644893,-1.6188052233375304e-06
1.413,APPROACH,0.0,0.0,0.0,0,-0.0005860000000000666,0.0,0.0,-0.30065029764266676,-1.617502878460314e-06
1.414,APPROACH,0.0,0.0,0.0,0,-0.0005850000000000666,0.0,0.0,-0.30064926343474696,-1.6162798724764206e-06
1.415,APPROACH,0.0,0.0,0.0,0,-0.0005840000000000666,0.0,0.0,-0.3006482292426775,-1.6151352248300867e-06
1.416,APPROACH,0.0,0.0,0.0,0,-0.0005830000000000665,0.0,0.0,-0.30064719506644716,-1.6140679449831817e-06
1.417,APPROACH,0.0,0.0,0.0,0,-0.0005820000000000665,0.0,0.0,-0.30064616090604546,-1.6130770328409413e-06
1.418,APPROACH,0.0,0.0,0.0,0,-0.0005810000000000665,0.0,0.0,-0.3006451267614627,-1.6121614791748421e-06
1.419,APPROACH,0.0,0.0,0.0,0,-0.0005800000000000665,0.0,0.0,-0.30064409263268993,-1.6113202660425178e-06
1.42,APPROACH,0.0,0.0,0.0,0,-0.0005790000000000664,0.0,0.0,-0.3006430585197189,-1.6105523672046626e-06
1.421,APPROACH,0.0,0.0,0.0,0,-0.0005780000000000664,0.0,0.0,-0.300642024422542,-1.609856748538798e-06
1.422,APPROACH,0.0,0.0,0.0,0,-0.0005770000000000664,0.0,0.0,-0.3006409903411525,-1.6092323684498574e-06
1.423,APPROACH,0.0,0.0,0.0,0,-0.0005760000000000664,0.0,0.0,-0.30063995627554424,-1.608678178277502e-06
1.424,APPROACH,0.0,0.0,0.0,0,-0.0005750000000000663,0.0,0.0,-0.30063892222571176,-1.6081931227000756e-06
1.425,APPROACH,0.0,0.0,0.0,0,-0.0005740000000000663,0.0,0.0,-0.3006378881916503,-1.6077761401351504e-06
1.426,APPROACH,0.0,0.0,0.0,0,-0.0005730000000000663,0.0,0.0,-0.30063685417335584,-1.6074261631365728e-06
1.427,APPROACH,0.0,0.0,0.0,0,-0.0005720000000000663,0.0,0.0,-0.30063582017082485,-1.6071421187879398e-06
1.428,APPROACH,0.0,0.0,0.0,0,-0.0005710000000000662,0.0,0.0,-0.30063478618405465,-1.6069229290924408e-06
1.429,APPROACH,0.0,0.0,0.0,0,-0.0005700000000000662,0.0,0.0,-0.300633752213043,-1.6067675113590041e-06
1.43,APPROACH,0.0,0.0,0.0,0,-0.0005690000000000662,0.0,0.0,-0.3006327182577884,-1.6066747785846761e-06
1.431,APPROACH,0.0,0.0,0.0,0,-0.0005680000000000662,0.0,0.0,-0.30063168431828996,-1.606643639833166e-06
1.432,APPROACH,0.0,0.0,0.0,0,-0.0005670000000000661,0.0,0.0,-0.30063065039454734,-1.606673000609512e-06
1.433,APPROACH,0.0,0.0,0.0,0,-0.0005660000000000661,0.0,0.0,-0.3006296164865609,-1.606761763230814e-06
1.434,APPROACH,0.0,0.0,0.0,0,-0.0005650000000000661,0.0,0.0,-0.3006285825943314,-1.6069088271929354e-06
1.435,APPROACH,0.0,0.0,0.0,0,-0.0005640000000000661,0.0,0.0,-0.30062754871786035,-1.6071130895331723e-06
1.436,APPROACH,0.0,0.0,0.0,0,-0.000563000000000066,0.0,0.0,-0.30062651485714975,-1.6073734451887973e-06
1.437,APPROACH,0.0,0.0,0.0,0,-0.000562000000000066,0.0,0.0,-0.30062548101220216,-1.6076887873514407e-06
1.438,APPROACH,0.0,0.0,0.0,0,-0.000561000000000066,0.0,0.0,-0.3006244471830206,-1.6080580078172832e-06
1.439,APPROACH,0.0,0.0,0.0,0,-0.000560000000000066,0.0,0.0,-0.3006234133696088,-1.6084799973329779e-06
1.44,APPROACH,0.0,0.0,0.0,0,-0.000559000000000066,0.0,0.0,-0.3006223795719708,-1.6089536459372676e-06
1.441,APPROACH,0.0,0.0,0.0,0,-0.0005580000000000659,0.0,0.0,-0.3006213457901113,-1.6094778432982653e-06
1.442,APPROACH,0.0,0.0,0.0,0,-0.0005570000000000659,0.0,0.0,-0.30062031202403544,-1.6100514790463366e-06
1.443,APPROACH,0.0,0.0,0.0,0,-0.0005560000000000659,0.0,0.0,-0.30061927827374885,-1.610673443102569e-06
1.444,APPROACH,0.0,0.0,0.0,0,-0.0005550000000000659,0.0,0.0,-0.30061824453925756,-1.611342626002774e-06
1.445,APPROACH,0.0,0.0,0.0,0,-0.0005540000000000658,0.0,0.0,-0.3006172108205682,-1.6120579192169905e-06
1.446,APPROACH,0.0,0.0,0.0,0,-0.0005530000000000658,0.0,0.0,-0.3006161771176878,-1.612818215464454e-06
1.447,APPROACH,0.0,0.0,0.0,0,-0.0005520000000000658,0.0,0.0,-0.30061514343062373,-1.6136224090240009e-06
1.448,APPROACH,0.0,0.0,0.0,0,-0.0005510000000000658,0.0,0.0,-0.30061410975938396,-1.6144693960398763e-06
1.449,APPROACH,0.0,0.0,0.0,0,-0.0005500000000000657,0.0,0.0,-0.30061307610397675,-1.615358074822901e-06
1.45,APPROACH,0.0,0.0,0.0,0,-0.0005490000000000657,0.0,0.0,-0.3006120424644108,-1.616287346147013e-06
1.451,APPROACH,0.0,0.0,0.0,0,-0.0005480000000000657,0.0,0.0,-0.3006110088406953,-1.6172561135411176e-06
1.452,APPROACH,0.0,0.0,0.0,0,-0.0005470000000000657,0.0,0.0,-0.30060997523283967,-1.6182632835762394e-06
1.453,APPROACH,0.0,0.0,0.0,0,-0.0005460000000000656,0.0,0.0,-0.30060894164085383,-1.6193077661479456e-06
1.454,APPROACH,0.0,0.0,0.0,0,-0.0005450000000000656,0.0,0.0,-0.30060790806474796,-1.6203884747540297e-06
1.455,APPROACH,0.0,0.0,0.0,0,-0.0005440000000000656,0.0,0.0,-0.3006068745045327,-1.621504326767434e-06
1.456,APPROACH,0.0,0.0,0.0,0,-0.0005430000000000656,0.0,0.0,-0.30060584096021903,-1.6226542437043815e-06
1.457,APPROACH,0.0,0.0,0.0,0,-0.0005420000000000655,0.0,0.0,-0.30060480743181817,-1.623837151487737e-06
1.458,APPROACH,0.0,0.0,0.0,0,-0.0005410000000000655,0.0,0.0,-0.30060377391934173,-1.6250519807055554e-06
1.459,APPROACH,0.0,0.0,0.0,0,-0.0005400000000000655,0.0,0.0,-0.30060274042280166,-1.6262976668647904e-06
1.46,APPROACH,0.0,0.0,0.0,0,-0.0005390000000000655,0.0,0.0,-0.3006017069422101,-1.6275731506401904e-06
1.461,APPROACH,0.0,0.0,0.0,0,-0.0005380000000000654,0.0,0.0,-0.3006006734775796,-1.628877378118353e-06
1.462,APPROACH,0.0,0.0,0.0,0,-0.0005370000000000654,0.0,0.0,-0.30059964002892303,-1.6302093010369214e-06
1.463,APPROACH,0.0,0.0,0.0,0,-0.0005360000000000654,0.0,0.0,-0.3005986065962533,-1.6315678770189373e-06
1.464,APPROACH,0.0,0.0,0.0,0,-0.0005350000000000654,0.0,0.0,-0.30059757317958385,-1.6329520698023369e-06
1.465,APPROACH,0.0,0.0,0.0,0,-0.0005340000000000653,0.0,0.0,-0.3005965397789282,-1.634360849464591e-06
1.466,APPROACH,0.0,0.0,0.0,0,-0.0005330000000000653,0.0,0.0,-0.30059550639430016,-1.635793192642475e-06
1.467,APPROACH,0.0,0.0,0.0,0,-0.0005320000000000653,0.0,0.0,-0.3005944730257138,-1.6372480827469809e-06
1.468,APPROACH,0.0,0.0,0.0,0,-0.0005310000000000653,0.0,0.0,-0.30059343967318336,-1.63872451017337e-06
1.469,APPROACH,0.0,0.0,0.0,0,-0.0005300000000000652,0.0,0.0,-0.30059240633672335,-1.640221472506373e-06
1.47,APPROACH,0.0,0.0,0.0,0,-0.0005290000000000652,0.0,0.0,-0.3005913730163484,-1.641737974720538e-06
1.471,APPROACH,0.0,0.0,0.0,0,-0.0005280000000000652,0.0,0.0,-0.30059033971207344,-1.6432730293757185e-06
1.472,APPROACH,0.0,0.0,0.0,0,-0.0005270000000000652,0.0,0.0,-0.3005893064239135,-1.6448256568077262e-06
1.473,APPROACH,0.0,0.0,0.0,0,-0.0005260000000000652,0.0,0.0,-0.3005882731518838,-1.6463948853141677e-06
1.474,APPROACH,0.0,0.0,0.0,0,-0.0005250000000000651,0.0,0.0,-0.3005872398959997,-1.6479797513354336e-06
1.475,APPROACH,0.0,0.0,0.0,0,-0.0005240000000000651,0.0,0.0,-0.30058620665627683,-1.6495792996308996e-06
1.476,APPROACH,0.0,0.0,0.0,0,-0.0005230000000000651,0.0,0.0,-0.3005851734327308,-1.6511925834503088e-06
1.477,APPROACH,0.0,0.0,0.0,0,-0.0005220000000000651,0.0,0.0,-0.30058414022537744,-1.6528186647003845e-06
1.478,APPROACH,0.0,0.0,0.0,0,-0.000521000000000065,0.0,0.0,-0.3005831070342327,-1.6544566141066696e-06
1.479,APPROACH,0.0,0.0,0.0,0,-0.000520000000000065,0.0,0.0,-0.3005820738593126,-1.6561055113705999e-06
1.48,APPROACH,0.0,0.0,0.0,0,-0.000519000000000065,0.0,0.0,-0.30058104070063346,-1.657764445321845e-06
1.481,APPROACH,0.0,0.0,0.0,0,-0.000518000000000065,0.0,0.0,-0.3005800075582114,-1.6594325140659353e-06
1.482,APPROACH,0.0,0.0,0.0,0,-0.0005170000000000649,0.0,0.0,-0.30057897443206283,-1.6611088251271841e-06
1.483,APPROACH,0.0,0.0,0.0,0,-0.0005160000000000649,0.0,0.0,-0.30057794132220417,-1.6627924955869267e-06
1.484,APPROACH,0.0,0.0,0.0,0,-0.0005150000000000649,0.0,0.0,-0.3005769082286519,-1.6644826522171044e-06
1.485,APPROACH,0.0,0.0,0.0,0,-0.0005140000000000649,0.0,0.0,-0.3005758751514227,-1.6661784316092082e-06
1.486,APPROACH,0.0,0.0,0.0,0,-0.0005130000000000648,0.0,0.0,-0.3005748420905331,-1.6678789802986256e-06
1.487,APPROACH,0.0,0.0,0.0,0,-0.0005120000000000648,0.0,0.0,-0.3005738090459998,-1.6695834548843812e-06
1.488,APPROACH,0.0,0.0,0.0,0,-0.0005110000000000648,0.0,0.0,-0.3005727760178395,-1.6712910221443228e-06
1.489,APPROACH,0.0,0.0,0.0,0,-0.0005100000000000648,0.0,0.0,-0.300571743006069,-1.6730008591457777e-06
1.49,APPROACH,0.0,0.0,0.0,0,-0.0005090000000000647,0.0,0.0,-0.300570710010705,-1.6747121533516923e-06
1.491,APPROACH,0.0,0.0,0.0,0,-0.0005080000000000647,0.0,0.0,-0.30056967703176435,-1.676424102722307e-06
1.492,APPROACH,0.0,0.0,0.0,0,-0.0005070000000000647,0.0,0.0,-0.3005686440692638,-1.678135915812368e-06
1.493,APPROACH,0.0,0.0,0.0,0,-0.0005060000000000647,0.0,0.0,-0.30056761112322017,-1.6798468118639362e-06
1.494,APPROACH,0.0,0.0,0.0,0,-0.0005050000000000646,0.0,0.0,-0.3005665781936502,-1.6815560208947997e-06
1.495,APPROACH,0.0,0.0,0.0,0,-0.0005040000000000646,0.0,0.0,-0.3005655452805706,-1.6832627837825306e-06
1.496,APPROACH,0.0,0.0,0.0,0,-0.0005030000000000646,0.0,0.0,-0.30056451238399823,-1.6849663523442195e-06
1.497,APPROACH,0.0,0.0,0.0,0,-0.0005020000000000646,0.0,0.0,-0.3005634795039497,-1.6866659894119384e-06
1.498,APPROACH,0.0,0.0,0.0,0,-0.0005010000000000645,0.0,0.0,-0.3005624466404417,-1.6883609689039397e-06
1.499,APPROACH,0.0,0.0,0.0,0,-0.0005000000000000645,0.0,0.0,-0.3005614137934909,-1.6900505758916389e-06
1.5,APPROACH,0.0,0.0,0.0,0,-0.0004990000000000645,0.0,0.0,-0.30056038096311377,-1.6917341066624224e-06
1.5010000000000001,APPROACH,0.0,0.0,0.0,0,-0.0004980000000000645,0.0,0.0,-0.30055934814932694,-1.6934108687783017e-06
1.502,APPROACH,0.0,0.0,0.0,0,-0.0004970000000000644,0.0,0.0,-0.3005583153521468,-1.6950801811304792e-06
1.5030000000000001,APPROACH,0.0,0.0,0.0,0,-0.0004960000000000644,0.0,0.0,-0.30055728257158965,-1.6967413739898303e-06
1.504,APPROACH,0.0,0.0,0.0,0,-0.0004950000000000644,0.0,0.0,-0.30055624980767187,-1.698393789053362e-06
1.5050000000000001,APPROACH,0.0,0.0,0.0,0,-0.0004940000000000644,0.0,0.0,-0.30055521706040966,-1.7000367794866968e-06
1.506,APPROACH,0.0,0.0,0.0,0,-0.0004930000000000644,0.0,0.0,-0.30055418432981906,-1.7016697099625973e-06
1.5070000000000001,APPROACH,0.0,0.0,0.0,0,-0.0004920000000000643,0.0,0.0,-0.30055315161591617,-1.7032919566955846e-06
1.508,APPROACH,0.0,0.0,0.0,0,-0.0004910000000000643,0.0,0.0,-0.30055211891871686,-1.7049029074727003e-06
1.5090000000000001,APPROACH,0.0,0.0,0.0,0,-0.0004900000000000643,0.0,0.0,-0.3005510862382369,-1.7065019616804543e-06
1.51,APPROACH,0.0,0.0,0.0,0,-0.0004890000000000643,0.0,0.0,-0.300550053574492,-1.7080885303279768e-06
1.5110000000000001,APPROACH,0.0,0.0,0.0,0,-0.00048800000000006423,0.0,0.0,-0.3005490209274977,-1.7096620360664356e-06
1.512,APPROACH,0.0,0.0,0.0,0,-0.0004870000000000642,0.0,0.0,-0.3005479882972695,-1.7112219132047725e-06
1.5130000000000001,APPROACH,0.0,0.0,0.0,0,-0.0004860000000000642,0.0,0.0,-0.30054695568382256,-1.7127676077217875e-06
1.514,APPROACH,0.0,0.0,0.0,0,-0.00048500000000006416,0.0,0.0,-0.30054592308717215,-1.7142985772746187e-06
1.5150000000000001,APPROACH,0.0,0.0,0.0,0,-0.00048400000000006413,0.0,0.0,-0.3005448905073333,-1.715814291203677e-06
1.516,APPROACH,0.0,0.0,0.0,0,-0.0004830000000000641,0.0,0.0,-0.3005438579443208,-1.7173142305340598e-06
1.5170000000000001,APPROACH,0.0,0.0,0.0,0,-0.0004820000000000641,0.0,0.0,-0.3005428253981494,-1.7187978879735013e-06
1.518,APPROACH,0.0,0.0,0.0,0,-0.00048100000000006406,0.0,0.0,-0.30054179286883365,-1.7202647679069108e-06
1.5190000000000001,APPROACH,0.0,0.0,0.0,0,-0.00048000000000006403,0.0,0.0,-0.3005407603563879,-1.7217143863875363e-06
1.52,APPROACH,0.0,0.0,0.0,0,-0.000479000000000064,0.0,0.0,-0.30053972786082633,-1.7231462711248013e-06
1.5210000000000001,APPROACH,0.0,0.0,0.0,0,-0.000478000000000064,0.0,0.0,-0.3005386953821631,-1.7245599614688707e-06
1.522,APPROACH,0.0,0.0,0.0,0,-0.00047700000000006396,0.0,0.0,-0.300537662920412,-1.7259550083919894e-06
1.5230000000000001,APPROACH,0.0,0.0,0.0,0,-0.00047600000000006394,0.0,0.0,-0.3005366304755867,-1.7273309744666428e-06
1.524,APPROACH,0.0,0.0,0.0,0,-0.0004750000000000639,0.0,0.0,-0.30053559804770075,-1.728687433840588e-06
1.5250000000000001,APPROACH,0.0,0.0,0.0,0,-0.0004740000000000639,0.0,0.0,-0.3005345656367674,-1.7300239722088066e-06
1.526,APPROACH,0.0,0.0,0.0,0,-0.00047300000000006386,0.0,0.0,-0.30053353324279974,-1.731340186782417e-06
1.5270000000000001,APPROACH,0.0,0.0,0.0,0,-0.00047200000000006384,0.0,0.0,-0.30053250086581074,-1.7326356862546046e-06
1.528,APPROACH,0.0,0.0,0.0,0,-0.0004710000000000638,0.0,0.0,-0.3005314685058131,-1.7339100907636235e-06
1.5290000000000001,APPROACH,0.0,0.0,0.0,0,-0.0004700000000000638,0.0,0.0,-0.30053043616281927,-1.7351630318529285e-06
1.53,APPROACH,0.0,0.0,0.0,0,-0.00046900000000006377,0.0,0.0,-0.30052940383684157,-1.7363941524284504e-06
1.5310000000000001,APPROACH,0.0,0.0,0.0,0,-0.00046800000000006374,0.0,0.0,-0.300528371527892,-1.7376031067130975e-06
1.532,APPROACH,0.0,0.0,0.0,0,-0.0004670000000000637,0.0,0.0,-0.30052733923598257,-1.7387895601985346e-06
1.5330000000000001,APPROACH,0.0,0.0,0.0,0,-0.0004660000000000637,0.0,0.0,-0.30052630696112476,-1.7399531895942633e-06
1.534,APPROACH,0.0,0.0,0.0,0,-0.00046500000000006367,0.0,0.0,-0.30052527470333007,-1.7410936827740876e-06
1.5350000000000001,APPROACH,0.0,0.0,0.0,0,-0.00046400000000006365,0.0,0.0,-0.30052424246260967,-1.742210738719993e-06
1.536,APPROACH,0.0,0.0,0.0,0,-0.0004630000000000636,0.0,0.0,-0.3005232102389745,-1.7433040674634894e-06
1.537,APPROACH,0.0,0.0,0.0,0,-0.0004620000000000636,0.0,0.0,-0.30052217803243525,-1.7443733900244869e-06
1.538,APPROACH,0.0,0.0,0.0,0,-0.00046100000000006357,0.0,0.0,-0.30052114584300244,-1.7454184383477392e-06
1.539,APPROACH,0.0,0.0,0.0,0,-0.00046000000000006355,0.0,0.0,-0.3005201136706863,-1.7464389552369116e-06
1.54,APPROACH,0.0,0.0,0.0,0,-0.0004590000000000635,0.0,0.0,-0.3005190815154969,-1.74743469428632e-06
1.541,APPROACH,0.0,0.0,0.0,0,-0.0004580000000000635,0.0,0.0,-0.3005180493774439,-1.7484054198104023e-06
1.542,APPROACH,0.0,0.0,0.0,0,-0.0004570000000000635,0.0,0.0,-0.30051701725653696,-1.7493509067709613e-06
1.543,APPROACH,0.0,0.0,0.0,0,-0.00045600000000006345,0.0,0.0,-0.3005159851527852,-1.7502709407022312e-06
1.544,APPROACH,0.0,0.0,0.0,0,-0.0004550000000000634,0.0,0.0,-0.30051495306619774,-1.7511653176338273e-06
1.545,APPROACH,0.0,0.0,0.0,0,-0.0004540000000000634,0.0,0.0,-0.3005139209967833,-1.7520338440116243e-06
1.546,APPROACH,0.0,0.0,0.0,0,-0.0004530000000000634,0.0,0.0,-0.30051288894455047,-1.7528763366166232e-06
1.547,APPROACH,0.0,0.0,0.0,0,-0.00045200000000006335,0.0,0.0,-0.30051185690950744,-1.7536926224818363e-06
1.548,APPROACH,0.0,0.0,0.0,0,-0.00045100000000006333,0.0,0.0,-0.30051082489166225,-1.7544825388072576e-06
1.549,APPROACH,0.0,0.0,0.0,0,-0.0004500000000000633,0.0,0.0,-0.30050979289102264,-1.755245932872963e-06
1.55,APPROACH,0.0,0.0,0.0,0,-0.0004490000000000633,0.0,0.0,-0.3005087609075961,-1.755982661950396e-06
1.551,APPROACH,0.0,0.0,0.0,0,-0.00044800000000006326,0.0,0.0,-0.30050772894138983,-1.7566925932118878e-06
1.552,APPROACH,0.0,0.0,0.0,0,-0.00044700000000006323,0.0,0.0,-0.3005066969924108,-1.7573756036384638e-06
1.553,APPROACH,0.0,0.0,0.0,0,-0.0004460000000000632,0.0,0.0,-0.30050566506066567,-1.758031579925973e-06
1.554,APPROACH,0.0,0.0,0.0,0,-0.0004450000000000632,0.0,0.0,-0.30050463314616094,-1.7586604183896046e-06
1.555,APPROACH,0.0,0.0,0.0,0,-0.00044400000000006316,0.0,0.0,-0.3005036012489028,-1.75926202486684e-06
1.556,APPROACH,0.0,0.0,0.0,0,-0.00044300000000006313,0.0,0.0,-0.3005025693688971,-1.7598363146188947e-06
1.557,APPROACH,0.0,0.0,0.0,0,-0.0004420000000000631,0.0,0.0,-0.30050153750614944,-1.7603832122306693e-06
1.558,APPROACH,0.0,0.0,0.0,0,-0.0004410000000000631,0.0,0.0,-0.3005005056606652,-1.7609026515092944e-06
1.559,APPROACH,0.0,0.0,0.0,0,-0.00044000000000006306,0.0,0.0,-0.30049947383244957,-1.7613945753812966e-06
1.56,APPROACH,0.0,0.0,0.0,0,-0.00043900000000006304,0.0,0.0,-0.3004984420215073,-1.7618589357884507e-06
1.561,APPROACH,0.0,0.0,0.0,0,-0.000438000000000063,0.0,0.0,-0.3004974102278429,-1.7622956935823502e-06
1.562,APPROACH,0.0,0.0,0.0,0,-0.000437000000000063,0.0,0.0,-0.30049637845146066,-1.7627048184177547e-06
1.563,APPROACH,0.0,0.0,0.0,0,-0.00043600000000006296,0.0,0.0,-0.30049534669236466,-1.7630862886447584e-06
1.564,APPROACH,0.0,0.0,0.0,0,-0.00043500000000006294,0.0,0.0,-0.3004943149505586,-1.7634400911998297e-06
1.565,APPROACH,0.0,0.0,0.0,0,-0.0004340000000000629,0.0,0.0,-0.30049328322604596,-1.7637662214957643e-06
1.566,APPROACH,0.0,0.0,0.0,0,-0.0004330000000000629,0.0,0.0,-0.3004922515188299,-1.7640646833105912e-06
1.567,APPROACH,0.0,0.0,0.0,0,-0.00043200000000006287,0.0,0.0,-0.3004912198289134,-1.764335488675503e-06
1.568,APPROACH,0.0,0.0,0.0,0,-0.00043100000000006284,0.0,0.0,-0.30049018815629913,-1.764578657761832e-06
1.569,APPROACH,0.0,0.0,0.0,0,-0.0004300000000000628,0.0,0.0,-0.30048915650098945,-1.7647942187671315e-06
1.57,APPROACH,0.0,0.0,0.0,0,-0.0004290000000000628,0.0,0.0,-0.3004881248629864,-1.7649822078003944e-06
1.571,APPROACH,0.0,0.0,0.0,0,-0.00042800000000006277,0.0,0.0,-0.30048709324229195,-1.7651426687664793e-06
1.572,APPROACH,0.0,0.0,0.0,0,-0.00042700000000006275,0.0,0.0,-0.3004860616389076,-1.7652756532497614e-06
1.573,APPROACH,0.0,0.0,0.0,0,-0.0004260000000000627,0.0,0.0,-0.30048503005283467,-1.7653812203970676e-06
1.574,APPROACH,0.0,0.0,0.0,0,-0.0004250000000000627,0.0,0.0,-0.3004839984840742,-1.7654594367999327e-06
1.575,APPROACH,0.0,0.0,0.0,0,-0.0004240000000000627,0.0,0.0,-0.30048296693262694,-1.7655103763762269e-06
1.576,APPROACH,0.0,0.0,0.0,0,-0.00042300000000006265,0.0,0.0,-0.3004819353984934,-1.765534120251202e-06
1.577,APPROACH,0.0,0.0,0.0,0,-0.0004220000000000626,0.0,0.0,-0.3004809038816738,-1.765530756637982e-06
1.578,APPROACH,0.0,0.0,0.0,0,-0.0004210000000000626,0.0,0.0,-0.30047987238216817,-1.7655003807175474e-06
1.579,APPROACH,0.0,0.0,0.0,0,-0.0004200000000000626,0.0,0.0,-0.3004788408999761,-1.7654430945182697e-06
1.58,APPROACH,0.0,0.0,0.0,0,-0.00041900000000006255,0.0,0.0,-0.3004778094350971,-1.765359006795025e-06
1.581,APPROACH,0.0,0.0,0.0,0,-0.00041800000000006253,0.0,0.0,-0.30047677798753036,-1.7652482329079265e-06
1.582,APPROACH,0.0,0.0,0.0,0,-0.0004170000000000625,0.0,0.0,-0.30047574655727477,-1.7651108947007126e-06
1.583,APPROACH,0.0,0.0,0.0,0,-0.0004160000000000625,0.0,0.0,-0.300474715144329,-1.764947120378849e-06
1.584,APPROACH,0.0,0.0,0.0,0,-0.00041500000000006245,0.0,0.0,-0.3004736837486914,-1.7647570443873677e-06
1.585,APPROACH,0.0,0.0,0.0,0,-0.00041400000000006243,0.0,0.0,-0.30047265237036014,-1.7645408072884815e-06
1.586,APPROACH,0.0,0.0,0.0,0,-0.0004130000000000624,0.0,0.0,-0.3004716210093331,-1.7642985556390414e-06
1.587,APPROACH,0.0,0.0,0.0,0,-0.0004120000000000624,0.0,0.0,-0.3004705896656079,-1.7640304418678242e-06
1.588,APPROACH,0.0,0.0,0.0,0,-0.00041100000000006236,0.0,0.0,-0.30046955833918193,-1.7637366241527412e-06
1.589,APPROACH,0.0,0.0,0.0,0,-0.00041000000000006233,0.0,0.0,-0.3004685270300522,-1.763417266297971e-06
1.59,APPROACH,0.0,0.0,0.0,0,-0.0004090000000000623,0.0,0.0,-0.30046749573821574,-1.7630725376110664e-06
1.591,APPROACH,0.0,0.0,0.0,0,-0.0004080000000000623,0.0,0.0,-0.3004664644636691,-1.7627026127800708e-06
1.592,APPROACH,0.0,0.0,0.0,0,-0.00040700000000006226,0.0,0.0,-0.3004654332064086,-1.7623076717506724e-06
1.593,APPROACH,0.0,0.0,0.0,0,-0.00040600000000006224,0.0,0.0,-0.3004644019664304,-1.7618878996034465e-06
1.594,APPROACH,0.0,0.0,0.0,0,-0.0004050000000000622,0.0,0.0,-0.3004633707437305,-1.7614434864312109e-06
1.595,APPROACH,0.0,0.0,0.0,0,-0.0004040000000000622,0.0,0.0,-0.30046233953830437,-1.7609746272165322e-06
1.596,APPROACH,0.0,0.0,0.0,0,-0.00040300000000006216,0.0,0.0,-0.3004613083501475,-1.7604815217094135e-06
1.597,APPROACH,0.0,0.0,0.0,0,-0.00040200000000006214,0.0,0.0,-0.300460277179255,-1.7599643743052015e-06
1.598,APPROACH,0.0,0.0,0.0,0,-0.0004010000000000621,0.0,0.0,-0.30045924602562185,-1.7594233939227428e-06
1.599,APPROACH,0.0,0.0,0.0,0,-0.0004000000000000621,0.0,0.0,-0.30045821488924274,-1.758858793882828e-06
1.6,APPROACH,0.0,0.0,0.0,0,-0.00039900000000006207,0.0,0.0,-0.3004571837701121,-1.7582707917869453e-06
1.601,APPROACH,0.0,0.0,0.0,0,-0.00039800000000006204,0.0,0.0,-0.30045615266822423,-1.7576596093963744e-06
1.602,APPROACH,0.0,0.0,0.0,0,-0.000397000000000062,0.0,0.0,-0.30045512158357307,-1.7570254725116724e-06
1.603,APPROACH,0.0,0.0,0.0,0,-0.000396000000000062,0.0,0.0,-0.3004540905161524,-1.7563686108525614e-06
1.604,APPROACH,0.0,0.0,0.0,0,-0.00039500000000006197,0.0,0.0,-0.30045305946595585,-1.755689257938254e-06
1.605,APPROACH,0.0,0.0,0.0,0,-0.00039400000000006194,0.0,0.0,-0.3004520284329767,-1.7549876509682455e-06
1.606,APPROACH,0.0,0.0,0.0,0,-0.0003930000000000619,0.0,0.0,-0.30045099741720804,-1.7542640307036034e-06
1.607,APPROACH,0.0,0.0,0.0,0,-0.0003920000000000619,0.0,0.0,-0.30044996641864286,-1.7535186413487743e-06
1.608,APPROACH,0.0,0.0,0.0,0,-0.00039100000000006187,0.0,0.0,-0.3004489354372738,-1.7527517304339568e-06
1.609,APPROACH,0.0,0.0,0.0,0,-0.00039000000000006185,0.0,0.0,-0.30044790447309333,-1.751963548698058e-06
1.61,APPROACH,0.0,0.0,0.0,0,-0.0003890000000000618,0.0,0.0,-0.3004468735260937,-1.75115434997224e-06
1.611,APPROACH,0.0,0.0,0.0,0,-0.0003880000000000618,0.0,0.0,-0.30044584259626705,-1.7503243910641042e-06
1.612,APPROACH,0.0,0.0,0.0,0,-0.0003870000000000618,0.0,0.0,-0.3004448116836052,-1.7494739316425394e-06
1.613,APPROACH,0.0,0.0,0.0,0,-0.00038600000000006175,0.0,0.0,-0.3004437807880998,-1.7486032341232464e-06
1.614,APPROACH,0.0,0.0,0.0,0,-0.0003850000000000617,0.0,0.0,-0.30044274990974235,-1.7477125635549723e-06
1.615,APPROACH,0.0,0.0,0.0,0,-0.0003840000000000617,0.0,0.0,-0.30044171904852407,-1.7468021875064905e-06
1.616,APPROACH,0.0,0.0,0.0,0,-0.0003830000000000617,0.0,0.0,-0.30044068820443603,-1.7458723759543164e-06
1.617,APPROACH,0.0,0.0,0.0,0,-0.00038200000000006165,0.0,0.0,-0.3004396573774692,-1.744923401171217e-06
1.618,APPROACH,0.0,0.0,0.0,0,-0.00038100000000006163,0.0,0.0,-0.30043862656761416,-1.743955537615521e-06
1.619,APPROACH,0.0,0.0,0.0,0,-0.0003800000000000616,0.0,0.0,-0.30043759577486145,-1.7429690618212446e-06
1.62,APPROACH,0.0,0.0,0.0,0,-0.0003790000000000616,0.0,0.0,-0.30043656499920146,-1.7419642522890614e-06
1.621,APPROACH,0.0,0.0,0.0,0,-0.00037800000000006155,0.0,0.0,-0.30043553424062425,-1.7409413893781511e-06
1.622,APPROACH,0.0,0.0,0.0,0,-0.00037700000000006153,0.0,0.0,-0.3004345034991198,-1.7399007551989248e-06
1.623,APPROACH,0.0,0.0,0.0,0,-0.0003760000000000615,0.0,0.0,-0.300433472774678,-1.7388426335066567e-06
1.624,APPROACH,0.0,0.0,0.0,0,-0.0003750000000000615,0.0,0.0,-0.3004324420672884,-1.7377673095960344e-06
1.625,APPROACH,0.0,0.0,0.0,0,-0.00037400000000006146,0.0,0.0,-0.30043141137694046,-1.7366750701966684e-06
1.6260000000000001,APPROACH,0.0,0.0,0.0,0,-0.00037300000000006143,0.0,0.0,-0.30043038070362343,-1.7355662033695586e-06
1.627,APPROACH,0.0,0.0,0.0,0,-0.0003720000000000614,0.0,0.0,-0.3004293500473265,-1.7344409984045359e-06
1.6280000000000001,APPROACH,0.0,0.0,0.0,0,-0.0003710000000000614,0.0,0.0,-0.30042831940803866,-1.7332997457187062e-06
1.629,APPROACH,0.0,0.0,0.0,0,-0.00037000000000006136,0.0,0.0,-0.30042728878574865,-1.7321427367559031e-06
1.6300000000000001,APPROACH,0.0,0.0,0.0,0,-0.00036900000000006134,0.0,0.0,-0.3004262581804451,-1.7309702638871777e-06
1.631,APPROACH,0.0,0.0,0.0,0,-0.0003680000000000613,0.0,0.0,-0.3004252275921166,-1.7297826203123226e-06
1.6320000000000001,APPROACH,0.0,0.0,0.0,0,-0.0003670000000000613,0.0,0.0,-0.30042419702075146,-1.728580099962473e-06
1.633,APPROACH,0.0,0.0,0.0,0,-0.00036600000000006126,0.0,0.0,-0.3004231664663379,-1.7273629974037655e-06
1.6340000000000001,APPROACH,0.0,0.0,0.0,0,-0.00036500000000006124,0.0,0.0,-0.3004221359288639,-1.7261316077420956e-06
1.635,APPROACH,0.0,0.0,0.0,0,-0.0003640000000000612,0.0,0.0,-0.3004211054083175,-1.7248862265289837e-06
1.6360000000000001,APPROACH,0.0,0.0,0.0,0,-0.0003630000000000612,0.0,0.0,-0.3004200749046865,-1.7236271496685527e-06
1.637,APPROACH,0.0,0.0,0.0,0,-0.00036200000000006117,0.0,0.0,-0.3004190444179584,-1.7223546733256327e-06
1.6380000000000001,APPROACH,0.0,0.0,0.0,0,-0.00036100000000006114,0.0,0.0,-0.30041801394812084,-1.7210690938350016e-06
1.639,APPROACH,0.0,0.0,0.0,0,-0.0003600000000000611,0.0,0.0,-0.3004169834951612,-1.7197707076117807e-06
1.6400000000000001,APPROACH,0.0,0.0,0.0,0,-0.0003590000000000611,0.0,0.0,-0.30041595305906676,-1.718459811063006e-06
1.641,APPROACH,0.0,0.0,0.0,0,-0.00035800000000006107,0.0,0.0,-0.3004149226398246,-1.7171367005003546e-06
1.6420000000000001,APPROACH,0.0,0.0,0.0,0,-0.00035700000000006104,0.0,0.0,-0.3004138922374218,-1.7158016720540673e-06
1.643,APPROACH,0.0,0.0,0.0,0,-0.000356000000000061,0.0,0.0,-0.3004128618518453,-1.7144550215880614e-06
1.6440000000000001,APPROACH,0.0,0.0,0.0,0,-0.000355000000000061,0.0,0.0,-0.3004118314830818,-1.7130970446162495e-06
1.645,APPROACH,0.0,0.0,0.0,0,-0.00035400000000006097,0.0,0.0,-0.30041080113111807,-1.7117280362200737e-06
1.6460000000000001,APPROACH,0.0,0.0,0.0,0,-0.00035300000000006095,0.0,0.0,-0.3004097707959406,-1.710348290967252e-06
1.647,APPROACH,0.0,0.0,0.0,0,-0.0003520000000000609,0.0,0.0,-0.30040874047753596,-1.708958102831749e-06
1.6480000000000001,APPROACH,0.0,0.0,0.0,0,-0.0003510000000000609,0.0,0.0,-0.30040771017589046,-1.7075577651149891e-06
1.649,APPROACH,0.0,0.0,0.0,0,-0.0003500000000000609,0.0,0.0,-0.30040667989099035,-1.7061475703683092e-06
1.6500000000000001,APPROACH,0.0,0.0,0.0,0,-0.00034900000000006085,0.0,0.0,-0.30040564962282185,-1.7047278103166612e-06
1.651,APPROACH,0.0,0.0,0.0,0,-0.0003480000000000608,0.0,0.0,-0.300404619371371,-1.7032987757835675e-06
1.6520000000000001,APPROACH,0.0,0.0,0.0,0,-0.0003470000000000608,0.0,0.0,-0.3004035891366238,-1.7018607566173273e-06
1.653,APPROACH,0.0,0.0,0.0,0,-0.0003460000000000608,0.0,0.0,-0.30040255891856615,-1.7004140416185029e-06
1.6540000000000001,APPROACH,0.0,0.0,0.0,0,-0.00034500000000006075,0.0,0.0,-0.30040152871718384,-1.6989589184686663e-06
1.655,APPROACH,0.0,0.0,0.0,0,-0.00034400000000006073,0.0,0.0,-0.30040049853246265,-1.697495673660424e-06
1.6560000000000001,APPROACH,0.0,0.0,0.0,0,-0.0003430000000000607,0.0,0.0,-0.3003994683643882,-1.6960245924287126e-06
1.657,APPROACH,0.0,0.0,0.0,0,-0.0003420000000000607,0.0,0.0,-0.30039843821294604,-1.6945459586833727e-06
1.6580000000000001,APPROACH,0.0,0.0,0.0,0,-0.00034100000000006066,0.0,0.0,-0.3003974080781217,-1.6930600549430133e-06
1.659,APPROACH,0.0,0.0,0.0,0,-0.00034000000000006063,0.0,0.0,-0.3003963779599006,-1.6915671622701554e-06
1.6600000000000001,APPROACH,0.0,0.0,0.0,0,-0.0003390000000000606,0.0,0.0,-0.3003953478582681,-1.6900675602076709e-06
1.661,APPROACH,0.0,0.0,0.0,0,-0.0003380000000000606,0.0,0.0,-0.3003943177732095,-1.6885615267165081e-06
1.6620000000000001,APPROACH,0.0,0.0,0.0,0,-0.00033700000000006056,0.0,0.0,-0.30039328770471,-1.6870493381146994e-06
1.663,APPROACH,0.0,0.0,0.0,0,-0.00033600000000006053,0.0,0.0,-0.30039225765275485,-1.6855312690176755e-06
1.6640000000000001,APPROACH,0.0,0.0,0.0,0,-0.0003350000000000605,0.0,0.0,-0.30039122761732906,-1.6840075922798566e-06
1.665,APPROACH,0.0,0.0,0.0,0,-0.0003340000000000605,0.0,0.0,-0.3003901975984178,-1.6824785789375477e-06
1.666,APPROACH,0.0,0.0,0.0,0,-0.00033300000000006046,0.0,0.0,-0.300389167596006,-1.680944498153114e-06
1.667,APPROACH,0.0,0.0,0.0,0,-0.00033200000000006044,0.0,0.0,-0.3003881376100786,-1.6794056171604483e-06
1.668,APPROACH,0.0,0.0,0.0,0,-0.0003310000000000604,0.0,0.0,-0.30038710764062054,-1.6778622012117329e-06
1.669,APPROACH,0.0,0.0,0.0,0,-0.0003300000000000604,0.0,0.0,-0.3003860776876167,-1.6763145135254954e-06
1.67,APPROACH,0.0,0.0,0.0,0,-0.00032900000000006036,0.0,0.0,-0.3003850477510519,-1.6747628152359494e-06
1.671,APPROACH,0.0,0.0,0.0,0,-0.00032800000000006034,0.0,0.0,-0.3003840178309109,-1.6732073653436062e-06
1.672,APPROACH,0.0,0.0,0.0,0,-0.0003270000000000603,0.0,0.0,-0.30038298792717844,-1.6716484206671762e-06
1.673,APPROACH,0.0,0.0,0.0,0,-0.0003260000000000603,0.0,0.0,-0.30038195803983925,-1.6700862357967614e-06
1.674,APPROACH,0.0,0.0,0.0,0,-0.00032500000000006027,0.0,0.0,-0.300380928168878,-1.6685210630483032e-06
1.675,APPROACH,0.0,0.0,0.0,0,-0.00032400000000006024,0.0,0.0,-0.30037989831427936,-1.6669531524193175e-06
1.676,APPROACH,0.0,0.0,0.0,0,-0.0003230000000000602,0.0,0.0,-0.30037886847602796,-1.6653827515458886e-06
1.677,APPROACH,0.0,0.0,0.0,0,-0.0003220000000000602,0.0,0.0,-0.3003778386541084,-1.6638101056609322e-06
1.678,APPROACH,0.0,0.0,0.0,0,-0.00032100000000006017,0.0,0.0,-0.3003768088485052,-1.662235457553727e-06
1.679,APPROACH,0.0,0.0,0.0,0,-0.00032000000000006015,0.0,0.0,-0.300375779059203,-1.6606590475306842e-06
1.68,APPROACH,0.0,0.0,0.0,0,-0.0003190000000000601,0.0,0.0,-0.30037474928618624,-1.6590811133773774e-06
1.681,APPROACH,0.0,0.0,0.0,0,-0.0003180000000000601,0.0,0.0,-0.30037371952943953,-1.6575018903218152e-06
1.682,APPROACH,0.0,0.0,0.0,0,-0.00031700000000006007,0.0,0.0,-0.3003726897889474,-1.6559216109989552e-06
1.683,APPROACH,0.0,0.0,0.0,0,-0.00031600000000006005,0.0,0.0,-0.30037166006469423,-1.6543405054164464e-06
1.684,APPROACH,0.0,0.0,0.0,0,-0.00031500000000006,0.0,0.0,-0.30037063035666467,-1.6527588009215961e-06
1.685,APPROACH,0.0,0.0,0.0,0,-0.00031400000000006,0.0,0.0,-0.3003696006648431,-1.651176722169573e-06
1.686,APPROACH,0.0,0.0,0.0,0,-0.00031300000000006,0.0,0.0,-0.30036857098921405,-1.6495944910928082e-06
1.687,APPROACH,0.0,0.0,0.0,0,-0.00031200000000005995,0.0,0.0,-0.300367541329762,-1.6480123268716072e-06
1.688,APPROACH,0.0,0.0,0.0,0,-0.0003110000000000599,0.0,0.0,-0.30036651168647144,-1.6464304459059587e-06
1.689,APPROACH,0.0,0.0,0.0,0,-0.0003100000000000599,0.0,0.0,-0.30036548205932684,-1.6448490617885325e-06
1.69,APPROACH,0.0,0.0,0.0,0,-0.0003090000000000599,0.0,0.0,-0.30036445244831267,-1.6432683852788748e-06
1.691,APPROACH,0.0,0.0,0.0,0,-0.00030800000000005985,0.0,0.0,-0.3003634228534135,-1.6416886242787589e-06
1.692,APPROACH,0.0,0.0,0.0,0,-0.00030700000000005983,0.0,0.0,-0.3003623932746138,-1.6401099838087213e-06
1.693,APPROACH,0.0,0.0,0.0,0,-0.0003060000000000598,0.0,0.0,-0.30036136371189803,-1.6385326659857478e-06
1.694,APPROACH,0.0,0.0,0.0,0,-0.0003050000000000598,0.0,0.0,-0.3003603341652508,-1.6369568700021055e-06
1.695,APPROACH,0.0,0.0,0.0,0,-0.00030400000000005976,0.0,0.0,-0.30035930463465665,-1.6353827921053185e-06
1.696,APPROACH,0.0,0.0,0.0,0,-0.00030300000000005973,0.0,0.0,-0.3003582751201001,-1.6338106255792825e-06
1.697,APPROACH,0.0,0.0,0.0,0,-0.0003020000000000597,0.0,0.0,-0.3003572456215658,-1.6322405607264987e-06
1.698,APPROACH,0.0,0.0,0.0,0,-0.0003010000000000597,0.0,0.0,-0.3003562161390383,-1.6306727848514175e-06
1.699,APPROACH,0.0,0.0,0.0,0,-0.00030000000000005966,0.0,0.0,-0.3003551866725022,-1.6291074822448804e-06
1.7,APPROACH,0.0,0.0,0.0,0,-0.00029900000000005963,0.0,0.0,-0.30035415722194225,-1.6275448341696563e-06
1.701,APPROACH,0.0,0.0,0.0,0,-0.0002980000000000596,0.0,0.0,-0.300353127787343,-1.6259850188470629e-06
1.702,APPROACH,0.0,0.0,0.0,0,-0.0002970000000000596,0.0,0.0,-0.30035209836868926,-1.6244282114446667e-06
1.703,APPROACH,0.0,0.0,0.0,0,-0.00029600000000005956,0.0,0.0,-0.3003510689659657,-1.6228745840650349e-06
1.704,APPROACH,0.0,0.0,0.0,0,-0.00029500000000005954,0.0,0.0,-0.3003500395791571,-1.6213243057355406e-06
1.705,APPROACH,0.0,0.0,0.0,0,-0.0002940000000000595,0.0,0.0,-0.30034901020824833,-1.6197775423992113e-06
1.706,APPROACH,0.0,0.0,0.0,0,-0.0002930000000000595,0.0,0.0,-0.3003479808532241,-1.6182344569065993e-06
1.707,APPROACH,0.0,0.0,0.0,0,-0.00029200000000005946,0.0,0.0,-0.30034695151406937,-1.6166952090086749e-06
1.708,APPROACH,0.0,0.0,0.0,0,-0.00029100000000005944,0.0,0.0,-0.300345922190769,-1.6151599553507253e-06
1.709,APPROACH,0.0,0.0,0.0,0,-0.0002900000000000594,0.0,0.0,-0.3003448928833079,-1.6136288494672406e-06
1.71,APPROACH,0.0,0.0,0.0,0,-0.0002890000000000594,0.0,0.0,-0.30034386359167115,-1.612102041777793e-06
1.711,APPROACH,0.0,0.0,0.0,0,-0.00028800000000005937,0.0,0.0,-0.3003428343158437,-1.6105796795838865e-06
1.712,APPROACH,0.0,0.0,0.0,0,-0.00028700000000005934,0.0,0.0,-0.30034180505581065,-1.6090619070667614e-06
1.713,APPROACH,0.0,0.0,0.0,0,-0.0002860000000000593,0.0,0.0,-0.3003407758115571,-1.6075488652861404e-06
1.714,APPROACH,0.0,0.0,0.0,0,-0.0002850000000000593,0.0,0.0,-0.3003397465830682,-1.6060406921799284e-06
1.715,APPROACH,0.0,0.0,0.0,0,-0.00028400000000005927,0.0,0.0,-0.30033871737032924,-1.6045375225648185e-06
1.716,APPROACH,0.0,0.0,0.0,0,-0.00028300000000005925,0.0,0.0,-0.3003376881733254,-1.6030394881378042e-06
1.717,APPROACH,0.0,0.0,0.0,0,-0.0002820000000000592,0.0,0.0,-0.300336658992042,-1.6015467174785997e-06
1.718,APPROACH,0.0,0.0,0.0,0,-0.0002810000000000592,0.0,0.0,-0.3003356298264644,-1.6000593360529402e-06
1.719,APPROACH,0.0,0.0,0.0,0,-0.0002800000000000592,0.0,0.0,-0.300334600676578,-1.5985774662167617e-06
1.72,APPROACH,0.0,0.0,0.0,0,-0.00027900000000005915,0.0,0.0,-0.30033357154236834,-1.5971012272212361e-06
1.721,APPROACH,0.0,0.0,0.0,0,-0.0002780000000000591,0.0,0.0,-0.3003325424238209,-1.595630735218661e-06
1.722,APPROACH,0.0,0.0,0.0,0,-0.0002770000000000591,0.0,0.0,-0.30033151332092123,-1.5941661032691651e-06
1.723,APPROACH,0.0,0.0,0.0,0,-0.0002760000000000591,0.0,0.0,-0.300330484233655,-1.5927074413482504e-06
1.724,APPROACH,0.0,0.0,0.0,0,-0.00027500000000005905,0.0,0.0,-0.3003294551620079,-1.5912548563551286e-06
1.725,APPROACH,0.0,0.0,0.0,0,-0.000274000000000059,0.0,0.0,-0.30032842610596566,-1.5898084521218637e-06
1.726,APPROACH,0.0,0.0,0.0,0,-0.000273000000000059,0.0,0.0,-0.30032739706551415,-1.5883683294232964e-06
1.727,APPROACH,0.0,0.0,0.0,0,-0.000272000000000059,0.0,0.0,-0.3003263680406392,-1.586934585987734e-06
1.728,APPROACH,0.0,0.0,0.0,0,-0.00027100000000005895,0.0,0.0,-0.3003253390313268,-1.5855073165083872e-06
1.729,APPROACH,0.0,0.0,0.0,0,-0.00027000000000005893,0.0,0.0,-0.3003243100375629,-1.5840866126555566e-06
1.73,APPROACH,0.0,0.0,0.0,0,-0.0002690000000000589,0.0,0.0,-0.3003232810593336,-1.5826725630895428e-06
1.731,APPROACH,0.0,0.0,0.0,0,-0.0002680000000000589,0.0,0.0,-0.300322252096625,-1.581265253474278e-06
1.732,APPROACH,0.0,0.0,0.0,0,-0.00026700000000005886,0.0,0.0,-0.30032122314942333,-1.5798647664916545e-06
1.733,APPROACH,0.0,0.0,0.0,0,-0.00026600000000005883,0.0,0.0,-0.30032019421771483,-1.5784711818565409e-06
1.734,APPROACH,0.0,0.0,0.0,0,-0.0002650000000000588,0.0,0.0,-0.3003191653014859,-1.5770845763324705e-06
1.735,APPROACH,0.0,0.0,0.0,0,-0.0002640000000000588,0.0,0.0,-0.30031813640072286,-1.5757050237479931e-06
1.736,APPROACH,0.0,0.0,0.0,0,-0.00026300000000005876,0.0,0.0,-0.30031710751541224,-1.574332595013668e-06
1.737,APPROACH,0.0,0.0,0.0,0,-0.00026200000000005874,0.0,0.0,-0.30031607864554055,-1.572967358139696e-06
1.738,APPROACH,0.0,0.0,0.0,0,-0.0002610000000000587,0.0,0.0,-0.3003150497910944,-1.571609378254176e-06
1.739,APPROACH,0.0,0.0,0.0,0,-0.0002600000000000587,0.0,0.0,-0.3003140209520605,-1.5702587176219597e-06
1.74,APPROACH,0.0,0.0,0.0,0,-0.00025900000000005866,0.0,0.0,-0.30031299212842555,-1.5689154356641034e-06
1.741,APPROACH,0.0,0.0,0.0,0,-0.00025800000000005864,0.0,0.0,-0.3003119633201764,-1.567579588977889e-06
1.742,APPROACH,0.0,0.0,0.0,0,-0.0002570000000000586,0.0,0.0,-0.30031093452729996,-1.566251231357427e-06
1.743,APPROACH,0.0,0.0,0.0,0,-0.0002560000000000586,0.0,0.0,-0.3003099057497832,-1.5649304138148029e-06
1.744,APPROACH,0.0,0.0,0.0,0,-0.00025500000000005857,0.0,0.0,-0.3003088769876132,-1.5636171846017642e-06
1.745,APPROACH,0.0,0.0,0.0,0,-0.00025400000000005854,0.0,0.0,-0.30030784824077705,-1.562311589231926e-06
1.746,APPROACH,0.0,0.0,0.0,0,-0.0002530000000000585,0.0,0.0,-0.30030681950926197,-1.5610136705034887e-06
1.747,APPROACH,0.0,0.0,0.0,0,-0.0002520000000000585,0.0,0.0,-0.3003057907930552,-1.559723468522462e-06
1.748,APPROACH,0.0,0.0,0.0,0,-0.00025100000000005847,0.0,0.0,-0.3003047620921441,-1.5584410207263821e-06
1.749,APPROACH,0.0,0.0,0.0,0,-0.00025000000000005844,0.0,0.0,-0.30030373340651606,-1.5571663619084777e-06
1.75,APPROACH,0.0,0.0,0.0,0,-0.0002490000000000584,0.0,0.0,-0.3003027047361586,-1.5558995242422988e-06
1.7510000000000001,APPROACH,0.0,0.0,0.0,0,-0.0002480000000000584,0.0,0.0,-0.30030167608105934,-1.5546405373067927e-06
1.752,APPROACH,0.0,0.0,0.0,0,-0.00024700000000005837,0.0,0.0,-0.3003006474412059,-1.5533894281118247e-06
1.7530000000000001,APPROACH,0.0,0.0,0.0,0,-0.00024600000000005835,0.0,0.0,-0.300299618816586,-1.5521462211240986e-06
1.754,APPROACH,0.0,0.0,0.0,0,-0.0002450000000000583,0.0,0.0,-0.30029859020718747,-1.550910938293497e-06
1.7550000000000001,APPROACH,0.0,0.0,0.0,0,-0.00024400000000005832,0.0,0.0,-0.3002975616129982,-1.5496835990798026e-06
1.756,APPROACH,0.0,0.0,0.0,0,-0.00024300000000005833,0.0,0.0,-0.3002965330340061,-1.548464220479807e-06
1.7570000000000001,APPROACH,0.0,0.0,0.0,0,-0.00024200000000005833,0.0,0.0,-0.30029550447019926,-1.547252817054777e-06
1.758,APPROACH,0.0,0.0,0.0,0,-0.00024100000000005833,0.0,0.0,-0.30029447592156583,-1.546049400958272e-06
1.7590000000000001,APPROACH,0.0,0.0,0.0,0,-0.00024000000000005834,0.0,0.0,-0.30029344738809394,-1.544853981964307e-06
1.76,APPROACH,0.0,0.0,0.0,0,-0.00023900000000005834,0.0,0.0,-0.3002924188697719,-1.5436665674958447e-06
1.7610000000000001,APPROACH,0.0,0.0,0.0,0,-0.00023800000000005834,0.0,0.0,-0.3002913903665881,-1.542487162653604e-06
1.762,APPROACH,0.0,0.0,0.0,0,-0.00023700000000005834,0.0,0.0,-0.3002903618785309,-1.5413157702451586e-06
1.7630000000000001,APPROACH,0.0,0.0,0.0,0,-0.00023600000000005835,0.0,0.0,-0.3002893334055889,-1.5401523908143372e-06
1.764,APPROACH,0.0,0.0,0.0,0,-0.00023500000000005835,0.0,0.0,-0.3002883049477506,-1.5389970226709018e-06
1.7650000000000001,APPROACH,0.0,0.0,0.0,0,-0.00023400000000005835,0.0,0.0,-0.3002872765050047,-1.5378496619204774e-06
1.766,APPROACH,0.0,0.0,0.0,0,-0.00023300000000005836,0.0,0.0,-0.30028624807733995,-1.536710302494754e-06
1.7670000000000001,APPROACH,0.0,0.0,0.0,0,-0.00023200000000005836,0.0,0.0,-0.3002852196647452,-1.5355789361819046e-06
1.768,APPROACH,0.0,0.0,0.0,0,-0.00023100000000005836,0.0,0.0,-0.30028419126720934,-1.5344555526572425e-06
1.7690000000000001,APPROACH,0.0,0.0,0.0,0,-0.00023000000000005836,0.0,0.0,-0.3002831628847214,-1.5333401395141043e-06
1.77,APPROACH,0.0,0.0,0.0,0,-0.00022900000000005837,0.0,0.0,-0.30028213451727037,-1.532232682294916e-06
1.7710000000000001,APPROACH,0.0,0.0,0.0,0,-0.00022800000000005837,0.0,0.0,-0.30028110616484543,-1.5311331645224633e-06
1.772,APPROACH,0.0,0.0,0.0,0,-0.00022700000000005837,0.0,0.0,-0.30028007782743577,-1.5300415677313461e-06
1.7730000000000001,APPROACH,0.0,0.0,0.0,0,-0.00022600000000005838,0.0,0.0,-0.3002790495050307,-1.5289578714995972e-06
1.774,APPROACH,0.0,0.0,0.0,0,-0.00022500000000005838,0.0,0.0,-0.3002780211976196,-1.527882053480455e-06
1.7750000000000001,APPROACH,0.0,0.0,0.0,0,-0.00022400000000005838,0.0,0.0,-0.3002769929051919,-1.5268140894342851e-06
1.776,APPROACH,0.0,0.0,0.0,0,-0.00022300000000005838,0.0,0.0,-0.30027596462773715,-1.5257539532606373e-06
1.7770000000000001,APPROACH,0.0,0.0,0.0,0,-0.0002220000000000584,0.0,0.0,-0.30027493636524494,-1.5247016170304271e-06
1.778,APPROACH,0.0,0.0,0.0,0,-0.0002210000000000584,0.0,0.0,-0.30027390811770494,-1.523657051018226e-06
1.7790000000000001,APPROACH,0.0,0.0,0.0,0,-0.0002200000000000584,0.0,0.0,-0.3002728798851069,-1.5226202237346533e-06
1.78,APPROACH,0.0,0.0,0.0,0,-0.0002190000000000584,0.0,0.0,-0.3002718516674407,-1.5215911019588576e-06
1.7810000000000001,APPROACH,0.0,0.0,0.0,0,-0.0002180000000000584,0.0,0.0,-0.3002708234646962,-1.520569650771082e-06
1.782,APPROACH,0.0,0.0,0.0,0,-0.0002170000000000584,0.0,0.0,-0.30026979527686337,-1.519555833585297e-06
1.7830000000000001,APPROACH,0.0,0.0,0.0,0,-0.0002160000000000584,0.0,0.0,-0.30026876710393235,-1.518549612181887e-06
1.784,APPROACH,0.0,0.0,0.0,0,-0.0002150000000000584,0.0,0.0,-0.3002677389458932,-1.5175509467403807e-06
1.7850000000000001,APPROACH,0.0,0.0,0.0,0,-0.0002140000000000584,0.0,0.0,-0.30026671080273615,-1.5165597958722366e-06
1.786,APPROACH,0.0,0.0,0.0,0,-0.0002130000000000584,0.0,0.0,-0.3002656826744515,-1.5155761166536489e-06
1.7870000000000001,APPROACH,0.0,0.0,0.0,0,-0.00021200000000005841,0.0,0.0,-0.3002646545610295,-1.5145998646583689e-06
1.788,APPROACH,0.0,0.0,0.0,0,-0.00021100000000005842,0.0,0.0,-0.30026362646246074,-1.5136309939905225e-06
1.7890000000000001,APPROACH,0.0,0.0,0.0,0,-0.00021000000000005842,0.0,0.0,-0.3002625983787356,-1.5126694573174472e-06
1.79,APPROACH,0.0,0.0,0.0,0,-0.00020900000000005842,0.0,0.0,-0.3002615703098447,-1.511715205902506e-06
1.7910000000000001,APPROACH,0.0,0.0,0.0,0,-0.00020800000000005843,0.0,0.0,-0.30026054225577864,-1.510768189637875e-06
1.792,APPROACH,0.0,0.0,0.0,0,-0.00020700000000005843,0.0,0.0,-0.3002595142165282,-1.5098283570773093e-06
1.793,APPROACH,0.0,0.0,0.0,0,-0.00020600000000005843,0.0,0.0,-0.3002584861920841,-1.508895655468875e-06
1.794,APPROACH,0.0,0.0,0.0,0,-0.00020500000000005843,0.0,0.0,-0.30025745818243726,-1.5079700307876154e-06
1.795,APPROACH,0.0,0.0,0.0,0,-0.00020400000000005844,0.0,0.0,-0.3002564301875785,-1.5070514277681742e-06
1.796,APPROACH,0.0,0.0,0.0,0,-0.00020300000000005844,0.0,0.0,-0.3002554022074989,-1.506139789937349e-06
1.797,APPROACH,0.0,0.0,0.0,0,-0.00020200000000005844,0.0,0.0,-0.3002543742421895,-1.5052350596465583e-06
1.798,APPROACH,0.0,0.0,0.0,0,-0.00020100000000005845,0.0,0.0,-0.3002533462916414,-1.5043371781042354e-06
1.799,APPROACH,0.0,0.0,0.0,0,-0.00020000000000005845,0.0,0.0,-0.3002523183558458,-1.5034460854081401e-06
1.8,APPROACH,0.0,0.0,0.0,0,-0.00019900000000005845,0.0,0.0,-0.300251290434794,-1.5025617205775442e-06
1.801,APPROACH,0.0,0.0,0.0,0,-0.00019800000000005845,0.0,0.0,-0.30025026252847725,-1.501684021585322e-06
1.802,APPROACH,0.0,0.0,0.0,0,-0.00019700000000005846,0.0,0.0,-0.300249234636887,-1.5008129253899302e-06
1.803,APPROACH,0.0,0.0,0.0,0,-0.00019600000000005846,0.0,0.0,-0.30024820676001474,-1.4999483679672587e-06
1.804,APPROACH,0.0,0.0,0.0,0,-0.00019500000000005846,0.0,0.0,-0.30024717889785196,-1.4990902843423473e-06
1.805,APPROACH,0.0,0.0,0.0,0,-0.00019400000000005846,0.0,0.0,-0.3002461510503902,-1.4982386086209575e-06
1.806,APPROACH,0.0,0.0,0.0,0,-0.00019300000000005847,0.0,0.0,-0.3002451232176212,-1.4973932740210043e-06
1.807,APPROACH,0.0,0.0,0.0,0,-0.00019200000000005847,0.0,0.0,-0.3002440953995366,-1.4965542129038374e-06
1.808,APPROACH,0.0,0.0,0.0,0,-0.00019100000000005847,0.0,0.0,-0.3002430675961282,-1.4957213568053514e-06
1.809,APPROACH,0.0,0.0,0.0,0,-0.00019000000000005848,0.0,0.0,-0.3002420398073878,-1.49489463646693e-06
1.81,APPROACH,0.0,0.0,0.0,0,-0.00018900000000005848,0.0,0.0,-0.30024101203330733,-1.494073981866219e-06
1.811,APPROACH,0.0,0.0,0.0,0,-0.00018800000000005848,0.0,0.0,-0.3002399842738787,-1.4932593222477095e-06
1.812,APPROACH,0.0,0.0,0.0,0,-0.00018700000000005848,0.0,0.0,-0.300238956529094,-1.4924505861531457e-06
1.813,APPROACH,0.0,0.0,0.0,0,-0.0001860000000000585,0.0,0.0,-0.3002379287989452,-1.4916477014517205e-06
1.814,APPROACH,0.0,0.0,0.0,0,-0.0001850000000000585,0.0,0.0,-0.30023690108342443,-1.4908505953700835e-06
1.815,APPROACH,0.0,0.0,0.0,0,-0.0001840000000000585,0.0,0.0,-0.30023587338252394,-1.4900591945221333e-06
1.816,APPROACH,0.0,0.0,0.0,0,-0.0001830000000000585,0.0,0.0,-0.300234845696236,-1.4892734249385922e-06
1.817,APPROACH,0.0,0.0,0.0,0,-0.0001820000000000585,0.0,0.0,-0.3002338180245528,-1.488493212096374e-06
1.818,APPROACH,0.0,0.0,0.0,0,-0.0001810000000000585,0.0,0.0,-0.30023279036746675,-1.4877184809477198e-06
1.819,APPROACH,0.0,0.0,0.0,0,-0.0001800000000000585,0.0,0.0,-0.30023176272497026,-1.4869491559491034e-06
1.82,APPROACH,0.0,0.0,0.0,0,-0.0001790000000000585,0.0,0.0,-0.3002307350970557,-1.4861851610898957e-06
1.821,APPROACH,0.0,0.0,0.0,0,-0.0001780000000000585,0.0,0.0,-0.3002297074837157,-1.485426419920802e-06
1.822,APPROACH,0.0,0.0,0.0,0,-0.0001770000000000585,0.0,0.0,-0.30022867988494273,-1.4846728555820332e-06
1.823,APPROACH,0.0,0.0,0.0,0,-0.00017600000000005852,0.0,0.0,-0.30022765230072945,-1.4839243908312363e-06
1.824,APPROACH,0.0,0.0,0.0,0,-0.00017500000000005852,0.0,0.0,-0.3002266247310685,-1.4831809480711622e-06
1.825,APPROACH,0.0,0.0,0.0,0,-0.00017400000000005852,0.0,0.0,-0.3002255971759526,-1.4824424493770903e-06
1.826,APPROACH,0.0,0.0,0.0,0,-0.00017300000000005852,0.0,0.0,-0.30022456963537447,-1.481708816523956e-06
1.827,APPROACH,0.0,0.0,0.0,0,-0.00017200000000005853,0.0,0.0,-0.30022354210932695,-1.4809799710132349e-06
1.828,APPROACH,0.0,0.0,0.0,0,-0.00017100000000005853,0.0,0.0,-0.3002225145978029,-1.4802558340995394e-06
1.829,APPROACH,0.0,0.0,0.0,0,-0.00017000000000005853,0.0,0.0,-0.3002214871007952,-1.479536326816942e-06
1.83,APPROACH,0.0,0.0,0.0,0,-0.00016900000000005853,0.0,0.0,-0.3002204596182968,-1.4788213700050006e-06
1.831,APPROACH,0.0,0.0,0.0,0,-0.00016800000000005854,0.0,0.0,-0.30021943215030067,-1.4781108843345219e-06
1.832,APPROACH,0.0,0.0,0.0,0,-0.00016700000000005854,0.0,0.0,-0.3002184046967999,-1.477404790333019e-06
1.833,APPROACH,0.0,0.0,0.0,0,-0.00016600000000005854,0.0,0.0,-0.30021737725778747,-1.4767030084098757e-06
1.834,APPROACH,0.0,0.0,0.0,0,-0.00016500000000005855,0.0,0.0,-0.30021634983325657,-1.4760054588812137e-06
1.835,APPROACH,0.0,0.0,0.0,0,-0.00016400000000005855,0.0,0.0,-0.30021532242320037,-1.4753120619944558e-06
1.836,APPROACH,0.0,0.0,0.0,0,-0.00016300000000005855,0.0,0.0,-0.30021429502761204,-1.4746227379525947e-06
1.837,APPROACH,0.0,0.0,0.0,0,-0.00016200000000005855,0.0,0.0,-0.3002132676464848,-1.4739374069381391e-06
1.838,APPROACH,0.0,0.0,0.0,0,-0.00016100000000005856,0.0,0.0,-0.30021224027981197,-1.473255989136764e-06
1.839,APPROACH,0.0,0.0,0.0,0,-0.00016000000000005856,0.0,0.0,-0.30021121292758685,-1.4725784047606404e-06
1.84,APPROACH,0.0,0.0,0.0,0,-0.00015900000000005856,0.0,0.0,-0.3002101855898028,-1.4719045740714512e-06
1.841,APPROACH,0.0,0.0,0.0,0,-0.00015800000000005857,0.0,0.0,-0.30020915826645317,-1.4712344174030778e-06
1.842,APPROACH,0.0,0.0,0.0,0,-0.00015700000000005857,0.0,0.0,-0.30020813095753146,-1.4705678551839814e-06
1.843,APPROACH,0.0,0.0,0.0,0,-0.00015600000000005857,0.0,0.0,-0.3002071036630311,-1.4699048079592575e-06
1.844,APPROACH,0.0,0.0,0.0,0,-0.00015500000000005857,0.0,0.0,-0.30020607638294555,-1.4692451964123525e-06
1.845,APPROACH,0.0,0.0,0.0,0,-0.00015400000000005858,0.0,0.0,-0.3002050491172684,-1.468588941386465e-06
1.846,APPROACH,0.0,0.0,0.0,0,-0.00015300000000005858,0.0,0.0,-0.3002040218659932,-1.467935963905619e-06
1.847,APPROACH,0.0,0.0,0.0,0,-0.00015200000000005858,0.0,0.0,-0.30020299462911354,-1.4672861851953998e-06
1.848,APPROACH,0.0,0.0,0.0,0,-0.00015100000000005859,0.0,0.0,-0.300201967406623,-1.4666395267033491e-06
1.849,APPROACH,0.0,0.0,0.0,0,-0.0001500000000000586,0.0,0.0,-0.30020094019851534,-1.4659959101190418e-06
1.85,APPROACH,0.0,0.0,0.0,0,-0.0001490000000000586,0.0,0.0,-0.30019991300478416,-1.4653552573938159e-06
1.851,APPROACH,0.0,0.0,0.0,0,-0.0001480000000000586,0.0,0.0,-0.3001988858254232,-1.4647174907601691e-06
1.852,APPROACH,0.0,0.0,0.0,0,-0.0001470000000000586,0.0,0.0,-0.3001978586604262,-1.4640825327508206e-06
1.853,APPROACH,0.0,0.0,0.0,0,-0.0001460000000000586,0.0,0.0,-0.300196831509787,-1.4634503062174185e-06
1.854,APPROACH,0.0,0.0,0.0,0,-0.0001450000000000586,0.0,0.0,-0.3001958043734993,-1.4628207343489175e-06
1.855,APPROACH,0.0,0.0,0.0,0,-0.0001440000000000586,0.0,0.0,-0.30019477725155697,-1.462193740689616e-06
1.856,APPROACH,0.0,0.0,0.0,0,-0.0001430000000000586,0.0,0.0,-0.3001937501439539,-1.4615692491568399e-06
1.857,APPROACH,0.0,0.0,0.0,0,-0.0001420000000000586,0.0,0.0,-0.3001927230506839,-1.4609471840582946e-06
1.858,APPROACH,0.0,0.0,0.0,0,-0.0001410000000000586,0.0,0.0,-0.3001916959717409,-1.4603274701090664e-06
1.859,APPROACH,0.0,0.0,0.0,0,-0.00014000000000005862,0.0,0.0,-0.3001906689071188,-1.4597100324482875e-06
1.86,APPROACH,0.0,0.0,0.0,0,-0.00013900000000005862,0.0,0.0,-0.30018964185681163,-1.459094796655443e-06
1.861,APPROACH,0.0,0.0,0.0,0,-0.00013800000000005862,0.0,0.0,-0.30018861482081327,-1.4584816887663416e-06
1.862,APPROACH,0.0,0.0,0.0,0,-0.00013700000000005862,0.0,0.0,-0.30018758779911775,-1.4578706352887372e-06
1.863,APPROACH,0.0,0.0,0.0,0,-0.00013600000000005863,0.0,0.0,-0.300186560791719,-1.4572615632176168e-06
1.864,APPROACH,0.0,0.0,0.0,0,-0.00013500000000005863,0.0,0.0,-0.3001855337986111,-1.4566544000501352e-06
1.865,APPROACH,0.0,0.0,0.0,0,-0.00013400000000005863,0.0,0.0,-0.30018450681978814,-1.456049073800196e-06
1.866,APPROACH,0.0,0.0,0.0,0,-0.00013300000000005864,0.0,0.0,-0.30018347985524413,-1.4554455130127028e-06
1.867,APPROACH,0.0,0.0,0.0,0,-0.00013200000000005864,0.0,0.0,-0.3001824529049732,-1.454843646777458e-06
1.868,APPROACH,0.0,0.0,0.0,0,-0.00013100000000005864,0.0,0.0,-0.3001814259689694,-1.4542434047427167e-06
1.869,APPROACH,0.0,0.0,0.0,0,-0.00013000000000005864,0.0,0.0,-0.3001803990472269,-1.4536447171284117e-06
1.87,APPROACH,0.0,0.0,0.0,0,-0.00012900000000005865,0.0,0.0,-0.3001793721397397,-1.453047514739025e-06
1.871,APPROACH,0.0,0.0,0.0,0,-0.00012800000000005865,0.0,0.0,-0.3001783452465021,-1.4524517289761113e-06
1.872,APPROACH,0.0,0.0,0.0,0,-0.00012700000000005865,0.0,0.0,-0.30017731836750816,-1.4518572918504893e-06
1.873,APPROACH,0.0,0.0,0.0,0,-0.00012600000000005866,0.0,0.0,-0.30017629150275205,-1.4512641359940872e-06
1.874,APPROACH,0.0,0.0,0.0,0,-0.00012500000000005866,0.0,0.0,-0.300175264652228,-1.4506721946714647e-06
1.875,APPROACH,0.0,0.0,0.0,0,-0.00012400000000005866,0.0,0.0,-0.30017423781593017,-1.4500814017909728e-06
1.8760000000000001,APPROACH,0.0,0.0,0.0,0,-0.00012300000000005866,0.0,0.0,-0.3001732109938528,-1.4494916919155887e-06
1.877,APPROACH,0.0,0.0,0.0,0,-0.00012200000000005867,0.0,0.0,-0.30017218418599007,-1.4489030002734283e-06
1.8780000000000001,APPROACH,0.0,0.0,0.0,0,-0.00012100000000005867,0.0,0.0,-0.30017115739233624,-1.4483152627679078e-06
1.879,APPROACH,0.0,0.0,0.0,0,-0.00012000000000005867,0.0,0.0,-0.30017013061288556,-1.4477284159875764e-06
1.8800000000000001,APPROACH,0.0,0.0,0.0,0,-0.00011900000000005867,0.0,0.0,-0.30016910384763223,-1.447142397215623e-06
1.881,APPROACH,0.0,0.0,0.0,0,-0.00011800000000005868,0.0,0.0,-0.3001680770965705,-1.4465571444390445e-06
1.8820000000000001,APPROACH,0.0,0.0,0.0,0,-0.00011700000000005868,0.0,0.0,-0.30016705035969465,-1.445972596357494e-06
1.883,APPROACH,0.0,0.0,0.0,0,-0.00011600000000005868,0.0,0.0,-0.30016602363699896,-1.4453886923917996e-06
1.8840000000000001,APPROACH,0.0,0.0,0.0,0,-0.00011500000000005869,0.0,0.0,-0.3001649969284777,-1.4448053726921605e-06
1.885,APPROACH,0.0,0.0,0.0,0,-0.00011400000000005869,0.0,0.0,-0.3001639702341251,-1.4442225781460198e-06
1.8860000000000001,APPROACH,0.0,0.0,0.0,0,-0.00011300000000005869,0.0,0.0,-0.3001629435539355,-1.4436402503856123e-06
1.887,APPROACH,0.0,0.0,0.0,0,-0.0001120000000000587,0.0,0.0,-0.3001619168879032,-1.4430583317952015e-06
1.8880000000000001,APPROACH,0.0,0.0,0.0,0,-0.0001110000000000587,0.0,0.0,-0.3001608902360225,-1.4424767655179995e-06
1.889,APPROACH,0.0,0.0,0.0,0,-0.0001100000000000587,0.0,0.0,-0.3001598635982876,-1.4418954954627684e-06
1.8900000000000001,APPROACH,0.0,0.0,0.0,0,-0.0001090000000000587,0.0,0.0,-0.3001588369746929,-1.4413144663101126e-06
1.891,APPROACH,0.0,0.0,0.0,0,-0.0001080000000000587,0.0,0.0,-0.3001578103652327,-1.4407336235184571e-06
1.8920000000000001,APPROACH,0.0,0.0,0.0,0,-0.00010700000000005871,0.0,0.0,-0.30015678376990124,-1.440152913329721e-06
1.893,APPROACH,0.0,0.0,0.0,0,-0.00010600000000005871,0.0,0.0,-0.30015575718869286,-1.4395722827746893e-06
1.8940000000000001,APPROACH,0.0,0.0,0.0,0,-0.00010500000000005871,0.0,0.0,-0.30015473062160186,-1.4389916796780832e-06
1.895,APPROACH,0.0,0.0,0.0,0,-0.00010400000000005872,0.0,0.0,-0.3001537040686225,-1.438411052663315e-06
1.8960000000000001,APPROACH,0.0,0.0,0.0,0,-0.00010300000000005872,0.0,0.0,-0.30015267752974917,-1.4378303511569638e-06
1.897,APPROACH,0.0,0.0,0.0,0,-0.00010200000000005872,0.0,0.0,-0.30015165100497615,-1.437249525392947e-06
1.8980000000000001,APPROACH,0.0,0.0,0.0,0,-0.00010100000000005873,0.0,0.0,-0.3001506244942977,-1.4366685264164123e-06
1.899,APPROACH,0.0,0.0,0.0,0,-0.00010000000000005873,0.0,0.0,-0.3001495979977082,-1.436087306087324e-06
1.9000000000000001,APPROACH,0.0,0.0,0.0,0,-9.900000000005873e-05,0.0,0.0,-0.30014857151520186,-1.4355058170837636e-06
1.901,APPROACH,0.0,0.0,0.0,0,-9.800000000005873e-05,0.0,0.0,-0.30014754504677305,-1.4349240129049589e-06
1.9020000000000001,APPROACH,0.0,0.0,0.0,0,-9.700000000005874e-05,0.0,0.0,-0.30014651859241603,-1.434341847874027e-06
1.903,APPROACH,0.0,0.0,0.0,0,-9.600000000005874e-05,0.0,0.0,-0.3001454921521251,-1.4337592771404333e-06
1.9040000000000001,APPROACH,0.0,0.0,0.0,0,-9.500000000005874e-05,0.0,0.0,-0.30014446572589454,-1.4331762566821783e-06
1.905,APPROACH,0.0,0.0,0.0,0,-9.400000000005874e-05,0.0,0.0,-0.3001434393137186,-1.432592743307718e-06
1.9060000000000001,APPROACH,0.0,0.0,0.0,0,-9.300000000005875e-05,0.0,0.0,-0.3001424129155916,-1.432008694657604e-06
1.907,APPROACH,0.0,0.0,0.0,0,-9.200000000005875e-05,0.0,0.0,-0.30014138653150785,-1.431424069205865e-06
1.9080000000000001,APPROACH,0.0,0.0,0.0,0,-9.100000000005875e-05,0.0,0.0,-0.30014036016146156,-1.4308388262611296e-06
1.909,APPROACH,0.0,0.0,0.0,0,-9.000000000005876e-05,0.0,0.0,-0.300139333805447,-1.4302529259674824e-06
1.9100000000000001,APPROACH,0.0,0.0,0.0,0,-8.900000000005876e-05,0.0,0.0,-0.30013830746345843,-1.429666329305062e-06
1.911,APPROACH,0.0,0.0,0.0,0,-8.800000000005876e-05,0.0,0.0,-0.3001372811354901,-1.4290789980904168e-06
1.9120000000000001,APPROACH,0.0,0.0,0.0,0,-8.700000000005876e-05,0.0,0.0,-0.3001362548215362,-1.4284908949766025e-06
1.913,APPROACH,0.0,0.0,0.0,0,-8.600000000005877e-05,0.0,0.0,-0.3001352285215911,-1.42790198345302e-06
1.9140000000000001,APPROACH,0.0,0.0,0.0,0,-8.500000000005877e-05,0.0,0.0,-0.30013420223564885,-1.4273122278450361e-06
1.915,APPROACH,0.0,0.0,0.0,0,-8.400000000005877e-05,0.0,0.0,-0.3001331759637038,-1.4267215933133464e-06
1.9160000000000001,APPROACH,0.0,0.0,0.0,0,-8.300000000005878e-05,0.0,0.0,-0.30013214970575014,-1.4261300458531068e-06
1.917,APPROACH,0.0,0.0,0.0,0,-8.200000000005878e-05,0.0,0.0,-0.300131123461782,-1.4255375522928295e-06
1.9180000000000001,APPROACH,0.0,0.0,0.0,0,-8.100000000005878e-05,0.0,0.0,-0.3001300972317936,-1.4249440802930505e-06
1.919,APPROACH,0.0,0.0,0.0,0,-8.000000000005878e-05,0.0,0.0,-0.3001290710157792,-1.424349598344766e-06
1.92,APPROACH,0.0,0.0,0.0,0,-7.900000000005879e-05,0.0,0.0,-0.3001280448137328,-1.4237540757676621e-06
1.921,APPROACH,0.0,0.0,0.0,0,-7.800000000005879e-05,0.0,0.0,-0.30012701862564867,-1.4231574827081023e-06
1.922,APPROACH,0.0,0.0,0.0,0,-7.700000000005879e-05,0.0,0.0,-0.30012599245152094,-1.422559790136911e-06
1.923,APPROACH,0.0,0.0,0.0,0,-7.60000000000588e-05,0.0,0.0,-0.3001249662913438,-1.4219609698469456e-06
1.924,APPROACH,0.0,0.0,0.0,0,-7.50000000000588e-05,0.0,0.0,-0.3001239401451113,-1.4213609944504475e-06
1.925,APPROACH,0.0,0.0,0.0,0,-7.40000000000588e-05,0.0,0.0,-0.3001229140128176,-1.420759837376199e-06
1.926,APPROACH,0.0,0.0,0.0,0,-7.30000000000588e-05,0.0,0.0,-0.3001218878944568,-1.420157472866482e-06
1.927,APPROACH,0.0,0.0,0.0,0,-7.20000000000588e-05,0.0,0.0,-0.300120861790023,-1.419553875973824e-06
1.928,APPROACH,0.0,0.0,0.0,0,-7.100000000005881e-05,0.0,0.0,-0.30011983569951023,-1.4189490225575622e-06
1.929,APPROACH,0.0,0.0,0.0,0,-7.000000000005881e-05,0.0,0.0,-0.3001188096229126,-1.4183428892802094e-06
1.93,APPROACH,0.0,0.0,0.0,0,-6.900000000005881e-05,0.0,0.0,-0.30011778356022417,-1.4177354536036333e-06
1.931,APPROACH,0.0,0.0,0.0,0,-6.800000000005882e-05,0.0,0.0,-0.30011675751143896,-1.4171266937850489e-06
1.932,APPROACH,0.0,0.0,0.0,0,-6.700000000005882e-05,0.0,0.0,-0.300115731476551,-1.4165165888728399e-06
1.933,APPROACH,0.0,0.0,0.0,0,-6.600000000005882e-05,0.0,0.0,-0.30011470545555435,-1.41590511870219e-06
1.934,APPROACH,0.0,0.0,0.0,0,-6.500000000005883e-05,0.0,0.0,-0.30011367944844297,-1.4152922638905535e-06
1.935,APPROACH,0.0,0.0,0.0,0,-6.400000000005883e-05,0.0,0.0,-0.3001126534552109,-1.4146780058329444e-06
1.936,APPROACH,0.0,0.0,0.0,0,-6.300000000005883e-05,0.0,0.0,-0.300111627475852,-1.4140623266970652e-06
1.937,APPROACH,0.0,0.0,0.0,0,-6.200000000005883e-05,0.0,0.0,-0.3001106015103604,-1.4134452094182758e-06
1.938,APPROACH,0.0,0.0,0.0,0,-6.100000000005884e-05,0.0,0.0,-0.3001095755587299,-1.4128266376943993e-06
1.939,APPROACH,0.0,0.0,0.0,0,-6.000000000005884e-05,0.0,0.0,-0.30010854962095457,-1.4122065959803838e-06
1.94,APPROACH,0.0,0.0,0.0,0,-5.900000000005884e-05,0.0,0.0,-0.3001075236970282,-1.4115850694827962e-06
1.941,APPROACH,0.0,0.0,0.0,0,-5.8000000000058845e-05,0.0,0.0,-0.30010649778694476,-1.4109620441541724e-06
1.942,APPROACH,0.0,0.0,0.0,0,-5.700000000005885e-05,0.0,0.0,-0.30010547189069814,-1.4103375066872285e-06
1.943,APPROACH,0.0,0.0,0.0,0,-5.600000000005885e-05,0.0,0.0,-0.3001044460082822,-1.4097114445089305e-06
1.944,APPROACH,0.0,0.0,0.0,0,-5.5000000000058854e-05,0.0,0.0,-0.30010342013969077,-1.4090838457744242e-06
1.945,APPROACH,0.0,0.0,0.0,0,-5.4000000000058857e-05,0.0,0.0,-0.30010239428491775,-1.4084546993608325e-06
1.946,APPROACH,0.0,0.0,0.0,0,-5.300000000005886e-05,0.0,0.0,-0.30010136844395696,-1.4078239948609231e-06
1.947,APPROACH,0.0,0.0,0.0,0,-5.200000000005886e-05,0.0,0.0,-0.30010034261680224,-1.4071917225766517e-06
1.948,APPROACH,0.0,0.0,0.0,0,-5.1000000000058865e-05,0.0,0.0,-0.3000993168034473,-1.4065578735125784e-06
1.949,APPROACH,0.0,0.0,0.0,0,-5.000000000005887e-05,0.0,0.0,-0.300098291003886,-1.4059224393691655e-06
1.95,APPROACH,0.0,0.0,0.0,0,-4.900000000005887e-05,0.0,0.0,-0.30009726521811214,-1.4052854125359664e-06
1.951,APPROACH,0.0,0.0,0.0,0,-4.8000000000058873e-05,0.0,0.0,-0.30009623944611935,-1.404646786084694e-06
1.952,APPROACH,0.0,0.0,0.0,0,-4.7000000000058876e-05,0.0,0.0,-0.3000952136879015,-1.4040065537621848e-06
1.953,APPROACH,0.0,0.0,0.0,0,-4.600000000005888e-05,0.0,0.0,-0.3000941879434522,-1.4033647099832515e-06
1.954,APPROACH,0.0,0.0,0.0,0,-4.500000000005888e-05,0.0,0.0,-0.3000931622127652,-1.4027212498234473e-06
1.955,APPROACH,0.0,0.0,0.0,0,-4.4000000000058885e-05,0.0,0.0,-0.3000921364958342,-1.4020761690117189e-06
1.956,APPROACH,0.0,0.0,0.0,0,-4.300000000005889e-05,0.0,0.0,-0.3000911107926529,-1.4014294639229685e-06
1.957,APPROACH,0.0,0.0,0.0,0,-4.200000000005889e-05,0.0,0.0,-0.3000900851032149,-1.4007811315705278e-06
1.958,APPROACH,0.0,0.0,0.0,0,-4.100000000005889e-05,0.0,0.0,-0.30008905942751385,-1.4001311695985425e-06
1.959,APPROACH,0.0,0.0,0.0,0,-4.0000000000058896e-05,0.0,0.0,-0.30008803376554344,-1.399479576274265e-06
1.96,APPROACH,0.0,0.0,0.0,0,-3.90000000000589e-05,0.0,0.0,-0.3000870081172972,-1.3988263504802788e-06
1.961,APPROACH,0.0,0.0,0.0,0,-3.80000000000589e-05,0.0,0.0,-0.3000859824827688,-1.3981714917066402e-06
1.962,APPROACH,0.0,0.0,0.0,0,-3.7000000000058904e-05,0.0,0.0,-0.30008495686195175,-1.3975150000429367e-06
1.963,APPROACH,0.0,0.0,0.0,0,-3.600000000005891e-05,0.0,0.0,-0.3000839312548396,-1.3968568761702909e-06
1.964,APPROACH,0.0,0.0,0.0,0,-3.500000000005891e-05,0.0,0.0,-0.300082905661426,-1.396197121353289e-06
1.965,APPROACH,0.0,0.0,0.0,0,-3.400000000005891e-05,0.0,0.0,-0.3000818800817044,-1.3955357374318362e-06
1.966,APPROACH,0.0,0.0,0.0,0,-3.3000000000058915e-05,0.0,0.0,-0.3000808545156683,-1.3948727268129642e-06
1.967,APPROACH,0.0,0.0,0.0,0,-3.200000000005892e-05,0.0,0.0,-0.30007982896331126,-1.3942080924625696e-06
1.968,APPROACH,0.0,0.0,0.0,0,-3.100000000005892e-05,0.0,0.0,-0.3000788034246267,-1.3935418378971022e-06
1.969,APPROACH,0.0,0.0,0.0,0,-3.000000000005892e-05,0.0,0.0,-0.30007777789960816,-1.3928739671752047e-06
1.97,APPROACH,0.0,0.0,0.0,0,-2.900000000005892e-05,0.0,0.0,-0.300076752388249,-1.392204484889306e-06
1.971,APPROACH,0.0,0.0,0.0,0,-2.800000000005892e-05,0.0,0.0,-0.30007572689054274,-1.3915333961571576e-06
1.972,APPROACH,0.0,0.0,0.0,0,-2.700000000005892e-05,0.0,0.0,-0.30007470140648274,-1.390860706613335e-06
1.973,APPROACH,0.0,0.0,0.0,0,-2.6000000000058918e-05,0.0,0.0,-0.30007367593606243,-1.3901864224006956e-06
1.974,APPROACH,0.0,0.0,0.0,0,-2.5000000000058917e-05,0.0,0.0,-0.30007265047927517,-1.3895105501618082e-06
1.975,APPROACH,0.0,0.0,0.0,0,-2.4000000000058917e-05,0.0,0.0,-0.30007162503611434,-1.3888330970303418e-06
1.976,APPROACH,0.0,0.0,0.0,0,-2.3000000000058916e-05,0.0,0.0,-0.30007059960657334,-1.3881540706224281e-06
1.977,APPROACH,0.0,0.0,0.0,0,-2.2000000000058916e-05,0.0,0.0,-0.30006957419064545,-1.3874734790279973e-06
1.978,APPROACH,0.0,0.0,0.0,0,-2.1000000000058915e-05,0.0,0.0,-0.30006854878832406,-1.3867913308020802e-06
1.979,APPROACH,0.0,0.0,0.0,0,-2.0000000000058914e-05,0.0,0.0,-0.30006752339960246,-1.3861076349561049e-06
1.98,APPROACH,0.0,0.0,0.0,0,-1.9000000000058914e-05,0.0,0.0,-0.30006649802447394,-1.3854224009491619e-06
1.981,APPROACH,0.0,0.0,0.0,0,-1.8000000000058913e-05,0.0,0.0,-0.3000654726629317,-1.3847356386792522e-06
1.982,APPROACH,0.0,0.0,0.0,0,-1.7000000000058913e-05,0.0,0.0,-0.3000644473149691,-1.3840473584745261e-06
1.983,APPROACH,0.0,0.0,0.0,0,-1.6000000000058912e-05,0.0,0.0,-0.3000634219805794,-1.3833575710845221e-06
1.984,APPROACH,0.0,0.0,0.0,0,-1.5000000000058912e-05,0.0,0.0,-0.30006239665975576,-1.3826662876713838e-06
1.985,APPROACH,0.0,0.0,0.0,0,-1.4000000000058911e-05,0.0,0.0,-0.30006137135249145,-1.381973519801082e-06
1.986,APPROACH,0.0,0.0,0.0,0,-1.300000000005891e-05,0.0,0.0,-0.3000603460587797,-1.3812792794346182e-06
1.987,APPROACH,0.0,0.0,0.0,0,-1.200000000005891e-05,0.0,0.0,-0.30005932077861364,-1.380583578919241e-06
1.988,APPROACH,0.0,0.0,0.0,0,-1.100000000005891e-05,0.0,0.0,-0.3000582955119865,-1.379886430979663e-06
1.989,APPROACH,0.0,0.0,0.0,0,-1.0000000000058909e-05,0.0,0.0,-0.3000572702588914,-1.3791878487092898e-06
1.99,APPROACH,0.0,0.0,0.0,0,-9.000000000058908e-06,0.0,0.0,-0.30005624501932154,-1.3784878455614417e-06
1.991,APPROACH,0.0,0.0,0.0,0,-8.000000000058907e-06,0.0,0.0,-0.30005521979327004,-1.3777864353406015e-06
1.992,APPROACH,0.0,0.0,0.0,0,-7.000000000058908e-06,0.0,0.0,-0.30005419458072996,-1.3770836321936637e-06
1.993,APPROACH,0.0,0.0,0.0,0,-6.000000000058908e-06,0.0,0.0,-0.30005316938169446,-1.3763794506012041e-06
1.994,APPROACH,0.0,0.0,0.0,0,-5.000000000058908e-06,0.0,0.0,-0.30005214419615667,-1.3756739053687631e-06
1.995,APPROACH,0.0,0.0,0.0,0,-4.000000000058908e-06,0.0,0.0,-0.3000511190241096,-1.3749670116181535e-06
1.996,APPROACH,0.0,0.0,0.0,0,-3.0000000000589087e-06,0.0,0.0,-0.3000500938655463,-1.3742587847787857e-06
1.997,APPROACH,0.0,0.0,0.0,0,-2.000000000058909e-06,0.0,0.0,-0.30004906872045994,-1.3735492405790222e-06
1.998,APPROACH,0.0,0.0,0.0,0,-1.000000000058909e-06,0.0,0.0,-0.3000480435888435,-1.3728383950375511e-06
1.999,APPROACH,0.0,0.0,0.0,0,-5.890902389916845e-17,0.0,0.0,-0.30004701847069,-1.3721262644547999e-06
2.0,APPROACH,0.0,0.0,0.0,0,9.99999999941091e-07,0.0,0.0,-0.3000459933659924,-1.371412865404374e-06
2.001,APPROACH,0.0,0.0,0.0,0,1.999999999941091e-06,0.0,0.0,-0.3000449682747438,-1.3706982147245295e-06
2.0020000000000002,APPROACH,0.0,0.0,0.0,0,2.9999999999410906e-06,0.0,0.0,-0.30004394319693717,-1.3699823295096699e-06
2.003,APPROACH,0.0,0.0,0.0,0,3.99999999994109e-06,0.0,0.0,-0.3000429181325655,-1.369265227101897e-06
2.004,APPROACH,0.0,0.0,0.0,0,4.99999999994109e-06,0.0,0.0,-0.3000418930816217,-1.3685469250825982e-06
2.005,APPROACH,0.0,0.0,0.0,0,5.99999999994109e-06,0.0,0.0,-0.3000408680440988,-1.3678274412640612e-06
2.0060000000000002,APPROACH,0.0,0.0,0.0,0,6.99999999994109e-06,0.0,0.0,-0.30003984301998965,-1.3671067936811328e-06
2.007,APPROACH,0.0,0.0,0.0,0,7.99999999994109e-06,0.0,0.0,-0.3000388180092873,-1.3663850005829446e-06
2.008,APPROACH,0.0,0.0,0.0,0,8.99999999994109e-06,0.0,0.0,-0.3000377930119846,-1.3656620804246703e-06
2.009,APPROACH,0.0,0.0,0.0,0,9.999999999941091e-06,0.0,0.0,-0.30003676802807444,-1.3649380518593318e-06
2.0100000000000002,APPROACH,0.0,0.0,0.0,0,1.0999999999941092e-05,0.0,0.0,-0.30003574305754976,-1.3642129337296507e-06
2.011,APPROACH,0.0,0.0,0.0,0,1.1999999999941093e-05,0.0,0.0,-0.30003471810040344,-1.3634867450599604e-06
2.012,APPROACH,0.0,0.0,0.0,0,1.2999999999941093e-05,0.0,0.0,-0.30003369315662837,-1.3627595050481693e-06
2.013,APPROACH,0.0,0.0,0.0,0,1.3999999999941094e-05,0.0,0.0,-0.3000326682262174,-1.3620312330577784e-06
2.0140000000000002,APPROACH,0.0,0.0,0.0,0,1.4999999999941094e-05,0.0,0.0,-0.3000316433091634,-1.3613019486099517e-06
2.015,APPROACH,0.0,0.0,0.0,0,1.5999999999941093e-05,0.0,0.0,-0.30003061840545914,-1.3605716713756549e-06
2.016,APPROACH,0.0,0.0,0.0,0,1.6999999999941094e-05,0.0,0.0,-0.30002959351509756,-1.359840421167849e-06
2.017,APPROACH,0.0,0.0,0.0,0,1.7999999999941094e-05,0.0,0.0,-0.3000285686380715,-1.3591082179337347e-06
2.0180000000000002,APPROACH,0.0,0.0,0.0,0,1.8999999999941095e-05,0.0,0.0,-0.3000275437743737,-1.3583750817470747e-06
2.019,APPROACH,0.0,0.0,0.0,0,1.9999999999941096e-05,0.0,0.0,-0.300026518923997,-1.3576410328005858e-06
2.02,APPROACH,0.0,0.0,0.0,0,2.0999999999941096e-05,0.0,0.0,-0.30002549408693424,-1.3569060913983796e-06
2.021,APPROACH,0.0,0.0,0.0,0,2.1999999999941097e-05,0.0,0.0,-0.30002446926317816,-1.356170277948475e-06
2.0220000000000002,APPROACH,0.0,0.0,0.0,0,2.2999999999941097e-05,0.0,0.0,-0.30002344445272155,-1.3554336129553868e-06
2.023,APPROACH,0.0,0.0,0.0,0,2.3999999999941098e-05,0.0,0.0,-0.30002241965555726,-1.3546961170127749e-06
2.024,APPROACH,0.0,0.0,0.0,0,2.49999999999411e-05,0.0,0.0,-0.30002139487167795,-1.3539578107961685e-06
2.025,APPROACH,0.0,0.0,0.0,0,2.59999999999411e-05,0.0,0.0,-0.30002037010107646,-1.353218715055768e-06
2.0260000000000002,APPROACH,0.0,0.0,0.0,0,2.69999999999411e-05,0.0,0.0,-0.3000193453437455,-1.352478850609314e-06
2.027,APPROACH,0.0,0.0,0.0,0,2.79999999999411e-05,0.0,0.0,-0.30001832059967787,-1.3517382383350199e-06
2.028,APPROACH,0.0,0.0,0.0,0,2.89999999999411e-05,0.0,0.0,-0.3000172958688662,-1.350996899164602e-06
2.029,APPROACH,0.0,0.0,0.0,0,2.99999999999411e-05,0.0,0.0,-0.3000162711513033,-1.3502548540763813e-06
2.0300000000000002,APPROACH,0.0,0.0,0.0,0,3.09999999999411e-05,0.0,0.0,-0.3000152464469819,-1.3495121240884494e-06
2.031,APPROACH,0.0,0.0,0.0,0,3.19999999999411e-05,0.0,0.0,-0.3000142217558947,-1.3487687302519186e-06
2.032,APPROACH,0.0,0.0,0.0,0,3.2999999999941096e-05,0.0,0.0,-0.30001319707803437,-1.3480246936442553e-06
2.033,APPROACH,0.0,0.0,0.0,0,3.3999999999941094e-05,0.0,0.0,-0.3000121724133936,-1.3472800353626924e-06
2.0340000000000003,APPROACH,0.0,0.0,0.0,0,3.499999999994109e-05,0.0,0.0,-0.3000111477619652,-1.3465347765177242e-06
2.035,APPROACH,0.0,0.0,0.0,0,3.599999999994109e-05,0.0,0.0,-0.30001012312374176,-1.3457889382266802e-06
2.036,APPROACH,0.0,0.0,0.0,0,3.6999999999941085e-05,0.0,0.0,-0.300009098498716,-1.345042541607384e-06
2.037,APPROACH,0.0,0.0,0.0,0,3.799999999994108e-05,0.0,0.0,-0.3000080738868806,-1.3442956077718993e-06
2.0380000000000003,APPROACH,0.0,0.0,0.0,0,3.899999999994108e-05,0.0,0.0,-0.30000704928822824,-1.3435481578203565e-06
2.039,APPROACH,0.0,0.0,0.0,0,3.999999999994108e-05,0.0,0.0,-0.3000060247027516,-1.3428002128348586e-06
2.04,APPROACH,0.0,0.0,0.0,0,4.0999999999941074e-05,0.0,0.0,-0.30000500013044334,-1.3420517938734794e-06
2.041,APPROACH,0.0,0.0,0.0,0,4.199999999994107e-05,0.0,0.0,-0.3000039755712961,-1.3413029219643469e-06
2.0420000000000003,APPROACH,0.0,0.0,0.0,0,4.299999999994107e-05,0.0,0.0,-0.30000295102530256,-1.340553618099814e-06
2.043,APPROACH,0.0,0.0,0.0,0,4.3999999999941066e-05,0.0,0.0,-0.30000192649245533,-1.3398039032307232e-06
2.044,APPROACH,0.0,0.0,0.0,0,4.499999999994106e-05,0.0,0.0,-0.3000009019727471,-1.3390537982607527e-06
2.045,APPROACH,0.0,0.0,0.01136669873970377,1,4.599999999994106e-05,0.0,8.841535959116558e-07,-0.2999998774661705,-1.3383033240408475e-06
2.0460000000000003,APPROACH,0.0,0.0,0.01624554502727664,1,4.699999999994106e-05,3.9079634321707415e-09,7.306791471892302e-06,-0.29999885857405173,-1.3145464738794038e-06
2.047,APPROACH,0.0,0.0,0.02095141849478299,1,4.7999999999941054e-05,1.5350090249262004e-08,1.593778856027975e-05,-0.2999978505155203,-1.2471018250331366e-06
2.048,APPROACH,0.0,0.0,0.0254560920067645,1,4.899999999994105e-05,3.6488417125766254e-08,2.6682323795961465e-05,-0.2999968564255839,-1.1243807487668111e-06
2.049,APPROACH,0.0,0.0,0.029733206190981836,1,4.999999999994105e-05,6.9383779155455e-08,3.943296820494097e-05,-0.29999587930467936,-9.356771407174511e-07
2.05,CONTACT_ACQUIRE,0.03,0.03,0.03375840328554099,1,5.120079805315528e-05,1.159836720037804e-07,5.407063511579795e-05,-0.29999492200100264,-6.711978064829083e-07
2.051,CONTACT_ACQUIRE,0.030001233675183394,0.030001233675183394,0.03750013647040296,1,5.2368563875077074e-05,1.781107788311046e-07,7.046418776414716e-05,-0.29999398719373016,-3.187400140196524e-07
2.052,CONTACT_ACQUIRE,0.030004934396342685,0.030004934396342685,0.04092454147073923,1,5.350307141199735e-05,2.5744855552849495e-07,8.846624047064935e-05,-0.2999930773719144,1.460492505254182e-07
2.053,CONTACT_ACQUIRE,0.030011101250380298,0.030011101250380298,0.0440076006676442,1,5.4604361333975627e-05,3.555263768259377e-07,0.0001079167375429663,-0.29999219481257683,7.490360195507149e-07
2.054,CONTACT_ACQUIRE,0.030019732715717284,0.030019732715717284,0.046728298376652704,1,5.5672741256079715e-05,4.7370838402384947e-07,0.00012864550866905332,-0.29999134156398866,1.5141451386523336e-06
2.055,CONTACT_ACQUIRE,0.030030826662668722,0.030030826662668722,0.04906869479833362,1,5.670878338592597e-05,6.131840989517243e-07,0.0001504737312043301,-0.29999051943142957,2.4633627597070977e-06
2.056,CONTACT_ACQUIRE,0.030044380353969204,0.030044380353969204,0.051013977800638245,1,5.7713319685824804e-05,7.749605138460528e-07,0.00017321541796589985,-0.29998972996501516,3.616748780734376e-06
2.057,CONTACT_ACQUIRE,0.030060390445448205,0.030060390445448205,0.052552492684290165,1,5.868743465582237e-05,9.598556773943616e-07,0.00019667892003024406,-0.2999889744496273,4.992458944792348e-06
2.058,CONTACT_ACQUIRE,0.030078852986855222,0.030078852986855222,0.053675750222657796,1,5.963245586074946e-05,1.1684937867489597e-06,0.00022066843416227686,-0.2999882538969664,6.6067762481833354e-06
2.059,CONTACT_ACQUIRE,0.030099763422834432,0.030099763422834432,0.054378413407308146,1,6.0549942339912e-05,1.4013017850384179e-06,0.0002449855047082024,-0.29998756903973167,8.474151250276459e-06
2.06,CONTACT_ACQUIRE,0.030123116594048628,0.030123116594048628,0.054658263465574966,1,6.144167105215335e-05,1.658507453862209e-06,0.00026943051004405064,-0.2999869203279195,1.0607250823617364e-05
2.061,CONTACT_ACQUIRE,0.03014890673845226,0.03014890673845226,0.05451614584098769,1,6.230962152159183e-05,1.9401389805049466e-06,0.0002938041240010414,-0.29998630792721687,1.3017014833950285e-05
2.062,CONTACT_ACQUIRE,0.03017712749271311,0.03017712749271311,0.05395589694212606,1,6.315595886029695e-05,2.2460259702137036e-06,0.0003179087430682796,-0.2999857317194536,1.5712720195584652e-05
2.063,CONTACT_ACQUIRE,0.03020777189378235,0.03020777189378235,0.05298425258862025,1,6.39830153534302e-05,2.5758018648941644e-06,0.0003415498706071737,-0.29998519130506385,1.8702051708358835e-05
2.064,CONTACT_ACQUIRE,0.030240832380612533,0.030240832380612533,0.05161073916636978,1,6.479327079991114e-05,2.9289077210559906e-06,0.00036453744979847604,-0.29998468600749517,2.199117904847935e-05
2.065,CONTACT_ACQUIRE,0.03027630079602324,0.03027630079602324,0.04984754861637669,1,6.558933180741173e-05,3.3045972918168575e-06,0.00038668713756759824,-0.2999842148794919,2.5584839256832566e-05
2.066,CONTACT_ACQUIRE,0.03031416838871369,0.03031416838871369,0.04770939844527315,1,6.637391024444079e-05,3.7019433503031586e-06,0.0004078215123047071,-0.29998377671116877,2.9486424045068656e-05
2.067,CONTACT_ACQUIRE,0.030354425815422033,0.030354425815422033,0.04521337803675499,1,6.714980105442893e-05,4.119845184898693e-06,0.0004277712087964672,-0.29998337003978076,3.369807122186529e-05
2.068,CONTACT_ACQUIRE,0.03039706314323058,0.03039706314323058,0.04237878259028254,1,6.79198596371014e-05,4.5570371905261855e-06,0.0004463759744230262,-0.2999829931610856,3.822075952930195e-05
2.069,CONTACT_ACQUIRE,0.030442069852016702,0.030442069852016702,0.03922693607359924,1,6.868697900104985e-05,5.012098474525334e-06,0.0004634856413291199,-0.299982644142188,4.305440617215512e-05
2.07,CONTACT_ACQUIRE,0.030489434837048465,0.030489434837048465,0.03578100462489439,1,6.945406688833125e-05,5.483463390739764e-06,0.00047896100996011707,-0.2999823208357455,4.819796632108842e-05
2.071,CONTACT_ACQUIRE,0.030539146411724564,0.030539146411724564,0.03206580184475949,1,7.022402306722083e-05,5.969432911161409e-06,0.0004926746400466138,-0.2999820208954123,5.3649533874042855e-05
2.072,CONTACT_ACQUIRE,0.030591192310457756,0.030591192310457756,0.028107587478083333,1,7.099971698296645e-05,6.468186740916238e-06,0.0005045115458270715,-0.29998174179238896,5.940644276847235e-05
2.073,CONTACT_ACQUIRE,0.030645559691701334,0.030645559691701334,0.023933860961225684,1,7.178396594865875e-05,6.977796079519768e-06,0.0005143697930068233,-0.2999814808329433,6.546536815024983e-05
2.074,CONTACT_ACQUIRE,0.030702235141117487,0.030702235141117487,0.019573151326491633,1,7.257951404923459e-05,7.4962369291844735e-06,0.0005221609956634582,-0.29998123517676434,7.182242672285612e-05
2.075,CONTACT_ACQUIRE,0.030761204674887153,0.030761204674887153,0.015054804948872848,1,7.338901192127683e-05,8.02140384952425e-06,0.0005278107120134106,-0.2999810018560079,7.84732756226329e-05
2.076,CONTACT_ACQUIRE,0.030822453743160203,0.030822453743160203,0.010408772589232387,1,7.421499755980052e-05,8.551124057266745e-06,0.0005312587386535269,-0.2999807777948914,8.541320919216133e-05
2.077,CONTACT_ACQUIRE,0.030885967233645555,0.030885967233645555,0.005665397167830207,1,7.505987829074039e-05,9.083171769539863e-06,0.0005324593035732569,-0.2999805598296953,9.263725305392332e-05
2.078,CONTACT_ACQUIRE,0.030951729475339806,0.030951729475339806,0.0008552036615110704,1,7.592591403451995e-05,9.61528268992991e-06,0.0005313811589001678,-0.29998034472902874,0.00010014025492000945
2.079,CONTACT_ACQUIRE,0.031019724242393867,0.0,0.0,0,7.692591403451995e-05,1.0145411427701868e-05,0.0005288025307225329,-0.2999801295622299,0.00010791841221901904
2.08,CONTACT_ACQUIRE,0.031089934758116337,0.0,0.0,0,7.792591403451994e-05,1.0672872987415234e-05,0.0005261132408017598,-0.2999799133368868,0.0001159729219810504
2.081,CONTACT_ACQUIRE,0.031162343699113075,0.0,0.0,0,7.892591403451994e-05,1.1197623281149953e-05,0.0005233800666744718,-0.2999796959740201,0.00012429644824759193
2.082,CONTACT_ACQUIRE,0.031236933199561365,0.0,0.0,0,7.992591403451994e-05,1.1719618628942588e-05,0.0005206034173380157,-0.29997947739201253,0.00013287863296561163
2.083,CONTACT_ACQUIRE,0.03131368485561811,0.0,0.0,0,8.092591403451994e-05,1.2238815761352244e-05,0.0005177837048317338,-0.2999792575067103,0.0001417091678205377
2.084,CONTACT_ACQUIRE,0.03139257972996058,0.0,0.0,0,8.192591403451993e-05,1.2755171822477339e-05,0.0005149213441864865,-0.299979036231524,0.00015077779782741773
2.085,CONTACT_ACQUIRE,0.03147359835645909,0.0,0.0,0,8.292591403451993e-05,1.3268644372921828e-05,0.0005120167533740361,-0.29997881347752936,0.0001600743248381318
2.086,CONTACT_ACQUIRE,0.03155672074497985,0.0,0.0,0,8.392591403451993e-05,1.3779191392710738e-05,0.0005090703532562975,-0.2999785891535671,0.00016958861096485534
2.087,CONTACT_ACQUIRE,0.031641926386317326,0.0,0.0,0,8.492591403451992e-05,1.4286771284154894e-05,0.0005060825675344586,-0.29997836316634247,0.0001793105819199928
2.088,CONTACT_ACQUIRE,0.03172919425725441,0.0,0.0,0,8.592591403451992e-05,1.4791342874664699e-05,0.000503053822697979,-0.2999781354205239,0.00018923023027282628
2.089,CONTACT_ACQUIRE,0.03181850282574978,0.0,0.0,0,8.692591403451992e-05,1.5292865419512855e-05,0.0004999845479734708,-0.29997790581884115,0.0001993376186231481
2.09,CONTACT_ACQUIRE,0.031909830056250525,0.0,0.0,0,8.792591403451992e-05,1.5791298604545914e-05,0.000496875175273467,-0.299977674262183,0.00020962288269216854
2.091,CONTACT_ACQUIRE,0.03200315341512913,0.0,0.0,0,8.892591403451991e-05,1.628660254884453e-05,0.0004937261391450833,-0.2999774406496938,0.00022007623433101318
2.092,CONTACT_ACQUIRE,0.03209844987624312,0.0,0.0,0,8.992591403451991e-05,1.6778737807332334e-05,0.0004905378767185787,-0.29997720487886925,0.00023068796444714615
2.093,CONTACT_ACQUIRE,0.03219569592661672,0.0,0.0,0,9.092591403451991e-05,1.7267665373333327e-05,0.00048731082765582064,-0.299976966845652,0.00024144844584907834
2.094,CONTACT_ACQUIRE,0.03229486757224211,0.0,0.0,0,9.19259140345199e-05,1.775334668107767e-05,0.00048404543409865877,-0.2999767264445259,0.00025234813600973934
2.095,CONTACT_ACQUIRE,0.03239594034399973,0.0,0.0,0,9.29259140345199e-05,1.823574360815582e-05,0.00048074214061721464,-0.2999764835686094,0.0002633775797489146
2.096,CONTACT_ACQUIRE,0.03249888930369543,0.0,0.0,0,9.39259140345199e-05,1.8714818477920914e-05,0.0004774013941580913,-0.29997623810974855,0.00027452741183516845
2.097,CONTACT_ACQUIRE,0.03260368905021392,0.0,0.0,0,9.49259140345199e-05,1.919053406183933e-05,0.00047402364399250896,-0.29997598995860864,0.00028578835950769313
2.098,CONTACT_ACQUIRE,0.03271031372578589,0.0,0.0,0,9.59259140345199e-05,1.9662853581789336e-05,0.0004706093416643718,-0.2999757390047653,0.00029715124491854606
2.099,CONTACT_ACQUIRE,0.03281873702236815,0.0,0.0,0,9.692591403451989e-05,2.0131740712307788e-05,0.00046715894093827105,-0.2999754851367944,0.0003086069874957531
2.1,CONTACT_ACQUIRE,0.03292893218813455,0.0,0.0,0,9.792591403451989e-05,2.0597159582784785e-05,0.0004636728977474306,-0.29997522824236095,0.0003201466062277765
2.101,CONTACT_ACQUIRE,0.03304087203407687,0.0,0.0,0,9.892591403451989e-05,2.1059074779606253e-05,0.00046015167014159923,-0.2999749682083075,0.00033176122186986376
2.102,CONTACT_ACQUIRE,0.03315452894071312,0.0,0.0,0,9.992591403451988e-05,2.1517451348244407e-05,0.0004565957182348961,-0.29997470492074096,0.00034344205907281116
2.103,CONTACT_ACQUIRE,0.03326987486490231,0.0,0.0,0,0.00010092591403451988,2.1972254795296016e-05,0.00045300550415361374,-0.29997443826511877,0.0003551804484346928
2.104,CONTACT_ACQUIRE,0.033386881346763514,0.0,0.0,0,0.00010192591403451988,2.2423451090468468e-05,0.00044938149198398453,-0.2999741681263339,0.000366967828476123
2.105,CONTACT_ACQUIRE,0.03350551951669818,0.0,0.0,0,0.00010292591403451987,2.2871006668513572e-05,0.0004457241477199159,-0.2999738943887987,0.0003787957475396358
2.106,CONTACT_ACQUIRE,0.03362576010251311,0.0,0.0,0,0.00010392591403451987,2.3314888431109104e-05,0.0004420339392106991,-0.2999736169365279,0.0003906558656137821
2.107,CONTACT_ACQUIRE,0.033747573436642996,0.0,0.0,0,0.00010492591403451987,2.375506374868802e-05,0.00043831133610869755,-0.29997333565322043,0.0004025399560825596
2.108,CONTACT_ACQUIRE,0.03387092946347027,0.0,0.0,0,0.00010592591403451987,2.419150046221537e-05,0.0004345568098170193,-0.29997305042233996,0.00041443990740080473
2.109,CONTACT_ACQUIRE,0.03399579774674118,0.0,0.0,0,0.00010692591403451986,2.4624166884912885e-05,0.0004307708334371792,-0.29997276112719456,0.0004263477246961934
2.11,CONTACT_ACQUIRE,0.034122147477075274,0.0,0.0,0,0.00010792591403451986,2.5053031803931202e-05,0.00042695388171675635,-0.299972467651015,0.00043825553129850744
2.111,CONTACT_ACQUIRE,0.034249947479567264,0.0,0.0,0,0.00010892591403451986,2.547806448196976e-05,0.0004231064309970511,-0.299972169877032,0.0004501555701968405
2.112,CONTACT_ACQUIRE,0.03437916622147873,0.0,0.0,0,0.00010992591403451985,2.5899234658844348e-05,0.00041922895916074806,-0.2999718676885525,0.00046204020542542866
2.113,CONTACT_ACQUIRE,0.0345097718200187,0.0,0.0,0,0.00011092591403451985,2.6316512553002333e-05,0.00041532194557958904,-0.29997156096903427,0.0004739019233788044
2.114,CONTACT_ACQUIRE,0.03464173205021004,0.0,0.0,0,0.00011192591403451985,2.6729868862985555e-05,0.0004113858710620621,-0.2999712496021597,0.0004857333340569852
2.115,CONTACT_ACQUIRE,0.03477501435284056,0.0,0.0,0,0.00011292591403451985,2.713927476884092e-05,0.0004074212178011113,-0.2999709334719084,0.0004975271722414187
2.116,CONTACT_ACQUIRE,0.03490958584249632,0.0,0.0,0,0.00011392591403451984,2.7544701933478735e-05,0.0004034284693218723,-0.29997061246262813,0.0005092762986024185
2.117,CONTACT_ACQUIRE,0.03504541331567595,0.0,0.0,0,0.00011492591403451984,2.794612250397877e-05,0.00039940811042943954,-0.2999702864591052,0.0005209737007388388
2.118,CONTACT_ACQUIRE,0.03518246325898285,0.0,0.0,0,0.00011592591403451984,2.834350911284412e-05,0.0003953606271566688,-0.29996995534663284,0.0005326124941507399
2.119,CONTACT_ACQUIRE,0.03532070185739432,0.0,0.0,0,0.00011692591403451983,2.873683487920288e-05,0.00039128650671202197,-0.2999696190110791,0.0005441859231458134
2.12,CONTACT_ACQUIRE,0.03546009500260457,0.0,0.0,0,0.00011792591403451983,2.9126073409957704e-05,0.00038718623742745734,-0.29996927733895284,0.000555687361680343
2.121,CONTACT_ACQUIRE,0.03560060830144087,0.0,0.0,0,0.00011892591403451983,2.951119880088325e-05,0.0003830603087063717,-0.29996893021746884,0.0005671103141354865
2.122,CONTACT_ACQUIRE,0.03574220708434928,0.0,0.0,0,0.00011992591403451983,2.989218563767162e-05,0.0003789092109715988,-0.2999685775346113,0.0005784484160296716
2.123,CONTACT_ACQUIRE,0.035884856413948965,0.0,0.0,0,0.00012092591403451982,3.026900899692584e-05,0.00037473343561346883,-0.2999682191791966,0.0005896954346679127
2.124,CONTACT_ACQUIRE,0.03602852109365223,0.0,0.0,0,0.00012192591403451982,3.0641644447101376e-05,0.0003705334749379347,-0.299967855040934,0.0006008452697288564
2.125,CONTACT_ACQUIRE,0.03617316567634913,0.0,0.0,0,0.00012292591403451983,3.101006804939589e-05,0.0003663098221147694,-0.2999674850104858,0.0006118919537903776
2.126,CONTACT_ACQUIRE,0.036318754473153234,0.0,0.0,0,0.00012392591403451983,3.137425635858715e-05,0.0003620629711258392,-0.29996710897952583,0.0006228296527945516
2.1270000000000002,CONTACT_ACQUIRE,0.036465251562207486,0.0,0.0,0,0.00012492591403451983,3.173418642381934e-05,0.0003577934167134589,-0.29996672684079645,0.0006336526664528363
2.128,CONTACT_ACQUIRE,0.03661262079754713,0.0,0.0,0,0.00012592591403451982,3.208983578933768e-05,0.000353501654328832,-0.2999663384881646,0.0006443554285923069
2.129,CONTACT_ACQUIRE,0.03676082581801853,0.0,0.0,0,0.00012692591403451982,3.2441182495171586e-05,0.0003491881800805824,-0.2999659438166764,0.0006549325074437848
2.13,CONTACT_ACQUIRE,0.03690983005625054,0.0,0.0,0,0.00012792591403451982,3.2788205077766406e-05,0.0003448534906833817,-0.2999655427226103,0.0006653786058727216
2.1310000000000002,CONTACT_ACQUIRE,0.03705959674767702,0.0,0.0,0,0.00012892591403451981,3.3130882570563815e-05,0.00034049808340667664,-0.2999651351035292,0.0006756885615536894
2.132,CONTACT_ACQUIRE,0.037210088939607755,0.0,0.0,0,0.0001299259140345198,3.3469194504531e-05,0.00033612245602352244,-0.29996472085833087,0.0006858573470893433
2.133,CONTACT_ACQUIRE,0.037361269500346295,0.0,0.0,0,0.0001309259140345198,3.380312090863872e-05,0.00033172710675952546,-0.29996429988729756,0.0006958800700747266
2.134,CONTACT_ACQUIRE,0.03751310112835146,0.0,0.0,0,0.0001319259140345198,3.4132642310288396e-05,0.0003273125342419011,-0.2999638720921436,0.0007057519731077888
2.1350000000000002,CONTACT_ACQUIRE,0.03766554636144101,0.0,0.0,0,0.0001329259140345198,3.445773973568828e-05,0.00032287923744865106,-0.29996343737606224,0.0007154684337469954
2.136,CONTACT_ACQUIRE,0.03781856758603462,0.0,0.0,0,0.0001339259140345198,3.477839471017889e-05,0.00031842771565786455,-0.2999629956437711,0.000725024964416908
2.137,CONTACT_ACQUIRE,0.037972127046434906,0.0,0.0,0,0.0001349259140345198,3.50945892585078e-05,0.00031395846839714874,-0.29996254680155604,0.0007344172122626219
2.138,CONTACT_ACQUIRE,0.03812618685414276,0.0,0.0,0,0.0001359259140345198,3.540630590505394e-05,0.0003094719953931921,-0.2999620907573138,0.000743640958953946
2.1390000000000002,CONTACT_ACQUIRE,0.03828070899720597,0.0,0.0,0,0.0001369259140345198,3.5713527674001494e-05,0.00030496879652146605,-0.29996162742059335,0.0007526921204402177
2.14,CONTACT_ACQUIRE,0.03843565534959774,0.0,0.0,0,0.0001379259140345198,3.6016238089463606e-05,0.00030044937175606923,-0.29996115670263623,0.0007615667466566407
2.141,CONTACT_ACQUIRE,0.0385909876806242,0.0,0.0,0,0.0001389259140345198,3.631442117555599e-05,0.0002959142211197187,-0.299960678516415,0.0007702610211830473
2.142,CONTACT_ACQUIRE,0.03874666766435697,0.0,0.0,0,0.00013992591403451978,3.660806145642061e-05,0.00029136384463389304,-0.2999601927766707,0.0007787712608559751
2.1430000000000002,CONTACT_ACQUIRE,0.038902656889089615,0.0,0.0,0,0.00014092591403451978,3.689714395619957e-05,0.00028679874226913125,-0.29995969939994904,0.0007870939153349591
2.144,CONTACT_ACQUIRE,0.039058916866814904,0.0,0.0,0,0.00014192591403451978,3.718165419895939e-05,0.0002822194138954925,-0.2999591983046353,0.000795225566623938
2.145,CONTACT_ACQUIRE,0.03921540904272158,0.0,0.0,0,0.00014292591403451978,3.7461578208565845e-05,0.00027762635923318064,-0.2999586894109876,0.0008031629285486737
2.146,CONTACT_ACQUIRE,0.03937209480470688,0.0,0.0,0,0.00014392591403451977,3.7736902508509454e-05,0.0002730200778033383,-0.2999581726411693,0.0008109028461910856
2.1470000000000002,CONTACT_ACQUIRE,0.039528935492903636,0.0,0.0,0,0.00014492591403451977,3.800761412168193e-05,0.00026840106887901456,-0.29995764791928003,0.0008184422952813989
2.148,CONTACT_ACQUIRE,0.03968589240921876,0.0,0.0,0,0.00014592591403451977,3.8273700570103615e-05,0.0002637698314363109,-0.2999571151713852,0.0008257783815490081
2.149,CONTACT_ACQUIRE,0.03984292682688183,0.0,0.0,0,0.00014692591403451976,3.853514987460219e-05,0.0002591268641057091,-0.2999565743255443,0.0008329083400329559
2.15,CONTACT_ACQUIRE,0.040000000000000015,0.0,0.0,0,0.00014792591403451976,3.879195055444281e-05,0.0002544726651235866,-0.29995602531183824,0.0008398295343529274
2.1510000000000002,CONTACT_ACQUIRE,0.04015707317311827,0.0,0.0,0,0.00014892591403451976,3.904409162690981e-05,0.00024980773228392155,-0.2999554680623951,0.000846539455941656
2.152,CONTACT_ACQUIRE,0.04031410759078133,0.0,0.0,0,0.00014992591403451976,3.929156260684026e-05,0.00024513256289019416,-0.2999549025114147,0.0008530357232396425
2.153,CONTACT_ACQUIRE,0.04047106450709646,0.0,0.0,0,0.00015092591403451975,3.9534353506109494e-05,0.00024044765370748644,-0.29995432859519205,0.0008593160808530784
2.154,CONTACT_ACQUIRE,0.04062790519529315,0.0,0.0,0,0.00015192591403451975,3.977245483306884e-05,0.00023575350091478576,-0.29995374625213933,0.0008653783986758718
2.1550000000000002,CONTACT_ACQUIRE,0.040784590957278516,0.0,0.0,0,0.00015292591403451975,4.0005857591935794e-05,0.0002310506000574957,-0.29995315542280687,0.0008712206709766653
2.156,CONTACT_ACQUIRE,0.040941083133185195,0.0,0.0,0,0.00015392591403451974,4.023455328213672e-05,0.00022633944600015861,-0.2999525560499029,0.0008768410154517365
2.157,CONTACT_ACQUIRE,0.041097343110910484,0.0,0.0,0,0.00015492591403451974,4.0458533897602504e-05,0.00022162053287939367,-0.29995194807831177,0.0008822376722446689
2.158,CONTACT_ACQUIRE,0.04125333233564306,0.0,0.0,0,0.00015592591403451974,4.067779192601715e-05,0.0002168943540570546,-0.2999513314551115,0.0008874090029336771
2.1590000000000003,CONTACT_ACQUIRE,0.041409012319375896,0.0,0.0,0,0.00015692591403451974,4.0892320348019705e-05,0.00021216140207361091,-0.29995070612958963,0.0008923534894874697
2.16,CONTACT_ACQUIRE,0.04156434465040236,0.0,0.0,0,0.00015792591403451973,4.110211263635965e-05,0.0002074221686017568,-0.29995007205325824,0.0008970697331905238
2.161,CONTACT_ACQUIRE,0.04171929100279413,0.0,0.0,0,0.00015892591403451973,4.130716275500603e-05,0.00020267714440025118,-0.29994942917986755,0.0009015564535386515
2.162,CONTACT_ACQUIRE,0.04187381314585727,0.0,0.0,0,0.00015992591403451973,4.1507465158210535e-05,0.00019792681926799333,-0.2999487774654186,0.0009058124871057247
2.1630000000000003,CONTACT_ACQUIRE,0.04202787295356519,0.0,0.0,0,0.00016092591403451973,4.170301478952478e-05,0.00019317168199833737,-0.2999481168681746,0.000909836786382429
2.164,CONTACT_ACQUIRE,0.04218143241396548,0.0,0.0,0,0.00016192591403451972,4.189380708077202e-05,0.00018841222033364976,-0.2999474473486711,0.0009136284185879066
2.165,CONTACT_ACQUIRE,0.04233445363855909,0.0,0.0,0,0.00016292591403451972,4.207983795097354e-05,0.00018364892092011346,-0.29994676886972543,0.0009171865644551489
2.166,CONTACT_ACQUIRE,0.04248689887164857,0.0,0.0,0,0.00016392591403451972,4.226110380522997e-05,0.00017888226926278243,-0.2999460813964444,0.000920510516990992
2.1670000000000003,CONTACT_ACQUIRE,0.0426387304996538,0.0,0.0,0,0.00016492591403451971,4.243760153355781e-05,0.00017411274968089015,-0.2999453848962315,0.0009235996802115645
2.168,CONTACT_ACQUIRE,0.042789911060392344,0.0,0.0,0,0.0001659259140345197,4.260932850968134e-05,0.00016934084526341596,-0.29994467933879254,0.0009264535678540297
2.169,CONTACT_ACQUIRE,0.042940403252323074,0.0,0.0,0,0.0001669259140345197,4.27762825897803e-05,0.00016456703782491265,-0.29994396469614054,0.0009290718020654664
2.17,CONTACT_ACQUIRE,0.04309016994374949,0.0,0.0,0,0.0001679259140345197,4.2938462111193456e-05,0.00015979180786159888,-0.29994324094259944,0.0009314541120697156
2.1710000000000003,CONTACT_ACQUIRE,0.04323917418198156,0.0,0.0,0,0.0001689259140345197,4.3095865891078416e-05,0.00015501563450772017,-0.2999425080548067,0.0009336003328130247
2.172,CONTACT_ACQUIRE,0.04338737920245296,0.0,0.0,0,0.0001699259140345197,4.324849322502798e-05,0.0001502389954921817,-0.29994176601171496,0.0009355104035893115
2.173,CONTACT_ACQUIRE,0.043534748437792606,0.0,0.0,0,0.0001709259140345197,4.339634388564322e-05,0.00014546236709545658,-0.29994101479459256,0.000937184366645862
2.174,CONTACT_ACQUIRE,0.043681245526846796,0.0,0.0,0,0.0001719259140345197,4.3539418121063595e-05,0.0001406862241067728,-0.2999402543870233,0.0009386223657702751
2.1750000000000003,CONTACT_ACQUIRE,0.04382683432365096,0.0,0.0,0,0.0001729259140345197,4.367771665345446e-05,0.00013591103978158255,-0.29993948477490484,0.0009398246448594554
2.176,CONTACT_ACQUIRE,0.04397147890634785,0.0,0.0,0,0.0001739259140345197,4.38112406774521e-05,0.00013113728579931689,-0.29993870594644645,0.0009407915464714524
2.177,CONTACT_ACQUIRE,0.04411514358605112,0.0,0.0,0,0.00017492591403451969,4.393999185856674e-05,0.00012636543222142944,-0.2999379178921655,0.0009415235103609385
2.178,CONTACT_ACQUIRE,0.04425779291565074,0.0,0.0,0,0.00017592591403451968,4.40639723315437e-05,0.00012159594744973202,-0.2999371206048833,0.0009420210719991075
2.179,CONTACT_ACQUIRE,0.04439939169855915,0.0,0.0,0,0.00017692591403451968,4.4183184698683025e-05,0.00011682929818502576,-0.2999363140797198,0.0009422848610787712
2.18,CONTACT_ACQUIRE,0.04453990499739552,0.0,0.0,0,0.00017792591403451968,4.4297632028117945e-05,0.0001120659493860306,-0.29993549831408745,0.000942315600005425
2.181,CONTACT_ACQUIRE,0.04467929814260577,0.0,0.0,0,0.00017892591403451967,4.440731785205237e-05,0.0001073063642286166,-0.299934673307684,0.000942114102375045
2.182,CONTACT_ACQUIRE,0.04481753674101717,0.0,0.0,0,0.00017992591403451967,4.4512246164957765e-05,0.00010255100406533998,-0.2999338390624845,0.0009416812714393727
2.183,CONTACT_ACQUIRE,0.044954586684324074,0.0,0.0,0,0.00018092591403451967,4.4612421421729774e-05,9.780032838528693e-05,-0.2999329955827328,0.0009410180985594321
2.184,CONTACT_ACQUIRE,0.045090414157503755,0.0,0.0,0,0.00018192591403451967,4.4707848535804755e-05,9.305479477422841e-05,-0.2999321428749313,0.0009401256616480239
2.185,CONTACT_ACQUIRE,0.04522498564715952,0.0,0.0,0,0.00018292591403451966,4.4798532877236715e-05,8.831485887508882e-05,-0.2999312809478309,0.000939005123601928
2.186,CONTACT_ACQUIRE,0.04535826794978998,0.0,0.0,0,0.00018392591403451966,4.4884480270734795e-05,8.358097434873136e-05,-0.29993040981241914,0.0009376577307245364
2.187,CONTACT_ACQUIRE,0.04549022817998132,0.0,0.0,0,0.00018492591403451966,4.496569699366175e-05,7.885359283506325e-05,-0.29992952948190826,0.0009360848111396376
2.188,CONTACT_ACQUIRE,0.04562083377852136,0.0,0.0,0,0.00018592591403451966,4.5042189773993686e-05,7.413316391446351e-05,-0.29992863997172214,0.0009342877731970579
2.189,CONTACT_ACQUIRE,0.045750052520432814,0.0,0.0,0,0.00018692591403451965,4.5113965788241366e-05,6.942013506953602e-05,-0.29992774129948235,0.0009322681038708616
2.19,CONTACT_ACQUIRE,0.04587785252292474,0.0,0.0,0,0.00018792591403451965,4.518103265933346e-05,6.471495164719103e-05,-0.2999268334849938,0.0009300273671508025
2.191,CONTACT_ACQUIRE,0.046004202253258845,0.0,0.0,0,0.00018892591403451965,4.524339845446204e-05,6.0018056821057334e-05,-0.29992591655022927,0.0009275672024277105
2.192,CONTACT_ACQUIRE,0.046129070536529815,0.0,0.0,0,0.00018992591403451964,4.53010716828906e-05,5.5329891554228296e-05,-0.29992499051931315,0.0009248893228734859
2.193,CONTACT_ACQUIRE,0.04625242656335708,0.0,0.0,0,0.00019092591403451964,4.535406129372508e-05,5.065089456234406e-05,-0.29992405541850503,0.0009219955138163742
2.194,CONTACT_ACQUIRE,0.046374239897486916,0.0,0.0,0,0.00019192591403451964,4.5402376673648087e-05,4.598150227701272e-05,-0.29992311127618193,0.000918887631112173
2.195,CONTACT_ACQUIRE,0.04649448048330184,0.0,0.0,0,0.00019292591403451964,4.544602764461669e-05,4.132214880957297e-05,-0.29992215812282014,0.0009155675995120245
2.196,CONTACT_ACQUIRE,0.046613118653236564,0.0,0.0,0,0.00019392591403451963,4.54850244615242e-05,3.6673265915200794e-05,-0.29992119599097644,0.0009120374110274326
2.197,CONTACT_ACQUIRE,0.046730125135097764,0.0,0.0,0,0.00019492591403451963,4.551937780982619e-05,3.203528295736266e-05,-0.2999202249152684,0.0009082991232931367
2.198,CONTACT_ACQUIRE,0.0468454710592869,0.0,0.0,0,0.00019592591403451963,4.5549098803131184e-05,2.7408626872617694e-05,-0.29991924493235433,0.0009043548579284645
2.199,CONTACT_ACQUIRE,0.04695912796592315,0.0,0.0,0,0.00019692591403451962,4.557419898075626e-05,2.279372213577121e-05,-0.2999182560809125,0.0009002067988977775
2.2,CONTACT_ACQUIRE,0.047071067811865513,0.0,0.0,0,0.00019792591403451962,4.559469030524803e-05,1.8190990725382006e-05,-0.2999172584016196,0.0008958571908706142
2.201,CONTACT_ACQUIRE,0.04718126297763192,0.0,0.0,0,0.00019892591403451962,4.561058515986933e-05,1.3600852089625694e-05,-0.29991625193712884,0.000891308337582126
2.202,CONTACT_ACQUIRE,0.047289686274214135,0.0,0.0,0,0.00019992591403451962,4.562189634605186e-05,9.023723112516397e-06,-0.2999152367320473,0.000886562600194391
2.203,CONTACT_ACQUIRE,0.0473963109497861,0.0,0.0,0,0.0002009259140345196,4.562863708081534e-05,4.460018080489e-06,-0.29991421283291275,0.0008816223956591839
2.204,CONTACT_ACQUIRE,0.04750111069630464,0.0,0.0,0,0.0002019259140345196,4.5630820994153326e-05,-8.985135065581071e-08,-0.2999131802881701,0.0008764901950827712
2.205,CONTACT_ACQUIRE,0.04760405965600034,0.0,0.0,0,0.0002029259140345196,4.562846212638624e-05,-4.625476188441597e-06,-0.29991213914814696,0.0008711685220932845
2.206,CONTACT_ACQUIRE,0.04770513242775791,0.0,0.0,0,0.0002039259140345196,4.562157492548183e-05,-9.146450136039185e-06,-0.299911089465029,0.0008656599512112263
2.207,CONTACT_ACQUIRE,0.0478043040733833,0.0,0.0,0,0.0002049259140345196,4.561017424434351e-05,-1.3652369624220592e-05,-0.29991003129283467,0.0008599671062236445
2.208,CONTACT_ACQUIRE,0.047901550123756936,0.0,0.0,0,0.0002059259140345196,4.559427533806695e-05,-1.8142833842941824e-05,-0.29990896468738965,0.0008540926585625071
2.209,CONTACT_ACQUIRE,0.04799684658487093,0.0,0.0,0,0.0002069259140345196,4.557389386116527e-05,-2.2617444772552597e-05,-0.2999078897063003,0.0008480393256877964
2.21,CONTACT_ACQUIRE,0.04809016994374949,0.0,0.0,0,0.0002079259140345196,4.5549045864763146e-05,-2.7075807214631015e-05,-0.2999068064089273,0.0008418098694758341
2.211,CONTACT_ACQUIRE,0.04818149717425024,0.0,0.0,0,0.0002089259140345196,4.551974779376039e-05,-3.151752882244133e-05,-0.29990571485635853,0.0008354070946133377
2.212,CONTACT_ACQUIRE,0.04827080574274565,0.0,0.0,0,0.0002099259140345196,4.548601648396514e-05,-3.594222013101295e-05,-0.29990461511138145,0.000828833846997704
2.213,CONTACT_ACQUIRE,0.04835807361368273,0.0,0.0,0,0.00021092591403451959,4.5447869159197224e-05,-4.0349494586838826e-05,-0.2999035072384552,0.0008220930121439927
2.214,CONTACT_ACQUIRE,0.048443279255020164,0.0,0.0,0,0.00021192591403451958,4.540532342836204e-05,-4.473896857719157e-05,-0.2999023913036825,0.0008151875135990946
2.215,CONTACT_ACQUIRE,0.048526401643540926,0.0,0.0,0,0.00021292591403451958,4.5358397282495226e-05,-4.911026145905547e-05,-0.29990126737478073,0.0008081203113635379
2.216,CONTACT_ACQUIRE,0.04860742027003947,0.0,0.0,0,0.00021392591403451958,4.5307109091778686e-05,-5.3462995587672786e-05,-0.29990013552105305,0.0008008944003213907
2.217,CONTACT_ACQUIRE,0.04868631514438193,0.0,0.0,0,0.00021492591403451957,4.5251477602528196e-05,-5.77967963447027e-05,-0.299898995813359,0.0007935128086787021
2.218,CONTACT_ACQUIRE,0.048763066800438654,0.0,0.0,0,0.00021592591403451957,4.519152193415308e-05,-6.21112921659913e-05,-0.2998978483240848,0.0007859785964109146
2.219,CONTACT_ACQUIRE,0.048837656300886934,0.0,0.0,0,0.00021692591403451957,4.5127261576088294e-05,-6.640611456895112e-05,-0.2998966931271133,0.0007782948537196757
2.22,CONTACT_ACQUIRE,0.04891006524188371,0.0,0.0,0,0.00021792591403451957,4.5058716384699346e-05,-7.06808981795486e-05,-0.2998955302977938,0.0007704646994994618
2.221,CONTACT_ACQUIRE,0.048980275757606176,0.0,0.0,0,0.00021892591403451956,4.49859065801604e-05,-7.493528075889823e-05,-0.29989435991291136,0.0007624912798144166
2.222,CONTACT_ACQUIRE,0.04904827052466021,0.04904827052466021,0.02623710344705214,1,0.00021985450760593457,4.491219881205429e-05,-7.04506586742376e-05,-0.29989318684490657,0.0007543976610826385
2.223,CONTACT_ACQUIRE,0.049114032766354454,0.049114032766354454,0.03544689626607346,1,0.0002207702993437656,4.4846447779151984e-05,-6.034130889966801e-05,-0.299892023857755,0.0007462442632534166
2.224,CONTACT_ACQUIRE,0.04917754625683984,0.04917754625683984,0.04437032553695333,1,0.00022167240845457085,4.4792914514441e-05,-4.6039716891133165e-05,-0.29989087716776847,0.0007380822662576713
2.225,CONTACT_ACQUIRE,0.04923879532511288,0.04923879532511288,0.05294104805058414,1,0.00022256020297230678,4.4755712199567985e-05,-2.7709133092376697e-05,-0.29988975280021235,0.0007299651723562337
2.226,CONTACT_ACQUIRE,0.04929776485888253,0.04929776485888253,0.06109664317836473,1,0.0002234332945992359,4.4738775686718095e-05,-5.542643230110711e-06,-0.2998886565449933,0.0007219438934069998
2.227,CONTACT_ACQUIRE,0.04935444030829868,0.04935444030829868,0.06877894328774202,1,0.0002242915319128735,4.474583265800757e-05,2.0238846096088755e-05,-0.29988759391456477,0.0007140666591742999
2.228,CONTACT_ACQUIRE,0.049408807689542276,0.049408807689542276,0.07593432928537107,1,0.0002251349920513547,4.478037687170341e-05,4.938876384481516e-05,-0.29988657010469233,0.0007063789419694353
2.229,CONTACT_ACQUIRE,0.04946085358827547,0.04946085358827547,0.0825139901260353,1,0.00022596397099503774,4.4845643628755885e-05,8.163715583012022e-05,-0.29988558995827624,0.0006989233976389726
2.23,CONTACT_ACQUIRE,0.04951056516295155,0.04951056516295155,0.08847414538053552,1,0.00022677897256662358,4.4944587575746876e-05,0.00011669307329603931,-0.2998846579324049,0.0006917398228150691
2.231,CONTACT_ACQUIRE,0.049557930147983306,0.049557930147983306,0.09377623021734066,1,0.00022758069627556012,4.50798629425982e-05,0.0001542470508597468,-0.29988377806878797,0.0006848651282429386
2.232,CONTACT_ACQUIRE,0.04960293685676945,0.04960293685676945,0.09838704240888446,1,0.00022837002413503675,4.525380629536882e-05,0.00019397365572150298,-0.299882953967693,0.0006783333279050695
2.233,CONTACT_ACQUIRE,0.04964557418457799,0.04964557418457799,0.10227885121798291,1,0.00022914800658148905,4.546842186632215e-05,0.0002355340899677118,-0.2998821887654829,0.0006721755435704954
2.234,CONTACT_ACQUIRE,0.04968583161128632,0.04968583161128632,0.10542946828364008,1,0.00022991584762723714,4.5725369505282315e-05,0.00027857882783653443,-0.29988148511582774,0.0006664200243107494
2.235,CONTACT_ACQUIRE,0.04972369920397677,0.04972369920397677,0.10782228084924836,1,0.0002306748893767257,4.602595527824001e-05,0.000322750269977545,-0.29988084517463726,0.0006610921804425042
2.236,CONTACT_ACQUIRE,0.04975916761938749,0.04975916761938749,0.10944624792585778,1,0.00023142659603584266,4.6371124721327044e-05,0.000367685397010967,-0.29988027058873623,0.0006562146312807252
2.237,CONTACT_ACQUIRE,0.04979222810621767,0.04979222810621767,0.11029586020071125,1,0.00023217253754201364,4.676145874076569e-05,0.0004130184050710615,-0.29987976248827997,0.0006518072660157341
2.238,CONTACT_ACQUIRE,0.0498228725072869,0.0498228725072869,0.11037106471993033,1,0.00023291437294024441,4.719717213231727e-05,0.0004583833065036704,-0.2998793214828819,0.0006478873169632074
2.239,CONTACT_ACQUIRE,0.04985109326154774,0.04985109326154774,0.10967715557965668,1,0.00023365383362706284,4.767811467720854e-05,0.0005034164794714695,-0.2998789476614033,0.0006444694443780735
2.24,CONTACT_ACQUIRE,0.049876883405951394,0.049876883405951394,0.10822463204720939,1,0.00023439270658044315,4.8203774755596625e-05,0.0005477591508924524,-0.29987864059533087,0.0006415658319716874
2.241,CONTACT_ACQUIRE,0.04990023657716558,0.04990023657716558,0.10602902572405368,1,0.00023513281768933,4.877328540343277e-05,0.0005910597978994428,-0.2998783993456472,0.0006391862922267484
2.242,CONTACT_ACQUIRE,0.04992114701314478,0.04992114701314478,0.10311069851281383,1,0.00023587601529137867,4.938543272418649e-05,0.0006329764538475411,-0.29987822247307755,0.0006373383805662724
2.243,CONTACT_ACQUIRE,0.0499396095545518,0.0499396095545518,0.09949461331317153,1,0.0002366241540220358,5.003866655336803e-05,0.0006731789058067923,-0.29987810805157744,0.0006360275174016112
2.244,CONTACT_ACQUIRE,0.049955619646030805,0.049955619646030805,0.0952100795018664,1,0.00023737907907216645,5.073111326120815e-05,0.0007113507714560219,-0.29987805368490733,0.0006352571170600549
2.245,CONTACT_ACQUIRE,0.04996917333733129,0.04996917333733129,0.09029047536777617,1,0.00023814261094514132,5.146059056728252e-05,0.0007471914443252275,-0.2998780565261229,0.0006350287225749501
2.246,CONTACT_ACQUIRE,0.04998026728428272,0.04998026728428272,0.08477294978282052,1,0.00023893398505542572,5.222462423035227e-05,0.000780417897418069,-0.2998781132997958,0.0006353421453104445
2.247,CONTACT_ACQUIRE,0.049988898749619703,0.049988898749619703,0.07869804513385598,1,0.0002397552680756023,5.302046646524611e-05,0.0008107663273006678,-0.29987822032676026,0.0006361956300276099
2.248,CONTACT_ACQUIRE,0.049995065603657324,0.049995065603657324,0.0721093332598763,1,0.00024060333631121142,5.384511590655725e-05,0.0008379936056888688,-0.2998783735511376,0.0006375860865144525
2.249,CONTACT_ACQUIRE,0.04999876632481661,0.04999876632481661,0.06505313291401589,1,0.00024147484502554952,5.469533894752784e-05,0.0008618785837363353,-0.2998785685693988,0.000639509250643919
2.25,CONTACT_ACQUIRE,0.05,0.05,0.05757818233203466,1,0.0002423662515752617,5.5567692310439396e-05,0.0008822232474706618,-0.29987880066126726,0.0006419597993090618
2.251,CONTACT_ACQUIRE,0.05,0.05,0.049735290243103164,1,0.00024327385128649346,5.645854669112819e-05,0.0008988537090969798,-0.29987906482224364,0.0006449314590458309
2.2520000000000002,CONTACT_ACQUIRE,0.05,0.05,0.041576979840201714,1,0.0002441938018411904,5.736411131031808e-05,0.0009116210288542952,-0.29987935579752,0.0006484171140916276
2.253,CONTACT_ACQUIRE,0.05,0.05,0.03315712785213742,1,0.0002451221365879882,5.8280459201045445e-05,0.0009204018650429011,-0.29987966811704486,0.0006524089138250602
2.254,CONTACT_ACQUIRE,0.05,0.05,0.0245306017253871,1,0.0002460547906645778,5.9203553059671935e-05,0.0009250989511087209,-0.2998799961314977,0.0006568983789672426
2.255,CONTACT_ACQUIRE,0.05,0.05,0.015752897425146198,1,0.0002469904721629492,6.0129271487571756e-05,0.0009256414000374129,-0.2998803340489301,0.0006618765053911374
2.2560000000000002,CONTACT_ACQUIRE,0.05,0.05,0.006879769960276182,1,0.00024794988219843883,6.105343545100903e-05,0.0009219848358106126,-0.299880675971831,0.000667333868388108
2.257,CONTACT_ACQUIRE,0.05,0.0,0.0,0,0.00024894988219843886,6.197183478166322e-05,0.000914268771616645,-0.29988101593436445,0.0006732607645417401
2.258,CONTACT_ACQUIRE,0.05,0.0,0.0,0,0.0002499498821984389,6.288157559897214e-05,0.0009052025022812182,-0.2998813498326976,0.0006796501122257897
2.259,CONTACT_ACQUIRE,0.05,0.0,0.0,0,0.0002509498821984389,6.37822192476911e-05,0.0008960746175712976,-0.2998816770655971,0.0006864888962853186
2.2600000000000002,CONTACT_ACQUIRE,0.05,0.0,0.0,0,0.00025194988219843893,6.467370466229785e-05,0.0008868862176301162,-0.2998819975660111,0.0006937613009670745
2.261,CONTACT_ACQUIRE,0.05,0.0,0.0,0,0.00025294988219843895,6.555597187870993e-05,0.0008776384051743097,-0.2998823112626353,0.0007014515732848417
2.262,CONTACT_ACQUIRE,0.05,0.0,0.0,0,0.000253949882198439,6.642896203679914e-05,0.0008683322853762488,-0.29988261808006755,0.0007095440289957122
2.263,CONTACT_ACQUIRE,0.05,0.0,0.0,0,0.000254949882198439,6.729261738278855e-05,0.0008589689657464958,-0.29988291793896144,0.0007180230584398006
2.2640000000000002,CONTACT_ACQUIRE,0.05,0.0,0.0,0,0.00025594988219843903,6.814688127153195e-05,0.0008495495560163963,-0.2998832107561795,0.000726873132243692
2.265,CONTACT_ACQUIRE,0.05,0.0,0.0,0,0.00025694988219843905,6.899169816867603e-05,0.0008400751680208178,-0.29988349644494555,0.0007360788068879816
2.266,CONTACT_ACQUIRE,0.05,0.0,0.0,0,0.0002579498821984391,6.98270136527053e-05,0.000830546915581045,-0.29988377491499596,0.0007456247301392738
2.267,CONTACT_ACQUIRE,0.05,0.0,0.0,0,0.0002589498821984391,7.065277441687001e-05,0.0008209659143878463,-0.2998840460727304,0.0007554956463470706
2.2680000000000002,CONTACT_ACQUIRE,0.05,0.0,0.0,0,0.0002599498821984391,7.146892827099729e-05,0.0008113332818847174,-0.2998843098213613,0.0007656764016060036
2.269,CONTACT_ACQUIRE,0.05,0.0,0.0,0,0.00026094988219843915,7.227542414318553e-05,0.0008016501371513187,-0.2998845660610625,0.0007761519487839106
2.27,CONTACT_ACQUIRE,0.05,0.0,0.0,0,0.0002619498821984392,7.30722120813824e-05,0.0007919176007871128,-0.2998848146891169,0.0007869073524162872
2.271,CONTACT_ACQUIRE,0.05,0.0,0.0,0,0.0002629498821984392,7.385924325484648e-05,0.0007821367947952159,-0.2998850556000626,0.0007979277934676858
2.2720000000000002,CONTACT_ACQUIRE,0.05,0.0,0.0,0,0.0002639498821984392,7.463646995549304e-05,0.0007723088424664731,-0.2998852886858387,0.0008091985739606634
2.273,CONTACT_ACQUIRE,0.05,0.0,0.0,0,0.00026494988219843925,7.540384559912381e-05,0.0007624348682637682,-0.29988551383592904,0.0008207051214729229
2.274,CONTACT_ACQUIRE,0.05,0.0,0.0,0,0.00026594988219843927,7.616132472654133e-05,0.0007525159977065786,-0.29988573093750526,0.0008324329935033142
2.275,CONTACT_ACQUIRE,0.05,0.0,0.0,0,0.0002669498821984393,7.690886300454789e-05,0.0007425533572557874,-0.29988593987556844,0.0008443678817074082
2.2760000000000002,CONTACT_ACQUIRE,0.05,0.0,0.0,0,0.0002679498821984393,7.764641722682947e-05,0.0007325480741987611,-0.2998861405330894,0.000856495616003376
2.277,CONTACT_ACQUIRE,0.05,0.0,0.0,0,0.00026894988219843934,7.837394531472488e-05,0.0007225012765347057,-0.2998863327911475,0.0008688021685489462
2.278,CONTACT_ACQUIRE,0.05,0.0,0.0,0,0.00026994988219843937,7.909140631788042e-05,0.0007124140928603099,-0.2998865165290685,0.0008812736575902397
2.279,CONTACT_ACQUIRE,0.05,0.0,0.0,0,0.0002709498821984394,7.979876041479024e-05,0.0007022876522556876,-0.2998866916245605,0.000893896351183312
2.2800000000000002,CONTACT_ACQUIRE,0.05,0.0,0.0,0,0.0002719498821984394,8.049596891322295e-05,0.0006921230841706285,-0.2998868579538485,0.0009066566707892617
2.281,CONTACT_ACQUIRE,0.05,0.0,0.0,0,0.00027294988219843944,8.118299425053448e-05,0.0006819215183111679,-0.29988701539180784,0.0009195411947437946
2.282,CONTACT_ACQUIRE,0.05,0.0,0.0,0,0.00027394988219843947,8.18597999938678e-05,0.0006716840845264866,-0.2998871638120956,0.000932536661602158
2.283,CONTACT_ACQUIRE,0.05,0.0,0.0,0,0.0002749498821984395,8.252635084023962e-05,0.0006614119126961495,-0.29988730308728073,0.0009456299733603833
2.2840000000000003,CONTACT_ACQUIRE,0.05,0.0,0.0,0,0.0002759498821984395,8.318261261651457e-05,0.000651106132617695,-0.29988743308897237,0.0009588081985538137
2.285,CONTACT_ACQUIRE,0.05,0.0,0.0,0,0.00027694988219843954,8.382855227926708e-05,0.000640767873894583,-0.2998875536879469,0.0009720585752339042
2.286,CONTACT_ACQUIRE,0.05,0.0,0.0,0,0.00027794988219843956,8.446413791453146e-05,0.0006303982658245141,-0.29988766475427286,0.0009853685138243124
2.287,CONTACT_ACQUIRE,0.05,0.0,0.0,0,0.0002789498821984396,8.508933873744047e-05,0.0006199984372881277,-0.2998877661574345,0.0009987255998573277
2.2880000000000003,CONTACT_ACQUIRE,0.05,0.0,0.0,0,0.0002799498821984396,8.57041250917527e-05,0.0006095695166380902,-0.2998878577664536,0.0010121175965916982
2.289,CONTACT_ACQUIRE,0.05,0.0,0.0,0,0.00028094988219843964,8.630846844926942e-05,0.0005991126315885827,-0.29988793945000936,0.0010255324475129484
2.29,CONTACT_ACQUIRE,0.05,0.0,0.0,0,0.00028194988219843966,8.69023414091409e-05,0.0005886289091051979,-0.2998880110765566,0.0010389582787172947
2.291,CONTACT_ACQUIRE,0.05,0.0,0.0,0,0.0002829498821984397,8.748571769706299e-05,0.0005781194752952557,-0.2998880725144423,0.0010523834011802909
2.2920000000000003,CONTACT_ACQUIRE,0.05,0.0,0.0,0,0.0002839498821984397,8.80585721643642e-05,0.0005675854552985475,-0.2998881236320202,0.0010657963129113558
2.293,CONTACT_ACQUIRE,0.05,0.0,0.0,0,0.00028494988219843973,8.862088078698371e-05,0.0005570279731785184,-0.29988816429776366,0.0010791857009953523
2.294,CONTACT_ACQUIRE,0.05,0.0,0.0,0,0.00028594988219843976,8.917262066434078e-05,0.0005464481518138976,-0.29988819438037634,0.0010925404435224077
2.295,CONTACT_ACQUIRE,0.05,0.0,0.0,0,0.0002869498821984398,8.971377001809608e-05,0.0005358471127907839,-0.2998882137489016,0.0011058496114071882
2.2960000000000003,CONTACT_ACQUIRE,0.05,0.0,0.0,0,0.0002879498821984398,9.024430819080524e-05,0.0005252259762951992,-0.2998882222728295,0.001119102470098847
2.297,CONTACT_ACQUIRE,0.05,0.0,0.0,0,0.00028894988219843983,9.076421564446532e-05,0.0005145858610061166,-0.2998882198222021,0.001132288481182892
2.298,CONTACT_ACQUIRE,0.05,0.0,0.0,0,0.00028994988219843985,9.127347395895442e-05,0.0005039278839889725,-0.29988820626771673,0.001145397303876233
2.299,CONTACT_ACQUIRE,0.05,0.0,0.0,0,0.0002909498821984399,9.177206583036511e-05,0.0004932531605896729,-0.29988818148082763,0.0011584187964166813
2.3000000000000003,CONTACT_ACQUIRE,0.05,0.0,0.0,0,0.0002919498821984399,9.225997506923216e-05,0.00048256280432910264,-0.2998881453338451,0.001171343017348193
2.301,CONTACT_ACQUIRE,0.05,0.0,0.0,0,0.00029294988219843993,9.273718659865492e-05,0.00047185792679814485,-0.2998880977000332,0.0011841602267031559
2.302,CONTACT_ACQUIRE,0.05,0.0,0.0,0,0.00029394988219843995,9.320368645231508e-05,0.00046113963755322197,-0.2998880384537052,0.0011968608870830417
2.303,CONTACT_ACQUIRE,0.05,0.0,0.0,0,0.00029494988219844,9.365946177239022e-05,0.00045040904401236507,-0.29988796747031715,0.001209435664638752
2.3040000000000003,CONTACT_ACQUIRE,0.05,0.0,0.0,0,0.00029594988219844,9.410450080736362e-05,0.00043966725135182133,-0.29988788462655935,0.0012218754299519994
2.305,CONTACT_ACQUIRE,0.05,0.0,0.0,0,0.00029694988219844,9.453879290973106e-05,0.00042891536240320763,-0.2998877898004459,0.001234171258819079
2.306,CONTACT_ACQUIRE,0.05,0.0,0.0,0,0.00029794988219844005,9.496232853360496e-05,0.00041815447755121906,-0.2998876828714023,0.0012463144329383949
2.307,CONTACT_ACQUIRE,0.05,0.0,0.0,0,0.0002989498821984401,9.537509923221659e-05,0.00040738569463190084,-0.2998875637203507,0.0012582964405031196
2.308,CONTACT_ACQUIRE,0.05,0.0,0.0,0,0.0002999498821984401,9.577709765531674e-05,0.0003966101088314917,-0.2998874322297938,0.001270108976700365
2.309,CONTACT_ACQUIRE,0.05,0.0,0.0,0,0.0003009498821984401,9.616831754647561e-05,0.00038582881258584714,-0.2998872882838959,0.001281743944118269
2.31,CONTACT_ACQUIRE,0.05,0.0,0.0,0,0.00030194988219844015,9.65487537402824e-05,0.000375042895480451,-0.2998871317685624,0.001293193453062393
2.311,CONTACT_ACQUIRE,0.05,0.0,0.0,0,0.00030294988219844017,9.691840215944515e-05,0.000364253444151023,-0.2998869625715174,0.0013044498217828437
2.312,CONTACT_ACQUIRE,0.05,0.0,0.0,0,0.0003039498821984402,9.727725981179154e-05,0.00035346154218473077,-0.2998867805823788,0.0013155055766135386
2.313,CONTACT_ACQUIRE,0.05,0.0,0.0,0,0.0003049498821984402,9.762532478717124e-05,0.0003426682700220135,-0.29988658569273147,0.0013263534520250395
2.314,CONTACT_ACQUIRE,0.05,0.0,0.0,0,0.00030594988219844024,9.796259625426029e-05,0.0003318747048590261,-0.2998863777961989,0.0013369863905923853
2.315,CONTACT_ACQUIRE,0.05,0.0,0.0,0,0.00030694988219844027,9.828907445726833e-05,0.0003210819205507107,-0.2998861567885122,0.001347397542879361
2.316,CONTACT_ACQUIRE,0.05,0.0,0.0,0,0.0003079498821984403,9.860476071254922e-05,0.00031029098751450405,-0.2998859225675772,0.0013575802672406447
2.317,CONTACT_ACQUIRE,0.05,0.0,0.0,0,0.0003089498821984403,9.89096574051156e-05,0.00029950297263468714,-0.2998856750335396,0.0013675281295432822
2.318,CONTACT_ACQUIRE,0.05,0.0,0.0,0,0.00030994988219844034,9.920376798505819e-05,0.0002887189391673861,-0.2998854140888482,0.0013772349028089335
2.319,CONTACT_ACQUIRE,0.05,0.0,0.0,0,0.00031094988219844036,9.948709696387045e-05,0.0002779399466462304,-0.299885139638316,0.0013866945667783531
2.32,CONTACT_ACQUIRE,0.05,0.0,0.0,0,0.0003119498821984404,9.975964991067915e-05,0.0002671670507886767,-0.2998848515891788,0.0013959013073995546
2.321,CONTACT_ACQUIRE,0.05,0.0,0.0,0,0.0003129498821984404,0.00010002143344838164,0.00025640130340300483,-0.299884549851153,0.0014048495162411216
2.322,CONTACT_ACQUIRE,0.05,0.0,0.0,0,0.00031394988219844044,0.00010027245524969048,0.0002456437522959935,-0.2998842343364898,0.001413533789832128
2.323,CONTACT_ACQUIRE,0.05,0.0,0.0,0,0.00031494988219844046,0.00010051272403308602,0.00023489544118128255,-0.29988390496002876,0.0014219489289301274
2.324,CONTACT_ACQUIRE,0.05,0.0,0.0,0,0.0003159498821984405,0.0001007422495586778,0.000224157409588429,-0.29988356163924845,0.001430089937718675
2.325,CONTACT_ACQUIRE,0.05,0.0,0.0,0,0.0003169498821984405,0.00010096104262397522,0.00021343069277266337,-0.29988320429431564,0.001437952022935849
2.326,CONTACT_ACQUIRE,0.05,0.0,0.0,0,0.00031794988219844053,0.00010116911505956839,0.00020271632162535322,-0.2998828328481322,0.0014455305929352322
2.327,CONTACT_ACQUIRE,0.05,0.0,0.0,0,0.00031894988219844056,0.00010136647972471987,0.00019201532258518081,-0.29988244722638024,0.0014528212566808194
2.328,CONTACT_ACQUIRE,0.05,0.0,0.0,0,0.0003199498821984406,0.00010155315050286779,0.00018132871755004116,-0.299882047357565,0.0014598198226773082
2.329,CONTACT_ACQUIRE,0.05,0.0,0.0,0,0.0003209498821984406,0.00010172914229704131,0.00017065752378966716,-0.29988163317305616,0.0014665222978372423
2.33,CONTACT_ACQUIRE,0.05,0.0,0.0,0,0.00032194988219844063,0.00010189447102518917,0.00016000275385898816,-0.29988120460712686,0.0014729248862864544
2.331,CONTACT_ACQUIRE,0.05,0.0,0.0,0,0.00032294988219844066,0.0001020491536154218,0.00014936541551222824,-0.299880761596991,0.0014790239881092774
2.332,CONTACT_ACQUIRE,0.05,0.0,0.0,0,0.0003239498821984407,0.00010219320800116795,0.00013874651161775058,-0.29988030408283856,0.0014848161980349644
2.333,CONTACT_ACQUIRE,0.05,0.0,0.0,0,0.0003249498821984407,0.00010232665311624665,0.00012814704007365382,-0.29987983200786883,0.0014902983040667812
2.334,CONTACT_ACQUIRE,0.05,0.0,0.0,0,0.00032594988219844073,0.00010244950888985499,0.00011756799372412673,-0.29987934531832217,0.001495467286055203
2.335,CONTACT_ACQUIRE,0.05,0.0,0.0,0,0.00032694988219844075,0.00010256179624147272,0.00010701036027656679,-0.2998788439635094,0.0015003203142166716
2.336,CONTACT_ACQUIRE,0.05,0.0,0.0,0,0.0003279498821984408,0.00010266353707568437,9.64751222194689e-05,-0.29987832789583974,0.0015048547475993413
2.337,CONTACT_ACQUIRE,0.05,0.0,0.0,0,0.0003289498821984408,0.00010275475427691958,8.596325674108959e-05,-0.29987779707084655,0.0015090681324972453
2.338,CONTACT_ACQUIRE,0.05,0.0,0.0,0,0.0003299498821984408,0.00010283547170411252,7.54757356488928e-05,-0.2998772514472115,0.0015129582008143194
2.339,CONTACT_ACQUIRE,0.05,0.0,0.0,0,0.00033094988219844085,0.00010290571418528118,6.501352528978242e-05,-0.29987669098678676,0.0015165228683796973
2.34,CONTACT_ACQUIRE,0.05,0.0,0.0,0,0.0003319498821984409,0.00010296550751202721,5.457758647112728e-05,-0.2998761156546155,0.0015197602332156907
2.341,CONTACT_ACQUIRE,0.05,0.0,0.0,0,0.0003329498821984409,0.00010301487843395726,4.416887438258384e-05,-0.2998755254189505,0.0015226685737598723
2.342,CONTACT_ACQUIRE,0.05,0.0,0.0,0,0.0003339498821984409,0.00010305385465302652,3.3788338518722035e-05,-0.29987492025127105,0.0015252463470426549
2.343,CONTACT_ACQUIRE,0.05,0.0,0.0,0,0.00033494988219844095,0.00010308246481780527,2.3436922602459183e-05,-0.29987430012629807,0.0015274921868217665
2.344,CONTACT_ACQUIRE,0.05,0.0,0.0,0,0.00033594988219844097,0.00010310073851766927,1.3115564509307305e-05,-0.29987366502200746,0.0015294049016750086
2.345,CONTACT_ACQUIRE,0.05,0.0,0.0,0,0.000336949882198441,0.00010310870627691484,2.825196192438644e-06,-0.29987301491964197,0.0015309834730526752
2.346,CONTACT_ACQUIRE,0.05,0.0,0.0,0,0.000337949882198441,0.0001031063995487994,-7.433256391425604e-06,-0.29987234980372096,0.0015322270532910067
2.347,CONTACT_ACQUIRE,0.05,0.0,0.0,0,0.00033894988219844105,0.00010309385070950827,-1.765887335529861e-05,-0.29987166966204887,0.0015331349635880384
2.348,CONTACT_ACQUIRE,0.05,0.0,0.0,0,0.00033994988219844107,0.00010307109305204868,-2.7850740954378595e-05,-0.2998709744857218,0.0015337066919432012
2.349,CONTACT_ACQUIRE,0.05,0.0,0.0,0,0.0003409498821984411,0.0001030381607800717,-3.800795165766224e-05,-0.29987026426913266,0.0015339418910620172
2.35,CONTACT_ACQUIRE,0.05,0.0,0.0,0,0.0003419498821984411,0.00010299508900162297,-4.812960421871634e-05,-0.2998695390099743,0.001533840376227225
2.351,CONTACT_ACQUIRE,0.05,0.0,0.0,0,0.00034294988219844114,0.00010294191372282311,-5.8214803745603366e-05,-0.2998687987092417,0.0015334021231376645
2.352,CONTACT_ACQUIRE,0.05,0.0,0.0,0,0.00034394988219844117,0.00010287867184147865,-6.826266176995648e-05,-0.2998680433712319,0.001532627265716232
2.353,CONTACT_ACQUIRE,0.05,0.0,0.0,0,0.0003449498821984412,0.00010280540114062418,-7.827229631519997e-05,-0.2998672730035428,0.0015315160938882148
2.354,CONTACT_ACQUIRE,0.05,0.0,0.0,0,0.0003459498821984412,0.00010272214028199689,-8.824283196391089e-05,-0.29986648761707035,0.0015300690513312964
2.355,CONTACT_ACQUIRE,0.05,0.0,0.0,0,0.00034694988219844124,0.00010262892879944407,-9.817339992431789e-05,-0.2998656872260042,0.001528286733198524
2.356,CONTACT_ACQUIRE,0.05,0.0,0.0,0,0.00034794988219844126,0.00010252580709226461,-0.00010806313809593344,-0.2998648718478218,0.0015261698838154997
2.357,CONTACT_ACQUIRE,0.05,0.0,0.0,0,0.0003489498821984413,0.00010241281641848518,-0.00011791119113431544,-0.2998640415032811,0.0015237193943530688
2.358,CONTACT_ACQUIRE,0.05,0.0,0.0,0,0.0003499498821984413,0.00010228999888807221,-0.00012771671051495473,-0.299863196216412,0.0015209363004767484
2.359,CONTACT_ACQUIRE,0.05,0.0,0.0,0,0.00035094988219844134,0.00010215739745608042,-0.00013747885459628473,-0.2998623360145059,0.0015178217799741347
2.36,CONTACT_ACQUIRE,0.05,0.0,0.0,0,0.00035194988219844136,0.00010201505591573868,-0.00014719678868180966,-0.29986146092810434,0.0015143771503615222
2.361,CONTACT_ACQUIRE,0.05,0.0,0.0,0,0.0003529498821984414,0.00010186301889147425,-0.00015686968508134811,-0.29986057099098606,0.0015106038664709392
2.362,CONTACT_ACQUIRE,0.05,0.0,0.0,0,0.0003539498821984414,0.00010170133183187626,-0.0001664967231713885,-0.29985966624015276,0.001506503518018809
2.363,CONTACT_ACQUIRE,0.05,0.0,0.0,0,0.00035494988219844143,0.0001015300410025992,-0.0001760770894545531,-0.29985874671581336,0.001502077827157421
2.364,CONTACT_ACQUIRE,0.05,0.0,0.0,0,0.00035594988219844146,0.00010134919347920738,-0.0001856099776181679,-0.2998578124613673,0.0014973286460103936
2.365,CONTACT_ACQUIRE,0.05,0.0,0.0,0,0.0003569498821984415,0.00010115883713996143,-0.00019509458859193467,-0.29985686352338625,0.001492257954193284
2.366,CONTACT_ACQUIRE,0.05,0.0,0.0,0,0.0003579498821984415,0.00010095902065854738,-0.00020453013060470302,-0.2998558999515948,0.0014868678563205034
2.367,CONTACT_ACQUIRE,0.05,0.0,0.0,0,0.00035894988219844153,0.00010074979349674947,-0.00021391581924033894,-0.2998549217988497,0.0014811605794996692
2.368,CONTACT_ACQUIRE,0.05,0.0,0.0,0,0.00035994988219844156,0.00010053120589706771,-0.00022325087749268757,-0.29985392912111825,0.0014751384708145176
2.369,CONTACT_ACQUIRE,0.05,0.0,0.0,0,0.0003609498821984416,0.00010030330887528065,-0.00023253453581962744,-0.2998529219774549,0.001468803994797489
2.37,CONTACT_ACQUIRE,0.05,0.0,0.0,0,0.0003619498821984416,0.00010006615421295478,-0.00024176603219621353,-0.29985190042997745,0.0014621597308930785
2.371,CONTACT_ACQUIRE,0.05,0.0,0.0,0,0.00036294988219844163,9.981979444990117e-05,-0.00025094461216690675,-0.2998508645438415,0.001455208370913035
2.372,CONTACT_ACQUIRE,0.05,0.0,0.0,0,0.00036394988219844165,9.956428287658027e-05,-0.00026006952889688785,-0.29984981438721436,0.0014479527164844748
2.373,CONTACT_ACQUIRE,0.05,0.0,0.0,0,0.0003649498821984417,9.929967352645597e-05,-0.00026914004322245287,-0.2998487500312472,0.0014403956764919663
2.374,CONTACT_ACQUIRE,0.05,0.0,0.0,0,0.0003659498821984417,9.902602116829968e-05,-0.0002781554237004886,-0.2998476715500468,0.001432540264514618
2.375,CONTACT_ACQUIRE,0.05,0.0,0.0,0,0.0003669498821984417,9.87433812984453e-05,-0.0002871149466570256,-0.2998465790206459,0.0014243895962592055
2.376,CONTACT_ACQUIRE,0.05,0.0,0.0,0,0.00036794988219844175,9.84518101329963e-05,-0.00029601789623486744,-0.2998454725229725,0.0014159468869903275
2.3770000000000002,CONTACT_ACQUIRE,0.05,0.0,0.0,0,0.0003689498821984418,9.815136459998543e-05,-0.0003048635644402932,-0.2998443521398187,0.0014072154489586128
2.378,CONTACT_ACQUIRE,0.05,0.0,0.0,0,0.0003699498821984418,9.784210233148834e-05,-0.00031365125118883283,-0.2998432179568079,0.0013981986888279324
2.379,CONTACT_ACQUIRE,0.05,0.0,0.0,0,0.0003709498821984418,9.752408165569175e-05,-0.0003223802643501124,-0.2998420700623615,0.0013889001051025976
2.38,CONTACT_ACQUIRE,0.05,0.0,0.0,0,0.00037194988219844185,9.719736158891742e-05,-0.0003310499197917693,-0.29984090854766465,0.0013793232855554899
2.3810000000000002,CONTACT_ACQUIRE,0.05,0.0,0.0,0,0.00037294988219844187,9.686200182760249e-05,-0.00033965954142243387,-0.2998397335066309,0.001369471904658053
2.382,CONTACT_ACQUIRE,0.05,0.0,0.0,0,0.0003739498821984419,9.651806274023743e-05,-0.0003482084612337782,-0.2998385450358664,0.0013593497210130784
2.383,CONTACT_ACQUIRE,0.05,0.0,0.0,0,0.0003749498821984419,9.616560535926234e-05,-0.0003566960193416292,-0.29983734323463274,0.0013489605747911747
2.384,CONTACT_ACQUIRE,0.05,0.0,0.0,0,0.00037594988219844194,9.580469137292262e-05,-0.0003651215640261458,-0.2998361282048096,0.0013383083851718207
2.3850000000000002,CONTACT_ACQUIRE,0.05,0.0,0.0,0,0.00037694988219844197,9.5435383117085e-05,-0.000373484451771059,-0.29983490005085617,0.0013273971477898712
2.386,CONTACT_ACQUIRE,0.05,0.0,0.0,0,0.000377949882198442,9.505774356701464e-05,-0.0003817840473019729,-0.2998336588797719,0.0013162309321883751
2.387,CONTACT_ACQUIRE,0.05,0.0,0.0,0,0.000378949882198442,9.467183632911459e-05,-0.0003900197236237278,-0.29983240480105683,0.0013048138792785492
2.388,CONTACT_ACQUIRE,0.05,0.0,0.0,0,0.00037994988219844204,9.427772563262822e-05,-0.00039819086205682223,-0.29983113792667065,0.0012931501988077345
2.3890000000000002,CONTACT_ACQUIRE,0.05,0.0,0.0,0,0.00038094988219844207,9.387547632130574e-05,-0.0004062968522728952,-0.2998298583709917,0.0012812441668361475
2.39,CONTACT_ACQUIRE,0.05,0.0,0.0,0,0.0003819498821984421,9.346515384503574e-05,-0.00041433709232926704,-0.29982856625077486,0.00126910012322322
2.391,CONTACT_ACQUIRE,0.05,0.0,0.0,0,0.0003829498821984421,9.304682425144257e-05,-0.0004223109887025382,-0.29982726168510915,0.0012567224691243152
2.392,CONTACT_ACQUIRE,0.05,0.0,0.0,0,0.00038394988219844214,9.262055417745073e-05,-0.0004302179563212468,-0.29982594479537444,0.0012441156644985752
2.3930000000000002,CONTACT_ACQUIRE,0.05,0.0,0.0,0,0.00038494988219844216,9.218641084081695e-05,-0.0004380574185975831,-0.29982461570519775,0.0012312842256286586
2.394,CONTACT_ACQUIRE,0.05,0.0,0.0,0,0.0003859498821984422,9.174446203163107e-05,-0.0004458288074581618,-0.299823274540409,0.0012182327226530972
2.395,CONTACT_ACQUIRE,0.05,0.0,0.0,0,0.0003869498821984422,9.129477610378666e-05,-0.00045353156337385166,-0.29982192142899616,0.0012049657771119892
2.396,CONTACT_ACQUIRE,0.05,0.0,0.0,0,0.00038794988219844224,9.08374219664222e-05,-0.00046116513538866223,-0.2998205565010599,0.001191488059506735
2.3970000000000002,CONTACT_ACQUIRE,0.05,0.0,0.0,0,0.00038894988219844226,9.03724690753339e-05,-0.00046872898114768823,-0.29981917988876783,0.001177804286874499
2.398,CONTACT_ACQUIRE,0.05,0.0,0.0,0,0.0003899498821984423,8.989998742436105e-05,-0.00047622256692411133,-0.2998177917263083,0.0011639192203780728
2.399,CONTACT_ACQUIRE,0.05,0.05,0.03983662833130236,1,0.00039044477323396106,8.942508243245087e-05,-0.00047049907825191155,-0.2998163993638472,0.0011498676434466802
2.4,CONTACT_ACQUIRE,0.05,0.05,0.054406340054545685,1,0.0003909202099961013,8.896128340369757e-05,-0.00045596883679920394,-0.29981502226375956,0.0011357386503345445
2.4010000000000002,CONTACT_ACQUIRE,0.05,0.05,0.06854814552420081,1,0.0003913748430596471,8.851537211792426e-05,-0.0004347605544473739,-0.29981367027293826,0.0011215966936410442
2.402,CONTACT_ACQUIRE,0.05,0.05,0.08216350675993453,1,0.0003918076765175354,8.809390789148401e-05,-0.00040711930478189504,-0.2998123529524095,0.0011075071972205142
2.403,CONTACT_ACQUIRE,0.05,0.05,0.09515956576522178,1,0.00039221806419571467,8.770318254101983e-05,-0.0003733345455141383,-0.29981107951203956,0.0010935321561785795
2.404,CONTACT_ACQUIRE,0.05,0.05,0.10744963668019156,1,0.0003926057035011202,8.734917744304907e-05,-0.00033373719369599774,-0.2998098587480494,0.001079730003548312
2.4050000000000002,CONTACT_ACQUIRE,0.05,0.05,0.11895364719153903,1,0.0003929706270007407,8.703752362641001e-05,-0.00028869648887787337,-0.2998086989846758,0.0010661555004856543
2.406,CONTACT_ACQUIRE,0.05,0.05,0.129598527427638,1,0.0003933131918423197,8.677346509719439e-05,-0.00023861666920300495,-0.2998076080202749,0.0010528596500604742
2.407,CONTACT_ACQUIRE,0.05,0.05,0.13931854494408674,1,0.0003936340671388118,8.656182557044333e-05,-0.00018393348610855586,-0.29980659307812724,0.0010398896345680782
2.408,CONTACT_ACQUIRE,0.05,0.05,0.14805558478601644,1,0.00039393421944925133,8.64069787569511e-05,-0.00012511058379873166,-0.2998056607621695,0.0010272887761385604
2.4090000000000003,CONTACT_ACQUIRE,0.05,0.05,0.15575937398535417,1,0.00039421489649813966,8.631282232718235e-05,-6.26357699718896e-05,-0.299804817017839,0.0010150965202788283
2.41,CONTACT_ACQUIRE,0.05,0.05,0.16238765022607132,1,0.0003944776092837806,8.628275564774296e-05,2.9827955772044094e-06,-0.2998040670981808,0.0010033484418453737
2.411,CONTACT_ACQUIRE,0.05,0.05,0.16790627477686831,1,0.0003947241127331639,8.631966135922716e-05,7.122046789678855e-05,-0.29980341553533035,0.0009920762728155073
2.412,CONTACT_ACQUIRE,0.05,0.05,0.1722892901451665,1,0.00039495638506698884,8.642589083776934e-05,0.0001415400129806192,-0.29980286611744655,0.0009813079511015814
2.4130000000000003,CONTACT_ACQUIRE,0.05,0.05,0.1755189232539151,1,0.000395176606043226,8.660325355642333e-05,0.00021339550702837622,-0.29980242187113276,0.0009710676895372548
2.414,CONTACT_ACQUIRE,0.05,0.05,0.17758553528002302,1,0.0003954628453323866,8.685301033673966e-05,0.0002862362133908082,-0.29980208504934786,0.0009613760640576543
2.415,CONTACT_ACQUIRE,0.05,0.05,0.17848725760190076,1,0.00039582235863471545,8.71758704469171e-05,0.0003595103730242341,-0.29980185712476026,0.0009522502138576794
2.416,CONTACT_ACQUIRE,0.05,0.05,0.17822969218992288,1,0.000396255030197553,8.75719923748598e-05,0.00043266877302364736,-0.299801738788313,0.0009437043392576388
2.4170000000000003,CONTACT_ACQUIRE,0.05,0.05,0.1768259199391673,1,0.0003967602011352528,8.80409881426129e-05,0.0005051682807341867,-0.2998017299528214,0.0009357499357435541
2.418,CONTACT_ACQUIRE,0.05,0.05,0.17429629944864009,1,0.00039733667897759423,8.858193112952355e-05,0.0005764753118980013,-0.2998018297615696,0.0009283959140161716
2.419,CONTACT_ACQUIRE,0.05,0.05,0.1706682071077962,1,0.0003979827505660303,8.919336730560142e-05,0.0006460691784899374,-0.2998020366017813,0.0009216487201409523
2.42,CONTACT_ACQUIRE,0.05,0.05,0.16597573825343678,1,0.00039869619815602336,8.987332974334153e-05,0.0007134452948062731,-0.29980234812279044,0.0009155124634734892
2.4210000000000003,CONTACT_ACQUIRE,0.05,0.05,0.16025937197604223,1,0.00039947431856634066,9.061935625746614e-05,0.0007781182244250958,-0.29980276125871264,0.000909989051409286
2.422,CONTACT_ACQUIRE,0.05,0.05,0.15356560232140212,1,0.0004003139452001081,9.142851000530832e-05,0.0008396245519653325,-0.29980327225539183,0.000905078329989319
2.423,CONTACT_ACQUIRE,0.05,0.05,0.14594653880463362,1,0.00040121147274773327,9.229740286517407e-05,0.0008975255649565594,-0.2998038767013753,0.0009007782293813886
2.424,CONTACT_ACQUIRE,0.05,0.05,0.13745947927079827,1,0.00040216288436856895,9.322222139605048e-05,0.0009514097325798066,-0.2998045695626501,0.0008970849132518829
2.4250000000000003,CONTACT_ACQUIRE,0.05,0.05,0.12816645826138345,1,0.0004031637811364514,9.419875516953627e-05,0.0010008949695435667,-0.2998053452208536,0.0008939929310431116
2.426,CONTACT_ACQUIRE,0.05,0.05,0.11813377413650941,1,0.0004042094135240624,9.522242725390503e-05,0.0010456306749072758,-0.2998061975146572,0.0008914953721777771
2.427,CONTACT_ACQUIRE,0.05,0.05,0.10743149827257173,1,0.00040529471469245355,9.628832662081237e-05,0.0010852995372447125,-0.2998071197840052,0.0008895840212241716
2.428,CONTACT_ACQUIRE,0.05,0.05,0.09613296969904514,1,0.00040641433534507567,9.739124223735336e-05,0.0011196190991493435,-0.29980810491688176,0.0008882495130732537
2.4290000000000003,CONTACT_ACQUIRE,0.05,0.05,0.08431427857917115,1,0.0004075626799002708,9.852569859998477e-05,0.0011483430756972543,-0.2998091453982662,0.0008874814872015766
2.43,CONTACT_ACQUIRE,0.05,0.05,0.0720537419271572,1,0.0004087339437324282,9.968599246225695e-05,0.0011712624231118227,-0.2998102333609322,0.0008872687401219341
2.431,CONTACT_ACQUIRE,0.05,0.05,0.0594313749560444,1,0.0004099221512298612,0.0001008662305053504,0.0011882061554848674,-0.29981136063773955,0.0008875993751562528
2.432,CONTACT_ACQUIRE,0.05,0.05,0.04652836140481324,1,0.00041112119441691776,0.00010206036769906936,0.0011990419090106591,-0.2998125188150645,0.0008884609487024506
2.433,CONTACT_ACQUIRE,0.05,0.05,0.033426526139554685,1,0.0004123248718888661,0.00010326224610119041,0.0012036762547617751,-0.29981369928701485,0.0008898406122083593
2.434,CONTACT_ACQUIRE,0.05,0.05,0.020207813252274984,1,0.00041352692781066304,0.00010446563384486366,0.0012020547625716366,-0.2998148933100767,0.0008917252491110789
2.435,CONTACT_ACQUIRE,0.05,0.05,0.006953772784618246,1,0.00041472109073477153,0.0001056642640670815,0.0011941618200843858,-0.2998160920578438,0.0008941016060489225
2.436,CONTACT_ACQUIRE,0.05,0.0,0.0,0,0.00041572109073477156,0.00010685187353601399,0.0011805051282310457,-0.29981728667548607,0.000896956417705089
2.437,CONTACT_ACQUIRE,0.05,0.0,0.0,0,0.0004167210907347716,0.00010802519775728476,0.0011661313517970153,-0.2998184725715341,0.0009002886359247177
2.438,CONTACT_ACQUIRE,0.05,0.0,0.0,0,0.0004177210907347716,0.0001091841125905748,0.0011516866284264006,-0.29981964963840757,0.0009040939778326525
2.439,CONTACT_ACQUIRE,0.05,0.0,0.0,0,0.00041872109073477163,0.0001103285479177298,0.0011371726159813346,-0.29982081783879533,0.0009083629264236167
2.44,CONTACT_ACQUIRE,0.05,0.0,0.0,0,0.00041972109073477165,0.00011145843527932203,0.001122590974024525,-0.2998219771308399,0.0009130858144243327
2.441,CONTACT_ACQUIRE,0.05,0.0,0.0,0,0.0004207210907347717,0.00011257370787626579,0.0011079433636489648,-0.2998231274682325,0.0009182528322934175
2.442,CONTACT_ACQUIRE,0.05,0.0,0.0,0,0.0004217210907347717,0.00011367430057126273,0.0010932314473080223,-0.2998242688003089,0.000923854036128822
2.443,CONTACT_ACQUIRE,0.05,0.0,0.0,0,0.0004227210907347717,0.00011476014989007738,0.0010784568886459283,-0.29982540107214734,0.0009298793554815354
2.444,CONTACT_ACQUIRE,0.05,0.0,0.0,0,0.00042372109073477175,0.00011583119402264349,0.0010636213523286748,-0.2998265242246669,0.0009363186010743147
2.445,CONTACT_ACQUIRE,0.05,0.0,0.0,0,0.0004247210907347718,0.00011688737282400135,0.001048726503875341,-0.29982763819472763,0.0009431614724242648
2.446,CONTACT_ACQUIRE,0.05,0.0,0.0,0,0.0004257210907347718,0.00011792862781506677,0.0010337740094898636,-0.29982874291523154,0.000950397565368142
2.447,CONTACT_ACQUIRE,0.05,0.0,0.0,0,0.0004267210907347718,0.000118954902183232,0.0010187655358932636,-0.2998298383152245,0.0009580163794893092
2.448,CONTACT_ACQUIRE,0.05,0.0,0.0,0,0.00042772109073477185,0.00011996614078279912,0.0010037027501563476,-0.29983092431999925,0.0009660073254453242
2.449,CONTACT_ACQUIRE,0.05,0.0,0.0,0,0.00042872109073477187,0.0001209622901352464,0.0009885873195328977,-0.29983200085119943,0.0009743597321951913
2.45,CONTACT_ACQUIRE,0.05,0.0,0.0,0,0.0004297210907347719,0.00012194329842932806,0.0009734209112933653,-0.29983306782692387,0.000983062854125364
2.451,CONTACT_ACQUIRE,0.05,0.0,0.0,0,0.0004307210907347719,0.000122909115521008,0.000958205192559083,-0.2998341251618323,0.0009921058780736306
2.452,CONTACT_ACQUIRE,0.05,0.0,0.0,0,0.00043172109073477195,0.000123859692933228,0.0009429418301370103,-0.2998351727672511,0.0010014779302500692
2.453,CONTACT_ACQUIRE,0.05,0.0,0.0,0,0.00043272109073477197,0.000124794983855511,0.0009276324903550281,-0.2998362105512801,0.0010111680830543087
2.454,CONTACT_ACQUIRE,0.05,0.0,0.0,0,0.000433721090734772,0.0001257149431433998,0.0009122788388977953,-0.29983723841889987,0.0010211653617883767
2.455,CONTACT_ACQUIRE,0.05,0.0,0.0,0,0.000434721090734772,0.00012661952731773214,0.0008968825406431834,-0.29983825627207883,0.0010314587512644724
2.456,CONTACT_ACQUIRE,0.05,0.0,0.0,0,0.00043572109073477204,0.00012750869456375227,0.0008814452594993035,-0.2998392640098818,0.0010420372023070398
2.457,CONTACT_ACQUIRE,0.05,0.0,0.0,0,0.00043672109073477207,0.00012838240473006,0.0008659686582421382,-0.2998402615285782,0.0010528896381485743
2.458,CONTACT_ACQUIRE,0.05,0.0,0.0,0,0.0004377210907347721,0.00012924061932739766,0.0008504543983537956,-0.29984124872175033,0.0010640049607186389
2.459,CONTACT_ACQUIRE,0.05,0.0,0.0,0,0.0004387210907347721,0.00013008330152727555,0.0008349041398613977,-0.2998422254804028,0.0010753720568256043
2.46,CONTACT_ACQUIRE,0.05,0.0,0.0,0,0.00043972109073477214,0.00013091041616043676,0.0008193195411766162,-0.299843191693071,0.0010869798042306904
2.461,CONTACT_ACQUIRE,0.05,0.0,0.0,0,0.00044072109073477216,0.00013172192971516166,0.0008037022589358727,-0.2998441472459304,0.0010988170776139127
2.462,CONTACT_ACQUIRE,0.05,0.0,0.0,0,0.0004417210907347722,0.00013251781033541313,0.0007880539478412143,-0.2998450920229056,0.0011108727544315974
2.463,CONTACT_ACQUIRE,0.05,0.0,0.0,0,0.0004427210907347722,0.00013329802781882286,0.0007723762605018797,-0.29984602590577936,0.0011231357206651618
2.464,CONTACT_ACQUIRE,0.05,0.0,0.0,0,0.00044372109073477224,0.0001340625536145196,0.0007566708472765688,-0.2998469487743017,0.001135594876460901
2.465,CONTACT_ACQUIRE,0.05,0.0,0.0,0,0.00044472109073477226,0.0001348113608208001,0.00074093935611643,-0.2998478605062985,0.0011482391416605777
2.466,CONTACT_ACQUIRE,0.05,0.0,0.0,0,0.0004457210907347723,0.00013554442418264333,0.0007251834324087776,-0.2998487609777805,0.0011610574612226294
2.467,CONTACT_ACQUIRE,0.05,0.0,0.0,0,0.0004467210907347723,0.00013626172008906882,0.0007094047188215533,-0.2998496500630514,0.0011740388105338734
2.468,CONTACT_ACQUIRE,0.05,0.0,0.0,0,0.00044772109073477233,0.0001369632265703398,0.0006936048551485445,-0.2998505276348162,0.001187172200611615
2.469,CONTACT_ACQUIRE,0.05,0.0,0.0,0,0.00044872109073477236,0.0001376489232950121,0.0006777854781553729,-0.2998513935642887,0.0012004466831961084
2.47,CONTACT_ACQUIRE,0.05,0.0,0.0,0,0.0004497210907347724,0.00013831879156682908,0.0006619482214262654,-0.2998522477212992,0.0012138513557333611
2.471,CONTACT_ACQUIRE,0.05,0.0,0.0,0,0.0004507210907347724,0.00013897281432146417,0.0006460947152116214,-0.29985308997440113,0.0012273753662483124
2.472,CONTACT_ACQUIRE,0.05,0.0,0.0,0,0.00045172109073477243,0.00013961097612311105,0.000630226586276388,-0.2998539201909775,0.0012410079181084438
2.473,CONTACT_ACQUIRE,0.05,0.0,0.0,0,0.00045272109073477246,0.00014023326316092274,0.0006143454577492561,-0.29985473823734693,0.0012547382746779378
2.474,CONTACT_ACQUIRE,0.05,0.0,0.0,0,0.0004537210907347725,0.0001408396632453003,0.0005984529489726898,-0.2998555439788688,0.0012685557638625095
2.475,CONTACT_ACQUIRE,0.05,0.0,0.0,0,0.0004547210907347725,0.00014143016580403205,0.0005825506753538016,-0.299856337280048,0.0012824497825451025
2.476,CONTACT_ACQUIRE,0.05,0.0,0.0,0,0.00045572109073477253,0.0001420047618782838,0.0005666402482160849,-0.29985711800463877,0.0012964098009126531
2.477,CONTACT_ACQUIRE,0.05,0.0,0.0,0,0.00045672109073477255,0.00014256344411844166,0.0005507232746520173,-0.2998578860157481,0.0013104253666741685
2.478,CONTACT_ACQUIRE,0.05,0.0,0.0,0,0.0004577210907347726,0.00014310620677980765,0.0005348013573765445,-0.2998586411759381,0.0013244861091704012
2.479,CONTACT_ACQUIRE,0.05,0.0,0.0,0,0.0004587210907347726,0.0001436330457181492,0.0005188760945814583,-0.2998593833473278,0.0013385817433754386
2.48,CONTACT_ACQUIRE,0.05,0.0,0.0,0,0.0004597210907347726,0.00014414395838510368,0.0005029490797906801,-0.2998601123916941,0.0013527020737905467
2.481,CONTACT_ACQUIRE,0.05,0.0,0.0,0,0.00046072109073477265,0.0001446389438234384,0.0004870219017164608,-0.2998608281705713,0.0013668369982306522
2.482,CONTACT_ACQUIRE,0.05,0.0,0.0,0,0.0004617210907347727,0.00014511800266216762,0.0004710961441165093,-0.29986153054535086,0.001380976511503874
2.483,CONTACT_ACQUIRE,0.05,0.0,0.0,0,0.0004627210907347727,0.0001455811371115268,0.00045517338565205994,-0.2998622193773789,0.001395110708984541
2.484,CONTACT_ACQUIRE,0.05,0.0,0.0,0,0.0004637210907347727,0.0001460283509578056,0.00043925519974689117,-0.29986289452805365,0.001409229790080174
2.485,CONTACT_ACQUIRE,0.05,0.0,0.0,0,0.00046472109073477275,0.0001464596495580404,0.0004233431544473059,-0.29986355585892144,0.00142332406159293
2.486,CONTACT_ACQUIRE,0.05,0.0,0.0,0,0.00046572109073477277,0.00014687503983456716,0.0004074388122830843,-0.2998642032317718,0.0014373839409760377
2.487,CONTACT_ACQUIRE,0.05,0.0,0.0,0,0.0004667210907347728,0.00014727453026943573,0.00039154373012942,-0.2998648365087315,0.0014513999594857833
2.488,CONTACT_ACQUIRE,0.05,0.0,0.0,0,0.0004677210907347728,0.00014765813089868678,0.0003756594590698504,-0.2998654555523573,0.0014653627652296388
2.489,CONTACT_ACQUIRE,0.05,0.0,0.0,0,0.00046872109073477284,0.00014802585330649193,0.0003597875442601921,-0.2998660602257275,0.0014792631261111339
2.49,CONTACT_ACQUIRE,0.05,0.0,0.0,0,0.00046972109073477287,0.00014837771061915843,0.0003439295247934903,-0.2998666503925329,0.0014930919326721212
2.491,CONTACT_ACQUIRE,0.05,0.0,0.0,0,0.0004707210907347729,0.00014871371749899928,0.00032808693356599404,-0.2998672259171658,0.0015068402008330969
2.492,CONTACT_ACQUIRE,0.05,0.0,0.0,0,0.0004717210907347729,0.00014903389013806996,0.00031226129714416706,-0.2998677866648082,0.0015204990745322634
2.493,CONTACT_ACQUIRE,0.05,0.0,0.0,0,0.00047272109073477294,0.00014933824625177242,0.000296454135632743,-0.29986833250151856,0.0015340598282640504
2.494,CONTACT_ACQUIRE,0.05,0.0,0.0,0,0.00047372109073477297,0.0001496268050723279,0.00028066696254383695,-0.29986886329431756,0.0015475138695178344
2.495,CONTACT_ACQUIRE,0.05,0.0,0.0,0,0.000474721090734773,0.00014989958734211935,0.0002649012846671207,-0.2998693789112722,0.0015608527411176186
2.496,CONTACT_ACQUIRE,0.05,0.0,0.0,0,0.000475721090734773,0.00015015661530690444,0.0002491586019410735,-0.29986987922157876,0.001574068123463448
2.497,CONTACT_ACQUIRE,0.05,0.0,0.0,0,0.00047672109073477304,0.00015039791270890054,0.00023344040732531585,-0.29987036409564444,0.0015871518366753783
2.498,CONTACT_ACQUIRE,0.05,0.0,0.0,0,0.00047772109073477306,0.00015062350477974235,0.00021774818667403696,-0.2998708334051675,0.001600095842640814
2.499,CONTACT_ACQUIRE,0.05,0.0,0.0,0,0.0004787210907347731,0.00015083341823331377,0.0002020834186105244,-0.29987128702321625,0.0016128922469660714
2.5,CONTACT_ACQUIRE,0.05,0.0,0.0,0,0.0004797210907347731,0.00015102768125845468,0.00018644757440280506,-0.29987172482430613,0.0016255333008330253
2.501,CONTACT_ACQUIRE,0.05,0.0,0.0,0,0.00048072109073477314,0.00015120632351154392,0.00017084211784040647,-0.29987214668447615,0.0016380114027617358
2.5020000000000002,CONTACT_ACQUIRE,0.05,0.0,0.0,0,0.00048172109073477316,0.0001513693761089597,0.00015526850511224702,-0.299872552481363,0.0016503191002799516
2.503,CONTACT_ACQUIRE,0.05,0.0,0.0,0,0.0004827210907347732,0.0001515168716194184,0.00013972818468566389,-0.2998729420942745,0.001662449091500418
2.504,CONTACT_ACQUIRE,0.05,0.0,0.0,0,0.0004837210907347732,0.000151648844056193,0.00012422259718658686,-0.299873315404261,0.0016743942266069308
2.505,CONTACT_ACQUIRE,0.05,0.0,0.0,0,0.00048472109073477323,0.0001517653288692121,0.00010875317528086669,-0.29987367229418543,0.00168614750925009
2.5060000000000002,CONTACT_ACQUIRE,0.05,0.0,0.0,0,0.00048572109073477326,0.00015186636293704125,9.332134355676601e-05,-0.29987401264879215,0.0016977020978537346
2.507,CONTACT_ACQUIRE,0.05,0.0,0.0,0,0.0004867210907347733,0.00015195198455874684,7.792851840862083e-05,-0.29987433635477384,0.0017090513068330393
2.508,CONTACT_ACQUIRE,0.05,0.0,0.0,0,0.0004877210907347733,0.00015202223344564463,6.25761079216805e-05,-0.29987464330083713,0.0017201886077252851
2.509,CONTACT_ACQUIRE,0.05,0.0,0.0,0,0.0004887210907347733,0.00015207715071293354,4.7265511758134095e-05,-0.2998749333777667,0.0017311076302343228
2.5100000000000002,CONTACT_ACQUIRE,0.05,0.0,0.0,0,0.0004897210907347734,0.00015211677887121613,3.1998121044330606e-05,-0.29987520647848764,0.0017418021631897594
2.511,CONTACT_ACQUIRE,0.05,0.0,0.0,0,0.0004907210907347734,0.00015214116181790684,1.677531825920049e-05,-0.29987546249812636,0.0017522661554219157
2.512,CONTACT_ACQUIRE,0.05,0.0,0.0,0,0.0004917210907347734,0.00015215034482852927,1.5984771238859822e-06,-0.29987570133407,0.0017624937165536217
2.513,CONTACT_ACQUIRE,0.05,0.0,0.0,0,0.0004927210907347734,0.00015214437454790376,-1.353103750741272e-05,-0.29987592288602416,0.001772479117709904
2.5140000000000002,CONTACT_ACQUIRE,0.05,0.0,0.0,0,0.0004937210907347735,0.00015212329898122635,-2.8611869755368327e-05,-0.29987612705606914,0.0017822167921466747
2.515,CONTACT_ACQUIRE,0.05,0.0,0.0,0,0.0004947210907347735,0.00015208716748504045,-4.3642672822227504e-05,-0.29987631374871443,0.0017917013357994943
2.516,CONTACT_ACQUIRE,0.05,0.0,0.0,0,0.0004957210907347735,0.00015203603075810248,-5.862210909727526e-05,-0.29987648287095175,0.0018009275077535247
2.517,CONTACT_ACQUIRE,0.05,0.0,0.0,0,0.0004967210907347735,0.0001519699408321425,-7.354885026105619e-05,-0.2998766343323065,0.0018098902306357876
2.5180000000000002,CONTACT_ACQUIRE,0.05,0.0,0.0,0,0.0004977210907347735,0.00015188895106252155,-8.842157738834596e-05,-0.2998767680448875,0.0018185845909308492
2.519,CONTACT_ACQUIRE,0.05,0.0,0.0,0,0.0004987210907347736,0.00015179311611878625,-0.00010323898104986682,-0.29987688392343514,0.001827005839221072
2.52,CONTACT_ACQUIRE,0.05,0.0,0.0,0,0.0004997210907347736,0.00015168249197512266,-0.00011799976141274093,-0.29987698188536804,0.0018351493903525677
2.521,CONTACT_ACQUIRE,0.05,0.0,0.0,0,0.0005007210907347736,0.00015155713590071012,-0.00013270262833967538,-0.299877061850828,0.0018430108235280088
2.5220000000000002,CONTACT_ACQUIRE,0.05,0.0,0.0,0,0.0005017210907347736,0.00015141710644997662,-0.00014734630148687317,-0.29987712374272335,0.0018505858823274534
2.523,CONTACT_ACQUIRE,0.05,0.0,0.0,0,0.0005027210907347737,0.0001512624634527569,-0.0001619295104006643,-0.2998771674867705,0.0018578704746583503
2.524,CONTACT_ACQUIRE,0.05,0.0,0.0,0,0.0005037210907347737,0.0001510932680043545,-0.00017645099461285137,-0.2998771930115345,0.0018648606726358915
2.525,CONTACT_ACQUIRE,0.05,0.0,0.0,0,0.0005047210907347737,0.00015090958245550924,-0.00019090950373476423,-0.2998772002484671,0.001871552712394895
2.5260000000000002,CONTACT_ACQUIRE,0.05,0.0,0.0,0,0.0005057210907347737,0.00015071147040227105,-0.00020530379755001843,-0.299877189131944,0.0018779429938343944
2.527,CONTACT_ACQUIRE,0.05,0.0,0.0,0,0.0005067210907347738,0.000150498996675782,-0.0002196326461059723,-0.29987715959929995,0.0018840280802961248
2.528,CONTACT_ACQUIRE,0.05,0.0,0.0,0,0.0005077210907347738,0.00015027222733196728,-0.00023389482980387756,-0.29987711159086256,0.0018898046981781031
2.529,CONTACT_ACQUIRE,0.05,0.0,0.0,0,0.0005087210907347738,0.00015003122964113688,-0.0002480891394877185,-0.29987704504998436,0.001895269736484488
2.5300000000000002,CONTACT_ACQUIRE,0.05,0.0,0.0,0,0.0005097210907347738,0.00014977607207749882,-0.00026221437653173557,-0.2998769599230734,0.0019004202463129246
2.531,CONTACT_ACQUIRE,0.05,0.0,0.0,0,0.0005107210907347739,0.00014950682430858587,-0.0002762693529266277,-0.29987685615962195,0.001905253440280577
2.532,CONTACT_ACQUIRE,0.05,0.0,0.0,0,0.0005117210907347739,0.00014922355718459637,-0.0002902528913644302,-0.29987673371223406,0.001909766691890053
2.533,CONTACT_ACQUIRE,0.05,0.0,0.0,0,0.0005127210907347739,0.00014892634272765113,-0.000304163825322063,-0.2998765925366513,0.001913957534836423
2.5340000000000003,CONTACT_ACQUIRE,0.05,0.0,0.0,0,0.0005137210907347739,0.00014861525412096727,-0.0003180009991435455,-0.2998764325917767,0.0019178236622565516
2.535,CONTACT_ACQUIRE,0.05,0.0,0.0,0,0.000514721090734774,0.00014829036569795063,-0.0003317632681208738,-0.2998762538396978,0.0019213629259219427
2.536,CONTACT_ACQUIRE,0.05,0.0,0.0,0,0.000515721090734774,0.0001479517529312078,-0.0003454494985735569,-0.29987605624570723,0.001924573335376314
2.537,CONTACT_ACQUIRE,0.05,0.0,0.0,0,0.000516721090734774,0.00014759949242147956,-0.0003590585679268074,-0.2998758397783227,0.00192745305701911
2.5380000000000003,CONTACT_ACQUIRE,0.05,0.0,0.0,0,0.000517721090734774,0.00014723366188649644,-0.00037258936478838417,-0.29987560440930466,0.0019300004131361653
2.539,CONTACT_ACQUIRE,0.05,0.0,0.0,0,0.0005187210907347741,0.0001468543401497585,-0.0003860407890240824,-0.2998753501136728,0.0019322138808787305
2.54,CONTACT_ACQUIRE,0.05,0.0,0.0,0,0.0005197210907347741,0.00014646160712924005,-0.0003994117518318686,-0.2998750768697211,0.0019340920911920683
2.541,CONTACT_ACQUIRE,0.05,0.0,0.0,0,0.0005207210907347741,0.00014605554382602091,-0.0004127011758146575,-0.2998747846590312,0.0019356338276948265
2.5420000000000003,CONTACT_ACQUIRE,0.05,0.0,0.0,0,0.0005217210907347741,0.00014563623231284576,-0.0004259079950517269,-0.29987447346648444,0.0019368380255104032
2.543,CONTACT_ACQUIRE,0.05,0.0,0.0,0,0.0005227210907347742,0.0001452037557226125,-0.00043903115516876867,-0.29987414328027195,0.0019377037700515003
2.544,CONTACT_ACQUIRE,0.05,0.0,0.0,0,0.0005237210907347742,0.00014475819823679155,-0.0004520696134065727,-0.29987379409190407,0.0019382302957590704
2.545,CONTACT_ACQUIRE,0.05,0.0,0.0,0,0.0005247210907347742,0.0001442996450737768,-0.00046502233868834147,-0.2998734258962175,0.0019384169847968616
2.5460000000000003,CONTACT_ACQUIRE,0.05,0.0,0.0,0,0.0005257210907347742,0.00014382818247717026,-0.0004778883116856325,-0.29987303869138165,0.00193826336570275
2.547,CONTACT_ACQUIRE,0.05,0.0,0.0,0,0.0005267210907347743,0.0001433438977040012,-0.0004906665248829266,-0.299872632478903,0.001937769111998061
2.548,CONTACT_ACQUIRE,0.05,0.0,0.0,0,0.0005277210907347743,0.00014284687901288163,-0.0005033559826408202,-0.2998722072636285,0.0019369340407560576
2.549,CONTACT_ACQUIRE,0.05,0.0,0.0,0,0.0005287210907347743,0.000142337215652099,-0.000515955701257839,-0.29987176305374724,0.0019357581111307946
2.5500000000000003,CONTACT_ACQUIRE,0.05,0.0,0.0,0,0.0005297210907347743,0.00014181499784764805,-0.000528464709030872,-0.299871299860791,0.0019342414228475098
2.551,CONTACT_ACQUIRE,0.05,0.0,0.0,0,0.0005307210907347744,0.00014128031679120286,-0.0005408820463142227,-0.2998708176996331,0.0019323842146557312
2.552,CONTACT_ACQUIRE,0.05,0.0,0.0,0,0.0005317210907347744,0.00014073326462803035,-0.0005532067655772786,-0.2998703165884861,0.0019301868627462707
2.553,CONTACT_ACQUIRE,0.05,0.0,0.0,0,0.0005327210907347744,0.00014017393444484702,-0.0005654379314607947,-0.29986979654889834,0.0019276498791332706
2.5540000000000003,CONTACT_ACQUIRE,0.05,0.0,0.0,0,0.0005337210907347744,0.00013960242025761997,-0.0005775746208317909,-0.2998692576057485,0.0019247739100024621
2.555,CONTACT_ACQUIRE,0.05,0.0,0.0,0,0.0005347210907347744,0.00013901881699931385,-0.0005896159228370635,-0.2998686997872396,0.0019215597340267862
2.556,CONTACT_ACQUIRE,0.05,0.0,0.0,0,0.0005357210907347745,0.0001384232205075848,-0.0006015609389553076,-0.29986812312489125,0.001918008260650531
2.557,CONTACT_ACQUIRE,0.05,0.0,0.0,0,0.0005367210907347745,0.00013781572751242314,-0.0006134087830478505,-0.2998675276535307,0.0019141205283431165
2.5580000000000003,CONTACT_ACQUIRE,0.05,0.0,0.0,0,0.0005377210907347745,0.00013719643562374592,-0.000625158581407996,-0.2998669134112828,0.0019098977028236686
2.559,CONTACT_ACQUIRE,0.05,0.0,0.0,0,0.0005387210907347745,0.00013656544331894086,-0.0006368094728089783,-0.2998662804395584,0.0019053410752575039
2.56,CONTACT_ACQUIRE,0.05,0.0,0.0,0,0.0005397210907347746,0.00013592284993036303,-0.0006483606085505252,-0.2998656287830416,0.0019004520604256447
2.561,CONTACT_ACQUIRE,0.05,0.0,0.0,0,0.0005407210907347746,0.00013526875563278564,-0.0006598111525040307,-0.29986495848967637,0.0018952321948684785
2.562,CONTACT_ACQUIRE,0.05,0.0,0.0,0,0.0005417210907347746,0.00013460326143080638,-0.0006711602811563359,-0.2998642696106509,0.001889683135004654
2.563,CONTACT_ACQUIRE,0.05,0.0,0.0,0,0.0005427210907347746,0.00013392646914621065,-0.0006824071836521197,-0.29986356220038163,0.0018838066552263272
2.564,CONTACT_ACQUIRE,0.05,0.0,0.0,0,0.0005437210907347747,0.0001332384814052931,-0.000693551061834898,-0.29986283631649585,0.0018776046459718233
2.565,CONTACT_ACQUIRE,0.05,0.0,0.0,0,0.0005447210907347747,0.0001325394016261389,-0.0007045911302866329,-0.2998620920198132,0.0018710791117768051
2.566,CONTACT_ACQUIRE,0.05,0.0,0.0,0,0.0005457210907347747,0.00013182933400586607,-0.0007155266163659508,-0.29986132937432575,0.0018642321693050125
2.567,CONTACT_ACQUIRE,0.05,0.0,0.0,0,0.0005467210907347747,0.0001311083835078302,-0.0007263567602449717,-0.2998605484471777,0.001857066045359629
2.568,CONTACT_ACQUIRE,0.05,0.0,0.0,0,0.0005477210907347748,0.00013037665584879327,-0.0007370808149447494,-0.29985974930864306,0.001849583074876329
2.569,CONTACT_ACQUIRE,0.05,0.0,0.0,0,0.0005487210907347748,0.00012963425748605743,-0.0007476980463693228,-0.2998589320321031,0.0018417856988990474
2.57,CONTACT_ACQUIRE,0.05,0.0,0.0,0,0.0005497210907347748,0.00012888129560456566,-0.0007582077333383811,-0.29985809669402225,0.0018336764625394928
2.571,CONTACT_ACQUIRE,0.05,0.0,0.0,0,0.0005507210907347748,0.00012811787810397036,-0.0007686091676185424,-0.29985724337392317,0.0018252580129214382
2.572,CONTACT_ACQUIRE,0.05,0.0,0.0,0,0.0005517210907347749,0.00012734411358567127,-0.000778901653953247,-0.2998563721543608,0.0018165330971107836
2.573,CONTACT_ACQUIRE,0.05,0.0,0.0,0,0.0005527210907347749,0.00012656011133982439,-0.0007890845100912684,-0.29985548312089544,0.0018075045600324023
2.574,CONTACT_ACQUIRE,0.05,0.0,0.0,0,0.0005537210907347749,0.00012576598133232292,-0.0007991570668138406,-0.29985457636206486,0.0017981753423747576
2.575,CONTACT_ACQUIRE,0.05,0.0,0.0,0,0.0005547210907347749,0.0001249618341917518,-0.000809118667960407,-0.2998536519693554,0.0017885484784832602
2.576,CONTACT_ACQUIRE,0.05,0.0,0.0,0,0.000555721090734775,0.00012414778119631718,-0.0008189686704529888,-0.2998527100371722,0.0017786270942433439
2.577,CONTACT_ACQUIRE,0.05,0.0,0.0,0,0.000556721090734775,0.0001233239342607523,-0.0008287064443191783,-0.2998517506628086,0.0017684144049542078
2.578,CONTACT_ACQUIRE,0.05,0.0,0.0,0,0.000557721090734775,0.00012249040592320095,-0.0008383313727137559,-0.2998507739464148,0.0017579137131941741
2.579,CONTACT_ACQUIRE,0.05,0.0,0.0,0,0.000558721090734775,0.00012164730933208006,-0.0008478428519389362,-0.29984977999096507,0.001747128406678599
2.58,CONTACT_ACQUIRE,0.05,0.0,0.0,0,0.0005597210907347751,0.00012079475823292268,-0.0008572402914632424,-0.2998487689022248,0.001736061956111241
2.581,CONTACT_ACQUIRE,0.05,0.0,0.0,0,0.0005607210907347751,0.00011993286695520286,-0.000866523113939014,-0.29984774078871634,0.0017247179130300233
2.582,CONTACT_ACQUIRE,0.05,0.0,0.0,0,0.0005617210907347751,0.00011906175039914361,-0.0008756907552185481,-0.2998466957616844,0.0017130999076480655
2.583,CONTACT_ACQUIRE,0.05,0.0,0.0,0,0.0005627210907347751,0.00011818152402250944,-0.0008847426643688788,-0.29984563393506014,0.0017012116466908862
2.584,CONTACT_ACQUIRE,0.05,0.0,0.0,0,0.0005637210907347752,0.00011729230382738482,-0.0008936783036851967,-0.29984455542542504,0.0016890569112306395
2.585,CONTACT_ACQUIRE,0.05,0.0,0.0,0,0.0005647210907347752,0.00011639420634693986,-0.0009024971487029112,-0.2998434603519737,0.0016766395545182585
2.586,CONTACT_ACQUIRE,0.05,0.0,0.0,0,0.0005657210907347752,0.00011548734863218463,-0.0009111986882083589,-0.2998423488364761,0.0016639634998143484
2.587,CONTACT_ACQUIRE,0.05,0.0,0.0,0,0.0005667210907347752,0.00011457184823871348,-0.0009197824242481614,-0.2998412210032392,0.0016510327382196672
2.588,CONTACT_ACQUIRE,0.05,0.0,0.0,0,0.0005677210907347753,0.00011364782321344055,-0.0009282478721372358,-0.2998400769790676,0.001637851326506025
2.589,CONTACT_ACQUIRE,0.05,0.0,0.0,0,0.0005687210907347753,0.00011271539208132812,-0.0009365945604654609,-0.29983891689322406,0.0016244233849484065
2.59,CONTACT_ACQUIRE,0.05,0.0,0.0,0,0.0005697210907347753,0.00011177467383210881,-0.0009448220311030033,-0.2998377408773888,0.0016107530951591255
2.591,CONTACT_ACQUIRE,0.05,0.0,0.0,0,0.0005707210907347753,0.00011082578790700323,-0.0009529298392043063,-0.29983654906561863,0.0015968446979247855
2.592,CONTACT_ACQUIRE,0.05,0.0,0.0,0,0.0005717210907347753,0.00010986885418543424,-0.0009609175532107462,-0.2998353415943054,0.0015827024910468385
2.593,CONTACT_ACQUIRE,0.05,0.0,0.0,0,0.0005727210907347754,0.00010890399297173927,-0.000968784754851959,-0.29983411860213377,0.0015683308271864883
2.594,CONTACT_ACQUIRE,0.05,0.0,0.0,0,0.0005737210907347754,0.00010793132498188188,-0.0009765310391458427,-0.2998328802300385,0.0015537341117146941
2.595,CONTACT_ACQUIRE,0.05,0.0,0.0,0,0.0005747210907347754,0.00010695097133016413,-0.000984156014397238,-0.2998316266211615,0.0015389168005680081
2.596,CONTACT_ACQUIRE,0.05,0.0,0.0,0,0.0005757210907347754,0.0001059630535159408,-0.0009916593021952929,-0.29983035792080764,0.0015238833981109717
2.597,CONTACT_ACQUIRE,0.05,0.0,0.0,0,0.0005767210907347755,0.00010496769341033698,-0.0009990405374095141,-0.29982907427640115,0.0015086384550057753
2.598,CONTACT_ACQUIRE,0.05,0.0,0.0,0,0.0005777210907347755,0.00010396501324297018,-0.0010062993681845122,-0.29982777583744064,0.0014931865660898842
2.599,CONTACT_ACQUIRE,0.05,0.0,0.0,0,0.0005787210907347755,0.00010295513558867845,-0.0010134354559334419,-0.29982646275545405,0.0014775323682623086
2.6,CONTACT_ACQUIRE,0.05,0.0,0.0,0,0.0005797210907347755,0.0001019381833542556,-0.0010204484753301454,-0.2998251351839534,0.0014616805383791888
2.601,CONTACT_ACQUIRE,0.05,0.0,0.0,0,0.0005807210907347756,0.00010091427976519506,-0.001027338114300001,-0.2998237932783886,0.001445635791159356
2.602,CONTACT_ACQUIRE,0.05,0.0,0.0,0,0.0005817210907347756,9.988354835244337e-05,-0.001034104074009483,-0.29982243719610163,0.0014294028771005035
2.603,CONTACT_ACQUIRE,0.05,0.0,0.0,0,0.0005827210907347756,9.88461129391649e-05,-0.0010407460688544399,-0.29982106709627954,0.001412986580406613
2.604,CONTACT_ACQUIRE,0.05,0.0,0.0,0,0.0005837210907347756,9.780209762751886e-05,-0.0010472638264470914,-0.29981968313990776,0.0013963917169272325
2.605,CONTACT_ACQUIRE,0.05,0.0,0.0,0,0.0005847210907347757,9.67516267854499e-05,-0.0010536570876017546,-0.29981828548972284,0.0013796231321092313
2.606,CONTACT_ACQUIRE,0.05,0.0,0.0,0,0.0005857210907347757,9.569482503349378e-05,-0.0010599256063193014,-0.29981687431016496,0.001362685698961606
2.607,CONTACT_ACQUIRE,0.05,0.0,0.0,0,0.0005867210907347757,9.463181723159904e-05,-0.0010660691497703537,-0.2998154497673301,0.00134558431603392
2.608,CONTACT_ACQUIRE,0.05,0.0,0.0,0,0.0005877210907347757,9.356272846596619e-05,-0.0010720874982772229,-0.29981401202892194,0.0013283239054089433
2.609,CONTACT_ACQUIRE,0.05,0.0,0.0,0,0.0005887210907347758,9.248768403590559e-05,-0.0010779804452945973,-0.2998125612642038,0.001310909410710038
2.61,CONTACT_ACQUIRE,0.05,0.0,0.0,0,0.0005897210907347758,9.140680944071525e-05,-0.0010837477973889853,-0.29981109764394986,0.0012933457951238283
2.611,CONTACT_ACQUIRE,0.05,0.0,0.0,0,0.0005907210907347758,9.032023036657974e-05,-0.0010893893742169197,-0.2998096213403968,0.0012756380394386788
2.612,CONTACT_ACQUIRE,0.05,0.05,0.04908162505946769,1,0.000590593582805508,8.922807267349169e-05,-0.0010910872252508838,-0.29980813252719474,0.0012577911400994935
2.613,CONTACT_ACQUIRE,0.05,0.05,0.06853339732385444,1,0.0005904449971841348,8.814720912154493e-05,-0.0010691246837255441,-0.29980665538273554,0.001239912920157064
2.614,CONTACT_ACQUIRE,0.05,0.05,0.08737434877454604,1,0.0005902735108639274,8.709280637307354e-05,-0.001038218091013563,-0.2998052117337096,0.001222113016484637
2.615,CONTACT_ACQUIRE,0.05,0.05,0.10547899667032037,1,0.0005900777786914914,8.607364107619181e-05,-0.0009987119527809973,-0.29980381430827174,0.0012044642689663446
2.616,CONTACT_ACQUIRE,0.05,0.05,0.12272941854591811,1,0.0005898569265346607,8.509811687066013e-05,-0.0009510071581001402,-0.2998024753426484,0.0011870352751069976
2.617,CONTACT_ACQUIRE,0.05,0.05,0.13901586891623913,1,0.0005896105414536526,8.417420991969897e-05,-0.0008955571022879756,-0.29980120650188463,0.0011698902279877264
2.618,CONTACT_ACQUIRE,0.05,0.05,0.15423732955271502,1,0.0005893386590066582,8.330941845386837e-05,-0.0008328635452934464,-0.29980001880608187,0.001153088784674144
2.619,CONTACT_ACQUIRE,0.05,0.05,0.16830199120764777,1,0.0005890417478369275,8.251071657522135e-05,-0.0007634722382709869,-0.2997989225624946,0.0011366859651019267
2.62,CONTACT_ACQUIRE,0.05,0.05,0.181127665132666,1,0.0005887206917030073,8.178451253688522e-05,-0.0006879683517746476,-0.29979792730380755,0.001120732081270694
2.621,CONTACT_ACQUIRE,0.05,0.05,0.19264212323882093,1,0.000588376769127006,8.113661167948606e-05,-0.0006069717395752986,-0.29979704173286914,0.001105272696388776
2.622,CONTACT_ACQUIRE,0.05,0.05,0.20278336622614895,1,0.0005880116308475573,8.05721841716439e-05,-0.0005211320724370798,-0.29979627367410727,0.0010903486134299322
2.623,CONTACT_ACQUIRE,0.05,0.05,0.2114998194783779,1,0.000587627275274486,8.009573766735634e-05,-0.0004311238762979208,-0.29979563003180754,0.0010759958923893874
2.624,CONTACT_ACQUIRE,0.05,0.05,0.21875045701101953,1,0.0005872896337654139,7.971109495868387e-05,-0.00033764150918133687,-0.2997951167553834,0.0010622458953614903
2.625,CONTACT_ACQUIRE,0.05,0.05,0.22450463398400305,1,0.0005870482396215832,7.942137666053457e-05,-0.0002413941439347024,-0.2997947388117101,0.0010491254372661882
2.626,CONTACT_ACQUIRE,0.05,0.05,0.228741796850557,1,0.0005869051387154144,7.922898883846575e-05,-0.00014310090626789489,-0.2997945001644132,0.0010366572513005015
2.6270000000000002,CONTACT_ACQUIRE,0.05,0.05,0.23145149345119181,1,0.0005868616526290357,7.913561545047712e-05,-4.3486086472986944e-05,-0.29979440375994293,0.0010248604015570687
2.628,CONTACT_ACQUIRE,0.05,0.05,0.23263336973505935,1,0.0005869183782842059,7.914221558148015e-05,5.6725655080356845e-05,-0.29979445152041984,0.001013750451032854
2.629,CONTACT_ACQUIRE,0.05,0.05,0.23229698670670404,1,0.000587075192299991,7.924902544544539e-05,0.00015681401569952406,-0.29979464434323605,0.001003339584766668
2.63,CONTACT_ACQUIRE,0.05,0.05,0.23046157909088275,1,0.000587331259964217,7.94555650605842e-05,0.0002560676641444981,-0.29979498210729627,0.0009936367459998186
2.6310000000000002,CONTACT_ACQUIRE,0.05,0.05,0.22715575830613272,1,0.000587685048678109,7.976064947017262e-05,0.0003537887138143722,-0.2997954636857365,0.0009846477842344764
2.632,CONTACT_ACQUIRE,0.05,0.05,0.2224171626232738,1,0.0005881343457082905,8.016240435569038e-05,0.00044929703010757564,-0.2997960869649215,0.0009763756140204492
2.633,CONTACT_ACQUIRE,0.05,0.05,0.21629205765736084,1,0.000588676280056573,8.06582858644469e-05,0.0005419343482121074,-0.2997968488694859,0.0009688203832650083
2.634,CONTACT_ACQUIRE,0.05,0.05,0.20883489058279797,1,0.0005893073482358398,8.12451044509225e-05,0.0006310681791997586,-0.29979774539315157,0.0009619796498321738
2.6350000000000002,CONTACT_ACQUIRE,0.05,0.05,0.20010780170031608,1,0.0005900234437199211,8.19190525097776e-05,0.0007160954840174849,-0.29979877163502267,0.0009558485651775119
2.636,CONTACT_ACQUIRE,0.05,0.05,0.19018009715673012,1,0.0005908198898167686,8.267573555897797e-05,0.0007964460967866363,-0.2997999218410301,0.0009504200637519288
2.637,CONTACT_ACQUIRE,0.05,0.05,0.1791276868033816,1,0.0005916914756975412,8.351020671383524e-05,0.0008715858807147961,-0.2998011894501739,0.0009456850569031168
2.638,CONTACT_ACQUIRE,0.05,0.05,0.16703249131900114,1,0.0005926324952994845,8.441700417704317e-05,0.0009410196018881002,-0.29980256714518555,0.000941632630006095
2.6390000000000002,CONTACT_ACQUIRE,0.05,0.05,0.15398182282183193,1,0.0005936367888077695,8.53901914560646e-05,0.0010042935082323642,-0.2998040469072142,0.0009382502415644973
2.64,CONTACT_ACQUIRE,0.05,0.05,0.14006774330069052,1,0.0005946977864108059,8.642340000753664e-05,0.0010609976029864279,-0.2998056200741219,0.0009355239230417593
2.641,CONTACT_ACQUIRE,0.05,0.05,0.1253864052328568,1,0.0005958085540149736,8.750987399874793e-05,0.0011107676041201553,-0.2998072774019586,0.0009334384782058243
2.642,CONTACT_ACQUIRE,0.05,0.05,0.11003737880318477,1,0.0005969618405982481,8.864251686872358e-05,0.001153286583229129,-0.29980900912917474,0.000931977680802235
2.6430000000000002,CONTACT_ACQUIRE,0.05,0.05,0.0941229701235605,1,0.0005981501268778313,8.981393936603669e-05,0.0011882862795399359,-0.2998108050431228,0.0009311244694081456
2.644,CONTACT_ACQUIRE,0.05,0.05,0.07774753483877303,1,0.000599365674964622,9.101650873714545e-05,0.0012155480867495616,-0.29981265454839007,0.0009308611383635652
2.645,CONTACT_ACQUIRE,0.05,0.05,0.06101679144498979,1,0.0006006005786771492,9.224239873781416e-05,0.0012349037124880899,-0.2998145467365044,0.0009311695237256509
2.646,CONTACT_ACQUIRE,0.05,0.05,0.04403713857136946,1,0.0006018468141894091,9.34836401409829e-05,0.0012462355122225578,-0.2998164704565531,0.0009320311832467042
2.6470000000000002,CONTACT_ACQUIRE,0.05,0.05,0.026914980374721197,1,0.000603096290690844,9.473217141726343e-05,0.001249476501399339,-0.2998184143862586,0.0009334275694363012
2.648,CONTACT_ACQUIRE,0.05,0.05,0.009756064071223057,1,0.0006043409007424205,9.597988926900132e-05,0.0012446100515426115,-0.29982036710305926,0.0009353401948321979
2.649,CONTACT_ACQUIRE,0.05,0.0,0.0,0,0.0006053409007424205,9.72186987054938e-05,0.0012322378737673746,-0.2998223171547526,0.000937750788672903
2.65,CONTACT_ACQUIRE,0.05,0.0,0.0,0,0.0006063409007424206,9.844415288671831e-05,0.001218657246903453,-0.2998242582750709,0.000940657247596017
2.6510000000000002,CONTACT_ACQUIRE,0.05,0.0,0.0,0,0.0006073409007424206,9.965598698258582e-05,0.0012049979701359436,-0.2998261901703199,0.0009440602044670096
2.652,CONTACT_ACQUIRE,0.05,0.0,0.0,0,0.0006083409007424206,0.00010085412314490853,0.0011912616473504732,-0.29982811280712873,0.0009479556295230396
2.653,CONTACT_ACQUIRE,0.05,0.0,0.0,0,0.0006093409007424206,0.00010203848513071849,0.0011774498850732078,-0.29983002614729737,0.0009523391456735471
2.654,CONTACT_ACQUIRE,0.05,0.0,0.0,0,0.0006103409007424207,0.00010320899830482424,0.001163564292302893,-0.29983193014783976,0.0009572060384624831
2.6550000000000002,CONTACT_ACQUIRE,0.05,0.0,0.0,0,0.0006113409007424207,0.00010436558964219944,0.0011496064803431752,-0.2998338247610299,0.0009625512659787814
2.656,CONTACT_ACQUIRE,0.05,0.0,0.0,0,0.0006123409007424207,0.00010550818773020412,0.0011355780626352175,-0.29983570993445113,0.0009683694687122736
2.657,CONTACT_ACQUIRE,0.05,0.0,0.0,0,0.0006133409007424207,0.00010663672277063859,0.001121480654590627,-0.29983758561104906,0.000974654979352312
2.658,CONTACT_ACQUIRE,0.05,0.0,0.0,0,0.0006143409007424208,0.00010775112658163048,0.0011073158734247095,-0.2998394517291867,0.0009814018325264345
2.6590000000000003,CONTACT_ACQUIRE,0.05,0.0,0.0,0,0.0006153409007424208,0.00010885133259935526,0.0010930853379900662,-0.2998413082227033,0.0009886037744764723
2.66,CONTACT_ACQUIRE,0.05,0.0,0.0,0,0.0006163409007424208,0.00010993727587959043,0.0010787906686105478,-0.2998431550209754,0.0009962542726695738
2.661,CONTACT_ACQUIRE,0.05,0.0,0.0,0,0.0006173409007424208,0.00011100889309910391,0.001064433486915583,-0.29984499204898113,0.001004346525341677
2.662,CONTACT_ACQUIRE,0.05,0.0,0.0,0,0.0006183409007424209,0.00011206612255687697,0.0010500154156748943,-0.29984681922736667,0.0010128734709710396
2.6630000000000003,CONTACT_ACQUIRE,0.05,0.0,0.0,0,0.0006193409007424209,0.00011310890417516202,0.001035538078633619,-0.29984863647251564,0.0010218277976794948
2.664,CONTACT_ACQUIRE,0.05,0.0,0.0,0,0.0006203409007424209,0.00011413717950037578,0.0010210031003478476,-0.2998504436966207,0.001031201952559171
2.665,CONTACT_ACQUIRE,0.05,0.0,0.0,0,0.0006213409007424209,0.00011515089170382819,0.0010064121060205972,-0.29985224080775774,0.0010409881509224755
2.666,CONTACT_ACQUIRE,0.05,0.0,0.0,0,0.000622340900742421,0.00011614998558228744,0.0009917667213382335,-0.29985402770996206,0.0010511783854732213
2.6670000000000003,CONTACT_ACQUIRE,0.05,0.0,0.0,0,0.000623340900742421,0.00011713440755838184,0.000977068572307357,-0.29985580430330694,0.0010617644353968126
2.668,CONTACT_ACQUIRE,0.05,0.0,0.0,0,0.000624340900742421,0.00011810410568083858,0.0009623192850921667,-0.2998575704839843,0.0010727378753675066
2.669,CONTACT_ACQUIRE,0.05,0.0,0.0,0,0.000625340900742421,0.00011905902962456032,0.0009475204858523173,-0.2998593261443873,0.0010840900844708023
2.67,CONTACT_ACQUIRE,0.05,0.0,0.0,0,0.000626340900742421,0.00011999913069053968,0.0009326738005812856,-0.29986107117319477,0.0010958122550390886
2.6710000000000003,CONTACT_ACQUIRE,0.05,0.0,0.0,0,0.0006273409007424211,0.00012092436180561254,0.0009177808549452567,-0.29986280545545774,0.0011078954013987354
2.672,CONTACT_ACQUIRE,0.05,0.0,0.0,0,0.0006283409007424211,0.0001218346775220504,0.000902843274122549,-0.2998645288726874,0.0011203303685268908
2.673,CONTACT_ACQUIRE,0.05,0.0,0.0,0,0.0006293409007424211,0.00012273003401699244,0.0008878626826435887,-0.29986624130294487,0.001133107840616287
2.674,CONTACT_ACQUIRE,0.05,0.0,0.0,0,0.0006303409007424211,0.00012361038909171782,0.0008728407042314501,-0.2998679426209328,0.0011462183495464457
2.6750000000000003,CONTACT_ACQUIRE,0.05,0.0,0.0,0,0.0006313409007424212,0.00012447570217075893,0.000857778961642975,-0.29986963269808786,0.001159652283259707
2.676,CONTACT_ACQUIRE,0.05,0.0,0.0,0,0.0006323409007424212,0.00012532593430085586,0.0008426790765104848,-0.29987131140267526,0.0011733998940405953
2.677,CONTACT_ACQUIRE,0.05,0.0,0.0,0,0.0006333409007424212,0.00012616104814975308,0.0008275426691841003,-0.29987297859988415,0.0011874513066970705
2.678,CONTACT_ACQUIRE,0.05,0.0,0.0,0,0.0006343409007424212,0.00012698100800483854,0.0008123713585746817,-0.29987463415192456,0.0012017965266422914
2.6790000000000003,CONTACT_ACQUIRE,0.05,0.0,0.0,0,0.0006353409007424213,0.0001277857797716263,0.0007971667619974034,-0.29987627791812543,0.0012164254478755686
2.68,CONTACT_ACQUIRE,0.05,0.0,0.0,0,0.0006363409007424213,0.00012857533097208277,0.0007819304950159772,-0.2998779097550336,0.0012313278608612399
2.681,CONTACT_ACQUIRE,0.05,0.0,0.0,0,0.0006373409007424213,0.00012934963074279768,0.0007666641712875361,-0.299879529516514,0.0012464934603042713
2.682,CONTACT_ACQUIRE,0.05,0.0,0.0,0,0.0006383409007424213,0.00013010864983300024,0.0007513694024081937,-0.2998811370538506,0.0012619118528214303
2.6830000000000003,CONTACT_ACQUIRE,0.05,0.0,0.0,0,0.0006393409007424214,0.00013085236060242117,0.0007360477977592911,-0.2998827322158486,0.0012775725645069488
2.684,CONTACT_ACQUIRE,0.05,0.0,0.0,0,0.0006403409007424214,0.00013158073701900137,0.000720700964354346,-0.2998843148489368,0.0012934650483916322
2.685,CONTACT_ACQUIRE,0.05,0.0,0.0,0,0.0006413409007424214,0.00013229375465644775,0.0007053305066867147,-0.2998858847972712,0.0013095786917944477
2.686,CONTACT_ACQUIRE,0.05,0.0,0.0,0,0.0006423409007424214,0.0001329913906916374,0.0006899380265779828,-0.299887441902839,0.0013259028235656626
2.6870000000000003,CONTACT_ACQUIRE,0.05,0.0,0.0,0,0.0006433409007424215,0.00013367362390187017,0.0006745251230270942,-0.2998889860055634,0.0013424267212206688
2.688,CONTACT_ACQUIRE,0.05,0.0,0.0,0,0.0006443409007424215,0.00013434043466197093,0.0006590933920602338,-0.2998905169434085,0.0013591396179636742
2.689,CONTACT_ACQUIRE,0.05,0.0,0.0,0,0.0006453409007424215,0.00013499180494124213,0.0006436444265814754,-0.29989203455248503,0.001376030709600509
2.69,CONTACT_ACQUIRE,0.05,0.0,0.0,0,0.0006463409007424215,0.00013562771830026728,0.0006281798162242067,-0.2998935386671563,0.0013930891613398281
2.691,CONTACT_ACQUIRE,0.05,0.0,0.0,0,0.0006473409007424216,0.00013624815988756635,0.0006127011472033446,-0.2998950291201443,0.0014103041144820662
2.692,CONTACT_ACQUIRE,0.05,0.0,0.0,0,0.0006483409007424216,0.00013685311643610366,0.0005972100021683528,-0.2998965057426365,0.001427664692995528
2.693,CONTACT_ACQUIRE,0.05,0.0,0.0,0,0.0006493409007424216,0.00013744257625964942,0.0005817079600570734,-0.29989796836439203,0.0014451600099790736
2.694,CONTACT_ACQUIRE,0.05,0.0,0.0,0,0.0006503409007424216,0.00013801652924899516,0.0005661965959503853,-0.2998994168138489,0.001462779174010879
2.695,CONTACT_ACQUIRE,0.05,0.0,0.0,0,0.0006513409007424217,0.00013857496686802467,0.0005506774809277,-0.2999008509182306,0.0014805112953828368
2.696,CONTACT_ACQUIRE,0.05,0.0,0.0,0,0.0006523409007424217,0.00013911788214964046,0.0005351521819233077,-0.29990227050365276,0.0014983454922201736
2.697,CONTACT_ACQUIRE,0.05,0.0,0.0,0,0.0006533409007424217,0.00013964526969154726,0.0005196222615835855,-0.29990367539523,0.0015162708964859377
2.698,CONTACT_ACQUIRE,0.05,0.0,0.0,0,0.0006543409007424217,0.00014015712565189304,0.0005040892781250774,-0.2999050654171826,0.0015342766598700427
2.699,CONTACT_ACQUIRE,0.05,0.0,0.0,0,0.0006553409007424218,0.0001406534477447686,0.0004885547851934597,-0.2999064403929427,0.0015523519595626051
2.7,CONTACT_ACQUIRE,0.05,0.0,0.0,0,0.0006563409007424218,0.0001411342352355666,0.00047302033172340145,-0.2999078001452605,0.001570486003911358
2.701,CONTACT_ACQUIRE,0.05,0.0,0.0,0,0.0006573409007424218,0.00014159948893620073,0.00045748746179933187,-0.29990914449631,0.0015886680379629684
2.702,CONTACT_ACQUIRE,0.05,0.0,0.0,0,0.0006583409007424218,0.00014204921120018638,0.0004419577145171257,-0.29991047326779474,0.0016068873488881287
2.703,CONTACT_ACQUIRE,0.05,0.0,0.0,0,0.0006593409007424219,0.0001424834059175832,0.00042643262384671693,-0.2999117862810525,0.001625133271290345
2.704,CONTACT_ACQUIRE,0.05,0.0,0.0,0,0.0006603409007424219,0.000142902078509801,0.0004109137184956522,-0.29991308335716,0.0016433951923983756
2.705,CONTACT_ACQUIRE,0.05,0.0,0.0,0,0.0006613409007424219,0.00014330523592426934,0.0003954025217735938,-0.29991436431703716,0.0016616625571423242
2.706,CONTACT_ACQUIRE,0.05,0.0,0.0,0,0.0006623409007424219,0.00014369288662897248,0.0003799005514577837,-0.2999156289815504,0.001679924873113429
2.707,CONTACT_ACQUIRE,0.05,0.0,0.0,0,0.000663340900742422,0.00014406504060684997,0.0003644093196594782,-0.2999168771716155,0.0016981717154076423
2.708,CONTACT_ACQUIRE,0.05,0.0,0.0,0,0.000664340900742422,0.00014442170935006438,0.00034893033269136367,-0.29991810870830016,0.001716392731353109
2.709,CONTACT_ACQUIRE,0.05,0.0,0.0,0,0.000665340900742422,0.0001447629058541368,0.0003334650909359636,-0.29991932341292493,0.0017345776451217299
2.71,CONTACT_ACQUIRE,0.05,0.0,0.0,0,0.000666340900742422,0.0001450886446119513,0.0003180150887150469,-0.2999205211071646,0.001752716262224995
2.711,CONTACT_ACQUIRE,0.05,0.0,0.0,0,0.000667340900742422,0.00014539894160762928,0.0003025818141600474,-0.29992170161314774,0.00177079847389434
2.712,CONTACT_ACQUIRE,0.05,0.0,0.0,0,0.0006683409007424221,0.00014569381431027483,0.0002871667490835036,-0.29992286475355606,0.0017888142613463054
2.713,CONTACT_ACQUIRE,0.05,0.0,0.0,0,0.0006693409007424221,0.00014597328166759195,0.00027177136885152953,-0.2999240103517226,0.0018067536999328065
2.714,CONTACT_ACQUIRE,0.05,0.0,0.0,0,0.0006703409007424221,0.0001462373640993748,0.0002563971422573249,-0.29992513823172895,0.0018246069631768808
2.715,CONTACT_ACQUIRE,0.05,0.0,0.0,0,0.0006713409007424221,0.00014648608349087194,0.0002410455313957346,-0.2999262482185017,0.0018423643266942873
2.716,CONTACT_ACQUIRE,0.05,0.0,0.0,0,0.0006723409007424222,0.00014671946318602574,0.00022571799153886648,-0.29992734013790795,0.0018600161720013883
2.717,CONTACT_ACQUIRE,0.05,0.0,0.0,0,0.0006733409007424222,0.0001469375279805879,0.00021041597101277657,-0.29992841381684926,0.0018775529902097712
2.718,CONTACT_ACQUIRE,0.05,0.0,0.0,0,0.0006743409007424222,0.00014714030411511217,0.00019514091107523048,-0.2999294690833552,0.0018949653856080934
2.719,CONTACT_ACQUIRE,0.05,0.0,0.0,0,0.0006753409007424222,0.00014732781926782537,0.0001798942457945501,-0.29993050576667546,0.001912244079131681
2.72,CONTACT_ACQUIRE,0.05,0.0,0.0,0,0.0006763409007424223,0.00014750010254737785,0.00016467740192955378,-0.2999315236973707,0.0019293799117204302
2.721,CONTACT_ACQUIRE,0.05,0.0,0.0,0,0.0006773409007424223,0.00014765718448547446,0.00014949179881059896,-0.2999325227074025,0.0019463638475655995
2.722,CONTACT_ACQUIRE,0.05,0.0,0.0,0,0.0006783409007424223,0.000147799097029387,0.0001343388482217353,-0.2999335026302219,0.0019631869772461065
2.723,CONTACT_ACQUIRE,0.05,0.0,0.0,0,0.0006793409007424223,0.00014792587353434943,0.00011921995428397678,-0.2999344633008568,0.001979840520754977
2.724,CONTACT_ACQUIRE,0.05,0.0,0.0,0,0.0006803409007424224,0.0001480375487558371,0.00010413651333970063,-0.2999354045559981,0.0019963158304166216
2.725,CONTACT_ACQUIRE,0.05,0.0,0.0,0,0.0006813409007424224,0.00014813415884173058,8.908991383818134e-05,-0.2999363262340844,0.0020126043936956363
2.726,CONTACT_ACQUIRE,0.05,0.0,0.0,0,0.0006823409007424224,0.00014821574132436595,7.40815362222673e-05,-0.2999372281753855,0.002028697835897866
2.727,CONTACT_ACQUIRE,0.05,0.0,0.0,0,0.0006833409007424224,0.00014828233511247213,5.911275281620797e-05,-0.2999381102220846,0.0020445879227644864
2.728,CONTACT_ACQUIRE,0.05,0.0,0.0,0,0.0006843409007424225,0.00014833398048299666,4.418492771463903e-05,-0.299938972218359,0.002060266562959875
2.729,CONTACT_ACQUIRE,0.05,0.0,0.0,0,0.0006853409007424225,0.00014837071907282113,2.9299416672732923e-05,-0.2999398140104595,0.002075725810454106
2.73,CONTACT_ACQUIRE,0.05,0.0,0.0,0,0.0006863409007424225,0.0001483925938703672,1.4457566997522083e-05,-0.29994063544678823,0.0020909578668008733
2.731,CONTACT_ACQUIRE,0.05,0.0,0.0,0,0.0006873409007424225,0.00014839964920709467,-3.392825595979674e-07,-0.29994143637797516,0.00210595508331172
2.732,CONTACT_ACQUIRE,0.05,0.0,0.0,0,0.0006883409007424226,0.00014839193074889259,-1.5089801909178776e-05,-0.29994221665695314,0.0021207099631274495
2.733,CONTACT_ACQUIRE,0.05,0.0,0.0,0,0.0006893409007424226,0.00014836948548736459,-2.9792669728835407e-05,-0.2999429761390314,0.0021352151631876147
2.734,CONTACT_ACQUIRE,0.05,0.0,0.0,0,0.0006903409007424226,0.00014833236173100985,-4.444657356716253e-05,-0.2999437146819677,0.0021494634960990255
2.735,CONTACT_ACQUIRE,0.05,0.0,0.0,0,0.0006913409007424226,0.00014828060909630061,-5.905020994644353e-05,-0.29994443214603833,0.0021634479319042076
2.736,CONTACT_ACQUIRE,0.05,0.0,0.0,0,0.0006923409007424227,0.00014821427849865765,-7.360228446414624e-05,-0.29994512839410775,0.0021771615997507915
2.737,CONTACT_ACQUIRE,0.05,0.0,0.0,0,0.0006933409007424227,0.0001481334221433248,-8.810151189319899e-05,-0.29994580329169546,0.00219059778946281
2.738,CONTACT_ACQUIRE,0.05,0.0,0.0,0,0.0006943409007424227,0.00014803809351614396,-0.00010254661628104081,-0.29994645670704195,0.0022037499530149166
2.739,CONTACT_ACQUIRE,0.05,0.0,0.0,0,0.0006953409007424227,0.00014792834737423154,-0.00011693633104743985,-0.29994708851117297,0.002216611705910558
2.74,CONTACT_ACQUIRE,0.05,0.0,0.0,0,0.0006963409007424228,0.0001478042397365577,-0.00013126939908107395,-0.299947698577962,0.0022291768284651227
2.741,CONTACT_ACQUIRE,0.05,0.0,0.0,0,0.0006973409007424228,0.00014766582787442966,-0.00014554457283486795,-0.2999482867841915,0.0022414392669951556
2.742,CONTACT_ACQUIRE,0.05,0.0,0.0,0,0.0006983409007424228,0.0001475131703018804,-0.0001597606144200818,-0.299948853009612,0.0022533931349146895
2.743,CONTACT_ACQUIRE,0.05,0.0,0.0,0,0.0006993409007424228,0.00014734632676596367,-0.00017391629569914427,-0.299949397137,0.0022650327137398113
2.744,CONTACT_ACQUIRE,0.05,0.0,0.0,0,0.0007003409007424228,0.0001471653582369571,-0.00018801039837722694,-0.29994991905221385,0.0022763524540025523
2.745,CONTACT_ACQUIRE,0.05,0.0,0.0,0,0.0007013409007424229,0.00014697032689847399,-0.00020204171409255313,-0.2999504186442486,0.002287346976075244
2.746,CONTACT_ACQUIRE,0.05,0.0,0.0,0,0.0007023409007424229,0.00014676129613748576,-0.00021600904450543699,-0.2999508958052882,0.002298011070906458
2.747,CONTACT_ACQUIRE,0.05,0.0,0.0,0,0.0007033409007424229,0.0001465383305342559,-0.00022991120138604766,-0.29995135043075705,0.002308339700669714
2.748,CONTACT_ACQUIRE,0.05,0.0,0.0,0,0.000704340900742423,0.00014630149585218667,-0.00024374700670089393,-0.2999517824193691,0.0023183279993260783
2.749,CONTACT_ACQUIRE,0.05,0.0,0.0,0,0.000705340900742423,0.0001460508590275801,-0.00025751529269802466,-0.2999521916731757,0.0023279712731018713
2.75,CONTACT_ACQUIRE,0.05,0.0,0.0,0,0.000706340900742423,0.00014578648815931442,-0.0002712149019909407,-0.2999525780976117,0.0023372650008826466
2.751,CONTACT_ACQUIRE,0.05,0.0,0.0,0,0.000707340900742423,0.0001455084524984371,-0.00028484468764121374,-0.2999529416015396,0.002346204834524652
2.7520000000000002,CONTACT_ACQUIRE,0.05,0.0,0.0,0,0.000708340900742423,0.00014521682243767614,-0.0002984035132398082,-0.29995328209729233,0.002354786599084982
2.753,CONTACT_ACQUIRE,0.05,0.0,0.0,0,0.0007093409007424231,0.0001449116695008704,-0.0003118902529871019,-0.29995359950071415,0.002363006292971643
2.754,CONTACT_ACQUIRE,0.05,0.0,0.0,0,0.0007103409007424231,0.00014459306633232084,-0.00032530379177160177,-0.29995389373119996,0.0023708600880147633
2.755,CONTACT_ACQUIRE,0.05,0.0,0.0,0,0.0007113409007424231,0.00014426108668606354,-0.00033864302524735083,-0.29995416471173275,0.002378344329460182
2.7560000000000002,CONTACT_ACQUIRE,0.05,0.0,0.0,0,0.0007123409007424231,0.00014391580541506601,-0.0003519068599100229,-0.29995441236891945,0.002385455535886666
2.757,CONTACT_ACQUIRE,0.05,0.0,0.0,0,0.0007133409007424232,0.00014355729846034806,-0.00036509421317170115,-0.29995463663302513,0.0023921903990480153
2.758,CONTACT_ACQUIRE,0.05,0.0,0.0,0,0.0007143409007424232,0.00014318564284002857,-0.0003782040134343382,-0.2999548374380054,0.002398545783641313
2.759,CONTACT_ACQUIRE,0.05,0.0,0.0,0,0.0007153409007424232,0.00014280091663829936,-0.0003912352001618933,-0.2999550147215372,0.0024045187270025858
2.7600000000000002,CONTACT_ACQUIRE,0.05,0.0,0.0,0,0.0007163409007424232,0.00014240319899432778,-0.00040418672395114427,-0.29995516842504777,0.0024101064387311646
2.761,CONTACT_ACQUIRE,0.05,0.0,0.0,0,0.0007173409007424233,0.00014199257009108894,-0.0004170575466011717,-0.29995529849374214,0.0024153063002440044
2.762,CONTACT_ACQUIRE,0.05,0.0,0.0,0,0.0007183409007424233,0.00014156911114412933,-0.0004298466411815116,-0.2999554048766287,0.0024201158642612667
2.763,CONTACT_ACQUIRE,0.05,0.0,0.0,0,0.0007193409007424233,0.00014113290439026272,-0.0004425529920989748,-0.2999554875265433,0.002424532854224443
2.7640000000000002,CONTACT_ACQUIRE,0.05,0.0,0.0,0,0.0007203409007424233,0.00014068403307620011,-0.0004551755951631302,-0.2999555464001714,0.0024285551636483204
2.765,CONTACT_ACQUIRE,0.05,0.0,0.0,0,0.0007213409007424234,0.0001402225814471148,-0.00046771345765044974,-0.299955581458069,0.0024321808554080837
2.766,CONTACT_ACQUIRE,0.05,0.0,0.0,0,0.0007223409007424234,0.0001397486347351439,-0.00048016559836711254,-0.29995559266468136,0.002435408160962845
2.767,CONTACT_ACQUIRE,0.05,0.0,0.0,0,0.0007233409007424234,0.00013926227914782784,-0.0004925310477104667,-0.2999555799883606,0.0024382354795169227
2.7680000000000002,CONTACT_ACQUIRE,0.05,0.0,0.0,0,0.0007243409007424234,0.000138763601856489,-0.0005048088477291465,-0.29995554340138114,0.0024406613771201595
2.769,CONTACT_ACQUIRE,0.05,0.0,0.0,0,0.0007253409007424235,0.00013825269098455094,-0.0005169980521818431,-0.299955482879954,0.0024426845857085855
2.77,CONTACT_ACQUIRE,0.05,0.0,0.0,0,0.0007263409007424235,0.00013772963559579955,-0.0005290977265947279,-0.299955398404239,0.0024443040020867396
2.771,CONTACT_ACQUIRE,0.05,0.0,0.0,0,0.0007273409007424235,0.00013719452568258737,-0.0005411069483175256,-0.2999552899583559,0.0024455186868529554
2.7720000000000002,CONTACT_ACQUIRE,0.05,0.0,0.0,0,0.0007283409007424235,0.00013664745215398257,-0.0005530248065782373,-0.2999551575303933,0.002446327863268912
2.773,CONTACT_ACQUIRE,0.05,0.0,0.0,0,0.0007293409007424236,0.00013608850682386389,-0.000564850402536511,-0.2999550011124164,0.002446730916074771
2.774,CONTACT_ACQUIRE,0.05,0.0,0.0,0,0.0007303409007424236,0.00013551778239896285,-0.0005765828493356595,-0.299954820700473,0.0024467273902511848
2.775,CONTACT_ACQUIRE,0.05,0.0,0.0,0,0.0007313409007424236,0.0001349353724668547,-0.0005882212721533244,-0.2999546162945981,0.0024463169897295084
2.7760000000000002,CONTACT_ACQUIRE,0.05,0.0,0.0,0,0.0007323409007424236,0.00013434137148389926,-0.0005997648082507845,-0.29995438789881645,0.002445499576051487
2.777,CONTACT_ACQUIRE,0.05,0.0,0.0,0,0.0007333409007424237,0.00013373587476313322,-0.0006112126070209095,-0.29995413552114436,0.002444275166979752
2.778,CONTACT_ACQUIRE,0.05,0.0,0.0,0,0.0007343409007424237,0.00013311897846211512,-0.0006225638300347579,-0.2999538591735892,0.002442643935060396
2.779,CONTACT_ACQUIRE,0.05,0.0,0.0,0,0.0007353409007424237,0.00013249077957072446,-0.0006338176510868172,-0.29995355887214786,0.0024406062061389415
2.7800000000000002,CONTACT_ACQUIRE,0.05,0.0,0.0,0,0.0007363409007424237,0.00013185137589891618,-0.0006449732562388898,-0.29995323463680357,0.0024381624578309912
2.781,CONTACT_ACQUIRE,0.05,0.0,0.0,0,0.0007373409007424237,0.000131200866064432,-0.0006560298438626191,-0.299952886491521,0.0024353133179488384
2.782,CONTACT_ACQUIRE,0.05,0.0,0.0,0,0.0007383409007424238,0.0001305393494804698,-0.0006669866246806622,-0.2999525144642404,0.00243205956288534
2.783,CONTACT_ACQUIRE,0.05,0.0,0.0,0,0.0007393409007424238,0.0001298669263433128,-0.000677842821806503,-0.2999521185868699,0.002428402115956315
2.7840000000000003,CONTACT_ACQUIRE,0.05,0.0,0.0,0,0.0007403409007424238,0.00012918369761991905,-0.000688597670782911,-0.2999516988952761,0.00242434204570275
2.785,CONTACT_ACQUIRE,0.05,0.0,0.0,0,0.0007413409007424238,0.00012848976503547385,-0.0006992504196190438,-0.2999512554292743,0.0024198805641540955
2.786,CONTACT_ACQUIRE,0.05,0.0,0.0,0,0.0007423409007424239,0.00012778523106090508,-0.0007098003288261938,-0.299950788232616,0.002415019025053883
2.787,CONTACT_ACQUIRE,0.05,0.0,0.0,0,0.0007433409007424239,0.00012707019890036389,-0.0007202466714521804,-0.29995029735297585,0.002409758922048962
2.7880000000000003,CONTACT_ACQUIRE,0.05,0.0,0.0,0,0.0007443409007424239,0.00012634477247867157,-0.0007305887331143891,-0.299949782841937,0.0024041018868435795
2.789,CONTACT_ACQUIRE,0.05,0.0,0.0,0,0.0007453409007424239,0.00012560905642873394,-0.0007408258120314567,-0.29994924475497514,0.0023980496873195587
2.79,CONTACT_ACQUIRE,0.05,0.0,0.0,0,0.000746340900742424,0.0001248631560789249,-0.0007509572190536056,-0.299948683151441,0.0023916042256238138
2.791,CONTACT_ACQUIRE,0.05,0.0,0.0,0,0.000747340900742424,0.00012410717744044017,-0.000760982277691627,-0.299948098094542,0.002384767536224439
2.7920000000000003,CONTACT_ACQUIRE,0.05,0.0,0.0,0,0.000748340900742424,0.00012334122719462285,-0.0007709003241445151,-0.2999474896513219,0.0023775417839365805
2.793,CONTACT_ACQUIRE,0.05,0.0,0.0,0,0.000749340900742424,0.0001225654126802619,-0.0007807107073257536,-0.2999468578926399,0.00236992926191932
2.794,CONTACT_ACQUIRE,0.05,0.0,0.0,0,0.0007503409007424241,0.00012177984188086511,-0.0007904127888882563,-0.29994620289314805,0.002361932389644772
2.795,CONTACT_ACQUIRE,0.05,0.0,0.0,0,0.0007513409007424241,0.00012098462341190781,-0.0008000059432479621,-0.2999455247312674,0.0023535537108406034
2.7960000000000003,CONTACT_ACQUIRE,0.05,0.0,0.0,0,0.0007523409007424241,0.00012017986650805849,-0.0008094895576060894,-0.29994482348916324,0.002344795891407141
2.797,CONTACT_ACQUIRE,0.05,0.0,0.0,0,0.0007533409007424241,0.00011936568101038303,-0.0008188630319700484,-0.2999440992527189,0.002335661717310283
2.798,CONTACT_ACQUIRE,0.05,0.0,0.0,0,0.0007543409007424242,0.0001185421773535286,-0.0008281257791730156,-0.29994335211150835,0.002326154092451357
2.799,CONTACT_ACQUIRE,0.05,0.0,0.0,0,0.0007553409007424242,0.00011770946655288863,-0.0008372772248921718,-0.2999425821587678,0.002316276036515108
2.8000000000000003,CONTACT_ACQUIRE,0.05,0.0,0.0,0,0.0007563409007424242,0.0001168676601917503,-0.0008463168076656068,-0.2999417894913661,0.002306030682796954
2.801,CONTACT_ACQUIRE,0.05,0.0,0.0,0,0.0007573409007424242,0.00011601687040842568,-0.0008552439789078919,-0.2999409742097739,0.0022954212760106603
2.802,CONTACT_ACQUIRE,0.05,0.0,0.0,0,0.0007583409007424243,0.00011515720988336806,-0.000864058202924325,-0.29994013641803197,0.002284451170077565
2.803,CONTACT_ACQUIRE,0.05,0.0,0.0,0,0.0007593409007424243,0.00011428879182627461,-0.0008727589569238482,-0.29993927622371824,0.0022731238258984756
2.8040000000000003,CONTACT_ACQUIRE,0.05,0.0,0.0,0,0.0007603409007424243,0.00011341172996317685,-0.0008813457310306432,-0.2999383937379139,0.002261442809109343
2.805,CONTACT_ACQUIRE,0.05,0.0,0.0,0,0.0007613409007424243,0.00011252613852352017,-0.0008898180282944068,-0.29993748907516843,0.0022494117878218297
2.806,CONTACT_ACQUIRE,0.05,0.0,0.0,0,0.0007623409007424244,0.00011163213222723372,-0.0008981753646993084,-0.2999365623534635,0.0022370345303498384
2.807,CONTACT_ACQUIRE,0.05,0.0,0.0,0,0.0007633409007424244,0.00011072982627179201,-0.0009064172691716347,-0.29993561369417615,0.002224314902923097
2.8080000000000003,CONTACT_ACQUIRE,0.05,0.0,0.0,0,0.0007643409007424244,0.00010981933631926949,-0.0009145432835861236,-0.2999346432220409,0.0022112568673888612
2.809,CONTACT_ACQUIRE,0.05,0.0,0.0,0,0.0007653409007424244,0.0001089007784833895,-0.0009225529627709907,-0.29993365106511083,0.0021978644789027806
2.81,CONTACT_ACQUIRE,0.05,0.0,0.0,0,0.0007663409007424245,0.00010797426931656886,-0.0009304458745116533,-0.2999326373547178,0.002184141883609988
2.811,CONTACT_ACQUIRE,0.05,0.0,0.0,0,0.0007673409007424245,0.00010703992579695927,-0.0009382215995531538,-0.29993160222543186,0.002170093316317421
2.8120000000000003,CONTACT_ACQUIRE,0.05,0.0,0.0,0,0.0007683409007424245,0.00010609786531548704,-0.0009458797316012883,-0.29993054581501966,0.0021557230981584176
2.813,CONTACT_ACQUIRE,0.05,0.0,0.0,0,0.0007693409007424245,0.00010514820566289235,-0.0009534198773224422,-0.2999294682644021,0.002141035634250567
2.814,CONTACT_ACQUIRE,0.05,0.0,0.0,0,0.0007703409007424246,0.00010419106501676924,-0.0009608416563421388,-0.29992836971761105,0.002126035411347832
2.815,CONTACT_ACQUIRE,0.05,0.0,0.0,0,0.0007713409007424246,0.00010322656192860775,-0.0009681447012423038,-0.29992725032174555,0.002110726995487901
2.816,CONTACT_ACQUIRE,0.05,0.0,0.0,0,0.0007723409007424246,0.00010225481531083942,-0.0009753286575572506,-0.2999261102269269,0.00209511502963576
2.817,CONTACT_ACQUIRE,0.05,0.0,0.0,0,0.0007733409007424246,0.00010127594442388741,-0.0009823931837683907,-0.29992494958625304,0.0020792042313244165
2.818,CONTACT_ACQUIRE,0.05,0.0,0.0,0,0.0007743409007424246,0.00010029006886322261,-0.0009893379512976729,-0.2999237685557524,0.0020629993902937342
2.819,CONTACT_ACQUIRE,0.05,0.0,0.0,0,0.0007753409007424247,9.929730854642691e-05,-0.0009961626444997581,-0.2999225672943371,0.0020465053661282927
2.82,CONTACT_ACQUIRE,0.05,0.0,0.0,0,0.0007763409007424247,9.829778370026492e-05,-0.001002866960652932,-0.29992134596375486,0.0020297270858952005
2.821,CONTACT_ACQUIRE,0.05,0.0,0.0,0,0.0007773409007424247,9.729161484776538e-05,-0.001009450609948761,-0.29992010472854114,0.002012669541782753
2.822,CONTACT_ACQUIRE,0.05,0.0,0.0,0,0.0007783409007424247,9.627892279531363e-05,-0.0010159133154804987,-0.29991884375596983,0.0019953377887408155
2.823,CONTACT_ACQUIRE,0.05,0.0,0.0,0,0.0007793409007424248,9.525982861975622e-05,-0.001022254813230244,-0.29991756321600394,0.001977736942123828
2.824,CONTACT_ACQUIRE,0.05,0.0,0.0,0,0.0007803409007424248,9.423445365551895e-05,-0.0010284748520548598,-0.2999162632812452,0.0019598721753372713
2.825,CONTACT_ACQUIRE,0.05,0.0,0.0,0,0.0007813409007424248,9.320291948173975e-05,-0.0010345731936706553,-0.29991494412688363,0.0019417487174884383
2.826,CONTACT_ACQUIRE,0.05,0.0,0.0,0,0.0007823409007424248,9.216534790941735e-05,-0.0010405496126368375,-0.2999136059306459,0.001923371851042369
2.827,CONTACT_ACQUIRE,0.05,0.0,0.0,0,0.0007833409007424249,9.112186096857716e-05,-0.0010464038963377388,-0.2999122488727439,0.0019047469094837304
2.828,CONTACT_ACQUIRE,0.05,0.0,0.0,0,0.0007843409007424249,9.007258089545559e-05,-0.0010521358449638247,-0.29991087313582215,0.001885879274985473
2.829,CONTACT_ACQUIRE,0.05,0.0,0.0,0,0.0007853409007424249,8.901763011970386e-05,-0.0010577452714914876,-0.29990947890490505,0.0018667743760850395
2.83,CONTACT_ACQUIRE,0.05,0.0,0.0,0,0.0007863409007424249,8.795713125161271e-05,-0.0010632320016616338,-0.29990806636734385,0.0018474376853689072
2.831,CONTACT_ACQUIRE,0.05,0.0,0.0,0,0.000787340900742425,8.689120706935911e-05,-0.0010685958739570678,-0.29990663571276277,0.0018278747171662202
2.832,CONTACT_ACQUIRE,0.05,0.0,0.0,0,0.000788340900742425,8.581998050627612e-05,-0.001073836739578681,-0.29990518713300507,0.001808091025252261
2.833,CONTACT_ACQUIRE,0.05,0.0,0.0,0,0.000789340900742425,8.474357463814726e-05,-0.001078954462420451,-0.29990372082207845,0.0017880922005624929
2.834,CONTACT_ACQUIRE,0.05,0.0,0.0,0,0.000790340900742425,8.366211267052636e-05,-0.0010839489190432566,-0.29990223697610036,0.0017678838689178917
2.835,CONTACT_ACQUIRE,0.05,0.0,0.0,0,0.0007913409007424251,8.25757179260843e-05,-0.0010888199986475164,-0.2999007357932427,0.0017474716887622647
2.836,CONTACT_ACQUIRE,0.05,0.0,0.0,0,0.0007923409007424251,8.14845138319836e-05,-0.0010935676030446562,-0.29989921747367654,0.0017268613489122544
2.837,CONTACT_ACQUIRE,0.05,0.0,0.0,0,0.0007933409007424251,8.038862390728218e-05,-0.0010981916466274119,-0.299897682219516,0.001706058566320695
2.838,CONTACT_ACQUIRE,0.05,0.0,0.0,0,0.0007943409007424251,7.928817175036736e-05,-0.0011026920563389745,-0.2998961302347625,0.0016850690838539808
2.839,CONTACT_ACQUIRE,0.05,0.0,0.0,0,0.0007953409007424252,7.818328102642137e-05,-0.0011070687716409852,-0.29989456172524837,0.0016638986680840952
2.84,CONTACT_ACQUIRE,0.05,0.0,0.0,0,0.0007963409007424252,7.707407545491928e-05,-0.0011113217444803849,-0.29989297689858013,0.00164255310709593
2.841,CONTACT_ACQUIRE,0.05,0.0,0.0,0,0.0007973409007424252,7.596067879716085e-05,-0.0011154509392551266,-0.299891375964082,0.0016210382083105073
2.842,CONTACT_ACQUIRE,0.05,0.0,0.0,0,0.0007983409007424252,7.48432148438371e-05,-0.0011194563327787586,-0.29988975913273863,0.0015993597963247091
2.843,CONTACT_ACQUIRE,0.05,0.0,0.0,0,0.0007993409007424253,7.372180740263285e-05,-0.001123337914243882,-0.2998881266171383,0.0015775237107681032
2.844,CONTACT_ACQUIRE,0.05,0.0,0.0,0,0.0008003409007424253,7.259658028586646e-05,-0.0011270956851844947,-0.2998864786314155,0.0015555358041774295
2.845,CONTACT_ACQUIRE,0.05,0.0,0.0,0,0.0008013409007424253,7.146765729816768e-05,-0.001130729659437224,-0.2998848153911935,0.0015334019398893165
2.846,CONTACT_ACQUIRE,0.05,0.0,0.0,0,0.0008023409007424253,7.03351622241949e-05,-0.0011342398631014594,-0.29988313711352693,0.001511127989951759
2.847,CONTACT_ACQUIRE,0.05,0.0,0.0,0,0.0008033409007424254,6.919921881639277e-05,-0.0011376263344983896,-0.2998814440168442,0.0014887198330548951
2.848,CONTACT_ACQUIRE,0.05,0.0,0.0,0,0.0008043409007424254,6.80599507827913e-05,-0.0011408891241289543,-0.29987973632088977,0.0014661833524815926
2.849,CONTACT_ACQUIRE,0.05,0.0,0.0,0,0.0008053409007424254,6.691748177484765e-05,-0.0011440282946307155,-0.29987801424666655,0.0014435244340783465
2.85,CONTACT_ACQUIRE,0.05,0.0,0.0,0,0.0008063409007424254,6.577193537533142e-05,-0.001147043920733658,-0.2998762780163782,0.0014207489642469712
2.851,CONTACT_ACQUIRE,0.05,0.0,0.0,0,0.0008073409007424254,6.462343508625489e-05,-0.0011499360892149265,-0.29987452785337115,0.0013978628279575625
2.852,CONTACT_ACQUIRE,0.05,0.0,0.0,0,0.0008083409007424255,6.347210431684882e-05,-0.001152704898852505,-0.29987276398207735,0.0013748719067831804
2.853,CONTACT_ACQUIRE,0.05,0.0,0.0,0,0.0008093409007424255,6.231806637158532e-05,-0.0011553504603778512,-0.29987098662795614,0.0013517820769567046
2.854,CONTACT_ACQUIRE,0.05,0.0,0.0,0,0.0008103409007424255,6.116144443824838e-05,-0.001157872896427487,-0.29986919601743695,0.0013285992074502817
2.855,CONTACT_ACQUIRE,0.05,0.0,0.0,0,0.0008113409007424255,6.0002361576053494e-05,-0.001160272341493561,-0.2998673923778615,0.0013053291580777879
2.856,CONTACT_ACQUIRE,0.05,0.0,0.0,0,0.0008123409007424256,5.884094070381721e-05,-0.0011625489418733844,-0.29986557593742647,0.0012819777776206976
2.857,CONTACT_ACQUIRE,0.05,0.0,0.0,0,0.0008133409007424256,5.767730458817757e-05,-0.001164702855617952,-0.29986374692512624,0.0012585509019777557
2.858,CONTACT_ACQUIRE,0.05,0.0,0.0,0,0.0008143409007424256,5.651157583186662e-05,-0.0011667342524794568,-0.2998619055706955,0.0012350543523388204
2.859,CONTACT_ACQUIRE,0.05,0.0,0.0,0,0.0008153409007424256,5.534387686203584e-05,-0.0011686433138578044,-0.29986005210455213,0.0012114939333832313
2.86,CONTACT_ACQUIRE,0.05,0.0,0.0,0,0.0008163409007424257,5.417432991863561e-05,-0.0011704302327461375,-0.29985818675774045,0.0011878754315030604
2.861,CONTACT_ACQUIRE,0.05,0.0,0.0,0,0.0008173409007424257,5.300305704284964e-05,-0.0011720952136753788,-0.2998563097618744,0.0011642046130515636
2.862,CONTACT_ACQUIRE,0.05,0.05,0.0611826030618987,1,0.0008171307096623851,5.183018006558526e-05,-0.0011688794219529015,-0.29985442134908086,0.0011404872226171614
2.863,CONTACT_ACQUIRE,0.05,0.05,0.08494841648588478,1,0.0008168996108790929,5.067666044296042e-05,-0.0011363143293454336,-0.29985255162205937,0.0011168558434228703
2.864,CONTACT_ACQUIRE,0.05,0.05,0.10787313239390245,1,0.0008166454098261779,4.9561176999702996e-05,-0.0010928785927124174,-0.2998507275276698,0.0010934403126850773
2.865,CONTACT_ACQUIRE,0.05,0.05,0.1298077207267516,1,0.00081636650778999,4.8494373928290845e-05,-0.0010390366097166397,-0.2998489645703277,0.0010703233904197024
2.866,CONTACT_ACQUIRE,0.05,0.05,0.15061286088013442,1,0.0008160618909525305,4.748639730564164e-05,-0.0009753194177257978,-0.299847277591979,0.0010475825986194002
2.867,CONTACT_ACQUIRE,0.05,0.05,0.17015965378531406,1,0.0008157311158588114,4.6546830898652106e-05,-0.0009023197495992453,-0.299845680678499,0.001025290042477615
2.868,CONTACT_ACQUIRE,0.05,0.05,0.1883302509270356,1,0.0008153742914801609,4.56846370685459e-05,-0.0008206867869686731,-0.29984418707308813,0.0010035122691080883
2.869,CONTACT_ACQUIRE,0.05,0.05,0.20501839803403232,1,0.0008149920580636375,4.490810305629835e-05,-0.0007311206516479648,-0.29984280909708416,0.0009823101636435157
2.87,CONTACT_ACQUIRE,0.05,0.05,0.2201298917569329,1,0.0008145855629747097,4.422479289033929e-05,-0.0006343666766245945,-0.2998415580785546,0.0009617388823632363
2.871,CONTACT_ACQUIRE,0.05,0.05,0.23358294825389098,1,0.0008141564337556313,4.3641505115990706e-05,-0.0005312094986211532,-0.2998404442889741,0.0009418478222738997
2.872,CONTACT_ACQUIRE,0.05,0.05,0.24530848319037515,1,0.0008137339667411666,4.316423650395975e-05,-0.0004224670144646252,-0.2998394768882331,0.0009226806263502954
2.873,CONTACT_ACQUIRE,0.05,0.05,0.25525020906317786,1,0.0008134249824835301,4.2798151849776554e-05,-0.00030898425763654214,-0.29983866387815983,0.0009042752571798493
2.874,CONTACT_ACQUIRE,0.05,0.05,0.26336433085605804,1,0.0008132333551531714,4.254755988472455e-05,-0.00019162733035866635,-0.2998380120646071,0.000886664332223188
2.875,CONTACT_ACQUIRE,0.05,0.05,0.2696194536883686,1,0.0008131620776475348,4.24158951593664e-05,-7.127750563661488e-05,-0.2998375270279252,0.0008698757657006506
2.876,CONTACT_ACQUIRE,0.05,0.05,0.2739968050616512,1,0.0008132132523934327,4.2405705853147814e-05,5.1174745897907955e-05,-0.29983721310177336,0.0008539330057292634
2.8770000000000002,CONTACT_ACQUIRE,0.05,0.05,0.27649011921023275,1,0.0008133880881112142,4.251864756365505e-05,0.0001748357177815707,-0.2998370733603682,0.0008388551617722653
2.878,CONTACT_ACQUIRE,0.05,0.05,0.2771054458802856,1,0.0008136869024509588,4.2755483015739174e-05,0.00029881433974449415,-0.2998371096141084,0.0008246571498958228
2.879,CONTACT_ACQUIRE,0.05,0.05,0.27586088612228066,1,0.0008141091303760733,4.311608758320131e-05,0.00042222792511445516,-0.2998373224134469,0.0008113498545428906
2.88,CONTACT_ACQUIRE,0.05,0.05,0.27278625810575924,1,0.0008146533381362433,4.359946048157655e-05,0.0005442077601700462,-0.2998377110608327,0.0007989403054674653
2.8810000000000002,CONTACT_ACQUIRE,0.05,0.05,0.2679226963247678,1,0.0008153172426398597,4.420374145791192e-05,0.0006639045036164039,-0.29983827363049814,0.0007874318684151445
2.882,CONTACT_ACQUIRE,0.05,0.05,0.2613221879133471,1,0.0008160977360059864,4.492623277247869e-05,0.0007804933661267733,-0.2998390069958233,0.0007768244480880596
2.883,CONTACT_ACQUIRE,0.05,0.05,0.2530470501100953,1,0.0008169909150477961,4.5763426238249e-05,0.0008931790418096851,-0.29983990686396533,0.0007671147018939481
2.884,CONTACT_ACQUIRE,0.05,0.05,0.2431693531908402,1,0.0008179921154133187,4.671103505684612e-05,0.0010012003655225734,-0.29984096781740427,0.0007582962629504124
2.8850000000000002,CONTACT_ACQUIRE,0.05,0.05,0.23177029345151245,1,0.0008190959500854469,4.7764030164676975e-05,0.0011038346721281773,-0.2998421833620169,0.0007503599707962091
2.886,CONTACT_ACQUIRE,0.05,0.05,0.21893952103522551,1,0.0008202963519215262,4.8916680780188066e-05,0.001200401836079339,-0.29984354598126,0.0007432941082516957
2.887,CONTACT_ACQUIRE,0.05,0.05,0.20477442760113504,1,0.0008215866198936167,5.016259882275095e-05,0.0012902679720905,-0.29984504719601224,0.000737084642870134
2.888,CONTACT_ACQUIRE,0.05,0.05,0.18937939896807138,1,0.000822959468673725,5.1494786855663775e-05,0.0013728487801082374,-0.2998466776295977,0.0007317154714303185
2.8890000000000002,CONTACT_ACQUIRE,0.05,0.05,0.17286503800863315,1,0.0008244070811940239,5.2905689190215594e-05,0.001447612520298915,-0.299848427077491,0.0007271686659386767
2.89,CONTACT_ACQUIRE,0.05,0.05,0.15534736313456307,1,0.0008259211638003483,5.438724577475269e-05,0.0015140826063243396,-0.29985028458118335,0.0007234247196353499
2.891,CONTACT_ACQUIRE,0.05,0.05,0.1369469877808926,1,0.0008274930036080986,5.5930948482242076e-05,0.0015718398077503549,-0.2998522385056739,0.0007204627915335069
2.892,CONTACT_ACQUIRE,0.05,0.05,0.11778828630560381,1,0.0008291135276631159,5.75278994019645e-05,0.0016205240550173276,-0.2998542766200361,0.0007182609480638852
2.8930000000000002,CONTACT_ACQUIRE,0.05,0.05,0.0979985517129364,1,0.0008307733635060964,5.916887073568876e-05,0.001659835842980422,-0.29985638618050225,0.000716796400446949
2.894,CONTACT_ACQUIRE,0.05,0.05,0.07770715054649417,1,0.0008324629007376773,6.0844365895966624e-05,0.001689537231581023,-0.29985855401550154,0.0007160457364726478
2.895,CONTACT_ACQUIRE,0.05,0.05,0.05704468023398575,1,0.0008341723531824033,6.254468140401e-05,0.0017094524447260316,-0.2998607666120869,0.000715985145432094
2.896,CONTACT_ACQUIRE,0.05,0.05,0.03614213404234626,1,0.0008358918212533215,6.425996918692742e-05,0.0017194680709180993,-0.2998630102031868,0.0007165906350160599
2.8970000000000002,CONTACT_ACQUIRE,0.05,0.05,0.015130078659156096,1,0.0008376113541248938,6.598029887884191e-05,0.0017195328715723125,-0.2998652708551235,0.0007178382390715035
2.898,CONTACT_ACQUIRE,0.05,0.0,0.0,0,0.0008386113541248939,6.769571973751546e-05,0.0017101113193730905,-0.2998675345548473,0.0007197042151887824
2.899,CONTACT_ACQUIRE,0.05,0.0,0.0,0,0.0008396113541248939,6.939975960734903e-05,0.0016979464976401679,-0.29986979222307153,0.0007221795375243845
2.9,CONTACT_ACQUIRE,0.05,0.0,0.0,0,0.0008406113541248939,7.10915691580389e-05,0.0016856509523039776,-0.29987204280867985,0.0007252642714201909
2.9010000000000002,CONTACT_ACQUIRE,0.05,0.0,0.0,0,0.0008416113541248939,7.277101848095593e-05,0.0016732263146164734,-0.2998742862814205,0.0007289563290712055
2.902,CONTACT_ACQUIRE,0.05,0.0,0.0,0,0.000842611354124894,7.443797930260283e-05,0.0016606742235582082,-0.2998765226050863,0.0007332531414230345
2.903,CONTACT_ACQUIRE,0.05,0.0,0.0,0,0.000843611354124894,7.609232499224922e-05,0.0016479963256512298,-0.29987875173754,0.0007381516700294909
2.904,CONTACT_ACQUIRE,0.05,0.0,0.0,0,0.000844611354124894,7.773393056937947e-05,0.0016351942747718114,-0.2998809736307439,0.0007436484188767848
2.9050000000000002,CONTACT_ACQUIRE,0.05,0.0,0.0,0,0.000845611354124894,7.936267271095326e-05,0.001622269731963038,-0.2998831882307943,0.0007497394461704471
2.906,CONTACT_ACQUIRE,0.05,0.0,0.0,0,0.0008466113541248941,8.097842975847862e-05,0.0016092243652472654,-0.2998853954779601,0.0007564203760812255
2.907,CONTACT_ACQUIRE,0.05,0.0,0.0,0,0.0008476113541248941,8.25810817248974e-05,0.0015960598494384744,-0.29988759530672565,0.0007636864104462654
2.908,CONTACT_ACQUIRE,0.05,0.0,0.0,0,0.0008486113541248941,8.417051030128302e-05,0.0015827778659545345,-0.2998897876458377,0.000771532340421972
2.9090000000000003,CONTACT_ACQUIRE,0.05,0.0,0.0,0,0.0008496113541248941,8.574659886335046e-05,0.0015693801026293998,-0.29989197241835663,0.0007799525580850305
2.91,CONTACT_ACQUIRE,0.05,0.0,0.0,0,0.0008506113541248942,8.730923247777842e-05,0.0015558682535252552,-0.2998941495417115,0.000788941067978139
2.911,CONTACT_ACQUIRE,0.05,0.0,0.0,0,0.0008516113541248942,8.885829790834362e-05,0.00154224401874463,-0.29989631892775853,0.0007984914985970887
2.912,CONTACT_ACQUIRE,0.05,0.0,0.0,0,0.0008526113541248942,9.03936836218672e-05,0.0015285091042425,-0.2998984804828438,0.0008085971138159114
2.9130000000000003,CONTACT_ACQUIRE,0.05,0.0,0.0,0,0.0008536113541248942,9.191527979397322e-05,0.0015146652216383944,-0.29990063410786927,0.0008192508242468858
2.914,CONTACT_ACQUIRE,0.05,0.0,0.0,0,0.0008546113541248943,9.342297831465922e-05,0.0015007140880285296,-0.2999027796983622,0.000830445198532276
2.915,CONTACT_ACQUIRE,0.05,0.0,0.0,0,0.0008556113541248943,9.491667279367908e-05,0.0014866574257979843,-0.2999049171445482,0.0008421724745647594
2.916,CONTACT_ACQUIRE,0.05,0.0,0.0,0,0.0008566113541248943,9.639625856573793e-05,0.0014724969624329376,-0.2999070463314271,0.000854424570633568
2.9170000000000003,CONTACT_ACQUIRE,0.05,0.0,0.0,0,0.0008576113541248943,9.786163269549944e-05,0.0014582344303329872,-0.2999091671388524,0.0008671930964934587
2.918,CONTACT_ACQUIRE,0.05,0.0,0.0,0,0.0008586113541248943,9.931269398240541e-05,0.0014438715666235666,-0.29991127944161333,0.0008804693643536986
2.919,CONTACT_ACQUIRE,0.05,0.0,0.0,0,0.0008596113541248944,0.00010074934296530788,0.001429410112968479,-0.2999133831095203,0.0008942443997843235
2.92,CONTACT_ACQUIRE,0.05,0.0,0.0,0,0.0008606113541248944,0.00010217148192691383,0.0014148518153825674,-0.2999154780074927,0.000908508952537018
2.9210000000000003,CONTACT_ACQUIRE,0.05,0.0,0.0,0,0.0008616113541248944,0.00010357901489804258,0.0014001984240445374,-0.29991756399564956,0.0009232535072780309
2.922,CONTACT_ACQUIRE,0.05,0.0,0.0,0,0.0008626113541248944,0.00010497184766169617,0.001385451693109952,-0.2999196409294031,0.0009384682942306182
2.923,CONTACT_ACQUIRE,0.05,0.0,0.0,0,0.0008636113541248945,0.00010634988775694281,0.001370613380524417,-0.29992170865955436,0.0009541432997245873
2.924,CONTACT_ACQUIRE,0.05,0.0,0.0,0,0.0008646113541248945,0.00010771304448261353,0.0013556852478369727,-0.2999237670323914,0.0009702682766505793
2.9250000000000003,CONTACT_ACQUIRE,0.05,0.0,0.0,0,0.0008656113541248945,0.00010906122890081248,0.0013406690600137126,-0.29992581588978967,0.0009868327548168156
2.926,CONTACT_ACQUIRE,0.05,0.0,0.0,0,0.0008666113541248945,0.00011039435384024085,0.001325566585251645,-0.29992785506931496,0.0010038260512060956
2.927,CONTACT_ACQUIRE,0.05,0.0,0.0,0,0.0008676113541248946,0.00011171233389933485,0.001310379594792815,-0.299929884404328,0.0010212372801309134
2.928,CONTACT_ACQUIRE,0.05,0.0,0.0,0,0.0008686113541248946,0.00011301508544921788,0.0012951098627387077,-0.29993190372409106,0.0010390553632846375
2.9290000000000003,CONTACT_ACQUIRE,0.05,0.0,0.0,0,0.0008696113541248946,0.00011430252663646734,0.001279759165864945,-0.2999339128538768,0.0010572690396867545
2.93,CONTACT_ACQUIRE,0.05,0.0,0.0,0,0.0008706113541248946,0.00011557457738569622,0.0012643292834362983,-0.2999359116150787,0.00107586687552027
2.931,CONTACT_ACQUIRE,0.05,0.0,0.0,0,0.0008716113541248947,0.00011683115940194994,0.0012488219970220322,-0.29993789982532293,0.0010948372738594227
2.932,CONTACT_ACQUIRE,0.05,0.0,0.0,0,0.0008726113541248947,0.00011807219617291856,0.0012332390903115962,-0.29993987729858235,0.0011141684842859239
2.9330000000000003,CONTACT_ACQUIRE,0.05,0.0,0.0,0,0.0008736113541248947,0.00011929761297096506,0.0012175823489306832,-0.29994184384529154,0.0011338486123920362
2.934,CONTACT_ACQUIRE,0.05,0.0,0.0,0,0.0008746113541248947,0.00012050733685496974,0.00120185356025767,-0.29994379927246356,0.0011538656291688433
2.935,CONTACT_ACQUIRE,0.05,0.0,0.0,0,0.0008756113541248948,0.00012170129667199127,0.0011860545132404594,-0.2999457433838078,0.0011742073802781536
2.936,CONTACT_ACQUIRE,0.05,0.0,0.0,0,0.0008766113541248948,0.00012287942305874483,0.0011701869982137375,-0.29994767597984934,0.0011948615952065342
2.9370000000000003,CONTACT_ACQUIRE,0.05,0.0,0.0,0,0.0008776113541248948,0.00012404164844289768,0.0011542528067166665,-0.29994959685804895,0.0012158158963000488
2.938,CONTACT_ACQUIRE,0.05,0.0,0.0,0,0.0008786113541248948,0.00012518790704418273,0.0011382537313110275,-0.29995150581292485,0.0012370578076783402
2.939,CONTACT_ACQUIRE,0.05,0.0,0.0,0,0.0008796113541248949,0.00012631813487533035,0.00112219156539983,-0.29995340263617476,0.0012585747640267524
2.94,CONTACT_ACQUIRE,0.05,0.0,0.0,0,0.0008806113541248949,0.00012743226974281914,0.0011060681030464073,-0.2999552871167993,0.0012803541192652691
2.9410000000000003,CONTACT_ACQUIRE,0.05,0.0,0.0,0,0.0008816113541248949,0.00012853025124744602,0.0010898851387940093,-0.29995715904122583,0.0013023831550931012
2.942,CONTACT_ACQUIRE,0.05,0.0,0.0,0,0.0008826113541248949,0.0001296120207847161,0.0010736444674859153,-0.2999590181934333,0.0013246490894078212
2.943,CONTACT_ACQUIRE,0.05,0.0,0.0,0,0.000883611354124895,0.00013067752154505307,0.0010573478840860773,-0.2999608643550775,0.0013471390845980046
2.944,CONTACT_ACQUIRE,0.05,0.0,0.0,0,0.000884611354124895,0.00013172669851383036,0.0010409971835003134,-0.2999626973056171,0.0013698402557084086
2.945,CONTACT_ACQUIRE,0.05,0.0,0.0,0,0.000885611354124895,0.00013275949847122389,0.001024594160398067,-0.2999645168224397,0.0013927396784767716
2.946,CONTACT_ACQUIRE,0.05,0.0,0.0,0,0.000886611354124895,0.00013377586999188676,0.001008140609034746,-0.2999663226809889,0.0014158243972413815
2.947,CONTACT_ACQUIRE,0.05,0.0,0.0,0,0.000887611354124895,0.00013477576344444667,0.0009916383230746603,-0.29996811465489115,0.001439081432718627
2.948,CONTACT_ACQUIRE,0.05,0.0,0.0,0,0.0008886113541248951,0.0001357591309908265,0.0009750890954145707,-0.2999698925160831,0.0014624977896497936
2.949,CONTACT_ACQUIRE,0.05,0.0,0.0,0,0.0008896113541248951,0.0001367259265853889,0.0009584947180078673,-0.29997165603493886,0.001486060464316442
2.95,CONTACT_ACQUIRE,0.05,0.0,0.0,0,0.0008906113541248951,0.00013767610597390515,0.0009418569816893912,-0.2999734049803979,0.0015097564519237477
2.951,CONTACT_ACQUIRE,0.05,0.0,0.0,0,0.0008916113541248952,0.00013860962669234937,0.0009251776760009156,-0.2999751391200921,0.0015335727538512527
2.952,CONTACT_ACQUIRE,0.05,0.0,0.0,0,0.0008926113541248952,0.00013952644806551842,0.000908458589017302,-0.2999768582204736,0.0015574963847705234
2.953,CONTACT_ACQUIRE,0.05,0.0,0.0,0,0.0008936113541248952,0.00014042653120547848,0.0008917015071733447,-0.2999785620469419,0.0015815143796292837
2.954,CONTACT_ACQUIRE,0.05,0.0,0.0,0,0.0008946113541248952,0.0001413098390098385,0.0008749082150913221,-0.2999802503639711,0.0016056138005016256
2.955,CONTACT_ACQUIRE,0.05,0.0,0.0,0,0.0008956113541248952,0.00014217633615985192,0.0008580804954092659,-0.2999819229352367,0.001629781743303969
2.956,CONTACT_ACQUIRE,0.05,0.0,0.0,0,0.0008966113541248953,0.00014302598911834685,0.0008412201286099663,-0.29998357952374227,0.0016540053443764948
2.957,CONTACT_ACQUIRE,0.05,0.0,0.0,0,0.0008976113541248953,0.0001438587661274855,0.0008243288928507251,-0.2999852198919455,0.0016782717869298206
2.958,CONTACT_ACQUIRE,0.05,0.0,0.0,0,0.0008986113541248953,0.00014467463720635408,0.0008074085637938741,-0.2999868438018838,0.0017025683073567505
2.959,CONTACT_ACQUIRE,0.05,0.0,0.0,0,0.0008996113541248953,0.00014547357414838326,0.0007904609144380705,-0.29998845101529964,0.001726882201408972
2.96,CONTACT_ACQUIRE,0.05,0.0,0.0,0,0.0009006113541248954,0.00014625555051860057,0.0007734877149503856,-0.299990041293765,0.0017512008302386362
2.961,CONTACT_ACQUIRE,0.05,0.0,0.0,0,0.0009016113541248954,0.00014702054165071515,0.0007564907324992001,-0.2999916143988054,0.0017755116263047873
2.962,CONTACT_ACQUIRE,0.05,0.0,0.0,0,0.0009026113541248954,0.00014776852464403584,0.0007394717310879209,-0.299993170092023,0.0017998020991446845
2.963,CONTACT_ACQUIRE,0.05,0.0,0.0,0,0.0009036113541248954,0.00014849947836022344,0.0007224324713895316,-0.29999470813521917,0.0018240598410100748
2.964,CONTACT_ACQUIRE,0.05,0.0,0.0,0,0.0009046113541248955,0.0001492133834198779,0.0007053747105819929,-0.2999962282905163,0.0018482725323685555
2.965,CONTACT_ACQUIRE,0.05,0.0,0.0,0,0.0009056113541248955,0.00014991022219896133,0.0006883002021845048,-0.29999773032047833,0.001872427947270183
2.966,CONTACT_ACQUIRE,0.05,0.0,0.0,0,0.0009066113541248955,0.00015058997882505784,0.0006712106958946449,-0.2999992139882309,0.00189651395857955
2.967,CONTACT_ACQUIRE,0.05,0.0,0.0,0,0.0009076113541248955,0.0001512526391734707,0.0006541079374263962,-0.30000067905757993,0.001920518543073589
2.968,CONTACT_ACQUIRE,0.05,0.0,0.0,0,0.0009086113541248956,0.0001518981908631583,0.000636993668349078,-0.30000212529313003,0.0019444297864054047
2.969,CONTACT_ACQUIRE,0.05,0.0,0.0,0,0.0009096113541248956,0.00015252662325250914,0.0006198696259271919,-0.3000035524604009,0.001968235887934481
2.97,CONTACT_ACQUIRE,0.05,0.0,0.0,0,0.0009106113541248956,0.00015313792743495752,0.0006027375429611978,-0.3000049603259432,0.00199192516542366
2.971,CONTACT_ACQUIRE,0.05,0.0,0.0,0,0.0009116113541248956,0.00015373209623444013,0.000585599147629231,-0.3000063486574531,0.002015486059603311
2.972,CONTACT_ACQUIRE,0.05,0.0,0.0,0,0.0009126113541248957,0.0001543091242006951,0.0005684561633297748,-0.30000771722388575,0.0020389071386031745
2.973,CONTACT_ACQUIRE,0.05,0.0,0.0,0,0.0009136113541248957,0.00015486900760440395,0.0005513103085252997,-0.30000906579556713,0.0020621771022523807
2.974,CONTACT_ACQUIRE,0.05,0.0,0.0,0,0.0009146113541248957,0.00015541174443217795,0.000534163296586883,-0.30001039414430514,0.002085284786248202
2.975,CONTACT_ACQUIRE,0.05,0.0,0.0,0,0.0009156113541248957,0.00015593733438138934,0.0005170168356398206,-0.30001170204349886,0.0021082191661941246
2.976,CONTACT_ACQUIRE,0.05,0.0,0.0,0,0.0009166113541248958,0.00015644577885484884,0.0004998726284102431,-0.30001298926824677,0.002130969361507862
2.977,CONTACT_ACQUIRE,0.05,0.0,0.0,0,0.0009176113541248958,0.00015693708095533017,0.0004827323720727487,-0.30001425559545347,0.002153524639199984
2.978,CONTACT_ACQUIRE,0.05,0.0,0.0,0,0.0009186113541248958,0.00015741124547994278,0.00046559775809906464,-0.30001550080393485,0.0021758744175238436
2.979,CONTACT_ACQUIRE,0.05,0.0,0.0,0,0.0009196113541248958,0.00015786827891435374,0.000448470472107749,-0.3000167246745219,0.0021980082694975506
2.98,CONTACT_ACQUIRE,0.05,0.0,0.0,0,0.0009206113541248959,0.0001583081894268599,0.00043135219371494467,-0.300017926990163,0.0022199159262987485
2.981,CONTACT_ACQUIRE,0.05,0.0,0.0,0,0.0009216113541248959,0.0001587309868623112,0.0004142445963861968,-0.3000191075360246,0.002241587280533004
2.982,CONTACT_ACQUIRE,0.05,0.0,0.0,0,0.0009226113541248959,0.00015913668273588656,0.00039714934728934546,-0.3000202660995903,0.0022630123893766377
2.983,CONTACT_ACQUIRE,0.05,0.0,0.0,0,0.0009236113541248959,0.0001595252902267229,0.0003800681071485046,-0.30002140247075837,0.002284181477594853
2.984,CONTACT_ACQUIRE,0.05,0.0,0.0,0,0.000924611354124896,0.00015989682417139907,0.00036300253009913816,-0.3000225164419376,0.0023050849404360834
2.985,CONTACT_ACQUIRE,0.05,0.0,0.0,0,0.000925611354124896,0.000160251301057275,0.0003459542635442449,-0.3000236078081415,0.0023257133464034507
2.986,CONTACT_ACQUIRE,0.05,0.0,0.0,0,0.000926611354124896,0.00016058873901568795,0.0003289249480116623,-0.3000246763670809,0.0023460574399043195
2.987,CONTACT_ACQUIRE,0.05,0.0,0.0,0,0.000927611354124896,0.00016090915781500633,0.00031191621701250034,-0.30002572191925453,0.0023661081437789124
2.988,CONTACT_ACQUIRE,0.05,0.0,0.0,0,0.000928611354124896,0.0001612125788535428,0.00029492969690071566,-0.30002674426803816,0.002385856561709003
2.989,CONTACT_ACQUIRE,0.05,0.0,0.0,0,0.0009296113541248961,0.00016149902515232733,0.00027796700673383664,-0.3000277432197717,0.002405293980507727
2.99,CONTACT_ACQUIRE,0.05,0.0,0.0,0,0.0009306113541248961,0.00016176852134774155,0.0002610297581348496,-0.30002871858384494,0.0024244118722915736
2.991,CONTACT_ACQUIRE,0.05,0.0,0.0,0,0.0009316113541248961,0.00016202109368401572,0.0002441195551552559,-0.30002967017278087,0.002443201896535639
2.992,CONTACT_ACQUIRE,0.05,0.0,0.0,0,0.0009326113541248961,0.00016225677000558924,0.00022723799413931067,-0.3000305978023176,0.0024616559020132723
2.993,CONTACT_ACQUIRE,0.05,0.0,0.0,0,0.0009336113541248962,0.00016247557974933605,0.00021038666358945177,-0.3000315012914883,0.0024797659286212356
2.994,CONTACT_ACQUIRE,0.05,0.0,0.0,0,0.0009346113541248962,0.00016267755393665597,0.00019356714403292983,-0.3000323804626993,0.002497524209091543
2.995,CONTACT_ACQUIRE,0.05,0.0,0.0,0,0.0009356113541248962,0.00016286272516543334,0.00017678100788964823,-0.30003323514180624,0.0025149231705911693
2.996,CONTACT_ACQUIRE,0.05,0.0,0.0,0,0.0009366113541248962,0.0001630311276018642,0.00016002981934122235,-0.3000340651581882,0.002531955436210813
2.997,CONTACT_ACQUIRE,0.05,0.0,0.0,0,0.0009376113541248963,0.00016318279697215285,0.00014331513420126764,-0.30003487034482024,0.002548613826343967
2.998,CONTACT_ACQUIRE,0.05,0.0,0.0,0,0.0009386113541248963,0.0001633177705540797,0.00012663849978692524,-0.3000356505383437,0.0025648913599575084
2.999,CONTACT_ACQUIRE,0.05,0.0,0.0,0,0.0009396113541248963,0.000163436087168441,0.00011000145479163414,-0.30003640557913475,0.0025807812557550967
3.0,CONTACT_ACQUIRE,0.05,0.0,0.0,0,0.0009406113541248963,0.00016353778717036202,9.34055291591588e-05,-0.3000371353113707,0.002596276933234649
3.001,CONTACT_ACQUIRE,0.05,0.0,0.0,0,0.0009416113541248964,0.00016362291244048494,7.68522439588805e-05,-0.3000378395830949,0.0026113720136411965
3.0020000000000002,CONTACT_ACQUIRE,0.05,0.0,0.0,0,0.0009426113541248964,0.00016369150637603267,6.034311126236115e-05,-0.3000385182462788,0.002626060320816435
3.003,CONTACT_ACQUIRE,0.05,0.0,0.0,0,0.0009436113541248964,0.0001637436138817498,4.387963402118774e-05,-0.30003917115688294,0.0026403358819463096
3.004,CONTACT_ACQUIRE,0.05,0.0,0.0,0,0.0009446113541248964,0.0001637792813607221,2.7463305946105514e-05,-0.3000397981749154,0.0026541929282079667
3.005,CONTACT_ACQUIRE,0.05,0.0,0.0,0,0.0009456113541248965,0.0001637985567050758,1.109561138744792e-05,-0.30004039916448816,0.002667625895317455
3.0060000000000002,CONTACT_ACQUIRE,0.05,0.0,0.0,0,0.0009466113541248965,0.00016380148928655795,-5.221974783128835e-06,-0.30004097399387203,0.002680629423979542
3.007,CONTACT_ACQUIRE,0.05,0.0,0.0,0,0.0009476113541248965,0.00016378812994699907,-2.1487987289598982e-05,-0.300041522535549,0.0026931983602410275
3.008,CONTACT_ACQUIRE,0.05,0.0,0.0,0,0.0009486113541248965,0.0001637585309886597,-3.77009705672006e-05,-0.3000420446662628,0.0027053277557489794
3.009,CONTACT_ACQUIRE,0.05,0.0,0.0,0,0.0009496113541248966,0.00016371274616446186,-5.385947887674189e-05,-0.3000425402670674,0.0027170128679152874
3.0100000000000002,CONTACT_ACQUIRE,0.05,0.0,0.0,0,0.0009506113541248966,0.00016365083066810678,-6.99620764175731e-05,-0.3000430092233736,0.002728249159988963
3.011,CONTACT_ACQUIRE,0.05,0.0,0.0,0,0.0009516113541248966,0.0001635728411240805,-8.600733743921698e-05,-0.3000434514249936,0.0027390323010376377
3.012,CONTACT_ACQUIRE,0.05,0.0,0.0,0,0.0009526113541248966,0.0001634788355775485,-0.00010199384635165105,-0.30004386676618316,0.002749358165839685
3.013,CONTACT_ACQUIRE,0.05,0.0,0.0,0,0.0009536113541248967,0.00016336887348414057,-0.00011792019783423464,-0.3000442551456824,0.0027592228346884334
3.0140000000000002,CONTACT_ACQUIRE,0.05,0.0,0.0,0,0.0009546113541248967,0.0001632430156996276,-0.00013378499694327445,-0.30004461646675407,0.0027686225931099428
3.015,CONTACT_ACQUIRE,0.05,0.0,0.0,0,0.0009556113541248967,0.00016310132446949136,-0.00014958685921822196,-0.30004495063722003,0.0027775539314957966
3.016,CONTACT_ACQUIRE,0.05,0.0,0.0,0,0.0009566113541248967,0.00016294386341838892,-0.00016532441078649643,-0.3000452575694956,0.002786013544652405
3.017,CONTACT_ACQUIRE,0.05,0.0,0.0,0,0.0009576113541248968,0.00016277069753951274,-0.00018099628846692756,-0.3000455371806221,0.002793998331268307
3.0180000000000002,CONTACT_ACQUIRE,0.05,0.0,0.0,0,0.0009586113541248968,0.00016258189318384814,-0.00019660113987181164,-0.3000457893922971,0.0028015053933009536
3.019,CONTACT_ACQUIRE,0.05,0.0,0.0,0,0.0009596113541248968,0.0001623775180493295,-0.0002121376235075754,-0.300046014130903,0.0028085320352844766
3.02,CONTACT_ACQUIRE,0.05,0.0,0.0,0,0.0009606113541248968,0.00016215764116989616,-0.00022760440887404208,-0.3000462113275334,0.002815075763559948
3.021,CONTACT_ACQUIRE,0.05,0.0,0.0,0,0.0009616113541248969,0.00016192233290445023,-0.0002430001765622941,-0.3000463809180175,0.00282113428542964
3.0220000000000002,CONTACT_ACQUIRE,0.05,0.0,0.0,0,0.0009626113541248969,0.0001616716649257168,-0.0002583236183511269,-0.30004652284294275,0.002826705508236779
3.023,CONTACT_ACQUIRE,0.05,0.0,0.0,0,0.0009636113541248969,0.00016140571020900867,-0.0002735734373020889,-0.30004663704767515,0.0028317875383723407
3.024,CONTACT_ACQUIRE,0.05,0.0,0.0,0,0.0009646113541248969,0.0001611245430208966,-0.0002887483478531028,-0.300046723482378,0.0028363786802103664
3.025,CONTACT_ACQUIRE,0.05,0.0,0.0,0,0.000965611354124897,0.0001608282389077868,-0.00030384707591066257,-0.3000467821020284,0.0028404774349733543
3.0260000000000002,CONTACT_ACQUIRE,0.05,0.0,0.0,0,0.000966611354124897,0.0001605168746844068,-0.0003188683589406025,-0.3000468128664321,0.002844082499529219
3.027,CONTACT_ACQUIRE,0.05,0.0,0.0,0,0.000967611354124897,0.00016019052842220142,-0.0003338109460574327,-0.3000468157402362,0.0028471927651213536
3.028,CONTACT_ACQUIRE,0.05,0.0,0.0,0,0.000968611354124897,0.00015984927943763985,-0.0003486735981122374,-0.3000467906929399,0.0028498073160333204
3.029,CONTACT_ACQUIRE,0.05,0.0,0.0,0,0.000969611354124897,0.00015949320828043587,-0.0003634550877791317,-0.3000467376989037,0.0028519254281896794
3.0300000000000002,CONTACT_ACQUIRE,0.05,0.0,0.0,0,0.0009706113541248971,0.00015912239672168213,-0.00037815419964027226,-0.3000466567373565,0.0028535465676944884
3.031,CONTACT_ACQUIRE,0.05,0.0,0.0,0,0.0009716113541248971,0.00015873692774190024,-0.0003927697302694182,-0.3000465477924004,0.0028546703893089814
3.032,CONTACT_ACQUIRE,0.05,0.0,0.0,0,0.0009726113541248971,0.00015833688551900797,-0.0004073004883140389,-0.30004641085301487,0.0028552967348699646
3.033,CONTACT_ACQUIRE,0.05,0.0,0.0,0,0.0009736113541248971,0.0001579223554162051,-0.00042174529457596465,-0.30004624591305756,0.002855425631650412
3.0340000000000003,CONTACT_ACQUIRE,0.05,0.0,0.0,0,0.0009746113541248972,0.00015749342396977937,-0.0004361029820905763,-0.3000460529712644,0.0028550572906638153
3.035,CONTACT_ACQUIRE,0.05,0.0,0.0,0,0.0009756113541248972,0.00015705017887683389,-0.0004503723962045316,-0.3000458320312476,0.0028541921049137628
3.036,CONTACT_ACQUIRE,0.05,0.0,0.0,0,0.0009766113541248972,0.00015659270898293762,-0.0004645523946520242,-0.3000455831014914,0.0028528306475902794
3.037,CONTACT_ACQUIRE,0.05,0.0,0.0,0,0.0009776113541248971,0.00015612110426970036,-0.000478641847629573,-0.30004530619534686,0.0028509736702144084
3.0380000000000003,CONTACT_ACQUIRE,0.05,0.0,0.0,0,0.000978611354124897,0.00015563545584227362,-0.0004926396378693382,-0.30004500133102446,0.0028486221007325554
3.039,CONTACT_ACQUIRE,0.05,0.0,0.0,0,0.000979611354124897,0.00015513585591677892,-0.0005065446607109621,-0.3000446685315847,0.002845777041562068
3.04,CONTACT_ACQUIRE,0.05,0.0,0.0,0,0.0009806113541248969,0.00015462239780766505,-0.0005203558241719323,-0.30004430782492747,0.002842439767589549
3.041,CONTACT_ACQUIRE,0.05,0.0,0.0,0,0.0009816113541248968,0.00015409517591499558,-0.0005340720490164636,-0.30004391924377966,0.002838611724123393
3.0420000000000003,CONTACT_ACQUIRE,0.05,0.0,0.0,0,0.0009826113541248967,0.00015355428571166835,-0.0005476922688228981,-0.3000435028256808,0.00283429452480199
3.043,CONTACT_ACQUIRE,0.05,0.0,0.0,0,0.0009836113541248966,0.00015299982373056836,-0.0005612154300496199,-0.3000430586129674,0.0028294899494591096
3.044,CONTACT_ACQUIRE,0.05,0.0,0.0,0,0.0009846113541248965,0.00015243188755165518,-0.0005746404920994842,-0.30004258665275524,0.0028241999419478902
3.045,CONTACT_ACQUIRE,0.05,0.0,0.0,0,0.0009856113541248965,0.00015185057578898708,-0.0005879664273827569,-0.30004208699692064,0.002818426607924912
3.0460000000000003,CONTACT_ACQUIRE,0.05,0.0,0.0,0,0.0009866113541248964,0.00015125598807768268,-0.0006011922213785653,-0.30004155970207963,0.0028121722125957777
3.047,CONTACT_ACQUIRE,0.05,0.0,0.0,0,0.0009876113541248963,0.00015064822506082197,-0.0006143168726948568,-0.30004100482956564,0.002805439178423666
3.048,CONTACT_ACQUIRE,0.05,0.0,0.0,0,0.0009886113541248962,0.00015002738837628817,-0.0006273393931268649,-0.3000404224454059,0.002798230082802267
3.049,CONTACT_ACQUIRE,0.05,0.0,0.0,0,0.0009896113541248961,0.00014939358064355185,-0.000640258807714082,-0.30003981262029616,0.002790547655694517
3.0500000000000003,CONTACT_ACQUIRE,0.05,0.0,0.0,0,0.000990611354124896,0.00014874690545039872,-0.0006530741547957367,-0.30003917542957387,0.0027823947772385735
3.051,CONTACT_ACQUIRE,0.05,0.0,0.0,0,0.000991611354124896,0.0001480874673396029,-0.0006657844860647756,-0.30003851095318995,0.0027737744753223927
3.052,CONTACT_ACQUIRE,0.05,0.0,0.0,0,0.0009926113541248959,0.00014741537179554674,-0.0006783888666203491,-0.300037819275679,0.0027646899231283345
3.053,CONTACT_ACQUIRE,0.05,0.0,0.0,0,0.0009936113541248958,0.00014673072523078905,-0.0006908863750188003,-0.3000371004861284,0.0027551444366491523
3.0540000000000003,CONTACT_ACQUIRE,0.05,0.0,0.0,0,0.0009946113541248957,0.000146033634972583,-0.0007032761033231562,-0.3000363546781456,0.00274514147217676
3.055,CONTACT_ACQUIRE,0.05,0.0,0.0,0,0.0009956113541248956,0.00014532420924934537,-0.0007155571571511216,-0.30003558194982427,0.0027346846237651097
3.056,CONTACT_ACQUIRE,0.05,0.0,0.0,0,0.0009966113541248955,0.00014460255717707837,-0.0007277286557215759,-0.30003478240370907,0.0027237776206685584
3.057,CONTACT_ACQUIRE,0.05,0.0,0.0,0,0.0009976113541248955,0.00014386878874574603,-0.0007397897318995717,-0.3000339561467591,0.0027124243247570396
3.0580000000000003,CONTACT_ACQUIRE,0.05,0.0,0.0,0,0.0009986113541248954,0.000143123014805606,-0.0007517395322398367,-0.30003310329031,0.0027006287279093683
3.059,CONTACT_ACQUIRE,0.05,0.0,0.0,0,0.0009996113541248953,0.00014236534705349882,-0.0007635772170287782,-0.3000322239500349,0.002688394949386004
3.06,CONTACT_ACQUIRE,0.05,0.0,0.0,0,0.0010006113541248952,0.0001415958980190958,-0.0007753019603249911,-0.30003131824590384,0.0026757272331825606
3.061,CONTACT_ACQUIRE,0.05,0.0,0.0,0,0.0010016113541248951,0.00014081478105110732,-0.0007869129499982712,-0.3000303863021422,0.0026626299453653534
3.0620000000000003,CONTACT_ACQUIRE,0.05,0.0,0.0,0,0.001002611354124895,0.0001400221103034526,-0.0007984093877671317,-0.300029428247188,0.002649107571390267
3.063,CONTACT_ACQUIRE,0.05,0.0,0.0,0,0.001003611354124895,0.00013921800072139295,-0.0008097904892348275,-0.3000284442136478,0.002635164713406191
3.064,CONTACT_ACQUIRE,0.05,0.0,0.0,0,0.0010046113541248949,0.0001384025680276296,-0.0008210554839238853,-0.30002743433825174,0.0026208060875442924
3.065,CONTACT_ACQUIRE,0.05,0.0,0.0,0,0.0010056113541248948,0.0001375759287083678,-0.0008322036153091428,-0.300026398761807,0.0026060365211943433
3.0660000000000003,CONTACT_ACQUIRE,0.05,0.0,0.0,0,0.0010066113541248947,0.00013673819999934856,-0.000843234140849297,-0.3000253376291507,0.00259086095026933
3.067,CONTACT_ACQUIRE,0.05,0.0,0.0,0,0.0010076113541248946,0.0001358894998718497,-0.000854146332016964,-0.30002425108910136,0.0025752844164595606
3.068,CONTACT_ACQUIRE,0.05,0.0,0.0,0,0.0010086113541248945,0.00013502994701865753,-0.000864939474327252,-0.3000231392944096,0.002559312064477448
3.069,CONTACT_ACQUIRE,0.05,0.0,0.0,0,0.0010096113541248944,0.0001341596608400106,-0.0008756128673648482,-0.3000220024017075,0.0025429491392941644
3.0700000000000003,CONTACT_ACQUIRE,0.05,0.0,0.0,0,0.0010106113541248944,0.0001332787614295173,-0.0008861658248096236,-0.3000208405714574,0.0025262009833693167
3.071,CONTACT_ACQUIRE,0.05,0.0,0.0,0,0.0010116113541248943,0.00013238736956004842,-0.0008965976744607546,-0.3000196539678992,0.002509073033874808
3.072,CONTACT_ACQUIRE,0.05,0.0,0.0,0,0.0010126113541248942,0.00013148560666960643,-0.000906907758259368,-0.3000184427589974,0.0024915708199140002
3.073,CONTACT_ACQUIRE,0.05,0.0,0.0,0,0.001013611354124894,0.0001305735948471728,-0.0009170954323097076,-0.3000172071163866,0.0024736999597373232
3.074,CONTACT_ACQUIRE,0.05,0.0,0.0,0,0.001014611354124894,0.00012965145681853498,-0.0009271600668988271,-0.30001594721531644,0.002455466157955407
3.075,CONTACT_ACQUIRE,0.05,0.0,0.0,0,0.001015611354124894,0.00012871931593209425,-0.0009371010465148118,-0.30001466323459586,0.0024368752027508506
3.076,CONTACT_ACQUIRE,0.05,0.0,0.0,0,0.0010166113541248939,0.00012777729614465628,-0.0009469177698635318,-0.3000133553565361,0.0024179329630896885
3.077,CONTACT_ACQUIRE,0.05,0.0,0.0,0,0.0010176113541248938,0.00012682552200720553,-0.0009566096498839287,-0.3000120237668933,0.0023986453859336067
3.078,CONTACT_ACQUIRE,0.05,0.0,0.0,0,0.0010186113541248937,0.00012586411865066517,-0.0009661761137618402,-0.30001066865480996,0.002379018493453968
3.079,CONTACT_ACQUIRE,0.05,0.0,0.0,0,0.0010196113541248936,0.0001248932117716439,-0.0009756166029423656,-0.3000092902127563,0.0023590583802486614
3.08,CONTACT_ACQUIRE,0.05,0.0,0.0,0,0.0010206113541248935,0.00012391292761817103,-0.000984930573140774,-0.30000788863647004,0.0023387712105627833
3.081,CONTACT_ACQUIRE,0.05,0.0,0.0,0,0.0010216113541248934,0.00012292339297542153,-0.0009941174943519605,-0.3000064641248963,0.002318163215514153
3.082,CONTACT_ACQUIRE,0.05,0.0,0.0,0,0.0010226113541248933,0.0001219247351514323,-0.0010031768508584542,-0.3000050168801262,0.002297240690324635
3.083,CONTACT_ACQUIRE,0.05,0.0,0.0,0,0.0010236113541248933,0.00012091708196281109,-0.001012108141236979,-0.3000035471073354,0.0022760099915582277
3.084,CONTACT_ACQUIRE,0.05,0.0,0.0,0,0.0010246113541248932,0.00011990056172043959,-0.0010209108783635749,-0.3000020550147215,0.0022544775343668728
3.085,CONTACT_ACQUIRE,0.05,0.0,0.0,0,0.001025611354124893,0.00011887530321517224,-0.0010295845894172804,-0.3000005408134414,0.0022326497897448994
3.086,CONTACT_ACQUIRE,0.05,0.0,0.0,0,0.001026611354124893,0.00011784143570353194,-0.0010381288158823822,-0.29999900471754765,0.0022105332817930314
3.087,CONTACT_ACQUIRE,0.05,0.0,0.0,0,0.001027611354124893,0.00011679908889340428,-0.0010465431135492354,-0.29999744694392455,0.002188134584992838
3.088,CONTACT_ACQUIRE,0.05,0.0,0.0,0,0.0010286113541248928,0.00011574839292973163,-0.0010548270525136605,-0.29999586771222364,0.0021654603214925176
3.089,CONTACT_ACQUIRE,0.05,0.0,0.0,0,0.0010296113541248928,0.00011468947838020861,-0.0010629802171749179,-0.2999942672447988,0.00214251715840487
3.09,CONTACT_ACQUIRE,0.05,0.0,0.0,0,0.0010306113541248927,0.00011362247622098026,-0.0010710022062322686,-0.2999926457666408,0.002119311805118304
3.091,CONTACT_ACQUIRE,0.05,0.0,0.0,0,0.0010316113541248926,0.00011254751782234425,-0.0010788926326801246,-0.29999100350531166,0.0020958510106217133
3.092,CONTACT_ACQUIRE,0.05,0.0,0.0,0,0.0010326113541248925,0.00011146473493445889,-0.0010866511238017908,-0.2999893406908783,0.002072141560844019
3.093,CONTACT_ACQUIRE,0.05,0.0,0.0,0,0.0010336113541248924,0.00011037425967305781,-0.0010942773211618092,-0.29998765755584605,0.002048190276009192
3.094,CONTACT_ACQUIRE,0.05,0.0,0.0,0,0.0010346113541248923,0.00010927622450517322,-0.0011017708805969057,-0.2999859543350918,0.002024004008007516
3.095,CONTACT_ACQUIRE,0.05,0.0,0.0,0,0.0010356113541248923,0.00010817076223486881,-0.0011091314722055468,-0.29998423126579676,0.0019995896377838582
3.096,CONTACT_ACQUIRE,0.05,0.0,0.0,0,0.0010366113541248922,0.00010705800598898381,-0.0011163587803361113,-0.2999824885873791,0.001974954072743698
3.097,CONTACT_ACQUIRE,0.05,0.0,0.0,0,0.001037611354124892,0.00010593808920288953,-0.001123452503573683,-0.29998072654142593,0.0019501042441776256
3.098,CONTACT_ACQUIRE,0.05,0.0,0.0,0,0.001038611354124892,0.00010481114560625989,-0.0011304123547254683,-0.2999789453716258,0.0019250471047050348
3.099,CONTACT_ACQUIRE,0.05,0.0,0.0,0,0.001039611354124892,0.00010367730920885712,-0.0011372380608048469,-0.29997714532369996,0.0018997896257376932
3.1,CONTACT_ACQUIRE,0.05,0.0,0.0,0,0.0010406113541248918,0.00010253671428633414,-0.00114392936301406,-0.2999753266453345,0.0018743387949638696
3.101,CONTACT_ACQUIRE,0.05,0.0,0.0,0,0.0010416113541248917,0.00010138949536605491,-0.001150486016725541,-0.29997348958611153,0.0018487016138536794
3.102,CONTACT_ACQUIRE,0.05,0.0,0.0,0,0.0010426113541248917,0.0001002357872129342,-0.0011569077914618984,-0.29997163439744057,0.0018228850951862831
3.103,CONTACT_ACQUIRE,0.05,0.0,0.0,0,0.0010436113541248916,9.907572481529784e-05,-0.0011631944708745524,-0.2999697613324898,0.0017968962605995717
3.104,CONTACT_ACQUIRE,0.05,0.0,0.0,0,0.0010446113541248915,9.790944337076531e-05,-0.0011693458527210349,-0.2999678706461173,0.0017707421381629401
3.105,CONTACT_ACQUIRE,0.05,0.0,0.0,0,0.0010456113541248914,9.673707827215545e-05,-0.001175361748840958,-0.29996596259480196,0.001744429759973747
3.106,CONTACT_ACQUIRE,0.05,0.0,0.0,0,0.0010466113541248913,9.555876509341691e-05,-0.0011812419851306589,-0.2999640374365746,0.0017179661597780261
3.107,CONTACT_ACQUIRE,0.05,0.0,0.0,0,0.0010476113541248912,9.437463957558474e-05,-0.0011869864015165248,-0.29996209543094915,0.0016913583706160197
3.108,CONTACT_ACQUIRE,0.05,0.0,0.0,0,0.0010486113541248912,9.318483761276419e-05,-0.0011925948519270087,-0.29996013683885336,0.0016646134224930639
3.109,CONTACT_ACQUIRE,0.05,0.0,0.0,0,0.001049611354124891,9.198949523814315e-05,-0.0011980672042633397,-0.2999581619225601,0.001637738340076358
3.11,CONTACT_ACQUIRE,0.05,0.0,0.0,0,0.001050611354124891,9.07887486100346e-05,-0.0012034033403689358,-0.2999561709456184,0.0016107401404181231
3.111,CONTACT_ACQUIRE,0.05,0.0,0.0,0,0.001051611354124891,8.958273399795023e-05,-0.0012086031559975271,-0.2999541641727847,0.0015836258307056436
3.112,CONTACT_ACQUIRE,0.05,0.0,0.0,0,0.0010526113541248908,8.837158776870659e-05,-0.0012136665607799962,-0.29995214186995406,0.0015564024060386653
3.113,CONTACT_ACQUIRE,0.05,0.0,0.0,0,0.0010536113541248907,8.715544637256509e-05,-0.0012185934781899419,-0.2999501043040916,0.0015290768472346085
3.114,CONTACT_ACQUIRE,0.05,0.0,0.0,0,0.0010546113541248907,8.593444632940702e-05,-0.0012233838455079752,-0.2999480517431639,0.0015016561186620419
3.115,CONTACT_ACQUIRE,0.05,0.0,0.0,0,0.0010556113541248906,8.470872421494487e-05,-0.001228037613784755,-0.2999459844560711,0.0014741471661028447
3.116,CONTACT_ACQUIRE,0.05,0.0,0.0,0,0.0010566113541248905,8.347841664697132e-05,-0.001232554747802769,-0.29994390271257837,0.00144655691464346
3.117,CONTACT_ACQUIRE,0.05,0.0,0.0,0,0.0010576113541248904,8.224366027164708e-05,-0.001236935226036872,-0.2999418067832481,0.0014188922665956426
3.118,CONTACT_ACQUIRE,0.05,0.0,0.0,0,0.0010586113541248903,8.100459174982868e-05,-0.0012411790406135828,-0.2999396969393724,0.0013911600994470788
3.119,CONTACT_ACQUIRE,0.05,0.0,0.0,0,0.0010596113541248902,7.976134774343773e-05,-0.0012452861972691554,-0.29993757345290545,0.0013633672638422355
3.12,CONTACT_ACQUIRE,0.05,0.0,0.0,0,0.0010606113541248902,7.85140649018727e-05,-0.0012492567153064248,-0.2999354365963965,0.0013355205815937922
3.121,CONTACT_ACQUIRE,0.05,0.0,0.0,0,0.00106161135412489,7.726287984846429e-05,-0.0012530906275504425,-0.29993328664292274,0.001307626843724983
3.122,CONTACT_ACQUIRE,0.05,0.0,0.0,0,0.00106261135412489,7.600792916697603e-05,-0.0012567879803029043,-0.299931123866023,0.0012796928085431712
3.123,CONTACT_ACQUIRE,0.05,0.0,0.0,0,0.00106361135412489,7.474934938815087e-05,-0.0012603488332953816,-0.2999289485396312,0.0012517251997449486
3.124,CONTACT_ACQUIRE,0.05,0.0,0.0,0,0.0010646113541248898,7.348727697630514e-05,-0.0012637732596413652,-0.2999267609380106,0.0012237307045530536
3.125,CONTACT_ACQUIRE,0.05,0.0,0.0,0,0.0010656113541248897,7.22218483159712e-05,-0.0012670613457871271,-0.299924561335688,0.0011957159718853727
3.126,CONTACT_ACQUIRE,0.05,0.0,0.0,0,0.0010666113541248896,7.095319969858962e-05,-0.001270213191461412,-0.299922350007389,0.001167687610556286
3.1270000000000002,CONTACT_ACQUIRE,0.05,0.0,0.0,0,0.0010676113541248896,6.968146730925242e-05,-0.0012732289096239653,-0.29992012722797257,0.0011396521875105922
3.128,CONTACT_ACQUIRE,0.05,0.0,0.0,0,0.0010686113541248895,6.840678721349823e-05,-0.0012761086264129076,-0.2999178932723672,0.0011116162260902463
3.129,CONTACT_ACQUIRE,0.05,0.0,0.0,0,0.0010696113541248894,6.712929534416072e-05,-0.0012788524810909622,-0.29991564841550655,0.0010835862043341111
3.13,CONTACT_ACQUIRE,0.05,0.0,0.0,0,0.0010706113541248893,6.58491274882714e-05,-0.0012814606259905486,-0.2999133929322662,0.0010555685533109314
3.1310000000000002,CONTACT_ACQUIRE,0.05,0.0,0.0,0,0.0010716113541248892,6.45664192740178e-05,-0.001283933226457746,-0.2999111270974004,0.0010275696554857062
3.132,CONTACT_ACQUIRE,0.05,0.0,0.0,0,0.0010726113541248891,6.328130615775828e-05,-0.0012862704607951405,-0.29990885118547955,0.0009995958431196258
3.133,CONTACT_ACQUIRE,0.05,0.0,0.0,0,0.001073611354124889,6.199392341109463e-05,-0.0012884725202035629,-0.29990656547082806,0.0009716533967037391
3.134,CONTACT_ACQUIRE,0.05,0.0,0.0,0,0.001074611354124889,6.070440610800337e-05,-0.0012905396087227253,-0.29990427022746285,0.000943748543426475
3.1350000000000002,CONTACT_ACQUIRE,0.05,0.0,0.0,0,0.0010756113541248889,5.9412889112027e-05,-0.0012924719431707684,-0.2999019657290322,0.0009158874556751626
3.136,CONTACT_ACQUIRE,0.05,0.0,0.0,0,0.0010766113541248888,5.811950706352625e-05,-0.0012942697530827277,-0.2998996522487553,0.0008880762495716506
3.137,CONTACT_ACQUIRE,0.05,0.0,0.0,0,0.0010776113541248887,5.682439436699443e-05,-0.0012959332806479272,-0.29989733005936214,0.0008603209835421313
3.138,CONTACT_ACQUIRE,0.05,0.0,0.0,0,0.0010786113541248886,5.552768517843485e-05,-0.0012974627806463122,-0.2998949994330343,0.0008326276569212555
3.1390000000000002,CONTACT_ACQUIRE,0.05,0.0,0.0,0,0.0010796113541248886,5.422951339280249e-05,-0.0012988585203837291,-0.29989266064134595,0.0008050022085906108
3.14,CONTACT_ACQUIRE,0.05,0.0,0.0,0,0.0010806113541248885,5.2930012631510905e-05,-0.0013001207796261623,-0.2998903139552056,0.0007774505156516245
3.141,CONTACT_ACQUIRE,0.05,0.05,0.06010491599532425,1,0.0010802751857374256,5.1629316230005374e-05,-0.0012965746341375036,-0.29988795964479864,0.0007499783921329394
3.142,CONTACT_ACQUIRE,0.05,0.05,0.08810184361753726,1,0.0010799169339103317,5.0348393554927227e-05,-0.0012630953925095003,-0.2998856278444183,0.0007227181081193013
3.1430000000000002,CONTACT_ACQUIRE,0.05,0.05,0.11510900036900573,1,0.0010795337809474542,4.910739913949794e-05,-0.0012168022194931254,-0.2998833476357378,0.0006958072856363132
3.144,CONTACT_ACQUIRE,0.05,0.05,0.14095270688480638,1,0.0010791236183338626,4.791888077406338e-05,-0.0011582407929715476,-0.29988113727769655,0.0006693386412735671
3.145,CONTACT_ACQUIRE,0.05,0.05,0.16547064317092525,1,0.001078685033327602,4.67948012797167e-05,-0.0010880344423243567,-0.2998790142499006,0.0006433988096325805
3.146,CONTACT_ACQUIRE,0.05,0.05,0.18851267628717303,1,0.0010782172913988116,4.5746463716756785e-05,-0.0010068783660861728,-0.2998769951436063,0.0006180681369643329
3.1470000000000002,CONTACT_ACQUIRE,0.05,0.05,0.20994159105653867,1,0.0010777203147166847,4.478444255510099e-05,-0.0009155334981832695,-0.29987509556088454,0.000593420518585403
3.148,CONTACT_ACQUIRE,0.05,0.05,0.2296337211834535,1,0.0010771946569064408,4.391852113445017e-05,-0.0008148200701799702,-0.29987333002245486,0.0005695232799125636
3.149,CONTACT_ACQUIRE,0.05,0.05,0.2474794788450088,1,0.001076641474318253,4.315763569407689e-05,-0.0007056109179032933,-0.2998717118846104,0.0005464371006843493
3.15,CONTACT_ACQUIRE,0.05,0.05,0.2633837815261483,1,0.0010760624940678234,4.250982620340429e-05,-0.0005888245814277668,-0.29987025326558836,0.0005242159816761609
3.1510000000000002,CONTACT_ACQUIRE,0.05,0.05,0.2772663755406353,1,0.0010755970758201429,4.198219417539584e-05,-0.0004654182476804262,-0.29986896498166987,0.0005029072529643574
3.152,CONTACT_ACQUIRE,0.05,0.05,0.2890615827754991,1,0.0010752606951640548,4.158086757950685e-05,-0.00033638065608801443,-0.29986785649320297,0.0004825517925171741
3.153,CONTACT_ACQUIRE,0.05,0.05,0.2987181379785915,1,0.0010750579699443086,4.131097273402871e-05,-0.0002027252197462603,-0.2998669358603993,0.0004631847972505614
3.154,CONTACT_ACQUIRE,0.05,0.05,0.3061995536254516,1,0.0010749924869052536,4.1176613114176e-05,-6.54830390549316e-05,-0.2998662097088355,0.00044483610817603664
3.1550000000000002,CONTACT_ACQUIRE,0.05,0.05,0.3114840980061272,1,0.0010750667910320838,4.1180855181712854e-05,7.430412683008677e-05,-0.2998656832048343,0.00042753035343411565
3.156,CONTACT_ACQUIRE,0.05,0.05,0.3145646575330869,1,0.0010752823818607343,4.132572121761948e-05,0.00021559082865048928,-0.2998653600407277,0.00041128710093510964
3.157,CONTACT_ACQUIRE,0.05,0.05,0.31544851085347536,1,0.0010756397166503593,4.161218907382546e-05,0.0003573347896248957,-0.29986524242990964,0.00039612103159778606
3.158,CONTACT_ACQUIRE,0.05,0.05,0.31415701782594124,1,0.0010761382202716528,4.204019871747525e-05,0.0004985036212936644,-0.2998653311115271,0.0003820421316771966
3.1590000000000003,CONTACT_ACQUIRE,0.05,0.05,0.3107252268699017,1,0.001076776301625288,4.2608665401346926e-05,0.0006380813536353755,-0.29986562536460004,0.0003690559025967226
3.16,CONTACT_ACQUIRE,0.05,0.05,0.30520140462833545,1,0.001077551376367628,4.331549925597364e-05,0.0007750747423398605,-0.2998661230313069,0.00035716358663398577
3.161,CONTACT_ACQUIRE,0.05,0.05,0.297646492307056,1,0.0010784598956858154,4.4157631062919556e-05,0.0009085193181874057,-0.2998668205491194,0.00034636240675583763
3.162,CONTACT_ACQUIRE,0.05,0.05,0.2881334933928186,1,0.0010794973808315462,4.51310439347208e-05,0.0010374851457308544,-0.29986771299142323,0.00033664581885422054
3.1630000000000003,CONTACT_ACQUIRE,0.05,0.05,0.2767467978179339,1,0.001080658463092427,4.623081059538799e-05,0.0011610822608807809,-0.2998687941162133,0.0003280037746023188
3.164,CONTACT_ACQUIRE,0.05,0.05,0.26358144790773497,1,0.0010819369288519673,4.745113592622941e-05,0.001278465759540327,-0.29987005642241116,0.000320422993129023
3.165,CONTACT_ACQUIRE,0.05,0.05,0.2487423517276297,1,0.0010833257693640744,4.878540441522592e-05,0.0013888405121071797,-0.2998714912133127,0.00031388723969922835
3.166,CONTACT_ACQUIRE,0.05,0.05,0.23234344964942008,1,0.0010848172348455086,5.0226232124385654e-05,0.0014914654814340595,-0.2998730886666397,0.00030837760958773183
3.1670000000000003,CONTACT_ACQUIRE,0.05,0.05,0.21450684015240928,1,0.0010864028924702127,5.1765522768523575e-05,0.0015856576247042279,-0.2998748379106364,0.00030387281534527156
3.168,CONTACT_ACQUIRE,0.05,0.05,0.19536187099871993,1,0.0010880736878328178,5.339452748082626e-05,0.0016707953626049852,-0.2998767271056265,0.00030034947567634255
3.169,CONTACT_ACQUIRE,0.05,0.05,0.17504420203597876,1,0.0010898200094349802,5.5103907825432034e-05,0.0017463216021623882,-0.29987874353042193,0.0002977824041794962
3.17,CONTACT_ACQUIRE,0.05,0.05,0.15369484593108412,1,0.0010916317557375865,5.6883801605120936e-05,0.0018117463026062369,-0.29988087367295607,0.0002961448962415617
3.1710000000000003,CONTACT_ACQUIRE,0.05,0.05,0.13145919316635946,1,0.0010934984043142386,5.872389100308698e-05,0.001866648576652024,-0.29988310332449963,0.0002954090124272195
3.172,CONTACT_ACQUIRE,0.05,0.05,0.10848602760150426,1,0.0010954090826368348,6.061347259165814e-05,0.0019106783225962018,-0.2998854176768066,0.000295545856764152
3.173,CONTACT_ACQUIRE,0.05,0.05,0.08492653885507744,1,0.0010973526400224354,6.254152873771862e-05,0.001943557385600791,-0.29988780142153176,0.000296525848391125
3.174,CONTACT_ACQUIRE,0.05,0.05,0.060933337664611516,1,0.0010993177202719188,6.449679993443828e-05,0.0019650802494832168,-0.2998902388512587,0.0002983189851112798
3.1750000000000003,CONTACT_ACQUIRE,0.05,0.05,0.03665948024243604,1,0.0011012928345351218,6.646785759167397e-05,0.001975114263202995,-0.29989271396148015,0.0003008950974750653
3.176,CONTACT_ACQUIRE,0.05,0.05,0.012257507492931675,1,0.001103266433944152,6.844317682300266e-05,0.001973599409030274,-0.2998952105528776,0.0003042240921060187
3.177,CONTACT_ACQUIRE,0.05,0.0,0.0,0,0.001104266433944152,7.04112087756941e-05,0.0019614873769954804,-0.2998977123332578,0.00030827618307734854
3.178,CONTACT_ACQUIRE,0.05,0.0,0.0,0,0.0011052664339441518,7.23660920419363e-05,0.001948253628729795,-0.2999002111016117,0.000313049055315946
3.1790000000000003,CONTACT_ACQUIRE,0.05,0.0,0.0,0,0.0011062664339441517,7.430766527921702e-05,0.0019348676194554792,-0.2999027067994342,0.00031854835279509613
3.18,CONTACT_ACQUIRE,0.05,0.0,0.0,0,0.0011072664339441516,7.623577712926184e-05,0.0019213311562088207,-0.2999051993727956,0.00032477287245965885
3.181,CONTACT_ACQUIRE,0.05,0.0,0.0,0,0.0011082664339441516,7.815027804550118e-05,0.0019076460553281711,-0.29990768876065466,0.00033172081662756025
3.182,CONTACT_ACQUIRE,0.05,0.0,0.0,0,0.0011092664339441515,8.005102030226745e-05,0.0018938141422442875,-0.2999101748948764,0.0003393898066793153
3.1830000000000003,CONTACT_ACQUIRE,0.05,0.0,0.0,0,0.0011102664339441514,8.19378580037826e-05,0.0018798372512704266,-0.29991265770025527,0.0003477768967274027
3.184,CONTACT_ACQUIRE,0.05,0.0,0.0,0,0.0011112664339441513,8.381064709293554e-05,0.0018657172253922127,-0.299915137094544,0.0003568785872607042
3.185,CONTACT_ACQUIRE,0.05,0.0,0.0,0,0.0011122664339441512,8.566924535984932e-05,0.0018514559160573007,-0.29991761298848796,0.00036669083875932163
3.186,CONTACT_ACQUIRE,0.05,0.0,0.0,0,0.0011132664339441511,8.7513512450238e-05,0.0018370551829648561,-0.2999200852858648,0.0003772090852751739
3.1870000000000003,CONTACT_ACQUIRE,0.05,0.0,0.0,0,0.001114266433944151,8.934330987355276e-05,0.0018225168938548742,-0.29992255388352906,0.00038842824797386834
3.188,CONTACT_ACQUIRE,0.05,0.0,0.0,0,0.001115266433944151,9.115850101091735e-05,0.0018078429242973577,-0.2999250186714622,0.00040034274863343604
3.189,CONTACT_ACQUIRE,0.05,0.0,0.0,0,0.0011162664339441509,9.295895112285262e-05,0.0017930351574813768,-0.2999274795328271,0.0004129465230956116
3.19,CONTACT_ACQUIRE,0.05,0.0,0.0,0,0.0011172664339441508,9.474452735679014e-05,0.0017780954840040317,-0.29992993634402754,0.00042623303466542866
3.1910000000000003,CONTACT_ACQUIRE,0.05,0.0,0.0,0,0.0011182664339441507,9.65150987543746e-05,0.0017630258016593386,-0.29993238897477237,0.0004401952874549988
3.192,CONTACT_ACQUIRE,0.05,0.0,0.0,0,0.0011192664339441506,9.827053625855517e-05,0.001747828015227061,-0.299934837288144,0.0004548258396674281
3.193,CONTACT_ACQUIRE,0.05,0.0,0.0,0,0.0011202664339441505,0.00010001071272046571,0.0017325040362615076,-0.2999372811406715,0.0004701168168169216
3.194,CONTACT_ACQUIRE,0.05,0.0,0.0,0,0.0011212664339441505,0.0001017355029060936,0.0017170557828803169,-0.2999397203824076,0.00048605992488121497
3.1950000000000003,CONTACT_ACQUIRE,0.05,0.0,0.0,0,0.0011222664339441504,0.00010344478350273754,0.0017014851795532512,-0.29994215485701037,0.0005026464633825638
3.196,CONTACT_ACQUIRE,0.05,0.0,0.0,0,0.0011232664339441503,0.00010513843312525405,0.0016857941568910188,-0.2999445844018281,0.0005198673383936133
3.197,CONTACT_ACQUIRE,0.05,0.0,0.0,0,0.0011242664339441502,0.0001068163323220929,0.001669984651434148,-0.29994700884798875,0.0005377130754645586
3.198,CONTACT_ACQUIRE,0.05,0.0,0.0,0,0.0011252664339441501,0.0001084783635811213,0.0016540586054419298,-0.29994942802049285,0.0005561738324681004
3.1990000000000003,CONTACT_ACQUIRE,0.05,0.0,0.0,0,0.00112626643394415,0.00011012441133523728,0.001638017966681456,-0.2999518417383099,0.0005752394123587854
3.2,CONTACT_ACQUIRE,0.05,0.0,0.0,0,0.00112726643394415,0.00011175436196777195,0.0016218646882167665,-0.2999542498144784,0.000594899275843414
3.201,CONTACT_ACQUIRE,0.05,0.0,0.0,0,0.0011282664339441499,0.00011336810381768114,0.0016056007281981313,-0.2999566520562092,0.0006151425539592869
3.202,CONTACT_ACQUIRE,0.05,0.0,0.0,0,0.0011292664339441498,0.00011496552718452636,0.0015892280496514865,-0.29995904826499203,0.0006359580605571421
3.203,CONTACT_ACQUIRE,0.05,0.0,0.0,0,0.0011302664339441497,0.00011654652433324518,0.0015727486202680436,-0.29996143823670535,0.0006573343046857402
3.204,CONTACT_ACQUIRE,0.05,0.0,0.0,0,0.0011312664339441496,0.00011811098949871144,0.001556164412194094,-0.29996382176172887,0.0006792595028751205
3.205,CONTACT_ACQUIRE,0.05,0.0,0.0,0,0.0011322664339441495,0.00011965881889008531,0.0015394774018210279,-0.2999661986250591,0.0007017215913156581
3.206,CONTACT_ACQUIRE,0.05,0.0,0.0,0,0.0011332664339441495,0.00012118991069495351,0.0015226895695755881,-0.2999685686064277,0.0007247082379301213
3.207,CONTACT_ACQUIRE,0.05,0.0,0.0,0,0.0011342664339441494,0.00012270416508325987,0.0015058028997103794,-0.2999709314804225,0.0007482068543360297
3.208,CONTACT_ACQUIRE,0.05,0.0,0.0,0,0.0011352664339441493,0.00012420148421102655,0.001488819380094653,-0.2999732870166107,0.0007722046076956893
3.209,CONTACT_ACQUIRE,0.05,0.0,0.0,0,0.0011362664339441492,0.00012568177222386625,0.0014717410020053852,-0.29997563497966495,0.0007966884324513651
3.21,CONTACT_ACQUIRE,0.05,0.0,0.0,0,0.0011372664339441491,0.00012714493526028555,0.0014545697599186724,-0.2999779751294913,0.000821645041943147
3.211,CONTACT_ACQUIRE,0.05,0.0,0.0,0,0.001138266433944149,0.0001285908814547799,0.00143730765130146,-0.29998030722135965,0.0008470609399071301
3.212,CONTACT_ACQUIRE,0.05,0.0,0.0,0,0.001139266433944149,0.00013001952094072048,0.001419956676403625,-0.2999826310060359,0.0008729224318516358
3.213,CONTACT_ACQUIRE,0.05,0.0,0.0,0,0.0011402664339441489,0.00013143076585303334,0.001402518838050434,-0.2999849462299164,0.0008992156363092615
3.214,CONTACT_ACQUIRE,0.05,0.0,0.0,0,0.0011412664339441488,0.00013282453033067114,0.0013849961414353934,-0.299987252635164,0.0009259264959626433
3.215,CONTACT_ACQUIRE,0.05,0.0,0.0,0,0.0011422664339441487,0.000134200730518878,0.001367390593913513,-0.299989549959846,0.0009530407886418894
3.216,CONTACT_ACQUIRE,0.05,0.0,0.0,0,0.0011432664339441486,0.00013555928457124785,0.0013497042047950004,-0.2999918379380733,0.0009805441381917262
3.217,CONTACT_ACQUIRE,0.05,0.0,0.0,0,0.0011442664339441485,0.0001369001126515766,0.0013319389851394082,-0.29999411630014183,0.0010084220252064772
3.218,CONTACT_ACQUIRE,0.05,0.0,0.0,0,0.0011452664339441484,0.00013822313693550878,0.0013140969475502501,-0.29999638477267454,0.001036659797631073
3.219,CONTACT_ACQUIRE,0.05,0.0,0.0,0,0.0011462664339441484,0.00013952828161197908,0.001296180105970107,-0.29999864307876534,0.0010652426812263723
3.22,CONTACT_ACQUIRE,0.05,0.0,0.0,0,0.0011472664339441483,0.00014081547288444907,0.0012781904754762396,-0.30000089093812377,0.001094155789897147
3.221,CONTACT_ACQUIRE,0.05,0.0,0.0,0,0.0011482664339441482,0.00014208463897193998,0.0012601300720767304,-0.3000031280672211,0.0011233841358811666
3.222,CONTACT_ACQUIRE,0.05,0.0,0.0,0,0.0011492664339441481,0.00014333571010986178,0.0012420009125071677,-0.3000053541794373,0.0011529126397978897
3.223,CONTACT_ACQUIRE,0.05,0.0,0.0,0,0.001150266433944148,0.0001445686185506393,0.0012238050140278964,-0.30000756898520886,0.001182726140555341
3.224,CONTACT_ACQUIRE,0.05,0.0,0.0,0,0.001151266433944148,0.00014578329856413584,0.0012055443942218483,-0.30000977219217745,0.0012128094051138438
3.225,CONTACT_ACQUIRE,0.05,0.0,0.0,0,0.0011522664339441479,0.00014697968643787485,0.0011872210707929755,-0.3000119635053393,0.0012431471381053282
3.226,CONTACT_ACQUIRE,0.05,0.0,0.0,0,0.0011532664339441478,0.00014815772047706052,0.0011688370613653003,-0.30001414262719533,0.0012737239913070291
3.227,CONTACT_ACQUIRE,0.05,0.0,0.0,0,0.0011542664339441477,0.00014931734100439765,0.0011503943832826033,-0.3000163092579014,0.0013045245729684466
3.228,CONTACT_ACQUIRE,0.05,0.0,0.0,0,0.0011552664339441476,0.00015045849035971143,0.0011318950534087648,-0.30001846309541946,0.0013355334569905208
3.229,CONTACT_ACQUIRE,0.05,0.0,0.0,0,0.0011562664339441475,0.00015158111289936807,0.0011133410879287796,-0.3000206038356687,0.0013667351919560372
3.23,CONTACT_ACQUIRE,0.05,0.0,0.0,0,0.0011572664339441474,0.00015268515499549667,0.0010947345021504616,-0.3000227311726771,0.0013981143100103566
3.231,CONTACT_ACQUIRE,0.05,0.0,0.0,0,0.0011582664339441474,0.00015377056503501318,0.0010760773103068557,-0.30002484479873304,0.0014296553355916239
3.232,CONTACT_ACQUIRE,0.05,0.0,0.0,0,0.0011592664339441473,0.00015483729341844715,0.0010573715253593752,-0.30002694440453725,0.0014613427940096833
3.233,CONTACT_ACQUIRE,0.05,0.0,0.0,0,0.0011602664339441472,0.00015588529255857202,0.0010386191588016812,-0.30002902967935435,0.0014931612198729953
3.234,CONTACT_ACQUIRE,0.05,0.0,0.0,0,0.001161266433944147,0.00015691451687883953,0.0010198222204643214,-0.3000311003111646,0.0015250951653629097
3.235,CONTACT_ACQUIRE,0.05,0.0,0.0,0,0.001162266433944147,0.00015792492281161934,0.0010009827183201465,-0.3000331559868153,0.0015571292083547273
3.236,CONTACT_ACQUIRE,0.05,0.0,0.0,0,0.001163266433944147,0.00015891646879624433,0.0009821026582905186,-0.3000351963921721,0.0015892479603850352
3.237,CONTACT_ACQUIRE,0.05,0.0,0.0,0,0.0011642664339441468,0.00015988911527686255,0.0009631840440523306,-0.3000372212122699,0.001621436074464869
3.238,CONTACT_ACQUIRE,0.05,0.0,0.0,0,0.0011652664339441468,0.0001608428247000966,0.0009442288768458533,-0.30003923013146333,0.0016536782527383214
3.239,CONTACT_ACQUIRE,0.05,0.0,0.0,0,0.0011662664339441467,0.00016177756151251126,0.000925239155283424,-0.30004122283357676,0.0016859592539862716
3.24,CONTACT_ACQUIRE,0.05,0.0,0.0,0,0.0011672664339441466,0.00016269329215789035,0.000906216875158997,-0.30004319900205373,0.001718263900974979
3.241,CONTACT_ACQUIRE,0.05,0.0,0.0,0,0.0011682664339441465,0.00016358998507432342,0.0008871640292585683,-0.30004515832010575,0.0017505770876493328
3.242,CONTACT_ACQUIRE,0.05,0.0,0.0,0,0.0011692664339441464,0.00016446761069110335,0.000868082607171494,-0.3000471004708606,0.0017828837861706282
3.243,CONTACT_ACQUIRE,0.05,0.0,0.0,0,0.0011702664339441463,0.0001653261414254358,0.0008489745951027159,-0.30004902513750936,0.0018151690537987698
3.244,CONTACT_ACQUIRE,0.05,0.0,0.0,0,0.0011712664339441463,0.00016616555167896124,0.000829841975685911,-0.3000509320034534,0.0018474180396188906
3.245,CONTACT_ACQUIRE,0.05,0.0,0.0,0,0.0011722664339441462,0.0001669858178340907,0.0008106867277975813,-0.3000528207524496,0.0018796159911124084
3.246,CONTACT_ACQUIRE,0.05,0.0,0.0,0,0.001173266433944146,0.00016778691825015607,0.0007915108263720983,-0.3000546910687552,0.0019117482605726058
3.247,CONTACT_ACQUIRE,0.05,0.0,0.0,0,0.001174266433944146,0.00016856883325937577,0.0007723162422177177,-0.30005654263727144,0.0019438003113648806
3.248,CONTACT_ACQUIRE,0.05,0.0,0.0,0,0.001175266433944146,0.00016933154516263714,0.0007531049418335807,-0.3000583751436861,0.0019757577240318482
3.249,CONTACT_ACQUIRE,0.05,0.0,0.0,0,0.0011762664339441458,0.0001700750382250963,0.0007338788872277159,-0.30006018827461484,0.002007606202243554
3.25,CONTACT_ACQUIRE,0.05,0.0,0.0,0,0.0011772664339441458,0.00017079929867159626,0.0007146400357360565,-0.30006198171774146,0.002039331578593089
3.251,CONTACT_ACQUIRE,0.05,0.0,0.0,0,0.0011782664339441457,0.00017150431468190502,0.0006953903398424894,-0.30006375516195677,0.002070919820237954
3.2520000000000002,CONTACT_ACQUIRE,0.05,0.0,0.0,0,0.0011792664339441456,0.0001721900763857738,0.0006761317469999484,-0.3000655082974963,0.0021023570343875787
3.253,CONTACT_ACQUIRE,0.05,0.0,0.0,0,0.0011802664339441455,0.00017285657585781712,0.0006568661994525682,-0.3000672408160764,0.002133629473637435
3.254,CONTACT_ACQUIRE,0.05,0.0,0.0,0,0.0011812664339441454,0.00017350380711221556,0.0006375956340589118,-0.3000689524110291,0.002164723541150244
3.255,CONTACT_ACQUIRE,0.05,0.0,0.0,0,0.0011822664339441453,0.0001741317660972422,0.0006183219821162875,-0.30007064277743556,0.0021956257956848163
3.2560000000000002,CONTACT_ACQUIRE,0.05,0.0,0.0,0,0.0011832664339441452,0.00017474045068961404,0.0005990471691861669,-0.3000723116122578,0.0022263229564731227
3.257,CONTACT_ACQUIRE,0.05,0.0,0.0,0,0.0011842664339441452,0.00017532986068866932,0.0005797731149207207,-0.3000739586144687,0.002256801907946214
3.258,CONTACT_ACQUIRE,0.05,0.0,0.0,0,0.001185266433944145,0.00017589999781037188,0.0005605017328904838,-0.30007558348518115,0.0022870497043096733
3.259,CONTACT_ACQUIRE,0.05,0.0,0.0,0,0.001186266433944145,0.00017645086568114396,0.0005412349304131643,-0.30007718592777444,0.002317053573969329
3.2600000000000002,CONTACT_ACQUIRE,0.05,0.0,0.0,0,0.001187266433944145,0.0001769824698315282,0.0005219746083836099,-0.3000787656480199,0.00234680092380798
3.261,CONTACT_ACQUIRE,0.05,0.0,0.0,0,0.0011882664339441448,0.00017749481768968025,0.0005027226611049449,-0.3000803223542041,0.0023762793433139426
3.262,CONTACT_ACQUIRE,0.05,0.0,0.0,0,0.0011892664339441447,0.00017798791857469306,0.0004834809761208901,-0.3000818557572509,0.002405476608562261
3.263,CONTACT_ACQUIRE,0.05,0.0,0.0,0,0.0011902664339441447,0.00017846178368975422,0.00046425143404927997,-0.30008336557084087,0.002434380686049466
3.2640000000000002,CONTACT_ACQUIRE,0.05,0.0,0.0,0,0.0011912664339441446,0.00017891642611513725,0.00044503590841678893,-0.3000848515115298,0.0024629797363828056
3.265,CONTACT_ACQUIRE,0.05,0.0,0.0,0,0.0011922664339441445,0.00017935186080102845,0.0004258362654948795,-0.3000863132988644,0.002491262117824902
3.266,CONTACT_ACQUIRE,0.05,0.0,0.0,0,0.0011932664339441444,0.00017976810456019,0.00040665436413698527,-0.30008775065549675,0.0025192163896948358
3.267,CONTACT_ACQUIRE,0.05,0.0,0.0,0,0.0011942664339441443,0.00018016517606046117,0.0003874920556169402,-0.3000891633072962,0.0025468313156266904
3.2680000000000002,CONTACT_ACQUIRE,0.05,0.0,0.0,0,0.0011952664339441442,0.00018054309581709836,0.00036835118346866756,-0.30009055098345977,0.0025740958666866094
3.269,CONTACT_ACQUIRE,0.05,0.0,0.0,0,0.0011962664339441442,0.0001809018861849557,0.00034923358332713904,-0.3000919134166204,0.002600999224349489
3.27,CONTACT_ACQUIRE,0.05,0.0,0.0,0,0.001197266433944144,0.00018124157135050695,0.0003301410827706175,-0.30009325034295276,0.0026275307833364195
3.271,CONTACT_ACQUIRE,0.05,0.0,0.0,0,0.001198266433944144,0.0001815621773237106,0.0003110755011641935,-0.3000945615022775,0.0026536801543140497
3.2720000000000002,CONTACT_ACQUIRE,0.05,0.0,0.0,0,0.001199266433944144,0.00018186373192971886,0.00029203864950462814,-0.3000958466381629,0.002679437166457064
3.273,CONTACT_ACQUIRE,0.05,0.0,0.0,0,0.0012002664339441438,0.0001821462648004325,0.00027303233026651334,-0.300097105498025,0.00270479186987501
3.274,CONTACT_ACQUIRE,0.05,0.0,0.0,0,0.0012012664339441437,0.00018240980736590207,0.00025405833724976017,-0.30009833783322465,0.0027297345379047153
3.275,CONTACT_ACQUIRE,0.05,0.0,0.0,0,0.0012022664339441437,0.00018265439284557774,0.00023511845542842718,-0.30009954339916334,0.002754255669269586
3.2760000000000002,CONTACT_ACQUIRE,0.05,0.0,0.0,0,0.0012032664339441436,0.00018288005623940827,0.00021621446080089858,-0.3001007219553762,0.002778345990107104
3.277,CONTACT_ACQUIRE,0.05,0.0,0.0,0,0.0012042664339441435,0.00018308683431879106,0.0001973481202414238,-0.3001018732656229,0.0028019964558658426
3.278,CONTACT_ACQUIRE,0.05,0.0,0.0,0,0.0012052664339441434,0.00018327476561737436,0.00017852119135302827,-0.30010299709797644,0.0028251982530733757
3.279,CONTACT_ACQUIRE,0.05,0.0,0.0,0,0.0012062664339441433,0.00018344389042171307,0.00015973542232180618,-0.3001040932249096,0.0028479428009764735
3.2800000000000002,CONTACT_ACQUIRE,0.05,0.0,0.0,0,0.0012072664339441432,0.00018359425076177954,0.0001409925517726052,-0.30010516142337906,0.0028702217530549787
3.281,CONTACT_ACQUIRE,0.05,0.0,0.0,0,0.0012082664339441431,0.00018372589040133072,0.00012229430862611306,-0.3001062014749072,0.0028920269984108074
3.282,CONTACT_ACQUIRE,0.05,0.0,0.0,0,0.001209266433944143,0.00018383885482813314,0.00010364241195735612,-0.30010721316566163,0.00291335066303354
3.283,CONTACT_ACQUIRE,0.05,0.0,0.0,0,0.001210266433944143,0.0001839331912440471,8.503857085561919e-05,-0.30010819628653257,0.0029341851109440592
3.2840000000000003,CONTACT_ACQUIRE,0.05,0.0,0.0,0,0.001211266433944143,0.0001840089485549715,6.648448428579637e-05,-0.3001091506332076,0.002954522945217756
3.285,CONTACT_ACQUIRE,0.05,0.0,0.0,0,0.0012122664339441428,0.0001840661773606507,4.798184095118216e-05,-0.30011007600624423,0.0029743570088887955
3.286,CONTACT_ACQUIRE,0.05,0.0,0.0,0,0.0012132664339441427,0.00018410492994434493,2.9532319157711765e-05,-0.30011097221114014,0.002993680385737007
3.287,CONTACT_ACQUIRE,0.05,0.0,0.0,0,0.0012142664339441426,0.00018412526026236566,1.1137586679659906e-05,-0.3001118390584009,0.0030124864009589336
3.2880000000000003,CONTACT_ACQUIRE,0.05,0.0,0.0,0,0.0012152664339441426,0.0001841272239334774,-7.200699373193397e-06,-0.30011267636360556,0.0030307686217246185
3.289,CONTACT_ACQUIRE,0.05,0.0,0.0,0,0.0012162664339441425,0.00018411087822816735,-2.5480892686921247e-05,-0.3001134839474697,0.0030485208576217144
3.29,CONTACT_ACQUIRE,0.05,0.0,0.0,0,0.0012172664339441424,0.0001840762820577846,-4.3701357873324176e-05,-0.300114261635906,0.003065737160988523
3.291,CONTACT_ACQUIRE,0.05,0.0,0.0,0,0.0012182664339441423,0.00018402349596355,-6.1860470598312e-05,-0.3001150092600828,0.003082411827137581
3.2920000000000003,CONTACT_ACQUIRE,0.05,0.0,0.0,0,0.0012192664339441422,0.00018395258210543848,-7.995661770878513e-05,-0.3001157266564799,0.003098539394471416
3.293,CONTACT_ACQUIRE,0.05,0.0,0.0,0,0.0012202664339441421,0.0001838636042509353,-9.798819735800751e-05,-0.3001164136669422,0.003114114644492137
3.294,CONTACT_ACQUIRE,0.05,0.0,0.0,0,0.001221266433944142,0.00018375662776366758,-0.00011595361912946336,-0.3001170701387308,0.0031291326017064895
3.295,CONTACT_ACQUIRE,0.05,0.0,0.0,0,0.001222266433944142,0.00018363171959191285,-0.00013385130415919007,-0.3001176959245719,0.0031435885334280735
3.2960000000000003,CONTACT_ACQUIRE,0.05,0.0,0.0,0,0.0012232664339441419,0.0001834889482569859,-0.0001516796852565801,-0.30011829088270303,0.003157477949478375
3.297,CONTACT_ACQUIRE,0.05,0.0,0.0,0,0.0012242664339441418,0.00018332838384150566,-0.00016943720702364447,-0.30011885487691736,0.0031707966017883267
3.298,CONTACT_ACQUIRE,0.05,0.0,0.0,0,0.0012252664339441417,0.0001831500979775437,-0.0001871223259727307,-0.30011938777660513,0.003183540483902077
3.299,CONTACT_ACQUIRE,0.05,0.0,0.0,0,0.0012262664339441416,0.00018295416383465557,-0.0002047335106426888,-0.3001198894567931,0.003195705830384688
3.3000000000000003,CONTACT_ACQUIRE,0.05,0.0,0.0,0,0.0012272664339441415,0.00018274065610779687,-0.0002222692417134779,-0.3001203597981813,0.0032072891161354683
3.301,CONTACT_ACQUIRE,0.05,0.0,0.0,0,0.0012282664339441415,0.00018250965100512556,-0.00023972801211920788,-0.3001207986871778,0.0032182870556086715
3.302,CONTACT_ACQUIRE,0.05,0.0,0.0,0,0.0012292664339441414,0.0001822612262356919,-0.00025710832715960863,-0.30012120601593084,0.003228696601943283
3.303,CONTACT_ACQUIRE,0.05,0.0,0.0,0,0.0012302664339441413,0.00018199546099701775,-0.00027440870460992186,-0.3001215816823587,0.003238514946003632
3.3040000000000003,CONTACT_ACQUIRE,0.05,0.0,0.0,0,0.0012312664339441412,0.00018171243596256677,-0.0002916276748292086,-0.30012192559017725,0.0032477395153325717
3.305,CONTACT_ACQUIRE,0.05,0.0,0.0,0,0.0012322664339441411,0.00018141223326910712,-0.0003087637808670671,-0.30012223764892526,0.003256367973018964
3.306,CONTACT_ACQUIRE,0.05,0.0,0.0,0,0.001233266433944141,0.00018109493650396823,-0.0003258155785687553,-0.3001225177739872,0.00326439821648123
3.307,CONTACT_ACQUIRE,0.05,0.0,0.0,0,0.001234266433944141,0.00018076063069219324,-0.00034278163667871226,-0.3001227658866139,0.003271828376168695
3.3080000000000003,CONTACT_ACQUIRE,0.05,0.0,0.0,0,0.0012352664339441409,0.00018040940228358874,-0.0003596605369424737,-0.30012298191394104,0.0032786568141825127
3.309,CONTACT_ACQUIRE,0.05,0.0,0.0,0,0.0012362664339441408,0.00018004133913967335,-0.0003764508742069762,-0.300123165789005,0.003284882122817888
3.31,CONTACT_ACQUIRE,0.05,0.0,0.0,0,0.0012372664339441407,0.00017965653052052688,-0.0003931512565192451,-0.3001233174507567,0.003290503123029389
3.311,CONTACT_ACQUIRE,0.05,0.0,0.0,0,0.0012382664339441406,0.00017925506707154156,-0.0004097603052234616,-0.3001234368440733,0.0032955188628210745
3.3120000000000003,CONTACT_ACQUIRE,0.05,0.0,0.0,0,0.0012392664339441405,0.00017883704081007702,-0.0004262766550564043,-0.3001235239197673,0.0032999286155632203
3.313,CONTACT_ACQUIRE,0.05,0.0,0.0,0,0.0012402664339441405,0.00017840254511202068,-0.000442698954241261,-0.3001235786345941,0.0033037318782373802
3.314,CONTACT_ACQUIRE,0.05,0.0,0.0,0,0.0012412664339441404,0.00017795167469825506,-0.0004590258645798057,-0.3001236009512564,0.0033069283696115434
3.315,CONTACT_ACQUIRE,0.05,0.0,0.0,0,0.0012422664339441403,0.0001774845256210338,-0.0004752560615429385,-0.30012359083840734,0.0033095180283471454
3.3160000000000003,CONTACT_ACQUIRE,0.05,0.0,0.0,0,0.0012432664339441402,0.00017700119525026806,-0.0004913882343595826,-0.3001235482706509,0.00331150101103968
3.317,CONTACT_ACQUIRE,0.05,0.0,0.0,0,0.0012442664339441401,0.00017650178225972452,-0.0005074210861039354,-0.3001234732285405,0.0033128776901946537
3.318,CONTACT_ACQUIRE,0.05,0.0,0.0,0,0.00124526643394414,0.00017598638661313738,-0.0005233533337810714,-0.30012336569857523,0.0033136486521406295
3.319,CONTACT_ACQUIRE,0.05,0.0,0.0,0,0.00124626643394414,0.00017545510955023526,-0.0005391837084108912,-0.30012322567319416,0.0033138146948811127
3.3200000000000003,CONTACT_ACQUIRE,0.05,0.0,0.0,0,0.0012472664339441399,0.0001749080535726851,-0.0005549109551104155,-0.3001230531507686,0.0033133768258869914
3.321,CONTACT_ACQUIRE,0.05,0.0,0.0,0,0.0012482664339441398,0.00017434532242995455,-0.0005705338331744198,-0.3001228481355921,0.003312336259831275
3.322,CONTACT_ACQUIRE,0.05,0.0,0.0,0,0.0012492664339441397,0.0001737670211050947,-0.0005860511161544079,-0.3001226106378685,0.003310694416267851
3.323,CONTACT_ACQUIRE,0.05,0.0,0.0,0,0.0012502664339441396,0.00017317325580044443,-0.0006014615919359209,-0.3001223406736981,0.0033084529172559864
3.3240000000000003,CONTACT_ACQUIRE,0.05,0.0,0.0,0,0.0012512664339441395,0.00017256413392325855,-0.0006167640628141794,-0.3001220382650618,0.003305613584932267
3.325,CONTACT_ACQUIRE,0.05,0.0,0.0,0,0.0012522664339441394,0.00017193976407126085,-0.0006319573455680565,-0.3001217034398031,0.0033021784390317036
3.326,CONTACT_ACQUIRE,0.05,0.0,0.0,0,0.0012532664339441394,0.00017130025601812425,-0.0006470402715323801,-0.30012133623160847,0.003298149694359664
3.327,CONTACT_ACQUIRE,0.05,0.0,0.0,0,0.0012542664339441393,0.00017064572069887938,-0.0006620116866685613,-0.30012093667998535,0.0032935297582163737
3.3280000000000003,CONTACT_ACQUIRE,0.05,0.0,0.0,0,0.0012552664339441392,0.00016997627019525334,-0.0006768704516335488,-0.3001205048302388,0.003288321227775604
3.329,CONTACT_ACQUIRE,0.05,0.0,0.0,0,0.0012562664339441391,0.00016929201772094042,-0.0006916154418471057,-0.3001200407334459,0.0032825268874192674
3.33,CONTACT_ACQUIRE,0.05,0.0,0.0,0,0.001257266433944139,0.00016859307760680635,-0.000706245547557409,-0.3001195444464285,0.003276149706029559
3.331,CONTACT_ACQUIRE,0.05,0.0,0.0,0,0.001258266433944139,0.00016787956528602774,-0.0007207596739049698,-0.30011901603172414,0.0032691928342402895
3.332,CONTACT_ACQUIRE,0.05,0.0,0.0,0,0.0012592664339441389,0.00016715159727916855,-0.0007351567409848726,-0.30011845555755495,0.00326165960164907
3.333,CONTACT_ACQUIRE,0.05,0.0,0.0,0,0.0012602664339441388,0.00016640929117919505,-0.0007494356839073341,-0.3001178630977953,0.003253553513991968
3.334,CONTACT_ACQUIRE,0.05,0.0,0.0,0,0.0012612664339441387,0.00016565276563643115,-0.0007635954528565793,-0.30011723873193724,0.00324487825028225
3.335,CONTACT_ACQUIRE,0.05,0.0,0.0,0,0.0012622664339441386,0.0001648821403434556,-0.000777635013148035,-0.3001165825450543,0.0032356376599148263
3.336,CONTACT_ACQUIRE,0.05,0.0,0.0,0,0.0012632664339441385,0.0001640975360199429,-0.0007915533452838405,-0.30011589462776406,0.0032258357597379963
3.337,CONTACT_ACQUIRE,0.05,0.0,0.0,0,0.0012642664339441384,0.00016329907439744965,-0.0008053494450066751,-0.3001151750761885,0.00321547673109407
3.338,CONTACT_ACQUIRE,0.05,0.0,0.0,0,0.0012652664339441384,0.0001624868782041476,-0.0008190223233519014,-0.30011442399191307,0.0032045649168304328
3.339,CONTACT_ACQUIRE,0.05,0.0,0.0,0,0.0012662664339441383,0.00016166107114950576,-0.0008325710066980266,-0.3001136414819441,0.0031931048182826383
3.34,CONTACT_ACQUIRE,0.05,0.0,0.0,0,0.0012672664339441382,0.00016082177790892265,-0.0008459945368154792,-0.30011282765866465,0.0031811010922310375
3.341,CONTACT_ACQUIRE,0.05,0.0,0.0,0,0.001268266433944138,0.0001599691241083107,-0.0008592919709137043,-0.3001119826397889,0.0031685585478325056
3.342,CONTACT_ACQUIRE,0.05,0.0,0.0,0,0.001269266433944138,0.0001591032363086344,-0.0008724623816865763,-0.30011110654831485,0.0031554821435287664
3.343,CONTACT_ACQUIRE,0.05,0.0,0.0,0,0.001270266433944138,0.0001582242419904039,-0.0008855048573561298,-0.3001101995124759,0.0031418769839328276
3.344,CONTACT_ACQUIRE,0.05,0.0,0.0,0,0.0012712664339441378,0.00015733226953812556,-0.0008984185017146114,-0.30010926166569063,0.0031277483166950097
3.345,CONTACT_ACQUIRE,0.05,0.0,0.0,0,0.0012722664339441378,0.00015642744822471158,-0.0009112024341648507,-0.3001082931465113,0.0031131015293500556
3.346,CONTACT_ACQUIRE,0.05,0.0,0.0,0,0.0012732664339441377,0.0001555099081958498,-0.0009238557897589544,-0.3001072940985711,0.00309794214614675
3.347,CONTACT_ACQUIRE,0.05,0.0,0.0,0,0.0012742664339441376,0.0001545797804543358,-0.0009363777192353227,-0.3001062646705301,0.003082275824861528
3.348,CONTACT_ACQUIRE,0.05,0.0,0.0,0,0.0012752664339441375,0.00015363719684436888,-0.0009487673890539914,-0.30010520501601945,0.0030661083535974834
3.349,CONTACT_ACQUIRE,0.05,0.0,0.0,0,0.0012762664339441374,0.00015268229003581336,-0.0009610239814303002,-0.300104115293585,0.0030494456475701867
3.35,CONTACT_ACQUIRE,0.05,0.0,0.0,0,0.0012772664339441373,0.00015171519350842716,-0.0009731466943668895,-0.3001029956666289,0.0030322937458817124
3.351,CONTACT_ACQUIRE,0.05,0.0,0.0,0,0.0012782664339441373,0.00015073604153605918,-0.0009851347416840281,-0.3001018463033507,0.0030146588082842606
3.352,CONTACT_ACQUIRE,0.05,0.0,0.0,0,0.0012792664339441372,0.00014974496917081727,-0.000996987353048273,-0.30010066737668667,0.0029965471119347263
3.353,CONTACT_ACQUIRE,0.05,0.0,0.0,0,0.001280266433944137,0.00014874211222720826,-0.001008703773999465,-0.30009945906424856,0.0029779650481415727
3.354,CONTACT_ACQUIRE,0.05,0.0,0.0,0,0.001281266433944137,0.00014772760726625183,-0.001020283265976061,-0.3000982215482606,0.0029589191191053293
3.355,CONTACT_ACQUIRE,0.05,0.0,0.0,0,0.001282266433944137,0.00014670159157957,-0.0010317251063388085,-0.30009695501549594,0.0029394159346540325
3.356,CONTACT_ACQUIRE,0.05,0.0,0.0,0,0.0012832664339441368,0.00014566420317345367,-0.0010430285883927608,-0.30009565965721174,0.0029194622089749045
3.357,CONTACT_ACQUIRE,0.05,0.0,0.0,0,0.0012842664339441368,0.0001446155807529079,-0.0010541930214076408,-0.3000943356690834,0.0028990647573435397
3.358,CONTACT_ACQUIRE,0.05,0.0,0.0,0,0.0012852664339441367,0.00014355586370567793,-0.0010652177306365515,-0.3000929832511376,0.0028782304928518677
3.359,CONTACT_ACQUIRE,0.05,0.0,0.0,0,0.0012862664339441366,0.00014248519208625695,-0.001076102057333042,-0.3000916026076847,0.0028569664231361267
3.36,CONTACT_ACQUIRE,0.05,0.0,0.0,0,0.0012872664339441365,0.00014140370659987793,-0.0010868453587665268,-0.3000901939472498,0.002835279647106082
3.361,CONTACT_ACQUIRE,0.05,0.0,0.0,0,0.0012882664339441364,0.00014031154858649067,-0.0010974470082360673,-0.30008875748250324,0.002813177351676678
3.362,CONTACT_ACQUIRE,0.05,0.0,0.0,0,0.0012892664339441363,0.00013920886000472592,-0.0011079063950825147,-0.30008729343019014,0.0027906668085033257
3.363,CONTACT_ACQUIRE,0.05,0.0,0.0,0,0.0012902664339441362,0.0001380957834158483,-0.0011182229246990219,-0.30008580201105906,0.0027677553707219846
3.364,CONTACT_ACQUIRE,0.05,0.0,0.0,0,0.0012912664339441362,0.00013697246196769933,-0.001128396018539925,-0.3000842834497899,0.002744450469695202
3.365,CONTACT_ACQUIRE,0.05,0.0,0.0,0,0.001292266433944136,0.0001358390393786325,-0.0011384251141280028,-0.30008273797492097,0.0027207596117652124
3.366,CONTACT_ACQUIRE,0.05,0.0,0.0,0,0.001293266433944136,0.00013469565992144187,-0.0011483096650601137,-0.3000811658187755,0.0026966903750152483
3.367,CONTACT_ACQUIRE,0.05,0.0,0.0,0,0.001294266433944136,0.00013354246840728592,-0.0011580491410112194,-0.3000795672173871,0.002672250406040129
3.368,CONTACT_ACQUIRE,0.05,0.0,0.0,0,0.0012952664339441358,0.00013237961016960797,-0.0011676430277367963,-0.3000779424104251,0.0026474474167271973
3.369,CONTACT_ACQUIRE,0.05,0.0,0.0,0,0.0012962664339441357,0.00013120723104805525,-0.0011770908270736416,-0.3000762916411187,0.002622289181048684
3.37,CONTACT_ACQUIRE,0.05,0.0,0.0,0,0.0012972664339441357,0.0001300254773723978,-0.0011863920569390777,-0.30007461515618067,0.0025967835318665175
3.371,CONTACT_ACQUIRE,0.05,0.0,0.0,0,0.0012982664339441356,0.00012883449594644898,-0.0011955462513285613,-0.30007291320573076,0.0025709383577505983
3.372,CONTACT_ACQUIRE,0.05,0.0,0.0,0,0.0012992664339441355,0.00012763443403198923,-0.001204552960311701,-0.30007118604321825,0.002544761599811536
3.373,CONTACT_ACQUIRE,0.05,0.0,0.0,0,0.0013002664339441354,0.00012642543933269454,-0.0012134117500266907,-0.30006943392534396,0.0025182612485488325
3.374,CONTACT_ACQUIRE,0.05,0.0,0.0,0,0.0013012664339441353,0.0001252076599780714,-0.0012221222026731608,-0.3000676571119821,0.0024914453407154594
3.375,CONTACT_ACQUIRE,0.05,0.0,0.0,0,0.0013022664339441352,0.00012398124450739938,-0.0012306839165034582,-0.30006585586610124,0.0024643219561997793
3.376,CONTACT_ACQUIRE,0.05,0.0,0.0,0,0.0013032664339441352,0.00012274634185368373,-0.0012390965058123554,-0.30006403045368524,0.0024368992149257206
3.3770000000000002,CONTACT_ACQUIRE,0.05,0.0,0.0,0,0.001304266433944135,0.00012150310132761847,-0.0012473596009251985,-0.30006218114365363,0.0024091852737721147
3.378,CONTACT_ACQUIRE,0.05,0.0,0.0,0,0.001305266433944135,0.00012025167260156256,-0.0012554728481844978,-0.30006030820778146,0.0023811883235120694
3.379,CONTACT_ACQUIRE,0.05,0.0,0.0,0,0.001306266433944135,0.00011899220569353003,-0.0012634359099349692,-0.3000584119206191,0.0023529165857732407
3.38,CONTACT_ACQUIRE,0.05,0.0,0.0,0,0.0013072664339441348,0.00011772485095119589,-0.0012712484645070307,-0.30005649255941164,0.00232437831001985
3.3810000000000002,CONTACT_ACQUIRE,0.05,0.0,0.0,0,0.0013082664339441347,0.00011644975903591935,-0.001278910206198762,-0.3000545504040179,0.0022955817705572496
3.382,CONTACT_ACQUIRE,0.05,0.0,0.0,0,0.0013092664339441347,0.00011516708090678579,-0.0012864208452563332,-0.3000525857368294,0.0022665352635598732
3.383,CONTACT_ACQUIRE,0.05,0.0,0.0,0,0.0013102664339441346,0.00011387696780466912,-0.0012937801078529098,-0.3000505988426889,0.002237247104123313
3.384,CONTACT_ACQUIRE,0.05,0.0,0.0,0,0.0013112664339441345,0.00011257957123631592,-0.0013009877360660395,-0.30004859000880896,0.002207725623341317
3.3850000000000002,CONTACT_ACQUIRE,0.05,0.0,0.0,0,0.0013122664339441344,0.00011127504295845302,-0.0013080434878535293,-0.30004655952469006,0.0021779791654084352
3.386,CONTACT_ACQUIRE,0.05,0.0,0.0,0,0.0013132664339441343,0.00010996353496191995,-0.0013149471370278202,-0.300044507682039,0.00214801608474904
3.387,CONTACT_ACQUIRE,0.05,0.0,0.0,0,0.0013142664339441342,0.00010864519945582772,-0.0013216984732288646,-0.30004243477468684,0.002117844743173433
3.388,CONTACT_ACQUIRE,0.05,0.0,0.0,0,0.0013152664339441341,0.00010732018885174548,-0.0013282973018955164,-0.300040341098507,0.0020874735070617093
3.3890000000000002,CONTACT_ACQUIRE,0.05,0.0,0.0,0,0.001316266433944134,0.00010598865574791653,-0.0013347434442354397,-0.30003822695133314,0.00205691074457606
3.39,CONTACT_ACQUIRE,0.05,0.0,0.0,0,0.001317266433944134,0.00010465075291350523,-0.0013410367371935442,-0.30003609263287706,0.002026164822902148
3.391,CONTACT_ACQUIRE,0.05,0.0,0.0,0,0.001318266433944134,0.00010330663327287609,-0.0013471770334189544,-0.30003393844464676,0.0019952441055201883
3.392,CONTACT_ACQUIRE,0.05,0.0,0.0,0,0.0013192664339441338,0.00010195644988990671,-0.0013531642012305227,-0.30003176468986437,0.001964156949506342
3.3930000000000002,CONTACT_ACQUIRE,0.05,0.0,0.0,0,0.0013202664339441337,0.00010060035595233588,-0.0013589981245808907,-0.3000295716733841,0.0019329117028650086
3.394,CONTACT_ACQUIRE,0.05,0.0,0.0,0,0.0013212664339441336,9.923850475614835e-05,-0.0013646787030191102,-0.3000273597016107,0.0019015167018925905
3.395,CONTACT_ACQUIRE,0.05,0.0,0.0,0,0.0013222664339441336,9.787104968999776e-05,-0.0013702058516518302,-0.3000251290824173,0.0018699802685732785
3.396,CONTACT_ACQUIRE,0.05,0.0,0.0,0,0.0013232664339441335,9.649814421966899e-05,-0.0013755795011030597,-0.3000228801250641,0.0018383107080073866
3.3970000000000002,CONTACT_ACQUIRE,0.05,0.0,0.0,0,0.0013242664339441334,9.511994187258152e-05,-0.001380799597472512,-0.3000206131401168,0.0018065163058727592
3.398,CONTACT_ACQUIRE,0.05,0.0,0.0,0,0.0013252664339441333,9.373659622233517e-05,-0.0013858661022925437,-0.3000183284393653,0.00177460532591973
3.399,CONTACT_ACQUIRE,0.05,0.0,0.0,0,0.0013262664339441332,9.234826087329954e-05,-0.0013907789924836914,-0.30001602633574287,0.0017425860075001244
3.4,CONTACT_ACQUIRE,0.05,0.0,0.0,0,0.0013272664339441331,9.095508944524865e-05,-0.0013955382603088203,-0.3000137071432451,0.0017104665631307472
3.4010000000000002,CONTACT_ACQUIRE,0.05,0.0,0.0,0,0.001328266433944133,8.955723555804212e-05,-0.0014001439133258897,-0.30001137117684956,0.0016782551760918093
3.402,CONTACT_ACQUIRE,0.05,0.0,0.0,0,0.001329266433944133,8.815485281635423e-05,-0.0014045959743393464,-0.3000090187524355,0.0016459599980607027
3.403,CONTACT_ACQUIRE,0.05,0.0,0.0,0,0.0013302664339441329,8.674809479445239e-05,-0.0014088944813501546,-0.30000665018670386,0.0016135891467815282
3.404,CONTACT_ACQUIRE,0.05,0.0,0.0,0,0.0013312664339441328,8.533711502102606e-05,-0.001413039487504471,-0.3000042657970977,0.0015811507037707686
3.4050000000000002,CONTACT_ACQUIRE,0.05,0.0,0.0,0,0.0013322664339441327,8.392206696406786e-05,-0.0014170310610409761,-0.300001865901723,0.0015486527120594606
3.406,CONTACT_ACQUIRE,0.05,0.0,0.0,0,0.0013332664339441326,8.250310401580794e-05,-0.0014208692852368686,-0.29999945081926965,0.001516103173972225
3.407,CONTACT_ACQUIRE,0.05,0.0,0.0,0,0.0013342664339441325,8.108037947770294e-05,-0.001424554258352535,-0.29999702086893315,0.0014835100489434814
3.408,CONTACT_ACQUIRE,0.05,0.0,0.0,0,0.0013352664339441325,7.965404654548111e-05,-0.0014280860935749029,-0.29999457637033644,0.0014508812513711609
3.4090000000000003,CONTACT_ACQUIRE,0.05,0.0,0.0,0,0.0013362664339441324,7.822425829424458e-05,-0.0014314649189594863,-0.29999211764345235,0.0014182246485082177
3.41,CONTACT_ACQUIRE,0.05,0.0,0.0,0,0.0013372664339441323,7.679116766363031e-05,-0.0014346908773711362,-0.29998964500852643,0.001385548058392209
3.411,CONTACT_ACQUIRE,0.05,0.0,0.0,0,0.0013382664339441322,7.53549274430309e-05,-0.001437764126423503,-0.29998715878600024,0.0013528592478132173
3.412,CONTACT_ACQUIRE,0.05,0.0,0.0,0,0.0013392664339441321,7.391569025687661e-05,-0.0014406848384172226,-0.2999846592964353,0.0013201659303203495
3.4130000000000003,CONTACT_ACQUIRE,0.05,0.0,0.0,0,0.001340266433944132,7.247360854997981e-05,-0.001443453200276837,-0.29998214686043734,0.0012874757642670491
3.414,CONTACT_ACQUIRE,0.05,0.0,0.0,0,0.001341266433944132,7.102883457294313e-05,-0.0014460694134864564,-0.29997962179858123,0.0012547963508954304
3.415,CONTACT_ACQUIRE,0.05,0.0,0.0,0,0.0013422664339441319,6.958152036763255e-05,-0.0014485336940241774,-0.2999770844313365,0.0012221352324598232
3.416,CONTACT_ACQUIRE,0.05,0.0,0.0,0,0.0013432664339441318,6.81318177527168e-05,-0.0014508462722952645,-0.29997453507899335,0.001189499890389724
3.4170000000000003,CONTACT_ACQUIRE,0.05,0.0,0.0,0,0.0013442664339441317,6.667987830927401e-05,-0.001453007393064106,-0.29997197406158915,0.0011568977434922988
3.418,CONTACT_ACQUIRE,0.05,0.0,0.0,0,0.0013452664339441316,6.522585336646721e-05,-0.001455017315384958,-0.2999694016988359,0.0011243361461945925
3.419,CONTACT_ACQUIRE,0.05,0.0,0.0,0,0.0013462664339441315,6.376989398728953e-05,-0.0014568763125314807,-0.299966818310048,0.0010918223868255812
3.42,CONTACT_ACQUIRE,0.05,0.0,0.0,0,0.0013472664339441315,6.231215095438054e-05,-0.001458584671925085,-0.29996422421407076,0.001059363685938171
3.4210000000000003,CONTACT_ACQUIRE,0.05,0.0,0.0,0,0.0013482664339441314,6.085277475591484e-05,-0.0014601426950620958,-0.2999616197292097,0.001026967194671258
3.422,CONTACT_ACQUIRE,0.05,0.0,0.0,0,0.0013492664339441313,5.939191557156401e-05,-0.001461550697439743,-0.29995900517316026,0.0009946399931519197
3.423,CONTACT_ACQUIRE,0.05,0.0,0.0,0,0.0013502664339441312,5.792972325853325e-05,-0.0014628090084809944,-0.2999563808629386,0.0009623890889378235
3.424,CONTACT_ACQUIRE,0.05,0.0,0.0,0,0.0013512664339441311,5.6466347337673656e-05,-0.0014639179714582373,-0.2999537471148125,0.0009302214154998935
3.4250000000000003,CONTACT_ACQUIRE,0.05,0.0,0.0,0,0.001352266433944131,5.500193697967146e-05,-0.0014648779434158243,-0.2999511042442339,0.000898143830745287
3.426,CONTACT_ACQUIRE,0.05,0.0,0.0,0,0.001353266433944131,5.353664099131525e-05,-0.0014656892950914904,-0.29994845256577113,0.0008661631155807016
3.427,CONTACT_ACQUIRE,0.05,0.0,0.0,0,0.0013542664339441309,5.207060780184235e-05,-0.0014663524108366561,-0.2999457923930428,0.0008342859725160252
3.428,CONTACT_ACQUIRE,0.05,0.0,0.0,0,0.0013552664339441308,5.060398544936545e-05,-0.0014668676885356267,-0.2999431240386518,0.0008025190243083309
3.4290000000000003,CONTACT_ACQUIRE,0.05,0.0,0.0,0,0.0013562664339441307,4.913692156738055e-05,-0.0014672355395236975,-0.2999404478141206,0.0007708688126461931
3.43,CONTACT_ACQUIRE,0.05,0.0,0.0,0,0.0013572664339441306,4.766956337135742e-05,-0.0014674563885041809,-0.29993776402982686,0.0007393417968743065
3.431,CONTACT_ACQUIRE,0.05,0.0,0.0,0,0.0013582664339441305,4.620205764541345e-05,-0.0014675306734643612,-0.2999350729949402,0.0007079443527583533
3.432,CONTACT_ACQUIRE,0.05,0.0,0.0,0,0.0013592664339441304,4.473455072907219e-05,-0.0014674588455903942,-0.29993237501735975,0.0006766827712900707
3.4330000000000003,CONTACT_ACQUIRE,0.05,0.0,0.0,0,0.0013602664339441304,4.3267188504107456e-05,-0.00146724136918116,-0.2999296704036523,0.0006455632575324457
3.434,CONTACT_ACQUIRE,0.05,0.0,0.0,0,0.0013612664339441303,4.1800116381474085e-05,-0.001466878721561082,-0.2999269594589916,0.0006145919295049568
3.435,CONTACT_ACQUIRE,0.05,0.0,0.0,0,0.0013622664339441302,4.033347928832645e-05,-0.0014663713929919237,-0.2999242424870983,0.0005837748171087651
3.436,CONTACT_ACQUIRE,0.05,0.0,0.0,0,0.0013632664339441301,3.886742165512561e-05,-0.0014657198865835757,-0.2999215197901807,0.0005531178610917519
3.4370000000000003,CONTACT_ACQUIRE,0.05,0.05,0.07593295052253637,1,0.0013627579006948202,3.7402087402836215e-05,-0.0014590183276295924,-0.2999187916688768,0.0005226269120532789
3.438,CONTACT_ACQUIRE,0.05,0.05,0.1073444063516498,1,0.0013622252813989017,3.5963635885578406e-05,-0.0014154471740654598,-0.29991609571124306,0.0004924644713748962
3.439,CONTACT_ACQUIRE,0.05,0.05,0.1375391798360383,1,0.0013616656109543268,3.457597331344682e-05,-0.001357543113855111,-0.29991346641895683,0.0004627881082359028
3.44,CONTACT_ACQUIRE,0.05,0.05,0.16632666626682785,1,0.0013610767290953985,3.325310938395974e-05,-0.0012859672380596435,-0.2999109242022093,0.00043369635345956247
3.4410000000000003,CONTACT_ACQUIRE,0.05,0.05,0.1935295570245242,1,0.0013604572626465207,3.200834973451519e-05,-0.001201465488666428,-0.29990848852801233,0.00040528080793824804
3.442,CONTACT_ACQUIRE,0.05,0.05,0.2189847245623101,1,0.001359806603193556,3.0854214423893923e-05,-0.0011048619272362003,-0.2999061778011445,0.0003776259329624693
3.443,CONTACT_ACQUIRE,0.05,0.05,0.2425439963096967,1,0.0013591248804108878,2.980236333579431e-05,-0.0009970516311181114,-0.29990400925461386,0.00035080888999520734
3.444,CONTACT_ACQUIRE,0.05,0.05,0.2640748148813458,1,0.001358412931305822,2.886352884984461e-05,-0.0008789932713841504,-0.2999019988501569,0.0003248994295545184
3.4450000000000003,CONTACT_ACQUIRE,0.05,0.05,0.28346078280286313,1,0.0013576722656632504,2.8047456070911564e-05,-0.0007517014275230072,-0.299900161189213,0.00029995982856623145
3.446,CONTACT_ACQUIRE,0.05,0.05,0.3006020907110484,1,0.0013570560269688058,2.73628508521977e-05,-0.0006162386944445169,-0.2998985094347394,0.00027604487525893177
3.447,CONTACT_ACQUIRE,0.05,0.05,0.3154153075995316,1,0.001356582319252963,2.6817335774357423e-05,-0.0004737077158427554,-0.2998970552441264,0.0002532020875929265
3.448,CONTACT_ACQUIRE,0.05,0.05,0.3278332624301641,1,0.001356257075828788,2.6417413980362917e-05,-0.0003252434241750817,-0.2998958087130957,0.0002314725438318831
3.4490000000000003,CONTACT_ACQUIRE,0.05,0.05,0.3378055009013389,1,0.0013560850706926483,2.6168440824284208e-05,-0.00017200513613964166,-0.2998947783305452,0.00021089123034803383
3.45,CONTACT_ACQUIRE,0.05,0.05,0.34529831671945344,1,0.0013560699021167998,2.6074603476262324e-05,-1.516857584842339e-05,-0.2998939709445719,0.0001914871909669433
3.451,CONTACT_ACQUIRE,0.05,0.05,0.3502946508505097,1,0.0013562139841772488,2.6138908488604477e-05,0.00014408206044906014,-0.29989339173971025,0.0001732836879934286
3.452,CONTACT_ACQUIRE,0.05,0.05,0.3527938893864578,1,0.0013565185461223742,2.6363177253870335e-05,0.0003045619451255187,-0.29989304422532004,0.00015629838728198177
3.4530000000000003,CONTACT_ACQUIRE,0.05,0.05,0.35281156317247936,1,0.0013569836394408815,2.674804923684179e-05,0.0004650933185073038,-0.29989293023498687,0.00014054356569702904
3.454,CONTACT_ACQUIRE,0.05,0.05,0.3503789528847109,1,0.0013576081524425026,2.7292992816213165e-05,0.0006245130016210565,-0.29989304993673355,0.00012602633921671185
3.455,CONTACT_ACQUIRE,0.05,0.05,0.3455426037610268,1,0.0013583898321216938,2.7996323527659406e-05,0.0007816796791912624,-0.2998934018537769,0.00011274890985432782
3.456,CONTACT_ACQUIRE,0.05,0.05,0.3383637546557842,1,0.0013593253130336422,2.885522945786866e-05,0.0009354809119484649,-0.2998939828955041,0.00010070882950425744
3.457,CONTACT_ACQUIRE,0.05,0.05,0.3289176865340404,1,0.001360410152873381,2.9865803499384804e-05,0.0010848398397389884,-0.2998947883982865,8.989927876422985e-05
3.458,CONTACT_ACQUIRE,0.05,0.05,0.3172929959188783,1,0.0013616388744129317,3.1023082138892683e-05,0.0012287215395505528,-0.2998958121756926,8.030935874316674e-05
3.459,CONTACT_ACQUIRE,0.05,0.05,0.30359079915870774,1,0.0013630050134182932,3.232109041707651e-05,0.0013661390053614285,-0.2998970465776153,7.192439383356604e-05
3.46,CONTACT_ACQUIRE,0.05,0.05,0.28792387370129646,1,0.0013645011721379605,3.375289266655092e-05,0.0014961587196673032,-0.2998984825577782,6.472624340936445e-05
3.461,CONTACT_ACQUIRE,0.05,0.05,0.2704157428383166,1,0.0013661190779275753,3.531064860574591e-05,0.0016179057896148217,-0.2999001097490474,5.869362040431629e-05
3.462,CONTACT_ACQUIRE,0.05,0.05,0.2511997106014893,1,0.001367849646551434,3.698567434114144e-05,0.0017305686238585913,-0.2999019165459353,5.380241473195701e-05
3.463,CONTACT_ACQUIRE,0.05,0.05,0.23041785368170897,1,0.0013696830496809642,3.876850780799365e-05,0.0018334031295302506,-0.2999038901936498,5.0026019525939566e-05
3.464,CONTACT_ACQUIRE,0.05,0.05,0.20821997738610773,1,0.001371608786093013,4.064897816074899e-05,0.0019257364120488594,-0.2999060168830149,4.733565820863993e-05
3.465,CONTACT_ACQUIRE,0.05,0.05,0.18476254272712306,1,0.0013736157560569023,4.261627860876271e-05,0.002006969963889234,-0.2999082818505628,4.5700710436084486e-05
3.466,CONTACT_ACQUIRE,0.05,0.05,0.16020757179613743,1,0.0013756923383887328,4.465904218075665e-05,0.0020765823318304975,-0.2999106694830807,4.5089035018037794e-05
3.467,CONTACT_ACQUIRE,0.05,0.05,0.13472153857212588,1,0.0013778264696443529,4.676541989268026e-05,0.0021341312556200955,-0.29991316342587865,4.546728797305204e-05
3.468,CONTACT_ACQUIRE,0.05,0.05,0.10847425227904979,1,0.001380005724918732,4.892316078827232e-05,0.0021792552743791368,-0.2999157466940367,4.680123394891139e-05
3.469,CONTACT_ACQUIRE,0.05,0.05,0.08163774031502874,1,0.0013822173997191602,5.111969331962728e-05,0.002211674800428113,-0.2999184017858846,4.9056049318637884e-05
3.47,CONTACT_ACQUIRE,0.05,0.16999999999999998,0.054385137655763055,1,0.0013864290745195884,5.334220753640106e-05,0.002231192663505208,-0.299921110797966,5.2196615350452796e-05
3.471,CONTACT_ACQUIRE,0.05,0.16999999999999998,0.026848252759137596,1,0.0013926407493200167,5.5577736160438984e-05,0.002237687917355331,-0.2999238555387475,5.620265804199549e-05
3.472,CONTACT_ACQUIRE,0.05,0.0,0.0,0,0.001396852424120445,5.781321752686299e-05,0.0022311575176260463,-0.2999266176164558,6.11149986283759e-05
3.473,CONTACT_ACQUIRE,0.05,0.0,0.0,0,0.0013990640989208732,6.0037970853665515e-05,0.002218318924738282,-0.29992938198322155,6.699090510606403e-05
3.474,CONTACT_ACQUIRE,0.05,0.0,0.0,0,0.0014000640989208731,6.224979526156207e-05,0.0022052999885398892,-0.2999321456922496,7.385558215260201e-05
3.475,CONTACT_ACQUIRE,0.05,0.0,0.0,0,0.001401064098920873,6.444851133544444e-05,0.0021921025674422187,-0.29993490867621936,8.171350799504137e-05
3.476,CONTACT_ACQUIRE,0.05,0.0,0.0,0,0.001402064098920873,6.663394152459822e-05,0.0021787285317843657,-0.29993767085807826,9.055977949088659e-05
3.477,CONTACT_ACQUIRE,0.05,0.0,0.0,0,0.0014030640989208729,6.880591015451896e-05,0.0021651797636099298,-0.29994043215108196,0.00010038733010942139
3.478,CONTACT_ACQUIRE,0.05,0.0,0.0,0,0.0014040640989208728,7.096424343850489e-05,0.002151458156443309,-0.2999431924588637,0.00011118847333577857
3.479,CONTACT_ACQUIRE,0.05,0.0,0.0,0,0.0014050640989208727,7.310876948902563e-05,0.0021375656150655507,-0.2999459516755097,0.00012295491928136077
3.48,CONTACT_ACQUIRE,0.05,0.0,0.0,0,0.0014060640989208726,7.523931832886666e-05,0.002123504055289787,-0.2999487096856403,0.0001356777912320966
3.481,CONTACT_ACQUIRE,0.05,0.0,0.0,0,0.0014070640989208725,7.735572190204889e-05,0.002109275403736276,-0.2999514663644971,0.00014934764212945533
3.482,CONTACT_ACQUIRE,0.05,0.0,0.0,0,0.0014080640989208725,7.945781408452318e-05,0.0020948815976070704,-0.2999542215780354,0.00016395447097925482
3.483,CONTACT_ACQUIRE,0.05,0.0,0.0,0,0.0014090640989208724,8.154543069463933e-05,0.002080324584460343,-0.2999569751830225,0.0001794877391834078
3.484,CONTACT_ACQUIRE,0.05,0.0,0.0,0,0.0014100640989208723,8.36184095033892e-05,0.002065606321984385,-0.2999597270271407,0.00019593638678986288
3.485,CONTACT_ACQUIRE,0.05,0.0,0.0,0,0.0014110640989208722,8.567659024442376e-05,0.0020507287777713065,-0.29996247694909595,0.00021328884865610867
3.486,CONTACT_ACQUIRE,0.05,0.0,0.0,0,0.0014120640989208721,8.771981462384357e-05,0.0020356939290904607,-0.2999652247787313,0.00023153307052171707
3.487,CONTACT_ACQUIRE,0.05,0.0,0.0,0,0.001413064098920872,8.974792632976266e-05,0.002020503762661614,-0.2999679703371447,0.00025065652498551354
3.488,CONTACT_ACQUIRE,0.05,0.0,0.0,0,0.001414064098920872,9.176077104164545e-05,0.002005160274427887,-0.2999707134368123,0.00027064622738307156
3.489,CONTACT_ACQUIRE,0.05,0.0,0.0,0,0.0014150640989208719,9.375819643941647e-05,0.0019896654693284887,-0.29997345388171553,0.0002914887515603355
3.49,CONTACT_ACQUIRE,0.05,0.0,0.0,0,0.0014160640989208718,9.574005221234274e-05,0.001974021361071269,-0.29997619146747273,0.00031317024553928767
3.491,CONTACT_ACQUIRE,0.05,0.0,0.0,0,0.0014170640989208717,9.770619006768861e-05,0.0019582299719051086,-0.29997892598147496,0.00033567644707168005
3.492,CONTACT_ACQUIRE,0.05,0.0,0.0,0,0.0014180640989208716,9.965646373914295e-05,0.0019422933323921733,-0.299981657203026,0.0003589926990769616
3.493,CONTACT_ACQUIRE,0.05,0.0,0.0,0,0.0014190640989208715,0.00010159072899501848,0.0019262134811800558,-0.2999843849034859,0.00038310396496063655
3.494,CONTACT_ACQUIRE,0.05,0.0,0.0,0,0.0014200640989208715,0.00010350884364622326,0.0019099924647738248,-0.29998710884641844,0.00040799484380939704
3.495,CONTACT_ACQUIRE,0.05,0.0,0.0,0,0.0014210640989208714,0.00010541066755400416,0.0018936323373080065,-0.29998982878774233,0.00043364958545947884
3.496,CONTACT_ACQUIRE,0.05,0.0,0.0,0,0.0014220640989208713,0.00010729606263746229,0.0018771351603185224,-0.2999925444758854,0.00046005210543479373
3.497,CONTACT_ACQUIRE,0.05,0.0,0.0,0,0.0014230640989208712,0.00010916489288084031,0.0018605030025146032,-0.29999525565194257,0.00048718599975149595
3.498,CONTACT_ACQUIRE,0.05,0.0,0.0,0,0.0014240640989208711,0.00011101702434058175,0.0018437379395507048,-0.2999979620498364,0.0005150345595857466
3.499,CONTACT_ACQUIRE,0.05,0.0,0.0,0,0.001425064098920871,0.00011285232515216218,0.0018268420537984466,-0.3000006633964813,0.0005435807858015415
3.5,CONTACT_ACQUIRE,0.05,0.0,0.0,0,0.001426064098920871,0.00011467066553669235,0.0018098174341185955,-0.30000335941194983,0.0005728074033355669
3.501,CONTACT_ACQUIRE,0.05,0.0,0.0,0,0.0014270640989208709,0.0001164719178072934,0.0017926661756331194,-0.3000060498096424,0.0006026968754361577
3.5020000000000002,CONTACT_ACQUIRE,0.05,0.0,0.0,0,0.0014280640989208708,0.00011825595637524405,0.0017753903794973306,-0.3000087342964592,0.0006332314177535268
3.503,CONTACT_ACQUIRE,0.05,0.0,0.0,0,0.0014290640989208707,0.00012002265775590014,0.0017579921526721417,-0.3000114125729744,0.0006643930122785341
3.504,CONTACT_ACQUIRE,0.05,0.0,0.0,0,0.0014300640989208706,0.00012177190057438638,0.001740473607696459,-0.30001408433361315,0.0006961634211273726
3.505,CONTACT_ACQUIRE,0.05,0.0,0.0,0,0.0014310640989208705,0.0001235035655710606,0.0017228368624597316,-0.30001674926683003,0.0007285242001696346
3.5060000000000002,CONTACT_ACQUIRE,0.05,0.0,0.0,0,0.0014320640989208704,0.00012521753560675058,0.001705084039974681,-0.3000194070552902,0.0007614567124973276
3.507,CONTACT_ACQUIRE,0.05,0.0,0.0,0,0.0014330640989208704,0.00012691369566776396,0.0016872172681502333,-0.3000220573760521,0.0007949421417325086
3.508,CONTACT_ACQUIRE,0.05,0.0,0.0,0,0.0014340640989208703,0.0001285919328706708,0.0016692386795646732,-0.300024699900752,0.0008289615051712908
3.509,CONTACT_ACQUIRE,0.05,0.0,0.0,0,0.0014350640989208702,0.0001302521364668597,0.0016511504112390457,-0.3000273342957899,0.0008634956667620857
3.5100000000000002,CONTACT_ACQUIRE,0.05,0.0,0.0,0,0.0014360640989208701,0.00013189419784686738,0.0016329546044108242,-0.30002996022251766,0.000898525349916029
3.511,CONTACT_ACQUIRE,0.05,0.0,0.0,0,0.00143706409892087,0.00013351801054448207,0.0016146534043078669,-0.30003257733742744,0.0009340311501476366
3.512,CONTACT_ACQUIRE,0.05,0.0,0.0,0,0.00143806409892087,0.00013512347024062092,0.0015962489599226852,-0.3000351852923424,0.0009699935475438248
3.513,CONTACT_ACQUIRE,0.05,0.0,0.0,0,0.0014390640989208699,0.0001367104747669821,0.001577743423787043,-0.3000377837346081,0.0010063929190595317
3.5140000000000002,CONTACT_ACQUIRE,0.05,0.0,0.0,0,0.0014400640989208698,0.00013827892410947124,0.0015591389517469105,-0.30004037230728464,0.0010432095506382548
3.515,CONTACT_ACQUIRE,0.05,0.0,0.0,0,0.0014410640989208697,0.00013982872041140354,0.0015404377027377915,-0.3000429506493402,0.0010804236491559187
3.516,CONTACT_ACQUIRE,0.05,0.0,0.0,0,0.0014420640989208696,0.00014135976797648094,0.0015216418385604472,-0.30004551839584526,0.001118015354186572
3.517,CONTACT_ACQUIRE,0.05,0.0,0.0,0,0.0014430640989208695,0.00014287197327154548,0.0015027535236570367,-0.30004807517816695,0.001155964749588502
3.5180000000000002,CONTACT_ACQUIRE,0.05,0.0,0.0,0,0.0014440640989208694,0.00014436524492910895,0.001483774924887696,-0.3000506206241647,0.001194251874909444
3.519,CONTACT_ACQUIRE,0.05,0.0,0.0,0,0.0014450640989208694,0.0001458394937496594,0.001464708211307574,-0.30005315435838587,0.0012328567366096468
3.52,CONTACT_ACQUIRE,0.05,0.0,0.0,0,0.0014460640989208693,0.0001472946327037447,0.0014455555539443505,-0.3000556760022617,0.00127175931910164
3.521,CONTACT_ACQUIRE,0.05,0.0,0.0,0,0.0014470640989208692,0.00014873057693383425,0.0014263191255762513,-0.30005818517430377,0.0013109395956056383
3.5220000000000002,CONTACT_ACQUIRE,0.05,0.0,0.0,0,0.001448064098920869,0.0001501472437559586,0.0014070011005105864,-0.3000606814903003,0.0013503775388195912
3.523,CONTACT_ACQUIRE,0.05,0.0,0.0,0,0.001449064098920869,0.0001515445526611281,0.0013876036543628272,-0.3000631645635124,0.0013900531314029812
3.524,CONTACT_ACQUIRE,0.05,0.0,0.0,0,0.001450064098920869,0.00015292242531653083,0.0013681289638362464,-0.3000656340048707,0.0014299463762735484
3.525,CONTACT_ACQUIRE,0.05,0.0,0.0,0,0.0014510640989208688,0.00015428078556651035,0.0013485792065021378,-0.300068089423171,0.0014700373067161937
3.5260000000000002,CONTACT_ACQUIRE,0.05,0.0,0.0,0,0.0014520640989208688,0.0001556195594333243,0.0013289565605806386,-0.3000705304252705,0.0015103059963034037
3.527,CONTACT_ACQUIRE,0.05,0.0,0.0,0,0.0014530640989208687,0.00015693867511768373,0.0013092632047221726,-0.30007295661628286,0.00155073256862661
3.528,CONTACT_ACQUIRE,0.05,0.0,0.0,0,0.0014540640989208686,0.00015823806299907438,0.0012895013177895338,-0.3000753675997734,0.0015912972068379773
3.529,CONTACT_ACQUIRE,0.05,0.0,0.0,0,0.0014550640989208685,0.00015951765563586051,0.0012696730786406324,-0.3000777629779531,0.0016319801630021837
3.5300000000000002,CONTACT_ACQUIRE,0.05,0.0,0.0,0,0.0014560640989208684,0.00016077738776517153,0.001249780665911919,-0.30008014235187247,0.0016727617672578432
3.531,CONTACT_ACQUIRE,0.05,0.0,0.0,0,0.0014570640989208683,0.0001620171963025726,0.0012298262578025094,-0.3000825053216145,0.0017136224367882776
3.532,CONTACT_ACQUIRE,0.05,0.0,0.0,0,0.0014580640989208683,0.00016323702034151962,0.0012098120318590289,-0.30008485148648656,0.001754542684601437
3.533,CONTACT_ACQUIRE,0.05,0.0,0.0,0,0.0014590640989208682,0.00016443680115259957,0.0011897401647611933,-0.3000871804452114,0.0017955031281188204
3.5340000000000003,CONTACT_ACQUIRE,0.05,0.0,0.0,0,0.001460064098920868,0.00016561648218255657,0.0011696128321081482,-0.3000894917961174,0.0018364844975733356
3.535,CONTACT_ACQUIRE,0.05,0.0,0.0,0,0.001461064098920868,0.0001667760090531049,0.0011494322082055838,-0.3000917851373275,0.0018774676442160874
3.536,CONTACT_ACQUIRE,0.05,0.0,0.0,0,0.001462064098920868,0.00016791532955952939,0.0011292004658536433,-0.30009406006694683,0.0019184335483321746
3.537,CONTACT_ACQUIRE,0.05,0.0,0.0,0,0.0014630640989208678,0.00016903439366907413,0.0011089197761356465,-0.3000963161832495,0.001959363327065623
3.5380000000000003,CONTACT_ACQUIRE,0.05,0.0,0.0,0,0.0014640640989208678,0.00017013315351912045,0.0010885923082076436,-0.3000985530848635,0.0020002382420536576
3.539,CONTACT_ACQUIRE,0.05,0.0,0.0,0,0.0014650640989208677,0.00017121156341515472,0.00106822022908882,-0.3001007703709545,0.002041039706870582
3.54,CONTACT_ACQUIRE,0.05,0.0,0.0,0,0.0014660640989208676,0.00017226957982852706,0.0010478057034527678,-0.30010296764140826,0.002081749294281586
3.541,CONTACT_ACQUIRE,0.05,0.0,0.0,0,0.0014670640989208675,0.00017330716139400172,0.0010273508934196458,-0.3001051444970112,0.002122348743306885
3.5420000000000003,CONTACT_ACQUIRE,0.05,0.0,0.0,0,0.0014680640989208674,0.00017432426890710013,0.0010068579583492414,-0.3001073005396296,0.0021628199660966353
3.543,CONTACT_ACQUIRE,0.05,0.0,0.0,0,0.0014690640989208673,0.00017532086532123748,0.000986329054634956,-0.3001094353723867,0.0022031450546171434
3.544,CONTACT_ACQUIRE,0.05,0.0,0.0,0,0.0014700640989208673,0.00017629691574465366,0.0009657663354987289,-0.3001115485998387,0.002243306287148937
3.545,CONTACT_ACQUIRE,0.05,0.0,0.0,0,0.0014710640989208672,0.00017725238743713967,0.0009451719507869181,-0.3001136398281482,0.00228328613459733
3.5460000000000003,CONTACT_ACQUIRE,0.05,0.0,0.0,0,0.001472064098920867,0.0001781872498065604,0.0009245480467671563,-0.3001157086652564,0.0023230672666161704
3.547,CONTACT_ACQUIRE,0.05,0.0,0.0,0,0.001473064098920867,0.00017910147440517474,0.000903896765926197,-0.3001177547210527,0.002362632557545509
3.548,CONTACT_ACQUIRE,0.05,0.0,0.0,0,0.001474064098920867,0.00017999503492575403,0.0008832202467687695,-0.300119777607543,0.002401965092163989
3.549,CONTACT_ACQUIRE,0.05,0.0,0.0,0,0.0014750640989208668,0.00018086790719749993,0.0008625206236174593,-0.3001217769390153,0.0024410481712568047
3.5500000000000003,CONTACT_ACQUIRE,0.05,0.0,0.0,0,0.0014760640989208667,0.00018172006918176257,0.00084180002641363,-0.30012375233220373,0.00247986531700013
3.551,CONTACT_ACQUIRE,0.05,0.0,0.0,0,0.0014770640989208667,0.00018255150096756033,0.0008210605805194038,-0.30012570340644984,0.0025184002781629745
3.552,CONTACT_ACQUIRE,0.05,0.0,0.0,0,0.0014780640989208666,0.00018336218476690196,0.0008003044065207164,-0.3001276297838622,0.002556637035127461
3.553,CONTACT_ACQUIRE,0.05,0.0,0.0,0,0.0014790640989208665,0.0001841521049099124,0.0007795336200314636,-0.30012953108947343,0.002594559804728587
3.5540000000000003,CONTACT_ACQUIRE,0.05,0.0,0.0,0,0.0014800640989208664,0.00018492124783976328,0.000758750331498754,-0.3001314069513949,0.0026321530449145637
3.555,CONTACT_ACQUIRE,0.05,0.0,0.0,0,0.0014810640989208663,0.00018566960210740922,0.0007379566460092856,-0.3001332570009693,0.00266940145922887
3.556,CONTACT_ACQUIRE,0.05,0.0,0.0,0,0.0014820640989208662,0.0001863971583661311,0.0007171546630968602,-0.3001350808729205,0.0027062900011152274
3.557,CONTACT_ACQUIRE,0.05,0.0,0.0,0,0.0014830640989208662,0.00018710390936588735,0.0006963464765510528,-0.3001368782055012,0.0027428038780467224
3.5580000000000003,CONTACT_ACQUIRE,0.05,0.0,0.0,0,0.001484064098920866,0.0001877898499474746,0.0006755341742270499,-0.30013864864063805,0.0027789285554803466
3.559,CONTACT_ACQUIRE,0.05,0.0,0.0,0,0.001485064098920866,0.0001884549770364987,0.0006547198378566734,-0.300140391824074,0.0028146497606382913
3.56,CONTACT_ACQUIRE,0.05,0.0,0.0,0,0.001486064098920866,0.0001890992896371573,0.0006339055428606038,-0.3001421074055084,0.0028499534861173396
3.561,CONTACT_ACQUIRE,0.05,0.0,0.0,0,0.0014870640989208658,0.0001897227888258354,0.000613093358161819,-0.30014379503873445,0.002884825993327768
3.5620000000000003,CONTACT_ACQUIRE,0.05,0.0,0.0,0,0.0014880640989208657,0.00019032547774451488,0.000592285346000262,-0.3001454543817738,0.0029192538157631876
3.563,CONTACT_ACQUIRE,0.05,0.0,0.0,0,0.0014890640989208657,0.00019090736159399924,0.0005714835617487531,-0.3001470850970086,0.0029532237621028076
3.564,CONTACT_ACQUIRE,0.05,0.0,0.0,0,0.0014900640989208656,0.00019146844762695504,0.0005506900537301611,-0.300148686851311,0.0029867229191476263
3.565,CONTACT_ACQUIRE,0.05,0.0,0.0,0,0.0014910640989208655,0.00019200874514077102,0.0005299068630358466,-0.30015025931616973,0.0030197386545921
3.5660000000000003,CONTACT_ACQUIRE,0.05,0.0,0.0,0,0.0014920640989208654,0.0001925282654702364,0.0005091360233453928,-0.3001518021678139,0.003052258619632873
3.567,CONTACT_ACQUIRE,0.05,0.0,0.0,0,0.0014930640989208653,0.00019302702198003936,0.0004883795607476365,-0.3001533150873343,0.00308427075141618
3.568,CONTACT_ACQUIRE,0.05,0.0,0.0,0,0.0014940640989208652,0.0001935050300570876,0.00046763949356301473,-0.30015479776080145,0.003115763275325566
3.569,CONTACT_ACQUIRE,0.05,0.0,0.0,0,0.0014950640989208651,0.00019396230710265147,0.0004469178321672379,-0.3001562498793814,0.003146724707111602
3.5700000000000003,CONTACT_ACQUIRE,0.05,0.0,0.0,0,0.001496064098920865,0.00019439887252433165,0.00042621657881630574,-0.300157671139448,0.0031771438548653078
3.571,CONTACT_ACQUIRE,0.05,0.0,0.0,0,0.001497064098920865,0.00019481474772785267,0.00040553772747287694,-0.300159061242693,0.0032070098208370097
3.572,CONTACT_ACQUIRE,0.05,0.0,0.0,0,0.001498064098920865,0.00019520995610868312,0.00038488326363400724,-0.30016041989623266,0.003236312003102399
3.573,CONTACT_ACQUIRE,0.05,0.0,0.0,0,0.0014990640989208648,0.00019558452304348464,0.00036425516416026726,-0.3001617468127119,0.0032650400970775846
3.5740000000000003,CONTACT_ACQUIRE,0.05,0.0,0.0,0,0.0015000640989208647,0.0001959384758813905,0.0003436553971062542,-0.30016304171040525,0.003293184096884948
3.575,CONTACT_ACQUIRE,0.05,0.0,0.0,0,0.0015010640989208646,0.00019627184393511548,0.0003230859215525085,-0.30016430431331514,0.00332073429657165
3.576,CONTACT_ACQUIRE,0.05,0.0,0.0,0,0.0015020640989208646,0.0001965846584718984,0.00030254868743884904,-0.3001655343512669,0.0033476812911826413
3.577,CONTACT_ACQUIRE,0.05,0.0,0.0,0,0.0015030640989208645,0.0001968769527042786,0.00028204563539913833,-0.3001667315600012,0.0033740159776900736
3.5780000000000003,CONTACT_ACQUIRE,0.05,0.0,0.0,0,0.0015040640989208644,0.000197148761780708,0.0002615786965974894,-0.300167895681263,0.003399729555781008
3.579,CONTACT_ACQUIRE,0.05,0.0,0.0,0,0.0015050640989208643,0.00019740012277600006,0.00024114979256592675,-0.3001690264628884,0.0034248135285053606
3.58,CONTACT_ACQUIRE,0.05,0.0,0.0,0,0.0015060640989208642,0.00019763107468161715,0.0002207608350435131,-0.3001701236588874,0.003449259702786024
3.581,CONTACT_ACQUIRE,0.05,0.0,0.0,0,0.0015070640989208641,0.0001978416583957977,0.00020041372581695204,-0.30017118702952467,0.0034730601897931296
3.5820000000000003,CONTACT_ACQUIRE,0.05,0.0,0.0,0,0.001508064098920864,0.00019803191671352485,0.00018011035656267967,-0.3001722163413967,0.0034962074051844427
3.583,CONTACT_ACQUIRE,0.05,0.0,0.0,0,0.001509064098920864,0.00019820189431633776,0.0001598526086904547,-0.3001732113675062,0.003518694069213887
3.584,CONTACT_ACQUIRE,0.05,0.0,0.0,0,0.0015100640989208639,0.00019835163776198747,0.00013964235318845867,-0.3001741718873337,0.003540513206710202
3.585,CONTACT_ACQUIRE,0.05,0.0,0.0,0,0.0015110640989208638,0.00019848119547393836,0.00011948145046991693,-0.30017509768690576,0.003561658146927793
3.586,CONTACT_ACQUIRE,0.05,0.0,0.0,0,0.0015120640989208637,0.0001985906177307173,9.93717502212505e-05,-0.3001759885588604,0.003582122523271783
3.587,CONTACT_ACQUIRE,0.05,0.0,0.0,0,0.0015130640989208636,0.00019867995665511146,7.931509125176943e-05,-0.3001768443025097,0.0036019002728993536
3.588,CONTACT_ACQUIRE,0.05,0.0,0.0,0,0.0015140640989208635,0.00019874926620321671,5.9313301344917694e-05,-0.300177664723899,0.003620985636199423
3.589,CONTACT_ACQUIRE,0.05,0.0,0.0,0,0.0015150640989208635,0.00019879860215333802,3.936819711107957e-05,-0.30017844963586376,0.003639373156152759
3.59,CONTACT_ACQUIRE,0.05,0.0,0.0,0,0.0015160640989208634,0.0001988280220947435,1.9481583841957102e-05,-0.3001791988580827,0.0036570576775746
3.591,CONTACT_ACQUIRE,0.05,0.0,0.0,0,0.0015170640989208633,0.00019883758541627356,-3.447446334715338e-07,-0.3001799122171287,0.003674034346241899
3.592,CONTACT_ACQUIRE,0.05,0.0,0.0,0,0.0015180640989208632,0.00019882735329480674,-2.0109006091403644e-05,-0.3001805895465161,0.003690298607907294
3.593,CONTACT_ACQUIRE,0.05,0.0,0.0,0,0.0015190640989208631,0.00019879738868358406,-3.9809430054064216e-05,-0.3001812306867456,0.0037058462072019115
3.594,CONTACT_ACQUIRE,0.05,0.0,0.0,0,0.001520064098920863,0.00019874775630039326,-5.944425792894988e-05,-0.300181835485346,0.003720673186429146
3.595,CONTACT_ACQUIRE,0.05,0.0,0.0,0,0.001521064098920863,0.00019867852261561448,-7.901174314645569e-05,-0.30018240379691274,0.0037347758842515215
3.596,CONTACT_ACQUIRE,0.05,0.0,0.0,0,0.0015220640989208629,0.00019858975584012933,-9.851015129587618e-05,-0.3001829354831442,0.0037481509342727898
3.597,CONTACT_ACQUIRE,0.05,0.0,0.0,0,0.0015230640989208628,0.00019848152591309457,-0.00011793776025977223,-0.3001834304128744,0.0037607952635173854
3.598,CONTACT_ACQUIRE,0.05,0.0,0.0,0,0.0015240640989208627,0.00019835390448958242,-0.0001372928603466955,-0.3001838884621033,0.0037727060908093937
3.599,CONTACT_ACQUIRE,0.05,0.0,0.0,0,0.0015250640989208626,0.0001982069649280889,-0.00015657375442226247,-0.30018430951402414,0.0037838809250531624
3.6,CONTACT_ACQUIRE,0.05,0.0,0.0,0,0.0015260640989208625,0.00019804078227791185,-0.00017577875803856993,-0.30018469345904764,0.0037943175634177232
3.601,CONTACT_ACQUIRE,0.05,0.0,0.0,0,0.0015270640989208625,0.00019785543326640047,-0.0001949061995619447,-0.30018504019482384,0.0038040140894271463
3.602,CONTACT_ACQUIRE,0.05,0.0,0.0,0,0.0015280640989208624,0.00019765099628607792,-0.0002139544202990197,-0.30018534962626076,0.00381296887095899
3.603,CONTACT_ACQUIRE,0.05,0.0,0.0,0,0.0015290640989208623,0.0001974275513816387,-0.00023292177462112915,-0.30018562166554047,0.003821180558152998
3.604,CONTACT_ACQUIRE,0.05,0.0,0.0,0,0.0015300640989208622,0.0001971851802368224,-0.00025180663008701607,-0.30018585623213234,0.0038286480812321786
3.605,CONTACT_ACQUIRE,0.05,0.0,0.0,0,0.0015310640989208621,0.0001969239661611657,-0.00027060736756384483,-0.3001860532528035,0.0038353706482384124
3.606,CONTACT_ACQUIRE,0.05,0.0,0.0,0,0.001532064098920862,0.00019664399407663406,-0.00028932238134651205,-0.3001862126616266,0.0038413477426847455
3.607,CONTACT_ACQUIRE,0.05,0.0,0.0,0,0.001533064098920862,0.0001963453505041352,-0.00030795007927524954,-0.30018633439998493,0.0038465791211264827
3.608,CONTACT_ACQUIRE,0.05,0.0,0.0,0,0.0015340640989208619,0.00019602812354991547,-0.00032648888285151287,-0.30018641841657473,0.00385106481065324
3.609,CONTACT_ACQUIRE,0.05,0.0,0.0,0,0.0015350640989208618,0.0001956924028918416,-0.00034493722735214917,-0.30018646466740495,0.0038548051063040717
3.61,CONTACT_ACQUIRE,0.05,0.0,0.0,0,0.0015360640989208617,0.00019533827976556882,-0.00036329356194183854,-0.30018647311579444,0.003857800568407807
3.611,CONTACT_ACQUIRE,0.05,0.0,0.0,0,0.0015370640989208616,0.00019496584695059753,-0.00038155634978380285,-0.30018644373236636,0.0038600520198507093
3.612,CONTACT_ACQUIRE,0.05,0.0,0.0,0,0.0015380640989208615,0.00019457519875622025,-0.00039972406814877705,-0.30018637649504015,0.003861560543273573
3.613,CONTACT_ACQUIRE,0.05,0.0,0.0,0,0.0015390640989208614,0.00019416643100736016,-0.0004177952085222368,-0.30018627138902093,0.0038623274782003713
3.614,CONTACT_ACQUIRE,0.05,0.0,0.0,0,0.0015400640989208614,0.0001937396410303036,-0.0004357682767098778,-0.30018612840678627,0.0038623544181005426
3.615,CONTACT_ACQUIRE,0.05,0.0,0.0,0,0.0015410640989208613,0.00019329492763832788,-0.00045364179294134135,-0.30018594754807065,0.0038616432073870157
3.616,CONTACT_ACQUIRE,0.05,0.0,0.0,0,0.0015420640989208612,0.00019283239111722605,-0.000471414291972182,-0.3001857288198474,0.003860195938352048
3.617,CONTACT_ACQUIRE,0.05,0.0,0.0,0,0.0015430640989208611,0.00019235213321073082,-0.0004890843231840717,-0.3001854722363081,0.0038580149480429535
3.618,CONTACT_ACQUIRE,0.05,0.0,0.0,0,0.001544064098920861,0.00019185425710583915,-0.0005066504506832367,-0.30018517781883963,0.0038551028150797836
3.619,CONTACT_ACQUIRE,0.05,0.0,0.0,0,0.001545064098920861,0.0001913388674180391,-0.000524111253397123,-0.30018484559599906,0.0038514623564170057
3.62,CONTACT_ACQUIRE,0.05,0.0,0.0,0,0.0015460640989208609,0.0001908060701764411,-0.0005414653251692857,-0.30018447560348577,0.0038470966240512277
3.621,CONTACT_ACQUIRE,0.05,0.0,0.0,0,0.0015470640989208608,0.00019025597280881504,-0.0005587112748524989,-0.3001840678841118,0.003842008901676998
3.622,CONTACT_ACQUIRE,0.05,0.0,0.0,0,0.0015480640989208607,0.00018968868412653535,-0.0005758477264000822,-0.3001836224877693,0.003836202701292683
3.623,CONTACT_ACQUIRE,0.05,0.0,0.0,0,0.0015490640989208606,0.00018910431430943546,-0.0005928733189554407,-0.30018313947139647,0.0038296817597584516
3.624,CONTACT_ACQUIRE,0.05,0.0,0.0,0,0.0015500640989208605,0.0001885029748905737,-0.0006097867069398139,-0.30018261889894055,0.0038224500353083355
3.625,CONTACT_ACQUIRE,0.05,0.0,0.0,0,0.0015510640989208604,0.00018788477874091242,-0.0006265865601382332,-0.30018206084131926,0.003814511704018351
3.626,CONTACT_ACQUIRE,0.05,0.0,0.0,0,0.0015520640989208604,0.00018724984005391183,-0.0006432715637836806,-0.3001814653763798,0.0038058711562326555
3.6270000000000002,CONTACT_ACQUIRE,0.05,0.0,0.0,0,0.0015530640989208603,0.0001865982743300408,-0.0006598404186394513,-0.30018083258885564,0.0037965329929496613
3.628,CONTACT_ACQUIRE,0.05,0.0,0.0,0,0.0015540640989208602,0.00018593019836120615,-0.0006762918410797126,-0.30018016257032154,0.0037865020221700767
3.629,CONTACT_ACQUIRE,0.05,0.0,0.0,0,0.00155506409892086,0.00018524573021510218,-0.00069262456316826,-0.3001794554191464,0.003775783255208762
3.63,CONTACT_ACQUIRE,0.05,0.0,0.0,0,0.00155606409892086,0.00018454498921948242,-0.0007088373327354674,-0.30017871124044404,0.0037643819029723217
3.6310000000000002,CONTACT_ACQUIRE,0.05,0.0,0.0,0,0.00155706409892086,0.0001838280959463554,-0.0007249289134534279,-0.300177930146022,0.0037523033722043062
3.632,CONTACT_ACQUIRE,0.05,0.0,0.0,0,0.0015580640989208598,0.00018309517219610604,-0.0007408980849092872,-0.3001771122543288,0.003739553261699914
3.633,CONTACT_ACQUIRE,0.05,0.0,0.0,0,0.0015590640989208598,0.00018234634098154468,-0.0007567436426767628,-0.3001762576903988,0.003726137358492022
3.634,CONTACT_ACQUIRE,0.05,0.0,0.0,0,0.0015600640989208597,0.00018158172651188559,-0.0007724643983858519,-0.30017536658579547,0.003712061634010391
3.6350000000000002,CONTACT_ACQUIRE,0.05,0.0,0.0,0,0.0015610640989208596,0.0001808014541766565,-0.0007880591797907253,-0.3001744390785529,0.003697332240215878
3.636,CONTACT_ACQUIRE,0.05,0.0,0.0,0,0.0015620640989208595,0.00018000565052954135,-0.0008035268308358046,-0.3001734753131154,0.003681955505711427
3.637,CONTACT_ACQUIRE,0.05,0.0,0.0,0,0.0015630640989208594,0.00017919444327215757,-0.0008188662117200248,-0.30017247544027553,0.0036659379318316494
3.638,CONTACT_ACQUIRE,0.05,0.0,0.0,0,0.0015640640989208593,0.00017836796123777037,-0.0008340761989592792,-0.3001714396171102,0.0036492861887127315
3.6390000000000002,CONTACT_ACQUIRE,0.05,0.0,0.0,0,0.0015650640989208593,0.00017752633437494525,-0.0008491556854470471,-0.3001703680069153,0.003632007111344431
3.64,CONTACT_ACQUIRE,0.05,0.0,0.0,0,0.0015660640989208592,0.00017666969373114085,-0.0008641035805132038,-0.30016926077913886,0.0036141076956058764
3.641,CONTACT_ACQUIRE,0.05,0.0,0.0,0,0.001567064098920859,0.00017579817143624388,-0.0008789188099810128,-0.30016811810931204,0.0035955950942868835
3.642,CONTACT_ACQUIRE,0.05,0.0,0.0,0,0.001568064098920859,0.00017491190068604808,-0.0008936003162223002,-0.30016694017897944,0.003576476613096458
3.6430000000000002,CONTACT_ACQUIRE,0.05,0.0,0.0,0,0.001569064098920859,0.00017401101572567875,-0.0009081470582108113,-0.300165727175627,0.0035567597066601766
3.644,CONTACT_ACQUIRE,0.05,0.0,0.0,0,0.0015700640989208588,0.00017309565183296495,-0.0009225580115737495,-0.3001644792926093,0.0035364519745080467
3.645,CONTACT_ACQUIRE,0.05,0.0,0.0,0,0.0015710640989208588,0.00017216594530176097,-0.0009368321686415,-0.30016319672907477,0.0035155611570545225
3.646,CONTACT_ACQUIRE,0.05,0.0,0.0,0,0.0015720640989208587,0.00017122203342521914,-0.0009509685384955358,-0.30016187968988983,0.003494095131572233
3.6470000000000002,CONTACT_ACQUIRE,0.05,0.0,0.0,0,0.0015730640989208586,0.00017026405447901548,-0.0009649661470145092,-0.3001605283855617,0.0034720619081610314
3.648,CONTACT_ACQUIRE,0.05,0.0,0.0,0,0.0015740640989208585,0.0001692921477045302,-0.0009788240369185306,-0.3001591430321598,0.0034494696257139157
3.649,CONTACT_ACQUIRE,0.05,0.0,0.0,0,0.0015750640989208584,0.00016830645329198496,-0.0009925412678116322,-0.30015772385123596,0.0034263265478813526
3.65,CONTACT_ACQUIRE,0.05,0.0,0.0,0,0.0015760640989208583,0.00016730711236353837,-0.001006116916222423,-0.30015627106974335,0.0034026410590355365
3.6510000000000002,CONTACT_ACQUIRE,0.05,0.0,0.0,0,0.0015770640989208583,0.00016629426695634192,-0.0010195500756429326,-0.30015478491995423,0.0033784216602360667
3.652,CONTACT_ACQUIRE,0.05,0.0,0.0,0,0.0015780640989208582,0.00016526806000555783,-0.0010328398565656474,-0.30015326563937667,0.0033536769651985165
3.653,CONTACT_ACQUIRE,0.05,0.0,0.0,0,0.001579064098920858,0.00016422863532734085,-0.001045985386518742,-0.30015171347067,0.0033284156962673436
3.654,CONTACT_ACQUIRE,0.05,0.0,0.0,0,0.001580064098920858,0.00016317613760178572,-0.0010589858100995058,-0.3001501286615592,0.0033026466803945773
3.6550000000000002,CONTACT_ACQUIRE,0.05,0.0,0.0,0,0.001581064098920858,0.00016211071235584204,-0.0010718402890059686,-0.30014851146474864,0.003276378845125673
3.656,CONTACT_ACQUIRE,0.05,0.0,0.0,0,0.0015820640989208578,0.0001610325059461986,-0.001084548002066727,-0.30014686213783415,0.003249621214593926
3.657,CONTACT_ACQUIRE,0.05,0.0,0.0,0,0.0015830640989208577,0.00015994166554213844,-0.0010971081452689762,-0.30014518094321474,0.0032223829055248016
3.658,CONTACT_ACQUIRE,0.05,0.0,0.0,0,0.0015840640989208577,0.00015883833910836719,-0.001109519931784746,-0.30014346814800313,0.003194673123251517
3.6590000000000003,CONTACT_ACQUIRE,0.05,0.0,0.0,0,0.0015850640989208576,0.0001577226753878157,-0.0011217825919953481,-0.3001417240239355,0.0031665011577431787
3.66,CONTACT_ACQUIRE,0.05,0.0,0.0,0,0.0015860640989208575,0.0001565948238844194,-0.0011338953735140365,-0.30013994884728046,0.003137876379646782
3.661,CONTACT_ACQUIRE,0.05,0.0,0.0,0,0.0015870640989208574,0.00015545493484587573,-0.0011458575412068824,-0.30013814289874696,0.003108808236344329
3.662,CONTACT_ACQUIRE,0.05,0.0,0.0,0,0.0015880640989208573,0.0001543031592463816,-0.0011576683772118697,-0.3001363064633918,0.003079306248026296
3.6630000000000003,CONTACT_ACQUIRE,0.05,0.0,0.0,0,0.0015890640989208572,0.0001531396487693527,-0.0011693271809562148,-0.30013443983052623,0.0030493800037826916
3.664,CONTACT_ACQUIRE,0.05,0.0,0.0,0,0.0015900640989208572,0.00015196455579012628,-0.0011808332691719118,-0.30013254329362193,0.003019039157712887
3.665,CONTACT_ACQUIRE,0.05,0.0,0.0,0,0.001591064098920857,0.0001507780333586495,-0.00119218597590951,-0.3001306171502163,0.002988293425055388
3.666,CONTACT_ACQUIRE,0.05,0.0,0.0,0,0.001592064098920857,0.00014958023518215447,-0.0012033846525501264,-0.3001286617018171,0.0029571525783387057
3.6670000000000003,CONTACT_ACQUIRE,0.05,0.0,0.0,0,0.001593064098920857,0.0001483713156078227,-0.001214428667815698,-0.300126677253807,0.002925626443554448
3.668,CONTACT_ACQUIRE,0.05,0.0,0.0,0,0.0015940640989208568,0.0001471514296054397,-0.0012253174077774777,-0.30012466411534666,0.0028937248963537185
3.669,CONTACT_ACQUIRE,0.05,0.0,0.0,0,0.0015950640989208567,0.0001459207327500421,-0.00123605027586278,-0.30012262259927835,0.0028614578582679176
3.67,CONTACT_ACQUIRE,0.05,0.0,0.0,0,0.0015960640989208567,0.00014467938120455915,-0.0012466266928599795,-0.3001205530220284,0.0028288352929549923
3.6710000000000003,CONTACT_ACQUIRE,0.05,0.0,0.0,0,0.0015970640989208566,0.00014342753170244965,-0.0012570460969217683,-0.3001184557035096,0.0027958672024721576
3.672,CONTACT_ACQUIRE,0.05,0.0,0.0,0,0.0015980640989208565,0.00014216534153033695,-0.0012673079435666771,-0.300116330967023,0.002762563623576098
3.673,CONTACT_ACQUIRE,0.05,0.0,0.0,0,0.0015990640989208564,0.0001408929685106429,-0.001277411705678865,-0.3001141791391597,0.0027289346240516373
3.674,CONTACT_ACQUIRE,0.05,0.0,0.0,0,0.0016000640989208563,0.00013961057098422312,-0.0012873568735061842,-0.30011200054970194,0.002694990299069816
3.6750000000000003,CONTACT_ACQUIRE,0.05,0.0,0.0,0,0.0016010640989208562,0.00013831830779300502,-0.0012971429546565242,-0.3001097955315241,0.002660740767576332
3.676,CONTACT_ACQUIRE,0.05,0.0,0.0,0,0.0016020640989208561,0.0001370163382626302,-0.0013067694740924423,-0.30010756442049363,0.0026261961687112354
3.677,CONTACT_ACQUIRE,0.05,0.0,0.0,0,0.001603064098920856,0.0001357048221851033,-0.0013162359741240854,-0.3001053075553714,0.0025913666582607748
3.678,CONTACT_ACQUIRE,0.05,0.0,0.0,0,0.001604064098920856,0.00013438391980144862,-0.0013255420144004093,-0.3001030252777123,0.0025562624051422515
3.6790000000000003,CONTACT_ACQUIRE,0.05,0.0,0.0,0,0.001605064098920856,0.00013305379178437635,-0.0013346871718987023,-0.3001007179317655,0.002520893587922719
3.68,CONTACT_ACQUIRE,0.05,0.0,0.0,0,0.0016060640989208558,0.00013171459922096024,-0.0013436710409124193,-0.3000983858643745,0.0024852703913723537
3.681,CONTACT_ACQUIRE,0.05,0.0,0.0,0,0.0016070640989208557,0.0001303665035953282,-0.0013524932330373318,-0.30009602942487734,0.0024494030030532726
3.682,CONTACT_ACQUIRE,0.05,0.0,0.0,0,0.0016080640989208556,0.0001290096667713676,-0.0013611533771560019,-0.30009364896500684,0.0024133016099445724
3.6830000000000003,CONTACT_ACQUIRE,0.05,0.0,0.0,0,0.0016090640989208556,0.000127644250975447,-0.0013696511194205862,-0.3000912448387904,0.0023769763951043436
3.684,CONTACT_ACQUIRE,0.05,0.0,0.0,0,0.0016100640989208555,0.00012627041877915572,-0.0013779861232339774,-0.3000888174024504,0.002340437534369365
3.685,CONTACT_ACQUIRE,0.05,0.0,0.0,0,0.0016110640989208554,0.00012488833308206337,-0.0013861580692292891,-0.3000863670143043,0.0023036951930931857
3.686,CONTACT_ACQUIRE,0.05,0.0,0.0,0,0.0016120640989208553,0.00012349815709450046,-0.0013941666552476932,-0.300083894034665,0.002266759522923271
3.6870000000000003,CONTACT_ACQUIRE,0.05,0.0,0.0,0,0.0016130640989208552,0.00012210005432036213,-0.0014020115963146145,-0.30008139882574125,0.0022296406586178583
3.688,CONTACT_ACQUIRE,0.05,0.0,0.0,0,0.0016140640989208551,0.00012069418853993656,-0.0014096926246142934,-0.3000788817515383,0.00219234871490316
3.689,CONTACT_ACQUIRE,0.05,0.0,0.0,0,0.001615064098920855,0.00011928072379275945,-0.0014172094894627208,-0.3000763431777587,0.0021548937833715076
3.69,CONTACT_ACQUIRE,0.05,0.0,0.0,0,0.001616064098920855,0.00011785982436049652,-0.0014245619572789562,-0.3000737834717034,0.002117285929421035
3.6910000000000003,CONTACT_ACQUIRE,0.05,0.0,0.0,0,0.0016170640989208549,0.00011643165474985546,-0.0014317498115548344,-0.3000712030021729,0.002079535189237448
3.692,CONTACT_ACQUIRE,0.05,0.0,0.0,0,0.0016180640989208548,0.00011499637967552895,-0.00143877285282307,-0.300068602139369,0.002041651566818438
3.693,CONTACT_ACQUIRE,0.05,0.0,0.0,0,0.0016190640989208547,0.00011355416404317044,-0.0014456308986237685,-0.30006598125479655,0.0020036450310412252
3.694,CONTACT_ACQUIRE,0.05,0.0,0.0,0,0.0016200640989208546,0.00011210517293240407,-0.00145232378346935,-0.30006334072116586,0.001965525512773767
3.6950000000000003,CONTACT_ACQUIRE,0.05,0.0,0.0,0,0.0016210640989208545,0.00011064957157987065,-0.0014588513588078974,-0.30006068091229515,0.0019273029020300636
3.696,CONTACT_ACQUIRE,0.05,0.0,0.0,0,0.0016220640989208545,0.00010918752536231093,-0.0014652134929849338,-0.3000580022030137,0.0018889870451700406
3.697,CONTACT_ACQUIRE,0.05,0.0,0.0,0,0.0016230640989208544,0.00010771919977968793,-0.0014714100712036422,-0.30005530496906524,0.001850587742144424
3.698,CONTACT_ACQUIRE,0.05,0.0,0.0,0,0.0016240640989208543,0.00010624476043834979,-0.0014774409954835315,-0.3000525895870118,0.0018121147437850154
3.6990000000000003,CONTACT_ACQUIRE,0.05,0.0,0.0,0,0.0016250640989208542,0.0001047643730342348,-0.0014833061846175617,-0.3000498564341382,0.0017735777491407604
3.7,CONTACT_ACQUIRE,0.05,0.0,0.0,0,0.0016260640989208541,0.00010327820333612,-0.0014890055741277348,-0.30004710588835676,0.0017349864028599687
3.701,CONTACT_ACQUIRE,0.05,0.0,0.0,0,0.001627064098920854,0.000101786417168915,-0.0014945391162191637,-0.300044338328113,0.0016963502926190324
3.702,CONTACT_ACQUIRE,0.05,0.0,0.0,0,0.001628064098920854,0.00010028918039700242,-0.0014999067797326234,-0.30004155413229144,0.001657678946597969
3.7030000000000003,CONTACT_ACQUIRE,0.05,0.0,0.0,0,0.0016290640989208539,9.878665890762662e-05,-0.0015051085500955997,-0.3000387536801221,0.0016189818310030821
3.704,CONTACT_ACQUIRE,0.05,0.0,0.0,0,0.0016300640989208538,9.727901859433209e-05,-0.001510144429271841,-0.3000359373510879,0.0015802683476370393
3.705,CONTACT_ACQUIRE,0.05,0.0,0.0,0,0.0016310640989208537,9.5766425340453e-05,-0.0015150144357094241,-0.3000331055248322,0.0015415478315166083
3.706,CONTACT_ACQUIRE,0.05,0.0,0.0,0,0.0016320640989208536,9.424904500265545e-05,-0.0015197186042873439,-0.30003025858106747,0.001502829548538311
3.7070000000000003,CONTACT_ACQUIRE,0.05,0.0,0.0,0,0.0016330640989208535,9.272704339453395e-05,-0.0015242569862606377,-0.30002739689948427,0.0014641226931922098
3.708,CONTACT_ACQUIRE,0.05,0.0,0.0,0,0.0016340640989208535,9.120058627026331e-05,-0.0015286296492040524,-0.30002452085966125,0.001425436386324028
3.709,CONTACT_ACQUIRE,0.05,0.0,0.0,0,0.0016350640989208534,8.96698393083078e-05,-0.0015328366769542655,-0.3000216308409756,0.0013867796729457932
3.71,CONTACT_ACQUIRE,0.05,0.0,0.0,0,0.0016360640989208533,8.813496809518862e-05,-0.0015368781695506719,-0.3000187272225144,0.0013481615200951606
3.7110000000000003,CONTACT_ACQUIRE,0.05,0.0,0.0,0,0.0016370640989208532,8.659613810931143e-05,-0.0015407542431747432,-0.3000158103829865,0.0013095908147435684
3.712,CONTACT_ACQUIRE,0.05,0.0,0.0,0,0.0016380640989208531,8.50535147048552e-05,-0.001544465030087974,-0.3000128807006358,0.0012710763617533472
3.713,CONTACT_ACQUIRE,0.05,0.0,0.0,0,0.001639064098920853,8.350726309572374e-05,-0.0015480106785684226,-0.30000993855315444,0.0012326268818838929
3.714,CONTACT_ACQUIRE,0.05,0.0,0.0,0,0.001640064098920853,8.195754833956153e-05,-0.001551391352845859,-0.3000069843175976,0.0011942510098469925
3.715,CONTACT_ACQUIRE,0.05,0.0,0.0,0,0.0016410640989208529,8.040453532183494e-05,-0.0015546072330355292,-0.3000040183702986,0.001155957292411373
3.716,CONTACT_ACQUIRE,0.05,0.0,0.0,0,0.0016420640989208528,7.884838873998046e-05,-0.001557658515070549,-0.3000010410867853,0.0011177541865565325
3.717,CONTACT_ACQUIRE,0.05,0.0,0.0,0,0.0016430640989208527,7.728927308762121e-05,-0.0015605454106329358,-0.29999805284169706,0.0010796500576758803
3.718,CONTACT_ACQUIRE,0.05,0.0,0.0,0,0.0016440640989208526,7.572735263885311e-05,-0.0015632681470832907,-0.29999505400870263,0.0010416531778292136
3.719,CONTACT_ACQUIRE,0.05,0.0,0.0,0,0.0016450640989208525,7.416279143260198e-05,-0.0015658269673891425,-0.29999204496041915,0.0010037717240445267
3.72,CONTACT_ACQUIRE,0.05,0.0,0.0,0,0.0016460640989208524,7.259575325705297e-05,-0.0015682221300519648,-0.299989026068332,0.000966013776669139
3.721,CONTACT_ACQUIRE,0.05,0.0,0.0,0,0.0016470640989208524,7.102640163415373e-05,-0.0015704539090328764,-0.2999859977027154,0.0009283873177701128
3.722,CONTACT_ACQUIRE,0.05,0.0,0.0,0,0.0016480640989208523,6.94548998041924e-05,-0.001572522593677038,-0.2999829602325543,0.0008909002295839056
3.723,CONTACT_ACQUIRE,0.05,0.0,0.0,0,0.0016490640989208522,6.788141071045192e-05,-0.001574428488636756,-0.29997991402546687,0.0008535602930151995
3.724,CONTACT_ACQUIRE,0.05,0.0,0.0,0,0.0016500640989208521,6.630609698394187e-05,-0.0015761719137933055,-0.29997685944762853,0.0008163751861848227
3.725,CONTACT_ACQUIRE,0.05,0.0,0.0,0,0.001651064098920852,6.472912092820913e-05,-0.0015777532041774836,-0.2999737968636963,0.0007793524830266678
3.726,CONTACT_ACQUIRE,0.05,0.0,0.0,0,0.001652064098920852,6.31506445042286e-05,-0.0015791727098889061,-0.2999707266367348,0.0007424996519334961
3.727,CONTACT_ACQUIRE,0.05,0.0,0.0,0,0.0016530640989208519,6.157082931537522e-05,-0.0015804307960140577,-0.2999676491281428,0.000705824054451501
3.728,CONTACT_ACQUIRE,0.05,0.0,0.0,0,0.0016540640989208518,5.998983659247867e-05,-0.0015815278425431098,-0.29996456469758115,0.0006693329440234874
3.729,CONTACT_ACQUIRE,0.05,0.0,0.0,0,0.0016550640989208517,5.840782717896168e-05,-0.0015824642442855167,-0.2999614737029017,0.0006330334647805119
3.73,CONTACT_ACQUIRE,0.05,0.0,0.0,0,0.0016560640989208516,5.6824961516063536e-05,-0.0015832404107844027,-0.2999583765000771,0.0005969326503818129
3.731,CONTACT_ACQUIRE,0.05,0.0,0.0,0,0.0016570640989208515,5.5241399628149686e-05,-0.0015838567662297522,-0.29995527344313194,0.0005610374229028444
3.732,CONTACT_ACQUIRE,0.05,0.0,0.0,0,0.0016580640989208514,5.365730110810877e-05,-0.0015843137493704164,-0.2999521648840747,0.000525354591771217
3.733,CONTACT_ACQUIRE,0.05,0.0,0.0,0,0.0016590640989208514,5.2072825102838245e-05,-0.0015846118134249468,-0.2999490511728312,0.0004898908527503311
3.734,CONTACT_ACQUIRE,0.05,0.0,0.0,0,0.0016600640989208513,5.048813029881977e-05,-0.0015847514259912704,-0.29994593265717884,0.00045465278697047674
3.735,CONTACT_ACQUIRE,0.05,0.0,0.0,0,0.0016610640989208512,4.8903374907785436e-05,-0.0015847330689552172,-0.299942809682682,0.00041964686000716366
3.736,CONTACT_ACQUIRE,0.05,0.0,0.0,0,0.001662064098920851,4.73187166524761e-05,-0.0015845572383979148,-0.29993968259262865,0.00038487942100642577
3.737,CONTACT_ACQUIRE,0.05,0.0,0.0,0,0.001663064098920851,4.5734312752492855e-05,-0.0015842244445020601,-0.2999365517279682,0.00035035670185683883
3.738,CONTACT_ACQUIRE,0.05,0.0,0.0,0,0.001664064098920851,4.415031991024277e-05,-0.001583735211457084,-0.2999334174272502,0.0003160848164079724
3.739,CONTACT_ACQUIRE,0.05,0.05,0.09613263571561852,1,0.001663450277080439,4.257906342648012e-05,-0.0015513276847981788,-0.29993029746251665,0.00028214198940743735
3.74,CONTACT_ACQUIRE,0.05,0.05,0.13069753530341344,1,0.0016628076338656996,4.105313836804697e-05,-0.0014978440091109745,-0.29992723874632904,0.00024872877113601744
3.741,CONTACT_ACQUIRE,0.05,0.05,0.1638027521557211,1,0.0016621331863625605,3.9588618341465475e-05,-0.0014286400446885921,-0.29992426464081695,0.00021595432690210863
3.742,CONTACT_ACQUIRE,0.05,0.05,0.1952427186617845,1,0.0016614248462531944,3.820083998746517e-05,-0.0013444988794708468,-0.2999213975260134,0.00018392257022089477
3.743,CONTACT_ACQUIRE,0.05,0.05,0.22482716179199452,1,0.00166068139736527,3.690431069071974e-05,-0.0012462946900953968,-0.29991865866535866,0.00015272960504177378
3.744,CONTACT_ACQUIRE,0.05,0.05,0.25238203059070863,1,0.0016599024682444144,3.571262130805525e-05,-0.0011349850387047968,-0.29991606807796123,0.00012246351935414556
3.745,CONTACT_ACQUIRE,0.05,0.05,0.27775029849885363,1,0.0016590885000276887,3.4638366798071614e-05,-0.0010116027833543923,-0.2999136444217445,9.320423371563842e-05
3.746,CONTACT_ACQUIRE,0.05,0.05,0.3007926380330667,1,0.0016582407099209222,3.369307510825124e-05,-0.0008772476628375504,-0.2999114048880164,6.502340415512143e-05
3.747,CONTACT_ACQUIRE,0.05,0.05,0.3213879662292788,1,0.0016575076323033914,3.288714461438427e-05,-0.0007330776175309217,-0.29990936510791205,3.798437857429885e-05
3.748,CONTACT_ACQUIRE,0.05,0.05,0.3394333546493202,1,0.0016569273323191632,3.222979032823823e-05,-0.0005802999842282993,-0.2999075390710493,1.2142387176027999e-05
3.749,CONTACT_ACQUIRE,0.05,0.05,0.3548439402497157,1,0.0016565071694636326,3.172899882437318e-05,-0.0004201628555305638,-0.2999059390563552,-1.2454640193896757e-05
3.75,CONTACT_ACQUIRE,0.05,0.05,0.36755340693025057,1,0.0016562532231619363,3.139149185748802e-05,-0.00025394630169629404,-0.2999045755750497,-3.5765641884082596e-05
3.751,CONTACT_ACQUIRE,0.05,0.05,0.37751412649499244,1,0.0016561702696840867,3.1222698828059466e-05,-8.295347784952395e-05,-0.29990345732604035,-5.7756250364224335e-05
3.7520000000000002,CONTACT_ACQUIRE,0.05,0.05,0.3846971077105266,1,0.0016562617679429378,3.122673814302653e-05,9.149825885114988e-05,-0.2999025911638304,-7.839862602426246e-05
3.753,CONTACT_ACQUIRE,0.05,0.05,0.3890918307872173,1,0.001656529854098158,3.1406407425391395e-05,0.00026808615522012604,-0.2999019820789087,-9.76712633689171e-05
3.754,CONTACT_ACQUIRE,0.05,0.05,0.39070597046376493,1,0.0016569753448361971,3.176318246918046e-05,0.0004454907380392104,-0.2999016331905102,-0.00011555877139272516
3.755,CONTACT_ACQUIRE,0.05,0.05,0.3895650114798615,1,0.0016575977491448462,3.229722478389606e-05,0.0006224043086490287,-0.2999015457515597,-0.0001320516300285351
3.7560000000000002,CONTACT_ACQUIRE,0.05,0.05,0.385711760818327,1,0.0016583952883516735,3.3007397522216124e-05,0.0007975392068272554,-0.29990171916554087,-0.00014714592465694872
3.757,CONTACT_ACQUIRE,0.05,0.05,0.3792057616422606,1,0.0016593649241486573,3.389128953653843e-05,0.0009696357969838644,-0.2999021510149632,-0.00016084306074526052
3.758,CONTACT_ACQUIRE,0.05,0.05,0.3701226143674089,1,0.0016605023942809487,3.4945247264270445e-05,0.0011374701322912936,-0.299902837101033,-0.0001731494607519278
3.759,CONTACT_ACQUIRE,0.05,0.05,0.3585532107715959,1,0.0016618022555361246,3.616441409876999e-05,0.0012998612551757952,-0.2999037714940736,-0.00018407624548645224
3.7600000000000002,CONTACT_ACQUIRE,0.05,0.05,0.34460288747627477,1,0.0016632579336317336,3.7542776862758754e-05,0.0014556780956089985,-0.2999049465941817,-0.0001936389021547756
3.761,CONTACT_ACQUIRE,0.05,0.05,0.32839050549837795,1,0.0016648617795635636,3.907321896405134e-05,0.0016038459318299275,-0.299906353201552,-0.00020185694134694794
3.762,CONTACT_ACQUIRE,0.05,0.05,0.31004746291402807,1,0.001666605131945044,4.0747579779736666e-05,0.001743352381480451,-0.29990798059585405,-0.00020875354523705085
3.763,CONTACT_ACQUIRE,0.05,0.05,0.28971664795110674,1,0.0016684783848396635,4.2556719784662595e-05,0.001873252894619546,-0.2999098166239995,-0.00021435520926529994
3.7640000000000002,CONTACT_ACQUIRE,0.05,0.05,0.26755134005396913,1,0.0016704710605633455,4.449059091333207e-05,0.0019926757236819743,-0.2999118477955996,-0.00021869137955916532
3.765,CONTACT_ACQUIRE,0.05,0.05,0.2437140666568104,1,0.001672571886912472,4.653831162121771e-05,0.0021008263491264817,-0.299914059385376,-0.00022179408832451503
3.766,CONTACT_ACQUIRE,0.05,0.05,0.21837542352024306,1,0.0016747688782557397,4.868824609211775e-05,0.0021969913432676835,-0.29991643554176084,-0.00022369758939955032
3.767,CONTACT_ACQUIRE,0.05,0.05,0.1917128665749608,1,0.001677049419914311,5.092808702256035e-05,0.002280541658571239,-0.2999189594008954,-0.00022443799611407802
3.7680000000000002,CONTACT_ACQUIRE,0.05,0.05,0.16390948324292842,1,0.0016794003552448031,5.324494140244294e-05,0.002350935330492186,-0.2999216132052199,-0.00022405292353490648
3.769,CONTACT_ACQUIRE,0.05,0.05,0.1351527511881273,1,0.0016818080748335323,5.562541870307131e-05,0.0024077195887291037,-0.299924378425831,-0.00022258113710539433
3.77,CONTACT_ACQUIRE,0.05,0.05,0.10563329237926582,1,0.0016842586072080609,5.8055720879520166e-05,0.002450532374528638,-0.29992723588777787,-0.0002200622096040016
3.771,CONTACT_ACQUIRE,0.05,0.16999999999999998,0.07554363023883473,1,0.0016887091395825895,6.052173359372992e-05,0.002479103265381156,-0.299930165897462,-0.00021653618825372893
3.7720000000000002,CONTACT_ACQUIRE,0.05,0.16999999999999998,0.045035691395718426,1,0.001695159671957118,6.30091166738689e-05,0.0024932476084940924,-0.29993314836930834,-0.00021202842598456886
3.773,CONTACT_ACQUIRE,0.05,0.16999999999999998,0.014233369909840796,1,0.0017036102043316466,6.550337675519715e-05,0.00249284187640341,-0.2999361629270349,-0.00020650333179917442
3.774,CONTACT_ACQUIRE,0.05,0.0,0.0,0,0.0017100607367061752,6.79901209745783e-05,0.0024795082161558793,-0.29993918926418833,-0.00019989965868004935
3.775,CONTACT_ACQUIRE,0.05,0.0,0.0,0,0.0017145112690807038,7.046232607820363e-05,0.0024648686143776467,-0.29994221756058975,-0.00019212342972521628
3.7760000000000002,CONTACT_ACQUIRE,0.05,0.0,0.0,0,0.0017169618014552324,7.291979179740723e-05,0.0024500297959373692,-0.29994524773994824,-0.00018312392675402396
3.777,CONTACT_ACQUIRE,0.05,0.0,0.0,0,0.0017179618014552323,7.53623199636151e-05,0.0024349938592035086,-0.29994827971400556,-0.00017288490758527364
3.778,CONTACT_ACQUIRE,0.05,0.0,0.0,0,0.0017189618014552322,7.778971451315717e-05,0.0024197629155737516,-0.29995131338236214,-0.0001614057574291622
3.779,CONTACT_ACQUIRE,0.05,0.0,0.0,0,0.0017199618014552321,8.020178150017126e-05,0.0024043390892243602,-0.29995434863246656,-0.0001486964986654434
3.7800000000000002,CONTACT_ACQUIRE,0.05,0.0,0.0,0,0.001720961801455232,8.25983291092561e-05,0.0023887245168590357,-0.29995738533970456,-0.00013476964769307105
3.781,CONTACT_ACQUIRE,0.05,0.0,0.0,0,0.001721961801455232,8.497916766787304e-05,0.002372921347457322,-0.29996042336752204,-0.0001196383678423709
3.782,CONTACT_ACQUIRE,0.05,0.0,0.0,0,0.0017229618014552319,8.73441096584959e-05,0.0023569317420225775,-0.29996346256755396,-0.00010331644997601391
3.783,CONTACT_ACQUIRE,0.05,0.0,0.0,0,0.0017239618014552318,8.969296973050862e-05,0.0023407578733295395,-0.2999665027797595,-8.58182931908539e-05
3.7840000000000003,CONTACT_ACQUIRE,0.05,0.0,0.0,0,0.0017249618014552317,9.20255647118502e-05,0.002324401925671508,-0.29996954383256325,-6.715888562601622e-05
3.785,CONTACT_ACQUIRE,0.05,0.0,0.0,0,0.0017259618014552316,9.434171362040678e-05,0.0023078660946071767,-0.29997258554300216,-4.735378538249829e-05
3.786,CONTACT_ACQUIRE,0.05,0.0,0.0,0,0.0017269618014552316,9.664123767515028e-05,0.002291152586707134,-0.299975627716878,-2.641910155941083e-05
3.787,CONTACT_ACQUIRE,0.05,0.0,0.0,0,0.0017279618014552315,9.892396030702341e-05,0.0022742636193000664,-0.29997867014891544,-4.371475411862973e-06
3.7880000000000003,CONTACT_ACQUIRE,0.05,0.0,0.0,0,0.0017289618014552314,0.00010118970716957074,0.002257201420218682,-0.29998171262292495,1.8771938364635632e-05
3.789,CONTACT_ACQUIRE,0.05,0.0,0.0,0,0.0017299618014552313,0.00010343830614931562,0.0022399682275453868,-0.29998475491197124,4.2993490218507985e-05
3.79,CONTACT_ACQUIRE,0.05,0.0,0.0,0,0.0017309618014552312,0.00010566958737588263,0.00222256628935774,-0.29998779677854626,6.827505419055808e-05
3.791,CONTACT_ACQUIRE,0.05,0.0,0.0,0,0.0017319618014552311,0.00010788338323186529,0.0022049978634737085,-0.29999083797474685,9.459804622204017e-05
3.7920000000000003,CONTACT_ACQUIRE,0.05,0.0,0.0,0,0.001732961801455231,0.00011007952836243913,0.002187265217196752,-0.299993878242457,0.00012194344231797921
3.793,CONTACT_ACQUIRE,0.05,0.0,0.0,0,0.001733961801455231,0.00011225785968471959,0.002169370627060764,-0.2999969173135344,0.0001502917965614987
3.794,CONTACT_ACQUIRE,0.05,0.0,0.0,0,0.0017349618014552309,0.00011441821639686492,0.0021513163785748892,-0.2999999549100011,0.00017962325897503506
3.795,CONTACT_ACQUIRE,0.05,0.0,0.0,0,0.0017359618014552308,0.00011656043998692378,0.002133104765968253,-0.30000299074423814,0.00020991759322444074
3.7960000000000003,CONTACT_ACQUIRE,0.05,0.0,0.0,0,0.0017369618014552307,0.00011868437424142751,0.0021147380919346167,-0.300006024519184,0.000241154194162102
3.797,CONTACT_ACQUIRE,0.05,0.0,0.0,0,0.0017379618014552306,0.00012078986525372719,0.002096218667376996,-0.3000090559285367,0.00027331210520531717
3.798,CONTACT_ACQUIRE,0.05,0.0,0.0,0,0.0017389618014552305,0.00012287676143207506,0.0020775488111522576,-0.3000120846569592,0.0003063700355463041
3.799,CONTACT_ACQUIRE,0.05,0.0,0.0,0,0.0017399618014552305,0.0001249449135074508,0.002058730849815727,-0.3000151103802883,0.0003403063771903229
3.8000000000000003,CONTACT_ACQUIRE,0.05,0.0,0.0,0,0.0017409618014552304,0.00012699417454113218,0.002039767117365829,-0.3000181327657463,0.0003750992218185234
3.801,CONTACT_ACQUIRE,0.05,0.0,0.0,0,0.0017419618014552303,0.00012902439993201062,0.0020206599549887896,-0.30002115147215613,0.0004107263774722395
3.802,CONTACT_ACQUIRE,0.05,0.0,0.0,0,0.0017429618014552302,0.0001310354474236513,0.0020014117108034185,-0.30002416615015887,0.0004471653850555761
3.803,CONTACT_ACQUIRE,0.05,0.0,0.0,0,0.0017439618014552301,0.00013302717711109817,0.0019820247396060025,-0.3000271764424338,0.0004843935346532472
3.8040000000000003,CONTACT_ACQUIRE,0.05,0.0,0.0,0,0.00174496180145523,0.00013499945144742403,0.0019625014026153353,-0.30003018198392134,0.0005223878816607378
3.805,CONTACT_ACQUIRE,0.05,0.0,0.0,0,0.00174596180145523,0.00013695213525002548,0.0019428440672179033,-0.30003318240204796,0.0005611252627239837
3.806,CONTACT_ACQUIRE,0.05,0.0,0.0,0,0.0017469618014552299,0.00013888509570666337,0.0019230551067132581,-0.30003617731695326,0.0006005823114858714
3.807,CONTACT_ACQUIRE,0.05,0.0,0.0,0,0.0017479618014552298,0.00014079820238124867,0.0019031369000595969,-0.3000391663417192,0.0006407354741369694
3.8080000000000003,CONTACT_ACQUIRE,0.05,0.0,0.0,0,0.0017489618014552297,0.00014269132721937385,0.001883091831619576,-0.30004214908260096,0.0006815610247680298
3.809,CONTACT_ACQUIRE,0.05,0.0,0.0,0,0.0017499618014552296,0.00014456434455359054,0.0018629222909063835,-0.30004512513925985,0.0007230350805218877
3.81,CONTACT_ACQUIRE,0.05,0.0,0.0,0,0.0017509618014552295,0.0001464171311084331,0.0018426306723300933,-0.30004809410499717,0.000765133616542517
3.811,CONTACT_ACQUIRE,0.05,0.0,0.0,0,0.0017519618014552295,0.00014824956600518877,0.001822219374944327,-0.3000510555669901,0.0008078324807190935
3.8120000000000003,CONTACT_ACQUIRE,0.05,0.0,0.0,0,0.0017529618014552294,0.00015006153076641487,0.001801690802193246,-0.30005400910652824,0.000851107408223032
3.813,CONTACT_ACQUIRE,0.05,0.0,0.0,0,0.0017539618014552293,0.00015185290932020275,0.001781047361658899,-0.30005695429925194,0.0008949340358360736
3.814,CONTACT_ACQUIRE,0.05,0.0,0.0,0,0.0017549618014552292,0.0001536235880041897,0.0017602914648089498,-0.30005989071539085,0.0009392879160675939
3.815,CONTACT_ACQUIRE,0.05,0.0,0.0,0,0.0017559618014552291,0.00015537345556931848,0.0017394255267448057,-0.30006281792000383,0.0009841445310594206
3.8160000000000003,CONTACT_ACQUIRE,0.05,0.0,0.0,0,0.001756961801455229,0.00015710240318334535,0.0017184519659501753,-0.3000657354732194,0.001029479306276539
3.817,CONTACT_ACQUIRE,0.05,0.0,0.0,0,0.001757961801455229,0.00015881032443409684,0.0016973732040400748,-0.30006864293047664,0.0010752676239821762
3.818,CONTACT_ACQUIRE,0.05,0.0,0.0,0,0.0017589618014552289,0.00016049711533247573,0.0016761916655103105,-0.3000715398427666,0.001121484836495856
3.819,CONTACT_ACQUIRE,0.05,0.0,0.0,0,0.0017599618014552288,0.00016216267431521682,0.0016549097774874561,-0.300074425756874,0.0011681062792331023
3.8200000000000003,CONTACT_ACQUIRE,0.05,0.0,0.0,0,0.0017609618014552287,0.00016380690224739288,0.0016335299694793532,-0.3000773002156192,0.0012151072835255865
3.821,CONTACT_ACQUIRE,0.05,0.0,0.0,0,0.0017619618014552286,0.00016542970242467138,0.001612054673126154,-0.30008016275809996,0.001262463189220603
3.822,CONTACT_ACQUIRE,0.05,0.0,0.0,0,0.0017629618014552285,0.00016703098057532263,0.0015904863219519318,-0.3000830129199334,0.0013101493570588445
3.823,CONTACT_ACQUIRE,0.05,0.0,0.0,0,0.0017639618014552284,0.00016861064486197962,0.001568827351116882,-0.30008585023349743,0.0013581411808295625
3.8240000000000003,CONTACT_ACQUIRE,0.05,0.0,0.0,0,0.0017649618014552284,0.00017016860588315067,0.0015470801971701337,-0.30008867422817226,0.001406414099302278
3.825,CONTACT_ACQUIRE,0.05,0.0,0.0,0,0.0017659618014552283,0.00017170477667448485,0.001525247297803199,-0.3000914844305811,0.001454943607934303
3.826,CONTACT_ACQUIRE,0.05,0.0,0.0,0,0.0017669618014552282,0.0001732190727097915,0.0015033310916040786,-0.3000942803648304,0.0015037052703534273
3.827,CONTACT_ACQUIRE,0.05,0.0,0.0,0,0.001767961801455228,0.000174711411901814,0.0014813340178120482,-0.3000970615527497,0.0015526747296152154
3.8280000000000003,CONTACT_ACQUIRE,0.05,0.0,0.0,0,0.001768961801455228,0.00017618171460275875,0.001459258516073148,-0.3000998275141302,0.0016018277192344425
3.829,CONTACT_ACQUIRE,0.05,0.0,0.0,0,0.001769961801455228,0.0001776299036045799,0.0014371070261963948,-0.3001025777669631,0.0016511400739902913
3.83,CONTACT_ACQUIRE,0.05,0.0,0.0,0,0.0017709618014552279,0.00017905590413902083,0.0014148819879107434,-0.3001053118276761,0.0017005877405050155
3.831,CONTACT_ACQUIRE,0.05,0.0,0.0,0,0.0017719618014552278,0.00018045964387741292,0.001392585840622814,-0.30010802921136953,0.0017501467875958594
3.8320000000000003,CONTACT_ACQUIRE,0.05,0.0,0.0,0,0.0017729618014552277,0.0001818410529302323,0.0013702210231754108,-0.3001107294320512,0.0017997934164001089
3.833,CONTACT_ACQUIRE,0.05,0.0,0.0,0,0.0017739618014552276,0.00018320006384641568,0.0013477899736068528,-0.3001134120028693,0.0018495039702732328
3.834,CONTACT_ACQUIRE,0.05,0.0,0.0,0,0.0017749618014552275,0.00018453661161243595,0.0013252951289111354,-0.30011607643634486,0.0018992549444601472
3.835,CONTACT_ACQUIRE,0.05,0.0,0.0,0,0.0017759618014552274,0.0001858506336511381,0.0013027389247989491,-0.3001187222446019,0.0019490229955397274
3.8360000000000003,CONTACT_ACQUIRE,0.05,0.0,0.0,0,0.0017769618014552273,0.000187142069820337,0.001280123795459571,-0.3001213489395966,0.001998784950642758
3.837,CONTACT_ACQUIRE,0.05,0.0,0.0,0,0.0017779618014552273,0.0001884108624111772,0.001257452173323654,-0.3001239560333443,0.002048517816443596
3.838,CONTACT_ACQUIRE,0.05,0.0,0.0,0,0.0017789618014552272,0.00018965695614625604,0.0012347264888269325,-0.3001265430381452,0.0020981987879259
3.839,CONTACT_ACQUIRE,0.05,0.0,0.0,0,0.001779961801455227,0.00019088029817751113,0.0012119491701748657,-0.3001291094668077,0.00214780525692284
3.84,CONTACT_ACQUIRE,0.05,0.0,0.0,0,0.001780961801455227,0.0001920808380838726,0.0011891226431082391,-0.3001316548328706,0.0021973148204322934
3.841,CONTACT_ACQUIRE,0.05,0.0,0.0,0,0.001781961801455227,0.00019325852786868182,0.0011662493306697445,-0.30013417865082215,0.0022467052887075924
3.842,CONTACT_ACQUIRE,0.05,0.0,0.0,0,0.0017829618014552268,0.00019441332195687682,0.001143331652971558,-0.3001366804363182,0.0022959546931244574
3.843,CONTACT_ACQUIRE,0.05,0.0,0.0,0,0.0017839618014552268,0.00019554517719194616,0.0011203720269639373,-0.3001391597063973,0.0023450412938248308
3.844,CONTACT_ACQUIRE,0.05,0.0,0.0,0,0.0017849618014552267,0.00019665405283265163,0.0010973728662048569,-0.3001416159796942,0.002393943587138383
3.845,CONTACT_ACQUIRE,0.05,0.0,0.0,0,0.0017859618014552266,0.00019773991054952128,0.001074336580630701,-0.30014404877665024,0.0024426403127825306
3.846,CONTACT_ACQUIRE,0.05,0.0,0.0,0,0.0017869618014552265,0.00019880271442111362,0.0010512655763280346,-0.30014645761972236,0.00249111046084188
3.847,CONTACT_ACQUIRE,0.05,0.0,0.0,0,0.0017879618014552264,0.0001998424309300541,0.0010281622553064704,-0.3001488420335889,0.002539333278528061
3.848,CONTACT_ACQUIRE,0.05,0.0,0.0,0,0.0017889618014552263,0.00020085902895884512,0.0010050290152726527,-0.30015120154535296,0.0025872882767209835
3.849,CONTACT_ACQUIRE,0.05,0.0,0.0,0,0.0017899618014552263,0.00020185247978545047,0.0009818682494053754,-0.3001535356847437,0.0026349552362926174
3.85,CONTACT_ACQUIRE,0.05,0.0,0.0,0,0.0017909618014552262,0.00020282275707865553,0.000958682346131854,-0.3001558439843143,0.0026823142142144403
3.851,CONTACT_ACQUIRE,0.05,0.0,0.0,0,0.001791961801455226,0.00020376983689320436,0.0009354736889051699,-0.30015812597963765,0.00272934554944977
3.852,CONTACT_ACQUIRE,0.05,0.0,0.0,0,0.001792961801455226,0.00020469369766471472,0.0009122446559829057,-0.3001603812094993,0.0027760298686322505
3.853,CONTACT_ACQUIRE,0.05,0.0,0.0,0,0.001793961801455226,0.00020559432020437243,0.0008889976202069889,-0.3001626092160872,0.002822348091531814
3.854,CONTACT_ACQUIRE,0.05,0.0,0.0,0,0.0017949618014552258,0.00020647168769340614,0.000865734948784764,-0.30016480954517893,0.002868281436309499
3.855,CONTACT_ACQUIRE,0.05,0.0,0.0,0,0.0017959618014552258,0.00020732578567734378,0.000842459003071308,-0.300166981746326,0.002913811424562552
3.856,CONTACT_ACQUIRE,0.05,0.0,0.0,0,0.0017969618014552257,0.00020815660206005204,0.0008191721383530103,-0.3001691253730349,0.0029589198861612958
3.857,CONTACT_ACQUIRE,0.05,0.0,0.0,0,0.0017979618014552256,0.00020896412709755992,0.0007958767036324323,-0.3001712399829455,0.0030035889638793107
3.858,CONTACT_ACQUIRE,0.05,0.0,0.0,0,0.0017989618014552255,0.0002097483533916679,0.0007725750414144647,-0.3001733251380059,0.0030478011178184886
3.859,CONTACT_ACQUIRE,0.05,0.0,0.0,0,0.0017999618014552254,0.00021050927588334395,0.0007492694874937999,-0.3001753804046446,0.003091539129630605
3.86,CONTACT_ACQUIRE,0.05,0.0,0.0,0,0.0018009618014552253,0.00021124689184590754,0.0007259623707437364,-0.3001774053539395,0.003134786106537078
3.861,CONTACT_ACQUIRE,0.05,0.0,0.0,0,0.0018019618014552252,0.0002119612008780033,0.0007026560129063324,-0.30017939956178336,0.0031775254851486435
3.862,CONTACT_ACQUIRE,0.05,0.0,0.0,0,0.0018029618014552252,0.0002126522048963653,0.0006793527283839239,-0.3001813626090463,0.0032197410350867026
3.863,CONTACT_ACQUIRE,0.05,0.0,0.0,0,0.001803961801455225,0.0002133199081283738,0.0006560548240320254,-0.3001832940817351,0.0032614168624081393
3.864,CONTACT_ACQUIRE,0.05,0.0,0.0,0,0.001804961801455225,0.00021396431710440537,0.0006327645989536293,-0.30018519357114887,0.003302537412835488
3.865,CONTACT_ACQUIRE,0.05,0.0,0.0,0,0.001805961801455225,0.00021458544064997814,0.0006094843442949179,-0.3001870606740318,0.0033430874747942996
3.866,CONTACT_ACQUIRE,0.05,0.0,0.0,0,0.0018069618014552248,0.0002151832898776934,0.0005862163430424072,-0.30018889499272217,0.003383052182259662
3.867,CONTACT_ACQUIRE,0.05,0.0,0.0,0,0.0018079618014552247,0.0002157578781789752,0.0005629628698215356,-0.30019069613529836,0.003422417017413815
3.868,CONTACT_ACQUIRE,0.05,0.0,0.0,0,0.0018089618014552247,0.00021630922121560904,0.0005397261906967143,-0.300192463715721,0.003461167813116883
3.869,CONTACT_ACQUIRE,0.05,0.0,0.0,0,0.0018099618014552246,0.00021683733691108166,0.0005165085629728538,-0.3001941973539722,0.0034992907551927403
3.87,CONTACT_ACQUIRE,0.05,0.0,0.0,0,0.0018109618014552245,0.00021734224544172273,0.0004933122349983828,-0.3001958966761907,0.0035367723845320807
3.871,CONTACT_ACQUIRE,0.05,0.0,0.0,0,0.0018119618014552244,0.00021782396922765063,0.00047013944596977343,-0.3001975613148042,0.003573599599014797
3.872,CONTACT_ACQUIRE,0.05,0.0,0.0,0,0.0018129618014552243,0.00021828253292352335,0.0004469924257375875,-0.30019919090865765,0.0036097596552537962
3.873,CONTACT_ACQUIRE,0.05,0.0,0.0,0,0.0018139618014552242,0.0002187179634090963,0.0004238733946140593,-0.3002007851031384,0.0036452401701624107
3.874,CONTACT_ACQUIRE,0.05,0.0,0.0,0,0.0018149618014552242,0.00021913028977958826,0.00040078456318222823,-0.30020234355029746,0.0036800291223475913
3.875,CONTACT_ACQUIRE,0.05,0.0,0.0,0,0.001815961801455224,0.0002195195433358576,0.0003777281321066355,-0.3002038659089675,0.0037141148533311142
3.876,CONTACT_ACQUIRE,0.05,0.0,0.0,0,0.001816961801455224,0.0002198857575743897,0.00035470629194559963,-0.3002053518448774,0.0037474860686010137
3.8770000000000002,CONTACT_ACQUIRE,0.05,0.0,0.0,0,0.001817961801455224,0.00022022896817709746,0.00033172122296508345,-0.30020680103076264,0.003780131838495543
3.878,CONTACT_ACQUIRE,0.05,0.0,0.0,0,0.0018189618014552238,0.00022054921300093664,0.00030877509495416694,-0.3002082131464728,0.0038120415989219276
3.879,CONTACT_ACQUIRE,0.05,0.0,0.0,0,0.0018199618014552237,0.00022084653206733737,0.0002858700670421385,-0.30020958787907503,0.003843205151912235
3.88,CONTACT_ACQUIRE,0.05,0.0,0.0,0,0.0018209618014552236,0.00022112096755145359,0.00026300828751721865,-0.3002109249229542,0.0038736126660187044
3.8810000000000002,CONTACT_ACQUIRE,0.05,0.0,0.0,0,0.0018219618014552236,0.00022137256377123196,0.00024019189364692792,-0.30021222397990927,0.003903254676550868
3.882,CONTACT_ACQUIRE,0.05,0.0,0.0,0,0.0018229618014552235,0.00022160136717630212,0.00021742301150011294,-0.30021348475924603,0.003932122085656872
3.883,CONTACT_ACQUIRE,0.05,0.0,0.0,0,0.0018239618014552234,0.0002218074263366897,0.00019470375577064215,-0.30021470697786645,0.003960206162251354
3.884,CONTACT_ACQUIRE,0.05,0.0,0.0,0,0.0018249618014552233,0.00022199079193135383,0.00017203622960278408,-0.3002158903603544,0.00398749854179232
3.8850000000000002,CONTACT_ACQUIRE,0.05,0.0,0.0,0,0.0018259618014552232,0.00022215151673655106,0.00014942252441827995,-0.3002170346390574,0.00401399122590942
3.886,CONTACT_ACQUIRE,0.05,0.0,0.0,0,0.0018269618014552231,0.00022228965561402693,0.00012686471974512268,-0.3002181395541655,0.004039676581886084
3.887,CONTACT_ACQUIRE,0.05,0.0,0.0,0,0.001827961801455223,0.00022240526549903742,0.0001043648830480539,-0.30021920485378567,0.00406454734199796
3.888,CONTACT_ACQUIRE,0.05,0.0,0.0,0,0.001828961801455223,0.0002224984053882017,8.19250695607905e-05,-0.3002202302940135,0.00408859660271011
3.8890000000000002,CONTACT_ACQUIRE,0.05,0.0,0.0,0,0.0018299618014552229,0.0002225691363271878,5.954732211999187e-05,-0.3002212156390007,0.004111817823735491
3.89,CONTACT_ACQUIRE,0.05,0.0,0.0,0,0.0018309618014552228,0.00022261752139823347,3.7233671000978956e-05,-0.3002221606610193,0.004134204826957137
3.891,CONTACT_ACQUIRE,0.05,0.0,0.0,0,0.0018319618014552227,0.00022264362570750321,1.498613375521609e-05,-0.30022306514052216,0.004155751795216617
3.892,CONTACT_ACQUIRE,0.05,0.0,0.0,0,0.0018329618014552226,0.00022264751637228407,-7.193284950434021e-06,-0.30022392886620025,0.004176453270971209
3.8930000000000002,CONTACT_ACQUIRE,0.05,0.0,0.0,0,0.0018339618014552226,0.00022262926250802133,-2.9302593492671436e-05,-0.300224751635036,0.0041963041548223595
3.894,CONTACT_ACQUIRE,0.05,0.0,0.0,0,0.0018349618014552225,0.00022258893521519624,-5.1339813448926264e-05,-0.30022553325235335,0.004215299703917916
3.895,CONTACT_ACQUIRE,0.05,0.0,0.0,0,0.0018359618014552224,0.00022252660756604743,-7.33029797527219e-05,-0.3002262735318644,0.004233435530230689
3.896,CONTACT_ACQUIRE,0.05,0.0,0.0,0,0.0018369618014552223,0.00022244235459113794,-9.519014084722456e-05,-0.30022697229571216,0.004250707598715821
3.8970000000000002,CONTACT_ACQUIRE,0.05,0.0,0.0,0,0.0018379618014552222,0.00022233625326576947,-0.00011699935883696941,-0.3002276293745105,0.004267112225349593
3.898,CONTACT_ACQUIRE,0.05,0.0,0.0,0,0.0018389618014552221,0.00022220838249624602,-0.00013872870963775396,-0.30022824460738,0.004282646075052102
3.899,CONTACT_ACQUIRE,0.05,0.0,0.0,0,0.001839961801455222,0.00022205882310598836,-0.00016037628312468957,-0.3002288178419809,0.004297306159496425
3.9,CONTACT_ACQUIRE,0.05,0.0,0.0,0,0.001840961801455222,0.00022188765782150155,-0.00018194018327840215,-0.3002293489345421,0.004311089834806781
3.9010000000000002,CONTACT_ACQUIRE,0.05,0.0,0.0,0,0.0018419618014552219,0.00022169497125819695,-0.00020341852832937317,-0.30022983774988743,0.00432399479914825
3.902,CONTACT_ACQUIRE,0.05,0.0,0.0,0,0.0018429618014552218,0.00022148084990607117,-0.0002248094509004126,-0.300230284161458,0.004336019090210561
3.903,CONTACT_ACQUIRE,0.05,0.0,0.0,0,0.0018439618014552217,0.00022124538211524313,-0.0002461110981472554,-0.30023068805133163,0.004347161082588525
3.904,CONTACT_ACQUIRE,0.05,0.0,0.0,0,0.0018449618014552216,0.0002209886580813517,-0.00026732163189727344,-0.30023104931023853,0.004357419485061628
3.9050000000000002,CONTACT_ACQUIRE,0.05,0.0,0.0,0,0.0018459618014552215,0.00022071076983081546,-0.00028843922878629507,-0.3002313678375743,0.004366793337775331
3.906,CONTACT_ACQUIRE,0.05,0.0,0.0,0,0.0018469618014552215,0.00022041181120595666,-0.00030946208039352434,-0.3002316435414091,0.0043752820093265945
3.907,CONTACT_ACQUIRE,0.05,0.0,0.0,0,0.0018479618014552214,0.0002200918778499911,-0.0003303883933745529,-0.30023187633849385,0.004382885193756166
3.908,CONTACT_ACQUIRE,0.05,0.0,0.0,0,0.0018489618014552213,0.00021975106719188616,-0.0003512163895924569,-0.30023206615426346,0.004389602907450153
3.9090000000000003,CONTACT_ACQUIRE,0.05,0.0,0.0,0,0.0018499618014552212,0.00021938947843108846,-0.000371944306246972,-0.3002322129228364,0.004395435485953369
3.91,CONTACT_ACQUIRE,0.05,0.0,0.0,0,0.0018509618014552211,0.00021900721252212345,-0.0003925703960017398,-0.3002323165870116,0.004400383580697007
3.911,CONTACT_ACQUIRE,0.05,0.0,0.0,0,0.001851961801455221,0.0002186043721590687,-0.000413092927109619,-0.30023237709826195,0.00440444815564309
3.912,CONTACT_ACQUIRE,0.05,0.0,0.0,0,0.001852961801455221,0.00021818106175990285,-0.00043351018353605426,-0.30023239441672483,0.004407630483848215
3.9130000000000003,CONTACT_ACQUIRE,0.05,0.0,0.0,0,0.0018539618014552209,0.00021773738745073208,-0.00045382046508049805,-0.3002323685111898,0.004409932143949086
3.914,CONTACT_ACQUIRE,0.05,0.0,0.0,0,0.0018549618014552208,0.0002172734570498963,-0.0004740220874958779,-0.3002322993590828,0.004411355016572259
3.915,CONTACT_ACQUIRE,0.05,0.0,0.0,0,0.0018559618014552207,0.00021678938005195673,-0.0004941133826061043,-0.30023218694644815,0.004411901280670616
3.916,CONTACT_ACQUIRE,0.05,0.0,0.0,0,0.0018569618014552206,0.0002162852676115669,-0.0005140926984216131,-0.30023203126792675,0.004411573409788979
3.9170000000000003,CONTACT_ACQUIRE,0.05,0.0,0.0,0,0.0018579618014552205,0.00021576123252722924,-0.0005339583992529384,-0.300231832326732,0.004410374168261316
3.918,CONTACT_ACQUIRE,0.05,0.0,0.0,0,0.0018589618014552205,0.00021521738922493909,-0.0005537088658223079,-0.30023159013462275,0.004408306607341967
3.919,CONTACT_ACQUIRE,0.05,0.0,0.0,0,0.0018599618014552204,0.00021465385374171787,-0.0005733424953732596,-0.3002313047118733,0.004405374061273283
3.92,CONTACT_ACQUIRE,0.05,0.0,0.0,0,0.0018609618014552203,0.00021407074370903795,-0.0005928577017782719,-0.3002309760872407,0.0044015801432921
3.9210000000000003,CONTACT_ACQUIRE,0.05,0.0,0.0,0,0.0018619618014552202,0.00021346817833614058,-0.0006122529156444049,-0.3002306042979292,0.004396928741577419
3.922,CONTACT_ACQUIRE,0.05,0.0,0.0,0,0.0018629618014552201,0.00021284627839324947,-0.0006315265844169468,-0.30023018938955237,0.004391424015141652
3.923,CONTACT_ACQUIRE,0.05,0.0,0.0,0,0.00186396180145522,0.00021220516619468142,-0.0006506771724810626,-0.3002297314160921,0.004385070389667812
3.924,CONTACT_ACQUIRE,0.05,0.0,0.0,0,0.00186496180145522,0.00021154496558185658,-0.0006697031612614413,-0.3002292304398552,0.004377872553294941
3.9250000000000003,CONTACT_ACQUIRE,0.05,0.0,0.0,0,0.0018659618014552199,0.00021086580190620986,-0.0006886030493199364,-0.3002286865314276,0.004369835452354148
3.926,CONTACT_ACQUIRE,0.05,0.0,0.0,0,0.0018669618014552198,0.00021016780201200578,-0.0007073753524511983,-0.30022809976962556,0.004360964287057518
3.927,CONTACT_ACQUIRE,0.05,0.0,0.0,0,0.0018679618014552197,0.00020945109421905875,-0.0007260186037762946,-0.3002274702414449,0.004351264507142186
3.928,CONTACT_ACQUIRE,0.05,0.0,0.0,0,0.0018689618014552196,0.00020871580830536063,-0.0007445313538343142,-0.30022679804200747,0.004340741807471868
3.9290000000000003,CONTACT_ACQUIRE,0.05,0.0,0.0,0,0.0018699618014552195,0.0002079620754896178,-0.0007629121706719536,-0.30022608327450523,0.004329402123598047
3.93,CONTACT_ACQUIRE,0.05,0.0,0.0,0,0.0018709618014552194,0.0002071900284136995,-0.0007811596399310836,-0.3002253260501421,0.0043172516272831
3.931,CONTACT_ACQUIRE,0.05,0.0,0.0,0,0.0018719618014552194,0.0002063998011249999,-0.0007992723649342917,-0.30022452648807346,0.004304296721987521
3.932,CONTACT_ACQUIRE,0.05,0.0,0.0,0,0.0018729618014552193,0.00020559152905871522,-0.0008172489667683998,-0.30022368471534316,0.0042905440383234645
3.9330000000000003,CONTACT_ACQUIRE,0.05,0.0,0.0,0,0.0018739618014552192,0.00020476534902003876,-0.0008350880843659548,-0.3002228008668188,0.004276000429476773
3.934,CONTACT_ACQUIRE,0.05,0.0,0.0,0,0.001874961801455219,0.00020392139916627523,-0.0008527883745846899,-0.30022187508512416,0.004260672966599606
3.935,CONTACT_ACQUIRE,0.05,0.0,0.0,0,0.001875961801455219,0.00020305981898887664,-0.0008703485122849563,-0.3002209075205702,0.004244568934175839
3.936,CONTACT_ACQUIRE,0.05,0.0,0.0,0,0.001876961801455219,0.00020218074929540187,-0.0008877671904051218,-0.3002198983310833,0.004227695825361307
3.9370000000000003,CONTACT_ACQUIRE,0.05,0.0,0.0,0,0.0018779618014552189,0.00020128433219140173,-0.0009050431200349376,-0.300218847682132,0.0042100613373009695
3.938,CONTACT_ACQUIRE,0.05,0.0,0.0,0,0.0018789618014552188,0.00020037071106223178,-0.0009221750304868703,-0.3002177557466513,0.004191673366425096
3.939,CONTACT_ACQUIRE,0.05,0.0,0.0,0,0.0018799618014552187,0.00019944003055479483,-0.0009391616693654001,-0.3002166227049655,0.0041725400037264495
3.94,CONTACT_ACQUIRE,0.05,0.0,0.0,0,0.0018809618014552186,0.00019849243655921508,-0.0009560018026342832,-0.3002154487447085,0.0041526695300205235
3.9410000000000003,CONTACT_ACQUIRE,0.05,0.0,0.0,0,0.0018819618014552185,0.00019752807619044608,-0.0009726942146817789,-0.3002142340607428,0.004132070411190819
3.942,CONTACT_ACQUIRE,0.05,0.0,0.0,0,0.0018829618014552184,0.00019654709776981442,-0.0009892377083838416,-0.30021297885507653,0.0041107512934210905
3.943,CONTACT_ACQUIRE,0.05,0.0,0.0,0,0.0018839618014552183,0.00019554965080650135,-0.0010056311051652768,-0.3002116833367784,0.004088720998416562
3.944,CONTACT_ACQUIRE,0.05,0.0,0.0,0,0.0018849618014552183,0.00019453588597896418,-0.0010218732450588612,-0.30021034772189137,0.004065988518615955
3.9450000000000003,CONTACT_ACQUIRE,0.05,0.0,0.0,0,0.0018859618014552182,0.00019350595511629954,-0.0010379629867624306,-0.30020897223334453,0.0040425630123962965
3.946,CONTACT_ACQUIRE,0.05,0.0,0.0,0,0.001886961801455218,0.00019246001117955073,-0.0010538992076939303,-0.300207557100863,0.00401845379927231
3.947,CONTACT_ACQUIRE,0.05,0.0,0.0,0,0.001887961801455218,0.00019139820824296087,-0.0010696808040444354,-0.30020610256087676,0.003993670355092273
3.948,CONTACT_ACQUIRE,0.05,0.0,0.0,0,0.001888961801455218,0.00019032070147517404,-0.001085306690829137,-0.3002046088564277,0.003968222307232132
3.9490000000000003,CONTACT_ACQUIRE,0.05,0.0,0.0,0,0.0018899618014552178,0.00018922764712038666,-0.0011007758019362995,-0.3002030762370751,0.003942119429789686
3.95,CONTACT_ACQUIRE,0.05,0.0,0.0,0,0.0018909618014552178,0.0001881192024794507,-0.0011160870901741865,-0.30020150495879977,0.003915371638780566
3.951,CONTACT_ACQUIRE,0.05,0.0,0.0,0,0.0018919618014552177,0.00018699552589093106,-0.0011312395273159609,-0.30019989528390695,0.0038879889873377994
3.952,CONTACT_ACQUIRE,0.05,0.0,0.0,0,0.0018929618014552176,0.00018585677671211908,-0.0011462321041425586,-0.3001982474809276,0.0038599816609166254
3.9530000000000003,CONTACT_ACQUIRE,0.05,0.0,0.0,0,0.0018939618014552175,0.00018470311530000415,-0.0011610638304835384,-0.3001965618245185,0.003831359972506264
3.954,CONTACT_ACQUIRE,0.05,0.0,0.0,0,0.0018949618014552174,0.00018353470299220558,-0.001175733735255911,-0.3001948385953611,0.0038021343578503062
3.955,CONTACT_ACQUIRE,0.05,0.0,0.0,0,0.0018959618014552173,0.0001823517020878665,-0.001190240866500949,-0.30019307808005935,0.0037723153706773313
3.956,CONTACT_ACQUIRE,0.05,0.0,0.0,0,0.0018969618014552173,0.00018115427582851202,-0.0012045842914189802,-0.3001912805710359,0.0037419136779433815
3.9570000000000003,CONTACT_ACQUIRE,0.05,0.0,0.0,0,0.0018979618014552172,0.0001799425883788737,-0.0012187630964021678,-0.30018944636642775,0.0037109400550878417
3.958,CONTACT_ACQUIRE,0.05,0.0,0.0,0,0.001898961801455217,0.00017871680480768207,-0.0012327763870652814,-0.3001875757699805,0.003679405381304314
3.959,CONTACT_ACQUIRE,0.05,0.0,0.0,0,0.001899961801455217,0.00017747709106842957,-0.0012466232882744586,-0.3001856690909416,0.0036473206348279505
3.96,CONTACT_ACQUIRE,0.05,0.0,0.0,0,0.001900961801455217,0.00017622361398010556,-0.0012603029441739652,-0.30018372664395265,0.0036146968882408014
3.9610000000000003,CONTACT_ACQUIRE,0.05,0.0,0.0,0,0.0019019618014552168,0.00017495654120790568,-0.0012738145182109534,-0.30018174874894105,0.0035815453037965936
3.962,CONTACT_ACQUIRE,0.05,0.0,0.0,0,0.0019029618014552168,0.00017367604124391735,-0.0012871571931582255,-0.30017973573101026,0.0035478771287664164
3.963,CONTACT_ACQUIRE,0.05,0.0,0.0,0,0.0019039618014552167,0.0001723822833877837,-0.0013003301711350037,-0.30017768792032967,0.0035137036908066857
3.964,CONTACT_ACQUIRE,0.05,0.0,0.0,0,0.0019049618014552166,0.0001710754377273475,-0.0013133326736257129,-0.3001756056520234,0.0034790363933508085
3.9650000000000003,CONTACT_ACQUIRE,0.05,0.0,0.0,0,0.0019059618014552165,0.0001697556751192774,-0.0013261639414967796,-0.3001734892660585,0.0034438867110258807
3.966,CONTACT_ACQUIRE,0.05,0.0,0.0,0,0.0019069618014552164,0.0001684231671696784,-0.0013388232350114507,-0.3001713391071327,0.0034082661850957357
3.967,CONTACT_ACQUIRE,0.05,0.0,0.0,0,0.0019079618014552163,0.00016707808621468833,-0.0013513098338426386,-0.3001691555245606,0.003372186418931682
3.968,CONTACT_ACQUIRE,0.05,0.0,0.0,0,0.0019089618014552162,0.00016572060530106272,-0.0013636230370837968,-0.3001669388721605,0.003335659073512135
3.969,CONTACT_ACQUIRE,0.05,0.0,0.0,0,0.0019099618014552162,0.0001643508981667496,-0.0013757621632578304,-0.3001646895081398,0.0032986958629524577
3.97,CONTACT_ACQUIRE,0.05,0.0,0.0,0,0.001910961801455216,0.0001629691392214563,-0.0013877265503240476,-0.30016240779498005,0.0032613085500661685
3.971,CONTACT_ACQUIRE,0.05,0.0,0.0,0,0.001911961801455216,0.0001615755035272106,-0.001399515555683157,-0.3001600940993217,0.003223508941958734
3.972,CONTACT_ACQUIRE,0.05,0.0,0.0,0,0.001912961801455216,0.00016017016677891745,-0.0014111285561803182,-0.30015774879184837,0.0031853088856550844
3.973,CONTACT_ACQUIRE,0.05,0.0,0.0,0,0.0019139618014552158,0.00015875330528491386,-0.001422564948106247,-0.30015537224717054,0.003146720263761999
3.974,CONTACT_ACQUIRE,0.05,0.0,0.0,0,0.0019149618014552157,0.00015732509594752365,-0.0014338241471963877,-0.30015296484370907,0.0031077549901664483
3.975,CONTACT_ACQUIRE,0.05,0.0,0.0,0,0.0019159618014552157,0.00015588571624361387,-0.001444905588628152,-0.3001505269635784,0.0030684250057709727
3.976,CONTACT_ACQUIRE,0.05,0.0,0.0,0,0.0019169618014552156,0.00015443534420515507,-0.0014558087270162366,-0.30014805899246944,0.0030287422742671477
3.977,CONTACT_ACQUIRE,0.05,0.0,0.0,0,0.0019179618014552155,0.00015297415839978713,-0.0014665330364060198,-0.30014556131953224,0.002988718777948143
3.978,CONTACT_ACQUIRE,0.05,0.0,0.0,0,0.0019189618014552154,0.00015150233791139266,-0.0014770780102650518,-0.3001430343372585,0.002948366513561374
3.979,CONTACT_ACQUIRE,0.05,0.0,0.0,0,0.0019199618014552153,0.0001500200623206799,-0.001487443161472637,-0.3001404784413639,0.002907697488202202
3.98,CONTACT_ACQUIRE,0.05,0.0,0.0,0,0.0019209618014552152,0.00014852751168577697,-0.0014976280223075213,-0.3001378940306704,0.0028667237152496215
3.981,CONTACT_ACQUIRE,0.05,0.0,0.0,0,0.0019219618014552152,0.00014702486652283937,-0.0015076321444336886,-0.3001352815069885,0.0028254572103448327
3.982,CONTACT_ACQUIRE,0.05,0.0,0.0,0,0.001922961801455215,0.0001455123077866726,-0.0015174550988842756,-0.3001326412749991,0.0027839099874135934
3.983,CONTACT_ACQUIRE,0.05,0.0,0.0,0,0.001923961801455215,0.00014399001685137184,-0.0015270964760436107,-0.3001299737421362,0.002742094054733184
3.984,CONTACT_ACQUIRE,0.05,0.0,0.0,0,0.001924961801455215,0.0001424581754909806,-0.0015365558856273863,-0.30012727931846855,0.0027000214110448227
3.985,CONTACT_ACQUIRE,0.05,0.0,0.0,0,0.0019259618014552148,0.00014091696586016986,-0.0015458329566609707,-0.30012455841658253,0.00265770404171232
3.986,CONTACT_ACQUIRE,0.05,0.0,0.0,0,0.0019269618014552147,0.00013936657047494024,-0.001554927337455869,-0.3001218114514643,0.002615153914927749
3.987,CONTACT_ACQUIRE,0.05,0.0,0.0,0,0.0019279618014552146,0.00013780717219334825,-0.0015638386955843396,-0.30011903884038255,0.0025723829779648634
3.988,CONTACT_ACQUIRE,0.05,0.0,0.0,0,0.0019289618014552146,0.00013623895419625899,-0.0015725667178521766,-0.3001162410027713,0.0025294031534809957
3.989,CONTACT_ACQUIRE,0.05,0.0,0.0,0,0.0019299618014552145,0.00013466209996812706,-0.0015811111102696654,-0.30011341836011296,0.0024862263358681053
3.99,CONTACT_ACQUIRE,0.05,0.0,0.0,0,0.0019309618014552144,0.0001330767932778073,-0.0015894715980207187,-0.30011057133582186,0.002442864387653655
3.991,CONTACT_ACQUIRE,0.05,0.0,0.0,0,0.0019319618014552143,0.00013148321815939737,-0.0015976479254302051,-0.30010770035512774,0.0023993291359519467
3.992,CONTACT_ACQUIRE,0.05,0.0,0.0,0,0.0019329618014552142,0.00012988155889311388,-0.0016056398559294758,-0.3001048058449598,0.0023556323689665148
3.993,CONTACT_ACQUIRE,0.05,0.0,0.0,0,0.0019339618014552141,0.00012827199998620385,-0.0016134471720200998,-0.3001018882338312,0.002311785832544191
3.994,CONTACT_ACQUIRE,0.05,0.0,0.0,0,0.001934961801455214,0.00012665472615389344,-0.0016210696752358184,-0.3000989479517238,0.0022678012267813566
3.995,CONTACT_ACQUIRE,0.05,0.0,0.0,0,0.001935961801455214,0.00012502992230037547,-0.0016285071861027248,-0.3000959854299734,0.0022236902026829585
3.996,CONTACT_ACQUIRE,0.05,0.0,0.0,0,0.0019369618014552139,0.00012339777349983777,-0.0016357595440976824,-0.3000930011011556,0.002179464358874758
3.997,CONTACT_ACQUIRE,0.05,0.0,0.0,0,0.0019379618014552138,0.0001217584649775339,-0.0016428266076049874,-0.30008999539897196,0.002135135238369323
3.998,CONTACT_ACQUIRE,0.05,0.0,0.0,0,0.0019389618014552137,0.00012011218209089811,-0.0016497082538712894,-0.3000869687581369,0.0020907143253861967
3.999,CONTACT_ACQUIRE,0.05,0.0,0.0,0,0.0019399618014552136,0.00011845911031070625,-0.001656404378958776,-0.300083921614265,0.0020462130422266938
4.0,CONTACT_ACQUIRE,0.05,0.0,0.0,0,0.0019409618014552136,0.00011679943520228437,-0.0016629148976966355,-0.30008085440375903,0.0020016427462037157
4.001,CONTACT_ACQUIRE,0.05,0.0,0.0,0,0.0019419618014552135,0.00011513334240676673,-0.0016692397436308046,-0.30007776756369864,0.0019570147266269756
4.002,CONTACT_ACQUIRE,0.05,0.0,0.0,0,0.0019429618014552134,0.00011346101762240481,-0.0016753788689720134,-0.30007466153172946,0.0019123402018439888
4.003,CONTACT_ACQUIRE,0.05,0.0,0.0,0,0.0019439618014552133,0.00011178264658592928,-0.0016813322445421374,-0.3000715367459533,0.0018676303163371623
4.0040000000000004,CONTACT_ACQUIRE,0.05,0.0,0.0,0,0.0019449618014552132,0.00011009841505396632,-0.0016870998597188667,-0.3000683936448189,0.0018228961378772932
4.005,CONTACT_ACQUIRE,0.05,0.0,0.0,0,0.0019459618014552131,0.00010840850878451022,-0.0016926817223787052,-0.3000652326670131,0.0017781486547337642
4.006,CONTACT_ACQUIRE,0.05,0.0,0.0,0,0.001946961801455213,0.00010671311351845372,-0.0016980778588383079,-0.3000620542513534,0.0017333987729416932
4.007,CONTACT_ACQUIRE,0.05,0.0,0.0,0,0.001947961801455213,0.00010501241496117788,-0.0017032883137941693,-0.3000588588366809,0.0016886573136262874
4.008,CONTACT_ACQUIRE,0.05,0.0,0.0,0,0.0019489618014552129,0.00010330659876420311,-0.0017083131502606738,-0.300055646861754,0.0016439350103846099
4.009,CONTACT_ACQUIRE,0.05,0.0,0.0,0,0.0019499618014552128,0.00010159585050690291,-0.0017131524495065178,-0.3000524187651436,0.0015992425067249563
4.01,CONTACT_ACQUIRE,0.05,0.0,0.0,0,0.0019509618014552127,9.988035567828202e-05,-0.0017178063109895174,-0.3000491749851283,0.0015545903535640164
4.011,CONTACT_ACQUIRE,0.05,0.0,0.0,0,0.0019519618014552126,9.816029965882057e-05,-0.0017222748522898118,-0.30004591595959107,0.0015099890067819632
4.0120000000000005,CONTACT_ACQUIRE,0.05,0.0,0.0,0,0.0019529618014552125,9.643586770238581e-05,-0.0017265582090414734,-0.3000426421259168,0.0014654488248356072
4.013,CONTACT_ACQUIRE,0.05,0.0,0.0,0,0.0019539618014552127,9.470724491821306e-05,-0.0017306565348625378,-0.30003935392089065,0.0014209800664297144
4.014,CONTACT_ACQUIRE,0.05,0.0,0.0,0,0.001954961801455213,9.297461625295734e-05,-0.001734570001283466,-0.30003605178059745,0.001376592888246579
4.015,CONTACT_ACQUIRE,0.05,0.0,0.0,0,0.001955961801455213,9.12381664728174e-05,-0.0017382987976740471,-0.3000327361403221,0.0013322973427339093
4.016,CONTACT_ACQUIRE,0.05,0.0,0.0,0,0.001956961801455213,8.94980801457336e-05,-0.00174184313116876,-0.30002940743445106,0.0012881033759510757
4.017,CONTACT_ACQUIRE,0.05,0.0,0.0,0,0.001957961801455213,8.775454162366111e-05,-0.0017452032265905992,-0.30002606609637467,0.0012440208254737414
4.018,CONTACT_ACQUIRE,0.05,0.0,0.0,0,0.0019589618014552133,8.600773502492018e-05,-0.0017483793263733834,-0.3000227125583909,0.0012000594183568763
4.019,CONTACT_ACQUIRE,0.05,0.0,0.0,0,0.0019599618014552135,8.425784421662475e-05,-0.0017513716904825549,-0.3000193472516097,0.0011562287691561416
4.0200000000000005,CONTACT_ACQUIRE,0.05,0.0,0.0,0,0.0019609618014552136,8.25050527971911e-05,-0.0017541805963344845,-0.300015970605859,0.0011125383780076026
4.021,CONTACT_ACQUIRE,0.05,0.0,0.0,0,0.0019619618014552137,8.07495440789278e-05,-0.0017568063387142948,-0.3000125830495913,0.00106899762876572
4.022,CONTACT_ACQUIRE,0.05,0.0,0.0,0,0.001962961801455214,7.899150107070876e-05,-0.0017592492296922126,-0.3000091850097917,0.0010256157871995383
4.023,CONTACT_ACQUIRE,0.05,0.0,0.0,0,0.001963961801455214,7.72311064607305e-05,-0.0017615095985384667,-0.30000577691188723,0.0009824019992469787
4.024,CONTACT_ACQUIRE,0.05,0.0,0.0,0,0.001964961801455214,7.54685425993553e-05,-0.0017635877916367404,-0.30000235917965695,0.0009393652893271285
4.025,CONTACT_ACQUIRE,0.05,0.0,0.0,0,0.0019659618014552143,7.370399148204165e-05,-0.001765484172396195,-0.2999989322351435,0.0008965145587103893
4.026,CONTACT_ACQUIRE,0.05,0.0,0.0,0,0.0019669618014552144,7.19376347323633e-05,-0.0017671991211620753,-0.29999549649856594,0.0008538585839463398
4.027,CONTACT_ACQUIRE,0.05,0.0,0.0,0,0.0019679618014552145,7.016965358511849e-05,-0.0017687330351249112,-0.2999920523882334,0.0008114060153491449
4.0280000000000005,CONTACT_ACQUIRE,0.05,0.0,0.0,0,0.0019689618014552147,6.840022886953068e-05,-0.00177008632822833,-0.29998860032046054,0.0007691653755403296
4.029,CONTACT_ACQUIRE,0.05,0.0,0.0,0,0.001969961801455215,6.662954099254204e-05,-0.00177125943107549,-0.2999851407094838,0.0007271450580487143
4.03,CONTACT_ACQUIRE,0.05,0.0,0.0,0,0.001970961801455215,6.485776992220133e-05,-0.0017722527908341527,-0.2999816739673792,0.0006853533259672966
4.031,CONTACT_ACQUIRE,0.05,0.0,0.0,0,0.001971961801455215,6.308509517114731e-05,-0.0017730668711404037,-0.2999782005039812,0.0006437983106668435
4.032,CONTACT_ACQUIRE,0.05,0.0,0.0,0,0.001972961801455215,6.13116957801891e-05,-0.0017737021520010392,-0.29997472072680315,0.0006024880105659478
4.033,CONTACT_ACQUIRE,0.05,0.0,0.0,0,0.0019739618014552153,5.953775030198485e-05,-0.0017741591296946294,-0.2999712350409585,0.0005614302899572789
4.034,CONTACT_ACQUIRE,0.05,0.0,0.0,0,0.0019749618014552155,5.776343678481996e-05,-0.0017744383166712753,-0.2999677438490841,0.0005206328778897499
4.035,CONTACT_ACQUIRE,0.05,0.0,0.0,0,0.0019759618014552156,5.598893275648621e-05,-0.00177454024145107,-0.299964247551264,0.00048010336710630456
4.0360000000000005,CONTACT_ACQUIRE,0.05,0.0,0.0,0,0.0019769618014552157,5.42144152082631e-05,-0.0017744654485212818,-0.2999607465449553,0.0004398492130370111
4.037,CONTACT_ACQUIRE,0.05,0.0,0.0,0,0.001977961801455216,5.2440060579002575e-05,-0.0017742144982322702,-0.29995724122491496,0.00039987773284713956
4.038,CONTACT_ACQUIRE,0.05,0.0,0.0,0,0.001978961801455216,5.0666044739318504e-05,-0.0017737879666921523,-0.29995373198312786,0.0003601961045398811
4.039,CONTACT_ACQUIRE,0.05,0.0,0.0,0,0.001979961801455216,4.889254297588213e-05,-0.001773186445660231,-0.2999502192087367,0.0003208113661133569
4.04,CONTACT_ACQUIRE,0.05,0.0,0.0,0,0.0019809618014552163,4.711972997582466e-05,-0.0017724105424392026,-0.2999467032879728,0.0002817304147715481
4.041,CONTACT_ACQUIRE,0.05,0.0,0.0,0,0.0019819618014552164,4.5347779811248274e-05,-0.0017714608797661532,-0.29994318460408836,0.0002429600061887665
4.042,CONTACT_ACQUIRE,0.05,0.05,0.08535315782519197,1,0.0019811425390514037,4.357686592384673e-05,-0.0017636989684795953,-0.2999396635372905,0.00020450675382727255
4.043,CONTACT_ACQUIRE,0.05,0.05,0.12496037082163419,1,0.0019802946718309577,4.1836740767429694e-05,-0.0017134765599162377,-0.29993618286145823,0.00016655430910530412
4.0440000000000005,CONTACT_ACQUIRE,0.05,0.05,0.16304687070522939,1,0.001979414253958902,4.015594383965433e-05,-0.0016451708646361453,-0.29993278377394017,0.00012928540691960414
4.045,CONTACT_ACQUIRE,0.05,0.05,0.19937485144363148,1,0.0019784983584359094,3.855215442686581e-05,-0.001559608192300736,-0.29992949201789787,9.281708156797212e-05
4.046,CONTACT_ACQUIRE,0.05,0.05,0.23372306062712506,1,0.0019775450544343366,3.704217188556021e-05,-0.0014577207392080138,-0.299926332157224,5.725784805596631e-05
4.047,CONTACT_ACQUIRE,0.05,0.05,0.2658879026668165,1,0.0019765533789401373,3.564181390528616e-05,-0.0013405382063195628,-0.29992332742803807,2.270744204388312e-05
4.048,CONTACT_ACQUIRE,0.05,0.05,0.2956844037518403,1,0.0019755233029965184,3.436582339125331e-05,-0.0012091789529277077,-0.2999204996020323,-1.0743378637379646e-05
4.049,CONTACT_ACQUIRE,0.05,0.05,0.3229470353416607,1,0.0019744584622431623,3.322778439742204e-05,-0.0010648407533559296,-0.2999178688623112,-4.301297134575387e-05
4.05,CONTACT_ACQUIRE,0.05,0.05,0.3475303843952231,1,0.0019735496710165455,3.224004747254638e-05,-0.0009087912266168873,-0.29991545369227607,-7.40288822469965e-05
4.051,CONTACT_ACQUIRE,0.05,0.05,0.3693090316174887,1,0.001972807312906431,3.141366468701667e-05,-0.0007423581101147896,-0.29991327077797025,-0.00010372761632440685
4.0520000000000005,CONTACT_ACQUIRE,0.05,0.05,0.38817759572325483,1,0.0019722403931924123,3.075833428417192e-05,-0.0005669197140183687,-0.2999113349238353,-0.000132053664221549
4.053,CONTACT_ACQUIRE,0.05,0.05,0.4040514612297918,1,0.001971856498088897,3.0282354992061045e-05,-0.0003838951035153551,-0.2999096589819577,-0.0001589591737396331
4.054,CONTACT_ACQUIRE,0.05,0.05,0.4168669176963624,1,0.001971661763950681,2.999259024561911e-05,-0.00019473413821596752,-0.2999082537951966,-0.00018440381203091606
4.055,CONTACT_ACQUIRE,0.05,0.05,0.4265811668443749,1,0.0019716608564449485,2.9894442377560323e-05,-9.075057323694447e-07,-0.2999071281543151,-0.0002083545943083519
4.056,CONTACT_ACQUIRE,0.05,0.05,0.4331722000173322,1,0.0019718569596336227,2.9991836752754418e-05,0.00019610318867409427,-0.2999062887691175,-0.0002307856808659529
4.057,CONTACT_ACQUIRE,0.05,0.05,0.4366385491650986,1,0.0019722517748496197,3.028721575968841e-05,0.0003948152159970953,-0.2999057402535095,-0.000251678144345121
4.058,CONTACT_ACQUIRE,0.05,0.05,0.43699891525362006,1,0.001972845529192032,3.078154251313293e-05,0.0005937543424125249,-0.29990548512431275,-0.0002710197093085749
4.059,CONTACT_ACQUIRE,0.05,0.05,0.43429167868056245,1,0.001973636993408904,3.1474314064663894e-05,0.0007914642168720473,-0.2999055238135843,-0.0002888044662951619
4.0600000000000005,CONTACT_ACQUIRE,0.05,0.05,0.42857429691256743,1,0.001974623508882388,3.236358386254801e-05,0.000986515473483992,-0.2999058546941119,-0.0003050325626256139
4.061,CONTACT_ACQUIRE,0.05,0.05,0.41992259513843755,1,0.0019758010233799504,3.344599314997916e-05,0.0011775144975625352,-0.2999064741176803,-0.0003197098723110351
4.062,CONTACT_ACQUIRE,0.05,0.05,0.4084299563017728,1,0.0019771641351871965,3.471681094102212e-05,0.0013631118072462076,-0.2999073764656337,-0.0003328476474825647
4.063,CONTACT_ACQUIRE,0.05,0.05,0.39420641735564127,1,0.0019787061451930436,3.6169982167133483e-05,0.0015420100058472568,-0.29990855421119084,-0.00034446215381218523
4.064,CONTACT_ACQUIRE,0.05,0.05,0.3773776790344889,1,0.00198041911645661,3.779818354401039e-05,0.0017129712635667615,-0.2999099979929067,-0.00035457429243113527
4.065,CONTACT_ACQUIRE,0.05,0.05,0.3580840368420575,1,0.0019822939407474816,3.959288666896836e-05,0.0018748242908714183,-0.2999116966986183,-0.0003632092108739267
4.066,CONTACT_ACQUIRE,0.05,0.05,0.33647924128347084,1,0.001984320411517139,4.1544427823248074e-05,0.00202647076965712,-0.2999136375591576,-0.0003703959055827098
4.067,CONTACT_ACQUIRE,0.05,0.05,0.3127292956661337,1,0.0019864873027294243,4.364208392174542e-05,0.0021668912122854746,-0.2999158062510693,-0.00037616681849892146
4.0680000000000005,CONTACT_ACQUIRE,0.05,0.05,0.28701120001715524,1,0.0019887824529520805,4.5874154024776476e-05,0.0022951502226563774,-0.299918187007527,-0.0003805574302470442
4.069,CONTACT_ACQUIRE,0.05,0.05,0.25951164984452485,1,0.0019911928540897175,4.822804580272416e-05,0.0024104011376370553,-0.29992076273660895,-0.0003836058523792657
4.07,CONTACT_ACQUIRE,0.05,0.05,0.23042569859176779,1,0.001993704744121103,5.0690366324839404e-05,0.0025118900313854573,-0.29992351514606047,-0.00038535242110023155
4.071,CONTACT_ACQUIRE,0.05,0.05,0.19995539268169066,1,0.001996303703190453,5.324701652812805e-05,0.0025989590693501156,-0.29992642487364896,-0.0003858392948284332
4.072,CONTACT_ACQUIRE,0.05,0.05,0.16830838807187176,1,0.0019989747523934355,5.588328871116433e-05,0.002671049202982507,-0.29992947162219763,-0.0003851100578755762
4.073,CONTACT_ACQUIRE,0.05,0.05,0.13569655718363915,1,0.002001702454593858,5.858396639082333e-05,0.002727702200422374,-0.2999326342983725,-0.00038320933243814626
4.074,CONTACT_ACQUIRE,0.05,0.05,0.10233459496168233,1,0.0020044710166064587,6.133342585728195e-05,0.0027685620126005274,-0.2999358911542907,-0.00038018240099699766
4.075,CONTACT_ACQUIRE,0.05,0.16999999999999998,0.06843863268454885,1,0.0020092395786190593,6.411573876414172e-05,0.002793375478307532,-0.29993921993101696,-0.0003760748411118697
4.0760000000000005,CONTACT_ACQUIRE,0.05,0.16999999999999998,0.03418360902205611,1,0.00201600814063166,6.691477370228886e-05,0.0028019861732905943,-0.29994259800101514,-0.000370917320420553
4.077,CONTACT_ACQUIRE,0.05,0.0,0.0,0,0.0020207767026442607,6.971427964058393e-05,0.0027943303244428097,-0.2999460024847873,-0.0003646792937792056
4.078,CONTACT_ACQUIRE,0.05,0.0,0.0,0,0.0020235452646568614,7.250072313058597e-05,0.002778518676648194,-0.2999494143130988,-0.0003573115758254981
4.079,CONTACT_ACQUIRE,0.05,0.0,0.0,0,0.0020245452646568615,7.527124141743157e-05,0.0027624803008003914,-0.29995282964433057,-0.0003487840383511272
4.08,CONTACT_ACQUIRE,0.05,0.0,0.0,0,0.0020255452646568617,7.802560892364192e-05,0.0027462175005881196,-0.29995624839485613,-0.00033908463583910556
4.081,CONTACT_ACQUIRE,0.05,0.0,0.0,0,0.002026545264656862,8.076360238300066e-05,0.0027297325948012832,-0.2999596704695695,-0.0003282138112360159
4.082,CONTACT_ACQUIRE,0.05,0.0,0.0,0,0.002027545264656862,8.348500085551618e-05,0.0027130279170532266,-0.2999630957618776,-0.00031617512290200414
4.083,CONTACT_ACQUIRE,0.05,0.0,0.0,0,0.002028545264656862,8.618958574210602e-05,0.0026961058155023786,-0.29996652415373504,-0.0003029729959614107
4.0840000000000005,CONTACT_ACQUIRE,0.05,0.0,0.0,0,0.002029545264656862,8.887714079900247e-05,0.0026789686525733256,-0.29996995551568756,-0.000288612702104096
4.085,CONTACT_ACQUIRE,0.05,0.0,0.0,0,0.0020305452646568623,9.154745215187907e-05,0.0026616188046773375,-0.2999733897069236,-0.0002731003394160531
4.086,CONTACT_ACQUIRE,0.05,0.0,0.0,0,0.0020315452646568624,9.420030830969731e-05,0.0026440586619323777,-0.29997682657533414,-0.0002564428122463475
4.087,CONTACT_ACQUIRE,0.05,0.0,0.0,0,0.0020325452646568626,9.683550017827318e-05,0.0026262906278826277,-0.29998026595758026,-0.0002386478111172879
4.088,CONTACT_ACQUIRE,0.05,0.0,0.0,0,0.0020335452646568627,9.945282107356288e-05,0.0026083171192175527,-0.2999837076791685,-0.00021972379268459484
4.089,CONTACT_ACQUIRE,0.05,0.0,0.0,0,0.002034545264656863,0.00010205206673466755,0.002590140565490542,-0.29998715155453387,-0.00019967995975420062
4.09,CONTACT_ACQUIRE,0.05,0.0,0.0,0,0.002035545264656863,0.00010463303533655624,0.002571763408837149,-0.29999059738712996,-0.00017852624136217697
4.091,CONTACT_ACQUIRE,0.05,0.0,0.0,0,0.002036545264656863,0.00010719552750250716,0.0025531881036929623,-0.2999940449695264,-0.00015627327292415234
4.0920000000000005,CONTACT_ACQUIRE,0.05,0.0,0.0,0,0.0020375452646568632,0.0001097393463162664,0.002534417116511138,-0.29999749408351306,-0.00013293237646044633
4.093,CONTACT_ACQUIRE,0.05,0.0,0.0,0,0.0020385452646568634,0.00011226429733392417,0.002515452925479621,-0.3000009445002109,-0.00010851554090301278
4.094,CONTACT_ACQUIRE,0.05,0.0,0.0,0,0.0020395452646568635,0.00011477018859550812,0.002496298020238081,-0.30000439598018985,-8.303540249015112e-05
4.095,CONTACT_ACQUIRE,0.05,0.0,0.0,0,0.0020405452646568636,0.00011725683063629338,0.0024769549015946023,-0.30000784827359245,-5.6505225254809436e-05
4.096,CONTACT_ACQUIRE,0.05,0.0,0.0,0,0.0020415452646568638,0.00011972403649782925,0.0024574260812421445,-0.300011301120264,-2.8938881612170613e-05
4.097,CONTACT_ACQUIRE,0.05,0.0,0.0,0,0.002042545264656864,0.00012217162173868218,0.0024377140814748097,-0.30001475424988855,-3.5083305207968476e-07
4.098,CONTACT_ACQUIRE,0.05,0.0,0.0,0,0.002043545264656864,0.00012459940444489503,0.0024178214349039454,-0.3000182073821308,2.9243889058262354e-05
4.099,CONTACT_ACQUIRE,0.05,0.0,0.0,0,0.002044545264656864,0.00012700720524016232,0.0023977506841741077,-0.3000216602267834,5.982970255604489e-05
4.1,CONTACT_ACQUIRE,0.05,0.0,0.0,0,0.0020455452646568643,0.00012939484729572128,0.0023775043816789167,-0.3000251124839197,9.139049344387238e-05
4.101,CONTACT_ACQUIRE,0.05,0.0,0.0,0,0.0020465452646568644,0.0001317621563399589,0.002357085089276833,-0.3000285638440521,0.00012390963472503637
4.102,CONTACT_ACQUIRE,0.05,0.0,0.0,0,0.0020475452646568646,0.0001341089606677346,0.0023364953780068806,-0.3000320139882945,0.00015737000510813513
4.103,CONTACT_ACQUIRE,0.05,0.0,0.0,0,0.0020485452646568647,0.00013643509114941862,0.002315737827804348,-0.30003546258853075,0.00019175400757626926
4.104,CONTACT_ACQUIRE,0.05,0.0,0.0,0,0.002049545264656865,0.00013874038123964623,0.0022948150272164946,-0.30003890930758703,0.00022704358781617336
4.105,CONTACT_ACQUIRE,0.05,0.0,0.0,0,0.002050545264656865,0.00014102466698578744,0.002273729573118289,-0.3000423537994088,0.00026322025250277015
4.106,CONTACT_ACQUIRE,0.05,0.0,0.0,0,0.002051545264656865,0.0001432877870361327,0.00225248407042821,-0.3000457957092422,0.00030026508743476204
4.107,CONTACT_ACQUIRE,0.05,0.0,0.0,0,0.0020525452646568652,0.00014552958264779425,0.002231081131824139,-0.3000492346738197,0.0003381587755170034
4.108,CONTACT_ACQUIRE,0.05,0.0,0.0,0,0.0020535452646568654,0.00014774989769432369,0.0022095233774593655,-0.30005267032154925,0.0003768816145855215
4.109,CONTACT_ACQUIRE,0.05,0.0,0.0,0,0.0020545452646568655,0.00014994857867304523,0.002187813434678743,-0.30005610227270774,0.0004164135350711807
4.11,CONTACT_ACQUIRE,0.05,0.0,0.0,0,0.0020555452646568656,0.00015212547471210553,0.0021659539377350137,-0.3000595301396376,0.0004567341174981105
4.111,CONTACT_ACQUIRE,0.05,0.0,0.0,0,0.0020565452646568658,0.00015428043757723987,0.0021439475275053387,-0.3000629535269473,0.0004978226098131383
4.112,CONTACT_ACQUIRE,0.05,0.0,0.0,0,0.002057545264656866,0.0001564133216782548,0.002121796851208052,-0.30006637203171455,0.0005396579445425969
4.113,CONTACT_ACQUIRE,0.05,0.0,0.0,0,0.002058545264656866,0.00015852398407522792,0.002099504562119673,-0.30006978524369315,0.0005822187557729953
4.114,CONTACT_ACQUIRE,0.05,0.0,0.0,0,0.002059545264656866,0.00016061228448442462,0.0020770733192922034,-0.3000731927455224,0.0006254833959521593
4.115,CONTACT_ACQUIRE,0.05,0.0,0.0,0,0.0020605452646568663,0.00016267808528393234,0.00205450578727073,-0.3000765941129394,0.0006694299525075825
4.116,CONTACT_ACQUIRE,0.05,0.0,0.0,0,0.0020615452646568664,0.00016472125151901262,0.0020318046358113696,-0.300079988914994,0.0007140362642788292
4.117,CONTACT_ACQUIRE,0.05,0.0,0.0,0,0.0020625452646568666,0.00016674165090717124,0.0020089725395995768,-0.300083376714266,0.0007592799377609668
4.118,CONTACT_ACQUIRE,0.05,0.0,0.0,0,0.0020635452646568667,0.0001687391538429469,0.001986012177968842,-0.30008675706708476,0.0008051383631561129
4.119,CONTACT_ACQUIRE,0.05,0.0,0.0,0,0.002064545264656867,0.00017071363340241875,0.0019629262346198095,-0.30009012952375114,0.0008515887302302993
4.12,CONTACT_ACQUIRE,0.05,0.0,0.0,0,0.002065545264656867,0.00017266496534743326,0.001939717397339838,-0.30009349362876087,0.0008986080439729817
4.121,CONTACT_ACQUIRE,0.05,0.0,0.0,0,0.002066545264656867,0.00017459302812955095,0.0019163883577230352,-0.3000968489210302,0.000946173140056623
4.122,CONTACT_ACQUIRE,0.05,0.0,0.0,0,0.0020675452646568672,0.0001764977028937134,0.0018929418108907872,-0.30010019493412315,0.0009942607000939046
4.123,CONTACT_ACQUIRE,0.05,0.0,0.0,0,0.0020685452646568674,0.00017837887348163092,0.0018693804552128133,-0.30010353119648,0.001042847266690227
4.124,CONTACT_ACQUIRE,0.05,0.0,0.0,0,0.0020695452646568675,0.0001802364264348917,0.00184570699202877,-0.3001068572316473,0.001091909258289274
4.125,CONTACT_ACQUIRE,0.05,0.0,0.0,0,0.0020705452646568676,0.00018207025099779278,0.0018219241253704308,-0.30011017255850947,0.001141422983809527
4.126,CONTACT_ACQUIRE,0.05,0.0,0.0,0,0.0020715452646568678,0.00018388023911989346,0.0017980345616844685,-0.3001134766915206,0.0011913646570697234
4.127,CONTACT_ACQUIRE,0.05,0.0,0.0,0,0.002072545264656868,0.00018566628545829193,0.0017740410095558633,-0.3001167691409381,0.0012417104110013604
4.128,CONTACT_ACQUIRE,0.05,0.0,0.0,0,0.002073545264656868,0.0001874282873796255,0.0017499461794319654,-0.3001200494130566,0.0012924363116464583
4.1290000000000004,CONTACT_ACQUIRE,0.05,0.0,0.0,0,0.002074545264656868,0.0001891661449617953,0.0017257527833472346,-0.30012331701044254,0.0013435183719388989
4.13,CONTACT_ACQUIRE,0.05,0.0,0.0,0,0.0020755452646568683,0.00019087976099541604,0.001701463534648684,-0.3001265714321696,0.0013949325652677612
4.131,CONTACT_ACQUIRE,0.05,0.0,0.0,0,0.0020765452646568684,0.0001925690409849916,0.0016770811477220511,-0.30012981217405416,0.0014466548388211756
4.132,CONTACT_ACQUIRE,0.05,0.0,0.0,0,0.0020775452646568686,0.0001942338931498171,0.0016526083377187252,-0.3001330387288912,0.001498661126709334
4.133,CONTACT_ACQUIRE,0.05,0.0,0.0,0,0.0020785452646568687,0.00019587422842460845,0.0016280478202834495,-0.30013625058669036,0.0015509273628653791
4.134,CONTACT_ACQUIRE,0.05,0.0,0.0,0,0.002079545264656869,0.0001974899604598598,0.0016034023112828288,-0.3001394472349118,0.0016034294937230021
4.135,CONTACT_ACQUIRE,0.05,0.0,0.0,0,0.002080545264656869,0.00019908100562193002,0.0015786745265346633,-0.3001426281587022,0.0016561434906696869
4.136,CONTACT_ACQUIRE,0.05,0.0,0.0,0,0.002081545264656869,0.00020064728299285892,0.0015538671815381344,-0.30014579284113024,0.0017090453622746128
4.1370000000000005,CONTACT_ACQUIRE,0.05,0.0,0.0,0,0.0020825452646568692,0.0002021887143699141,0.0015289829912048668,-0.300148940763422,0.0017621111662903578
4.138,CONTACT_ACQUIRE,0.05,0.0,0.0,0,0.0020835452646568694,0.00020370522426486922,0.0015040246695908895,-0.30015207140519573,0.001815317021427603
4.139,CONTACT_ACQUIRE,0.05,0.0,0.0,0,0.0020845452646568695,0.00020519673990301496,0.001478994929629522,-0.3001551842446959,0.0018686391189021638
4.14,CONTACT_ACQUIRE,0.05,0.0,0.0,0,0.0020855452646568696,0.0002066631912219029,0.0014538964828652058,-0.30015827875902673,0.0019220537337537487
4.141,CONTACT_ACQUIRE,0.05,0.0,0.0,0,0.0020865452646568697,0.00020810451086982412,0.0014287320391883087,-0.3001613544243849,0.001975537235935943
4.142,CONTACT_ACQUIRE,0.05,0.0,0.0,0,0.00208754526465687,0.00020952063420402294,0.0014035043065709224,-0.3001644107162913,0.002029066101177001
4.143,CONTACT_ACQUIRE,0.05,0.0,0.0,0,0.00208854526465687,0.0002109114992886469,0.0013782159908036769,-0.30016744710982146,0.0020826169216111284
4.144,CONTACT_ACQUIRE,0.05,0.0,0.0,0,0.00208954526465687,0.0002122770468924342,0.0013528697952335965,-0.3001704630798354,0.002136166416180015
4.1450000000000005,CONTACT_ACQUIRE,0.05,0.0,0.0,0,0.0020905452646568703,0.00021361722048613934,0.0013274684205030177,-0.3001734581012057,0.002189691440804466
4.146,CONTACT_ACQUIRE,0.05,0.0,0.0,0,0.0020915452646568704,0.00021493196623969854,0.0013020145642895936,-0.3001764316490446,0.0022431689983260705
4.147,CONTACT_ACQUIRE,0.05,0.0,0.0,0,0.0020925452646568705,0.00021622123301913538,0.0012765109210474061,-0.3001793831989294,0.0022965762482189136
4.148,CONTACT_ACQUIRE,0.05,0.0,0.0,0,0.0020935452646568707,0.0002174849723832083,0.0012509601817492087,-0.3001823122271265,0.00234989051607145
4.149,CONTACT_ACQUIRE,0.05,0.0,0.0,0,0.002094545264656871,0.00021872313857980078,0.0012253650336298218,-0.30018521821081373,0.0024030893028387013
4.15,CONTACT_ACQUIRE,0.05,0.0,0.0,0,0.002095545264656871,0.0002199356885420558,0.0011997281599307023,-0.30018810062830104,0.0024561502938650467
4.151,CONTACT_ACQUIRE,0.05,0.0,0.0,0,0.002096545264656871,0.00022112258188425506,0.0011740522396457096,-0.30019095895924913,0.002509051367677944
4.152,CONTACT_ACQUIRE,0.05,0.0,0.0,0,0.002097545264656871,0.00022228378089744486,0.0011483399472680892,-0.30019379268488666,0.0025617706045529907
4.1530000000000005,CONTACT_ACQUIRE,0.05,0.0,0.0,0,0.0020985452646568713,0.0002234192505448095,0.0011225939525386956,-0.30019660128822495,0.002614286294850818
4.154,CONTACT_ACQUIRE,0.05,0.0,0.0,0,0.0020995452646568715,0.0002245289584567934,0.0010968169201954739,-0.300199384254271,0.0026665769471263864
4.155,CONTACT_ACQUIRE,0.05,0.0,0.0,0,0.0021005452646568716,0.00022561287492597375,0.0010710115097242253,-0.30020214107023824,0.002718621296011305
4.156,CONTACT_ACQUIRE,0.05,0.0,0.0,0,0.0021015452646568717,0.00022667097290168396,0.0010451803751106718,-0.30020487122575507,0.002770398309869896
4.157,CONTACT_ACQUIRE,0.05,0.0,0.0,0,0.002102545264656872,0.00022770322798439037,0.001019326164593845,-0.300207574213071,0.0028218871982297724
4.158,CONTACT_ACQUIRE,0.05,0.0,0.0,0,0.002103545264656872,0.00022870961841982274,0.0009934515204208167,-0.3002102495272606,0.0028730674189877763
4.159,CONTACT_ACQUIRE,0.05,0.0,0.0,0,0.002104545264656872,0.00022969012509286026,0.000967559078602794,-0.3002128966664251,0.0029239186853921907
4.16,CONTACT_ACQUIRE,0.05,0.0,0.0,0,0.0021055452646568723,0.00023064473152117424,0.0009416514686725955,-0.30021551513189104,0.0029744209728022036
4.1610000000000005,CONTACT_ACQUIRE,0.05,0.0,0.0,0,0.0021065452646568724,0.00023157342384862913,0.0009157313134435317,-0.30021810442840685,0.00302455452522566
4.162,CONTACT_ACQUIRE,0.05,0.0,0.0,0,0.0021075452646568725,0.000232476190838443,0.0008898012287697075,-0.30022066406433656,0.003074299861636216
4.163,CONTACT_ACQUIRE,0.05,0.0,0.0,0,0.0021085452646568727,0.00023335302386610907,0.000863863823307766,-0.3002231935518508,0.0031236377820710462
4.164,CONTACT_ACQUIRE,0.05,0.0,0.0,0,0.002109545264656873,0.00023420391691207973,0.0008379216982800937,-0.3002256924071151,0.0031725493735103526
4.165,CONTACT_ACQUIRE,0.05,0.0,0.0,0,0.002110545264656873,0.00023502886655421456,0.0008119774472395055,-0.30022816015047543,0.0032210160155399345
4.166,CONTACT_ACQUIRE,0.05,0.0,0.0,0,0.002111545264656873,0.00023582787195999366,0.0007860336558354277,-0.3002305963066407,0.0032690193857981783
4.167,CONTACT_ACQUIRE,0.05,0.0,0.0,0,0.002112545264656873,0.00023660093487849803,0.0007600929015815998,-0.3002330004048624,0.0033165414652088572
4.168,CONTACT_ACQUIRE,0.05,0.0,0.0,0,0.0021135452646568733,0.0002373480596321583,0.0007341577536253097,-0.30023537197911165,0.0033635645430011994
4.1690000000000005,CONTACT_ACQUIRE,0.05,0.0,0.0,0,0.0021145452646568735,0.00023806925310827364,0.0007082307725181844,-0.30023771056825255,0.0034100712215187194
4.17,CONTACT_ACQUIRE,0.05,0.0,0.0,0,0.0021155452646568736,0.00023876452475030208,0.0006823145099885516,-0.3002400157162129,0.003456044420818375
4.171,CONTACT_ACQUIRE,0.05,0.0,0.0,0,0.0021165452646568737,0.00023943388654892406,0.00065641150871539,-0.30024228697215166,0.0035014673830616647
4.172,CONTACT_ACQUIRE,0.05,0.0,0.0,0,0.002117545264656874,0.0002400773530328808,0.0006305243021038881,-0.3002445238906235,0.003546323676699309
4.173,CONTACT_ACQUIRE,0.05,0.0,0.0,0,0.002118545264656874,0.0002406949412595888,0.000604655414062625,-0.3002467260317397,0.00359059720045122
4.174,CONTACT_ACQUIRE,0.05,0.0,0.0,0,0.002119545264656874,0.0002412866708055327,0.0005788073587823941,-0.3002488929613261,0.0036342721870835253
4.175,CONTACT_ACQUIRE,0.05,0.0,0.0,0,0.0021205452646568743,0.0002418525637564375,0.0005529826405166838,-0.3002510242510781,0.003677333206984422
4.176,CONTACT_ACQUIRE,0.05,0.0,0.0,0,0.0021215452646568744,0.00024239264469722214,0.0005271837533638334,-0.3002531194787113,0.003719765171540705
4.1770000000000005,CONTACT_ACQUIRE,0.05,0.0,0.0,0,0.0021225452646568745,0.00024290694070173622,0.0005014131810508798,-0.30025517822811015,0.0037615533363168667
4.178,CONTACT_ACQUIRE,0.05,0.0,0.0,0,0.0021235452646568747,0.0002433954813222813,0.0004756733967191114,-0.3002572000894722,0.003802683304038657
4.179,CONTACT_ACQUIRE,0.05,0.0,0.0,0,0.002124545264656875,0.00024385829857891868,0.0004499668627113455,-0.30025918465944934,0.003843141027383103
4.18,CONTACT_ACQUIRE,0.05,0.0,0.0,0,0.002125545264656875,0.0002442954269485652,0.0004242960303609445,-0.3002611315412857,0.0038829128115769516
4.181,CONTACT_ACQUIRE,0.05,0.0,0.0,0,0.002126545264656875,0.00024470690335387914,0.0003986633397825868,-0.3002630403449518,0.003921985316805608
4.182,CONTACT_ACQUIRE,0.05,0.0,0.0,0,0.002127545264656875,0.0002450927671519375,0.00037307121966480717,-0.3002649106872757,0.003960345560434616
4.183,CONTACT_ACQUIRE,0.05,0.0,0.0,0,0.0021285452646568753,0.00024545306012270713,0.00034752208706432267,-0.3002667421920697,0.003997980919045784
4.184,CONTACT_ACQUIRE,0.05,0.0,0.0,0,0.0021295452646568755,0.00024578782645731054,0.00032201834720215763,-0.3002685344902549,0.0040348791302901345
4.1850000000000005,CONTACT_ACQUIRE,0.05,0.0,0.0,0,0.0021305452646568756,0.0002460971127460892,0.00029656239326158345,-0.30027028721998106,0.0040710282945598045
4.186,CONTACT_ACQUIRE,0.05,0.0,0.0,0,0.0021315452646568757,0.0002463809679664654,0.0002711566061878874,-0.3002720000267432,0.004106416876481121
4.187,CONTACT_ACQUIRE,0.05,0.0,0.0,0,0.002132545264656876,0.00024663944347060507,0.000245803354489984,-0.3002736725634952,0.00414103370623108
4.188,CONTACT_ACQUIRE,0.05,0.0,0.0,0,0.002133545264656876,0.0002468725929728829,0.00022050499404388334,-0.3002753044907588,0.004174867980679507
4.189,CONTACT_ACQUIRE,0.05,0.0,0.0,0,0.002134545264656876,0.00024708047253715193,0.0001952638678980308,-0.30027689547673003,0.004207909264359146
4.19,CONTACT_ACQUIRE,0.05,0.0,0.0,0,0.0021355452646568763,0.00024726314056381943,0.0001700823060805301,-0.30027844519738134,0.0042401474902660306
4.191,CONTACT_ACQUIRE,0.05,0.0,0.0,0,0.0021365452646568764,0.000247420657776731,0.00014496262540826413,-0.3002799533365603,0.004271572960492448
4.192,CONTACT_ACQUIRE,0.05,0.0,0.0,0,0.0021375452646568765,0.0002475530872098648,0.00011990712929792655,-0.3002814195860849,0.004302176346694876
4.1930000000000005,CONTACT_ACQUIRE,0.05,0.0,0.0,0,0.0021385452646568767,0.00024766049419383735,9.491810757897618e-05,-0.30028284364583485,0.004331948690399265
4.194,CONTACT_ACQUIRE,0.05,0.0,0.0,0,0.002139545264656877,0.000247742946342224,6.999783630852768e-05,-0.3002842252238396,0.004360881403146056
4.195,CONTACT_ACQUIRE,0.05,0.0,0.0,0,0.002140545264656877,0.0002478005135376946,4.5148577588190175e-05,-0.3002855640363624,0.004388966266477403
4.196,CONTACT_ACQUIRE,0.05,0.0,0.0,0,0.002141545264656877,0.0002478332679179672,2.0372579382866388e-05,-0.3002868598079813,0.004416195431768978
4.197,CONTACT_ACQUIRE,0.05,0.0,0.0,0,0.002142545264656877,0.00024784128386158176,-4.3279246584761375e-06,-0.30028811227166563,0.004442561419908881
4.198,CONTACT_ACQUIRE,0.05,0.0,0.0,0,0.0021435452646568773,0.0002478246379734952,-2.8950715380049895e-05,-0.30028932116884965,0.004468057120826095
4.199,CONTACT_ACQUIRE,0.05,0.0,0.0,0,0.0021445452646568774,0.00024778340907050057,-5.349358829449705e-05,-0.3002904862495023,0.004492675792870973
4.2,CONTACT_ACQUIRE,0.05,0.0,0.0,0,0.0021455452646568776,0.0002477176781664718,-7.79543537561326e-05,-0.3002916072721932,0.004516411062050289
4.2010000000000005,CONTACT_ACQUIRE,0.05,0.0,0.0,0,0.0021465452646568777,0.0002476275284574362,-0.00010233083713217016,-0.3002926840041553,0.004539256921119369
4.202,CONTACT_ACQUIRE,0.05,0.0,0.0,0,0.002147545264656878,0.0002475130453064769,-0.00012662087897191964,-0.30029371622134376,0.004561207728533796
4.203,CONTACT_ACQUIRE,0.05,0.0,0.0,0,0.002148545264656878,0.00024737431622846694,-0.00015082233517394643,-0.3002947037084912,0.004582258207263283
4.204,CONTACT_ACQUIRE,0.05,0.0,0.0,0,0.002149545264656878,0.0002472114308746372,-0.00017493307715118163,-0.30029564625915955,0.004602403443470221
4.205,CONTACT_ACQUIRE,0.05,0.0,0.0,0,0.0021505452646568782,0.00024702448101698046,-0.00019895099199397366,-0.3002965436757883,0.004621638885055514
4.206,CONTACT_ACQUIRE,0.05,0.0,0.0,0,0.0021515452646568784,0.00024681356053249333,-0.00022287398263107105,-0.30029739576973896,0.0046399603400741896
4.207,CONTACT_ACQUIRE,0.05,0.0,0.0,0,0.0021525452646568785,0.0002465787653872581,-0.00024669996798852746,-0.3002982023613365,0.004657363975023463
4.208,CONTACT_ACQUIRE,0.05,0.0,0.0,0,0.0021535452646568786,0.000246320193620367,-0.00027042688314651885,-0.3002989632799065,0.0046738463130057434
4.2090000000000005,CONTACT_ACQUIRE,0.05,0.0,0.0,0,0.0021545452646568788,0.00024603794532769037,-0.00029405267949406474,-0.3002996783638097,0.004689404231769234
4.21,CONTACT_ACQUIRE,0.05,0.0,0.0,0,0.002155545264656879,0.00024573212264549155,-0.0003175753248816437,-0.3003003474604724,0.004704034961628665
4.211,CONTACT_ACQUIRE,0.05,0.0,0.0,0,0.002156545264656879,0.00024540282973388976,-0.00034099280377169507,-0.3003009704264136,0.004717736083268819
4.212,CONTACT_ACQUIRE,0.05,0.0,0.0,0,0.002157545264656879,0.00024505017276017397,-0.000364303117386999,-0.3003015471272689,0.004730505525433355
4.213,CONTACT_ACQUIRE,0.05,0.0,0.0,0,0.0021585452646568793,0.00024467425988196914,-0.0003875042838569254,-0.3003020774378107,0.0047423415625016145
4.214,CONTACT_ACQUIRE,0.05,0.0,0.0,0,0.0021595452646568794,0.00024427520123025746,-0.00041059433836154497,-0.30030256124196497,0.004753242811955951
4.215,CONTACT_ACQUIRE,0.05,0.0,0.0,0,0.0021605452646568796,0.00024385310889225642,-0.0004335713332735948,-0.3003029984328252,0.004763208231742199
4.216,CONTACT_ACQUIRE,0.05,0.0,0.0,0,0.0021615452646568797,0.00024340809689415608,-0.00045643333829829027,-0.3003033889126623,0.004772237117525885
4.2170000000000005,CONTACT_ACQUIRE,0.05,0.0,0.0,0,0.00216254526465688,0.00024294028118371767,-0.00047917844061097666,-0.3003037325929316,0.004780329099846741
4.218,CONTACT_ACQUIRE,0.05,0.0,0.0,0,0.00216354526465688,0.0002424497796127354,-0.0005018047449926136,-0.3003040293942765,0.0047874841411741555
4.219,CONTACT_ACQUIRE,0.05,0.0,0.0,0,0.00216454526465688,0.00024193671191936409,-0.0005243103739630854,-0.30030427924652886,0.004793702532866107
4.22,CONTACT_ACQUIRE,0.05,0.0,0.0,0,0.0021655452646568802,0.0002414011997103145,-0.0005466934679123308,-0.3003044820887061,0.0047989848920341775
4.221,CONTACT_ACQUIRE,0.05,0.0,0.0,0,0.0021665452646568804,0.0002408433664429186,-0.0005689521852292867,-0.30030463786900513,0.004803332158317224
4.222,CONTACT_ACQUIRE,0.05,0.0,0.0,0,0.0021675452646568805,0.00024026333740706702,-0.0005910847024286383,-0.30030474654479317,0.004806745590566267
4.223,CONTACT_ACQUIRE,0.05,0.0,0.0,0,0.0021685452646568806,0.00023966123970702084,-0.0006130892142753716,-0.3003048080825954,0.004809226763443156
4.224,CONTACT_ACQUIRE,0.05,0.0,0.0,0,0.0021695452646568808,0.00023903720224309995,-0.0006349639339071214,-0.3003048224580795,0.004810777563935567
4.225,CONTACT_ACQUIRE,0.05,0.0,0.0,0,0.002170545264656881,0.0002383913556932501,-0.0006567070929543114,-0.3003047896560371,0.0048114001877909
4.226,CONTACT_ACQUIRE,0.05,0.0,0.0,0,0.002171545264656881,0.00023772383249449103,-0.0006783169416580781,-0.3003047096703623,0.00481109713587154
4.227,CONTACT_ACQUIRE,0.05,0.0,0.0,0,0.002172545264656881,0.00023703476682424766,-0.0006997917489859777,-0.30030458250402725,0.0048098712104341045
4.228,CONTACT_ACQUIRE,0.05,0.0,0.0,0,0.0021735452646568813,0.00023632429458156676,-0.0007211298027454684,-0.30030440816905435,0.004807725511335096
4.229,CONTACT_ACQUIRE,0.05,0.0,0.0,0,0.0021745452646568814,0.00023559255336822127,-0.0007423294096951652,-0.3003041866864862,0.004804663432165541
4.23,CONTACT_ACQUIRE,0.05,0.0,0.0,0,0.0021755452646568816,0.00023483968246970437,-0.0007633888956538622,-0.300303918086352,0.004800688656317031
4.231,CONTACT_ACQUIRE,0.05,0.0,0.0,0,0.0021765452646568817,0.00023406582283611583,-0.0007843066056073203,-0.3003036024076317,0.004795805152981707
4.232,CONTACT_ACQUIRE,0.05,0.0,0.0,0,0.002177545264656882,0.00023327111706294247,-0.0008050809038128142,-0.3003032396982169,0.004790017173088602
4.233,CONTACT_ACQUIRE,0.05,0.0,0.0,0,0.002178545264656882,0.00023245570937173538,-0.0008257101739014375,-0.3003028300148691,0.004783329245178812
4.234,CONTACT_ACQUIRE,0.05,0.0,0.0,0,0.002179545264656882,0.00023161974559068586,-0.0008461928189781612,-0.30030237342317556,0.004775746171221937
4.235,CONTACT_ACQUIRE,0.05,0.0,0.0,0,0.0021805452646568822,0.00023076337313510247,-0.0008665272617196435,-0.3003018699975018,0.004767273022376171
4.236,CONTACT_ACQUIRE,0.05,0.0,0.0,0,0.0021815452646568824,0.0002298867409877913,-0.0008867119444697889,-0.3003013198209422,0.004757915134694506
4.237,CONTACT_ACQUIRE,0.05,0.0,0.0,0,0.0021825452646568825,0.00022898999967934202,-0.0009067453293330519,-0.3003007229852675,0.004747678104779359
4.238,CONTACT_ACQUIRE,0.05,0.0,0.0,0,0.0021835452646568826,0.00022807330126832148,-0.0009266258982654849,-0.3003000795908699,0.004736567785388062
4.239,CONTACT_ACQUIRE,0.05,0.0,0.0,0,0.0021845452646568828,0.00022713679932137763,-0.0009463521531635291,-0.3002993897467058,0.0047245902809915155
4.24,CONTACT_ACQUIRE,0.05,0.0,0.0,0,0.002185545264656883,0.0002261806488932556,-0.0009659226159505433,-0.3002986535702357,0.004711751943288354
4.241,CONTACT_ACQUIRE,0.05,0.0,0.0,0,0.002186545264656883,0.0002252050065067285,-0.0009853358286610729,-0.3002978711873621,0.0046980593666769484
4.242,CONTACT_ACQUIRE,0.05,0.0,0.0,0,0.002187545264656883,0.00022421003013244507,-0.0010045903535228552,-0.30029704273236474,0.004683519383687519
4.243,CONTACT_ACQUIRE,0.05,0.0,0.0,0,0.0021885452646568833,0.00022319587916869637,-0.0010236847730365616,-0.30029616834783346,0.004668139060376641
4.244,CONTACT_ACQUIRE,0.05,0.0,0.0,0,0.0021895452646568834,0.00022216271442110396,-0.0010426176900532737,-0.3002952481845992,0.004651925691686409
4.245,CONTACT_ACQUIRE,0.05,0.0,0.0,0,0.0021905452646568836,0.00022111069808223164,-0.0010613877278496952,-0.3002942824016621,0.004634886796770463
4.246,CONTACT_ACQUIRE,0.05,0.0,0.0,0,0.0021915452646568837,0.0002200399937111233,-0.0010799935302010983,-0.3002932711661181,0.004617030114289124
4.247,CONTACT_ACQUIRE,0.05,0.0,0.0,0,0.002192545264656884,0.00021895076621276862,-0.001098433761452003,-0.30029221465308265,0.004598363597675806
4.248,CONTACT_ACQUIRE,0.05,0.0,0.0,0,0.002193545264656884,0.0002178431818174996,-0.0011167071065845914,-0.3002911130456131,0.00457889541037688
4.249,CONTACT_ACQUIRE,0.05,0.0,0.0,0,0.002194545264656884,0.00021671740806031954,-0.0011348122712848564,-0.30028996653462836,0.004558633921067131
4.25,CONTACT_ACQUIRE,0.05,0.0,0.0,0,0.0021955452646568842,0.00021557361376016716,-0.001152747982006485,-0.30028877531882686,0.004537587698842939
4.251,CONTACT_ACQUIRE,0.05,0.0,0.0,0,0.0021965452646568843,0.00021441196899911786,-0.0011705129860324775,-0.3002875396046027,0.004515765508395284
4.252,CONTACT_ACQUIRE,0.05,0.0,0.0,0,0.0021975452646568845,0.00021323264510152457,-0.0011881060515345038,-0.30028625960595934,0.00449317630516463
4.253,CONTACT_ACQUIRE,0.05,0.0,0.0,0,0.0021985452646568846,0.0002120358146131003,-0.0012055259676299968,-0.30028493554442215,0.004469829230479793
4.2540000000000004,CONTACT_ACQUIRE,0.05,0.0,0.0,0,0.0021995452646568847,0.00021082165127994483,-0.0012227715444369852,-0.3002835676489485,0.004445733606682735
4.255,CONTACT_ACQUIRE,0.05,0.0,0.0,0,0.002200545264656885,0.0002095903300275176,-0.0012398416131266677,-0.30028215615583637,0.004420898932241387
4.256,CONTACT_ACQUIRE,0.05,0.0,0.0,0,0.002201545264656885,0.00020834202693955923,-0.0012567350259737294,-0.30028070130863127,0.004395334876852407
4.257,CONTACT_ACQUIRE,0.05,0.0,0.0,0,0.002202545264656885,0.00020707691923696378,-0.0012734506564044032,-0.3002792033580313,0.004369051276535844
4.258,CONTACT_ACQUIRE,0.05,0.0,0.0,0,0.0022035452646568853,0.0002057951852566041,-0.0012899873990422782,-0.3002776625617909,0.004342058128723663
4.259,CONTACT_ACQUIRE,0.05,0.0,0.0,0,0.0022045452646568854,0.00020449700443011257,-0.001306344169751857,-0.3002760791846224,0.004314365587343994
4.26,CONTACT_ACQUIRE,0.05,0.0,0.0,0,0.0022055452646568855,0.0002031825572626193,-0.001322519905679867,-0.3002744534980969,0.004285983957903017
4.261,CONTACT_ACQUIRE,0.05,0.0,0.0,0,0.0022065452646568857,0.00020185202531145012,-0.0013385135652943243,-0.3002727857805429,0.004256923692566293
4.2620000000000005,CONTACT_ACQUIRE,0.05,0.0,0.0,0,0.002207545264656886,0.00020050559116478687,-0.0013543241284213591,-0.30027107631694383,0.004227195385241416
4.263,CONTACT_ACQUIRE,0.05,0.0,0.0,0,0.002208545264656886,0.00019914343842029162,-0.0013699505962797996,-0.3002693253988343,0.0041968097666637205
4.264,CONTACT_ACQUIRE,0.05,0.0,0.0,0,0.002209545264656886,0.00019776575166369773,-0.0013853919915135231,-0.30026753332419465,0.004165777699486879
4.265,CONTACT_ACQUIRE,0.05,0.0,0.0,0,0.002210545264656886,0.0001963727164473695,-0.0014006473582215758,-0.3002657003973446,0.004134110173380073
4.266,CONTACT_ACQUIRE,0.05,0.0,0.0,0,0.0022115452646568863,0.00019496451926883287,-0.0014157157619860649,-0.30026382692883546,0.004101818300133505
4.267,CONTACT_ACQUIRE,0.05,0.0,0.0,0,0.0022125452646568865,0.0001935413475492794,-0.001430596289897829,-0.3002619132353409,0.00406891330877389
4.268,CONTACT_ACQUIRE,0.05,0.0,0.0,0,0.0022135452646568866,0.00019210338961204553,-0.0014452880505798889,-0.3002599596395472,0.004035406540691622
4.269,CONTACT_ACQUIRE,0.05,0.0,0.0,0,0.0022145452646568867,0.0001906508346610697,-0.001459790174208686,-0.3002579664700418,0.004001309444781249
4.2700000000000005,CONTACT_ACQUIRE,0.05,0.0,0.0,0,0.002215545264656887,0.0001891838727593291,-0.0014741018125331098,-0.30025593406120116,0.003966633572596808
4.271,CONTACT_ACQUIRE,0.05,0.0,0.0,0,0.002216545264656887,0.00018770269480725878,-0.0014882221388913238,-0.3002538627530772,0.003931390573523687
4.272,CONTACT_ACQUIRE,0.05,0.0,0.0,0,0.002217545264656887,0.00018620749252115477,-0.0015021503482253904,-0.3002517528912834,0.0038955921899684596
4.273,CONTACT_ACQUIRE,0.05,0.0,0.0,0,0.0022185452646568873,0.00018469845841156385,-0.0015158856570937043,-0.30024960482687946,0.0038592502525683003
4.274,CONTACT_ACQUIRE,0.05,0.0,0.0,0,0.0022195452646568874,0.0001831757857616618,-0.0015294273036812374,-0.3002474189162553,0.0038223766754214095
4.275,CONTACT_ACQUIRE,0.05,0.0,0.0,0,0.0022205452646568875,0.0001816396686056228,-0.0015427745478076012,-0.3002451955210142,0.0037849834513399403
4.276,CONTACT_ACQUIRE,0.05,0.0,0.0,0,0.0022215452646568877,0.00018009030170698147,-0.001555926670932935,-0.3002429350078553,0.0037470826471268557
4.277,CONTACT_ACQUIRE,0.05,0.0,0.0,0,0.002222545264656888,0.0001785278805369904,-0.0015688829761616233,-0.3002406377484552,0.0037086863988781173
4.2780000000000005,CONTACT_ACQUIRE,0.05,0.0,0.0,0,0.002223545264656888,0.00017695260125297498,-0.0015816427882438496,-0.3002383041193489,0.003669806907311582
4.279,CONTACT_ACQUIRE,0.05,0.0,0.0,0,0.002224545264656888,0.00017536466067668763,-0.0015942054535749957,-0.30023593450181013,0.003630456433123955
4.28,CONTACT_ACQUIRE,0.05,0.0,0.0,0,0.002225545264656888,0.00017376425627266387,-0.0016065703401928885,-0.3002335292817313,0.0035906472923771197
4.281,CONTACT_ACQUIRE,0.05,0.0,0.0,0,0.0022265452646568883,0.0001721515861265821,-0.0016187368377729063,-0.3002310888495026,0.003550391851915134
4.282,CONTACT_ACQUIRE,0.05,0.0,0.0,0,0.0022275452646568885,0.00017052684892362945,-0.0016307043576209482,-0.30022861359989067,0.003509702524813144
4.283,CONTACT_ACQUIRE,0.05,0.0,0.0,0,0.0022285452646568886,0.00016889024392687557,-0.001642472332664276,-0.3002261039319169,0.0034685917658594623
4.284,CONTACT_ACQUIRE,0.05,0.0,0.0,0,0.0022295452646568887,0.0001672419709556568,-0.0016540402174402345,-0.3002235602487354,0.0034270720670719996
4.285,CONTACT_ACQUIRE,0.05,0.0,0.0,0,0.002230545264656889,0.00016558223036397258,-0.0016654074880828608,-0.3002209829575105,0.0033851559532502404
4.2860000000000005,CONTACT_ACQUIRE,0.05,0.0,0.0,0,0.002231545264656889,0.00016391122301889636,-0.0016765736423073867,-0.3002183724692936,0.0033428559775638784
4.287,CONTACT_ACQUIRE,0.05,0.0,0.0,0,0.002232545264656889,0.00016222915027900295,-0.0016875381993926453,-0.30021572919890066,0.0033001847171792668
4.288,CONTACT_ACQUIRE,0.05,0.0,0.0,0,0.0022335452646568893,0.00016053621397281472,-0.0016983007001613887,-0.3002130535647883,0.0032571547689247363
4.289,CONTACT_ACQUIRE,0.05,0.0,0.0,0,0.0022345452646568894,0.00015883261637726824,-0.0017088607069585266,-0.30021034598893054,0.003213778744995862
4.29,CONTACT_ACQUIRE,0.05,0.0,0.0,0,0.0022355452646568895,0.00015711856019620394,-0.001719217803627292,-0.30020760689669523,0.0031700692687016965
4.291,CONTACT_ACQUIRE,0.05,0.0,0.0,0,0.0022365452646568897,0.0001553942485388806,-0.001729371595483346,-0.30020483671672,0.0031260389702529746
4.292,CONTACT_ACQUIRE,0.05,0.0,0.0,0,0.00223754526465689,0.00015365988489851669,-0.001739321709286828,-0.3002020358807885,0.0030817004825932663
4.293,CONTACT_ACQUIRE,0.05,0.0,0.0,0,0.00223854526465689,0.00015191567313086067,-0.0017490677932123625,-0.3001992048237066,0.0030370664372740136
4.2940000000000005,CONTACT_ACQUIRE,0.05,0.0,0.0,0,0.00223954526465689,0.0001501618174327924,-0.0017586095168170307,-0.30019634398317857,0.0029921494603743766
4.295,CONTACT_ACQUIRE,0.05,0.0,0.0,0,0.00224054526465689,0.0001483985223209576,-0.001767946571006316,-0.3001934537996831,0.0029469621684667675
4.296,CONTACT_ACQUIRE,0.05,0.0,0.0,0,0.0022415452646568903,0.00014662599261043712,-0.0017770786679980357,-0.3001905347163496,0.0029015171646289356
4.297,CONTACT_ACQUIRE,0.05,0.0,0.0,0,0.0022425452646568905,0.00014484443339345376,-0.0017860055412842646,-0.3001875871788347,0.002855827034503442
4.298,CONTACT_ACQUIRE,0.05,0.0,0.0,0,0.0022435452646568906,0.0001430540500181176,-0.0017947269455912656,-0.3001846116351989,0.002809904342405307
4.299,CONTACT_ACQUIRE,0.05,0.0,0.0,0,0.0022445452646568907,0.00014125504806721288,-0.001803242656837433,-0.30018160853578313,0.002763761627478636
4.3,CONTACT_ACQUIRE,0.05,0.0,0.0,0,0.002245545264656891,0.00013944763333702763,-0.001811552472089261,-0.30017857833308603,0.002717411399902934
4.301,CONTACT_ACQUIRE,0.05,0.0,0.0,0,0.002246545264656891,0.00013763201181622844,-0.0018196562095153487,-0.30017552148164117,0.0026708661371498696
4.3020000000000005,CONTACT_ACQUIRE,0.05,0.0,0.0,0,0.002247545264656891,0.0001358083896647821,-0.00182755370833845,-0.3001724384378947,0.002624138280291142
4.303,CONTACT_ACQUIRE,0.05,0.0,0.0,0,0.0022485452646568913,0.00013397697319292626,-0.0018352448287855818,-0.3001693296600833,0.0025772402303581524
4.304,CONTACT_ACQUIRE,0.05,0.0,0.0,0,0.0022495452646568914,0.00013213796884019102,-0.0018427294520362003,-0.3001661956081127,0.0025301843447540886
4.305,CONTACT_ACQUIRE,0.05,0.0,0.0,0,0.0022505452646568915,0.00013029158315447305,-0.0018500074801684552,-0.3001630367434364,0.0024829829337190503
4.306,CONTACT_ACQUIRE,0.05,0.0,0.0,0,0.0022515452646568916,0.00012843802277116468,-0.0018570788361035365,-0.3001598535289351,0.002435648256848802
4.307,CONTACT_ACQUIRE,0.05,0.0,0.0,0,0.0022525452646568918,0.00012657749439233938,-0.0018639434635481227,-0.3001566464287962,0.0023881925196676985
4.308,CONTACT_ACQUIRE,0.05,0.0,0.0,0,0.002253545264656892,0.0001247102047659959,-0.0018706013269349424,-0.3001534159083944,0.0023406278702563245
4.309,CONTACT_ACQUIRE,0.05,0.0,0.0,0,0.002254545264656892,0.00012283636066536273,-0.0018770524113614624,-0.3001501624341725,0.002292966395934359
4.3100000000000005,CONTACT_ACQUIRE,0.05,0.0,0.0,0,0.002255545264656892,0.00012095616886826476,-0.0018832967225267132,-0.3001468864735227,0.002245220119999121
4.311,CONTACT_ACQUIRE,0.05,0.0,0.0,0,0.0022565452646568923,0.00011906983613655407,-0.0018893342866662638,-0.3001435884946691,0.0021974009985202846
4.312,CONTACT_ACQUIRE,0.05,0.0,0.0,0,0.0022575452646568924,0.0001171775691956067,-0.001895165150485359,-0.30014026896654994,0.0021495209171911627
4.313,CONTACT_ACQUIRE,0.05,0.0,0.0,0,0.0022585452646568926,0.00011527957471388714,-0.001900789381090232,-0.3001369283587014,0.002101591688236976
4.314,CONTACT_ACQUIRE,0.05,0.0,0.0,0,0.0022595452646568927,0.00011337605928258246,-0.001906207065917601,-0.30013356714114175,0.002053625047380482
4.315,CONTACT_ACQUIRE,0.05,0.0,0.0,0,0.002260545264656893,0.00011146722939530783,-0.0019114183126623689,-0.3001301857842561,0.002005632650865318
4.316,CONTACT_ACQUIRE,0.05,0.0,0.0,0,0.002261545264656893,0.0001095532914278852,-0.0019164232492035335,-0.30012678475868226,0.001957626072537385
4.317,CONTACT_ACQUIRE,0.05,0.0,0.0,0,0.002262545264656893,0.00010763445161819704,-0.0019212220235283232,-0.30012336453519717,0.0019096168009845817
4.3180000000000005,CONTACT_ACQUIRE,0.05,0.0,0.0,0,0.0022635452646568932,0.00010571091604611672,-0.0019258148036545718,-0.30011992558460426,0.001861616236735152
4.319,CONTACT_ACQUIRE,0.05,0.0,0.0,0,0.0022645452646568934,0.00010378289061351747,-0.0019302017775513448,-0.3001164683776217,0.0018136356895149274
4.32,CONTACT_ACQUIRE,0.05,0.0,0.0,0,0.0022655452646568935,0.0001018505810243616,-0.0019343831530578305,-0.3001129933847714,0.0017656863755636735
4.321,CONTACT_ACQUIRE,0.05,0.0,0.0,0,0.0022665452646568936,9.991419276487156e-05,-0.0019383591578005102,-0.30010950107626905,0.0017177794150107608
4.322,CONTACT_ACQUIRE,0.05,0.0,0.0,0,0.0022675452646568938,9.797393108378488e-05,-0.00194213003910862,-0.30010599192191517,0.0016699258293103444
4.323,CONTACT_ACQUIRE,0.05,0.0,0.0,0,0.002268545264656894,9.603000097269428e-05,-0.0019456960639279187,-0.300102466390987,0.001622136538736207
4.324,CONTACT_ACQUIRE,0.05,0.0,0.0,0,0.002269545264656894,9.408260714647508e-05,-0.0019490575187327763,-0.3000989249521312,0.0015744223599364205
4.325,CONTACT_ACQUIRE,0.05,0.0,0.0,0,0.002270545264656894,9.213195402380112e-05,-0.0019522147094365948,-0.30009536807325815,0.001526794003547926
4.3260000000000005,CONTACT_ACQUIRE,0.05,0.0,0.0,0,0.0022715452646568943,9.017824570775132e-05,-0.0019551679613005785,-0.3000917962214366,0.001479262071871141
4.327,CONTACT_ACQUIRE,0.05,0.0,0.0,0,0.0022725452646568944,8.822168596650809e-05,-0.0019579176188408657,-0.30008820986278995,0.0014318370566046615
4.328,CONTACT_ACQUIRE,0.05,0.0,0.0,0,0.0022735452646568946,8.626247821414954e-05,-0.0019604640457340367,-0.3000846094623932,0.0013845293366401103
4.329,CONTACT_ACQUIRE,0.05,0.0,0.0,0,0.0022745452646568947,8.430082549153696e-05,-0.0019628076247210128,-0.3000809954841711,0.0013373491759171648
4.33,CONTACT_ACQUIRE,0.05,0.0,0.0,0,0.002275545264656895,8.23369304472992e-05,-0.001964948757509362,-0.30007736839079785,0.0012903067213387747
4.331,CONTACT_ACQUIRE,0.05,0.0,0.0,0,0.002276545264656895,8.03709953189155e-05,-0.0019668878646740234,-0.3000737286435972,0.0012434120007465542
4.332,CONTACT_ACQUIRE,0.05,0.0,0.0,0,0.002277545264656895,7.840322191389843e-05,-0.001968625385556468,-0.30007007670244434,0.0011966749209563231
4.333,CONTACT_ACQUIRE,0.05,0.0,0.0,0,0.0022785452646568952,7.643381159107843e-05,-0.001970161778162309,-0.30006641302566867,0.0011501052658537388
4.3340000000000005,CONTACT_ACQUIRE,0.05,0.0,0.0,0,0.0022795452646568954,7.44629652419915e-05,-0.001971497519057376,-0.30006273806995787,0.0011037126945499538
4.335,CONTACT_ACQUIRE,0.05,0.0,0.0,0,0.0022805452646568955,7.249088327237155e-05,-0.0019726331032622717,-0.30005905229026325,0.0010575067395972074
4.336,CONTACT_ACQUIRE,0.05,0.0,0.0,0,0.0022815452646568956,7.051776558374903e-05,-0.0019735690441454222,-0.30005535613970613,0.0010114968052642366
4.337,CONTACT_ACQUIRE,0.05,0.0,0.0,0,0.0022825452646568958,6.854381155515714e-05,-0.001974305873314639,-0.3000516500694858,0.0009656921658713804
4.338,CONTACT_ACQUIRE,0.05,0.0,0.0,0,0.002283545264656896,6.656922002494735e-05,-0.001974844140507206,-0.30004793452878836,0.0009201019641852347
4.339,CONTACT_ACQUIRE,0.05,0.0,0.0,0,0.002284545264656896,6.459418927271542e-05,-0.001975184413478511,-0.3000442099646972,0.0008747352098726816
4.34,CONTACT_ACQUIRE,0.05,0.0,0.0,0,0.002285545264656896,6.261891700133964e-05,-0.0019753272778892297,-0.3000404768221047,0.0008296007780141197
4.341,CONTACT_ACQUIRE,0.05,0.0,0.0,0,0.0022865452646568963,6.064360031913251e-05,-0.0019752733371910885,-0.30003673554362503,0.0007847074076756868
4.3420000000000005,CONTACT_ACQUIRE,0.05,0.0,0.0,0,0.0022875452646568964,5.86684357221074e-05,-0.001975023212511211,-0.3000329865695085,0.0007400637005402593
4.343,CONTACT_ACQUIRE,0.05,0.0,0.0,0,0.0022885452646568966,5.669361907636159e-05,-0.0019745775425350745,-0.3000292303375573,0.0006956781195969929
4.344,CONTACT_ACQUIRE,0.05,0.0,0.0,0,0.0022895452646568967,5.471934560057699e-05,-0.0019739369833880814,-0.30002546728304247,0.0006515589878891497
4.345,CONTACT_ACQUIRE,0.05,0.0,0.0,0,0.002290545264656897,5.2745809848639976e-05,-0.0019731022085157732,-0.3000216978386222,0.0006077144873199442
4.346,CONTACT_ACQUIRE,0.05,0.0,0.0,0,0.002291545264656897,5.077320569238175e-05,-0.001972073908562694,-0.3000179224342617,0.0005641526575161232
4.347,CONTACT_ACQUIRE,0.05,0.0,0.0,0,0.002292545264656897,4.880172630444045e-05,-0.0019708527912499236,-0.3000141414971542,0.0005208813947489774
4.348,CONTACT_ACQUIRE,0.05,0.0,0.0,0,0.0022935452646568972,4.6831564141246365e-05,-0.001969439581251299,-0.3000103554516438,0.00047790845091246896
4.349,CONTACT_ACQUIRE,0.05,0.0,0.0,0,0.0022945452646568974,4.486291092613165e-05,-0.0019678350200683353,-0.3000065647191491,0.0004352414325581449
4.3500000000000005,CONTACT_ACQUIRE,0.05,0.0,0.0,0,0.0022955452646568975,4.289595763256569e-05,-0.001966039865903864,-0.30000276971808887,0.00039288779998648653
4.351,CONTACT_ACQUIRE,0.05,0.0,0.0,0,0.0022965452646568976,4.0930894467517506e-05,-0.0019640548935344108,-0.2999989708638087,0.0003508548663943367
4.352,CONTACT_ACQUIRE,0.05,0.0,0.0,0,0.0022975452646568978,3.896791085494641e-05,-0.001961880894181322,-0.2999951685685095,0.00030914979707802906
4.353,CONTACT_ACQUIRE,0.05,0.0,0.0,0,0.002298545264656898,3.7007195419422086e-05,-0.00195951867538066,-0.299991363241177,0.0002677796086918299
4.354,CONTACT_ACQUIRE,0.05,0.0,0.0,0,0.002299545264656898,3.504893596987549e-05,-0.001956969060851885,-0.299987555287513,0.0002267511685612898
4.355,CONTACT_ACQUIRE,0.05,0.0,0.0,0,0.002300545264656898,3.309331948348158e-05,-0.0019542328903653368,-0.2999837451098682,0.00018607119405109006
4.356,CONTACT_ACQUIRE,0.05,0.0,0.0,0,0.0023015452646568983,3.1140532089675173e-05,-0.001951311019608538,-0.2999799331071761,0.00014574625198695448
4.357,CONTACT_ACQUIRE,0.05,0.0,0.0,0,0.0023025452646568984,2.9190759054301147e-05,-0.0019482043200513325,-0.2999761196748887,0.00010578275813118505
4.358,CONTACT_ACQUIRE,0.05,0.0,0.0,0,0.0023035452646568986,2.7244184763899976e-05,-0.001944913678809876,-0.2999723052049135,6.618697671136816e-05
4.359,CONTACT_ACQUIRE,0.05,0.05,0.10880927229070536,1,0.002302545264656899,2.5300992710129928e-05,-0.0019329763502409522,-0.29996849008555226,2.6965020001785615e-05
4.36,CONTACT_ACQUIRE,0.05,0.05,0.15047923527751578,1,0.0023015108946721824,2.3398386739464175e-05,-0.0018690052693616534,-0.29996472776469213,-1.1656526113353878e-05
4.361,CONTACT_ACQUIRE,0.05,0.05,0.19039224379234423,1,0.002300441956523774,2.1569305592408e-05,-0.0017860740730375163,-0.2999610657791479,-4.94722397910492e-05
4.362,CONTACT_ACQUIRE,0.05,0.05,0.22830327025456396,1,0.0022993357998159574,1.983224775245665e-05,-0.001685124847616529,-0.29995753109471357,-8.6364136818723e-05
4.363,CONTACT_ACQUIRE,0.05,0.05,0.26398555491074877,1,0.0022981908281283383,1.8204714591878885e-05,-0.0015672082390956875,-0.29995414933449316,-0.00012222342248787351
4.364,CONTACT_ACQUIRE,0.05,0.05,0.297231717766221,1,0.00229700646556091,1.6703106371598127e-05,-0.0014334742509434317,-0.2999509446267227,-0.00015695073072088215
4.365,CONTACT_ACQUIRE,0.05,0.05,0.3278547122277299,1,0.002295783117697816,1.534262767992195e-05,-0.0012851625811877896,-0.2999479394655956,-0.0001904563021971612
4.366,CONTACT_ACQUIRE,0.05,0.05,0.35568862651580785,1,0.0022946595251250508,1.4137202733639567e-05,-0.00112359257276534,-0.29994515458572935,-0.00022266009770720822
4.367,CONTACT_ACQUIRE,0.05,0.05,0.3805888576631703,1,0.002293709372203303,1.3099400875561675e-05,-0.0009501529217476161,-0.29994260885078566,-0.0002534916774759423
4.368,CONTACT_ACQUIRE,0.05,0.05,0.4024321212728325,1,0.002292943080752092,1.2240372334296746e-05,-0.0007662914512110978,-0.29994031915637226,-0.00028288943081401427
4.369,CONTACT_ACQUIRE,0.05,0.05,0.42111701532852364,1,0.0022923695760113734,1.1569794262934683e-05,-0.0005735047407184808,-0.29993830034728003,-0.0003108000090647892
4.37,CONTACT_ACQUIRE,0.05,0.05,0.4365643962822203,1,0.0022919962484639817,1.1095827260419187e-05,-0.0003733275473918129,-0.299936565149381,-0.0003371781178056667
4.371,CONTACT_ACQUIRE,0.05,0.05,0.44871745636351773,1,0.002291828926301977,1.082508251544338e-05,-0.0001673221620045448,-0.2999351241164259,-0.00036198635050485096
4.372,CONTACT_ACQUIRE,0.05,0.05,0.4575416611635977,1,0.0022918718585096818,1.0762599586142864e-05,4.2932207704692396e-05,-0.2999339855918019,-0.0003851949875299271
4.373,CONTACT_ACQUIRE,0.05,0.05,0.463024550509356,1,0.0022921277084709175,1.0911834755599545e-05,0.00025584996123563877,-0.2999331556852067,-0.00040678176249915257
4.374,CONTACT_ACQUIRE,0.05,0.05,0.46517540641006766,1,0.0022925975579444996,1.12746598387766e-05,0.0004698494735819632,-0.2999326382641048,-0.0004267315981078023
4.375,CONTACT_ACQUIRE,0.05,0.05,0.4640247926076843,1,0.002293280921190719,1.1851371254083842e-05,0.0006833632462194839,-0.2999324349597418,-0.000445036313687854
4.376,CONTACT_ACQUIRE,0.05,0.05,0.4596239709529019,1,0.0022941757689727135,1.2640709112669426e-05,0.0008948477819941252,-0.29993254518740703,-0.0004616943068695242
4.377,CONTACT_ACQUIRE,0.05,0.05,0.4520442004921347,1,0.002295278562100581,1.3639886021071543e-05,0.00110279312786728,-0.29993296618055293,-0.00047671021180751476
4.378,CONTACT_ACQUIRE,0.05,0.05,0.4413759257484548,1,0.0022965842941331475,1.4844625238342808e-05,0.0013057320325665094,-0.2999336930383012,-0.0004900945365132207
4.3790000000000004,CONTACT_ACQUIRE,0.05,0.05,0.4277278612421391,1,0.002298086542802684,1.6249207777460862e-05,0.0015022486695364895,-0.2999347187857906,-0.0005018632818965549
4.38,CONTACT_ACQUIRE,0.05,0.05,0.4112259798075072,1,0.0022997775296818663,1.7846527993012584e-05,0.00169098687918239,-0.2999360344467535,-0.0005120375451674862
4.381,CONTACT_ACQUIRE,0.05,0.05,0.3920124126938524,1,0.002301648187570071,1.9628157153018625e-05,0.001870657888204422,-0.299937629127643,-0.0005206431102779622
4.382,CONTACT_ACQUIRE,0.05,0.05,0.37024426985245107,1,0.0023036882350378897,2.1584414452547004e-05,0.002040047467818934,-0.2999394901125739,-0.00052771002809971
4.383,CONTACT_ACQUIRE,0.05,0.05,0.346092389137627,1,0.0023058862575347106,2.37044448906274e-05,0.0021980224968208948,-0.29994160296828737,-0.0005332721890327239
4.384,CONTACT_ACQUIRE,0.05,0.05,0.3197400234205159,1,0.0023082297944344416,2.5976303400067507e-05,0.0023435368997311436,-0.2999439516583014,-0.0005373668907232354
4.385,CONTACT_ACQUIRE,0.05,0.05,0.2913814748447186,1,0.0023107054313691094,2.8387044592206038e-05,0.0024756369346680147,-0.29994651866536914,-0.0005400344035390354
4.386,CONTACT_ACQUIRE,0.05,0.05,0.2612206855994976,1,0.002313298897179161,3.092281745550641e-05,0.002593465810051434,-0.29994928512132946,-0.0005413175364044572
4.3870000000000005,CONTACT_ACQUIRE,0.05,0.05,0.2294697946815561,1,0.002315995164792927,3.3568964328259465e-05,0.00269626761376616,-0.2999522309434079,-0.0005412612055376814
4.388,CONTACT_ACQUIRE,0.05,0.05,0.1963476701656485,1,0.002318778555335872,3.631012345155712e-05,0.0027833905429450775,-0.2999553349760009,-0.0005399120085597315
4.389,CONTACT_ACQUIRE,0.05,0.05,0.16207842646426457,1,0.002321632844762933,3.913033439912527e-05,0.0028542894270609997,-0.2999585751369624,-0.0005373178063582308
4.39,CONTACT_ACQUIRE,0.05,0.05,0.12688993599530926,1,0.002324541372304436,4.201314567554094e-05,0.0029085275415027868,-0.2999619285673994,-0.0005335273149903354
4.391,CONTACT_ACQUIRE,0.05,0.05,0.09101234452659088,1,0.0023274871500176732,4.494172377375351e-05,0.0029457777132374063,-0.29996537178398225,-0.0005285897097989736
4.392,CONTACT_ACQUIRE,0.05,0.16999999999999998,0.05467659928204381,1,0.0023324329277309105,4.78989629866078e-05,0.0029658227244943832,-0.2999688808327753,-0.0005225542437954253
4.393,CONTACT_ACQUIRE,0.05,0.16999999999999998,0.018071742689035164,1,0.002339378705444148,5.0867593881427e-05,0.0029685488225786273,-0.29997243144159225,-0.0005154550211276092
4.394,CONTACT_ACQUIRE,0.05,0.0,0.0,0,0.0023443244831573853,5.383031781636259e-05,0.002955454944888475,-0.29997599920985457,-0.0005072643899922507
4.3950000000000005,CONTACT_ACQUIRE,0.05,0.0,0.0,0,0.0023472702608706227,5.6778420949585564e-05,0.0029407101029695643,-0.29997957195147396,-0.0004979016197060155
4.396,CONTACT_ACQUIRE,0.05,0.0,0.0,0,0.002348270260870623,5.971165595895328e-05,0.002925719072471491,-0.2999831495745922,-0.0004873191331250818
4.397,CONTACT_ACQUIRE,0.05,0.0,0.0,0,0.002349270260870623,6.262977778467625e-05,0.0029104841138594562,-0.29998673197543363,-0.0004755035945408282
4.398,CONTACT_ACQUIRE,0.05,0.0,0.0,0,0.002350270260870623,6.553254363604113e-05,0.002895007504773865,-0.29999031903814455,-0.00046245512626068216
4.399,CONTACT_ACQUIRE,0.05,0.0,0.0,0,0.002351270260870623,6.841971300844587e-05,0.0028792915397501764,-0.29999391063478115,-0.0004481772497031117
4.4,CONTACT_ACQUIRE,0.05,0.0,0.0,0,0.0023522702608706233,7.129104770015438e-05,0.002863338529937955,-0.2999975066253437,-0.00043267441224010476
4.401,CONTACT_ACQUIRE,0.05,0.0,0.0,0,0.0023532702608706235,7.414631182876983e-05,0.002847150802819147,-0.30000110685782005,-0.00041595196577495606
4.402,CONTACT_ACQUIRE,0.05,0.0,0.0,0,0.0023542702608706236,7.698527184742586e-05,0.0028307307019256153,-0.3000047111682383,-0.00039801614534748644
4.4030000000000005,CONTACT_ACQUIRE,0.05,0.0,0.0,0,0.0023552702608706237,7.980769656069499e-05,0.002814080586555963,-0.30000831938072764,-0.0003788740477742383
4.404,CONTACT_ACQUIRE,0.05,0.0,0.0,0,0.002356270260870624,8.261335714021344e-05,0.002797202831491675,-0.300011931307588,-0.00035853361033104413
4.405,CONTACT_ACQUIRE,0.05,0.0,0.0,0,0.002357270260870624,8.540202714002186e-05,0.0027800998267126092,-0.3000155467493679,-0.00033700358948521894
4.406,CONTACT_ACQUIRE,0.05,0.0,0.0,0,0.002358270260870624,8.817348251162114e-05,0.0027627739771118676,-0.3000191654949503,-0.0003142935396844908
4.407,CONTACT_ACQUIRE,0.05,0.0,0.0,0,0.0023592702608706243,9.092750161874289e-05,0.0027452277022100755,-0.30002278732164595,-0.0002904137922096297
4.408,CONTACT_ACQUIRE,0.05,0.0,0.0,0,0.0023602702608706244,9.366386525183383e-05,0.002727463435869102,-0.3000264119952951,-0.00026537543409760095
4.409,CONTACT_ACQUIRE,0.05,0.0,0.0,0,0.0023612702608706245,9.638235664225372e-05,0.0027094836260052493,-0.3000300392703761,-0.0002391902871419196
4.41,CONTACT_ACQUIRE,0.05,0.0,0.0,0,0.0023622702608706247,9.90827614761861e-05,0.0026912907343019446,-0.300033668890121,-0.00021187088697674202
4.4110000000000005,CONTACT_ACQUIRE,0.05,0.0,0.0,0,0.002363270260870625,0.00010176486790826163,0.0026728872359219596,-0.3000373005866389,-0.0001834304622510888
4.412,CONTACT_ACQUIRE,0.05,0.0,0.0,0,0.002364270260870625,0.00010442846657489334,0.0026542756192191918,-0.3000409340810454,-0.0001538829138994488
4.413,CONTACT_ACQUIRE,0.05,0.0,0.0,0,0.002365270260870625,0.00010707335060732348,0.0026354583854500376,-0.30004456908359883,-0.00012324279451487397
4.414,CONTACT_ACQUIRE,0.05,0.0,0.0,0,0.002366270260870625,0.00010969931564438156,0.0026164380484843836,-0.30004820529384324,-9.152528783053283e-05
4.415,CONTACT_ACQUIRE,0.05,0.0,0.0,0,0.0023672702608706253,0.00011230615984495312,0.0025972171345162486,-0.30005184240075705,-5.8746188315549504e-05
4.416,CONTACT_ACQUIRE,0.05,0.0,0.0,0,0.0023682702608706255,0.00011489368390015912,0.0025777981817741084,-0.30005548008290805,-2.4921880890814072e-05
4.417,CONTACT_ACQUIRE,0.05,0.0,0.0,0,0.0023692702608706256,0.00011746169104524545,0.0025581837402309272,-0.300059118008614,9.930679229688097e-06
4.418,CONTACT_ACQUIRE,0.05,0.0,0.0,0,0.0023702702608706257,0.00012000998707118223,0.002538376371313931,-0.30006275583610903,4.579398656662162e-05
4.4190000000000005,CONTACT_ACQUIRE,0.05,0.0,0.0,0,0.002371270260870626,0.00012253838033597297,0.0025183786476141506,-0.30006639321371514,8.265000526685189e-05
4.42,CONTACT_ACQUIRE,0.05,0.0,0.0,0,0.002372270260870626,0.000125046681775673,0.002498193152595761,-0.3000700297800192,0.00012048018885367109
4.421,CONTACT_ACQUIRE,0.05,0.0,0.0,0,0.002373270260870626,0.0001275347049151172,0.0024778224803052524,-0.30007366516405465,0.00015926549983070646
4.422,CONTACT_ACQUIRE,0.05,0.0,0.0,0,0.0023742702608706263,0.0001300022658783569,0.002457269235080459,-0.30007729898548846,0.00019898642913465404
4.423,CONTACT_ACQUIRE,0.05,0.0,0.0,0,0.0023752702608706264,0.00013244918339880564,0.0024365360312594733,-0.3000809308548123,0.0002396230154321181
4.424,CONTACT_ACQUIRE,0.05,0.0,0.0,0,0.0023762702608706265,0.00013487527882909386,0.0024156254928894764,-0.3000845603735382,0.00028115486425597146
4.425,CONTACT_ACQUIRE,0.05,0.0,0.0,0,0.0023772702608706267,0.00013728037615063238,0.002394540253435519,-0.3000881871343987,0.00032356116697678503
4.426,CONTACT_ACQUIRE,0.05,0.0,0.0,0,0.002378270260870627,0.00013966430198288467,0.0023732829554892715,-0.300091810721551,0.00036682071960501226
4.4270000000000005,CONTACT_ACQUIRE,0.05,0.0,0.0,0,0.002379270260870627,0.0001420268855923478,0.0023518562504777824,-0.30009543071078454,0.00041091194141974204
4.428,CONTACT_ACQUIRE,0.05,0.0,0.0,0,0.002380270260870627,0.00014436795890124227,0.0023302627983722676,-0.30009904666973297,0.000455812893419971
4.429,CONTACT_ACQUIRE,0.05,0.0,0.0,0,0.002381270260870627,0.00014668735649591054,0.0023085052673969615,-0.30010265815808923,0.0005015012965944734
4.43,CONTACT_ACQUIRE,0.05,0.0,0.0,0,0.0023822702608706273,0.00014898491563492452,0.00228658633373806,-0.3001062647278239,0.0005479545500064791
4.431,CONTACT_ACQUIRE,0.05,0.0,0.0,0,0.0023832702608706275,0.00015126047625690215,0.0022645086812527805,-0.3001098659234071,0.0005951497486894995
4.432,CONTACT_ACQUIRE,0.05,0.0,0.0,0,0.0023842702608706276,0.0001535138809880328,0.002242275001178572,-0.30011346128203276,0.0006430637013507706
4.433,CONTACT_ACQUIRE,0.05,0.0,0.0,0,0.0023852702608706277,0.00015574497514931243,0.002219887991842501,-0.3001170503338462,0.0006916729478789042
4.434,CONTACT_ACQUIRE,0.05,0.0,0.0,0,0.002386270260870628,0.00015795360676348777,0.0021973503583708398,-0.3001206326021745,0.0007409537766524785
4.4350000000000005,CONTACT_ACQUIRE,0.05,0.0,0.0,0,0.002387270260870628,0.00016013962656171056,0.0021746648123988892,-0.30012420760375835,0.0007908822416464056
4.436,CONTACT_ACQUIRE,0.05,0.0,0.0,0,0.002388270260870628,0.00016230288798990152,0.002151834071781063,-0.3001277748489876,0.0008414341793330569
4.437,CONTACT_ACQUIRE,0.05,0.0,0.0,0,0.0023892702608706282,0.00016444324721482466,0.0021288608603012597,-0.3001313338421377,0.0008925852253752397
4.438,CONTACT_ACQUIRE,0.05,0.0,0.0,0,0.0023902702608706284,0.00016656056312987208,0.0021057479073835514,-0.3001348840816089,0.0009443108311082401
4.439,CONTACT_ACQUIRE,0.05,0.0,0.0,0,0.0023912702608706285,0.00016865469736055959,0.002082497947803218,-0.30013842506016675,0.000996586279808279
4.44,CONTACT_ACQUIRE,0.05,0.0,0.0,0,0.0023922702608706286,0.00017072551426973364,0.002059113721398152,-0.3001419562651848,0.0010493867027448374
4.441,CONTACT_ACQUIRE,0.05,0.0,0.0,0,0.0023932702608706288,0.0001727728809624898,0.0020355979727806656,-0.30014547717888823,0.0011026870950144327
4.442,CONTACT_ACQUIRE,0.05,0.0,0.0,0,0.002394270260870629,0.0001747966672908032,0.0020119534510497214,-0.30014898727859907,0.0011564623311535389
4.4430000000000005,CONTACT_ACQUIRE,0.05,0.0,0.0,0,0.002395270260870629,0.00017679674585787154,0.00198818290950362,-0.30015248603698264,0.0012106871805284743
4.444,CONTACT_ACQUIRE,0.05,0.0,0.0,0,0.002396270260870629,0.00017877299202217095,0.0019642891053531703,-0.300155972922295,0.0012653363225001814
4.445,CONTACT_ACQUIRE,0.05,0.0,0.0,0,0.0023972702608706293,0.00018072528390122533,0.001940274799435363,-0.30015944739863115,0.00132038436136194
4.446,CONTACT_ACQUIRE,0.05,0.0,0.0,0,0.0023982702608706294,0.00018265350237508951,0.0019161427559275864,-0.3001629089261741,0.0013758058410481846
4.447,CONTACT_ACQUIRE,0.05,0.0,0.0,0,0.0023992702608706296,0.0001845575310895471,0.001891895742062399,-0.30016635696144445,0.001431575259612683
4.448,CONTACT_ACQUIRE,0.05,0.0,0.0,0,0.0024002702608706297,0.0001864372564590232,0.0018675365278428928,-0.30016979095755064,0.0014876670834744676
4.449,CONTACT_ACQUIRE,0.05,0.0,0.0,0,0.00240127026087063,0.00018829256766921286,0.0018430678857586727,-0.30017321036443917,0.0015440557614300034
4.45,CONTACT_ACQUIRE,0.05,0.0,0.0,0,0.00240227026087063,0.00019012335667942595,0.0018184925905024754,-0.30017661462914513,0.0016007157384301971
4.4510000000000005,CONTACT_ACQUIRE,0.05,0.0,0.0,0,0.00240327026087063,0.0001919295182246488,0.001793813418687457,-0.30018000319604293,0.0016576214691209545
4.452,CONTACT_ACQUIRE,0.05,0.0,0.0,0,0.0024042702608706302,0.00019371094981732352,0.001769033148565175,-0.3001833755070966,0.0017147474311460917
4.453,CONTACT_ACQUIRE,0.05,0.0,0.0,0,0.0024052702608706304,0.0001954675517488458,0.0017441545597442877,-0.30018673100211035,0.0017720681382115261
4.454,CONTACT_ACQUIRE,0.05,0.0,0.0,0,0.0024062702608706305,0.0001971992270907816,0.001719180432910001,-0.3001900691189782,0.0018295581529097628
4.455,CONTACT_ACQUIRE,0.05,0.0,0.0,0,0.0024072702608706306,0.00019890588169580372,0.001694113549544285,-0.3001933892939336,0.0018871920993037963
4.456,CONTACT_ACQUIRE,0.05,0.0,0.0,0,0.0024082702608706308,0.0002005874241983491,0.0016689566916468863,-0.300196690961798,0.0019449446752696545
4.457,CONTACT_ACQUIRE,0.05,0.0,0.0,0,0.002409270260870631,0.00020224376601499726,0.0016437126414571633,-0.30019997355622946,0.002002790664596906
4.458,CONTACT_ACQUIRE,0.05,0.0,0.0,0,0.002410270260870631,0.00020387482134457142,0.0016183841811767657,-0.30020323650996944,0.0020607049488465443
4.4590000000000005,CONTACT_ACQUIRE,0.05,0.0,0.0,0,0.002411270260870631,0.0002054805071679623,0.0015929740926931882,-0.3002064792550893,0.002118662518965775
4.46,CONTACT_ACQUIRE,0.05,0.0,0.0,0,0.0024122702608706313,0.0002070607432476762,0.0015674851573042176,-0.30020970122323554,0.002176638486659307
4.461,CONTACT_ACQUIRE,0.05,0.0,0.0,0,0.0024132702608706314,0.0002086154521271079,0.0015419201554433028,-0.3002129018458738,0.002234608095516855
4.462,CONTACT_ACQUIRE,0.05,0.0,0.0,0,0.0024142702608706316,0.00021014455912953938,0.0015162818664058687,-0.3002160805545317,0.0022925467318966586
4.463,CONTACT_ACQUIRE,0.05,0.0,0.0,0,0.0024152702608706317,0.00021164799235686533,0.0014905730680766004,-0.3002192367810402,0.0023504299355648892
4.464,CONTACT_ACQUIRE,0.05,0.0,0.0,0,0.002416270260870632,0.00021312568268804655,0.00146479653665772,-0.3002223699577733,0.002408233410090931
4.465,CONTACT_ACQUIRE,0.05,0.0,0.0,0,0.002417270260870632,0.00021457756377729192,0.0014389550463982821,-0.30022547951788653,0.0024659330329986078
4.466,CONTACT_ACQUIRE,0.05,0.0,0.0,0,0.002418270260870632,0.00021600357205197048,0.0014130513693245091,-0.3002285648955533,0.002523504865673491
4.4670000000000005,CONTACT_ACQUIRE,0.05,0.0,0.0,0,0.0024192702608706322,0.00021740364671025403,0.0013870882749711917,-0.3002316255261997,0.0025809251630265306
4.468,CONTACT_ACQUIRE,0.05,0.0,0.0,0,0.0024202702608706324,0.00021877772971849198,0.0013610685301141776,-0.30023466084673744,0.0026381703829143435
4.469,CONTACT_ACQUIRE,0.05,0.0,0.0,0,0.0024212702608706325,0.00022012576580831905,0.0013349948985039717,-0.3002376702957946,0.002695217195316534
4.47,CONTACT_ACQUIRE,0.05,0.0,0.0,0,0.0024222702608706326,0.00022144770247349723,0.0013088701406004696,-0.30024065331394445,0.0027520424912705526
4.471,CONTACT_ACQUIRE,0.05,0.0,0.0,0,0.0024232702608706328,0.00022274348996649302,0.0012826970133088496,-0.300243609343932,0.0028086233915646463
4.472,CONTACT_ACQUIRE,0.05,0.0,0.0,0,0.002424270260870633,0.0002240130812947911,0.0012564782697166428,-0.3002465378308985,0.002864937255189532
4.473,CONTACT_ACQUIRE,0.05,0.0,0.0,0,0.002425270260870633,0.00022525643221694576,0.0012302166588320062,-0.3002494382226033,0.0029209616875495257
4.474,CONTACT_ACQUIRE,0.05,0.0,0.0,0,0.002426270260870633,0.00022647350123837121,0.001203914925323221,-0.30025230996964364,0.002976674548433904
4.4750000000000005,CONTACT_ACQUIRE,0.05,0.0,0.0,0,0.0024272702608706333,0.00022766424960687188,0.0011775758092594352,-0.3002551525256716,0.0030320539597493697
4.476,CONTACT_ACQUIRE,0.05,0.0,0.0,0,0.0024282702608706334,0.00022882864130791426,0.001151202045852677,-0.30025796534760874,0.003087078313014548
4.477,CONTACT_ACQUIRE,0.05,0.0,0.0,0,0.0024292702608706336,0.00022996664305964125,0.0011247963652011562,-0.300260747895858,0.0031417262766175362
4.478,CONTACT_ACQUIRE,0.05,0.0,0.0,0,0.0024302702608706337,0.00023107822430763064,0.0010983614920338784,-0.3002634996345129,0.003195976802837567
4.479,CONTACT_ACQUIRE,0.05,0.0,0.0,0,0.002431270260870634,0.00023216335721939872,0.0010719001454565918,-0.3002662200315638,0.003249809134631925
4.48,CONTACT_ACQUIRE,0.05,0.0,0.0,0,0.002432270260870634,0.00023322201667865048,0.001045415038699087,-0.3002689085591017,0.003303202812189351
4.481,CONTACT_ACQUIRE,0.05,0.0,0.0,0,0.002433270260870634,0.000234254180279278,0.0010189088788638725,-0.3002715646935188,0.0033561376792511704
4.482,CONTACT_ACQUIRE,0.05,0.0,0.0,0,0.0024342702608706342,0.00023525982831910802,0.0009923843666762452,-0.300274187915706,0.0034085938892015107
4.483,CONTACT_ACQUIRE,0.05,0.0,0.0,0,0.0024352702608706344,0.00023623894379340036,0.0009658441962357769,-0.3002767777112477,0.003460551910927993
4.484,CONTACT_ACQUIRE,0.05,0.0,0.0,0,0.0024362702608706345,0.00023719151238809854,0.0009392910547692371,-0.30027933357061354,0.0035119925344543573
4.485,CONTACT_ACQUIRE,0.05,0.0,0.0,0,0.0024372702608706346,0.00023811752247283405,0.0009127276223849718,-0.30028185498934623,0.003562896876346534
4.486,CONTACT_ACQUIRE,0.05,0.0,0.0,0,0.0024382702608706348,0.00023901696509368573,0.0008861565718287586,-0.30028434146824734,0.0036132463848937467
4.487,CONTACT_ACQUIRE,0.05,0.0,0.0,0,0.002439270260870635,0.00023988983396569573,0.0008595805682411574,-0.30028679251355883,0.0036630228450662563
4.488,CONTACT_ACQUIRE,0.05,0.0,0.0,0,0.002440270260870635,0.0002407361254651436,0.0008330022689163767,-0.30028920763714195,0.003712208383251454
4.489,CONTACT_ACQUIRE,0.05,0.0,0.0,0,0.002441270260870635,0.0002415558386215801,0.0008064243230626735,-0.3002915863566523,0.0037607854717700115
4.49,CONTACT_ACQUIRE,0.05,0.0,0.0,0,0.0024422702608706353,0.00024234897510962193,0.0007798493715643079,-0.30029392819571205,0.0038087369331738993
4.491,CONTACT_ACQUIRE,0.05,0.0,0.0,0,0.0024432702608706354,0.0002431155392405095,0.0007532800467450685,-0.30029623268407807,0.0038560459443280994
4.492,CONTACT_ACQUIRE,0.05,0.0,0.0,0,0.0024442702608706355,0.0002438555379534288,0.00072671897213339,-0.30029849935780706,0.003902696040277901
4.493,CONTACT_ACQUIRE,0.05,0.0,0.0,0,0.0024452702608706357,0.0002445689808065994,0.0007001687622290788,-0.30030072775941713,0.003948671117903703
4.494,CONTACT_ACQUIRE,0.05,0.0,0.0,0,0.002446270260870636,0.0002452558799681297,0.0006736320222716672,-0.3003029174380456,0.003993955439365316
4.495,CONTACT_ACQUIRE,0.05,0.0,0.0,0,0.002447270260870636,0.0002459162502066416,0.0006471113480104117,-0.30030506794960343,0.004038533635337783
4.496,CONTACT_ACQUIRE,0.05,0.0,0.0,0,0.002448270260870636,0.0002465501088816659,0.000620609325475955,-0.3003071788569259,0.004082390708040767
4.497,CONTACT_ACQUIRE,0.05,0.0,0.0,0,0.002449270260870636,0.0002471574759338103,0.0005941285307536686,-0.3003092497299198,0.0041255120340636395
4.498,CONTACT_ACQUIRE,0.05,0.0,0.0,0,0.0024502702608706363,0.0002477383738747013,0.0005676715297586925,-0.3003112801457067,0.004167883366988398
4.499,CONTACT_ACQUIRE,0.05,0.0,0.0,0,0.0024512702608706365,0.00024829282777670244,0.0005412408780126906,-0.3003132696887628,0.0042094908398126
4.5,CONTACT_ACQUIRE,0.05,0.0,0.0,0,0.0024522702608706366,0.0002488208652624098,0.000514839120422337,-0.3003152179510551,0.004250320967174539
4.501,CONTACT_ACQUIRE,0.05,0.0,0.0,0,0.0024532702608706367,0.00024932251649392696,0.0004884687910595513,-0.3003171245321732,0.004290360647382923
4.502,CONTACT_ACQUIRE,0.05,0.0,0.0,0,0.002454270260870637,0.00024979781416192116,0.00046213241294349773,-0.30031898903945825,0.0043295971642533515
4.503,CONTACT_ACQUIRE,0.05,0.0,0.0,0,0.002455270260870637,0.00025024679347446227,0.0004358324978243656,-0.3003208110881275,0.004368018188753892
4.5040000000000004,CONTACT_ACQUIRE,0.05,0.0,0.0,0,0.002456270260870637,0.0002506694921456464,0.00040957154596894634,-0.30032259030139524,0.004405611780462163
4.505,CONTACT_ACQUIRE,0.05,0.0,0.0,0,0.0024572702608706373,0.00025106595038400616,0.00038335204594802295,-0.30032432631058986,0.004442366388836253
4.506,CONTACT_ACQUIRE,0.05,0.0,0.0,0,0.0024582702608706374,0.00025143621088070896,0.0003571764744255872,-0.3003260187552673,0.004478270854301949
4.507,CONTACT_ACQUIRE,0.05,0.0,0.0,0,0.0024592702608706375,0.0002517803187975457,0.0003310472959499001,-0.3003276672833204,0.004513314409158677
4.508,CONTACT_ACQUIRE,0.05,0.0,0.0,0,0.0024602702608706377,0.00025209832175471133,0.00030496696274641036,-0.3003292715510844,0.004547486678306652
4.509,CONTACT_ACQUIRE,0.05,0.0,0.0,0,0.002461270260870638,0.00025239026981837924,0.0002789379145125456,-0.30033083122343907,0.0045807776797977245
4.51,CONTACT_ACQUIRE,0.05,0.0,0.0,0,0.002462270260870638,0.0002526562154880714,0.00025296257821439127,-0.3003323459739061,0.0046131778252124596
4.511,CONTACT_ACQUIRE,0.05,0.0,0.0,0,0.002463270260870638,0.00025289621368382634,0.00022704336788527106,-0.30033381548474375,0.004644677919865958
4.5120000000000005,CONTACT_ACQUIRE,0.05,0.0,0.0,0,0.002464270260870638,0.00025311032173316617,0.00020118268442624325,-0.3003352394470365,0.004675269162845045
4.513,CONTACT_ACQUIRE,0.05,0.0,0.0,0,0.0024652702608706383,0.0002532985993578656,0.00017538291540852646,-0.30033661756078167,0.004704943146879339
4.514,CONTACT_ACQUIRE,0.05,0.0,0.0,0,0.0024662702608706385,0.00025346110866052396,0.00014964643487786887,-0.30033794953497184,0.004733691858048888
4.515,CONTACT_ACQUIRE,0.05,0.0,0.0,0,0.0024672702608706386,0.00025359791411094296,0.00012397560316087394,-0.3003392350876734,0.004761507675330917
4.516,CONTACT_ACQUIRE,0.05,0.0,0.0,0,0.0024682702608706387,0.00025370908253231125,9.837276667329576e-05,-0.3003404739461014,0.004788383369988392
4.517,CONTACT_ACQUIRE,0.05,0.0,0.0,0,0.002469270260870639,0.00025379468308719873,7.284025773031723e-05,-0.3003416658466904,0.004814312104803018
4.518,CONTACT_ACQUIRE,0.05,0.0,0.0,0,0.002470270260870639,0.0002538547872633619,4.738039435882333e-05,-0.30034281053516154,0.004839287433155364
4.519,CONTACT_ACQUIRE,0.05,0.0,0.0,0,0.002471270260870639,0.00025388946885936245,2.199548011168215e-05,-0.3003439077665857,0.00486330329795478
4.5200000000000005,CONTACT_ACQUIRE,0.05,0.0,0.0,0,0.0024722702608706393,0.0002538988039700014,-3.3121961159542e-06,-0.3003449573054431,0.0048863540304218125
4.521,CONTACT_ACQUIRE,0.05,0.0,0.0,0,0.0024732702608706394,0.00025388287097157034,-2.8540360268316842e-05,-0.3003459589256787,0.004908434348725837
4.522,CONTACT_ACQUIRE,0.05,0.0,0.0,0,0.0024742702608706395,0.00025384175050692184,-5.368675330864394e-05,-0.30034691241075423,0.004929539356480598
4.523,CONTACT_ACQUIRE,0.05,0.0,0.0,0,0.0024752702608706397,0.0002537755254703617,-7.874913139674945e-05,-0.30034781755369594,0.0049496645411004105
4.524,CONTACT_ACQUIRE,0.05,0.0,0.0,0,0.00247627026087064,0.00025368428099236453,-0.00010372526606452574,-0.3003486741571392,0.004968805772019735
4.525,CONTACT_ACQUIRE,0.05,0.0,0.0,0,0.00247727026087064,0.0002535681044241145,-0.000128612944389369,-0.30034948203336864,0.0049869592987788845
4.526,CONTACT_ACQUIRE,0.05,0.0,0.0,0,0.00247827026087064,0.00025342708532187427,-0.00015340996916551663,-0.30035024100435537,0.00500412174897859
4.527,CONTACT_ACQUIRE,0.05,0.0,0.0,0,0.00247927026087064,0.0002532613154311832,-0.00017811415907328647,-0.3003509509017897,0.0050202901261062
4.5280000000000005,CONTACT_ACQUIRE,0.05,0.0,0.0,0,0.0024802702608706403,0.0002530708886708875,-0.00020272334884620708,-0.30035161156711065,0.005035461807236242
4.529,CONTACT_ACQUIRE,0.05,0.0,0.0,0,0.0024812702608706405,0.00025285590111700455,-0.00022723538943602946,-0.30035222285153174,0.005049634540608136
4.53,CONTACT_ACQUIRE,0.05,0.0,0.0,0,0.0024822702608706406,0.0002526164509864228,-0.0002516481481756103,-0.300352784616063,0.005062806443083775
4.531,CONTACT_ACQUIRE,0.05,0.0,0.0,0,0.0024832702608706407,0.00025235263862044023,-0.00027595950893965707,-0.3003532967315296,0.005074975997487779
4.532,CONTACT_ACQUIRE,0.05,0.0,0.0,0,0.002484270260870641,0.00025206456646814304,-0.00030016737230332624,-0.30035375907858647,0.005086142049833149
4.533,CONTACT_ACQUIRE,0.05,0.0,0.0,0,0.002485270260870641,0.00025175233906962676,-0.00032426965569866466,-0.30035417154772975,0.005096303806435088
4.534,CONTACT_ACQUIRE,0.05,0.0,0.0,0,0.002486270260870641,0.00025141606303906205,-0.000348264293568886,-0.3003545340393047,0.005105460830915755
4.535,CONTACT_ACQUIRE,0.05,0.0,0.0,0,0.0024872702608706413,0.0002510558470476074,-0.0003721492375204736,-0.30035484646350974,0.005113613041102691
4.5360000000000005,CONTACT_ACQUIRE,0.05,0.0,0.0,0,0.0024882702608706414,0.0002506718018061704,-0.00039592245647310134,-0.30035510874039756,0.005120760705823673
4.537,CONTACT_ACQUIRE,0.05,0.0,0.0,0,0.0024892702608706415,0.000250264040048021,-0.0004195819368073639,-0.30035532079987215,0.005126904441600742
4.538,CONTACT_ACQUIRE,0.05,0.0,0.0,0,0.0024902702608706417,0.0002498326765112572,-0.00044312568251030993,-0.30035548258168293,0.005132045209246132
4.539,CONTACT_ACQUIRE,0.05,0.0,0.0,0,0.002491270260870642,0.0002493778279211269,-0.00046655171531876884,-0.30035559403541534,0.005136184310362848
4.54,CONTACT_ACQUIRE,0.05,0.0,0.0,0,0.002492270260870642,0.00024889961297220746,-0.0004898580748604654,-0.300355655120478,0.005139323383752613
4.541,CONTACT_ACQUIRE,0.05,0.0,0.0,0,0.002493270260870642,0.0002483981523104451,-0.0005130428187929139,-0.30035566580608675,0.005141464401733881
4.542,CONTACT_ACQUIRE,0.05,0.0,0.0,0,0.002494270260870642,0.00024787356851505655,-0.0005361040229400858,-0.3003556260712451,0.005142609666372653
4.543,CONTACT_ACQUIRE,0.05,0.0,0.0,0,0.0024952702608706423,0.0002473259860802953,-0.0005590397814268439,-0.3003555359047219,0.005142761805628787
4.5440000000000005,CONTACT_ACQUIRE,0.05,0.0,0.0,0,0.0024962702608706424,0.0002467555313970842,-0.0005818482068111363,-0.30035539530502536,0.005141923769420454
4.545,CONTACT_ACQUIRE,0.05,0.0,0.0,0,0.0024972702608706426,0.0002461623327345176,-0.0006045274302139449,-0.30035520428037416,0.005140098825609475
4.546,CONTACT_ACQUIRE,0.05,0.0,0.0,0,0.0024982702608706427,0.00024554652022123384,-0.0006270756014469817,-0.3003549628486655,0.0051372905559101435
4.547,CONTACT_ACQUIRE,0.05,0.0,0.0,0,0.002499270260870643,0.00024490822582666196,-0.000649490889138128,-0.3003546710374398,0.005133502851724239
4.548,CONTACT_ACQUIRE,0.05,0.0,0.0,0,0.002500270260870643,0.0002442475833421436,-0.0006717714808546103,-0.3003543288838428,0.005128739909904817
4.549,CONTACT_ACQUIRE,0.05,0.0,0.0,0,0.002501270260870643,0.00024356472836193293,-0.0006939155832239081,-0.30035393643458397,0.005123006228451439
4.55,CONTACT_ACQUIRE,0.05,0.0,0.0,0,0.0025022702608706432,0.0002428597982640771,-0.0007159214220523892,-0.30035349374589276,0.005116306602139427
4.551,CONTACT_ACQUIRE,0.05,0.0,0.0,0,0.0025032702608706434,0.0002421329321911788,-0.0007377872424416668,-0.3003530008834715,0.005108646118085758
4.5520000000000005,CONTACT_ACQUIRE,0.05,0.0,0.0,0,0.0025042702608706435,0.00024138427103104389,-0.0007595113089026749,-0.3003524579224453,0.005100030151254131
4.553,CONTACT_ACQUIRE,0.05,0.0,0.0,0,0.0025052702608706436,0.00024061395739721596,-0.0007810919054674567,-0.3003518649473096,0.005090464359901829
4.554,CONTACT_ACQUIRE,0.05,0.0,0.0,0,0.0025062702608706438,0.00023982213560940028,-0.0008025273357986641,-0.3003512220518744,0.005079954680970869
4.555,CONTACT_ACQUIRE,0.05,0.0,0.0,0,0.002507270260870644,0.00023900895167377939,-0.0008238159232967616,-0.3003505293392063,0.005068507325425982
4.556,CONTACT_ACQUIRE,0.05,0.0,0.0,0,0.002508270260870644,0.00023817455326322266,-0.0008449560112049339,-0.3003497869215674,0.005056128773541918
4.557,CONTACT_ACQUIRE,0.05,0.0,0.0,0,0.002509270260870644,0.0002373190896973921,-0.000865945962711692,-0.30034899492035166,0.0050428257701426085
4.558,CONTACT_ACQUIRE,0.05,0.0,0.0,0,0.0025102702608706443,0.00023644271192274657,-0.000886784161051176,-0.30034815346601906,0.005028605319794566
4.559,CONTACT_ACQUIRE,0.05,0.0,0.0,0,0.0025112702608706444,0.00023554557249244712,-0.0009074690096011522,-0.3003472626980266,0.005013474681957058
4.5600000000000005,CONTACT_ACQUIRE,0.05,0.0,0.0,0,0.0025122702608706446,0.00023462782554616523,-0.000927998931978699,-0.30034632276475715,0.004997441366091423
4.561,CONTACT_ACQUIRE,0.05,0.0,0.0,0,0.0025132702608706447,0.00023368962678979667,-0.0009483723721335842,-0.30034533382344597,0.004980513126731961
4.562,CONTACT_ACQUIRE,0.05,0.0,0.0,0,0.002514270260870645,0.000232731133475083,-0.0009685877944393269,-0.3003442960401044,0.004962697958520768
4.563,CONTACT_ACQUIRE,0.05,0.0,0.0,0,0.002515270260870645,0.00023175250437914338,-0.0009886436837819451,-0.30034320958944155,0.004944004091208873
4.564,CONTACT_ACQUIRE,0.05,0.0,0.0,0,0.002516270260870645,0.00023075389978391853,-0.0010085385456463872,-0.3003420746547837,0.0049244399846260336
4.565,CONTACT_ACQUIRE,0.05,0.0,0.0,0,0.0025172702608706452,0.00022973548145552967,-0.0010282709062006438,-0.30034089142799114,0.00490401432362148
4.566,CONTACT_ACQUIRE,0.05,0.0,0.0,0,0.0025182702608706454,0.00022869741262355428,-0.0010478393123775414,-0.30033966010937313,0.004882736012977928
4.567,CONTACT_ACQUIRE,0.05,0.0,0.0,0,0.0025192702608706455,0.00022763985796022142,-0.0010672423319542169,-0.3003383809076004,0.004860614172301082
4.5680000000000005,CONTACT_ACQUIRE,0.05,0.0,0.0,0,0.0025202702608706456,0.00022656298355952859,-0.001086478553629269,-0.3003370540396159,0.0048376581308869305
4.569,CONTACT_ACQUIRE,0.05,0.0,0.0,0,0.0025212702608706458,0.0002254669569162827,-0.001105546587097591,-0.30033567973054315,0.004813877422568994
4.57,CONTACT_ACQUIRE,0.05,0.0,0.0,0,0.002522270260870646,0.0002243519469050673,-0.0011244450631228806,-0.3003342582135928,0.0047892817805477595
4.571,CONTACT_ACQUIRE,0.05,0.0,0.0,0,0.002523270260870646,0.0002232181237591385,-0.0011431726336078292,-0.30033278972996713,0.004763881132204445
4.572,CONTACT_ACQUIRE,0.05,0.0,0.0,0,0.002524270260870646,0.00022206565904925188,-0.0011617279716619907,-0.30033127452876274,0.00473768559390124
4.573,CONTACT_ACQUIRE,0.05,0.0,0.0,0,0.0025252702608706463,0.00022089472566242258,-0.0011801097716673285,-0.30032971286687127,0.004710705465770138
4.574,CONTACT_ACQUIRE,0.05,0.0,0.0,0,0.0025262702608706464,0.00021970549778062114,-0.0011983167493414446,-0.3003281050088784,0.004682951226492454
4.575,CONTACT_ACQUIRE,0.05,0.0,0.0,0,0.0025272702608706466,0.0002184981508594072,-0.0012163476417984883,-0.3003264512269611,0.004654433528071076
4.5760000000000005,CONTACT_ACQUIRE,0.05,0.0,0.0,0,0.0025282702608706467,0.00021727286160650353,-0.0012342012076077481,-0.30032475180078316,0.0046251631905974856
4.577,CONTACT_ACQUIRE,0.05,0.0,0.0,0,0.002529270260870647,0.00021602980796031238,-0.0012518762268499287,-0.30032300701738907,0.004595151197015571
4.578,CONTACT_ACQUIRE,0.05,0.0,0.0,0,0.002530270260870647,0.0002147691690683771,-0.001269371501171111,-0.3003212171710962,0.0045644086878841765
4.579,CONTACT_ACQUIRE,0.05,0.0,0.0,0,0.002531270260870647,0.0002134911252657906,-0.001286685853834402,-0.30031938256338575,0.004532946956140381
4.58,CONTACT_ACQUIRE,0.05,0.0,0.0,0,0.0025322702608706472,0.0002121958580535536,-0.0013038181297692726,-0.3003175035027918,0.004500777441865386
4.581,CONTACT_ACQUIRE,0.05,0.0,0.0,0,0.0025332702608706474,0.00021088355007688436,-0.0013207671956185886,-0.30031558030478916,0.004467911727054941
4.582,CONTACT_ACQUIRE,0.05,0.0,0.0,0,0.0025342702608706475,0.00020955438510348294,-0.0013375319397833352,-0.30031361329168,0.004434361530396136
4.583,CONTACT_ACQUIRE,0.05,0.0,0.0,0,0.0025352702608706476,0.00020820854800175152,-0.0013541112724650387,-0.30031160279247854,0.004400138702052431
4.5840000000000005,CONTACT_ACQUIRE,0.05,0.0,0.0,0,0.0025362702608706478,0.00020684622471897369,-0.0013705041257058884,-0.3003095491427951,0.004365255218458704
4.585,CONTACT_ACQUIRE,0.05,0.0,0.0,0,0.002537270260870648,0.00020546760225945469,-0.0013867094534265633,-0.30030745268471865,0.004329723177128105
4.586,CONTACT_ACQUIRE,0.05,0.0,0.0,0,0.002538270260870648,0.0002040728686626249,-0.0014027262314617631,-0.30030531376669795,0.004293554791472458
4.587,CONTACT_ACQUIRE,0.05,0.0,0.0,0,0.002539270260870648,0.00020266221298110906,-0.001418553457593452,-0.300303132743422,0.004256762385637935
4.588,CONTACT_ACQUIRE,0.05,0.0,0.0,0,0.0025402702608706483,0.00020123582525876334,-0.0014341901515818147,-0.30030090997569925,0.004219358389357676
4.589,CONTACT_ACQUIRE,0.05,0.0,0.0,0,0.0025412702608706484,0.00019979389650868253,-0.001449635355193933,-0.3002986458303353,0.004181355332823039
4.59,CONTACT_ACQUIRE,0.05,0.0,0.0,0,0.0025422702608706486,0.00019833661869117982,-0.001464888132230183,-0.3002963406800104,0.004142765841575073
4.591,CONTACT_ACQUIRE,0.05,0.0,0.0,0,0.0025432702608706487,0.00019686418469174122,-0.0014799475685483617,-0.3002939949031555,0.004103602631417841
4.5920000000000005,CONTACT_ACQUIRE,0.05,0.0,0.0,0,0.002544270260870649,0.00019537678829895702,-0.0014948127720855427,-0.30029160888382767,0.004063878503355138
4.593,CONTACT_ACQUIRE,0.05,0.0,0.0,0,0.002545270260870649,0.00019387462418243257,-0.0015094828728776711,-0.30028918301158425,0.00402360633855215
4.594,CONTACT_ACQUIRE,0.05,0.0,0.0,0,0.002546270260870649,0.00019235788787068053,-0.0015239570230768996,-0.30028671768135684,0.003982799093323586
4.595,CONTACT_ACQUIRE,0.05,0.0,0.0,0,0.0025472702608706492,0.00019082677572899689,-0.0015382343969666716,-0.30028421329332416,0.003941469794149686
4.596,CONTACT_ACQUIRE,0.05,0.0,0.0,0,0.0025482702608706494,0.0001892814849373231,-0.001552314190974557,-0.30028167025278424,0.0038996315327216326
4.597,CONTACT_ACQUIRE,0.05,0.0,0.0,0,0.0025492702608706495,0.0001877222134680965,-0.0015661956236828476,-0.30027908897002614,0.0038572974610177405
4.598,CONTACT_ACQUIRE,0.05,0.0,0.0,0,0.0025502702608706496,0.0001861491600640912,-0.0015798779358369155,-0.30027646986020085,0.00381448078641179
4.599,CONTACT_ACQUIRE,0.05,0.0,0.0,0,0.0025512702608706497,0.00018456252421625175,-0.0015933603903513437,-0.30027381334319186,0.003771194766814906
4.6000000000000005,CONTACT_ACQUIRE,0.05,0.0,0.0,0,0.00255227026087065,0.00018296250614152176,-0.001606642272313833,-0.30027111984348515,0.003727452705852253
4.601,CONTACT_ACQUIRE,0.05,0.0,0.0,0,0.00255327026087065,0.00018134930676066985,-0.001619722888986893,-0.3002683897900387,0.003683267948075875
4.602,CONTACT_ACQUIRE,0.05,0.0,0.0,0,0.00255427026087065,0.00017972312767611478,-0.0016326015698073227,-0.30026562361615167,0.003638653874214927
4.603,CONTACT_ACQUIRE,0.05,0.0,0.0,0,0.0025552702608706503,0.00017808417114975245,-0.001645277666383489,-0.3002628217593331,0.003593623896464522
4.604,CONTACT_ACQUIRE,0.05,0.0,0.0,0,0.0025562702608706504,0.00017643264008078654,-0.0016577505524904108,-0.3002599846611705,0.003548191453814399
4.605,CONTACT_ACQUIRE,0.05,0.0,0.0,0,0.0025572702608706505,0.00017476873798356527,-0.0016700196240626523,-0.3002571127671979,0.003502370007418585
4.606,CONTACT_ACQUIRE,0.05,0.0,0.0,0,0.0025582702608706507,0.0001730926689654263,-0.0016820842991850386,-0.30025420652676416,0.003456173036007186
4.607,CONTACT_ACQUIRE,0.05,0.0,0.0,0,0.002559270260870651,0.00017140463770455206,-0.0016939440180811975,-0.3002512663929004,0.003409614031341403
4.6080000000000005,CONTACT_ACQUIRE,0.05,0.0,0.0,0,0.002560270260870651,0.00016970484942783744,-0.001705598243099935,-0.300248292822188,0.003362706493712868
4.609,CONTACT_ACQUIRE,0.05,0.0,0.0,0,0.002561270260870651,0.0001679935098887725,-0.0017170464586994559,-0.3002452862746261,0.003315463927488334
4.61,CONTACT_ACQUIRE,0.05,0.0,0.0,0,0.002562270260870651,0.00016627082534534176,-0.0017282881714294363,-0.3002422472134991,0.00326789983670074
4.611,CONTACT_ACQUIRE,0.05,0.0,0.0,0,0.0025632702608706513,0.00016453700253794257,-0.001739322909910954,-0.3002391761052445,0.003220027720687636
4.612,CONTACT_ACQUIRE,0.05,0.0,0.0,0,0.0025642702608706515,0.00016279224866732472,-0.0017501502248142894,-0.30023607341932007,0.0031718610697779276
4.613,CONTACT_ACQUIRE,0.05,0.0,0.0,0,0.0025652702608706516,0.0001610367713725531,-0.0017607696888346034,-0.3002329396280721,0.0031234133610278515
4.614,CONTACT_ACQUIRE,0.05,0.0,0.0,0,0.0025662702608706517,0.00015927077870899598,-0.001771180896665503,-0.30022977520660293,0.003074698054007101
4.615,CONTACT_ACQUIRE,0.05,0.0,0.0,0,0.002567270260870652,0.00015749447912634057,-0.0017813834649705008,-0.30022658063263896,0.0030257285866359456
4.616,CONTACT_ACQUIRE,0.05,0.0,0.0,0,0.002568270260870652,0.00015570808144663831,-0.001791377032352382,-0.300223356386399,0.002976518371074194
4.617,CONTACT_ACQUIRE,0.05,0.0,0.0,0,0.002569270260870652,0.00015391179484238176,-0.0018011612593204856,-0.30022010295046275,0.002927080789662807
4.618,CONTACT_ACQUIRE,0.05,0.0,0.0,0,0.0025702702608706523,0.00015210582881461528,-0.0018107358282559091,-0.30021682080963935,0.002877429190918922
4.619,CONTACT_ACQUIRE,0.05,0.0,0.0,0,0.0025712702608706524,0.0001502903931710815,-0.0018201004433746506,-0.30021351045083683,0.0028275768855850684
4.62,CONTACT_ACQUIRE,0.05,0.0,0.0,0,0.0025722702608706525,0.00014846569800440576,-0.0018292548306886925,-0.3002101723629313,0.002777537142733256
4.621,CONTACT_ACQUIRE,0.05,0.0,0.0,0,0.0025732702608706527,0.0001466319536703204,-0.0018381987379650433,-0.30020680703663705,0.002727323185924658
4.622,CONTACT_ACQUIRE,0.05,0.0,0.0,0,0.002574270260870653,0.00014478937076593107,-0.001846931934682743,-0.3002034149643767,0.0026769481894255327
4.623,CONTACT_ACQUIRE,0.05,0.0,0.0,0,0.002575270260870653,0.00014293816010802702,-0.0018554542119878453,-0.3001999966401521,0.00262642527448002
4.624,CONTACT_ACQUIRE,0.05,0.0,0.0,0,0.002576270260870653,0.00014107853271143746,-0.0018637653826463873,-0.30019655255941574,0.002575767505640421
4.625,CONTACT_ACQUIRE,0.05,0.0,0.0,0,0.002577270260870653,0.00013921069976743594,-0.0018718652809953562,-0.3001930832189425,0.002524987887155538
4.626,CONTACT_ACQUIRE,0.05,0.0,0.0,0,0.0025782702608706533,0.0001373348726221947,-0.0018797537628916666,-0.3001895891167022,0.0024740993594176146
4.627,CONTACT_ACQUIRE,0.05,0.0,0.0,0,0.0025792702608706535,0.00013545126275529108,-0.0018874307056591566,-0.3001860707517327,0.002423114795468408
4.628,CONTACT_ACQUIRE,0.05,0.0,0.0,0,0.0025802702608706536,0.00013356008175826803,-0.0018948960080336173,-0.30018252862401373,0.002372046997564887
4.6290000000000004,CONTACT_ACQUIRE,0.05,0.0,0.0,0,0.0025812702608706537,0.00013166154131325029,-0.0019021495901058645,-0.30017896323434123,0.0023209086938050004
4.63,CONTACT_ACQUIRE,0.05,0.0,0.0,0,0.002582270260870654,0.00012975585317161876,-0.0019091913932628667,-0.3001753750842026,0.002269712534813993
4.631,CONTACT_ACQUIRE,0.05,0.0,0.0,0,0.002583270260870654,0.00012784322913274453,-0.00191602138012694,-0.30017176467565276,0.002218471090491643
4.632,CONTACT_ACQUIRE,0.05,0.0,0.0,0,0.002584270260870654,0.00012592388102278476,-0.0019226395344930228,-0.3001681325111907,0.0021671968468208336
4.633,CONTACT_ACQUIRE,0.05,0.0,0.0,0,0.0025852702608706543,0.00012399802067354225,-0.0019290458612640402,-0.3001644790936371,0.0021159022027378055
4.634,CONTACT_ACQUIRE,0.05,0.0,0.0,0,0.0025862702608706544,0.00012206585990139045,-0.0019352403863843756,-0.3001608049260128,0.0020645994670644226
4.635,CONTACT_ACQUIRE,0.05,0.0,0.0,0,0.0025872702608706545,0.00012012761048626619,-0.0019412231567714556,-0.3001571105114182,0.0020133008555027693
4.636,CONTACT_ACQUIRE,0.05,0.0,0.0,0,0.0025882702608706547,0.00011818348415073153,-0.0019469942402454666,-0.3001533963529132,0.001962018487692345
4.6370000000000005,CONTACT_ACQUIRE,0.05,0.0,0.0,0,0.002589270260870655,0.00011623369253910695,-0.0019525537254572118,-0.30014966295339857,0.0019107643843301316
4.638,CONTACT_ACQUIRE,0.05,0.0,0.0,0,0.002590270260870655,0.00011427844719667758,-0.001957901721814124,-0.300145910815498,0.0018595504643537455
4.639,CONTACT_ACQUIRE,0.05,0.0,0.0,0,0.002591270260870655,0.0001123179595489743,-0.001963038359404446,-0.3001421404414413,0.0018083885421878965
4.64,CONTACT_ACQUIRE,0.05,0.0,0.0,0,0.002592270260870655,0.00011035244088113163,-0.0019679637889195947,-0.30013835233294833,0.0017572903250543288
4.641,CONTACT_ACQUIRE,0.05,0.0,0.0,0,0.0025932702608706553,0.0001083821023173241,-0.001972678181574715,-0.3001345469911146,0.0017062674103454013
4.642,CONTACT_ACQUIRE,0.05,0.0,0.0,0,0.0025942702608706555,0.00010640715480028301,-0.0019771817290274493,-0.30013072491629705,0.001655331283061445
4.643,CONTACT_ACQUIRE,0.05,0.0,0.0,0,0.0025952702608706556,0.00010442780907089532,-0.001981474643294921,-0.3001268866080018,0.0016044933133120066
4.644,CONTACT_ACQUIRE,0.05,0.0,0.0,0,0.0025962702608706557,0.00010244427564788631,-0.0019855571566689606,-0.3001230325647725,0.001553764753881062
4.6450000000000005,CONTACT_ACQUIRE,0.05,0.0,0.0,0,0.002597270260870656,0.0001004567648075881,-0.0019894295216295794,-0.3001191632840801,0.00150315673785627
4.646,CONTACT_ACQUIRE,0.05,0.0,0.0,0,0.002598270260870656,9.84654865637954e-05,-0.0019930920107567042,-0.3001152792622135,0.001452680276322303
4.647,CONTACT_ACQUIRE,0.05,0.0,0.0,0,0.002599270260870656,9.647065064771046e-05,-0.001996544916640195,-0.3001113809941716,0.0014023462561182727
4.648,CONTACT_ACQUIRE,0.05,0.0,0.0,0,0.0026002702608706563,9.447246648797885e-05,-0.0019997885517881514,-0.3001074689735568,0.001352165437659253
4.649,CONTACT_ACQUIRE,0.05,0.0,0.0,0,0.0026012702608706564,9.247114319081773e-05,-0.0020028232485335283,-0.30010354369246905,0.0013021484528218685
4.65,CONTACT_ACQUIRE,0.05,0.0,0.0,0,0.0026022702608706565,9.046688952023844e-05,-0.0020056493589390716,-0.3000996056414021,0.0012523058028939067
4.651,CONTACT_ACQUIRE,0.05,0.0,0.0,0,0.0026032702608706567,8.845991387836493e-05,-0.00200826725470059,-0.30009565530914,0.0012026478565878834
4.652,CONTACT_ACQUIRE,0.05,0.0,0.0,0,0.0026042702608706568,8.645042428584969e-05,-0.002010677327048579,-0.3000916931826558,0.001153184848118474
4.6530000000000005,CONTACT_ACQUIRE,0.05,0.0,0.0,0,0.002605270260870657,8.4438628362389e-05,-0.002012879986648211,-0.30008771974701115,0.0011039268753436989
4.654,CONTACT_ACQUIRE,0.05,0.0,0.0,0,0.002606270260870657,8.24247333073389e-05,-0.002014875663497704,-0.30008373548525696,0.001054883897969739
4.655,CONTACT_ACQUIRE,0.05,0.0,0.0,0,0.002607270260870657,8.040894588043366e-05,-0.0020166648068250894,-0.30007974087833617,0.0010060657358192248
4.656,CONTACT_ACQUIRE,0.05,0.0,0.0,0,0.0026082702608706573,7.83914723826082e-05,-0.00201824788498339,-0.3000757364049871,0.0009574820671628321
4.657,CONTACT_ACQUIRE,0.05,0.0,0.0,0,0.0026092702608706574,7.637251863692618e-05,-0.002019625385344223,-0.3000717225416487,0.0009091424271140022
4.658,CONTACT_ACQUIRE,0.05,0.0,0.0,0,0.0026102702608706576,7.435228996961526e-05,-0.0020207978141898487,-0.30006769976236713,0.000861056206086569
4.659,CONTACT_ACQUIRE,0.05,0.0,0.0,0,0.0026112702608706577,7.233099119121112e-05,-0.0020217656966036767,-0.3000636685387035,0.0008132326483150752
4.66,CONTACT_ACQUIRE,0.05,0.0,0.0,0,0.002612270260870658,7.03088265778116e-05,-0.002022529576359242,-0.3000596293396432,0.0007656808504375286
4.6610000000000005,CONTACT_ACQUIRE,0.05,0.0,0.0,0,0.002613270260870658,6.82859998524428e-05,-0.0020230900158076746,-0.30005558263150695,0.000718409760140339
4.662,CONTACT_ACQUIRE,0.05,0.0,0.0,0,0.002614270260870658,6.626271416653834e-05,-0.0020234475957636735,-0.3000515288778628,0.0006714281748651538
4.663,CONTACT_ACQUIRE,0.05,0.0,0.0,0,0.0026152702608706582,6.42391720815334e-05,-0.002023602915390001,-0.30004746853943987,0.000624744740577298
4.664,CONTACT_ACQUIRE,0.05,0.0,0.0,0,0.0026162702608706584,6.221557555057505e-05,-0.002023556592080515,-0.30004340207404373,0.0005783679505955021
4.665,CONTACT_ACQUIRE,0.05,0.0,0.0,0,0.0026172702608706585,6.019212590035026e-05,-0.002023309261341755,-0.3000393299364729,0.000532306144482587
4.666,CONTACT_ACQUIRE,0.05,0.0,0.0,0,0.0026182702608706586,5.8169023813032965e-05,-0.0020228615766731003,-0.30003525257843733,0.00048656750699676134
4.667,CONTACT_ACQUIRE,0.05,0.0,0.0,0,0.0026192702608706588,5.614646930835177e-05,-0.0020222142094455096,-0.3000311704484778,0.0004411600671031667
4.668,CONTACT_ACQUIRE,0.05,0.0,0.0,0,0.002620270260870659,5.41246617257796e-05,-0.002021367848778868,-0.30002708399188754,0.0003960916970452932
4.6690000000000005,CONTACT_ACQUIRE,0.05,0.0,0.0,0,0.002621270260870659,5.2103799706846634e-05,-0.0020203232014179523,-0.3000229936506346,0.00035137011147587025
4.67,CONTACT_ACQUIRE,0.05,0.0,0.0,0,0.002622270260870659,5.008408117757804e-05,-0.0020190809916070303,-0.3000188998632867,0.00030700286664682577
4.671,CONTACT_ACQUIRE,0.05,0.0,0.0,0,0.0026232702608706593,4.80657033310577e-05,-0.0020176419609631165,-0.3000148030649367,0.0002629973596578894
4.672,CONTACT_ACQUIRE,0.05,0.0,0.0,0,0.0026242702608706594,4.604886261011946e-05,-0.0020160068683478935,-0.30001070368713023,0.00021936082776340262
4.673,CONTACT_ACQUIRE,0.05,0.0,0.0,0,0.0026252702608706596,4.403375469016698e-05,-0.002014176489738323,-0.30000660215779473,0.00017610034773688532
4.674,CONTACT_ACQUIRE,0.05,0.0,0.0,0,0.0026262702608706597,4.202057446212371e-05,-0.0020121516180959596,-0.30000249890117003,0.0001332228352928923
4.675,CONTACT_ACQUIRE,0.05,0.0,0.0,0,0.00262727026087066,4.000951601551421e-05,-0.0020099330632349826,-0.2999983943377405,9.073504456568311e-05
4.676,CONTACT_ACQUIRE,0.05,0.0,0.0,0,0.00262827026087066,3.800077262167799e-05,-0.0020075216516889697,-0.29999428888416885,4.864356764421363e-05
4.6770000000000005,CONTACT_ACQUIRE,0.05,0.0,0.0,0,0.00262927026087066,3.5994536717117264e-05,-0.0020049182265764226,-0.29999018295323143,6.95483416294586e-06
4.678,CONTACT_ACQUIRE,0.05,0.0,0.0,0,0.0026302702608706602,3.399099988697978e-05,-0.002002123647465065,-0.29998607695375523,-3.432488905203946e-05
4.679,CONTACT_ACQUIRE,0.05,0.0,0.0,0,0.0026312702608706604,3.199035284867793e-05,-0.001999138790234931,-0.2999819712905563,-7.518949828215523e-05
4.68,CONTACT_ACQUIRE,0.05,0.05,0.09989650686531965,1,0.0026302702608706607,2.9992785435645444e-05,-0.0019881941773890496,-0.2999778663643801,-0.00011563305316118438
4.681,CONTACT_ACQUIRE,0.05,0.05,0.14383712655969397,1,0.00262918664567459,2.80329189099583e-05,-0.0019281294421682733,-0.2999738119240968,-0.00015544448174493604
4.682,CONTACT_ACQUIRE,0.05,0.05,0.1860101097144284,1,0.002628068136345038,2.6143207461505264e-05,-0.001848032722734305,-0.29996985480053123,-0.00019442105837570774
4.683,CONTACT_ACQUIRE,0.05,0.05,0.22615568144490827,1,0.0026269116203173877,2.4343216282843927e-05,-0.0017488575814105017,-0.29996602347668777,-0.00023243858048847664
4.684,CONTACT_ACQUIRE,0.05,0.05,0.2640326810397267,1,0.0026257150954808028,2.265149853479483e-05,-0.001631672997617786,-0.2999623450756004,-0.000269382403973552
4.6850000000000005,CONTACT_ACQUIRE,0.05,0.05,0.2994198832305469,1,0.0026244776366269847,2.108548460222989e-05,-0.0014976539237007921,-0.29995884519850974,-0.00030514764636357315
4.686,CONTACT_ACQUIRE,0.05,0.05,0.3321170303005978,1,0.002623199355998204,1.9661381064328154e-05,-0.0013480713220214984,-0.2999555477764088,-0.00033963938849353967
4.687,CONTACT_ACQUIRE,0.05,0.05,0.361945706206016,1,0.002622015074217734,1.8394079844850855e-05,-0.001184281780469965,-0.29995247493565536,-0.0003727728084614445
4.688,CONTACT_ACQUIRE,0.05,0.05,0.38874959012409127,1,0.0026210073573657727,1.7297077910354736e-05,-0.0010077168519614173,-0.29994964687821346,-0.0004044730831496884
4.689,CONTACT_ACQUIRE,0.05,0.05,0.41239450182852166,1,0.0026201874849377553,1.6382407617052406e-05,-0.000819872428017403,-0.2999470817767029,-0.0004346746392033976
4.69,CONTACT_ACQUIRE,0.05,0.05,0.4327689899227633,1,0.0026195651869740997,1.5660577739112524e-05,-0.0006222979636555816,-0.29994479568433413,-0.0004633205558901556
4.691,CONTACT_ACQUIRE,0.05,0.05,0.4497847737572801,1,0.002619148601506437,1.5140525396018622e-05,-0.00041658546766261287,-0.2999428024600759,-0.0004903623499922583
4.692,CONTACT_ACQUIRE,0.05,0.05,0.46337685997892997,1,0.0026189442431006522,1.4829579045267347e-05,-0.000204358405784972,-0.29994111370933185,-0.0005157598102936013
4.6930000000000005,CONTACT_ACQUIRE,0.05,0.05,0.47350351278448727,1,0.0026189569824852025,1.4733432571873963e-05,1.2739384550288532e-05,-0.29993973874021596,-0.0005394807955387825
4.694,CONTACT_ACQUIRE,0.05,0.05,0.48014608081182186,1,0.002619190037184756,1.4856130428807479e-05,0.00023305469955344158,-0.29993868453540323,-0.0005615009979021497
4.695,CONTACT_ACQUIRE,0.05,0.05,0.4833086844259237,1,0.002619644973012531,1.5200063714903349e-05,0.0004549358277750493,-0.2999379557394396,-0.0005818036741549423
4.696,CONTACT_ACQUIRE,0.05,0.05,0.4830177679234488,1,0.0026203217162102214,1.5765977011193135e-05,0.0006767431976900821,-0.2999375546612993,-0.0006003793468530682
4.697,CONTACT_ACQUIRE,0.05,0.05,0.47932152193373945,1,0.0026212185759623852,1.655298573330947e-05,0.0008968597521637148,-0.2999374812918889,-0.0006172254779861507
4.698,CONTACT_ACQUIRE,0.05,0.05,0.47228918197749437,1,0.002622332276953019,1.7558603697016405e-05,0.0011137009906334785,-0.29993773333611023,-0.0006323461176301331
4.699,CONTACT_ACQUIRE,0.05,0.05,0.46201020979423413,1,0.002623658001576004,1.8778780536296213e-05,0.0013257246229851076,-0.2999383062590109,-0.0006457515302308503
4.7,CONTACT_ACQUIRE,0.05,0.05,0.4485933646393569,1,0.002625189441358532,2.0207948559092724e-05,0.0015314397825280691,-0.2999391933454741,-0.0006574578012145268
4.7010000000000005,CONTACT_ACQUIRE,0.05,0.05,0.4321656722986612,1,0.0026269188571076928,2.1839078575038774e-05,0.0017294157491604927,-0.29994038577282445,-0.0006674864266731648
4.702,CONTACT_ACQUIRE,0.05,0.05,0.41287130004286515,1,0.0026288371472454226,2.3663744182525357e-05,0.0019182901377297072,-0.29994187269565975,-0.0006758638889083191
4.703,CONTACT_ACQUIRE,0.05,0.05,0.39087034617398153,1,0.002630933923756138,2.567219395952062e-05,0.0020967765107150747,-0.29994364134215423,-0.0006826212206359578
4.704,CONTACT_ACQUIRE,0.05,0.05,0.36633755318394295,1,0.0026331975951347916,2.7853430963807053e-05,0.0022636713786538965,-0.2999456771210229,-0.0006877935606581592
4.705,CONTACT_ACQUIRE,0.05,0.05,0.3394609538379477,1,0.002635615455690963,3.0195298913935604e-05,0.0024178605561712735,-0.29994796373828536,-0.000691419703794535
4.706,CONTACT_ACQUIRE,0.05,0.05,0.3104404597523317,1,0.002638173780536994,3.268457439232569e-05,0.0025583248460313433,-0.2999504833229225,-0.0006935416478378206
4.707,CONTACT_ACQUIRE,0.05,0.05,0.27948640220163257,1,0.0026408579255652637,3.530706438667281e-05,0.0026841450282693332,-0.2999532165604812,-0.0006942041402544013
4.708,CONTACT_ACQUIRE,0.05,0.05,0.24681803501521346,1,0.0026436524317014283,3.804770846523181e-05,0.002794506136164566,-0.29995614283365013,-0.0006934542272920751
4.7090000000000005,CONTACT_ACQUIRE,0.05,0.05,0.21266200947310548,1,0.0026465411327069657,4.089068486566436e-05,0.0028887010055375266,-0.2999592403688054,-0.0006913408080846198
4.71,CONTACT_ACQUIRE,0.05,0.05,0.1772508311045303,1,0.002649507265795546,4.381951976598666e-05,0.002966133088580032,-0.29996248638750483,-0.0006879141962563319
4.711,CONTACT_ACQUIRE,0.05,0.05,0.14082130823063438,1,0.0026525335843236636,4.681719899971145e-05,0.0030263185281175047,-0.2999658572618984,-0.0006832256914302392
4.712,CONTACT_ACQUIRE,0.05,0.05,0.10361300194997558,1,0.002655602471816499,4.986628147549986e-05,0.0030688874928353777,-0.29996932867301734,-0.0006773271629320026
4.713,CONTACT_ACQUIRE,0.05,0.16999999999999998,0.0658666871018748,1,0.0026606713593093343,5.294901356445081e-05,0.0030935847785454103,-0.2999728757709043,-0.0006702706478583023
4.714,CONTACT_ACQUIRE,0.05,0.16999999999999998,0.02778161539546191,1,0.00266774024680217,5.604744233304805e-05,0.003100263488653545,-0.2999764733335413,-0.0006620931098560752
4.715,CONTACT_ACQUIRE,0.05,0.0,0.0,0,0.002672809134295005,5.914351045089352e-05,0.00308967124850443,-0.2999800958997208,-0.0006527700963336515
4.716,CONTACT_ACQUIRE,0.05,0.0,0.0,0,0.0026758780217878407,6.222535336815811e-05,0.0030739716468688757,-0.2999837267904336,-0.0006422380415841101
4.7170000000000005,CONTACT_ACQUIRE,0.05,0.0,0.0,0,0.0026769469092806763,6.52913682613811e-05,0.0030580155970013137,-0.2999873639779983,-0.0006304554477394478
4.718,CONTACT_ACQUIRE,0.05,0.0,0.0,0,0.0026779469092806764,6.83412998750833e-05,0.0030418054873955105,-0.29999100734687156,-0.0006174071192690069
4.719,CONTACT_ACQUIRE,0.05,0.0,0.0,0,0.0026789469092806766,7.137489535119471e-05,0.0030253437243269966,-0.2999946567691128,-0.0006030917569234427
4.72,CONTACT_ACQUIRE,0.05,0.0,0.0,0,0.0026799469092806767,7.43919042466889e-05,0.003008632731558234,-0.29999831210435707,-0.0005875119390790611
4.721,CONTACT_ACQUIRE,0.05,0.0,0.0,0,0.002680946909280677,7.739207855092226e-05,0.002991674950042968,-0.3000019731998399,-0.0005706713133377385
4.722,CONTACT_ACQUIRE,0.05,0.0,0.0,0,0.002681946909280677,8.037517270267703e-05,0.0029744728376297955,-0.30000563989043283,-0.0005525744875161106
4.723,CONTACT_ACQUIRE,0.05,0.0,0.0,0,0.002682946909280677,8.334094360690772e-05,0.00295702886876498,-0.30000931199868863,-0.0005332270074500461
4.724,CONTACT_ACQUIRE,0.05,0.0,0.0,0,0.002683946909280677,8.628915065118983e-05,0.0029393455341945487,-0.3000129893348955,-0.0005126353348260505
4.7250000000000005,CONTACT_ACQUIRE,0.05,0.0,0.0,0,0.0026849469092806773,8.921955572187036e-05,0.002921425340665699,-0.3000166716971406,-0.0004908068250474627
4.726,CONTACT_ACQUIRE,0.05,0.0,0.0,0,0.0026859469092806775,9.213192321991946e-05,0.0029032708106275507,-0.3000203588713819,-0.00046774970514313924
4.727,CONTACT_ACQUIRE,0.05,0.0,0.0,0,0.0026869469092806776,9.502602007648242e-05,0.0028848844819312726,-0.30002405063152904,-0.00044347305172618985
4.728,CONTACT_ACQUIRE,0.05,0.0,0.0,0,0.0026879469092806777,9.790161576813156e-05,0.002866268907529616,-0.30002774673953214,-0.0004179867690101625
4.729,CONTACT_ACQUIRE,0.05,0.0,0.0,0,0.002688946909280678,0.00010075848233181735,0.0028474266551758885,-0.300031446945479,-0.00039130156688993906
4.73,CONTACT_ACQUIRE,0.05,0.0,0.0,0,0.002689946909280678,0.0001035963943795182,0.0028283603071223963,-0.30003515098770006,-0.0003634289390944434
4.731,CONTACT_ACQUIRE,0.05,0.0,0.0,0,0.002690946909280678,0.00010641512911258848,0.0028090724598183914,-0.30003885859288115,-0.00033438114141812517
4.732,CONTACT_ACQUIRE,0.05,0.0,0.0,0,0.0026919469092806783,0.00010921446633580428,0.0027895657236075492,-0.3000425694761835,-0.0003041711700380263
4.7330000000000005,CONTACT_ACQUIRE,0.05,0.0,0.0,0,0.0026929469092806784,0.00011199418847110636,0.0027698427224250154,-0.3000462833413714,-0.00027281273992309235
4.734,CONTACT_ACQUIRE,0.05,0.0,0.0,0,0.0026939469092806785,0.00011475408057103994,0.002749906093494046,-0.3000499998809465,-0.00024032026334224444
4.735,CONTACT_ACQUIRE,0.05,0.0,0.0,0,0.0026949469092806787,0.00011749393033189107,0.002729758487022279,-0.3000537187762892,-0.0002067088284775763
4.736,CONTACT_ACQUIRE,0.05,0.0,0.0,0,0.002695946909280679,0.00012021352810651889,0.0027094025658976617,-0.3000574396978067,-0.00017199417814889992
4.737,CONTACT_ACQUIRE,0.05,0.0,0.0,0,0.002696946909280679,0.00012291266691688386,0.002688841005384074,-0.30006116230508717,-0.0001361926886557105
4.738,CONTACT_ACQUIRE,0.05,0.0,0.0,0,0.002697946909280679,0.00012559114246627135,0.002668076492816668,-0.30006488624706057,-9.932134874250133e-05
4.739,CONTACT_ACQUIRE,0.05,0.0,0.0,0,0.002698946909280679,0.00012824875315121047,0.0026471117272969654,-0.3000686111621651,-6.139773869321095e-05
4.74,CONTACT_ACQUIRE,0.05,0.0,0.0,0,0.0026999469092806793,0.00013088530007308798,0.0026259494193877383,-0.3000723366785196,-2.244000956044048e-05
4.741,CONTACT_ACQUIRE,0.05,0.0,0.0,0,0.0027009469092806795,0.00013350058704945673,0.0026045922908077028,-0.3000760624141018,1.753313746506409e-05
4.742,CONTACT_ACQUIRE,0.05,0.0,0.0,0,0.0027019469092806796,0.00013609442062503905,0.002583043074126062,-0.30007978797693124,5.850247153931323e-05
4.743,CONTACT_ACQUIRE,0.05,0.0,0.0,0,0.0027029469092806797,0.00013866661008242438,0.0025613045124569258,-0.3000835129652584,0.00010044825249915114
4.744,CONTACT_ACQUIRE,0.05,0.0,0.0,0,0.00270394690928068,0.00014121696745246135,0.002539379359153635,-0.30008723696775796,0.0001433502510404424
4.745,CONTACT_ACQUIRE,0.05,0.0,0.0,0,0.00270494690928068,0.00014374530752434418,0.002517270377503029,-0.30009095956372717,0.00018718776873544272
4.746,CONTACT_ACQUIRE,0.05,0.0,0.0,0,0.00270594690928068,0.00014625144785539328,0.00249498034041968,-0.300094680323289,0.00023193965788456992
4.747,CONTACT_ACQUIRE,0.05,0.0,0.0,0,0.0027069469092806803,0.0001487352087805301,0.0024725120301401257,-0.3000983988075995,0.00027758434119792955
4.748,CONTACT_ACQUIRE,0.05,0.0,0.0,0,0.0027079469092806804,0.00015119641342144617,0.0024498682379171352,-0.3001021145690593,0.00032409983130208983
4.749,CONTACT_ACQUIRE,0.05,0.0,0.0,0,0.0027089469092806805,0.0001536348876954666,0.0024270517637140325,-0.3001058271515293,0.0003714637500677392
4.75,CONTACT_ACQUIRE,0.05,0.0,0.0,0,0.0027099469092806807,0.00015605046032410774,0.0024040654158991115,-0.3001095360905502,0.0004196533477539929
4.751,CONTACT_ACQUIRE,0.05,0.0,0.0,0,0.002710946909280681,0.0001584429628413294,0.002380912010940172,-0.30011324091356545,0.0004686455219652587
4.752,CONTACT_ACQUIRE,0.05,0.0,0.0,0,0.002711946909280681,0.0001608122296014818,0.0023575943730992062,-0.3001169411401479,0.0005184168364167004
4.753,CONTACT_ACQUIRE,0.05,0.0,0.0,0,0.002712946909280681,0.00016315809778694702,0.002334115334127264,-0.30012063628222974,0.0005689435395044755
4.7540000000000004,CONTACT_ACQUIRE,0.05,0.0,0.0,0,0.002713946909280681,0.00016548040741547573,0.002310477732959531,-0.3001243258443351,0.0006202015826770566
4.755,CONTACT_ACQUIRE,0.05,0.0,0.0,0,0.0027149469092806813,0.00016777900134721884,0.0022866844154106466,-0.3001280093238163,0.0006721666386040792
4.756,CONTACT_ACQUIRE,0.05,0.0,0.0,0,0.0027159469092806815,0.00017005372529145478,0.002262738233870287,-0.300131686211092,0.00072481411913929
4.757,CONTACT_ACQUIRE,0.05,0.0,0.0,0,0.0027169469092806816,0.00017230442781301247,0.0022386420469990543,-0.30013535598988866,0.0007781191930742965
4.758,CONTACT_ACQUIRE,0.05,0.0,0.0,0,0.0027179469092806817,0.0001745309603383903,0.0022143987194246863,-0.30013901813748395,0.0008320568036799582
4.759,CONTACT_ACQUIRE,0.05,0.0,0.0,0,0.002718946909280682,0.0001767331771615715,0.00219001112143863,-0.3001426721249523,0.0008866016860323732
4.76,CONTACT_ACQUIRE,0.05,0.0,0.0,0,0.002719946909280682,0.00017891093544953633,0.002165482128692996,-0.30014631741741293,0.0009417283841205594
4.761,CONTACT_ACQUIRE,0.05,0.0,0.0,0,0.002720946909280682,0.00018106409524747138,0.0021408146218979333,-0.3001499534742792,0.000997411267733036
4.7620000000000005,CONTACT_ACQUIRE,0.05,0.0,0.0,0,0.0027219469092806823,0.00018319251948367647,0.0021160114865194438,-0.30015357974951024,0.0010536245491206532
4.763,CONTACT_ACQUIRE,0.05,0.0,0.0,0,0.0027229469092806824,0.00018529607397416964,0.002091075612477672,-0.3001571956918635,0.0011103422994331374
4.764,CONTACT_ACQUIRE,0.05,0.0,0.0,0,0.0027239469092806825,0.00018737462742699057,0.002066009893845695,-0.30016080074514934,0.001167538464926927
4.765,CONTACT_ACQUIRE,0.05,0.0,0.0,0,0.0027249469092806827,0.00018942805144620323,0.002040817228548844,-0.30016439434848635,0.001225186882942023
4.766,CONTACT_ACQUIRE,0.05,0.0,0.0,0,0.002725946909280683,0.00019145622053559795,0.002015500518064579,-0.3001679759365578,0.001283261297645675
4.767,CONTACT_ACQUIRE,0.05,0.0,0.0,0,0.002726946909280683,0.00019345901210209376,0.0019900626671229557,-0.30017154493986936,0.0013417353755408542
4.768,CONTACT_ACQUIRE,0.05,0.0,0.0,0,0.002727946909280683,0.00019543630645884143,0.001964506583407701,-0.30017510078500714,0.0014005827207375797
4.769,CONTACT_ACQUIRE,0.05,0.0,0.0,0,0.002728946909280683,0.00019738798682802802,0.0019388351772579332,-0.3001786428948966,0.001459776889985285
4.7700000000000005,CONTACT_ACQUIRE,0.05,0.0,0.0,0,0.0027299469092806833,0.00019931393934338339,0.0019130513613705494,-0.30018217068906183,0.0015192914074645134
4.771,CONTACT_ACQUIRE,0.05,0.0,0.0,0,0.0027309469092806835,0.00020121405305238937,0.0018871580505033117,-0.30018568358388514,0.0015790997793363704
4.772,CONTACT_ACQUIRE,0.05,0.0,0.0,0,0.0027319469092806836,0.00020308821991819263,0.0018611581611786567,-0.30018918099286696,0.0016391755080482461
4.773,CONTACT_ACQUIRE,0.05,0.0,0.0,0,0.0027329469092806837,0.00020493633482122138,0.0018350546113882554,-0.3001926623268855,0.0016994921063944492
4.774,CONTACT_ACQUIRE,0.05,0.0,0.0,0,0.002733946909280684,0.0002067582955605074,0.001808850320298353,-0.30019612699445675,0.001760023111330502
4.775,CONTACT_ACQUIRE,0.05,0.0,0.0,0,0.002734946909280684,0.00020855400285471352,0.001782548207955913,-0.30019957440199363,0.0018207420975399507
4.776,CONTACT_ACQUIRE,0.05,0.0,0.0,0,0.002735946909280684,0.00021032336034286769,0.0017561511949955929,-0.3002030039540654,0.0018816226907526527
4.777,CONTACT_ACQUIRE,0.05,0.0,0.0,0,0.0027369469092806843,0.00021206627458480464,0.0017296622023475789,-0.3002064150536562,0.001942638580813613
4.7780000000000005,CONTACT_ACQUIRE,0.05,0.0,0.0,0,0.0027379469092806844,0.00021378265506131566,0.0017030841509463055,-0.3002098071024229,0.002003763534501541
4.779,CONTACT_ACQUIRE,0.05,0.0,0.0,0,0.0027389469092806845,0.00021547241417400756,0.0016764199614400848,-0.30021317950095255,0.0020649714080964144
4.78,CONTACT_ACQUIRE,0.05,0.0,0.0,0,0.0027399469092806846,0.00021713546724487175,0.001649672553901675,-0.3002165316490186,0.002126236159695408
4.781,CONTACT_ACQUIRE,0.05,0.0,0.0,0,0.0027409469092806848,0.0002187717325155644,0.0016228448475398085,-0.3002198629458364,0.0021875318612766936
4.782,CONTACT_ACQUIRE,0.05,0.0,0.0,0,0.002741946909280685,0.00022038113114639858,0.0015959397604117123,-0.30022317279031724,0.002248832710510671
4.783,CONTACT_ACQUIRE,0.05,0.0,0.0,0,0.002742946909280685,0.00022196358721504942,0.0015689602091366384,-0.3002264605813215,0.002310113042318309
4.784,CONTACT_ACQUIRE,0.05,0.0,0.0,0,0.002743946909280685,0.00022351902771497331,0.001541909108610437,-0.30022972571791046,0.0023713473401763808
4.785,CONTACT_ACQUIRE,0.05,0.0,0.0,0,0.0027449469092806853,0.0002250473825535423,0.0015147893717211913,-0.3002329675995962,0.0024325102471694326
4.7860000000000005,CONTACT_ACQUIRE,0.05,0.0,0.0,0,0.0027459469092806854,0.00022654858454989457,0.0014876039090659433,-0.3002361856265905,0.002493576576788484
4.787,CONTACT_ACQUIRE,0.05,0.0,0.0,0,0.0027469469092806856,0.0002280225694325022,0.0014603556286685326,-0.3002393792000516,0.0025545213234764736
4.788,CONTACT_ACQUIRE,0.05,0.0,0.0,0,0.0027479469092806857,0.0002294692758364573,0.001433047435698575,-0.3002425477223297,0.0026153196729206112
4.789,CONTACT_ACQUIRE,0.05,0.0,0.0,0,0.002748946909280686,0.00023088864530047793,0.0014056822321916033,-0.30024569059721007,0.0026759470120918728
4.79,CONTACT_ACQUIRE,0.05,0.0,0.0,0,0.002749946909280686,0.0002322806222636344,0.001378262916770394,-0.30024880723015435,0.002736378939031927
4.791,CONTACT_ACQUIRE,0.05,0.0,0.0,0,0.002750946909280686,0.00023364515406179784,0.0013507923843675087,-0.30025189702854005,0.002796591272387936
4.792,CONTACT_ACQUIRE,0.05,0.0,0.0,0,0.0027519469092806862,0.0002349821909238116,0.0013232735259490667,-0.30025495940189756,0.002856560060695673
4.793,CONTACT_ACQUIRE,0.05,0.0,0.0,0,0.0027529469092806864,0.00023629168596738732,0.001295709228239778,-0.30025799376214507,0.002916261591411565
4.7940000000000005,CONTACT_ACQUIRE,0.05,0.0,0.0,0,0.0027539469092806865,0.0002375735951947266,0.0012681023734492582,-0.300260999523821,0.002975672399694287
4.795,CONTACT_ACQUIRE,0.05,0.0,0.0,0,0.0027549469092806866,0.00023882787748786955,0.0012404558389996487,-0.3002639761043143,0.0030347692769366443
4.796,CONTACT_ACQUIRE,0.05,0.0,0.0,0,0.0027559469092806868,0.00024005449460377167,0.0012127724972545635,-0.3002669229240918,0.0030935292790485545
4.797,CONTACT_ACQUIRE,0.05,0.0,0.0,0,0.002756946909280687,0.00024125341116911037,0.0011850552152493888,-0.30026983940692337,0.0031519297344920066
4.798,CONTACT_ACQUIRE,0.05,0.0,0.0,0,0.002757946909280687,0.00024242459467482252,0.0011573068544229554,-0.3002727249801042,0.003209948252068961
4.799,CONTACT_ACQUIRE,0.05,0.0,0.0,0,0.002758946909280687,0.00024356801547037422,0.0011295302703506064,-0.30027557907467445,0.003267562728463225
4.8,CONTACT_ACQUIRE,0.05,0.0,0.0,0,0.0027599469092806873,0.00024468364675776447,0.0011017283124786837,-0.30027840112563586,0.003324751355537398
4.801,CONTACT_ACQUIRE,0.05,0.0,0.0,0,0.0027609469092806874,0.0002457714645852641,0.0010739038238604542,-0.30028119057216573,0.0033814926273860743
4.8020000000000005,CONTACT_ACQUIRE,0.05,0.0,0.0,0,0.0027619469092806876,0.000246831447840891,0.0010460596408934978,-0.3002839468578279,0.003437765347146542
4.803,CONTACT_ACQUIRE,0.05,0.0,0.0,0,0.0027629469092806877,0.00024786357824562415,0.0010181985930585785,-0.30028666943078036,0.0034935486335682833
4.804,CONTACT_ACQUIRE,0.05,0.0,0.0,0,0.002763946909280688,0.0002488678403463565,0.0009903235026600204,-0.3002893577439803,0.003548821927342659
4.805,CONTACT_ACQUIRE,0.05,0.0,0.0,0,0.002764946909280688,0.0002498442215085896,0.0009624371845676093,-0.3002920112553856,0.003603564997194218
4.806,CONTACT_ACQUIRE,0.05,0.0,0.0,0,0.002765946909280688,0.0002507927119088705,0.0009345424459600404,-0.3002946294281533,0.0036577579457351328
4.807,CONTACT_ACQUIRE,0.05,0.0,0.0,0,0.0027669469092806882,0.0002517133045269731,0.0009066420860699342,-0.30029721173083473,0.003711381215084327
4.808,CONTACT_ACQUIRE,0.05,0.0,0.0,0,0.0027679469092806884,0.0002526059951378252,0.0008787388959304391,-0.30029975763756717,0.0037644155922529174
4.809,CONTACT_ACQUIRE,0.05,0.0,0.0,0,0.0027689469092806885,0.00025347078230318306,0.0008508356581234423,-0.3003022666282625,0.003816842214297657
4.8100000000000005,CONTACT_ACQUIRE,0.05,0.0,0.0,0,0.0027699469092806886,0.0002543076673630549,0.000822935146529409,-0.300304738188792,0.0038686425732441074
4.811,CONTACT_ACQUIRE,0.05,0.0,0.0,0,0.0027709469092806888,0.0002551166544268751,0.0007950401260788682,-0.3003071718111681,0.0039197985207813585
4.812,CONTACT_ACQUIRE,0.05,0.0,0.0,0,0.002771946909280689,0.00025589775036443063,0.0007671533525055673,-0.3003095669937222,0.0039702922727301035
4.813,CONTACT_ACQUIRE,0.05,0.0,0.0,0,0.002772946909280689,0.00025665096479654157,0.0007392775721013116,-0.30031192324127903,0.0040201064132860155
4.814,CONTACT_ACQUIRE,0.05,0.0,0.0,0,0.002773946909280689,0.00025737631008549745,0.0007114155214725106,-0.30031424006532764,0.0040692238990403425
4.815,CONTACT_ACQUIRE,0.05,0.0,0.0,0,0.0027749469092806893,0.0002580738013252506,0.0006835699272984484,-0.3003165169841885,0.004117628062779721
4.816,CONTACT_ACQUIRE,0.05,0.0,0.0,0,0.0027759469092806894,0.00025874345633136904,0.0006557435060912968,-0.3003187535231768,0.004165302617067285
4.817,CONTACT_ACQUIRE,0.05,0.0,0.0,0,0.0027769469092806896,0.0002593852956307501,0.0006279389639578909,-0.30032094921476243,0.00421223165760713
4.8180000000000005,CONTACT_ACQUIRE,0.05,0.0,0.0,0,0.0027779469092806897,0.00025999934245109663,0.0006001589963632837,-0.30032310359872594,0.004258399666394286
4.819,CONTACT_ACQUIRE,0.05,0.0,0.0,0,0.00277894690928069,0.0002605856227101578,0.0005724062878960983,-0.3003252162223105,0.004303791514652381
4.82,CONTACT_ACQUIRE,0.05,0.0,0.0,0,0.00277994690928069,0.0002611441650047362,0.0005446835120356958,-0.3003272866403706,0.00434839246556121
4.821,CONTACT_ACQUIRE,0.05,0.0,0.0,0,0.00278094690928069,0.0002616750005994627,0.0005169933309211759,-0.30032931441551647,0.00439218817677649
4.822,CONTACT_ACQUIRE,0.05,0.0,0.0,0,0.0027819469092806902,0.0002621781634153416,0.0004893383951222275,-0.3003312991182546,0.004435164702744068
4.823,CONTACT_ACQUIRE,0.05,0.0,0.0,0,0.0027829469092806904,0.0002626536900180675,0.00046172134341184655,-0.30033324032712483,0.004477308496810972
4.824,CONTACT_ACQUIRE,0.05,0.0,0.0,0,0.0027839469092806905,0.0002631016196061155,0.00043414480254093667,-0.3003351376288329,0.004518606413135642
4.825,CONTACT_ACQUIRE,0.05,0.0,0.0,0,0.0027849469092806906,0.0002635219939986075,0.0004066113870148117,-0.30033699061837965,0.0045590457083997575
4.8260000000000005,CONTACT_ACQUIRE,0.05,0.0,0.0,0,0.0027859469092806908,0.0002639148576229555,0.00037912369887161356,-0.30033879889918585,0.0045986140433241255
4.827,CONTACT_ACQUIRE,0.05,0.0,0.0,0,0.002786946909280691,0.0002642802575022843,0.0003516843274626631,-0.3003405620832133,0.004637299483991082
4.828,CONTACT_ACQUIRE,0.05,0.0,0.0,0,0.002787946909280691,0.000264618243242636,0.0003242958492347594,-0.3003422797910819,0.00467509050297593
4.829,CONTACT_ACQUIRE,0.05,0.0,0.0,0,0.002788946909280691,0.0002649288670199571,0.00029696082751444274,-0.3003439516521827,0.0047119759802899275
4.83,CONTACT_ACQUIRE,0.05,0.0,0.0,0,0.0027899469092806913,0.0002652121835668716,0.0002696818122942372,-0.3003455773047869,0.004747945204137433
4.831,CONTACT_ACQUIRE,0.05,0.0,0.0,0,0.0027909469092806914,0.0002654682501592404,0.00024246134002088723,-0.30034715639615106,0.004782987871489738
4.832,CONTACT_ACQUIRE,0.05,0.0,0.0,0,0.0027919469092806916,0.00026569712660251104,0.0002153019333856032,-0.3003486885826181,0.0048170940884782664
4.833,CONTACT_ACQUIRE,0.05,0.0,0.0,0,0.0027929469092806917,0.0002658988752178577,0.000188206101116331,-0.3003501735297143,0.004850254370609712
4.8340000000000005,CONTACT_ACQUIRE,0.05,0.0,0.0,0,0.002793946909280692,0.00026607356082811515,0.0001611763377720593,-0.30035161091224244,0.004882459642805856
4.835,CONTACT_ACQUIRE,0.05,0.0,0.0,0,0.002794946909280692,0.0002662212507435077,0.00013421512353917902,-0.3003530004143707,0.004913701239270667
4.836,CONTACT_ACQUIRE,0.05,0.0,0.0,0,0.002795946909280692,0.0002663420147471757,0.00010732492402990846,-0.30035434172971764,0.00494397090318744
4.837,CONTACT_ACQUIRE,0.05,0.0,0.0,0,0.002796946909280692,0.0002664359250805014,8.050819008279812e-05,-0.30035563456143344,0.004973260786248695
4.838,CONTACT_ACQUIRE,0.05,0.0,0.0,0,0.0027979469092806923,0.0002665030564282364,5.376735756532815e-05,-0.30035687862227667,0.005001563448021539
4.839,CONTACT_ACQUIRE,0.05,0.0,0.0,0,0.0027989469092806925,0.0002665434859034329,2.710484717861164e-05,-0.30035807363468725,0.005028871855151283
4.84,CONTACT_ACQUIRE,0.05,0.0,0.0,0,0.0027999469092806926,0.00026655729303218034,5.230642642165864e-07,-0.3003592193308555,0.005055179380406084
4.841,CONTACT_ACQUIRE,0.05,0.0,0.0,0,0.0028009469092806927,0.0002665445597381503,-2.597560138688089e-05,-0.30036031545278735,0.0050804798015653685
4.8420000000000005,CONTACT_ACQUIRE,0.05,0.0,0.0,0,0.002801946909280693,0.0002665053703269513,-5.238877572319979e-05,-0.300361361752365,0.005104767300154869
4.843,CONTACT_ACQUIRE,0.05,0.0,0.0,0,0.002802946909280693,0.00026643981147029557,-7.871410061950179e-05,-0.30036235799140426,0.005128036460031071
4.844,CONTACT_ACQUIRE,0.05,0.0,0.0,0,0.002803946909280693,0.0002663479721899805,-0.00010494923406137145,-0.3003633039417076,0.005150282265817888
4.845,CONTACT_ACQUIRE,0.05,0.0,0.0,0,0.0028049469092806933,0.00026622994384168644,-0.0001310918503276173,-0.30036419938511344,0.005171500101198389
4.846,CONTACT_ACQUIRE,0.05,0.0,0.0,0,0.0028059469092806934,0.0002660858200985931,-0.00015713964017048267,-0.3003650441135412,0.00519168574706445
4.847,CONTACT_ACQUIRE,0.05,0.0,0.0,0,0.0028069469092806935,0.000265915696934817,-0.00018309031099365505,-0.30036583792903293,0.005210835379527129
4.848,CONTACT_ACQUIRE,0.05,0.0,0.0,0,0.0028079469092806937,0.0002657196726086719,-0.00020894158702806337,-0.30036658064379074,0.005228945567790643
4.849,CONTACT_ACQUIRE,0.05,0.0,0.0,0,0.002808946909280694,0.00026549784764575454,-0.00023469120950545238,-0.30036727208021036,0.0052460132718928085
4.8500000000000005,CONTACT_ACQUIRE,0.05,0.0,0.0,0,0.002809946909280694,0.0002652503248218581,-0.0002603369368297241,-0.3003679120709111,0.005262035840314789
4.851,CONTACT_ACQUIRE,0.05,0.0,0.0,0,0.002810946909280694,0.00026497720914571513,-0.00028587654474603605,-0.3003685004587619,0.005277011007463023
4.852,CONTACT_ACQUIRE,0.05,0.0,0.0,0,0.002811946909280694,0.0002646786078415729,-0.00031130782650764675,-0.30036903709690327,0.005290936891026188
4.853,CONTACT_ACQUIRE,0.05,0.0,0.0,0,0.0028129469092806943,0.00026435463033160257,-0.0003366285930404987,-0.30036952184876603,0.005303811989210096
4.854,CONTACT_ACQUIRE,0.05,0.0,0.0,0,0.0028139469092806945,0.00026400538821814545,-0.00036183667310552963,-0.30036995458808596,0.00531563517785334
4.855,CONTACT_ACQUIRE,0.05,0.0,0.0,0,0.0028149469092806946,0.0002636309952657975,-0.00038692991345870293,-0.3003703351989149,0.0053264057074265975
4.856,CONTACT_ACQUIRE,0.05,0.0,0.0,0,0.0028159469092806947,0.00026323156738333547,-0.0004119061790087489,-0.3003706635756278,0.005336123199918431
4.857,CONTACT_ACQUIRE,0.05,0.0,0.0,0,0.002816946909280695,0.00026280722260548607,-0.0004367633529726076,-0.30037093962292694,0.0053447876456104585
4.8580000000000005,CONTACT_ACQUIRE,0.05,0.0,0.0,0,0.002817946909280695,0.0002623580810745411,-0.00046149933702856573,-0.30037116325584157,0.005352399399744737
4.859,CONTACT_ACQUIRE,0.05,0.0,0.0,0,0.002818946909280695,0.00026188426502182045,-0.0004861120514670789,-0.3003713343997246,0.005358959179086227
4.86,CONTACT_ACQUIRE,0.05,0.0,0.0,0,0.0028199469092806953,0.00026138589874898554,-0.000510599435339272,-0.30037145299024554,0.0053644680583831515
4.861,CONTACT_ACQUIRE,0.05,0.0,0.0,0,0.0028209469092806954,0.00026086310860920525,-0.0005349594466031105,-0.3003715189733801,0.005368927466728143
4.862,CONTACT_ACQUIRE,0.05,0.0,0.0,0,0.0028219469092806955,0.0002603160229881771,-0.0005591900622672337,-0.300371532305396,0.0053723391838229415
4.863,CONTACT_ACQUIRE,0.05,0.0,0.0,0,0.0028229469092806957,0.0002597447722850055,-0.0005832892785324458,-0.3003714929528355,0.005374705336149524
4.864,CONTACT_ACQUIRE,0.05,0.0,0.0,0,0.002823946909280696,0.00025914948889294,-0.0006072551109308553,-0.30037140089249464,0.00537602839305045
4.865,CONTACT_ACQUIRE,0.05,0.0,0.0,0,0.002824946909280696,0.0002585303071799753,-0.0006310855944626581,-0.30037125611139903,0.005376311162721225
4.866,CONTACT_ACQUIRE,0.05,0.0,0.0,0,0.002825946909280696,0.00025788736346931567,-0.0006547787837305568,-0.30037105860677615,0.005375556788117488
4.867,CONTACT_ACQUIRE,0.05,0.0,0.0,0,0.002826946909280696,0.0002572207960197064,-0.0006783327530718112,-0.30037080838602476,0.0053737687427797935
4.868,CONTACT_ACQUIRE,0.05,0.0,0.0,0,0.0028279469092806963,0.000256530745005634,-0.0007017455966879143,-0.30037050546668054,0.005370950826578764
4.869,CONTACT_ACQUIRE,0.05,0.0,0.0,0,0.0028289469092806965,0.00025581735249739833,-0.000725015428771887,-0.3003701498763791,0.005367107161383365
4.87,CONTACT_ACQUIRE,0.05,0.0,0.0,0,0.0028299469092806966,0.0002550807624410583,-0.0007481403836331882,-0.3003697416528153,0.005362242186655031
4.871,CONTACT_ACQUIRE,0.05,0.0,0.0,0,0.0028309469092806967,0.0002543211206382539,-0.0007711186158202336,-0.30036928084369996,0.005356360654970404
4.872,CONTACT_ACQUIRE,0.05,0.0,0.0,0,0.002831946909280697,0.0002535385747259072,-0.00079394830024052,-0.30036876750671293,0.005349467627475348
4.873,CONTACT_ACQUIRE,0.05,0.0,0.0,0,0.002832946909280697,0.00025273327415580406,-0.0008166276322783497,-0.3003682017094537,0.005341568469272976
4.874,CONTACT_ACQUIRE,0.05,0.0,0.0,0,0.002833946909280697,0.00025190537017405945,-0.0008391548279101506,-0.30036758352938875,0.005332668844748356
4.875,CONTACT_ACQUIRE,0.05,0.0,0.0,0,0.0028349469092806973,0.00025105501580046865,-0.0008615281238173896,-0.30036691305379576,0.005322774712832538
4.876,CONTACT_ACQUIRE,0.05,0.0,0.0,0,0.0028359469092806974,0.0002501823658077469,-0.0008837457774970728,-0.3003661903797054,0.005311892322208568
4.877,CONTACT_ACQUIRE,0.05,0.0,0.0,0,0.0028369469092806975,0.0002492875767006595,-0.000905806067369833,-0.30036541561384006,0.005300028206462114
4.878,CONTACT_ACQUIRE,0.05,0.0,0.0,0,0.0028379469092806977,0.00024837080669504516,-0.0009277072928855971,-0.30036458887254947,0.005287189179179295
4.8790000000000004,CONTACT_ACQUIRE,0.05,0.0,0.0,0,0.002838946909280698,0.0002474322156967349,-0.0009494477746268337,-0.3003637102817442,0.005273382328994307
4.88,CONTACT_ACQUIRE,0.05,0.0,0.0,0,0.002839946909280698,0.0002464719652803689,-0.0009710258544093764,-0.30036277997682587,0.005258615014589405
4.881,CONTACT_ACQUIRE,0.05,0.0,0.0,0,0.002840946909280698,0.0002454902186681137,-0.000992439895380821,-0.3003617981026152,0.0052428948596498
4.882,CONTACT_ACQUIRE,0.05,0.0,0.0,0,0.002841946909280698,0.0002444871407082823,-0.001013688282116495,-0.3003607648132771,0.005226229747775982
4.883,CONTACT_ACQUIRE,0.05,0.0,0.0,0,0.0028429469092806983,0.0002434628978538595,-0.0010347694207129955,-0.3003596802722433,0.005208627817355962
4.884,CONTACT_ACQUIRE,0.05,0.0,0.0,0,0.0028439469092806985,0.00024241765814093463,-0.001055681738879296,-0.3003585446521326,0.005190097456399928
4.885,CONTACT_ACQUIRE,0.05,0.0,0.0,0,0.0028449469092806986,0.00024135159116704498,-0.00107642368602542,-0.3003573581346686,0.005170647297339762
4.886,CONTACT_ACQUIRE,0.05,0.0,0.0,0,0.0028459469092806987,0.00024026486806943113,-0.0010969937333486794,-0.300356120910595,0.005150286211795853
4.8870000000000005,CONTACT_ACQUIRE,0.05,0.0,0.0,0,0.002846946909280699,0.00023915766150320778,-0.0011173903739174773,-0.3003548331795886,0.0051290233053136085
4.888,CONTACT_ACQUIRE,0.05,0.0,0.0,0,0.002847946909280699,0.0002380301456194516,-0.0011376121227526749,-0.30035349515017,0.005106867912072034
4.889,CONTACT_ACQUIRE,0.05,0.0,0.0,0,0.002848946909280699,0.00023688249604320925,-0.0011576575169065207,-0.300352107039612,0.005083829589566782
4.89,CONTACT_ACQUIRE,0.05,0.0,0.0,0,0.0028499469092806992,0.00023571488985142745,-0.0011775251155391447,-0.30035066907384594,0.005059918113269948
4.891,CONTACT_ACQUIRE,0.05,0.0,0.0,0,0.0028509469092806994,0.00023452750555080787,-0.001197213499992613,-0.3003491814873657,0.005035143471268965
4.892,CONTACT_ACQUIRE,0.05,0.0,0.0,0,0.0028519469092806995,0.0002333205230555892,-0.0012167212738625477,-0.30034764452312984,0.005009515858886851
4.893,CONTACT_ACQUIRE,0.05,0.0,0.0,0,0.0028529469092806996,0.00023209412366525885,-0.0012360470630673097,-0.3003460584324616,0.0049830456732860625
4.894,CONTACT_ACQUIRE,0.05,0.0,0.0,0,0.0028539469092806998,0.00023084849004219654,-0.0012551895159147466,-0.30034442347494683,0.004955743508058215
4.8950000000000005,CONTACT_ACQUIRE,0.05,0.0,0.0,0,0.0028549469092807,0.0002295838061892525,-0.001274147303166505,-0.3003427399183302,0.00492762014780181
4.896,CONTACT_ACQUIRE,0.05,0.0,0.0,0,0.0028559469092807,0.00022830025742726258,-0.001292919118099911,-0.3003410080384094,0.004898686562690209
4.897,CONTACT_ACQUIRE,0.05,0.0,0.0,0,0.0028569469092807,0.00022699803037250254,-0.0013115036765674183,-0.30033922811892755,0.0048689539030319405
4.898,CONTACT_ACQUIRE,0.05,0.0,0.0,0,0.0028579469092807003,0.0002256773129140843,-0.0013298997170536255,-0.3003374004514637,0.0048384334938254975
4.899,CONTACT_ACQUIRE,0.05,0.0,0.0,0,0.0028589469092807004,0.0002243382941912962,-0.0013481060007298662,-0.300335525335322,0.004807136829310682
4.9,CONTACT_ACQUIRE,0.05,0.0,0.0,0,0.0028599469092807006,0.00022298116457089012,-0.001366121311506373,-0.3003336030774188,0.004775075567518577
4.901,CONTACT_ACQUIRE,0.05,0.0,0.0,0,0.0028609469092807007,0.00022160611562431742,-0.0013839444560820177,-0.3003316339921684,0.00474226152482216
4.902,CONTACT_ACQUIRE,0.05,0.0,0.0,0,0.002861946909280701,0.0002202133401049164,-0.00140157426399163,-0.30032961840136707,0.004708706670489576
4.9030000000000005,CONTACT_ACQUIRE,0.05,0.0,0.0,0,0.002862946909280701,0.00021880303192505377,-0.0014190095876508997,-0.30032755663407584,0.0046744231212420126
4.904,CONTACT_ACQUIRE,0.05,0.0,0.0,0,0.002863946909280701,0.00021737538613322236,-0.0014362493023988617,-0.3003254490265014,0.004639423135818155
4.905,CONTACT_ACQUIRE,0.05,0.0,0.0,0,0.0028649469092807012,0.00021593059889109741,-0.001453292306537972,-0.30032329592187607,0.004603719109547074
4.906,CONTACT_ACQUIRE,0.05,0.0,0.0,0,0.0028659469092807014,0.00021446886745055428,-0.001470137521371773,-0.30032109767033627,0.0045673235689315085
4.907,CONTACT_ACQUIRE,0.05,0.0,0.0,0,0.0028669469092807015,0.0002129903901306494,-0.0014867838912401567,-0.3003188546287995,0.004530249166243313
4.908,CONTACT_ACQUIRE,0.05,0.0,0.0,0,0.0028679469092807016,0.00021149536629456732,-0.001503230383552226,-0.3003165671608404,0.0044925086741329275
4.909,CONTACT_ACQUIRE,0.05,0.0,0.0,0,0.0028689469092807018,0.00020998399632653615,-0.0015194759888167608,-0.30031423563656534,0.004454114980254661
4.91,CONTACT_ACQUIRE,0.05,0.0,0.0,0,0.002869946909280702,0.0002084564816087136,-0.001535519720670293,-0.30031186043248637,0.00441508108190953
4.9110000000000005,CONTACT_ACQUIRE,0.05,0.0,0.0,0,0.002870946909280702,0.00020691302449804606,-0.001551360615902793,-0.30030944193139325,0.004375420080707383
4.912,CONTACT_ACQUIRE,0.05,0.0,0.0,0,0.002871946909280702,0.00020535382830310354,-0.0015669977344809768,-0.3003069805222254,0.004335145177250012
4.913,CONTACT_ACQUIRE,0.05,0.0,0.0,0,0.0028729469092807023,0.00020377909726089206,-0.001582430159569233,-0.3003044765999422,0.0042942696658369054
4.914,CONTACT_ACQUIRE,0.05,0.0,0.0,0,0.0028739469092807024,0.00020218903651364662,-0.0015976569975481815,-0.3003019305653928,0.004252806929195275
4.915,CONTACT_ACQUIRE,0.05,0.0,0.0,0,0.0028749469092807026,0.00020058385208560666,-0.0016126773780308643,-0.3002993428251846,0.004210770433235962
4.916,CONTACT_ACQUIRE,0.05,0.0,0.0,0,0.0028759469092807027,0.00019896375085977645,-0.0016274904538765773,-0.3002967137915516,0.004168173721836788
4.917,CONTACT_ACQUIRE,0.05,0.0,0.0,0,0.002876946909280703,0.000197328940554673,-0.0016420954012023468,-0.30029404388222114,0.004125030411654884
4.918,CONTACT_ACQUIRE,0.05,0.0,0.0,0,0.002877946909280703,0.00019567962970106352,-0.0016564914193920603,-0.3002913335202807,0.0040813541869695125
4.9190000000000005,CONTACT_ACQUIRE,0.05,0.0,0.0,0,0.002878946909280703,0.00019401602761869496,-0.0016706777311032532,-0.3002885831340436,0.0040371587945568395
4.92,CONTACT_ACQUIRE,0.05,0.0,0.0,0,0.0028799469092807032,0.00019233834439301797,-0.0016846535822715627,-0.3002857931569141,0.003992458038598104
4.921,CONTACT_ACQUIRE,0.05,0.0,0.0,0,0.0028809469092807034,0.00019064679085190753,-0.001698418242112853,-0.30028296402725224,0.003947265775622617
4.922,CONTACT_ACQUIRE,0.05,0.0,0.0,0,0.0028819469092807035,0.0001889415785423826,-0.0017119710031230197,-0.30028009618823764,0.003901595909486917
4.923,CONTACT_ACQUIRE,0.05,0.0,0.0,0,0.0028829469092807036,0.00018722291970732724,-0.0017253111810754812,-0.3002771900877335,0.003855462386391479
4.924,CONTACT_ACQUIRE,0.05,0.0,0.0,0,0.0028839469092807038,0.0001854910272622152,-0.0017384381150163633,-0.3002742461781497,0.003808879189936258
4.925,CONTACT_ACQUIRE,0.05,0.0,0.0,0,0.002884946909280704,0.00018374611477184062,-0.0017513511672573858,-0.30027126491630557,0.0037618603362163635
4.926,CONTACT_ACQUIRE,0.05,0.0,0.0,0,0.002885946909280704,0.00018198839642705693,-0.0017640497233664587,-0.30026824676329256,0.0037144198689591013
4.9270000000000005,CONTACT_ACQUIRE,0.05,0.0,0.0,0,0.002886946909280704,0.00018021808702152638,-0.0017765331921559956,-0.30026519218433656,0.003666571854703617
4.928,CONTACT_ACQUIRE,0.05,0.0,0.0,0,0.0028879469092807043,0.0001784354019284822,-0.0017888010056689536,-0.30026210164865985,0.0036183303780243084
4.929,CONTACT_ACQUIRE,0.05,0.0,0.0,0,0.0028889469092807044,0.00017664055707750616,-0.0018008526191626076,-0.30025897562934306,0.003569709536799188
4.93,CONTACT_ACQUIRE,0.05,0.0,0.0,0,0.0028899469092807046,0.0001748337689313231,-0.001812687511090067,-0.3002558146031869,0.0035207234375242724
4.931,CONTACT_ACQUIRE,0.05,0.0,0.0,0,0.0028909469092807047,0.00017301525446261544,-0.001824305183079546,-0.3002526190505738,0.0034713861906751466
4.932,CONTACT_ACQUIRE,0.05,0.0,0.0,0,0.002891946909280705,0.00017118523113085932,-0.001835705159911392,-0.30024938945532975,0.0034217119061167116
4.933,CONTACT_ACQUIRE,0.05,0.0,0.0,0,0.002892946909280705,0.00016934391685918481,-0.001846886989492889,-0.3002461263045855,0.003371714688562178
4.934,CONTACT_ACQUIRE,0.05,0.0,0.0,0,0.002893946909280705,0.00016749153001126263,-0.0018578502428308363,-0.30024283008863883,0.003321408633082277
4.9350000000000005,CONTACT_ACQUIRE,0.05,0.0,0.0,0,0.0028949469092807052,0.00016562828936821916,-0.0018685945140019197,-0.3002395013008158,0.003270807820665677
4.936,CONTACT_ACQUIRE,0.05,0.0,0.0,0,0.0028959469092807054,0.00016375441410558232,-0.0018791194201208813,-0.30023614043733293,0.0032199263138315212
4.937,CONTACT_ACQUIRE,0.05,0.0,0.0,0,0.0028969469092807055,0.00016187012377026036,-0.0018894246013064983,-0.3002327479971594,0.0031687781522949936
4.938,CONTACT_ACQUIRE,0.05,0.0,0.0,0,0.0028979469092807056,0.00015997563825755572,-0.0018995097206453823,-0.30022932448187906,0.003117377348686798
4.939,CONTACT_ACQUIRE,0.05,0.0,0.0,0,0.0028989469092807058,0.0001580711777882162,-0.0019093744641536078,-0.30022587039555343,0.0030657378843273694
4.94,CONTACT_ACQUIRE,0.05,0.0,0.0,0,0.002899946909280706,0.0001561569628855256,-0.0019190185407361832,-0.3002223862445843,0.0030138737050566544
4.941,CONTACT_ACQUIRE,0.05,0.0,0.0,0,0.002900946909280706,0.00015423321435243596,-0.0019284416821443709,-0.30021887253757706,0.0029617987171202155
4.942,CONTACT_ACQUIRE,0.05,0.0,0.0,0,0.002901946909280706,0.0001523001532487435,-0.0019376436429308717,-0.3002153297852043,0.00290952678311243
4.9430000000000005,CONTACT_ACQUIRE,0.05,0.0,0.0,0,0.0029029469092807063,0.00015035800086831045,-0.0019466242004028823,-0.3002117585000701,0.0028570717179774922
4.944,CONTACT_ACQUIRE,0.05,0.0,0.0,0,0.0029039469092807064,0.00014840697871633502,-0.0019553831545730377,-0.3002081591965742,0.002804447285068915
4.945,CONTACT_ACQUIRE,0.05,0.0,0.0,0,0.0029049469092807065,0.00014644730848667123,-0.0019639203281082503,-0.3002045323907772,0.0027516671922681864
4.946,CONTACT_ACQUIRE,0.05,0.0,0.0,0,0.0029059469092807067,0.0001444792120392012,-0.0019722355662764564,-0.30020087860026645,0.002698745088163219
4.947,CONTACT_ACQUIRE,0.05,0.0,0.0,0,0.002906946909280707,0.00014250291137726158,-0.0019803287368912836,-0.3001971983440217,0.0026456945582871874
4.948,CONTACT_ACQUIRE,0.05,0.0,0.0,0,0.002907946909280707,0.0001405186286251263,-0.0019881997302546497,-0.30019349214228214,0.002592529121418332
4.949,CONTACT_ACQUIRE,0.05,0.0,0.0,0,0.002908946909280707,0.00013852658600554802,-0.001995848459097305,-0.30018976051641394,0.0025392622259412705
4.95,CONTACT_ACQUIRE,0.05,0.0,0.0,0,0.002909946909280707,0.00013652700581735967,-0.0020032748585173334,-0.3001860039887781,0.00248590724627033
4.9510000000000005,CONTACT_ACQUIRE,0.05,0.0,0.0,0,0.0029109469092807073,0.0001345201104131389,-0.0020104788859166196,-0.3001822230825996,0.002432477479335399
4.952,CONTACT_ACQUIRE,0.05,0.0,0.0,0,0.0029119469092807075,0.00013250612217693676,-0.0020174605209352997,-0.30017841832183684,0.0023789861411307334
4.953,CONTACT_ACQUIRE,0.05,0.0,0.0,0,0.0029129469092807076,0.00013048526350207312,-0.002024219765384206,-0.300174590231052,0.0023254463633271814
4.954,CONTACT_ACQUIRE,0.05,0.0,0.0,0,0.0029139469092807077,0.00012845775676900055,-0.0020307566431753184,-0.3001707393352824,0.0022718711899481986
4.955,CONTACT_ACQUIRE,0.05,0.0,0.0,0,0.002914946909280708,0.0001264238243232388,-0.0020370712002502392,-0.30016686615991256,0.0022182735741100466
4.956,CONTACT_ACQUIRE,0.05,0.0,0.0,0,0.002915946909280708,0.00012438368845338175,-0.002043163504506698,-0.3001629712305472,0.0021646663748265266
4.957,CONTACT_ACQUIRE,0.05,0.0,0.0,0,0.002916946909280708,0.00012233757136917884,-0.0020490336457231056,-0.30015905507288504,0.002111062353878549
4.958,CONTACT_ACQUIRE,0.05,0.0,0.0,0,0.0029179469092807083,0.00012028569517969288,-0.002054681735481171,-0.30015511821259383,0.002057474172748868
4.9590000000000005,CONTACT_ACQUIRE,0.05,0.0,0.0,0,0.0029189469092807084,0.00011822828187153636,-0.0020601079070865893,-0.30015116117518603,0.002003914389622211
4.96,CONTACT_ACQUIRE,0.05,0.0,0.0,0,0.0029199469092807085,0.0001161655532871878,-0.0020653123154878218,-0.3001471844858957,0.0019503954564510785
4.961,CONTACT_ACQUIRE,0.05,0.0,0.0,0,0.0029209469092807087,0.00011409773110339045,-0.002070295137192976,-0.3001431886695566,0.0018969297160874156
4.962,CONTACT_ACQUIRE,0.05,0.0,0.0,0,0.002921946909280709,0.00011202503680963494,-0.0020750565701848044,-0.30013917425048076,0.0018435293994803442
4.963,CONTACT_ACQUIRE,0.05,0.0,0.0,0,0.002922946909280709,0.00010994769168672798,-0.0020795968338338344,-0.3001351417523389,0.001790206622940131
4.964,CONTACT_ACQUIRE,0.05,0.0,0.0,0,0.002923946909280709,0.00010786591678544873,-0.0020839161688096424,-0.30013109169804153,0.001736973385468531
4.965,CONTACT_ACQUIRE,0.05,0.0,0.0,0,0.002924946909280709,0.00010577993290529493,-0.00208801483699029,-0.30012702460962115,0.0016838415661556163
4.966,CONTACT_ACQUIRE,0.05,0.0,0.0,0,0.0029259469092807093,0.0001036899605733204,-0.002091893121369935,-0.30012294100811593,0.0016308229216431885
4.9670000000000005,CONTACT_ACQUIRE,0.05,0.0,0.0,0,0.0029269469092807095,0.00010159622002306598,-0.0020955513259646313,-0.3001188414134543,0.0015779290836548468
4.968,CONTACT_ACQUIRE,0.05,0.0,0.0,0,0.0029279469092807096,9.949893117358538e-05,-0.0020989897757163352,-0.300114726344341,0.001525171556592744
4.969,CONTACT_ACQUIRE,0.05,0.0,0.0,0,0.0029289469092807097,9.739831360856812e-05,-0.002102208816395131,-0.30011059631814413,0.001472561715201066
4.97,CONTACT_ACQUIRE,0.05,0.0,0.0,0,0.00292994690928071,9.529458655556092e-05,-0.002105208814499693,-0.3001064518507838,0.0014201108022962228
4.971,CONTACT_ACQUIRE,0.05,0.0,0.0,0,0.00293094690928071,9.31879688652897e-05,-0.0021079901571559962,-0.3001022934566216,0.0013678299265637308
4.972,CONTACT_ACQUIRE,0.05,0.0,0.0,0,0.00293194690928071,9.10786789910836e-05,-0.0021105532520142973,-0.30009812164835203,0.0013157300604217412
4.973,CONTACT_ACQUIRE,0.05,0.0,0.0,0,0.0029329469092807103,8.896693496840291e-05,-0.002112898527144394,-0.30009393693689457,0.0012638220379511415
4.974,CONTACT_ACQUIRE,0.05,0.0,0.0,0,0.0029339469092807104,8.685295439447266e-05,-0.0021150264309291846,-0.3000897398312876,0.00121211655289214
4.9750000000000005,CONTACT_ACQUIRE,0.05,0.0,0.0,0,0.0029349469092807105,8.473695440802341e-05,-0.00211693743195654,-0.3000855308385836,0.001160624156707226
4.976,CONTACT_ACQUIRE,0.05,0.0,0.0,0,0.0029359469092807107,8.261915166914104e-05,-0.002118632018909507,-0.3000813104637454,0.0011093552567103648
4.977,CONTACT_ACQUIRE,0.05,0.0,0.0,0,0.002936946909280711,8.049976233922715e-05,-0.002120110700454855,-0.3000770792095445,0.00105832011426228
4.978,CONTACT_ACQUIRE,0.05,0.0,0.0,0,0.002937946909280711,7.837900206107178e-05,-0.0021213740051299877,-0.30007283757646014,0.0010075288430316455
4.979,CONTACT_ACQUIRE,0.05,0.0,0.0,0,0.002938946909280711,7.625708593903997e-05,-0.002122422481228233,-0.3000685860625802,0.0009569914073219924
4.98,CONTACT_ACQUIRE,0.05,0.0,0.0,0,0.002939946909280711,7.413422851937387e-05,-0.0021232566966825264,-0.30006432516350356,0.0009067176204641182
4.981,CONTACT_ACQUIRE,0.05,0.0,0.0,0,0.0029409469092807113,7.201064377061196e-05,-0.002123877238947506,-0.3000600553722439,0.0008567171432737648
4.982,CONTACT_ACQUIRE,0.05,0.0,0.0,0,0.0029419469092807115,6.988654506412695e-05,-0.002124284714880038,-0.3000557771791348,0.0008069994825743088
4.9830000000000005,CONTACT_ACQUIRE,0.05,0.0,0.0,0,0.0029429469092807116,6.776214515478391e-05,-0.002124479750618187,-0.3000514910717365,0.0007575739897841984
4.984,CONTACT_ACQUIRE,0.05,0.0,0.0,0,0.0029439469092807117,6.563765616172028e-05,-0.0021244629914586436,-0.3000471975347445,0.0007084498595688416
4.985,CONTACT_ACQUIRE,0.05,0.0,0.0,0,0.002944946909280712,6.35132895492491e-05,-0.0021242351017326396,-0.30004289704989906,0.0006596361285566423
4.986,CONTACT_ACQUIRE,0.05,0.0,0.0,0,0.002945946909280712,6.138925610788725e-05,-0.002123796764680351,-0.3000385900958967,0.0006111416741188572
4.987,CONTACT_ACQUIRE,0.05,0.0,0.0,0,0.002946946909280712,5.926576593550976e-05,-0.002123148682323819,-0.30003427714830305,0.0005629752132129282
4.988,CONTACT_ACQUIRE,0.05,0.0,0.0,0,0.0029479469092807123,5.714302841863225e-05,-0.002122291575338401,-0.30002995867946763,0.000515145301288935
4.989,CONTACT_ACQUIRE,0.05,0.0,0.0,0,0.0029489469092807124,5.502125221382241e-05,-0.002121226182922769,-0.30002563515843966,0.0004676603312587889
4.99,CONTACT_ACQUIRE,0.05,0.0,0.0,0,0.0029499469092807125,5.2900645229242314e-05,-0.0021199532626674715,-0.30002130705088587,0.0004205285325277756
4.9910000000000005,CONTACT_ACQUIRE,0.05,0.0,0.0,0,0.0029509469092807127,5.078141460632283e-05,-0.002118473590422083,-0.3000169748190098,0.00037375797008803833
4.992,CONTACT_ACQUIRE,0.05,0.0,0.0,0,0.002951946909280713,4.866376670157165e-05,-0.0021167879601609488,-0.3000126389214727,0.00032735654367357827
4.993,CONTACT_ACQUIRE,0.05,0.0,0.0,0,0.002952946909280713,4.654790706851616e-05,-0.002114897183847553,-0.300008299813316,0.00028133198697633183
4.994,CONTACT_ACQUIRE,0.05,0.0,0.0,0,0.002953946909280713,4.443404043978273e-05,-0.0021128020912975203,-0.30000395794588564,0.0002356918669228714
4.995,CONTACT_ACQUIRE,0.05,0.0,0.0,0,0.002954946909280713,4.2322370709313635e-05,-0.0021105035300402696,-0.2999996137667576,0.00019044358301126082
4.996,CONTACT_ACQUIRE,0.05,0.0,0.0,0,0.0029559469092807133,4.0213100914722965e-05,-0.002108002365179345,-0.29999526771966556,0.00014559436670758279
4.997,CONTACT_ACQUIRE,0.05,0.0,0.0,0,0.0029569469092807135,3.810643321979289e-05,-0.0021052994792514317,-0.29999092024442986,0.0001011512809016417
4.998,CONTACT_ACQUIRE,0.05,0.0,0.0,0,0.0029579469092807136,3.600256889711155e-05,-0.0021023957720840833,-0.2999865717768882,5.7121219421332426e-05
4.999,CONTACT_ACQUIRE,0.05,0.0,0.0,0,0.0029589469092807137,3.390170831085388e-05,-0.002099292160652174,-0.2999822227488282,1.3510906605151293e-05
5.0,CONTACT_ACQUIRE,0.05,0.0,0.0,0,0.002959946909280714,3.1804050899706524e-05,-0.002095989578933096,-0.2999778735879212,-2.967310306768587e-05
5.001,CONTACT_ACQUIRE,0.05,0.05,0.11097029720945242,1,0.002958946909280714,2.970979515993831e-05,-0.002083857239705878,-0.29997352471765837,-7.242442529006687e-05
5.002,CONTACT_ACQUIRE,0.05,0.05,0.15730700064466913,1,0.002957758054197056,2.7657194714154315e-05,-0.002017749978071044,-0.2999692311036116,-0.00011451020005136881
5.003,CONTACT_ACQUIRE,0.05,0.05,0.20174972358463622,1,0.002956531771876589,2.5681334660506904e-05,-0.0019305356224252866,-0.29996504337768964,-0.00015571260512952707
5.0040000000000004,CONTACT_ACQUIRE,0.05,0.05,0.244026132478477,1,0.0029552648956871017,2.3802822901967542e-05,-0.001823233493009335,-0.29996099155718514,-0.00019590254411581585
5.005,CONTACT_ACQUIRE,0.05,0.05,0.28388340847891,1,0.0029539554295876344,2.204118674172001e-05,-0.001696983871598795,-0.2999571042063428,-0.000234961122905905
5.006,CONTACT_ACQUIRE,0.05,0.05,0.321089881415454,1,0.0029526025120659586,2.0414756850708273e-05,-0.0015530380228253081,-0.29995340826674277,-0.0002727797315647244
5.007,CONTACT_ACQUIRE,0.05,0.05,0.3554361045980483,1,0.0029512097644322876,1.894056152522011e-05,-0.0013927476336710763,-0.29994992890184846,-0.0003092602505527891
5.008,CONTACT_ACQUIRE,0.05,0.05,0.3867357509208231,1,0.00294999221061547,1.7634231730213524e-05,-0.0012175538168173968,-0.2999466893564633,-0.0003443151813706827
5.009,CONTACT_ACQUIRE,0.05,0.05,0.4148256095743666,1,0.002948963234741445,1.6509917296163416e-05,-0.001028975874025521,-0.29994371083165944,-0.0003778674296597896
5.01,CONTACT_ACQUIRE,0.05,0.05,0.4395657575051006,1,0.002948134634538402,1.5580214268326135e-05,-0.0008286002030424616,-0.29994101237521203,-0.0004098492429050698
5.011,CONTACT_ACQUIRE,0.05,0.05,0.4608404916612705,1,0.0029475165656939945,1.4856103505567388e-05,-0.0006180688444075542,-0.29993861078771006,-0.0004402018626901681
5.0120000000000005,CONTACT_ACQUIRE,0.05,0.05,0.4785585957213452,1,0.0029471174978784103,1.4346900862783865e-05,-0.0003990678155842438,-0.2999365205448593,-0.00046887538711557516
5.013,CONTACT_ACQUIRE,0.05,0.05,0.49265345031150715,1,0.002946944182488726,1.4060219073078593e-05,-0.00017331538968438673,-0.2999347537361881,-0.0004958285928679264
5.014,CONTACT_ACQUIRE,0.05,0.05,0.5030829889812355,1,0.0029470016320963287,1.4001941348184373e-05,5.7449607602944465e-05,-0.29993332002022766,-0.000521028718935184
5.015,CONTACT_ACQUIRE,0.05,0.05,0.5098295031072444,1,0.0029472931115070936,1.417620664273214e-05,0.00029147941076492173,-0.29993222659613517,-0.0005444512141357799
5.016,CONTACT_ACQUIRE,0.05,0.05,0.5128992997634862,1,0.002947820140273792,1.458540645676934e-05,0.000527028766698562,-0.29993147819162813,-0.0005660794507864636
5.017,CONTACT_ACQUIRE,0.05,0.05,0.5123222173981966,1,0.0029485825064323166,1.5230192981851599e-05,0.0007623661585247191,-0.2999310770669987,-0.0005859044069732887
5.018,CONTACT_ACQUIRE,0.05,0.05,0.5081510049558663,1,0.0029495782911680706,1.6109498329436175e-05,0.0009957847357539647,-0.2999310230348822,-0.000603924320012695
5.019,CONTACT_ACQUIRE,0.05,0.05,0.5004605707878754,1,0.0029508039040566686,1.722056451656069e-05,0.001225612888598149,-0.2999313134953642,-0.0006201443137948294
5.0200000000000005,CONTACT_ACQUIRE,0.05,0.05,0.4893471083883186,1,0.002952254128464231,1.8558983823229163e-05,0.0014502244075625228,-0.29993194348592,-0.000634576002789053
5.021,CONTACT_ACQUIRE,0.05,0.05,0.474927106609252,1,0.0029539221766373283,2.011874907886019e-05,0.001668048173097184,-0.29993290574560194,-0.0006472370755619764
5.022,CONTACT_ACQUIRE,0.05,0.05,0.4573362525678437,1,0.002955799753961324,2.189231338186464e-05,0.001877577323995995,-0.2999341907928108,-0.0006581508607113634
5.023,CONTACT_ACQUIRE,0.05,0.05,0.43672823597202076,1,0.002957877131818708,2.387065870716556e-05,0.0020773778573836884,-0.29993578701591533,-0.0006673458781549949
5.024,CONTACT_ACQUIRE,0.05,0.05,0.41327346403464904,1,0.002960143228436207,2.6043372811480713e-05,0.002266096617499071,-0.2999376807759197,-0.0006748553787321597
5.025,CONTACT_ACQUIRE,0.05,0.05,0.38715769651176407,1,0.0029625856970712343,2.8398733805655137e-05,0.0024424686350272597,-0.2999398565203179,-0.0006807168750770859
5.026,CONTACT_ACQUIRE,0.05,0.05,0.35858061073758085,1,0.0029651910208546677,3.0923801727421866e-05,0.0026053237834332897,-0.29994229690722113,-0.0006849716667085942
5.027,CONTACT_ACQUIRE,0.05,0.05,0.32775430676652595,1,0.002967944613578236,3.360451641682252e-05,0.002753592723568372,-0.2999449829387973,-0.0006876643622488321
5.0280000000000005,CONTACT_ACQUIRE,0.05,0.05,0.2949017629100697,1,0.0029708309256909625,3.6425800970237745e-05,0.002886312112726249,-0.2999478941030222,-0.0006888424016365517
5.029,CONTACT_ACQUIRE,0.05,0.05,0.2602552520909645,1,0.002973833554750255,3.937167002763363e-05,0.0030026290592922835,-0.29995100852270845,-0.0006885555811374854
5.03,CONTACT_ACQUIRE,0.05,0.05,0.2240547294761605,1,0.0029769353595593727,4.242534213126756e-05,0.0031018048091178774,-0.29995430311075244,-0.0006868555838764469
5.031,CONTACT_ACQUIRE,0.05,0.05,0.1865462018404089,1,0.0029801185772141093,4.556935538272285e-05,0.003183217654736672,-0.29995775373052025,-0.0006837955185235041
5.032,CONTACT_ACQUIRE,0.05,0.05,0.14798008903975168,1,0.0029833649422775998,4.8785685618737844e-05,0.0032463650634903815,-0.29996133536028174,-0.0006794294686606046
5.033,CONTACT_ACQUIRE,0.05,0.05,0.10860958783124958,1,0.002986655807303113,5.205586632481063e-05,0.003290865025513502,-0.29996502226059624,-0.0006738120552361585
5.034,CONTACT_ACQUIRE,0.05,0.16999999999999998,0.06868904807018052,1,0.0029919466723286265,5.536110950891541e-05,0.0033164566273198295,-0.2999687881435557,-0.0006669980143841596
5.035,CONTACT_ACQUIRE,0.05,0.16999999999999998,0.028431152755277994,1,0.00299923753735414,5.868242537333189e-05,0.003322993665009935,-0.29997260634078365,-0.0006590269371239036
5.0360000000000005,CONTACT_ACQUIRE,0.05,0.0,0.0,0,0.0030045284023796533,6.200072357460308e-05,0.0033113477538973587,-0.29997644994527994,-0.0006498769084571669
5.037,CONTACT_ACQUIRE,0.05,0.0,0.0,0,0.0030078192674051667,6.530375026669809e-05,0.003294659537244916,-0.2999803017497786,-0.0006394830659341322
5.038,CONTACT_ACQUIRE,0.05,0.0,0.0,0,0.0030091101324306803,6.858995088434634e-05,0.003277696027987103,-0.29998415982405685,-0.0006278001014138475
5.039,CONTACT_ACQUIRE,0.05,0.0,0.0,0,0.0030101101324306804,7.185905140713478e-05,0.003260459773724949,-0.29998802405354635,-0.0006148095362351542
5.04,CONTACT_ACQUIRE,0.05,0.0,0.0,0,0.0030111101324306806,7.511078037184825e-05,0.003242953341200844,-0.2999918943108716,-0.0006005072006524528
5.041,CONTACT_ACQUIRE,0.05,0.0,0.0,0,0.0030121101324306807,7.834486889145348e-05,0.0032251793159835053,-0.29999577045579573,-0.0005848940213532119
5.042,CONTACT_ACQUIRE,0.05,0.0,0.0,0,0.003013110132430681,8.156105067376744e-05,0.003207140302152053,-0.2999996523352275,-0.0005679723543390928
5.043,CONTACT_ACQUIRE,0.05,0.0,0.0,0,0.003014110132430681,8.47590620398095e-05,0.003188838921979235,-0.3000035397832442,-0.0005497455950665343
5.0440000000000005,CONTACT_ACQUIRE,0.05,0.0,0.0,0,0.003015110132430681,8.793864194183625e-05,0.0031702778156138343,-0.30000743262112467,-0.0005302181550786256
5.045,CONTACT_ACQUIRE,0.05,0.0,0.0,0,0.0030161101324306812,9.109953198105849e-05,0.003151459640762294,-0.30001133065739305,-0.0005093954386546541
5.046,CONTACT_ACQUIRE,0.05,0.0,0.0,0,0.0030171101324306814,9.424147642503936e-05,0.003132387072369593,-0.30001523368787125,-0.00048728381948579116
5.047,CONTACT_ACQUIRE,0.05,0.0,0.0,0,0.0030181101324306815,9.736422222477299e-05,0.003113062802299404,-0.30001914149574155,-0.00046389061738523235
5.048,CONTACT_ACQUIRE,0.05,0.0,0.0,0,0.0030191101324306816,0.00010046751903144301,0.003093489539013576,-0.30002305385161837,-0.0004392240750409435
5.049,CONTACT_ACQUIRE,0.05,0.0,0.0,0,0.0030201101324306818,0.0001035511192128602,0.003073670007250962,-0.300026970513629,-0.0004132933348190065
5.05,CONTACT_ACQUIRE,0.05,0.0,0.0,0,0.003021110132430682,0.00010661477786957864,0.0030536069477056418,-0.3000308912275032,-0.0003861084156254072
5.051,CONTACT_ACQUIRE,0.05,0.0,0.0,0,0.003022110132430682,0.0001096582528506898,0.003033303116704558,-0.3000348157266717,-0.00035768018983393994
5.0520000000000005,CONTACT_ACQUIRE,0.05,0.0,0.0,0,0.003023110132430682,0.000112681304769294,0.003012761285884613,-0.30003874373237227,-0.0003280203602877583
5.053,CONTACT_ACQUIRE,0.05,0.0,0.0,0,0.0030241101324306823,0.00011568369701764874,0.0029919842418692495,-0.30004267495376497,-0.0002971414373819363
5.054,CONTACT_ACQUIRE,0.05,0.0,0.0,0,0.0030251101324306824,0.00011866519578199327,0.0029709747859445568,-0.30004660908805453,-0.00026505671623424737
5.055,CONTACT_ACQUIRE,0.05,0.0,0.0,0,0.0030261101324306826,0.0001216255700570491,0.00294973573373493,-0.30005054582062085,-0.0002317802539512222
5.056,CONTACT_ACQUIRE,0.05,0.0,0.0,0,0.0030271101324306827,0.00012456459166019604,0.0029282699148783205,-0.30005448482515673,-0.00019732684699637603
5.057,CONTACT_ACQUIRE,0.05,0.0,0.0,0,0.003028110132430683,0.00012748203524532315,0.0029065801727011097,-0.300058425763813,-0.00016171200866735565
5.058,CONTACT_ACQUIRE,0.05,0.0,0.0,0,0.003029110132430683,0.0001303776783163545,0.002884669363892638,-0.3000623682873507,-0.0001249519466885895
5.059,CONTACT_ACQUIRE,0.05,0.0,0.0,0,0.003030110132430683,0.00013325130124044923,0.002862540358179425,-0.3000663120353001,-8.706354092587856e-05
5.0600000000000005,CONTACT_ACQUIRE,0.05,0.0,0.0,0,0.0030311101324306832,0.00013610268726087576,0.002840196037999112,-0.3000702566361259,-4.8064321229206666e-05
5.061,CONTACT_ACQUIRE,0.05,0.0,0.0,0,0.0030321101324306834,0.00013893162250955976,0.002817639298174161,-0.30007420170739957,-7.972445409898894e-06
5.062,CONTACT_ACQUIRE,0.05,0.0,0.0,0,0.0030331101324306835,0.00014173789601930572,0.0027948730455853465,-0.30007814685597706,3.319332264189766e-05
5.063,CONTACT_ACQUIRE,0.05,0.0,0.0,0,0.0030341101324306836,0.00014452129973569196,0.0027719001988450653,-0.3000820916781831,7.541363469358703e-05
5.064,CONTACT_ACQUIRE,0.05,0.0,0.0,0,0.0030351101324306838,0.00014728162852863883,0.002748723687970506,-0.3000860357600007,0.00011866857975467967
5.065,CONTACT_ACQUIRE,0.05,0.0,0.0,0,0.003036110132430684,0.00015001868020365005,0.002725346454056706,-0.3000899786772666,0.0001629377055040086
5.066,CONTACT_ACQUIRE,0.05,0.0,0.0,0,0.003037110132430684,0.00015273225551272704,0.0027017714489495307,-0.30009391999587176,0.00020820003955423396
5.067,CONTACT_ACQUIRE,0.05,0.0,0.0,0,0.003038110132430684,0.0001554221581649562,0.002678001634918606,-0.300097859271967,0.000254434110548414
5.0680000000000005,CONTACT_ACQUIRE,0.05,0.0,0.0,0,0.0030391101324306843,0.0001580881948367692,0.002654039984330241,-0.30010179605217374,0.00030161796908356736
5.069,CONTACT_ACQUIRE,0.05,0.0,0.0,0,0.0030401101324306844,0.00016073017518187602,0.0026298894793203654,-0.3001057298737989,0.0003497292084562992
5.07,CONTACT_ACQUIRE,0.05,0.0,0.0,0,0.0030411101324306846,0.0001633479118408712,0.002605553111467524,-0.30010966026505514,0.0003987449852257123
5.071,CONTACT_ACQUIRE,0.05,0.0,0.0,0,0.0030421101324306847,0.00016594122045051284,0.0025810338814659536,-0.30011358674528443,0.0004486420395889638
5.072,CONTACT_ACQUIRE,0.05,0.0,0.0,0,0.003043110132430685,0.00016850991965267499,0.0025563347987987753,-0.30011750882518645,0.0004993967155649843
5.073,CONTACT_ACQUIRE,0.05,0.0,0.0,0,0.003044110132430685,0.00017105383110297312,0.0025314588814113388,-0.30012142600705044,0.0005509849809820041
5.074,CONTACT_ACQUIRE,0.05,0.0,0.0,0,0.003045110132430685,0.00017357277947906315,0.0025064091553847444,-0.30012533778499084,0.0006033824472646915
5.075,CONTACT_ACQUIRE,0.05,0.0,0.0,0,0.0030461101324306852,0.000176066592488614,0.0024811886546095797,-0.3001292436451866,0.0006565643890168368
5.0760000000000005,CONTACT_ACQUIRE,0.05,0.0,0.0,0,0.0030471101324306854,0.0001785351008769541,0.0024558004204599006,-0.3001331430661236,0.0007105057633956592
5.077,CONTACT_ACQUIRE,0.05,0.0,0.0,0,0.0030481101324306855,0.00018097813843439192,0.0024302475014674873,-0.3001370355188402,0.0007651812292739649
5.078,CONTACT_ACQUIRE,0.05,0.0,0.0,0,0.0030491101324306856,0.00018339554200321094,0.002404532952996409,-0.3001409204671757,0.0008205651661865011
5.079,CONTACT_ACQUIRE,0.05,0.0,0.0,0,0.0030501101324306857,0.00018578715148433937,0.0023786598369179277,-0.3001447973680218,0.000876631693057014
5.08,CONTACT_ACQUIRE,0.05,0.0,0.0,0,0.003051110132430686,0.000188152809843695,0.0023526312212857727,-0.3001486656715761,0.0009333546867026374
5.081,CONTACT_ACQUIRE,0.05,0.0,0.0,0,0.003052110132430686,0.00019049236311820543,0.0023264501800118144,-0.30015252482159854,0.0009907078001123765
5.082,CONTACT_ACQUIRE,0.05,0.0,0.0,0,0.003053110132430686,0.00019280566042150418,0.0023001197925421723,-0.30015637425566966,0.001048664480496599
5.083,CONTACT_ACQUIRE,0.05,0.0,0.0,0,0.0030541101324306863,0.00019509255394930327,0.0022736431435337874,-0.30016021340545096,0.0011071979871045599
5.0840000000000005,CONTACT_ACQUIRE,0.05,0.0,0.0,0,0.0030551101324306864,0.00019735289898444247,0.002247023322531486,-0.30016404169694716,0.0011662814088071298
5.085,CONTACT_ACQUIRE,0.05,0.0,0.0,0,0.0030561101324306865,0.000199586553901616,0.002220263423645568,-0.30016785855077005,0.0012258876814420312
5.086,CONTACT_ACQUIRE,0.05,0.0,0.0,0,0.0030571101324306867,0.00020179338017177695,0.002193366545229954,-0.300171663382404,0.001285989604919004
5.087,CONTACT_ACQUIRE,0.05,0.0,0.0,0,0.003058110132430687,0.00020397324236622025,0.002166335789560913,-0.30017545560247255,0.0013465598600824558
5.088,CONTACT_ACQUIRE,0.05,0.0,0.0,0,0.003059110132430687,0.00020612600816034469,0.0021391742625164072,-0.30017923461700646,0.0014075710253292904
5.089,CONTACT_ACQUIRE,0.05,0.0,0.0,0,0.003060110132430687,0.0002082515483370944,0.002111885073256083,-0.3001829998277124,0.0014689955929797116
5.09,CONTACT_ACQUIRE,0.05,0.0,0.0,0,0.003061110132430687,0.00021034973679008104,0.0020844713339019357,-0.3001867506322428,0.001530805985398947
5.091,CONTACT_ACQUIRE,0.05,0.0,0.0,0,0.0030621101324306873,0.00021242045052638654,0.0020569361592196783,-0.30019048642446644,0.001592974570867942
5.0920000000000005,CONTACT_ACQUIRE,0.05,0.0,0.0,0,0.0030631101324306875,0.000214463569669048,0.0020292826663008477,-0.30019420659473905,0.001655473679201203
5.093,CONTACT_ACQUIRE,0.05,0.0,0.0,0,0.0030641101324306876,0.0002164789774592247,0.0020015139742456697,-0.30019791053017497,0.0017182756171100978
5.094,CONTACT_ACQUIRE,0.05,0.0,0.0,0,0.0030651101324306877,0.00021846656025804878,0.0019736332038467206,-0.3002015976149185,0.0017813526833100192
5.095,CONTACT_ACQUIRE,0.05,0.0,0.0,0,0.003066110132430688,0.0002204262075481595,0.0019456434772734074,-0.30020526723041563,0.0018446771833699612
5.096,CONTACT_ACQUIRE,0.05,0.0,0.0,0,0.003067110132430688,0.00022235781193492287,0.0019175479177573004,-0.30020891875568556,0.0019082214443031508
5.097,CONTACT_ACQUIRE,0.05,0.0,0.0,0,0.003068110132430688,0.00022426126914733673,0.001889349649278344,-0.30021255156759213,0.001971957828897506
5.098,CONTACT_ACQUIRE,0.05,0.0,0.0,0,0.0030691101324306883,0.00022613647803862268,0.0018610517962519741,-0.3002161650411147,0.002035858749784808
5.099,CONTACT_ACQUIRE,0.05,0.0,0.0,0,0.0030701101324306884,0.00022798334058650544,0.001832657483217173,-0.30021975854961885,0.002099896683247564
5.1000000000000005,CONTACT_ACQUIRE,0.05,0.0,0.0,0,0.0030711101324306885,0.00022980176189318091,0.0018041698345254856,-0.30022333146512603,0.0021640441827626908
5.101,CONTACT_ACQUIRE,0.05,0.0,0.0,0,0.0030721101324306887,0.0002315916501849736,0.0017755919740310299,-0.3002268831585829,0.0022282738922812
5.102,CONTACT_ACQUIRE,0.05,0.0,0.0,0,0.003073110132430689,0.00023335291681168463,0.0017469270247815244,-0.30023041300012954,0.0022925585592432404
5.103,CONTACT_ACQUIRE,0.05,0.0,0.0,0,0.003074110132430689,0.0002350854762456313,0.0017181781087103644,-0.3002339203593665,0.0023568710473278846
5.104,CONTACT_ACQUIRE,0.05,0.0,0.0,0,0.003075110132430689,0.00023678924608037927,0.001689348346329771,-0.30023740460562126,0.0024211843489372344
5.105,CONTACT_ACQUIRE,0.05,0.0,0.0,0,0.003076110132430689,0.00023846414702916835,0.0016604408564250424,-0.3002408651082127,0.002485471597414443
5.106,CONTACT_ACQUIRE,0.05,0.0,0.0,0,0.0030771101324306893,0.00024011010292303322,0.0016314587557499326,-0.3002443012367147,0.0025497060789954114
5.107,CONTACT_ACQUIRE,0.05,0.0,0.0,0,0.0030781101324306895,0.00024172704070862005,0.0016024051587231862,-0.3002477123612181,0.0026138612444939835
5.1080000000000005,CONTACT_ACQUIRE,0.05,0.0,0.0,0,0.0030791101324306896,0.00024331489044570028,0.0015732831771262544,-0.3002510978525911,0.0026779107207205847
5.109,CONTACT_ACQUIRE,0.05,0.0,0.0,0,0.0030801101324306897,0.00024487358530438265,0.0015440959198022184,-0.3002544570827376,0.002741828321634325
5.11,CONTACT_ACQUIRE,0.05,0.0,0.0,0,0.00308111013243069,0.00024640306156202476,0.0015148464923559477,-0.3002577894248544,0.0028055880592286974
5.111,CONTACT_ACQUIRE,0.05,0.0,0.0,0,0.00308211013243069,0.00024790325859984553,0.0014855379968555175,-0.30026109425368575,0.0028691641541510977
5.112,CONTACT_ACQUIRE,0.05,0.0,0.0,0,0.00308311013243069,0.0002493741188992397,0.0014561735315349134,-0.3002643709457761,0.0029325310460564663
5.113,CONTACT_ACQUIRE,0.05,0.0,0.0,0,0.0030841101324306903,0.0002508155880377954,0.0014267561904980452,-0.3002676188797211,0.0029956634036954664
5.114,CONTACT_ACQUIRE,0.05,0.0,0.0,0,0.0030851101324306904,0.0002522276146850171,0.0013972890634241003,-0.30027083743641547,0.003058536134737681
5.115,CONTACT_ACQUIRE,0.05,0.0,0.0,0,0.0030861101324306905,0.00025361015059775343,0.0013677752352742553,-0.30027402599929953,0.0031211243953304215
5.1160000000000005,CONTACT_ACQUIRE,0.05,0.0,0.0,0,0.0030871101324306907,0.0002549631506153339,0.0013382177859997773,-0.3002771839546026,0.003183403599393796
5.117,CONTACT_ACQUIRE,0.05,0.0,0.0,0,0.003088110132430691,0.000256286572654413,0.0013086197902515348,-0.3002803106915842,0.003245349427652801
5.118,CONTACT_ACQUIRE,0.05,0.0,0.0,0,0.003089110132430691,0.00025758037770352545,0.0012789843170909452,-0.3002834056027723,0.0033069378364072605
5.119,CONTACT_ACQUIRE,0.05,0.0,0.0,0,0.003090110132430691,0.0002588445298173528,0.0012493144297023818,-0.3002864680841995,0.0033681450660405323
5.12,CONTACT_ACQUIRE,0.05,0.0,0.0,0,0.003091110132430691,0.0002600789961107031,0.0012196131851070647,-0.3002894975356357,0.0034289476492679644
5.121,CONTACT_ACQUIRE,0.05,0.0,0.0,0,0.0030921101324306913,0.0002612837467522055,0.00118988363387846,-0.3002924933608184,0.003489322419126179
5.122,CONTACT_ACQUIRE,0.05,0.0,0.0,0,0.0030931101324306915,0.00026245875495772066,0.0011601288198592103,-0.3002954549676798,0.0035492465167043324
5.123,CONTACT_ACQUIRE,0.05,0.0,0.0,0,0.0030941101324306916,0.00026360399698346915,0.0011303517798796204,-0.30029838176857093,0.0036086973986185593
5.124,CONTACT_ACQUIRE,0.05,0.0,0.0,0,0.0030951101324306917,0.0002647194521188789,0.0011005555434777192,-0.30030127318048294,0.003667652844230912
5.125,CONTACT_ACQUIRE,0.05,0.0,0.0,0,0.003096110132430692,0.0002658051026791538,0.0010707431326209245,-0.3003041286252648,0.003726090962614142
5.126,CONTACT_ACQUIRE,0.05,0.0,0.0,0,0.003097110132430692,0.0002668609339975643,0.0010409175614293296,-0.300306947529838,0.003783990199263773
5.127,CONTACT_ACQUIRE,0.05,0.0,0.0,0,0.003098110132430692,0.00026788693441746284,0.001011081835900637,-0.30030972932640815,0.0038413293425589583
5.128,CONTACT_ACQUIRE,0.05,0.0,0.0,0,0.0030991101324306923,0.0002688830952840242,0.0009812389536367587,-0.30031247345267276,0.003898087529973697
5.1290000000000004,CONTACT_ACQUIRE,0.05,0.0,0.0,0,0.0031001101324306924,0.00026984941093571396,0.0009513919035721082,-0.30031517935202595,0.003954244254040037
5.13,CONTACT_ACQUIRE,0.05,0.0,0.0,0,0.0031011101324306925,0.0002707858786954858,0.0009215436657036027,-0.30031784647375953,0.004009779368064973
5.131,CONTACT_ACQUIRE,0.05,0.0,0.0,0,0.0031021101324306927,0.00027169249886170967,0.0008916972108223995,-0.30032047427326064,0.004064673091602778
5.132,CONTACT_ACQUIRE,0.05,0.0,0.0,0,0.003103110132430693,0.00027256927469883276,0.000861855500247386,-0.3003230622122057,0.0041189060156846076
5.133,CONTACT_ACQUIRE,0.05,0.0,0.0,0,0.003104110132430693,0.0002734162124277746,0.0008320214855604463,-0.3003256097587509,0.004172459107807253
5.134,CONTACT_ACQUIRE,0.05,0.0,0.0,0,0.003105110132430693,0.0002742333212160584,0.0008021981083435229,-0.3003281163877185,0.0042253137166829435
5.135,CONTACT_ACQUIRE,0.05,0.0,0.0,0,0.003106110132430693,0.00027502061316768054,0.0007723882999174957,-0.3003305815807802,0.0042774515767522465
5.136,CONTACT_ACQUIRE,0.05,0.0,0.0,0,0.0031071101324306933,0.00027577810331271967,0.0007425949810828979,-0.300333004826636,0.0043288548124620395
5.1370000000000005,CONTACT_ACQUIRE,0.05,0.0,0.0,0,0.0031081101324306934,0.00027650580959668735,0.000712821061862489,-0.30033538562118967,0.004379505942310716
5.138,CONTACT_ACQUIRE,0.05,0.0,0.0,0,0.0031091101324306936,0.0002772037528696225,0.000683069441245704,-0.3003377234677201,0.004429387882662715
5.139,CONTACT_ACQUIRE,0.05,0.0,0.0,0,0.0031101101324306937,0.00027787195687493113,0.0006533430069350006,-0.3003400178770489,0.004478483951334601
5.14,CONTACT_ACQUIRE,0.05,0.0,0.0,0,0.003111110132430694,0.0002785104482379731,0.0006236446350941194,-0.30034226836770406,0.004526777870954923
5.141,CONTACT_ACQUIRE,0.05,0.0,0.0,0,0.003112110132430694,0.0002791192564543986,0.0005939771900982813,-0.3003444744660795,0.00457425377210015
5.142,CONTACT_ACQUIRE,0.05,0.0,0.0,0,0.003113110132430694,0.0002796984138782354,0.0005643435242863369,-0.3003466357065908,0.004620896196209005
5.143,CONTACT_ACQUIRE,0.05,0.0,0.0,0,0.0031141101324306942,0.00028024795570972936,0.0005347464777148884,-0.3003487516318269,0.00466669009827757
5.144,CONTACT_ACQUIRE,0.05,0.0,0.0,0,0.0031151101324306944,0.00028076791998294016,0.0005051888779144011,-0.3003508217926975,0.004711620849337602
5.1450000000000005,CONTACT_ACQUIRE,0.05,0.0,0.0,0,0.0031161101324306945,0.000281258347553094,0.00047567353964732403,-0.3003528457485766,0.004755674238720469
5.146,CONTACT_ACQUIRE,0.05,0.0,0.0,0,0.0031171101324306946,0.0002817192820836955,0.000446203264668236,-0.30035482306744204,0.004798836476109276
5.147,CONTACT_ACQUIRE,0.05,0.0,0.0,0,0.0031181101324306948,0.00028215077003340065,0.0004167808414860352,-0.3003567533260105,0.0048410941933816135
5.148,CONTACT_ACQUIRE,0.05,0.0,0.0,0,0.003119110132430695,0.0002825528606426534,0.0003874090451281897,-0.30035863610986874,0.0048824344462455906
5.149,CONTACT_ACQUIRE,0.05,0.0,0.0,0,0.003120110132430695,0.0002829256059200868,0.0003580906369070658,-0.30036047101360075,0.004922844715671688
5.15,CONTACT_ACQUIRE,0.05,0.0,0.0,0,0.003121110132430695,0.0002832690606286922,0.00032882836418835035,-0.3003622576409103,0.004962312909123096
5.151,CONTACT_ACQUIRE,0.05,0.0,0.0,0,0.0031221101324306953,0.00028358328227175774,0.0002996249601615847,-0.30036399560473964,0.0050008273615871944
5.152,CONTACT_ACQUIRE,0.05,0.0,0.0,0,0.0031231101324306954,0.00028386833107857796,0.0002704831436128252,-0.300365684527384,0.005038376836410861
5.1530000000000005,CONTACT_ACQUIRE,0.05,0.0,0.0,0,0.0031241101324306956,0.000284124269989938,0.00024140561869944713,-0.3003673240406016,0.005074950525942349
5.154,CONTACT_ACQUIRE,0.05,0.0,0.0,0,0.0031251101324306957,0.00028435116464337284,0.00021239507472710725,-0.30036891378572,0.005110538051982457
5.155,CONTACT_ACQUIRE,0.05,0.0,0.0,0,0.003126110132430696,0.0002845490833582053,0.00018345418592888058,-0.3003704534137375,0.005145129466047789
5.156,CONTACT_ACQUIRE,0.05,0.0,0.0,0,0.003127110132430696,0.0002847180971203637,0.00015458561124658647,-0.3003719425854211,0.0051787152494488994
5.157,CONTACT_ACQUIRE,0.05,0.0,0.0,0,0.003128110132430696,0.0002848582795669823,0.00012579199411431896,-0.30037338097139954,0.005211286313186128
5.158,CONTACT_ACQUIRE,0.05,0.0,0.0,0,0.0031291101324306962,0.0002849697069707861,9.707596224419593e-05,-0.3003747682522528,0.005242833997665991
5.159,CONTACT_ACQUIRE,0.05,0.0,0.0,0,0.0031301101324306964,0.00028505245822426294,6.844012741434145e-05,-0.3003761041185967,0.005273350072240974
5.16,CONTACT_ACQUIRE,0.05,0.0,0.0,0,0.0031311101324306965,0.0002851066148236243,3.9887085259115434e-05,-0.300377388271164,0.005302826734575627
5.1610000000000005,CONTACT_ACQUIRE,0.05,0.0,0.0,0,0.0031321101324306966,0.00028513226085255744,1.1419415061604387e-05,-0.3003786204208806,0.0053312566098418345
5.162,CONTACT_ACQUIRE,0.05,0.0,0.0,0,0.0031331101324306968,0.0002851294829657716,-1.696032045161316e-05,-0.30037980028893807,0.005358632749746204
5.163,CONTACT_ACQUIRE,0.05,0.0,0.0,0,0.003134110132430697,0.0002850983703723397,-4.5249575313413296e-05,-0.30038092760686175,0.005384948631392492
5.164,CONTACT_ACQUIRE,0.05,0.0,0.0,0,0.003135110132430697,0.00028503901481883817,-7.344582051677243e-05,-0.3003820021165748,0.005410198155982005
5.165,CONTACT_ACQUIRE,0.05,0.0,0.0,0,0.003136110132430697,0.0002849515105722878,-0.00010154654421309925,-0.30038302357045793,0.0054343756473549465
5.166,CONTACT_ACQUIRE,0.05,0.0,0.0,0,0.0031371101324306973,0.0002848359544028971,-0.00012954925190824046,-0.30038399173140523,0.005457475850375681
5.167,CONTACT_ACQUIRE,0.05,0.0,0.0,0,0.0031381101324306974,0.00028469244556661054,-0.00015745146665614826,-0.3003849063728755,0.005479493929164862
5.168,CONTACT_ACQUIRE,0.05,0.0,0.0,0,0.0031391101324306976,0.00028452108578746484,-0.00018525072925019742,-0.30038576727893995,0.005500425465181459
5.1690000000000005,CONTACT_ACQUIRE,0.05,0.0,0.0,0,0.0031401101324306977,0.0002843219792397548,-0.00021294459841214033,-0.30038657424432524,0.005520266455157641
5.17,CONTACT_ACQUIRE,0.05,0.0,0.0,0,0.003141110132430698,0.00028409523253001146,-0.00024053065097868868,-0.3003873270744531,0.0055390133088895335
5.171,CONTACT_ACQUIRE,0.05,0.0,0.0,0,0.003142110132430698,0.0002838409546787948,-0.00026800648208571076,-0.3003880255854753,0.005556662846886866
5.172,CONTACT_ACQUIRE,0.05,0.0,0.0,0,0.003143110132430698,0.00028355925710230344,-0.00029536970535003323,-0.3003886696043048,0.005573212297884496
5.173,CONTACT_ACQUIRE,0.05,0.0,0.0,0,0.0031441101324306982,0.000283250253593804,-0.00032261795304883715,-0.30038925896864327,0.005588659296218849
5.174,CONTACT_ACQUIRE,0.05,0.0,0.0,0,0.0031451101324306984,0.0002829140603048818,-0.0003497488762966375,-0.30038979352700385,0.005603001879072281
5.175,CONTACT_ACQUIRE,0.05,0.0,0.0,0,0.0031461101324306985,0.0002825507957265161,-0.0003767601452198368,-0.3003902731387308,0.005616238483588379
5.176,CONTACT_ACQUIRE,0.05,0.0,0.0,0,0.0031471101324306986,0.0002821605806699821,-0.0004036494491288424,-0.30039069767401455,0.005628367943861228
5.1770000000000005,CONTACT_ACQUIRE,0.05,0.0,0.0,0,0.0031481101324306988,0.0002817435382475817,-0.00043041449668773836,-0.3003910670139033,0.005639389487801652
5.178,CONTACT_ACQUIRE,0.05,0.0,0.0,0,0.003149110132430699,0.0002812997938532062,-0.0004570530160815026,-0.3003913810503105,0.005649302733883447
5.179,CONTACT_ACQUIRE,0.05,0.0,0.0,0,0.003150110132430699,0.00028082947514273263,-0.0004835627551807604,-0.3003916396860187,0.005658107687772617
5.18,CONTACT_ACQUIRE,0.05,0.0,0.0,0,0.003151110132430699,0.0002803327120142569,-0.0005099414817040657,-0.3003918428346793,0.00566580473884264
5.181,CONTACT_ACQUIRE,0.05,0.0,0.0,0,0.0031521101324306993,0.0002798096365881657,-0.0005361869833777012,-0.30039199042080894,0.005672394656578722
5.182,CONTACT_ACQUIRE,0.05,0.0,0.0,0,0.0031531101324306994,0.00027926038318704994,-0.0005622970680929901,-0.30039208237978193,0.005677878586874089
5.183,CONTACT_ACQUIRE,0.05,0.0,0.0,0,0.0031541101324306996,0.000278685088315462,-0.0005882695640611108,-0.3003921186578188,0.005682258048221281
5.184,CONTACT_ACQUIRE,0.05,0.0,0.0,0,0.0031551101324306997,0.00027808389063951975,-0.0006141023199654077,-0.30039209921197163,0.005685534927801413
5.1850000000000005,CONTACT_ACQUIRE,0.05,0.0,0.0,0,0.0031561101324307,0.00027745693096635894,-0.0006397932051111899,-0.30039202401010545,0.005687711477474424
5.186,CONTACT_ACQUIRE,0.05,0.0,0.0,0,0.0031571101324307,0.00027680435222343766,-0.0006653401095730116,-0.30039189303087616,0.005688790309673237
5.187,CONTACT_ACQUIRE,0.05,0.0,0.0,0,0.0031581101324307,0.00027612629943769433,-0.0006907409443394271,-0.30039170626370487,0.005688774393204795
5.188,CONTACT_ACQUIRE,0.05,0.0,0.0,0,0.0031591101324307,0.00027542291971456253,-0.0007159936414552138,-0.30039146370874886,0.005687667048960932
5.189,CONTACT_ACQUIRE,0.05,0.0,0.0,0,0.0031601101324307003,0.0002746943622168446,-0.0007410961541610571,-0.30039116537686883,0.005685471945541994
5.19,CONTACT_ACQUIRE,0.05,0.0,0.0,0,0.0031611101324307005,0.00027394077814344695,-0.0007660464570306917,-0.30039081128959316,0.005682193094796112
5.191,CONTACT_ACQUIRE,0.05,0.0,0.0,0,0.0031621101324307006,0.0002731623207079796,-0.0007908425461054922,-0.3003904014790783,0.00567783484727708
5.192,CONTACT_ACQUIRE,0.05,0.0,0.0,0,0.0031631101324307007,0.00027235914511722234,-0.0008154824390265101,-0.30038993598806635,0.005672401887623671
5.1930000000000005,CONTACT_ACQUIRE,0.05,0.0,0.0,0,0.003164110132430701,0.0002715314085494598,-0.0008399641751639488,-0.3003894148698388,0.005665899229863312
5.194,CONTACT_ACQUIRE,0.05,0.0,0.0,0,0.003165110132430701,0.0002706792701326891,-0.0008642858157440747,-0.30038883818816764,0.005658332212642929
5.195,CONTACT_ACQUIRE,0.05,0.0,0.0,0,0.003166110132430701,0.0002698028909227008,-0.000888445443973559,-0.30038820601726285,0.005649706494389864
5.196,CONTACT_ACQUIRE,0.05,0.0,0.0,0,0.0031671101324307013,0.00026890243388103815,-0.0009124411651612434,-0.3003875184417169,0.005640028048405622
5.197,CONTACT_ACQUIRE,0.05,0.0,0.0,0,0.0031681101324307014,0.0002679780638528344,-0.0009362711068373303,-0.30038677555644616,0.005629303157895299
5.198,CONTACT_ACQUIRE,0.05,0.0,0.0,0,0.0031691101324307015,0.0002670299475445334,-0.0009599334188699897,-0.3003859774666292,0.005617538410935474
5.199,CONTACT_ACQUIRE,0.05,0.0,0.0,0,0.0031701101324307017,0.0002660582535014941,-0.0009834262735793809,-0.30038512428764236,0.005604740695383297
5.2,CONTACT_ACQUIRE,0.05,0.0,0.0,0,0.003171110132430702,0.00026506315208548283,-0.0010067478658490855,-0.300384216144992,0.005590917193729571
5.2010000000000005,CONTACT_ACQUIRE,0.05,0.0,0.0,0,0.003172110132430702,0.00026404481545205517,-0.0010298964132349495,-0.3003832531742441,0.005576075377898515
5.202,CONTACT_ACQUIRE,0.05,0.0,0.0,0,0.003173110132430702,0.0002630034175278303,-0.0010528701560713304,-0.30038223552095095,0.005560223003996933
5.203,CONTACT_ACQUIRE,0.05,0.0,0.0,0,0.003174110132430702,0.0002619391339876605,-0.001075667357574748,-0.3003811633405752,0.005543368107015459
5.204,CONTACT_ACQUIRE,0.05,0.0,0.0,0,0.0031751101324307023,0.0002608521422316983,-0.0010982863039449362,-0.30038003679841085,0.00552551899548456
5.205,CONTACT_ACQUIRE,0.05,0.0,0.0,0,0.0031761101324307025,0.0002597426213623637,-0.0011207253044632937,-0.3003788560695019,0.005506684246087906
5.206,CONTACT_ACQUIRE,0.05,0.0,0.0,0,0.0031771101324307026,0.0002586107521612145,-0.001142982691588732,-0.30037762133855805,0.005486872698235738
5.207,CONTACT_ACQUIRE,0.05,0.0,0.0,0,0.0031781101324307027,0.00025745671706572167,-0.001165056821050921,-0.30037633279986825,0.005466093448600825
5.208,CONTACT_ACQUIRE,0.05,0.0,0.0,0,0.003179110132430703,0.0002562807001459535,-0.0011869460719409277,-0.3003749906572113,0.005444355845619569
5.2090000000000005,CONTACT_ACQUIRE,0.05,0.0,0.0,0,0.003180110132430703,0.0002550828870811696,-0.0012086488467992504,-0.30037359512376416,0.005421669483960795
5.21,CONTACT_ACQUIRE,0.05,0.0,0.0,0,0.003181110132430703,0.00025386346513632866,-0.0012301635717012456,-0.3003721464220079,0.0053980441989647365
5.211,CONTACT_ACQUIRE,0.05,0.0,0.0,0,0.0031821101324307033,0.000252622623138512,-0.001251488696339949,-0.3003706447836311,0.005373490061054736
5.212,CONTACT_ACQUIRE,0.05,0.0,0.0,0,0.0031831101324307034,0.00025136055145326554,-0.0012726226941062887,-0.3003690904494314,0.0053480173701240565
5.213,CONTACT_ACQUIRE,0.05,0.0,0.0,0,0.0031841101324307035,0.0002500774419608629,-0.0012935640621666925,-0.300367483669214,0.005321636649900316
5.214,CONTACT_ACQUIRE,0.05,0.0,0.0,0,0.0031851101324307037,0.00024877348803249206,-0.0013143113215380888,-0.30036582470168893,0.005294358642289881
5.215,CONTACT_ACQUIRE,0.05,0.0,0.0,0,0.003186110132430704,0.00024744888450636864,-0.0013348630171603013,-0.3003641138143653,0.005266194301704653
5.216,CONTACT_ACQUIRE,0.05,0.0,0.0,0,0.003187110132430704,0.00024610382766377775,-0.0013552177179658401,-0.300362351283444,0.005237154789373555
5.2170000000000005,CONTACT_ACQUIRE,0.05,0.0,0.0,0,0.003188110132430704,0.0002447385152050476,-0.0013753740169470889,-0.3003605373937084,0.00520725146764107
5.218,CONTACT_ACQUIRE,0.05,0.0,0.0,0,0.003189110132430704,0.00024335314622545703,-0.0013953305312208904,-0.3003586724384125,0.005176495894255106
5.219,CONTACT_ACQUIRE,0.05,0.0,0.0,0,0.0031901101324307043,0.00024194792119107988,-0.0014150859020905316,-0.30035675671916817,0.005144899816646456
5.22,CONTACT_ACQUIRE,0.05,0.0,0.0,0,0.0031911101324307045,0.0002405230419145686,-0.0014346387951051304,-0.30035479054582925,0.0051124751662020886
5.221,CONTACT_ACQUIRE,0.05,0.0,0.0,0,0.0031921101324307046,0.0002390787115308799,-0.0014539879001164275,-0.3003527742363751,0.005079234052534466
5.222,CONTACT_ACQUIRE,0.05,0.0,0.0,0,0.0031931101324307047,0.00023761513447294463,-0.0014731319313329829,-0.3003507081167915,0.0050451887577490735
5.223,CONTACT_ACQUIRE,0.05,0.0,0.0,0,0.003194110132430705,0.0002361325164472852,-0.0014920696273717834,-0.3003485925209503,0.005010351730712284
5.224,CONTACT_ACQUIRE,0.05,0.0,0.0,0,0.003195110132430705,0.0002346310644095822,-0.0015107997513072618,-0.30034642779048737,0.004974735581321689
5.2250000000000005,CONTACT_ACQUIRE,0.05,0.0,0.0,0,0.003196110132430705,0.00023311098654019364,-0.0015293210907177304,-0.3003442142746789,0.004938353074780957
5.226,CONTACT_ACQUIRE,0.05,0.0,0.0,0,0.0031971101324307053,0.00023157249221962886,-0.0015476324577292347,-0.3003419523303161,0.004901217125881292
5.227,CONTACT_ACQUIRE,0.05,0.0,0.0,0,0.0031981101324307054,0.00023001579200398003,-0.00156573268905683,-0.3003396423215786,0.004863340793291478
5.228,CONTACT_ACQUIRE,0.05,0.0,0.0,0,0.0031991101324307055,0.0002284410976003135,-0.001583620646043283,-0.30033728461990666,0.004824737273858527
5.229,CONTACT_ACQUIRE,0.05,0.0,0.0,0,0.0032001101324307057,0.00022684862184202387,-0.0016012952146952056,-0.30033487960387123,0.004785419896920844
5.23,CONTACT_ACQUIRE,0.05,0.0,0.0,0,0.003201110132430706,0.00022523857866415308,-0.001618755305716623,-0.3003324276590436,0.004745402118635883
5.231,CONTACT_ACQUIRE,0.05,0.0,0.0,0,0.003202110132430706,0.0002236111830786773,-0.0016359998545399824,-0.3003299291778634,0.004704697516324134
5.232,CONTACT_ACQUIRE,0.05,0.0,0.0,0,0.003203110132430706,0.00022196665114976408,-0.0016530278213546063,-0.3003273845595052,0.004663319782831307
5.2330000000000005,CONTACT_ACQUIRE,0.05,0.0,0.0,0,0.003204110132430706,0.00022030519996900236,-0.0016698381911325957,-0.3003247942097446,0.004621282720910564
5.234,CONTACT_ACQUIRE,0.05,0.0,0.0,0,0.0032051101324307063,0.0002186270476306077,-0.001686429973652189,-0.30032215854082256,0.004578600237626553
5.235,CONTACT_ACQUIRE,0.05,0.0,0.0,0,0.0032061101324307065,0.0002169324132066056,-0.001702802203518581,-0.30031947797130915,0.004535286338783031
5.236,CONTACT_ACQUIRE,0.05,0.0,0.0,0,0.0032071101324307066,0.00021522151672199517,-0.0017189539401822101,-0.3003167529259662,0.004491355123375753
5.237,CONTACT_ACQUIRE,0.05,0.0,0.0,0,0.0032081101324307067,0.00021349457912989573,-0.001734884267954519,-0.30031398383560903,0.004446820778072393
5.238,CONTACT_ACQUIRE,0.05,0.0,0.0,0,0.003209110132430707,0.0002117518222866791,-0.0017505922960211913,-0.30031117113696726,0.004401697571721072
5.239,CONTACT_ACQUIRE,0.05,0.0,0.0,0,0.003210110132430707,0.0002099934689270897,-0.0017660771584528793,-0.3003083152725449,0.004355999849889184
5.24,CONTACT_ACQUIRE,0.05,0.0,0.0,0,0.003211110132430707,0.0002082197426393553,-0.0017813380142134197,-0.3003054166904799,0.004309742029434046
5.2410000000000005,CONTACT_ACQUIRE,0.05,0.0,0.0,0,0.0032121101324307073,0.0002064308678402907,-0.0017963740471655522,-0.30030247584440234,0.004262938593107006
5.242,CONTACT_ACQUIRE,0.05,0.0,0.0,0,0.0032131101324307074,0.0002046270697503971,-0.0018111844660741434,-0.3002994931932928,0.004215604084192454
5.243,CONTACT_ACQUIRE,0.05,0.0,0.0,0,0.0032141101324307075,0.00020280857436895942,-0.0018257685046069267,-0.3002964692013395,0.004167753101183278
5.244,CONTACT_ACQUIRE,0.05,0.0,0.0,0,0.0032151101324307076,0.0002009756084491439,-0.001840125421332763,-0.30029340433779533,0.004119400292494194
5.245,CONTACT_ACQUIRE,0.05,0.0,0.0,0,0.0032161101324307078,0.0001991283994730991,-0.001854254499717432,-0.300290299076834,0.004070560351214389
5.246,CONTACT_ACQUIRE,0.05,0.0,0.0,0,0.003217110132430708,0.000197267175627062,-0.0018681550481169623,-0.3002871538974062,0.00402124800990086
5.247,CONTACT_ACQUIRE,0.05,0.0,0.0,0,0.003218110132430708,0.00019539216577647216,-0.0018818263997685074,-0.3002839692830948,0.0039714780354137835
5.248,CONTACT_ACQUIRE,0.05,0.0,0.0,0,0.003219110132430708,0.00019350359944109605,-0.0018952679127787777,-0.3002807457219704,0.003921265223795278
5.249,CONTACT_ACQUIRE,0.05,0.0,0.0,0,0.0032201101324307083,0.00019160170677016449,-0.0019084789701100356,-0.30027748370644597,0.003870624395192805
5.25,CONTACT_ACQUIRE,0.05,0.0,0.0,0,0.0032211101324307084,0.0001896867185175249,-0.0019214589795636644,-0.30027418373313175,0.0038195703888284967
5.251,CONTACT_ACQUIRE,0.05,0.0,0.0,0,0.0032221101324307086,0.00018775886601681165,-0.0019342073737613193,-0.30027084630268946,0.003768118058015599
5.252,CONTACT_ACQUIRE,0.05,0.0,0.0,0,0.0032231101324307087,0.00018581838115663593,-0.0019467236101236697,-0.30026747191968695,0.003716282265223246
5.253,CONTACT_ACQUIRE,0.05,0.0,0.0,0,0.003224110132430709,0.0001838654963557986,-0.0019590071708467435,-0.30026406109245224,0.003664077877190707
5.2540000000000004,CONTACT_ACQUIRE,0.05,0.0,0.0,0,0.003225110132430709,0.00018190044453852752,-0.001971057562875882,-0.30026061433292783,0.0036115197600922167
5.255,CONTACT_ACQUIRE,0.05,0.0,0.0,0,0.003226110132430709,0.00017992345910974235,-0.0019828743178773173,-0.3002571321565249,0.0035586227747534988
5.256,CONTACT_ACQUIRE,0.05,0.0,0.0,0,0.0032271101324307092,0.00017793477393034874,-0.0019944569922073782,-0.3002536150819776,0.0035054017719210167
5.257,CONTACT_ACQUIRE,0.05,0.0,0.0,0,0.0032281101324307094,0.00017593462329256474,-0.002005805166879342,-0.30025006363119744,0.0034518715875849863
5.258,CONTACT_ACQUIRE,0.05,0.0,0.0,0,0.0032291101324307095,0.00017392324189528127,-0.0020169184475279374,-0.30024647832912776,0.0033980470383571304
5.259,CONTACT_ACQUIRE,0.05,0.0,0.0,0,0.0032301101324307096,0.0001719008648194595,-0.0020277964643715092,-0.3002428597035985,0.0033439429169041398
5.26,CONTACT_ACQUIRE,0.05,0.0,0.0,0,0.0032311101324307098,0.00016986772750356716,-0.002038438872171861,-0.3002392082851811,0.003289573987437754
5.261,CONTACT_ACQUIRE,0.05,0.0,0.0,0,0.00323211013243071,0.00016782406571905591,-0.0020488453501917797,-0.3002355246070437,0.003234954981262365
5.2620000000000005,CONTACT_ACQUIRE,0.05,0.0,0.0,0,0.00323311013243071,0.00016577011554588276,-0.0020590156021502624,-0.3002318092048069,0.0031801005923809927
5.263,CONTACT_ACQUIRE,0.05,0.0,0.0,0,0.00323411013243071,0.00016370611334807716,-0.0020689493561754473,-0.3002280626163994,0.0031250254731604588
5.264,CONTACT_ACQUIRE,0.05,0.0,0.0,0,0.0032351101324307103,0.00016163229574935628,-0.0020786463647552694,-0.3002242853819143,0.003069744230056575
5.265,CONTACT_ACQUIRE,0.05,0.0,0.0,0,0.0032361101324307104,0.00015954889960879086,-0.0020881064046858458,-0.3002204780434663,0.0030142714194000657
5.266,CONTACT_ACQUIRE,0.05,0.0,0.0,0,0.0032371101324307106,0.00015745616199652383,-0.002097329277017609,-0.3002166411450484,0.0029586215432440104
5.267,CONTACT_ACQUIRE,0.05,0.0,0.0,0,0.0032381101324307107,0.00015535432016954375,-0.002106314806999197,-0.30021277523239015,0.0029028090452734587
5.268,CONTACT_ACQUIRE,0.05,0.0,0.0,0,0.003239110132430711,0.0001532436115475157,-0.0021150628440191103,-0.3002088808528157,0.0028468483067779237
5.269,CONTACT_ACQUIRE,0.05,0.0,0.0,0,0.003240110132430711,0.00015112427368867148,-0.002123573261545158,-0.30020495855510304,0.002790753642687367
5.2700000000000005,CONTACT_ACQUIRE,0.05,0.0,0.0,0,0.003241110132430711,0.00014899654426576146,-0.002131845957061694,-0.3002010088893434,0.002734539297672294
5.271,CONTACT_ACQUIRE,0.05,0.0,0.0,0,0.0032421101324307112,0.00014686066104207035,-0.002139880852004665,-0.30019703240680184,0.0026782194423085465
5.272,CONTACT_ACQUIRE,0.05,0.0,0.0,0,0.0032431101324307114,0.00014471686184749902,-0.0021476778916944806,-0.300193029659778,0.0026218081693073123
5.273,CONTACT_ACQUIRE,0.05,0.0,0.0,0,0.0032441101324307115,0.00014256538455471448,-0.0021552370452667183,-0.3001890012014681,0.0025653194898109023
5.274,CONTACT_ACQUIRE,0.05,0.0,0.0,0,0.0032451101324307116,0.00014040646705537022,-0.0021625583056006795,-0.3001849475858275,0.0025087673297547594
5.275,CONTACT_ACQUIRE,0.05,0.0,0.0,0,0.0032461101324307118,0.0001382403472363992,-0.002169641689245807,-0.3001808693674341,0.0024521655262961634
5.276,CONTACT_ACQUIRE,0.05,0.0,0.0,0,0.003247110132430712,0.00013606726295638125,-0.0021764872363459805,-0.3001767671013528,0.0023955278243100717
5.277,CONTACT_ACQUIRE,0.05,0.0,0.0,0,0.003248110132430712,0.0001338874520219875,-0.0021830950105617046,-0.30017264134300065,0.0023388678729524734
5.2780000000000005,CONTACT_ACQUIRE,0.05,0.0,0.0,0,0.003249110132430712,0.00013170115216450346,-0.0021894650989902004,-0.3001684926480128,0.002282199222291651
5.279,CONTACT_ACQUIRE,0.05,0.0,0.0,0,0.0032501101324307123,0.0001295086010164331,-0.0021955976120834196,-0.30016432157211004,0.002225535320007683
5.28,CONTACT_ACQUIRE,0.05,0.0,0.0,0,0.0032511101324307124,0.00012731003608818604,-0.002201492683563992,-0.30016012867096653,0.002168889508160497
5.281,CONTACT_ACQUIRE,0.05,0.0,0.0,0,0.0032521101324307126,0.00012510569474484973,-0.0022071504703391237,-0.3001559145000792,0.0021122750200267717
5.282,CONTACT_ACQUIRE,0.05,0.0,0.0,0,0.0032531101324307127,0.00012289581418304873,-0.002212571152412459,-0.3001516796146381,0.0020557049770059373
5.283,CONTACT_ACQUIRE,0.05,0.0,0.0,0,0.003254110132430713,0.00012068063140789323,-0.0022177549327939234,-0.30014742456939736,0.001999192385595513
5.284,CONTACT_ACQUIRE,0.05,0.0,0.0,0,0.003255110132430713,0.00011846038321001869,-0.0022227020374075614,-0.30014314991854796,0.0019427501344359886
5.285,CONTACT_ACQUIRE,0.05,0.0,0.0,0,0.003256110132430713,0.0001162353061427186,-0.002227412714997383,-0.3001388562155912,0.0018863909914254176
5.2860000000000005,CONTACT_ACQUIRE,0.05,0.0,0.0,0,0.0032571101324307132,0.00011400563649917244,-0.0022318872370312407,-0.3001345440132137,0.0018301276009038902
5.287,CONTACT_ACQUIRE,0.05,0.0,0.0,0,0.0032581101324307134,0.00011177161028977068,-0.002236125897602742,-0.300130213863163,0.0017739724809080013
5.288,CONTACT_ACQUIRE,0.05,0.0,0.0,0,0.0032591101324307135,0.00010953346321953892,-0.0022401290133312267,-0.3001258663161253,0.0017179380204954168
5.289,CONTACT_ACQUIRE,0.05,0.0,0.0,0,0.0032601101324307136,0.00010729143066566296,-0.0022438969232598132,-0.3001215019216036,0.0016620364771396192
5.29,CONTACT_ACQUIRE,0.05,0.0,0.0,0,0.0032611101324307138,0.00010504574765511678,-0.002247429988751535,-0.30011712122779766,0.0016062799741948736
5.291,CONTACT_ACQUIRE,0.05,0.0,0.0,0,0.003262110132430714,0.00010279664884239535,-0.002250728593383587,-0.3001127247814852,0.001550680498431451
5.292,CONTACT_ACQUIRE,0.05,0.0,0.0,0,0.003263110132430714,0.00010054436848735415,-0.0022537931428396898,-0.30010831312790415,0.0014952498976410994
5.293,CONTACT_ACQUIRE,0.05,0.0,0.0,0,0.003264110132430714,9.828914043315719e-05,-0.002256624064800597,-0.30010388681063654,0.0014399998783127476
5.2940000000000005,CONTACT_ACQUIRE,0.05,0.0,0.0,0,0.0032651101324307143,9.603119808433557e-05,-0.0022592218088327556,-0.3000994463714938,0.0013849420033783932
5.295,CONTACT_ACQUIRE,0.05,0.0,0.0,0,0.0032661101324307144,9.377077438495814e-05,-0.0022615868462751427,-0.3000949923504034,0.0013300876900291072
5.296,CONTACT_ACQUIRE,0.05,0.0,0.0,0,0.0032671101324307146,9.150810179691635e-05,-0.002263719670124288,-0.3000905252852966,0.0012754482076010553
5.297,CONTACT_ACQUIRE,0.05,0.0,0.0,0,0.0032681101324307147,8.924341227832492e-05,-0.0022656207949175054,-0.3000860457119983,0.001221034675531433
5.298,CONTACT_ACQUIRE,0.05,0.0,0.0,0,0.003269110132430715,8.69769372620402e-05,-0.002267290756614349,-0.3000815541641178,0.0011668580613841666
5.299,CONTACT_ACQUIRE,0.05,0.0,0.0,0,0.003270110132430715,8.470890763429788e-05,-0.002268730112476308,-0.3000770511729412,0.0011129291789452242
5.3,CONTACT_ACQUIRE,0.05,0.0,0.0,0,0.003271110132430715,8.243955371347202e-05,-0.0022699394409447645,-0.3000725372673255,0.0010592586863873584
5.301,CONTACT_ACQUIRE,0.05,0.0,0.0,0,0.003272110132430715,8.016910522895683e-05,-0.0022709193415172252,-0.30006801297359414,0.0010058570845040752
5.3020000000000005,CONTACT_ACQUIRE,0.05,0.0,0.0,0,0.0032731101324307153,7.789779130017315e-05,-0.0022716704346218463,-0.3000634788154337,0.0009527347150126053
5.303,CONTACT_ACQUIRE,0.05,0.0,0.0,0,0.0032741101324307155,7.562584041570129e-05,-0.002272193361490272,-0.3000589353137928,0.0008999017589256404
5.304,CONTACT_ACQUIRE,0.05,0.0,0.0,0,0.0032751101324307156,7.335348041254173e-05,-0.002272488784028803,-0.30005438298678216,0.0008473682349915625
5.305,CONTACT_ACQUIRE,0.05,0.0,0.0,0,0.0032761101324307157,7.108093845550565e-05,-0.0022725573846879127,-0.3000498223495763,0.0007951439982028892
5.306,CONTACT_ACQUIRE,0.05,0.0,0.0,0,0.003277110132430716,6.880844101673668e-05,-0.002272399866330129,-0.3000452539143169,0.0007432387383726299
5.307,CONTACT_ACQUIRE,0.05,0.0,0.0,0,0.003278110132430716,6.653621385536549e-05,-0.002272016952096301,-0.3000406781900179,0.0006916619787782304
5.308,CONTACT_ACQUIRE,0.05,0.0,0.0,0,0.003279110132430716,6.426448199729911e-05,-0.002271409385270266,-0.30003609568247197,0.0006404230748727673
5.309,CONTACT_ACQUIRE,0.05,0.0,0.0,0,0.0032801101324307163,6.199346971514619e-05,-0.002270577929141942,-0.3000315068941588,0.0005895312130630311
5.3100000000000005,CONTACT_ACQUIRE,0.05,0.0,0.0,0,0.0032811101324307164,5.9723400508280075e-05,-0.0022695233668688563,-0.30002691232415507,0.0005389954095541236
5.311,CONTACT_ACQUIRE,0.05,0.0,0.0,0,0.0032821101324307165,5.7454497083041045e-05,-0.0022682465013361343,-0.3000223124680459,0.0004888245092601745
5.312,CONTACT_ACQUIRE,0.05,0.0,0.0,0,0.0032831101324307167,5.518698133307936e-05,-0.0022667481550149634,-0.3000177078178382,0.0004390271847807639
5.313,CONTACT_ACQUIRE,0.05,0.0,0.0,0,0.003284110132430717,5.292107431984061e-05,-0.002265029169819555,-0.3000130988618757,0.0003896119354426266
5.314,CONTACT_ACQUIRE,0.05,0.0,0.0,0,0.003285110132430717,5.0656996253194806e-05,-0.0022630904069626196,-0.30000848608475544,0.00034058708640618944
5.315,CONTACT_ACQUIRE,0.05,0.0,0.0,0,0.003286110132430717,4.839496647221078e-05,-0.0022609327468093767,-0.30000386996724615,0.0002919607878364831
5.316,CONTACT_ACQUIRE,0.05,0.0,0.0,0,0.003287110132430717,4.613520342607725e-05,-0.002258557088730117,-0.2999992509862084,0.00024374101413795162
5.317,CONTACT_ACQUIRE,0.05,0.0,0.0,0,0.0032881101324307173,4.3877924655172085e-05,-0.0022559643509513375,-0.2999946296145163,0.00019593556325266806
5.3180000000000005,CONTACT_ACQUIRE,0.05,0.0,0.0,0,0.0032891101324307175,4.162334677228111e-05,-0.002253155470405467,-0.2999900063209811,0.00014855205602144823
5.319,CONTACT_ACQUIRE,0.05,0.0,0.0,0,0.0032901101324307176,3.937168544396789e-05,-0.002250131402579203,-0.2999853815702765,0.00010159793560734354
5.32,CONTACT_ACQUIRE,0.05,0.0,0.0,0,0.0032911101324307177,3.712315537209586e-05,-0.002246893121360478,-0.2999807558228655,5.508046698097558e-05
5.321,CONTACT_ACQUIRE,0.05,0.0,0.0,0,0.003292110132430718,3.4877970275504187e-05,-0.002243441618884077,-0.2999761295349292,9.006736467164017e-06
5.322,CONTACT_ACQUIRE,0.05,0.0,0.0,0,0.003293110132430718,3.2636342871838645e-05,-0.0022397779053759215,-0.2999715031582974,-3.6616348647715146e-05
5.323,CONTACT_ACQUIRE,0.05,0.05,0.149143982532961,1,0.0032921101324307183,3.0417795323661364e-05,-0.0021857658491213376,-0.29996690480845184,-8.166759731946093e-05
5.324,CONTACT_ACQUIRE,0.05,0.05,0.19725134947227363,1,0.003290788180188428,2.8272433879224713e-05,-0.0021012340817456966,-0.29996240657641743,-0.00012584361587825155
5.325,CONTACT_ACQUIRE,0.05,0.05,0.2431652946185248,1,0.0032894228103178347,2.622260148647728e-05,-0.001994890815474092,-0.29995804095644313,-0.0001690042407173305
5.3260000000000005,CONTACT_ACQUIRE,0.05,0.05,0.2866096922217322,1,0.0032880114730886776,2.428953843829327e-05,-0.0018678996324467264,-0.2999538389656335,-0.00021102000413674964
5.327,CONTACT_ACQUIRE,0.05,0.05,0.327329667381203,1,0.00328655283924489,2.2493259603253136e-05,-0.0017215460615640494,-0.2999498299646849,-0.00025177257579287035
5.328,CONTACT_ACQUIRE,0.05,0.05,0.3650935213520717,1,0.0032850467575962525,2.0852437855845395e-05,-0.0015572266843231503,-0.2999460414869231,-0.00029115465426625013
5.329,CONTACT_ACQUIRE,0.05,0.05,0.39969376403628487,1,0.0032836703199698534,1.9384298740157174e-05,-0.0013764376263992839,-0.29994249908284293,-0.00032907013852179456
5.33,CONTACT_ACQUIRE,0.05,0.05,0.4309473611561224,1,0.0032824895572418507,1.8104526834834054e-05,-0.0011807627280024835,-0.2999392261808569,-0.00036543400597284487
5.331,CONTACT_ACQUIRE,0.05,0.05,0.458695884152124,1,0.0032815176954774307,1.70271839221573e-05,-0.000971861764419902,-0.2999362439644385,-0.0004001713982399049
5.332,CONTACT_ACQUIRE,0.05,0.05,0.48280633726022104,1,0.0032807662370772845,1.6164639046955608e-05,-0.0007514584001463836,-0.29993357126581655,-0.0004332170726118496
5.333,CONTACT_ACQUIRE,0.05,0.05,0.5031716358538768,1,0.0032802449092107526,1.552751077323704e-05,-0.0005213278665320545,-0.2999312244766989,-0.000464515208534912
5.3340000000000005,CONTACT_ACQUIRE,0.05,0.05,0.5197107882220582,1,0.0032799616246821485,1.512462182973431e-05,-0.00028328452860410934,-0.2999292174763458,-0.0004940192350364495
5.335,CONTACT_ACQUIRE,0.05,0.05,0.5323689125634256,1,0.0032799224552413375,1.4962966200664298e-05,-3.916944081123119e-05,-0.29992756157711914,-0.000521691616644161
5.336,CONTACT_ACQUIRE,0.05,0.05,0.5411170921842435,1,0.0032801316172724236,1.5047688634031045e-05,0.0002091620310861831,-0.2999262654875183,-0.0005475036000360022
5.337,CONTACT_ACQUIRE,0.05,0.05,0.5459520728364293,1,0.0032805914697190356,1.5382076463469704e-05,0.000459852446611996,-0.2999253352926031,-0.0005714349238282713
5.338,CONTACT_ACQUIRE,0.05,0.05,0.5468958070024532,1,0.003281302524031612,1.5967563565370323e-05,0.0007110543125765571,-0.2999247744516003,-0.0005934734940636394
5.339,CONTACT_ACQUIRE,0.05,0.05,0.5439948507838902,1,0.003282263465851699,1.6803746201248868e-05,0.0009609418200867178,-0.29992458381238557,-0.0006136150280970973
5.34,CONTACT_ACQUIRE,0.05,0.05,0.537319619840725,1,0.0032834711880809307,1.7888410426436972e-05,0.0012077222292315524,-0.29992476164243714,-0.0006318626696956958
5.341,CONTACT_ACQUIRE,0.05,0.05,0.5269635115725265,1,0.0032849208349184584,1.9217570680509385e-05,0.0014496468375275787,-0.2999253036757611,-0.0006482265782675252
5.3420000000000005,CONTACT_ACQUIRE,0.05,0.05,0.5130419013982931,1,0.00328660585639041,2.0785519112798403e-05,0.0016850214719519936,-0.2999262031751995,-0.0006627234952165648
5.343,CONTACT_ACQUIRE,0.05,0.05,0.49569102164553713,1,0.003288518072838843,2.2584885138169322e-05,0.001912216448432678,-0.2999274510094486,-0.000675376290482876
5.344,CONTACT_ACQUIRE,0.05,0.05,0.4750667320888508,1,0.0032906477487858183,2.460670466423474e-05,0.002129675946975542,-0.29992903574403534,-0.0006862134923722124
5.345,CONTACT_ACQUIRE,0.05,0.05,0.45134319169634507,1,0.003292983675540976,2.684049838162141e-05,0.0023359267551575193,-0.2999309437454294,-0.0006952688038055413
5.346,CONTACT_ACQUIRE,0.05,0.05,0.4247114415617822,1,0.0032955132618784407,2.9274358463991584e-05,0.0025295863374649374,-0.29993315929740005,-0.0007025806081275035
5.347,CONTACT_ACQUIRE,0.05,0.05,0.3953779093679788,1,0.0032982226320713293,3.1895042984452923e-05,0.002709370192888426,-0.2999356647286696,-0.0007081914676035963
5.348,CONTACT_ACQUIRE,0.05,0.05,0.36356284601524497,1,0.003301096730539579,3.4688077319924434e-05,0.0028740984682496993,-0.29993844055086166,-0.0007121476177092418
5.349,CONTACT_ACQUIRE,0.05,0.05,0.32949870527542324,1,0.003304119432339492,3.7637861785081826e-05,0.0030227017999129163,-0.2999414656056978,-0.0007144984602702146
5.3500000000000005,CONTACT_ACQUIRE,0.05,0.05,0.2934284774825626,1,0.003307273658701273,4.072778471277808e-05,0.003154226361781415,-0.2999447172203581,-0.0007152960584535977
5.351,CONTACT_ACQUIRE,0.05,0.05,0.25560398835363407,1,0.003310541496804044,4.394034017837885e-05,0.00326783810277093,-0.29994817136989027,-0.0007145946365320405
5.352,CONTACT_ACQUIRE,0.05,0.05,0.21628417405248304,1,0.003313904322966291,4.7257249551292294e-05,0.0033628261622473165,-0.2999518028455289,-0.0007124500872521952
5.353,CONTACT_ACQUIRE,0.05,0.05,0.17573334354330444,1,0.0033173429284234796,5.0659586048101036e-05,0.0034386054571886233,-0.2999555854277709,-0.0007089194895315015
5.354,CONTACT_ACQUIRE,0.05,0.05,0.13421943917258944,1,0.003320837646863527,5.412790145807689e-05,0.0034947184400473696,-0.29995949206304423,-0.0007040606390867742
5.355,CONTACT_ACQUIRE,0.05,0.05,0.0920123062242183,1,0.0033243684828949426,5.764235421340777e-05,0.0035308360314156738,-0.29996349504280667,-0.0006979315944641309
5.356,CONTACT_ACQUIRE,0.05,0.16999999999999998,0.04938198193988769,1,0.0033298993189263583,6.118283798308434e-05,0.0035467577366066587,-0.29996756618391673,-0.0006905902407937083
5.357,CONTACT_ACQUIRE,0.05,0.16999999999999998,0.0065557615735879066,1,0.003337430154957774,6.472910858737491e-05,0.0035424047585831914,-0.2999716770071141,-0.0006820790041405946
5.3580000000000005,CONTACT_ACQUIRE,0.05,0.0,0.0,0,0.00334296099098919,6.826319910054377e-05,0.0035252180871816028,-0.2999758021942716,-0.000672364783719111
5.359,CONTACT_ACQUIRE,0.05,0.0,0.0,0,0.0033464918270206057,7.177944640401173e-05,0.0035072275687832105,-0.2999799339736016,-0.0006613395393017344
5.36,CONTACT_ACQUIRE,0.05,0.0,0.0,0,0.0033480226630520217,7.52775567880819e-05,0.0034889447020286742,-0.2999840722369341,-0.0006489477204368599
5.361,CONTACT_ACQUIRE,0.05,0.0,0.0,0,0.003349022663052022,7.875723926875556e-05,0.0034703722190343707,-0.29998821686274973,-0.0006351686363263639
5.362,CONTACT_ACQUIRE,0.05,0.0,0.0,0,0.003350022663052022,8.221820560429897e-05,0.003451512872157819,-0.2999923677159417,-0.0006199963404096034
5.363,CONTACT_ACQUIRE,0.05,0.0,0.0,0,0.003351022663052022,8.566017031531615e-05,0.0034323694336607503,-0.2999965246477447,-0.0006034312891576212
5.364,CONTACT_ACQUIRE,0.05,0.0,0.0,0,0.003352022663052022,8.908285070448419e-05,0.003412944695371254,-0.3000006874957359,-0.0005854757463472765
5.365,CONTACT_ACQUIRE,0.05,0.0,0.0,0,0.0033530226630520223,9.248596687595036e-05,0.003393241468345035,-0.30000485608385674,-0.0005661330892791827
5.3660000000000005,CONTACT_ACQUIRE,0.05,0.0,0.0,0,0.0033540226630520225,9.586924175438998e-05,0.003373262582525822,-0.3000090302224462,-0.0005454077838370913
5.367,CONTACT_ACQUIRE,0.05,0.0,0.0,0,0.0033550226630520226,9.923240110372432e-05,0.0033530108864049573,-0.30001320970828416,-0.0005233053595647399
5.368,CONTACT_ACQUIRE,0.05,0.0,0.0,0,0.0033560226630520227,0.00010257517354549762,0.0033324892466802094,-0.30001739432464597,-0.0004998323847692268
5.369,CONTACT_ACQUIRE,0.05,0.0,0.0,0,0.003357022663052023,0.00010589729057691272,0.003311700547913845,-0.30002158384136657,-0.0004749964416598059
5.37,CONTACT_ACQUIRE,0.05,0.0,0.0,0,0.003358022663052023,0.0001091984865885242,0.0032906476921899922,-0.30002577801491487,-0.000448806101530831
5.371,CONTACT_ACQUIRE,0.05,0.0,0.0,0,0.003359022663052023,0.0001124784988815887,0.0032693335987713365,-0.30002997658847774,-0.0004212708999974068
5.372,CONTACT_ACQUIRE,0.05,0.0,0.0,0,0.0033600226630520233,0.00011573706768507153,0.0032477612037551803,-0.30003417929205345,-0.0003924013122921329
5.373,CONTACT_ACQUIRE,0.05,0.0,0.0,0,0.0033610226630520234,0.0001189739361723091,0.0032259334597289084,-0.30003838584255443,-0.00036220872863116824
5.3740000000000006,CONTACT_ACQUIRE,0.05,0.0,0.0,0,0.0033620226630520235,0.00012218885047732644,0.0032038533354248905,-0.30004259594391897,-0.0003307054296576637
5.375,CONTACT_ACQUIRE,0.05,0.0,0.0,0,0.0033630226630520237,0.00012538155971080948,0.003181523815374858,-0.30004680928723143,-0.00029790456197045263
5.376,CONTACT_ACQUIRE,0.05,0.0,0.0,0,0.003364022663052024,0.00012855181597573137,0.0031589478995637924,-0.30005102555085134,-0.00026382011374571804
5.377,CONTACT_ACQUIRE,0.05,0.0,0.0,0,0.003365022663052024,0.00013169937438263247,0.0031361286030833625,-0.30005524440055054,-0.00022846689045918694
5.378,CONTACT_ACQUIRE,0.05,0.0,0.0,0,0.003366022663052024,0.00013482399306455358,0.003113068955784939,-0.3000594654896583,-0.00019186049071624108
5.3790000000000004,CONTACT_ACQUIRE,0.05,0.0,0.0,0,0.003367022663052024,0.00013792543319162206,0.003089772001932233,-0.3000636884592142,-0.0001540172821971618
5.38,CONTACT_ACQUIRE,0.05,0.0,0.0,0,0.0033680226630520243,0.00014100345898529024,0.0030662407998535866,-0.30006791293812896,-0.00011495437772456667
5.381,CONTACT_ACQUIRE,0.05,0.0,0.0,0,0.0033690226630520245,0.00014405783773222607,0.0030424784215939515,-0.3000721385433518,-7.468961145992649e-05
5.382,CONTACT_ACQUIRE,0.05,0.0,0.0,0,0.0033700226630520246,0.00014708833979785573,0.0030184879525665966,-0.30007636488004574,-3.3241515235891714e-05
5.383,CONTACT_ACQUIRE,0.05,0.0,0.0,0,0.0033710226630520247,0.00015009473863955756,0.0029942724912045723,-0.3000805915417691,9.37070496901109e-06
5.384,CONTACT_ACQUIRE,0.05,0.0,0.0,0,0.003372022663052025,0.00015307681081950755,0.0029698351486119757,-0.3000848181106639,5.312719240690999e-05
5.385,CONTACT_ACQUIRE,0.05,0.0,0.0,0,0.003373022663052025,0.00015603433601717596,0.0029451790482150435,-0.30008904415765064,9.800746278210875e-05
5.386,CONTACT_ACQUIRE,0.05,0.0,0.0,0,0.003374022663052025,0.0001589670970414749,0.0029203073254131127,-0.3000932692426292,0.00014399042731152065
5.3870000000000005,CONTACT_ACQUIRE,0.05,0.0,0.0,0,0.0033750226630520253,0.0001618748798425569,0.002895223127229485,-0.30009749291468557,0.00019105441561809825
5.388,CONTACT_ACQUIRE,0.05,0.0,0.0,0,0.0033760226630520254,0.00016475747352326432,0.0028699296119622255,-0.30010171471230446,0.00023917719845150385
5.389,CONTACT_ACQUIRE,0.05,0.0,0.0,0,0.0033770226630520255,0.00016761467035022938,0.0028444299488349354,-0.3001059341635873,0.00028833601023042077
5.39,CONTACT_ACQUIRE,0.05,0.0,0.0,0,0.0033780226630520257,0.00017044626576462522,0.002818727317647529,-0.30011015078647535,0.0003385075714010692
5.391,CONTACT_ACQUIRE,0.05,0.0,0.0,0,0.003379022663052026,0.00017325205839256752,0.0027928249084270547,-0.3001143640889783,0.0003896681106066405
5.392,CONTACT_ACQUIRE,0.05,0.0,0.0,0,0.003380022663052026,0.00017603185005516712,0.0027667259210785895,-0.3001185735694071,0.0004417933866625293
5.393,CONTACT_ACQUIRE,0.05,0.0,0.0,0,0.003381022663052026,0.00017878544577823354,0.0027404335650362452,-0.3001227787166118,0.0004948587103323879
5.394,CONTACT_ACQUIRE,0.05,0.0,0.0,0,0.003382022663052026,0.00018151265380162958,0.002713951058914319,-0.30012697901022384,0.0005488389659001902
5.3950000000000005,CONTACT_ACQUIRE,0.05,0.0,0.0,0,0.0033830226630520263,0.00018421328558827711,0.0026872816301586233,-0.30013117392090205,0.0006037086325336448
5.396,CONTACT_ACQUIRE,0.05,0.0,0.0,0,0.0033840226630520265,0.0001868871558328144,0.0026604285146980275,-0.3001353629105832,0.0006594418054344424
5.397,CONTACT_ACQUIRE,0.05,0.0,0.0,0,0.0033850226630520266,0.00018953408246990497,0.002633394956596248,-0.3001395454327358,0.0007160122167709826
5.398,CONTACT_ACQUIRE,0.05,0.0,0.0,0,0.0033860226630520267,0.00019215388668219856,0.0026061842077039175,-0.30014372093261804,0.0007733932563893758
5.399,CONTACT_ACQUIRE,0.05,0.0,0.0,0,0.003387022663052027,0.00019474639290794412,0.002578799527310972,-0.30014788884753835,0.0008315579922986528
5.4,CONTACT_ACQUIRE,0.05,0.0,0.0,0,0.003388022663052027,0.00019731142884825545,0.0025512441817993814,-0.3001520486071198,0.0008904791909262826
5.401,CONTACT_ACQUIRE,0.05,0.0,0.0,0,0.003389022663052027,0.00019984882547402982,0.002523521444296266,-0.30015619963356704,0.000950129337140225
5.402,CONTACT_ACQUIRE,0.05,0.0,0.0,0,0.0033900226630520273,0.0002023584170325198,0.002495634594327424,-0.3001603413419362,0.0010104806540339117
5.4030000000000005,CONTACT_ACQUIRE,0.05,0.0,0.0,0,0.0033910226630520274,0.0002048400410535589,0.0024675869174713115,-0.3001644731404072,0.001071505122470673
5.404,CONTACT_ACQUIRE,0.05,0.0,0.0,0,0.0033920226630520275,0.00020729353835544144,0.002439381705013497,-0.3001685944305585,0.0011331745003842887
5.405,CONTACT_ACQUIRE,0.05,0.0,0.0,0,0.0033930226630520277,0.00020971875305045705,0.0024110222536016367,-0.3001727046076442,0.0011954603418324748
5.406,CONTACT_ACQUIRE,0.05,0.0,0.0,0,0.003394022663052028,0.0002121155325500805,0.0023825118649009928,-0.30017680306087297,0.001258334015800259
5.407,CONTACT_ACQUIRE,0.05,0.0,0.0,0,0.003395022663052028,0.00021448372756981737,0.002353853845250529,-0.3001808891736885,0.001321766724750341
5.408,CONTACT_ACQUIRE,0.05,0.0,0.0,0,0.003396022663052028,0.00021682319213370588,0.0023250515053196215,-0.3001849623240524,0.0013857295229176697
5.409,CONTACT_ACQUIRE,0.05,0.0,0.0,0,0.003397022663052028,0.00021913378357847616,0.002296108159765412,-0.30018902188472757,0.001450193334345609
5.41,CONTACT_ACQUIRE,0.05,0.0,0.0,0,0.0033980226630520283,0.00022141536255736673,0.0022670271268908347,-0.3001930672235636,0.0015151289706611946
5.4110000000000005,CONTACT_ACQUIRE,0.05,0.0,0.0,0,0.0033990226630520285,0.0002236677930435998,0.0022378117283033527,-0.30019709770378294,0.001580507148587126
5.412,CONTACT_ACQUIRE,0.05,0.0,0.0,0,0.0034000226630520286,0.00022589094233351533,0.002208465288574433,-0.300201112684268,0.0016462985071882636
5.413,CONTACT_ACQUIRE,0.05,0.0,0.0,0,0.0034010226630520287,0.0002280846810493652,0.0021789911348997944,-0.30020511151984913,0.001712473624850543
5.414,CONTACT_ACQUIRE,0.05,0.0,0.0,0,0.003402022663052029,0.0002302488831417679,0.0021493925967604522,-0.300209093561593,0.0017790030359903272
5.415,CONTACT_ACQUIRE,0.05,0.0,0.0,0,0.003403022663052029,0.00023238342589182456,0.002119673005584603,-0.30021305815709165,0.00184585724749238
5.416,CONTACT_ACQUIRE,0.05,0.0,0.0,0,0.003404022663052029,0.00023448818991289762,0.0020898356944103677,-0.3002170046507517,0.0019130067548747368
5.417,CONTACT_ACQUIRE,0.05,0.0,0.0,0,0.0034050226630520293,0.00023656305915205236,0.002059883997549435,-0.30022093238408354,0.001980422058178899
5.418,CONTACT_ACQUIRE,0.05,0.0,0.0,0,0.0034060226630520294,0.00023860792089116278,0.0020298212502516274,-0.3002248406959908,0.0020480736775838866
5.4190000000000005,CONTACT_ACQUIRE,0.05,0.0,0.0,0,0.0034070226630520295,0.00024062266574768234,0.0019996507883704227,-0.30022872892305924,0.002115932168742827
5.42,CONTACT_ACQUIRE,0.05,0.0,0.0,0,0.0034080226630520296,0.00024260718767508082,0.001969375948029466,-0.3002325963998455,0.002183968137840844
5.421,CONTACT_ACQUIRE,0.05,0.0,0.0,0,0.0034090226630520298,0.00024456138396294815,0.0019390000652900938,-0.3002364424591655,0.0022521522563731786
5.422,CONTACT_ACQUIRE,0.05,0.0,0.0,0,0.00341002266305203,0.00024648515523676627,0.0019085264758199082,-0.30024026643238166,0.002320455275642548
5.423,CONTACT_ACQUIRE,0.05,0.0,0.0,0,0.00341102266305203,0.0002483784054573502,0.0018779585145624245,-0.30024406764969014,0.0023888480409748883
5.424,CONTACT_ACQUIRE,0.05,0.0,0.0,0,0.00341202266305203,0.0002502410419199592,0.001847299515407826,-0.30024784544040645,0.0024573015056527374
5.425,CONTACT_ACQUIRE,0.05,0.0,0.0,0,0.0034130226630520303,0.0002520729752530793,0.0018165528108648528,-0.30025159913325034,0.0025257867445656365
5.426,CONTACT_ACQUIRE,0.05,0.0,0.0,0,0.0034140226630520304,0.0002538741194168782,0.0017857217317338552,-0.30025532805662947,0.002594274967577013
5.4270000000000005,CONTACT_ACQUIRE,0.05,0.0,0.0,0,0.0034150226630520306,0.0002556443917013341,0.0017548096067810392,-0.3002590315389216,0.0026627375326071516
5.428,CONTACT_ACQUIRE,0.05,0.0,0.0,0,0.0034160226630520307,0.0002573837127240389,0.001723819762413934,-0.3002627089087556,0.0027311459584319535
5.429,CONTACT_ACQUIRE,0.05,0.0,0.0,0,0.003417022663052031,0.00025909200642767804,0.001692755522358109,-0.3002663594952907,0.002799471937197283
5.43,CONTACT_ACQUIRE,0.05,0.0,0.0,0,0.003418022663052031,0.0002607692000771873,0.0016616202073351687,-0.30026998262849386,0.0028676873466488197
5.431,CONTACT_ACQUIRE,0.05,0.0,0.0,0,0.003419022663052031,0.0002624152242565884,0.0016304171347420549,-0.3002735776394159,0.0029357642620774374
5.432,CONTACT_ACQUIRE,0.05,0.0,0.0,0,0.0034200226630520312,0.0002640300128655046,0.0015991496183316808,-0.3002771438604651,0.003003674967980219
5.433,CONTACT_ACQUIRE,0.05,0.0,0.0,0,0.0034210226630520314,0.0002656135031153574,0.0015678209678949282,-0.3002806806256789,0.0030713919694373335
5.434,CONTACT_ACQUIRE,0.05,0.0,0.0,0,0.0034220226630520315,0.0002671656355252463,0.0015364344889440334,-0.3002841872709937,0.003138888003205091
5.4350000000000005,CONTACT_ACQUIRE,0.05,0.0,0.0,0,0.0034230226630520316,0.0002686863539175122,0.001504993482397388,-0.30028766313451216,0.003206136048525592
5.436,CONTACT_ACQUIRE,0.05,0.0,0.0,0,0.0034240226630520318,0.0002701756054129867,0.0014735012442657828,-0.3002911075567681,0.0032731093376534774
5.437,CONTACT_ACQUIRE,0.05,0.0,0.0,0,0.003425022663052032,0.00027163334042592835,0.0014419610653401234,-0.30029451988098893,0.0033397813661003887
5.438,CONTACT_ACQUIRE,0.05,0.0,0.0,0,0.003426022663052032,0.00027305951265864695,0.0014103762308806376,-0.3002978994533559,0.003406125902597827
5.439,CONTACT_ACQUIRE,0.05,0.0,0.0,0,0.003427022663052032,0.0002744540790958183,0.001378750020307609,-0.3003012456232609,0.003472116998779206
5.44,CONTACT_ACQUIRE,0.05,0.0,0.0,0,0.0034280226630520323,0.0002758169999984902,0.0013470857068936567,-0.3003045577435611,0.003537728998581967
5.441,CONTACT_ACQUIRE,0.05,0.0,0.0,0,0.0034290226630520324,0.0002771482388977817,0.001315386557457589,-0.3003078351708306,0.003602936547370714
5.442,CONTACT_ACQUIRE,0.05,0.0,0.0,0,0.0034300226630520326,0.0002784477625882768,0.001283655832059857,-0.30031107726560907,0.0036677146007824267
5.4430000000000005,CONTACT_ACQUIRE,0.05,0.0,0.0,0,0.0034310226630520327,0.00027971554112111427,0.0012518967836996331,-0.30031428339264726,0.003732038433294867
5.444,CONTACT_ACQUIRE,0.05,0.0,0.0,0,0.003432022663052033,0.0002809515477967761,0.0012201126580135384,-0.3003174529211495,0.0037958836465194013
5.445,CONTACT_ACQUIRE,0.05,0.0,0.0,0,0.003433022663052033,0.0002821557591575745,0.0011883066929760451,-0.30032058522501287,0.0038592261772195237
5.446,CONTACT_ACQUIRE,0.05,0.0,0.0,0,0.003434022663052033,0.00028332815497984104,0.001156482118601578,-0.30032367968306356,0.0039220423050564494
5.447,CONTACT_ACQUIRE,0.05,0.0,0.0,0,0.0034350226630520332,0.00028446871826581815,0.0011246421566483387,-0.300326735679289,0.003984308660063227
5.448,CONTACT_ACQUIRE,0.05,0.0,0.0,0,0.0034360226630520334,0.00028557743523525557,0.001092790020323879,-0.30032975260306743,0.004046002229848884
5.449,CONTACT_ACQUIRE,0.05,0.0,0.0,0,0.0034370226630520335,0.00028665429531671326,0.0010609289139924428,-0.3003327298493933,0.004107100366534208
5.45,CONTACT_ACQUIRE,0.05,0.0,0.0,0,0.0034380226630520336,0.00028769929113857254,0.0010290620328841044,-0.30033566681909957,0.004167580793420812
5.4510000000000005,CONTACT_ACQUIRE,0.05,0.0,0.0,0,0.0034390226630520338,0.0002887124185197572,0.0009971925628057252,-0.3003385629190762,0.00422742161139524
5.452,CONTACT_ACQUIRE,0.05,0.0,0.0,0,0.003440022663052034,0.0002896936764601665,0.0009653236798537505,-0.3003414175624847,0.004286601305069891
5.453,CONTACT_ACQUIRE,0.05,0.0,0.0,0,0.003441022663052034,0.000290643067130822,0.00093345855012887,-0.3003442301689695,0.0043450987486626435
5.454,CONTACT_ACQUIRE,0.05,0.0,0.0,0,0.003442022663052034,0.0002915605958637299,0.0009016003294525663,-0.3003470001648647,0.0044028932116171125
5.455,CONTACT_ACQUIRE,0.05,0.0,0.0,0,0.0034430226630520343,0.0002924462711414608,0.0008697521630855699,-0.30034972698339785,0.004459964363965526
5.456,CONTACT_ACQUIRE,0.05,0.0,0.0,0,0.0034440226630520344,0.00029330010458644923,0.0008379171854482467,-0.30035241006488894,0.004516292281436274
5.457,CONTACT_ACQUIRE,0.05,0.0,0.0,0,0.0034450226630520346,0.000294122110950014,0.0008060985198429368,-0.300355048856946,0.004571857450308265
5.458,CONTACT_ACQUIRE,0.05,0.0,0.0,0,0.0034460226630520347,0.0002949123081011023,0.0007742992781782681,-0.30035764281465666,0.00462664077201424
5.4590000000000005,CONTACT_ACQUIRE,0.05,0.0,0.0,0,0.003447022663052035,0.00029567071701475903,0.0007425225606954641,-0.3003601914007751,0.00468062356749528
5.46,CONTACT_ACQUIRE,0.05,0.0,0.0,0,0.003448022663052035,0.0002963973617603233,0.000710771455696669,-0.30036269408590544,0.004733787581308793
5.461,CONTACT_ACQUIRE,0.05,0.0,0.0,0,0.003449022663052035,0.0002970922694893544,0.0006790490392753082,-0.3003651503486809,0.004786114985492312
5.462,CONTACT_ACQUIRE,0.05,0.0,0.0,0,0.0034500226630520352,0.00029775547042328905,0.0006473583750485077,-0.30036755967593853,0.0048375883831854915
5.463,CONTACT_ACQUIRE,0.05,0.0,0.0,0,0.0034510226630520354,0.0002983869978408323,0.0006157025138915894,-0.3003699215628899,0.0048881908120127346
5.464,CONTACT_ACQUIRE,0.05,0.0,0.0,0,0.0034520226630520355,0.00029898688806508376,0.000584084493674665,-0.30037223551328734,0.004937905747228947
5.465,CONTACT_ACQUIRE,0.05,0.0,0.0,0,0.0034530226630520356,0.0002995551804504016,0.0005525073390013455,-0.30037450103958624,0.004986717104630911
5.466,CONTACT_ACQUIRE,0.05,0.0,0.0,0,0.0034540226630520358,0.0003000919173690063,0.0005209740609495883,-0.3003767176631027,0.005034609243236917
5.4670000000000005,CONTACT_ACQUIRE,0.05,0.0,0.0,0,0.003455022663052036,0.00030059714419732617,0.0004894876568146988,-0.3003788849141669,0.005081566967737187
5.468,CONTACT_ACQUIRE,0.05,0.0,0.0,0,0.003456022663052036,0.00030107090930208736,0.0004580511098545067,-0.30038100233227233,0.00512757553071783
5.469,CONTACT_ACQUIRE,0.05,0.0,0.0,0,0.003457022663052036,0.00030151326402614974,0.0004266673890367343,-0.3003830694662202,0.005172620634660943
5.47,CONTACT_ACQUIRE,0.05,0.0,0.0,0,0.0034580226630520363,0.00030192426267409137,0.0003953394487885766,-0.3003850858742598,0.005216688433723687
5.471,CONTACT_ACQUIRE,0.05,0.0,0.0,0,0.0034590226630520364,0.0003023039624975438,0.00036407022874850964,-0.30038705112422454,0.005259765535299012
5.472,CONTACT_ACQUIRE,0.05,0.0,0.0,0,0.0034600226630520366,0.0003026524236802801,0.0003328626535203459,-0.30038896479366284,0.005301839001360921
5.473,CONTACT_ACQUIRE,0.05,0.0,0.0,0,0.0034610226630520367,0.0003029697093230581,0.0003017196324295536,-0.30039082646996546,0.005342896349597042
5.474,CONTACT_ACQUIRE,0.05,0.0,0.0,0,0.003462022663052037,0.0003032558854282213,0.00027064405928185683,-0.30039263575048775,0.005382925554331448
5.4750000000000005,CONTACT_ACQUIRE,0.05,0.0,0.0,0,0.003463022663052037,0.00030351102088405947,0.0002396388121241344,-0.3003943922426677,0.00542191504724057
5.476,CONTACT_ACQUIRE,0.05,0.0,0.0,0,0.003464022663052037,0.0003037351874489309,0.00020870675300763283,-0.30039609556413926,0.005459853717865168
5.477,CONTACT_ACQUIRE,0.05,0.0,0.0,0,0.003465022663052037,0.0003039284597351496,0.00017785072775351022,-0.30039774534284164,0.005496730913921298
5.478,CONTACT_ACQUIRE,0.05,0.0,0.0,0,0.0034660226630520373,0.0003040909151926389,0.0001470735657207274,-0.3003993412171235,0.005532536441413291
5.479,CONTACT_ACQUIRE,0.05,0.0,0.0,0,0.0034670226630520375,0.000304222634092354,0.00011637807957630138,-0.300400882835843,0.005567260564551706
5.48,CONTACT_ACQUIRE,0.05,0.0,0.0,0,0.0034680226630520376,0.0003043236995094766,8.576706506793709e-05,-0.30040236985846347,0.005600894005479332
5.481,CONTACT_ACQUIRE,0.05,0.0,0.0,0,0.0034690226630520377,0.0003043941973063824,5.524330079905235e-05,-0.3004038019551443,0.005633427943808281
5.482,CONTACT_ACQUIRE,0.05,0.0,0.0,0,0.003470022663052038,0.00030443421611538554,2.480954800621097e-05,-0.30040517880682754,0.005664854015971215
5.4830000000000005,CONTACT_ACQUIRE,0.05,0.0,0.0,0,0.003471022663052038,0.00030444384732126155,-5.531449661021483e-06,-0.3004065001053198,0.0056951643143898605
5.484,CONTACT_ACQUIRE,0.05,0.0,0.0,0,0.003472022663052038,0.0003044231850435512,-3.5776966357784786e-05,-0.3004077655533699,0.005724351386463865
5.485,CONTACT_ACQUIRE,0.05,0.0,0.0,0,0.0034730226630520383,0.00030437232611864795,-6.592429425918016e-05,-0.30040897486474216,0.005752408233383153
5.486,CONTACT_ACQUIRE,0.05,0.0,0.0,0,0.0034740226630520384,0.0003042913700816714,-9.597074377306163e-05,-0.3004101277642847,0.0057793283087669125
5.487,CONTACT_ACQUIRE,0.05,0.0,0.0,0,0.0034750226630520385,0.0003041804191481292,-0.0001259136437503491,-0.3004112239879941,0.005805105517132371
5.488,CONTACT_ACQUIRE,0.05,0.0,0.0,0,0.0034760226630520387,0.00030403957819536987,-0.00015575034169285014,-0.30041226328307463,0.005829734212196531
5.489,CONTACT_ACQUIRE,0.05,0.0,0.0,0,0.003477022663052039,0.000303868954743829,-0.00018547820395857742,-0.30041324540799424,0.005853209195014031
5.49,CONTACT_ACQUIRE,0.05,0.0,0.0,0,0.003478022663052039,0.0003036686589380715,-0.00021509461596454948,-0.30041417013253513,0.005875525711954339
5.4910000000000005,CONTACT_ACQUIRE,0.05,0.0,0.0,0,0.003479022663052039,0.0003034388035276322,-0.00024459698238706235,-0.30041503723784063,0.0058966794525214606
5.492,CONTACT_ACQUIRE,0.05,0.0,0.0,0,0.003480022663052039,0.0003031795038476573,-0.00027398272735942,-0.30041584651645736,0.005916666547019367
5.493,CONTACT_ACQUIRE,0.05,0.0,0.0,0,0.0034810226630520393,0.00030289087779935013,-0.00030324929466711217,-0.30041659777237323,0.005935483564066362
5.494,CONTACT_ACQUIRE,0.05,0.0,0.0,0,0.0034820226630520395,0.00030257304583022177,-0.0003323941479404278,-0.3004172908210511,0.005953127507961589
5.495,CONTACT_ACQUIRE,0.05,0.0,0.0,0,0.0034830226630520396,0.0003022261309141515,-0.0003614147708444932,-0.3004179254894582,0.00596959581590691
5.496,CONTACT_ACQUIRE,0.05,0.0,0.0,0,0.0034840226630520397,0.0003018502585312577,-0.00039030866726672437,-0.3004185016160913,0.005984886355087369
5.497,CONTACT_ACQUIRE,0.05,0.0,0.0,0,0.00348502266305204,0.0003014455566475832,-0.00041907336150168195,-0.3004190190509973,0.005998997419613458
5.498,CONTACT_ACQUIRE,0.05,0.0,0.0,0,0.00348602266305204,0.0003010121556945965,-0.0004477063984333198,-0.30041947765579063,0.006011927727328421
5.4990000000000006,CONTACT_ACQUIRE,0.05,0.0,0.0,0,0.00348702266305204,0.0003005501885485127,-0.0004762053437146164,-0.3004198773036651,0.006023676416483797
5.5,CONTACT_ACQUIRE,0.05,0.0,0.0,0,0.0034880226630520403,0.00030005979050943534,-0.0005045677839445799,-0.3004202178794029,0.006034243042286449
5.501,CONTACT_ACQUIRE,0.05,0.0,0.0,0,0.0034890226630520404,0.0002995410992803233,-0.0005327913268426166,-0.3004204992793786,0.006043627573320269
5.502,CONTACT_ACQUIRE,0.05,0.0,0.0,0,0.0034900226630520405,0.00029899425494578407,-0.0005608736014202552,-0.30042072141155973,0.006051830387845783
5.503,CONTACT_ACQUIRE,0.05,0.0,0.0,0,0.0034910226630520407,0.00029841939995069714,-0.0005888122581502169,-0.30042088419550295,0.006058852269980843
5.5040000000000004,CONTACT_ACQUIRE,0.05,0.0,0.0,0,0.003492022663052041,0.0002978166790786691,-0.0006166049691328226,-0.30042098756234625,0.00606469440576567
5.505,CONTACT_ACQUIRE,0.05,0.0,0.0,0,0.003493022663052041,0.00029718623943032426,-0.0006442494282597306,-0.30042103145479754,0.006069358379115336
5.506,CONTACT_ACQUIRE,0.05,0.0,0.0,0,0.003494022663052041,0.0002965282304014322,-0.0006717433513749947,-0.30042101582711883,0.006072846167662974
5.507,CONTACT_ACQUIRE,0.05,0.0,0.0,0,0.003495022663052041,0.00029584280366087623,-0.0006990844764334371,-0.30042094064510716,0.006075160138496829
5.508,CONTACT_ACQUIRE,0.05,0.0,0.0,0,0.0034960226630520413,0.0002951301131284645,-0.0007262705636563273,-0.3004208058860711,0.006076303043794331
5.509,CONTACT_ACQUIRE,0.05,0.0,0.0,0,0.0034970226630520415,0.00029439031495258675,-0.0007532993956843611,-0.3004206115388039,0.0060762780163563495
5.51,CONTACT_ACQUIRE,0.05,0.0,0.0,0,0.0034980226630520416,0.0002936235674877196,-0.000780168777727931,-0.3004203576035526,0.006075088565044775
5.511,CONTACT_ACQUIRE,0.05,0.0,0.0,0,0.0034990226630520417,0.00029283003127178285,-0.0008068765377146852,-0.3004200440919839,0.006072738570126549
5.5120000000000005,CONTACT_ACQUIRE,0.05,0.0,0.0,0,0.003500022663052042,0.0002920098690033496,-0.0008334205264343638,-0.3004196710271458,0.006069232278527258
5.513,CONTACT_ACQUIRE,0.05,0.0,0.0,0,0.003501022663052042,0.00029116324551871277,-0.0008597986176809123,-0.30041923844342594,0.006064574298997397
5.514,CONTACT_ACQUIRE,0.05,0.0,0.0,0,0.003502022663052042,0.0002902903277688111,-0.0008860087083918609,-0.30041874638650673,0.0060587695971944
5.515,CONTACT_ACQUIRE,0.05,0.0,0.0,0,0.0035030226630520423,0.00028939128479601686,-0.0009120487187849689,-0.3004181949133162,0.006051823490683492
5.516,CONTACT_ACQUIRE,0.05,0.0,0.0,0,0.0035040226630520424,0.00028846628771078865,-0.0009379165924921269,-0.3004175840919762,0.006043741643860396
5.517,CONTACT_ACQUIRE,0.05,0.0,0.0,0,0.0035050226630520425,0.00028751550966819135,-0.0009636102966905125,-0.3004169140017466,0.006034530062798995
5.518,CONTACT_ACQUIRE,0.05,0.0,0.0,0,0.0035060226630520427,0.0002865391258442863,-0.000989127822230995,-0.3004161847329663,0.006024195090026894
5.519,CONTACT_ACQUIRE,0.05,0.0,0.0,0,0.003507022663052043,0.00028553731341239477,-0.0010144671837637852,-0.3004153963869913,0.006012743399231929
5.5200000000000005,CONTACT_ACQUIRE,0.05,0.0,0.0,0,0.003508022663052043,0.00028451025151923667,-0.0010396264198613266,-0.300414549076129,0.00600018198990256
5.521,CONTACT_ACQUIRE,0.05,0.0,0.0,0,0.003509022663052043,0.0002834581212609484,-0.001064603593138423,-0.3004136429235698,0.005986518181905157
5.522,CONTACT_ACQUIRE,0.05,0.0,0.0,0,0.003510022663052043,0.00028238110565898114,-0.001089396790369602,-0.3004126780633149,0.005971759610001054
5.523,CONTACT_ACQUIRE,0.05,0.0,0.0,0,0.0035110226630520433,0.000281279389635884,-0.0011140041226037085,-0.30041165464010167,0.005955914218306324
5.524,CONTACT_ACQUIRE,0.05,0.0,0.0,0,0.0035120226630520435,0.0002801531599909733,-0.0011384237252757257,-0.3004105728093257,0.005938990254697163
5.525,CONTACT_ACQUIRE,0.05,0.0,0.0,0,0.0035130226630520436,0.00027900260537589176,-0.0011626537583158255,-0.3004094327369599,0.005920996265163736
5.526,CONTACT_ACQUIRE,0.05,0.0,0.0,0,0.0035140226630520437,0.0002778279162700599,-0.0011866924062556392,-0.3004082345994706,0.005901941088115331
5.527,CONTACT_ACQUIRE,0.05,0.0,0.0,0,0.003515022663052044,0.0002766292849560227,-0.0012105378783317513,-0.3004069785837308,0.005881833848639641
5.5280000000000005,CONTACT_ACQUIRE,0.05,0.0,0.0,0,0.003516022663052044,0.000275406905494694,-0.0012341884085864151,-0.3004056648869309,0.00586068395271897
5.529,CONTACT_ACQUIRE,0.05,0.0,0.0,0,0.003517022663052044,0.00027416097370050154,-0.0012576422559654854,-0.3004042937164862,0.005838501081406144
5.53,CONTACT_ACQUIRE,0.05,0.0,0.0,0,0.0035180226630520442,0.00027289168711643573,-0.00128089770441357,-0.300402865289942,0.005815295184962823
5.531,CONTACT_ACQUIRE,0.05,0.0,0.0,0,0.0035190226630520444,0.00027159924498900437,-0.0013039530629663993,-0.3004013798348761,0.005791076476962972
5.532,CONTACT_ACQUIRE,0.05,0.0,0.0,0,0.0035200226630520445,0.00027028384824309655,-0.0013268066658404113,-0.30039983758879846,0.005765855428364177
5.533,CONTACT_ACQUIRE,0.05,0.0,0.0,0,0.0035210226630520446,0.0002689456994567582,-0.0013494568725195537,-0.3003982387990486,0.005739642761549421
5.534,CONTACT_ACQUIRE,0.05,0.0,0.0,0,0.0035220226630520448,0.0002675850028358826,-0.0013719020678393033,-0.3003965837226904,0.005712449444342009
5.535,CONTACT_ACQUIRE,0.05,0.0,0.0,0,0.003523022663052045,0.0002662019641888176,-0.001394140662067902,-0.3003948726264045,0.005684286683996195
5.5360000000000005,CONTACT_ACQUIRE,0.05,0.0,0.0,0,0.003524022663052045,0.00026479679090089374,-0.0014161710909848099,-0.30039310578637846,0.00565516592116611
5.537,CONTACT_ACQUIRE,0.05,0.0,0.0,0,0.003525022663052045,0.00026336969190887487,-0.001437991815956378,-0.3003912834881943,0.0056250988238555335
5.538,CONTACT_ACQUIRE,0.05,0.0,0.0,0,0.0035260226630520453,0.0002619208776753345,-0.0014596013240087402,-0.30038940602671454,0.005594097281351001
5.539,CONTACT_ACQUIRE,0.05,0.0,0.0,0,0.0035270226630520454,0.0002604505601629608,-0.0014809981278979263,-0.30038747370596497,0.00556217339814074
5.54,CONTACT_ACQUIRE,0.05,0.0,0.0,0,0.0035280226630520456,0.0002589589528087928,-0.0015021807661771982,-0.3003854868390164,0.005529339487821915
5.541,CONTACT_ACQUIRE,0.05,0.0,0.0,0,0.0035290226630520457,0.0002574462704983906,-0.001523147803261611,-0.3003834457478637,0.0054956080669985394
5.542,CONTACT_ACQUIRE,0.05,0.0,0.0,0,0.003530022663052046,0.0002559127295399426,-0.001543897829489801,-0.300381350763303,0.005460991849172484
5.543,CONTACT_ACQUIRE,0.05,0.0,0.0,0,0.003531022663052046,0.00025435854763831186,-0.0015644294611830048,-0.3003792022248072,0.00542550373862995
5.5440000000000005,CONTACT_ACQUIRE,0.05,0.0,0.0,0,0.003532022663052046,0.0002527839438690256,-0.0015847413407013083,-0.3003770004803991,0.005389156824325687
5.545,CONTACT_ACQUIRE,0.05,0.0,0.0,0,0.0035330226630520462,0.00025118913865220893,-0.001604832136497134,-0.30037474588652335,0.0053519643737672765
5.546,CONTACT_ACQUIRE,0.05,0.0,0.0,0,0.0035340226630520464,0.0002495743537264672,-0.0016247005431659655,-0.30037243880791603,0.005313939826901735
5.547,CONTACT_ACQUIRE,0.05,0.0,0.0,0,0.0035350226630520465,0.00024793981212271866,-0.0016443452814943157,-0.3003700796174731,0.0052750967900066555
5.548,CONTACT_ACQUIRE,0.05,0.0,0.0,0,0.0035360226630520466,0.00024628573813798054,-0.00166376509850494,-0.3003676686961167,0.0052354490295880764
5.549,CONTACT_ACQUIRE,0.05,0.0,0.0,0,0.0035370226630520468,0.0002446123573091114,-0.0016829587674993015,-0.3003652064326604,0.005195010466287243
5.55,CONTACT_ACQUIRE,0.05,0.0,0.0,0,0.003538022663052047,0.00024291989638651232,-0.00170192508809729,-0.30036269322367243,0.005153795168798383
5.551,CONTACT_ACQUIRE,0.05,0.0,0.0,0,0.003539022663052047,0.00024120858330778976,-0.0017206628862742014,-0.3003601294733379,0.005111817347799586
5.5520000000000005,CONTACT_ACQUIRE,0.05,0.0,0.0,0,0.003540022663052047,0.00023947864717138278,-0.0017391710143949803,-0.30035751559331936,0.005069091349898819
5.553,CONTACT_ACQUIRE,0.05,0.0,0.0,0,0.0035410226630520473,0.00023773031821015746,-0.001757448351245734,-0.300354852002616,0.0050256316515971435
5.554,CONTACT_ACQUIRE,0.05,0.0,0.0,0,0.0035420226630520474,0.00023596382776497105,-0.0017754938020625196,-0.300352139127422,0.004981452853271081
5.555,CONTACT_ACQUIRE,0.05,0.0,0.0,0,0.0035430226630520476,0.0002341794082582088,-0.001793306298557413,-0.3003493774009827,0.004936569673176089
5.556,CONTACT_ACQUIRE,0.05,0.0,0.0,0,0.0035440226630520477,0.00023237729316729608,-0.001810884798941864,-0.30034656726345116,0.004890996941473059
5.557,CONTACT_ACQUIRE,0.05,0.0,0.0,0,0.003545022663052048,0.00023055771699818833,-0.0018282282879473442,-0.30034370916174186,0.004844749594279742
5.558,CONTACT_ACQUIRE,0.05,0.0,0.0,0,0.003546022663052048,0.00022872091525884196,-0.0018453357768432946,-0.3003408035493848,0.004797842667748892
5.559,CONTACT_ACQUIRE,0.05,0.0,0.0,0,0.003547022663052048,0.00022686712443266847,-0.0018622063034523775,-0.3003378508863778,0.004750291292174992
5.5600000000000005,CONTACT_ACQUIRE,0.05,0.0,0.0,0,0.0035480226630520482,0.00022499658195197477,-0.0018788389321630432,-0.3003348516390382,0.004702110686131312
5.561,CONTACT_ACQUIRE,0.05,0.0,0.0,0,0.0035490226630520484,0.00022310952617139214,-0.0018952327539394154,-0.30033180627985356,0.004653316150639032
5.562,CONTACT_ACQUIRE,0.05,0.0,0.0,0,0.0035500226630520485,0.00022120619634129684,-0.0019113868863285034,-0.3003287152873316,0.00460392306337013
5.563,CONTACT_ACQUIRE,0.05,0.0,0.0,0,0.0035510226630520486,0.00021928683258122465,-0.0019273004734647508,-0.3003255791458496,0.004553946872885725
5.564,CONTACT_ACQUIRE,0.05,0.0,0.0,0,0.0035520226630520488,0.0002173516758532823,-0.0019429726860719255,-0.30032239834550256,0.0045034030929114845
5.565,CONTACT_ACQUIRE,0.05,0.0,0.0,0,0.003553022663052049,0.00021540096793555823,-0.0019584027214623622,-0.30031917338195135,0.004452307296651688
5.566,CONTACT_ACQUIRE,0.05,0.0,0.0,0,0.003554022663052049,0.0002134349513955357,-0.001973589803533562,-0.3003159047562699,0.00440067511114352
5.567,CONTACT_ACQUIRE,0.05,0.0,0.0,0,0.003555022663052049,0.00021145386956351018,-0.0019885331827621633,-0.30031259297479196,0.004348522211653109
5.5680000000000005,CONTACT_ACQUIRE,0.05,0.0,0.0,0,0.0035560226630520493,0.00020945796650601446,-0.0020032321361952853,-0.3003092385489573,0.004295864316114791
5.569,CONTACT_ACQUIRE,0.05,0.0,0.0,0,0.0035570226630520494,0.00020744748699925357,-0.002017685967439261,-0.3003058419951578,0.004242717179615073
5.57,CONTACT_ACQUIRE,0.05,0.0,0.0,0,0.0035580226630520496,0.00020542267650255225,-0.002031894006645763,-0.30030240383458273,0.004189096588922667
5.571,CONTACT_ACQUIRE,0.05,0.0,0.0,0,0.0035590226630520497,0.00020338378113181766,-0.0020458556104953353,-0.30029892459306406,0.004135018357066026
5.572,CONTACT_ACQUIRE,0.05,0.0,0.0,0,0.00356002266305205,0.00020133104763301986,-0.0020595701621783386,-0.3002954048009214,0.004080498317959686
5.573,CONTACT_ACQUIRE,0.05,0.0,0.0,0,0.00356102266305205,0.00019926472335569245,-0.0020730370713733207,-0.30029184499280653,0.0040255523210807505
5.574,CONTACT_ACQUIRE,0.05,0.0,0.0,0,0.00356202266305205,0.00019718505622645644,-0.0020862557742228212,-0.3002882457075484,0.003970196226196752
5.575,CONTACT_ACQUIRE,0.05,0.0,0.0,0,0.0035630226630520502,0.00019509229472256933,-0.002099225733306621,-0.3002846074879973,0.003914445898146173
5.5760000000000005,CONTACT_ACQUIRE,0.05,0.0,0.0,0,0.0035640226630520504,0.00019298668784550232,-0.0021119464376124475,-0.3002809308808692,0.0038583172016727904
5.577,CONTACT_ACQUIRE,0.05,0.0,0.0,0,0.0035650226630520505,0.00019086848509454802,-0.0021244174025041476,-0.3002772164365905,0.0038018259963150274
5.578,CONTACT_ACQUIRE,0.05,0.0,0.0,0,0.0035660226630520506,0.0001887379364404614,-0.002136638169687336,-0.30027346470914235,0.003744988131351442
5.579,CONTACT_ACQUIRE,0.05,0.0,0.0,0,0.0035670226630520508,0.00018659529229913616,-0.0021486083071725346,-0.3002696762559051,0.0036878194408034395
5.58,CONTACT_ACQUIRE,0.05,0.0,0.0,0,0.003568022663052051,0.00018444080350531932,-0.002160327409235812,-0.3002658516375034,0.003630335738496265
5.581,CONTACT_ACQUIRE,0.05,0.0,0.0,0,0.003569022663052051,0.0001822747212863664,-0.0021717950963769344,-0.3002619914176508,0.003572552813179329
5.582,CONTACT_ACQUIRE,0.05,0.0,0.0,0,0.003570022663052051,0.00018009729723603968,-0.0021830110152750402,-0.300258096162995,0.0035144864237068273
5.583,CONTACT_ACQUIRE,0.05,0.0,0.0,0,0.0035710226630520513,0.00017790878328835196,-0.0021939748387418533,-0.3002541664429634,0.0034561522942796073
5.5840000000000005,CONTACT_ACQUIRE,0.05,0.0,0.0,0,0.0035720226630520514,0.00017570943169145853,-0.0022046862656724424,-0.3002502028296089,0.0033975661097492404
5.585,CONTACT_ACQUIRE,0.05,0.0,0.0,0,0.0035730226630520515,0.00017349949498159927,-0.0022151450209935437,-0.30024620589745615,0.003338743510985145
5.586,CONTACT_ACQUIRE,0.05,0.0,0.0,0,0.0035740226630520517,0.000171279225957094,-0.0022253508556094553,-0.300242176223348,0.0032797000903056366
5.587,CONTACT_ACQUIRE,0.05,0.0,0.0,0,0.003575022663052052,0.00016904887765239286,-0.0022353035463455215,-0.3002381143862927,0.003220451386973722
5.588,CONTACT_ACQUIRE,0.05,0.0,0.0,0,0.003576022663052052,0.00016680870331218462,-0.0022450028958892142,-0.3002340209673118,0.003161012882758415
5.589,CONTACT_ACQUIRE,0.05,0.0,0.0,0,0.003577022663052052,0.00016455895636556493,-0.00225444873272883,-0.3002298965492877,0.0031013999975623317
5.59,CONTACT_ACQUIRE,0.05,0.0,0.0,0,0.003578022663052052,0.00016229989040026716,-0.002263640911089813,-0.30022574171681327,0.0030416280851162897
5.591,CONTACT_ACQUIRE,0.05,0.0,0.0,0,0.0035790226630520523,0.00016003175913695812,-0.00227257931086872,-0.30022155705604053,0.0029817124287415822
5.5920000000000005,CONTACT_ACQUIRE,0.05,0.0,0.0,0,0.0035800226630520525,0.00015775481640360086,-0.002281263837564838,-0.3002173431545313,0.002921668237180598
5.593,CONTACT_ACQUIRE,0.05,0.0,0.0,0,0.0035810226630520526,0.00015546931610988714,-0.0022896944222094745,-0.30021310060110784,0.0028615106404963914
5.594,CONTACT_ACQUIRE,0.05,0.0,0.0,0,0.0035820226630520527,0.00015317551222174177,-0.0022978710212929253,-0.3002088299857046,0.002801254686041811
5.595,CONTACT_ACQUIRE,0.05,0.0,0.0,0,0.003583022663052053,0.00015087365873590105,-0.0023057936166891455,-0.30020453189922053,0.0027409153344987096
5.596,CONTACT_ACQUIRE,0.05,0.0,0.0,0,0.003584022663052053,0.00014856400965456774,-0.0023134622155781314,-0.30020020693337257,0.0026805074559878074
5.597,CONTACT_ACQUIRE,0.05,0.0,0.0,0,0.003585022663052053,0.00014624681896014476,-0.002320876850366027,-0.3001958556805497,0.0026200458262496573
5.598,CONTACT_ACQUIRE,0.05,0.0,0.0,0,0.0035860226630520533,0.00014392234059004995,-0.002328037578602976,-0.3001914787336681,0.002559545122897205
5.599,CONTACT_ACQUIRE,0.05,0.0,0.0,0,0.0035870226630520534,0.0001415908284116141,-0.0023349444828987312,-0.3001870766860272,0.002499019921740349
5.6000000000000005,CONTACT_ACQUIRE,0.05,0.0,0.0,0,0.0035880226630520535,0.00013925253619706442,-0.002341597670836034,-0.3001826501311668,0.0024384846931829345
5.601,CONTACT_ACQUIRE,0.05,0.0,0.0,0,0.0035890226630520537,0.00013690771759859583,-0.002347997274881785,-0.30017819966272513,0.0023779537986925122
5.602,CONTACT_ACQUIRE,0.05,0.0,0.0,0,0.003590022663052054,0.0001345566261235321,-0.0023541434522960205,-0.30017372587429814,0.002317441487343236
5.603,CONTACT_ACQUIRE,0.05,0.0,0.0,0,0.003591022663052054,0.0001321995151095791,-0.002360036385038704,-0.30016922935929957,0.0022569618924321894
5.604,CONTACT_ACQUIRE,0.05,0.0,0.0,0,0.003592022663052054,0.00012983663770017246,-0.002365676279674359,-0.30016471071082257,0.0021965290281694264
5.605,CONTACT_ACQUIRE,0.05,0.0,0.0,0,0.003593022663052054,0.00012746824681992156,-0.002371063367274552,-0.3001601705215021,0.002136156786441987
5.606,CONTACT_ACQUIRE,0.05,0.0,0.0,0,0.0035940226630520543,0.0001250945951501521,-0.0023761979033182453,-0.30015560938337893,0.002075858933652094
5.607,CONTACT_ACQUIRE,0.05,0.0,0.0,0,0.0035950226630520545,0.00012271593510454942,-0.0023810801675900337,-0.3001510278877644,0.0020156491076297445
5.6080000000000005,CONTACT_ACQUIRE,0.05,0.0,0.0,0,0.0035960226630520546,0.00012033251880490468,-0.0023857104640762866,-0.3001464266251068,0.001955540814619848
5.609,CONTACT_ACQUIRE,0.05,0.0,0.0,0,0.0035970226630520547,0.00011794459805696579,-0.0023900891208592056,-0.30014180618485914,0.0018955474263440554
5.61,CONTACT_ACQUIRE,0.05,0.0,0.0,0,0.003598022663052055,0.0001155524243263955,-0.0023942164900088224,-0.30013716715534755,0.0018356821771373917
5.611,CONTACT_ACQUIRE,0.05,0.0,0.0,0,0.003599022663052055,0.00011315624871483836,-0.0023980929474729453,-0.30013251012364195,0.001775958161159772
5.612,CONTACT_ACQUIRE,0.05,0.0,0.0,0,0.003600022663052055,0.00011075632193609884,-0.0024017188929650814,-0.3001278356754274,0.0017163883296824622
5.613,CONTACT_ACQUIRE,0.05,0.0,0.0,0,0.0036010226630520553,0.00010835289429243253,-0.002405094749850343,-0.30012314439487725,0.0016569854884495167
5.614,CONTACT_ACQUIRE,0.05,0.0,0.0,0,0.0036020226630520554,0.00010594621565095237,-0.0024082209650293624,-0.3001184368645275,0.0015977622951141885
5.615,CONTACT_ACQUIRE,0.05,0.0,0.0,0,0.0036030226630520555,0.00010353653542015201,-0.0024110980088202292,-0.30011371366515255,0.0015387312567503042
5.6160000000000005,CONTACT_ACQUIRE,0.05,0.0,0.0,0,0.0036040226630520557,0.00010112410252654825,-0.0024137263748384694,-0.30010897537564285,0.001479904727438548
5.617,CONTACT_ACQUIRE,0.05,0.0,0.0,0,0.003605022663052056,9.870916539144433e-05,-0.002416106579875084,-0.30010422257288344,0.0014212949059275869
5.618,CONTACT_ACQUIRE,0.05,0.0,0.0,0,0.003606022663052056,9.629197190781634e-05,-0.002418239163772667,-0.30009945583163455,0.0013629138333699433
5.619,CONTACT_ACQUIRE,0.05,0.0,0.0,0,0.003607022663052056,9.387276941732427e-05,-0.0024201246892996153,-0.3000946757244134,0.001304773391132492
5.62,CONTACT_ACQUIRE,0.05,0.0,0.0,0,0.003608022663052056,9.145180468744996e-05,-0.00242176374202246,-0.3000898828213777,0.0012468852986814386
5.621,CONTACT_ACQUIRE,0.05,0.0,0.0,0,0.0036090226630520563,8.902932388876354e-05,-0.002423156930176323,-0.30008507769021087,0.0011892611115416139
5.622,CONTACT_ACQUIRE,0.05,0.0,0.0,0,0.0036100226630520565,8.660557257232038e-05,-0.002424304884533533,-0.3000802608960085,0.0011319122193298948
5.623,CONTACT_ACQUIRE,0.05,0.0,0.0,0,0.0036110226630520566,8.418079564719038e-05,-0.0024252082582704062,-0.30007543300116674,0.001074849843862532
5.6240000000000006,CONTACT_ACQUIRE,0.05,0.0,0.0,0,0.0036120226630520567,8.175523735812128e-05,-0.0024258677268322207,-0.30007059456527235,0.0010180850373361595
5.625,CONTACT_ACQUIRE,0.05,0.0,0.0,0,0.003613022663052057,7.932914126333802e-05,-0.0024262839877963976,-0.3000657461449942,0.0009616286805822191
5.626,CONTACT_ACQUIRE,0.05,0.0,0.0,0,0.003614022663052057,7.690275021247971e-05,-0.002426457760733912,-0.30006088829397665,0.0009054914813945289
5.627,CONTACT_ACQUIRE,0.05,0.0,0.0,0,0.003615022663052057,7.44763063246761e-05,-0.0024263897870689492,-0.3000560215627344,0.0008496839729296904
5.628,CONTACT_ACQUIRE,0.05,0.0,0.0,0,0.0036160226630520573,7.205005096676529e-05,-0.0024260808299368286,-0.30005114649854947,0.0007942165121800176
5.6290000000000004,CONTACT_ACQUIRE,0.05,0.0,0.0,0,0.0036170226630520574,6.962422473165434e-05,-0.002425531674040215,-0.3000462636453693,0.0007390992785186417
5.63,CONTACT_ACQUIRE,0.05,0.0,0.0,0,0.0036180226630520575,6.719906741682453e-05,-0.0024247431255036336,-0.3000413735437071,0.0006843422723164387
5.631,CONTACT_ACQUIRE,0.05,0.0,0.0,0,0.0036190226630520577,6.47748180029829e-05,-0.0024237160117263133,-0.3000364767305438,0.0006299553136303905
5.632,CONTACT_ACQUIRE,0.05,0.0,0.0,0,0.003620022663052058,6.235171463286185e-05,-0.0024224511812333733,-0.30003157373923167,0.0005759480409629865
5.633,CONTACT_ACQUIRE,0.05,0.0,0.0,0,0.003621022663052058,5.992999459016838e-05,-0.0024209495035253776,-0.3000266650993999,0.000522329910092243
5.634,CONTACT_ACQUIRE,0.05,0.0,0.0,0,0.003622022663052058,5.750989427868443e-05,-0.002419211868926272,-0.30002175133686176,0.00046911019297190523
5.635,CONTACT_ACQUIRE,0.05,0.0,0.0,0,0.003623022663052058,5.509164920152031e-05,-0.0024172391884297313,-0.30001683297352366,0.0004162979767013779
5.636,CONTACT_ACQUIRE,0.05,0.0,0.0,0,0.0036240226630520583,5.2675493940522394e-05,-0.002415032393543927,-0.3000119105272961,0.0003639021625649095
5.6370000000000005,CONTACT_ACQUIRE,0.05,0.0,0.0,0,0.0036250226630520585,5.026166213583688e-05,-0.002412592436134748,-0.30000698451200636,0.00031193146513954243
5.638,CONTACT_ACQUIRE,0.05,0.0,0.0,0,0.0036260226630520586,4.785038646563114e-05,-0.002409920288267481,-0.30000205543731306,0.0002603944114713213
5.639,CONTACT_ACQUIRE,0.05,0.0,0.0,0,0.0036270226630520587,4.544189862597408e-05,-0.002407016942046985,-0.2999971238086224,0.0002092993403192386
5.64,CONTACT_ACQUIRE,0.05,0.0,0.0,0,0.003628022663052059,4.303642931087713e-05,-0.002403883409456369,-0.2999921901270066,0.0001586544014663749
5.641,CONTACT_ACQUIRE,0.05,0.0,0.0,0,0.003629022663052059,4.0634208192497236e-05,-0.0024005207221942013,-0.2999872548891238,0.00010846755509768351
5.642,CONTACT_ACQUIRE,0.05,0.0,0.0,0,0.003630022663052059,3.8235463901503436e-05,-0.002396929931510267,-0.29998231858714003,5.874657124384669e-05
5.643,CONTACT_ACQUIRE,0.05,0.0,0.0,0,0.0036310226630520592,3.584042400760835e-05,-0.0023931121080398954,-0.299977381708653,9.499029290620019e-06
5.644,CONTACT_ACQUIRE,0.05,0.0,0.0,0,0.0036320226630520594,3.3449315000266036e-05,-0.0023890683416368805,-0.2999724447366179,-3.9267682446933995e-05
5.6450000000000005,CONTACT_ACQUIRE,0.05,0.05,0.15202600777747605,1,0.0036310226630520597,3.10818500051473e-05,-0.002334084640748024,-0.29996753607134086,-8.743085500086616e-05
5.646,CONTACT_ACQUIRE,0.05,0.05,0.2035464794596957,1,0.003629549058913012,2.87893082188604e-05,-0.0022470101204229947,-0.29996272949718966,-0.00013467981027966136
5.647,CONTACT_ACQUIRE,0.05,0.05,0.25277038515173345,1,0.00362803014276102,2.6595627748085933e-05,-0.0021365539499998655,-0.2999580598127213,-0.00018086499558270849
5.648,CONTACT_ACQUIRE,0.05,0.05,0.29940177927358597,1,0.00362646301477047,2.4523590853084533e-05,-0.002003937614897059,-0.2999535602702376,-0.0002258488758074455
5.649,CONTACT_ACQUIRE,0.05,0.05,0.34316679340188966,1,0.003624846080325356,2.2594691918997992e-05,-0.0018505135697065049,-0.29994926238314523,-0.0002695058345700398
5.65,CONTACT_ACQUIRE,0.05,0.05,0.38381604116943097,1,0.003623179005665348,2.0829012125412443e-05,-0.001677753786278252,-0.29994519574229,-0.00031172190152630976
5.651,CONTACT_ACQUIRE,0.05,0.05,0.4211257385307821,1,0.0036216917680819967,1.9245105973063135e-05,-0.001487237583351515,-0.29994138784864427,-0.00035239494408942465
5.652,CONTACT_ACQUIRE,0.05,0.05,0.4548978454629099,1,0.0036204111289566136,1.7859900186532103e-05,-0.0012806391253829574,-0.2999378639631294,-0.00039143449521185684
5.6530000000000005,CONTACT_ACQUIRE,0.05,0.05,0.48496032571176584,1,0.0036193514139337963,1.6688605056782607e-05,-0.0010597150228174386,-0.2999346469737037,-0.0004287606403315361
5.654,CONTACT_ACQUIRE,0.05,0.05,0.5111682366151087,1,0.0036185251224171845,1.574463836516385e-05,-0.0008262915166116589,-0.2999317572799538,-0.00046430361173999135
5.655,CONTACT_ACQUIRE,0.05,0.05,0.5334041494007193,1,0.0036179428710413158,1.5039562290770887e-05,-0.0005822513758687995,-0.29992921269580536,-0.0004980036434248394
5.656,CONTACT_ACQUIRE,0.05,0.05,0.5515783648784602,1,0.0036176133503563247,1.4583033483383125e-05,-0.00032952068499116966,-0.29992702837066304,-0.0005298107928899857
5.657,CONTACT_ACQUIRE,0.05,0.05,0.5656289536443007,1,0.003617543294747824,1.4382766367338038e-05,-7.00556085006769e-05,-0.2999252167291235,-0.000559684718642273
5.658,CONTACT_ACQUIRE,0.05,0.05,0.5755216238640287,1,0.003617737465531996,1.444450965738121e-05,0.00019417078417174676,-0.2999237874292856,-0.0005875944157005595
5.659,CONTACT_ACQUIRE,0.05,0.05,0.5812494206795737,1,0.0036181986470855436,1.4772035986155111e-05,0.0004611815535476381,-0.2999227473395684,-0.0006135179116673169
5.66,CONTACT_ACQUIRE,0.05,0.05,0.5828322622399047,1,0.003618927655792145,1.5367144463755554e-05,0.0007290087066013247,-0.29992210053383284,-0.0006374419260679752
5.6610000000000005,CONTACT_ACQUIRE,0.05,0.05,0.5803163182524859,1,0.003619923361511834,1.6229675913139423e-05,0.0009957057196888764,-0.2999218483044951,-0.0006593614958091512
5.662,CONTACT_ACQUIRE,0.05,0.05,0.5737732378022499,1,0.003621182721207735,1.735754045152661e-05,0.0012593596959011525,-0.29992198919321433,-0.0006792795697334983
5.663,CONTACT_ACQUIRE,0.05,0.05,0.5632992339733043,1,0.0036227008242961556,1.874675701769681e-05,0.0015181030884205457,-0.29992251903863626,-0.0006972065753561101
5.664,CONTACT_ACQUIRE,0.05,0.05,0.549014033548198,1,0.0036244709492215515,2.039150437860039e-05,0.001770124925395832,-0.29992343104057817,-0.0007131599609552159
5.665,CONTACT_ACQUIRE,0.05,0.05,0.5310597007287476,1,0.003626484630697657,2.2284183086319724e-05,0.002013681476105356,-0.2999247158399519,-0.0007271637162583682
5.666,CONTACT_ACQUIRE,0.05,0.05,0.509599344420083,1,0.0036287317370003814,2.441548779843753e-05,0.0022471063027242983,-0.29992636161363584,-0.0007392478750144899
5.667,CONTACT_ACQUIRE,0.05,0.05,0.48481571916796784,1,0.0036312005566471925,2.6774489321564267e-05,0.002468819646811219,-0.2999283541834302,-0.0007494480027722239
5.668,CONTACT_ACQUIRE,0.05,0.05,0.45690973029713333,1,0.0036338778937518505,2.9348725689388793e-05,0.0026773371046578892,-0.29993067713815846,-0.0007578046731961178
5.6690000000000005,CONTACT_ACQUIRE,0.05,0.05,0.4260988541985746,1,0.0036367491713027063,3.2124301543351235e-05,0.0028712775508555606,-0.2999333119679132,-0.0007643629362445482
5.67,CONTACT_ACQUIRE,0.05,0.05,0.3926154850251516,1,0.00363979854157751,3.508599504606494e-05,0.0030493702748035797,-0.2999362382093898,-0.0007691717815072588
5.671,CONTACT_ACQUIRE,0.05,0.05,0.35670521931784527,1,0.0036430090028778794,3.8217371525073066e-05,0.003210461300369371,-0.29993943360120034,-0.0007722835999562451
5.672,CONTACT_ACQUIRE,0.05,0.05,0.3186250902396343,1,0.0036463625217423596,4.1500903017515655e-05,0.003353518864480406,-0.29994287424801946,-0.0007737536473019748
5.673,CONTACT_ACQUIRE,0.05,0.05,0.2786417632045486,1,0.0036498401597784068,4.491809286486933e-05,0.003477638036047321,-0.29994653479238115,-0.0007736395120680491
5.674,CONTACT_ACQUIRE,0.05,0.05,0.23702970471128426,1,0.003653422204240652,4.844960449113601e-05,0.003582044462245222,-0.29995038859291795,-0.0007720005914020258
5.675,CONTACT_ACQUIRE,0.05,0.05,0.19406933613560842,1,0.0036570883014754446,5.2075393487693226e-05,0.0036660972347926676,-0.2999544079078185,-0.000768897577528921
5.676,CONTACT_ACQUIRE,0.05,0.05,0.15004518412703005,1,0.0036608175923498617,5.577484212343892e-05,0.003729290874417083,-0.2999585640822671,-0.0007643919576276931
5.6770000000000005,CONTACT_ACQUIRE,0.05,0.05,0.1052440390582499,1,0.0036645888487870227,5.952689539979384e-05,0.003771256437161186,-0.2999628277386287,-0.0007585455297706806
5.678,CONTACT_ACQUIRE,0.05,0.16999999999999998,0.05995313272365199,1,0.0036703601052241836,6.331019777646203e-05,0.0037917617515274785,-0.299967168968147,-0.0007514199374125067
5.679,CONTACT_ACQUIRE,0.05,0.16999999999999998,0.014417115548601006,1,0.003678131361661345,6.7103228312621e-05,0.003790704602409583,-0.2999715575209169,-0.0007430613599353213
5.68,CONTACT_ACQUIRE,0.05,0.0,0.0,0,0.0036839026180985057,7.08857169934961e-05,0.003773100889614423,-0.2999759648318228,-0.0007334463918815877
5.681,CONTACT_ACQUIRE,0.05,0.0,0.0,0,0.003687673874535667,7.464932458710082e-05,0.0037540617896899627,-0.2999803793338176,-0.0007224787626481482
5.682,CONTACT_ACQUIRE,0.05,0.0,0.0,0,0.003689445130972828,7.839373603752527e-05,0.003734709085574281,-0.29998480091928537,-0.0007100986727519936
5.683,CONTACT_ACQUIRE,0.05,0.0,0.0,0,0.003690445130972828,8.211863919123166e-05,0.0037150456822367174,-0.2999892294668198,-0.0006962812338247101
5.684,CONTACT_ACQUIRE,0.05,0.0,0.0,0,0.0036914451309728283,8.582372481057942e-05,0.003695074506442692,-0.2999936648409371,-0.0006810167694080358
5.6850000000000005,CONTACT_ACQUIRE,0.05,0.0,0.0,0,0.0036924451309728284,8.950868659544186e-05,0.0036747985063945725,-0.29999810689196976,-0.0006643033466620438
5.686,CONTACT_ACQUIRE,0.05,0.0,0.0,0,0.0036934451309728286,9.317322120446314e-05,0.003654220651371535,-0.3000025554560414,-0.000646141250403088
5.687,CONTACT_ACQUIRE,0.05,0.0,0.0,0,0.0036944451309728287,9.681702827595451e-05,0.003633343931368457,-0.3000070103550695,-0.0006265319849949119
5.688,CONTACT_ACQUIRE,0.05,0.0,0.0,0,0.003695445130972829,0.00010043981044842921,0.0036121713567338807,-0.30001147139678,-0.0006054782479911045
5.689,CONTACT_ACQUIRE,0.05,0.0,0.0,0,0.003696445130972829,0.00010404127338077462,0.0035907059578070845,-0.30001593837473384,-0.000582983903779486
5.69,CONTACT_ACQUIRE,0.05,0.0,0.0,0,0.003697445130972829,0.00010762112577206126,0.003568950784554305,-0.3000204110683645,-0.0005590539572383099
5.691,CONTACT_ACQUIRE,0.05,0.0,0.0,0,0.0036984451309728292,0.00011117907938098745,0.0035469089062041452,-0.30002488924302734,-0.0005336945274139935
5.692,CONTACT_ACQUIRE,0.05,0.0,0.0,0,0.0036994451309728294,0.00011471484904495912,0.0035245834108822067,-0.30002937265005913,-0.0005069128212299048
5.6930000000000005,CONTACT_ACQUIRE,0.05,0.0,0.0,0,0.0037004451309728295,0.00011822815269880378,0.0035019774052449898,-0.30003386102684915,-0.00047871710723556096
5.694,CONTACT_ACQUIRE,0.05,0.0,0.0,0,0.0037014451309728296,0.00012171871139311808,0.0034790940141130964,-0.3000383540969198,-0.0004491166894054077
5.695,CONTACT_ACQUIRE,0.05,0.0,0.0,0,0.0037024451309728298,0.00012518624931224826,0.0034559363801037724,-0.30004285157001814,-0.0004181218809961795
5.696,CONTACT_ACQUIRE,0.05,0.0,0.0,0,0.00370344513097283,0.00012863049379190276,0.003432507663262833,-0.30004735314221676,-0.00038574397847165306
5.697,CONTACT_ACQUIRE,0.05,0.0,0.0,0,0.00370444513097283,0.00013205117533639655,0.0034088110406960076,-0.30005185849602456,-0.0003519952355034347
5.698,CONTACT_ACQUIRE,0.05,0.0,0.0,0,0.00370544513097283,0.00013544802763552647,0.0033848497061997403,-0.300056367300507,-0.0003168888370562433
5.699,CONTACT_ACQUIRE,0.05,0.0,0.0,0,0.0037064451309728303,0.00013882078758107715,0.003360626869891487,-0.30006087921141533,-0.0002804388735659727
5.7,CONTACT_ACQUIRE,0.05,0.0,0.0,0,0.0037074451309728304,0.00014216919528295695,0.003336145757839549,-0.30006539387132475,-0.00024266031521864091
5.7010000000000005,CONTACT_ACQUIRE,0.05,0.0,0.0,0,0.0037084451309728306,0.00014549299408496357,0.0033114096116924744,-0.30006991090978113,-0.00020356898633815855
5.702,CONTACT_ACQUIRE,0.05,0.0,0.0,0,0.0037094451309728307,0.0001487919305801788,0.0032864216883080775,-0.30007442994345634,-0.00016318153989067002
5.703,CONTACT_ACQUIRE,0.05,0.0,0.0,0,0.003710445130972831,0.0001520657546259922,0.0032611852593820985,-0.30007895057631145,-0.00012151543211305109
5.704,CONTACT_ACQUIRE,0.05,0.0,0.0,0,0.003711445130972831,0.00015531421935875315,0.0032357036110765578,-0.300083472399768,-7.85888972729657e-05
5.705,CONTACT_ACQUIRE,0.05,0.0,0.0,0,0.003712445130972831,0.00015853708120805126,0.0032099800436478296,-0.30008799499288674,-3.442092256771601e-05
5.706,CONTACT_ACQUIRE,0.05,0.0,0.0,0,0.0037134451309728312,0.0001617340999106246,0.0031840178710744807,-0.3000925179225538,1.096877683105652e-05
5.707,CONTACT_ACQUIRE,0.05,0.0,0.0,0,0.0037144451309728314,0.00016490503852389582,0.00315782042068491,-0.3000970407436742,5.755978257993293e-05
5.708,CONTACT_ACQUIRE,0.05,0.0,0.0,0,0.0037154451309728315,0.0001680496634391356,0.0031313910327848246,-0.30010156299937196,0.00010533099780682737
5.7090000000000005,CONTACT_ACQUIRE,0.05,0.0,0.0,0,0.0037164451309728316,0.0001711677443942538,0.0031047330602845917,-0.3001060842211971,0.0001542606715881036
5.71,CONTACT_ACQUIRE,0.05,0.0,0.0,0,0.0037174451309728317,0.00017425905448621758,0.003077849868326504,-0.30011060392933886,0.00020432642325332497
5.711,CONTACT_ACQUIRE,0.05,0.0,0.0,0,0.003718445130972832,0.0001773233701830971,0.0030507448339119965,-0.3001151216328452,0.00025550526651143515
5.712,CONTACT_ACQUIRE,0.05,0.0,0.0,0,0.003719445130972832,0.00018036047133573814,0.0030234213455288465,-0.3001196368298484,0.0003077736333923354
5.713,CONTACT_ACQUIRE,0.05,0.0,0.0,0,0.003720445130972832,0.00018337014118906215,0.0029958828027784046,-0.3001241490077959,0.00036110739799799106
5.714,CONTACT_ACQUIRE,0.05,0.0,0.0,0,0.0037214451309728323,0.0001863521663929934,0.0029681326160028816,-0.3001286576436872,0.00041548190005737107
5.715,CONTACT_ACQUIRE,0.05,0.0,0.0,0,0.0037224451309728324,0.00018930633701301356,0.002940174205912737,-0.3001331622043155,0.0004708719682796834
5.716,CONTACT_ACQUIRE,0.05,0.0,0.0,0,0.0037234451309728325,0.0001922324465403436,0.0029120110032142023,-0.30013766214651477,0.0005272519435005413
5.7170000000000005,CONTACT_ACQUIRE,0.05,0.0,0.0,0,0.0037244451309728327,0.00019513029190175357,0.0028836464482369737,-0.30014215691741114,0.0005845957016158535
5.718,CONTACT_ACQUIRE,0.05,0.0,0.0,0,0.003725445130972833,0.00019799967346899986,0.0028550839905621176,-0.3001466459546792,0.0006428766762984014
5.719,CONTACT_ACQUIRE,0.05,0.0,0.0,0,0.003726445130972833,0.00020084039506789063,0.0028263270886502156,-0.3001511286868027,0.0007020678814922198
5.72,CONTACT_ACQUIRE,0.05,0.0,0.0,0,0.003727445130972833,0.0002036522639869796,0.002797379209469795,-0.300155604533339,0.0007621419336800665
5.721,CONTACT_ACQUIRE,0.05,0.0,0.0,0,0.003728445130972833,0.00020643509098588824,0.002768243828126071,-0.30016007290518765,0.0008230710739194207
5.722,CONTACT_ACQUIRE,0.05,0.0,0.0,0,0.0037294451309728333,0.00020918869030325706,0.002738924427490047,-0.30016453320486264,0.0008848271896426111
5.723,CONTACT_ACQUIRE,0.05,0.0,0.0,0,0.0037304451309728335,0.00021191287966432605,0.002709424497828,-0.3001689848267681,0.0009473818362168343
5.724,CONTACT_ACQUIRE,0.05,0.0,0.0,0,0.0037314451309728336,0.00021460748028814488,0.0026797475364313907,-0.30017342715747736,0.001010706258259972
5.7250000000000005,CONTACT_ACQUIRE,0.05,0.0,0.0,0,0.0037324451309728337,0.00021727231689441323,0.0026498970472472344,-0.3001778595760146,0.0010747714107082846
5.726,CONTACT_ACQUIRE,0.05,0.0,0.0,0,0.003733445130972834,0.0002199072177099518,0.0026198765405089646,-0.3001822814541401,0.0011395479796321997
5.727,CONTACT_ACQUIRE,0.05,0.0,0.0,0,0.003734445130972834,0.00022251201447480426,0.00258968953236783,-0.3001866921566374,0.0012050064027965693
5.728,CONTACT_ACQUIRE,0.05,0.0,0.0,0,0.003735445130972834,0.0002250865424479711,0.0025593395445248526,-0.30019109104160335,0.0012711168899619328
5.729,CONTACT_ACQUIRE,0.05,0.0,0.0,0,0.0037364451309728343,0.0002276306404127756,0.0025288301038633885,-0.30019547746074016,0.0013378494429234545
5.73,CONTACT_ACQUIRE,0.05,0.0,0.0,0,0.0037374451309728344,0.00023014415068186268,0.002498164742082322,-0.30019985075964967,0.0014051738752843665
5.731,CONTACT_ACQUIRE,0.05,0.0,0.0,0,0.0037384451309728345,0.0002326269191018313,0.0024673469953299296,-0.3002042102781292,0.0014730598319608898
5.732,CONTACT_ACQUIRE,0.05,0.0,0.0,0,0.0037394451309728347,0.00023507879505750115,0.002436380403838446,-0.3002085553504695,0.0015414768084157542
5.7330000000000005,CONTACT_ACQUIRE,0.05,0.0,0.0,0,0.003740445130972835,0.0002374996314758141,0.0024052685115593677,-0.3002128853057534,0.0016103941696175832
5.734,CONTACT_ACQUIRE,0.05,0.0,0.0,0,0.003741445130972835,0.00023988928482937148,0.0023740148657995295,-0.3002171994681568,0.0016797811687235475
5.735,CONTACT_ACQUIRE,0.05,0.0,0.0,0,0.003742445130972835,0.00024224761513960783,0.0023426230168579845,-0.30022149715724966,0.0017496069654828396
5.736,CONTACT_ACQUIRE,0.05,0.0,0.0,0,0.003743445130972835,0.00024457448597960184,0.002311096517663723,-0.30022577768829883,0.0018198406443586679
5.737,CONTACT_ACQUIRE,0.05,0.0,0.0,0,0.0037444451309728353,0.0002468697644765255,0.002279438923414264,-0.30023004037257084,0.0018904512323665752
5.738,CONTACT_ACQUIRE,0.05,0.0,0.0,0,0.0037454451309728355,0.00024913332131373247,0.0022476537912151516,-0.30023428451763584,0.001961407716627079
5.739,CONTACT_ACQUIRE,0.05,0.0,0.0,0,0.0037464451309728356,0.0002513650307324859,0.00221574467972039,-0.30023850942767166,0.0020326790616307148
5.74,CONTACT_ACQUIRE,0.05,0.0,0.0,0,0.0037474451309728357,0.0002535647705333279,0.00218371514877385,-0.3002427144037681,0.0021042342262137187
5.7410000000000005,CONTACT_ACQUIRE,0.05,0.0,0.0,0,0.003748445130972836,0.00025573242207709024,0.002151568759051677,-0.3002468987442313,0.002176042180242735
5.742,CONTACT_ACQUIRE,0.05,0.0,0.0,0,0.003749445130972836,0.0002578678702855484,0.0021193090717057375,-0.30025106174488814,0.0022480719210070284
5.743,CONTACT_ACQUIRE,0.05,0.0,0.0,0,0.003750445130972836,0.0002599710036417194,0.0020869396480081336,-0.30025520269939,0.0023202924893168473
5.744,CONTACT_ACQUIRE,0.05,0.0,0.0,0,0.0037514451309728363,0.00026204171418980486,0.0020544640489968172,-0.30025932089951657,0.0023926729853066854
5.745,CONTACT_ACQUIRE,0.05,0.0,0.0,0,0.0037524451309728364,0.0002640798975347799,0.0020218858351223356,-0.30026341563547876,0.0024651825839423296
5.746,CONTACT_ACQUIRE,0.05,0.0,0.0,0,0.0037534451309728365,0.0002660854528416298,0.0019892085658957423,-0.30026748619622085,0.0025377905502307024
5.747,CONTACT_ACQUIRE,0.05,0.0,0.0,0,0.0037544451309728367,0.00026805828283423493,0.001956435799537701,-0.30027153186972205,0.002610466254131634
5.748,CONTACT_ACQUIRE,0.05,0.0,0.0,0,0.003755445130972837,0.0002699982937939053,0.001923571092628818,-0.30027555194329675,0.0026831791851708096
5.7490000000000006,CONTACT_ACQUIRE,0.05,0.0,0.0,0,0.003756445130972837,0.0002719053955575664,0.0018906179997612298,-0.30027954570389365,0.0027558989667532696
5.75,CONTACT_ACQUIRE,0.05,0.0,0.0,0,0.003757445130972837,0.0002737795015155967,0.001857580073191479,-0.3002835124383937,0.002828595370176956
5.751,CONTACT_ACQUIRE,0.05,0.0,0.0,0,0.003758445130972837,0.0002756205286093196,0.0018244608624947095,-0.30028745143390645,0.002901238328345903
5.752,CONTACT_ACQUIRE,0.05,0.0,0.0,0,0.0037594451309728373,0.00027742839732814903,0.0017912639142202078,-0.300291361978065,0.0029737979491828025
5.753,CONTACT_ACQUIRE,0.05,0.0,0.0,0,0.0037604451309728375,0.0002792030317063925,0.0017579927715483256,-0.300295243359319,0.003046244528740775
5.7540000000000004,CONTACT_ACQUIRE,0.05,0.0,0.0,0,0.0037614451309728376,0.0002809443593197109,0.001724650973948809,-0.3002990948672259,0.003118548564014288
5.755,CONTACT_ACQUIRE,0.05,0.0,0.0,0,0.0037624451309728377,0.00028265231128123776,0.001691242056840566,-0.3003029157927403,0.0031906807654492808
5.756,CONTACT_ACQUIRE,0.05,0.0,0.0,0,0.003763445130972838,0.0002843268222373588,0.001657769551252901,-0.3003067054285013,0.0032626120691526548
5.757000000000001,CONTACT_ACQUIRE,0.05,0.0,0.0,0,0.003764445130972838,0.0002859678303631538,0.0016242369834882466,-0.30031046306911713,0.0033343136488013982
5.758,CONTACT_ACQUIRE,0.05,0.0,0.0,0,0.003765445130972838,0.0002875752773575015,0.0015906478747864182,-0.3003141880114482,0.0034057569272517192
5.759,CONTACT_ACQUIRE,0.05,0.0,0.0,0,0.0037664451309728383,0.0002891491084378498,0.0015570057409904255,-0.3003178795548872,0.003476913587848653
5.76,CONTACT_ACQUIRE,0.05,0.0,0.0,0,0.0037674451309728384,0.00029068927233465256,0.0015233140922138633,-0.3003215370016366,0.0035477555854367257
5.761,CONTACT_ACQUIRE,0.05,0.0,0.0,0,0.0037684451309728385,0.00029219572128547463,0.0014895764325099142,-0.300325159656984,0.0036182551570723455
5.7620000000000005,CONTACT_ACQUIRE,0.05,0.0,0.0,0,0.0037694451309728387,0.00029366841102876644,0.001455796259541989,-0.30032874682957394,0.003688384832438682
5.763,CONTACT_ACQUIRE,0.05,0.0,0.0,0,0.003770445130972839,0.00029510730079731036,0.0014219770642560313,-0.3003322978316778,0.003758117443963915
5.764,CONTACT_ACQUIRE,0.05,0.0,0.0,0,0.003771445130972839,0.0002965123533113401,0.001388122330554518,-0.30033581197945985,0.00382742613664379
5.765,CONTACT_ACQUIRE,0.05,0.0,0.0,0,0.003772445130972839,0.00029788353477133494,0.001354235534972178,-0.30033928859324066,0.0038962843775695484
5.766,CONTACT_ACQUIRE,0.05,0.0,0.0,0,0.003773445130972839,0.0002992208148504904,0.0013203201463534572,-0.3003427269977574,0.003964665965162344
5.767,CONTACT_ACQUIRE,0.05,0.0,0.0,0,0.0037744451309728393,0.0003005241666868678,0.0012863796255317597,-0.30034612652242065,0.0040325450381154156
5.768,CONTACT_ACQUIRE,0.05,0.0,0.0,0,0.0037754451309728394,0.0003017935668752232,0.001252417425010486,-0.3003494865015682,0.004099896084045264
5.769,CONTACT_ACQUIRE,0.05,0.0,0.0,0,0.0037764451309728396,0.00030302899545851895,0.0012184369886459002,-0.300352806274715,0.004166693947853297
5.7700000000000005,CONTACT_ACQUIRE,0.05,0.0,0.0,0,0.0037774451309728397,0.0003042304359191185,0.001184441751331846,-0.3003560851868002,0.004232913839799369
5.771,CONTACT_ACQUIRE,0.05,0.0,0.0,0,0.00377844513097284,0.0003053978751696675,0.001150435138686342,-0.30035932258842984,0.00429853134328879
5.772,CONTACT_ACQUIRE,0.05,0.0,0.0,0,0.00377944513097284,0.0003065313035436616,0.0011164205667400797,-0.3003625178361166,0.004363522422374444
5.773,CONTACT_ACQUIRE,0.05,0.0,0.0,0,0.00378044513097284,0.0003076307147857045,0.0010824014416268484,-0.30036567029251554,0.004427863428975739
5.774,CONTACT_ACQUIRE,0.05,0.0,0.0,0,0.0037814451309728402,0.0003086961060414571,0.001048381159275912,-0.3003687793266558,0.004491531109816134
5.775,CONTACT_ACQUIRE,0.05,0.0,0.0,0,0.0037824451309728404,0.00030972747784727963,0.0010143631051063645,-0.30037184431416875,0.004554502613081166
5.776,CONTACT_ACQUIRE,0.05,0.0,0.0,0,0.0037834451309728405,0.0003107248341195699,0.0009803506537234847,-0.30037486463751234,0.004616755494798849
5.777,CONTACT_ACQUIRE,0.05,0.0,0.0,0,0.0037844451309728406,0.0003116881821437984,0.0009463471686171174,-0.3003778396861908,0.004678267724944494
5.7780000000000005,CONTACT_ACQUIRE,0.05,0.0,0.0,0,0.0037854451309728408,0.00031261753256324253,0.0009123560018621019,-0.3003807688569711,0.004739017693271979
5.779,CONTACT_ACQUIRE,0.05,0.0,0.0,0,0.003786445130972841,0.00031351289936742326,0.0008783804938207732,-0.3003836515540947,0.004798984214873632
5.78,CONTACT_ACQUIRE,0.05,0.0,0.0,0,0.003787445130972841,0.0003143742998802444,0.000844423972847559,-0.30038648718948524,0.00485814653547092
5.781,CONTACT_ACQUIRE,0.05,0.0,0.0,0,0.003788445130972841,0.00031520175474783794,0.0008104897549956927,-0.3003892751829524,0.00491648433643818
5.782,CONTACT_ACQUIRE,0.05,0.0,0.0,0,0.0037894451309728413,0.00031599528792611704,0.000776581143726069,-0.3003920149623908,0.004973977739561753
5.783,CONTACT_ACQUIRE,0.05,0.0,0.0,0,0.0037904451309728414,0.00031675492666803916,0.0007427014296182605,-0.3003947059639754,0.005030607311536875
5.784,CONTACT_ACQUIRE,0.05,0.0,0.0,0,0.0037914451309728416,0.00031748070151058105,0.0007088538900837201,-0.3003973476323517,0.005086354068204746
5.785,CONTACT_ACQUIRE,0.05,0.0,0.0,0,0.0037924451309728417,0.0003181726462614282,0.0006750417890811892,-0.30039993942082227,0.00514119947853232
5.7860000000000005,CONTACT_ACQUIRE,0.05,0.0,0.0,0,0.003793445130972842,0.0003188307979853807,0.0006412683768343332,-0.30040248079152826,0.0051951254683373065
5.787,CONTACT_ACQUIRE,0.05,0.0,0.0,0,0.003794445130972842,0.0003194551969904781,0.0006075368895516267,-0.30040497121562687,0.0052481144237610045
5.788,CONTACT_ACQUIRE,0.05,0.0,0.0,0,0.003795445130972842,0.0003200458868138447,0.0005738505491485077,-0.30040741017346406,0.005300149194491618
5.789,CONTACT_ACQUIRE,0.05,0.0,0.0,0,0.0037964451309728422,0.00032060291420725907,0.0005402125629718221,-0.3004097971547427,0.00535121309674074
5.79,CONTACT_ACQUIRE,0.05,0.0,0.0,0,0.0037974451309728424,0.00032112632912244824,0.0005066261235265788,-0.30041213165868635,0.005401289915975747
5.791,CONTACT_ACQUIRE,0.05,0.0,0.0,0,0.0037984451309728425,0.00032161618469611034,0.0004730944082050341,-0.30041441319419826,0.005450363909410876
5.792,CONTACT_ACQUIRE,0.05,0.0,0.0,0,0.0037994451309728426,0.00032207253723466747,0.0004396205790181277,-0.3004166412800157,0.005498419808259852
5.793,CONTACT_ACQUIRE,0.05,0.0,0.0,0,0.0038004451309728428,0.0003224954461987509,0.0004062077823292865,-0.30041881544485993,0.005545442819752887
5.7940000000000005,CONTACT_ACQUIRE,0.05,0.0,0.0,0,0.003801445130972843,0.0003228849741874217,0.0003728591485906172,-0.30042093522758107,0.005591418628920987
5.795,CONTACT_ACQUIRE,0.05,0.0,0.0,0,0.003802445130972843,0.0003232411869221282,0.00033957779208150643,-0.30042300017729867,0.005636333400150511
5.796,CONTACT_ACQUIRE,0.05,0.0,0.0,0,0.003803445130972843,0.0003235641532304038,0.00030636681064964564,-0.30042500985353754,0.0056801737785109685
5.797,CONTACT_ACQUIRE,0.05,0.0,0.0,0,0.0038044451309728433,0.00032385394502930685,0.00027322928545450026,-0.3004269638263585,0.005722926890859058
5.798,CONTACT_ACQUIRE,0.05,0.0,0.0,0,0.0038054451309728434,0.00032411063730860494,0.00024016828071324006,-0.30042886167648475,0.005764580346722028
5.799,CONTACT_ACQUIRE,0.05,0.0,0.0,0,0.0038064451309728436,0.0003243343081137068,0.0002071868434491487,-0.3004307029954236,0.005805122238963403
5.8,CONTACT_ACQUIRE,0.05,0.0,0.0,0,0.0038074451309728437,0.0003245250385283437,0.00017428800324252976,-0.3004324873855831,0.00584454114423423
5.801,CONTACT_ACQUIRE,0.05,0.0,0.0,0,0.003808445130972844,0.0003246829126570027,0.00014147477198412584,-0.300434214460384,0.005882826123212954
5.8020000000000005,CONTACT_ACQUIRE,0.05,0.0,0.0,0,0.003809445130972844,0.00032480801760711525,0.00010875014363106775,-0.3004358838443673,0.005919966720637125
5.803,CONTACT_ACQUIRE,0.05,0.0,0.0,0,0.003810445130972844,0.0003249004434710022,7.611709396536987e-05,-0.30043749517329676,0.005955952965130088
5.804,CONTACT_ACQUIRE,0.05,0.0,0.0,0,0.0038114451309728442,0.0003249602833075792,4.357858035498797e-05,-0.30043904809425664,0.005990775368825918
5.805,CONTACT_ACQUIRE,0.05,0.0,0.0,0,0.0038124451309728444,0.0003249876331238244,1.1137541517454994e-05,-0.30044054226574474,0.006024424926795799
5.806,CONTACT_ACQUIRE,0.05,0.0,0.0,0,0.0038134451309728445,0.0003249825918560106,-2.120310271388966e-05,-0.3004419773577609,0.006056893116279159
5.807,CONTACT_ACQUIRE,0.05,0.0,0.0,0,0.0038144451309728446,0.0003249452613507055,-5.3440451621062186e-05,-0.30044335305189046,0.006088171895722781
5.808,CONTACT_ACQUIRE,0.05,0.0,0.0,0,0.0038154451309728448,0.0003248757463455417,-8.557162382997304e-05,-0.3004446690413833,0.006118253703631249
5.809,CONTACT_ACQUIRE,0.05,0.0,0.0,0,0.003816445130972845,0.0003247741544497598,-0.0001175937575363277,-0.30044592503122786,0.006147131457231993
5.8100000000000005,CONTACT_ACQUIRE,0.05,0.0,0.0,0,0.003817445130972845,0.00032464059612452654,-0.00014950401072887518,-0.3004471207382208,0.006174798550958299
5.811,CONTACT_ACQUIRE,0.05,0.0,0.0,0,0.003818445130972845,0.00032447518466303146,-0.00018129956140999057,-0.3004482558910316,0.006201248854753625
5.812,CONTACT_ACQUIRE,0.05,0.0,0.0,0,0.0038194451309728453,0.000324278036170364,-0.000212977607813578,-0.3004493302302628,0.006226476712200553
5.813,CONTACT_ACQUIRE,0.05,0.0,0.0,0,0.0038204451309728454,0.00032404926954317416,-0.0002445353686202806,-0.30045034350850564,0.006250476938477775
5.814,CONTACT_ACQUIRE,0.05,0.0,0.0,0,0.0038214451309728456,0.00032378900644911923,-0.00027597008316998474,-0.30045129549039057,0.006273244818148484
5.815,CONTACT_ACQUIRE,0.05,0.0,0.0,0,0.0038224451309728457,0.0003234973713060995,-0.0003072790116716055,-0.3004521859526339,0.006294776102783534
5.816,CONTACT_ACQUIRE,0.05,0.0,0.0,0,0.003823445130972846,0.00032317449126128536,-0.00033845943541014164,-0.3004530146840792,0.006315067008422811
5.817,CONTACT_ACQUIRE,0.05,0.0,0.0,0,0.003824445130972846,0.00032282049616993904,-0.00036950865695098726,-0.3004537814857346,0.006334114212878139
5.8180000000000005,CONTACT_ACQUIRE,0.05,0.0,0.0,0,0.003825445130972846,0.000322435518574033,-0.0004004240003414891,-0.3004544861708052,0.006351914852881225
5.819,CONTACT_ACQUIRE,0.05,0.0,0.0,0,0.003826445130972846,0.00032201969368066846,-0.0004312028113097377,-0.3004551285647214,0.00636846652107994
5.82,CONTACT_ACQUIRE,0.05,0.0,0.0,0,0.0038274451309728463,0.00032157315934029635,-0.0004618424574605813,-0.30045570850516223,0.0063837672628864325
5.821,CONTACT_ACQUIRE,0.05,0.0,0.0,0,0.0038284451309728465,0.0003210960560247438,-0.000492340328468852,-0.30045622584207476,0.006397815573180448
5.822,CONTACT_ACQUIRE,0.05,0.0,0.0,0,0.0038294451309728466,0.0003205885268050487,-0.0005226938362697932,-0.3004566804376888,0.006410610392871251
5.823,CONTACT_ACQUIRE,0.05,0.0,0.0,0,0.0038304451309728467,0.0003200507173291051,-0.0005529004152466788,-0.30045707216652723,0.006422151105321596
5.824,CONTACT_ACQUIRE,0.05,0.0,0.0,0,0.003831445130972847,0.0003194827757991226,-0.0005829575224156135,-0.300457400915412,0.006432437532637114
5.825,CONTACT_ACQUIRE,0.05,0.0,0.0,0,0.003832445130972847,0.00031888485294890244,-0.0006128626376075055,-0.3004576665834662,0.006441469931824543
5.8260000000000005,CONTACT_ACQUIRE,0.05,0.0,0.0,0,0.003833445130972847,0.00031825710202093284,-0.0006426132636472012,-0.30045786908211103,0.006449248990822197
5.827,CONTACT_ACQUIRE,0.05,0.0,0.0,0,0.0038344451309728473,0.00031759967874330647,-0.0006722069265297748,-0.3004580083350595,0.006455775824406036
5.828,CONTACT_ACQUIRE,0.05,0.0,0.0,0,0.0038354451309728474,0.00031691274130646357,-0.0007016411755939624,-0.30045808427830517,0.006461051969974776
5.829,CONTACT_ACQUIRE,0.05,0.0,0.0,0,0.0038364451309728475,0.00031619645033976253,-0.0007309135836927323,-0.3004580968601073,0.006465079383217346
5.83,CONTACT_ACQUIRE,0.05,0.0,0.0,0,0.0038374451309728477,0.0003154509688878817,-0.0007600217473609862,-0.30045804604097165,0.006467860433666137
5.831,CONTACT_ACQUIRE,0.05,0.0,0.0,0,0.003838445130972848,0.0003146764623870548,-0.0007889632869803792,-0.3004579317936269,0.0064693979001393155
5.832,CONTACT_ACQUIRE,0.05,0.0,0.0,0,0.003839445130972848,0.0003138730986411429,-0.0008177358469412553,-0.3004577541029978,0.006469694966075625
5.833,CONTACT_ACQUIRE,0.05,0.0,0.0,0,0.003840445130972848,0.00031304104779754594,-0.0008463370958016889,-0.3004575129661738,0.006468755214764955
5.8340000000000005,CONTACT_ACQUIRE,0.05,0.0,0.0,0,0.003841445130972848,0.0003121804823229568,-0.0008747647264436266,-0.3004572083923737,0.006466582624478033
5.835,CONTACT_ACQUIRE,0.05,0.0,0.0,0,0.0038424451309728483,0.00031129157697896054,-0.0009030164562261222,-0.300456840402907,0.006463181563498515
5.836,CONTACT_ACQUIRE,0.05,0.0,0.0,0,0.0038434451309728485,0.0003103745087974817,-0.0009310900271356594,-0.30045640903113063,0.006458556785060793
5.837,CONTACT_ACQUIRE,0.05,0.0,0.0,0,0.0038444451309728486,0.0003094294570560833,-0.0009589832059335561,-0.3004559143224026,0.006452713422196786
5.838,CONTACT_ACQUIRE,0.05,0.0,0.0,0,0.0038454451309728487,0.00030845660325311915,-0.0009866937843004443,-0.3004553563340316,0.006445656982494968
5.839,CONTACT_ACQUIRE,0.05,0.0,0.0,0,0.003846445130972849,0.0003074561310827437,-0.0010142195789778216,-0.3004547351352228,0.006437393342774889
5.84,CONTACT_ACQUIRE,0.05,0.0,0.0,0,0.003847445130972849,0.0003064282264097816,-0.0010415584319066677,-0.3004540508070204,0.00642792874368039
5.841,CONTACT_ACQUIRE,0.05,0.0,0.0,0,0.003848445130972849,0.0003053730772444601,-0.0010687082103631232,-0.3004533034422464,0.00641726978419475
5.8420000000000005,CONTACT_ACQUIRE,0.05,0.0,0.0,0,0.0038494451309728493,0.00030429087371700736,-0.0010956668070912247,-0.30045249314543565,0.006405423416080915
5.843,CONTACT_ACQUIRE,0.05,0.0,0.0,0,0.0038504451309728494,0.0003031818080521193,-0.001122432140432693,-0.3004516200327678,0.006392396938249987
5.844,CONTACT_ACQUIRE,0.05,0.0,0.0,0,0.0038514451309728495,0.0003020460745432984,-0.0011490021544537715,-0.3004506842319958,0.006378197991061136
5.845,CONTACT_ACQUIRE,0.05,0.0,0.0,0,0.0038524451309728497,0.0003008838695270667,-0.001175374819069109,-0.30044968588237064,0.006362834550556019
5.846,CONTACT_ACQUIRE,0.05,0.0,0.0,0,0.00385344513097285,0.0002996953913570571,-0.001201548130162688,-0.3004486251345635,0.006346314922630806
5.847,CONTACT_ACQUIRE,0.05,0.0,0.0,0,0.00385444513097285,0.00029848084037798443,-0.0012275201097057893,-0.30044750215058397,0.006328647737148942
5.848,CONTACT_ACQUIRE,0.05,0.0,0.0,0,0.00385544513097285,0.0002972404188995006,-0.0012532888058719989,-0.3004463171036955,0.006309841941997607
5.849,CONTACT_ACQUIRE,0.05,0.0,0.0,0,0.00385644513097285,0.0002959743311699359,-0.0012788522931492462,-0.3004450701783276,0.00628990679709097
5.8500000000000005,CONTACT_ACQUIRE,0.05,0.0,0.0,0,0.0038574451309728503,0.00029468278334993006,-0.0013042086724488788,-0.30044376156998504,0.00626885186832321
5.851,CONTACT_ACQUIRE,0.05,0.0,0.0,0,0.0038584451309728505,0.0002933659834859554,-0.0013293560712117677,-0.30044239148515395,0.006246687021474249
5.852,CONTACT_ACQUIRE,0.05,0.0,0.0,0,0.0038594451309728506,0.0002920241414837355,-0.0013542926435114446,-0.30044096014120514,0.006223422416071195
5.853,CONTACT_ACQUIRE,0.05,0.0,0.0,0,0.0038604451309728507,0.0002906574690815621,-0.0013790165701542678,-0.3004394677662943,0.006199068499208372
5.854,CONTACT_ACQUIRE,0.05,0.0,0.0,0,0.003861445130972851,0.0002892661798235137,-0.0014035260587766183,-0.3004379145992597,0.006173635999328836
5.855,CONTACT_ACQUIRE,0.05,0.0,0.0,0,0.003862445130972851,0.00028785048903257797,-0.0014278193439391242,-0.30043630088951684,0.006147135919970258
5.856,CONTACT_ACQUIRE,0.05,0.0,0.0,0,0.003863445130972851,0.00028641061378368167,-0.0014518946872179145,-0.3004346268969504,0.006119579533477963
5.857,CONTACT_ACQUIRE,0.05,0.0,0.0,0,0.0038644451309728513,0.0002849467728766308,-0.0014757503772929008,-0.30043289289180397,0.006090978374687974
5.8580000000000005,CONTACT_ACQUIRE,0.05,0.0,0.0,0,0.0038654451309728514,0.00028345918680896387,-0.0014993847300330896,-0.30043109915456667,0.006061344234582803
5.859,CONTACT_ACQUIRE,0.05,0.0,0.0,0,0.0038664451309728515,0.0002819480777487214,-0.0015227960885789247,-0.3004292459758575,0.006030689153922734
5.86,CONTACT_ACQUIRE,0.05,0.0,0.0,0,0.0038674451309728517,0.00028041366950713455,-0.0015459828234216603,-0.30042733365630747,0.0059990254168553175
5.861,CONTACT_ACQUIRE,0.05,0.0,0.0,0,0.003868445130972852,0.00027885618751123583,-0.001568943332479768,-0.30042536250643875,0.005966365544505754
5.862,CONTACT_ACQUIRE,0.05,0.0,0.0,0,0.003869445130972852,0.00027727585877639505,-0.0015916760411723778,-0.30042333284654216,0.00593272228855078
5.863,CONTACT_ACQUIRE,0.05,0.0,0.0,0,0.003870445130972852,0.00027567291187878296,-0.001614179402489755,-0.30042124500655193,0.005898108624778734
5.864,CONTACT_ACQUIRE,0.05,0.0,0.0,0,0.003871445130972852,0.0002740475769277663,-0.0016364518970608175,-0.3004190993259185,0.0058625377466383155
5.865,CONTACT_ACQUIRE,0.05,0.0,0.0,0,0.0038724451309728523,0.00027240008553823644,-0.0016584920332176928,-0.300416896153479,0.0058260230587786205
5.8660000000000005,CONTACT_ACQUIRE,0.05,0.0,0.0,0,0.0038734451309728525,0.0002707306708028754,-0.0016802983470573197,-0.30041463584732603,0.005788578170582978
5.867,CONTACT_ACQUIRE,0.05,0.0,0.0,0,0.0038744451309728526,0.0002690395672643611,-0.0017018694025000979,-0.30041231877467395,0.005750216889699024
5.868,CONTACT_ACQUIRE,0.05,0.0,0.0,0,0.0038754451309728527,0.0002673270108875161,-0.0017232037913455871,-0.3004099453117235,0.005710953215567495
5.869,CONTACT_ACQUIRE,0.05,0.0,0.0,0,0.003876445130972853,0.0002655932390314017,-0.0017443001333252617,-0.30040751584352454,0.00567080133295214
5.87,CONTACT_ACQUIRE,0.05,0.0,0.0,0,0.003877445130972853,0.000263838490421361,-0.0017651570761523232,-0.3004050307638369,0.005629775605473127
5.871,CONTACT_ACQUIRE,0.05,0.0,0.0,0,0.003878445130972853,0.0002620630051210132,-0.0017857732955685753,-0.30040249047498957,0.00558789056914627
5.872,CONTACT_ACQUIRE,0.05,0.0,0.0,0,0.0038794451309728533,0.00026026702450420304,-0.001806147495388366,-0.300399895387738,0.005545160925930409
5.873,CONTACT_ACQUIRE,0.05,0.0,0.0,0,0.0038804451309728534,0.0002584507912269074,-0.0018262784075396023,-0.30039724592112,0.005501601537285187
5.8740000000000006,CONTACT_ACQUIRE,0.05,0.0,0.0,0,0.0038814451309728535,0.0002566145491991026,-0.001846164792101841,-0.30039454250231,0.005457227417741463
5.875,CONTACT_ACQUIRE,0.05,0.0,0.0,0,0.0038824451309728536,0.00025475854355659465,-0.0018658054373414624,-0.30039178556647184,0.005412053728486566
5.876,CONTACT_ACQUIRE,0.05,0.0,0.0,0,0.0038834451309728538,0.00025288302063281634,-0.0018851991597439324,-0.3003889755566099,0.005366095770966536
5.877,CONTACT_ACQUIRE,0.05,0.0,0.0,0,0.003884445130972854,0.00025098822793059297,-0.0019043448040431579,-0.3003861129234194,0.005319368980507489
5.878,CONTACT_ACQUIRE,0.05,0.0,0.0,0,0.003885445130972854,0.0002490744140938806,-0.0019232412432479424,-0.30038319812513437,0.005271888919958179
5.8790000000000004,CONTACT_ACQUIRE,0.05,0.0,0.0,0,0.003886445130972854,0.0002471418288794792,-0.0019418873786655481,-0.3003802316273758,0.005223671273355809
5.88,CONTACT_ACQUIRE,0.05,0.0,0.0,0,0.0038874451309728543,0.00024519072312872335,-0.001960282139922372,-0.3003772139029973,0.005174731839617116
5.881,CONTACT_ACQUIRE,0.05,0.0,0.0,0,0.0038884451309728544,0.0002432213487391543,-0.0019784244849817417,-0.3003741454319304,0.005125086526256681
5.882000000000001,CONTACT_ACQUIRE,0.05,0.0,0.0,0,0.0038894451309728546,0.00024123395863617504,-0.001996313400158838,-0.30037102670102844,0.005074751343134419
5.883,CONTACT_ACQUIRE,0.05,0.0,0.0,0,0.0038904451309728547,0.00023922880674469237,-0.002013947900132753,-0.3003678582039096,0.005023742396234145
5.884,CONTACT_ACQUIRE,0.05,0.0,0.0,0,0.003891445130972855,0.0002372061479607481,-0.002031327027955692,-0.3003646404407989,0.004972075881475072
5.885,CONTACT_ACQUIRE,0.05,0.0,0.0,0,0.003892445130972855,0.00023516623812314247,-0.002048449855059325,-0.3003613739183696,0.004919768078558059
5.886,CONTACT_ACQUIRE,0.05,0.0,0.0,0,0.003893445130972855,0.00023310933398505276,-0.002065315481258297,-0.30035805914958325,0.004866835344848429
5.8870000000000005,CONTACT_ACQUIRE,0.05,0.0,0.0,0,0.0038944451309728552,0.00023103569318564974,-0.0020819230347509073,-0.30035469665352943,0.004813294109297042
5.888,CONTACT_ACQUIRE,0.05,0.0,0.0,0,0.0038954451309728554,0.00022894557422171478,-0.002098271672116963,-0.3003512869552647,0.004759160866401402
5.889,CONTACT_ACQUIRE,0.05,0.0,0.0,0,0.0038964451309728555,0.0002268392364192607,-0.00211436057831282,-0.30034783058565073,0.004704452170208426
5.89,CONTACT_ACQUIRE,0.05,0.0,0.0,0,0.0038974451309728556,0.00022471693990515872,-0.0021301889666636184,-0.30034432808119205,0.004649184628360522
5.891,CONTACT_ACQUIRE,0.05,0.0,0.0,0,0.0038984451309728558,0.0002225789455787749,-0.0021457560788527208,-0.3003407799838731,0.004593374896186563
5.892,CONTACT_ACQUIRE,0.05,0.0,0.0,0,0.003899445130972856,0.00022042551508361823,-0.0021610611849083665,-0.3003371868409951,0.004537039670839338
5.893,CONTACT_ACQUIRE,0.05,0.0,0.0,0,0.003900445130972856,0.00021825691077900365,-0.002176103583187548,-0.30033354920501204,0.0044801956854809725
5.894,CONTACT_ACQUIRE,0.05,0.0,0.0,0,0.003901445130972856,0.00021607339571173245,-0.0021908826003571246,-0.3003298676333669,0.004422859703517826
5.8950000000000005,CONTACT_ACQUIRE,0.05,0.0,0.0,0,0.0039024451309728563,0.00021387523358779305,-0.002205397591372177,-0.30032614268832697,0.004365048512886277
5.896,CONTACT_ACQUIRE,0.05,0.0,0.0,0,0.0039034451309728564,0.0002116626887440847,-0.002219647939451621,-0.3003223749368195,0.00430677892039084
5.897,CONTACT_ACQUIRE,0.05,0.0,0.0,0,0.0039044451309728566,0.00020943602612016708,-0.0022336330560510874,-0.30031856495026665,0.004248067746095959
5.898,CONTACT_ACQUIRE,0.05,0.0,0.0,0,0.0039054451309728567,0.00020719551123003812,-0.0022473523808330784,-0.3003147133044208,0.004188931817772808
5.899,CONTACT_ACQUIRE,0.05,0.0,0.0,0,0.003906445130972856,0.0002049414101339433,-0.0022608053816344136,-0.3003108205791992,0.004129387965402408
5.9,CONTACT_ACQUIRE,0.05,0.0,0.0,0,0.0039074451309728565,0.00020267398941021866,-0.00227399155443098,-0.30030688735851946,0.004069453015736296
5.901,CONTACT_ACQUIRE,0.05,0.0,0.0,0,0.003908445130972857,0.00020039351612717062,-0.0022869104232997903,-0.300302914230134,0.004009143786915981
5.902,CONTACT_ACQUIRE,0.05,0.0,0.0,0,0.003909445130972857,0.0001981002578149947,-0.002299561540378372,-0.3002989017854655,0.0039484770831523484
5.9030000000000005,CONTACT_ACQUIRE,0.05,0.0,0.0,0,0.003910445130972857,0.00019579448243773665,-0.0023119444858214896,-0.30029485061944194,0.0038874696894661853
5.904,CONTACT_ACQUIRE,0.05,0.0,0.0,0,0.003911445130972857,0.00019347645836529783,-0.0023240588677552187,-0.30029076133033217,0.0038261383664908956
5.905,CONTACT_ACQUIRE,0.05,0.0,0.0,0,0.003912445130972857,0.000191146454345488,-0.002335904322228385,-0.30028663451958143,0.0037644998453385146
5.906,CONTACT_ACQUIRE,0.05,0.0,0.0,0,0.003913445130972857,0.00018880473947612792,-0.0023474805131613766,-0.3002824707916473,0.0037025708225300194
5.907,CONTACT_ACQUIRE,0.05,0.0,0.0,0,0.0039144451309728575,0.00018645158317720452,-0.002358787132292349,-0.3002782707538361,0.0036403679549909616
5.908,CONTACT_ACQUIRE,0.05,0.0,0.0,0,0.003915445130972858,0.00018408725516308105,-0.002369823899120831,-0.3002740350161394,0.0035779078551133603
5.909,CONTACT_ACQUIRE,0.05,0.0,0.0,0,0.003916445130972858,0.00018171202541476504,-0.0023805905608487456,-0.3002697641910712,0.0035152070858847887
5.91,CONTACT_ACQUIRE,0.05,0.0,0.0,0,0.003917445130972858,0.00017932616415223642,-0.0023910868923188687,-0.30026545889350564,0.003452282156085546
5.9110000000000005,CONTACT_ACQUIRE,0.05,0.0,0.0,0,0.003918445130972858,0.0001769299418068385,-0.0024013126959507233,-0.3002611197405149,0.0033891495155547614
5.912,CONTACT_ACQUIRE,0.05,0.0,0.0,0,0.003919445130972858,0.0001745236289937344,-0.0024112678016739416,-0.30025674735120805,0.003325825550526243
5.913,CONTACT_ACQUIRE,0.05,0.0,0.0,0,0.003920445130972858,0.00017210749648443124,-0.0024209520668590943,-0.30025234234657033,0.0032623265790348585
5.914,CONTACT_ACQUIRE,0.05,0.0,0.0,0,0.003921445130972858,0.00016968181517937485,-0.002430365376246013,-0.3002479053493032,0.0031986688463942026
5.915,CONTACT_ACQUIRE,0.05,0.0,0.0,0,0.0039224451309728585,0.00016724685608061744,-0.0024395076418696135,-0.3002434369836649,0.0031348685207462316
5.916,CONTACT_ACQUIRE,0.05,0.0,0.0,0,0.003923445130972859,0.00016480289026456058,-0.0024483788029832404,-0.30023893787531214,0.0030709416886835882
5.917,CONTACT_ACQUIRE,0.05,0.0,0.0,0,0.003924445130972859,0.00016235018885477615,-0.0024569788259795424,-0.3002344086511421,0.0030069043509452146
5.918,CONTACT_ACQUIRE,0.05,0.0,0.0,0,0.003925445130972859,0.0001598890229949076,-0.002465307704308901,-0.3002298499391358,0.002942772418185889
5.9190000000000005,CONTACT_ACQUIRE,0.05,0.0,0.0,0,0.003926445130972859,0.00015741966382165404,-0.002473365458395423,-0.3002252623682019,0.0028785617068202473
5.92,CONTACT_ACQUIRE,0.05,0.0,0.0,0,0.003927445130972859,0.00015494238243783954,-0.002481152135550514,-0.30022064656802167,0.002814287934941849
5.921,CONTACT_ACQUIRE,0.05,0.0,0.0,0,0.003928445130972859,0.00015245744988557,-0.0024886678098840504,-0.30021600316889485,0.002749966718317766
5.922,CONTACT_ACQUIRE,0.05,0.0,0.0,0,0.0039294451309728595,0.00014996513711948016,-0.0024959125822131656,-0.30021133280158663,0.002685613566459193
5.923,CONTACT_ACQUIRE,0.05,0.0,0.0,0,0.00393044513097286,0.00014746571498007284,-0.0025028865799686666,-0.3002066360971754,0.0026212438787685147
5.924,CONTACT_ACQUIRE,0.05,0.0,0.0,0,0.00393144513097286,0.0001449594541671531,-0.0025095899570990966,-0.30020191368690186,0.0025568729407632407
5.925,CONTACT_ACQUIRE,0.05,0.0,0.0,0,0.00393244513097286,0.00014244662521335948,-0.002516022893972464,-0.30019716620201914,0.002492515920377177
5.926,CONTACT_ACQUIRE,0.05,0.0,0.0,0,0.00393344513097286,0.00013992749845779455,-0.00252218559727565,-0.3001923942736441,0.0024281878643391984
5.9270000000000005,CONTACT_ACQUIRE,0.05,0.0,0.0,0,0.00393444513097286,0.00013740234401975738,-0.002528078299911519,-0.30018759853260957,0.002363903694629915
5.928,CONTACT_ACQUIRE,0.05,0.0,0.0,0,0.00393544513097286,0.00013487143177257988,-0.0025337012608937382,-0.30018277960931833,0.002299678205016538
5.929,CONTACT_ACQUIRE,0.05,0.0,0.0,0,0.00393644513097286,0.00013233503131756958,-0.002539054765239338,-0.3001779381335979,0.0022355260576661816
5.93,CONTACT_ACQUIRE,0.05,0.0,0.0,0,0.0039374451309728605,0.0001297934119580609,-0.002544139123859017,-0.3001730747345567,0.0021714617798378336
5.931,CONTACT_ACQUIRE,0.05,0.0,0.0,0,0.003938445130972861,0.0001272468426735773,-0.002548954673445224,-0.3001681900404417,0.0021074997606531833
5.932,CONTACT_ACQUIRE,0.05,0.0,0.0,0,0.003939445130972861,0.0001246955920941063,-0.0025535017763580184,-0.3001632846784974,0.0020436542479464683
5.933,CONTACT_ACQUIRE,0.05,0.0,0.0,0,0.003940445130972861,0.00012213992847449006,-0.0025577808205087425,-0.3001583592748259,0.001979939345193481
5.934,CONTACT_ACQUIRE,0.05,0.0,0.0,0,0.003941445130972861,0.00011958011966893293,-0.002561792219241517,-0.3001534144542488,0.0019163690085198316
5.9350000000000005,CONTACT_ACQUIRE,0.05,0.0,0.0,0,0.003942445130972861,0.000117016433105629,-0.0025655364112125763,-0.30014845084017017,0.0018529570437885506
5.936,CONTACT_ACQUIRE,0.05,0.0,0.0,0,0.003943445130972861,0.00011444913576151114,-0.0025690138602674686,-0.30014346905444134,0.0017897171037670775
5.937,CONTACT_ACQUIRE,0.05,0.0,0.0,0,0.0039444451309728614,0.00011187849413712395,-0.002572225055316133,-0.3001384697172269,0.0017266626853736484
5.938,CONTACT_ACQUIRE,0.05,0.0,0.0,0,0.003945445130972862,0.00010930477423162275,-0.00257517051020588,-0.3001334534468725,0.0016638071270030919
5.939,CONTACT_ACQUIRE,0.05,0.0,0.0,0,0.003946445130972862,0.0001067282415179006,-0.0025778507635922853,-0.3001284208597738,0.0016011636059319828
5.94,CONTACT_ACQUIRE,0.05,0.0,0.0,0,0.003947445130972862,0.00010414916091784537,-0.002580266378808026,-0.3001233725702476,0.001538745135803103
5.941,CONTACT_ACQUIRE,0.05,0.0,0.0,0,0.003948445130972862,0.00010156779677772915,-0.002582417943729672,-0.3001183091904039,0.001476564564189116
5.942,CONTACT_ACQUIRE,0.05,0.0,0.0,0,0.003949445130972862,9.898441284373176e-05,-0.0025843060706424556,-0.30011323133002,0.001414634570235353
5.9430000000000005,CONTACT_ACQUIRE,0.05,0.0,0.0,0,0.003950445130972862,9.639927223760058e-05,-0.002585931396103036,-0.30010813959641636,0.0013529676623815555
5.944,CONTACT_ACQUIRE,0.05,0.0,0.0,0,0.003951445130972862,9.381263743244852e-05,-0.002587294580800281,-0.30010303459433363,0.0012915761761624288
5.945,CONTACT_ACQUIRE,0.05,0.0,0.0,0,0.0039524451309728625,9.122477022869226e-05,-0.0025883963094140887,-0.30009791692581195,0.0012304722720868065
5.946,CONTACT_ACQUIRE,0.05,0.0,0.0,0,0.003953445130972863,8.863593173013264e-05,-0.0025892372904722603,-0.30009278719007154,0.0011696679335952158
5.947,CONTACT_ACQUIRE,0.05,0.0,0.0,0,0.003954445130972863,8.60463823201791e-05,-0.0025898182562054542,-0.30008764598339527,0.001109174965095613
5.948,CONTACT_ACQUIRE,0.05,0.0,0.0,0,0.003955445130972863,8.345638163822014e-05,-0.0025901399624002385,-0.3000824938990128,0.0010490049900770222
5.949,CONTACT_ACQUIRE,0.05,0.0,0.0,0,0.003956445130972863,8.086618855614166e-05,-0.0025902031882502567,-0.3000773315269868,0.000989169449300801
5.95,CONTACT_ACQUIRE,0.05,0.0,0.0,0,0.003957445130972863,7.82760611549951e-05,-0.0025900087362055375,-0.30007215945410043,0.0009296795990692199
5.9510000000000005,CONTACT_ACQUIRE,0.05,0.0,0.0,0,0.003958445130972863,7.568625670181716e-05,-0.0025895574318199623,-0.30006697826374723,0.0008705465095710367
5.952,CONTACT_ACQUIRE,0.05,0.0,0.0,0,0.0039594451309728634,7.309703162660298e-05,-0.0025888501235969124,-0.3000617885358225,0.0008117810633037109
5.953,CONTACT_ACQUIRE,0.05,0.0,0.0,0,0.003960445130972864,7.050864149943454e-05,-0.002587887682833119,-0.30005659084661646,0.0007533939535718895
5.954,CONTACT_ACQUIRE,0.05,0.0,0.0,0,0.003961445130972864,6.792134100776615e-05,-0.002586671003460736,-0.30005138576870954,0.00069539568306177
5.955,CONTACT_ACQUIRE,0.05,0.0,0.0,0,0.003962445130972864,6.533538393386872e-05,-0.0025852010018876555,-0.30004617387086924,0.0006377965624909313
5.956,CONTACT_ACQUIRE,0.05,0.0,0.0,0,0.003963445130972864,6.275102313243458e-05,-0.002583478616836091,-0.3000409557179491,0.0005806067093331987
5.957,CONTACT_ACQUIRE,0.05,0.0,0.0,0,0.003964445130972864,6.0168510508344586e-05,-0.0025815048091794453,-0.30003573187078947,0.0005238360466180903
5.958,CONTACT_ACQUIRE,0.05,0.0,0.0,0,0.003965445130972864,5.758809699459921e-05,-0.0025792805617774876,-0.30003050288612015,0.0004674943018043742
5.9590000000000005,CONTACT_ACQUIRE,0.05,0.0,0.0,0,0.003966445130972864,5.5010032530415275e-05,-0.002576806879309862,-0.3000252693164651,0.00041159100572724474
5.96,CONTACT_ACQUIRE,0.05,0.0,0.0,0,0.0039674451309728645,5.243456603949e-05,-0.002574084788107946,-0.3000200317100488,0.00035613549161861153
5.961,CONTACT_ACQUIRE,0.05,0.0,0.0,0,0.003968445130972865,4.986194540843404e-05,-0.002571115335985083,-0.30001479061070485,0.0003011368941999715
5.962,CONTACT_ACQUIRE,0.05,0.0,0.0,0,0.003969445130972865,4.729241746537507e-05,-0.0025678995920652126,-0.3000095465577863,0.00024660414884732117
5.963,CONTACT_ACQUIRE,0.05,0.0,0.0,0,0.003970445130972865,4.47262279587335e-05,-0.002564438646609916,-0.3000043000860781,0.00019254599082754663
5.964,CONTACT_ACQUIRE,0.05,0.0,0.0,0,0.003971445130972865,4.216362153617201e-05,-0.0025607336108439023,-0.29999905172571134,0.00013897095460571404
5.965,CONTACT_ACQUIRE,0.05,0.0,0.0,0,0.003972445130972865,3.9604841723720294e-05,-0.0025567856167789593,-0.2999938020020797,8.588737322266406e-05
5.966,CONTACT_ACQUIRE,0.05,0.0,0.0,0,0.003973445130972865,3.705013090507664e-05,-0.0025525958170363842,-0.29998855143575753,3.330337774230064e-05
5.9670000000000005,CONTACT_ACQUIRE,0.05,0.0,0.0,0,0.003974445130972865,3.449973030108783e-05,-0.0025481653846679254,-0.2999833005424202,-1.877310323205227e-05
5.968,CONTACT_ACQUIRE,0.05,0.0,0.0,0,0.0039754451309728656,3.1953879949408834e-05,-0.0025434955129752506,-0.29997804983276627,-7.03343439728677e-05
5.969,CONTACT_ACQUIRE,0.05,0.05,0.15418911760379622,1,0.003974445130972865,2.9432379908134325e-05,-0.0024875574034055868,-0.2999728278398026,-0.0001212568884069424
5.97,CONTACT_ACQUIRE,0.05,0.05,0.20902317930567876,1,0.003972815600214394,2.6987452033064406e-05,-0.002398051256095604,-0.2999677097073735,-0.0001712243055523455
5.971,CONTACT_ACQUIRE,0.05,0.05,0.2614604745078173,1,0.003971139265570084,2.4644584115373383e-05,-0.0022836380455544844,-0.29996273246852345,-0.0002200780364411334
5.972,CONTACT_ACQUIRE,0.05,0.05,0.31118591262764084,1,0.003969412876021377,2.2428056460200104e-05,-0.002145595477248232,-0.2999579315429177,-0.000267672857257138
5.973,CONTACT_ACQUIRE,0.05,0.05,0.35790725691108205,1,0.003967634568387158,2.036080088220758e-05,-0.001985340947704317,-0.2999533405312373,-0.00031387623034206984
5.974,CONTACT_ACQUIRE,0.05,0.05,0.40135801729202925,1,0.003965830148830854,1.846426690401886e-05,-0.0018044195563043318,-0.2999489910192312,-0.0003585678604335507
5.9750000000000005,CONTACT_ACQUIRE,0.05,0.05,0.44129856480866886,1,0.00396422565752327,1.6758300411555666e-05,-0.001604491307583268,-0.29994491239893956,-0.0004016398732230819
5.976,CONTACT_ACQUIRE,0.05,0.05,0.47751631564898955,1,0.003962838339526955,1.526103530327608e-05,-0.0013873179963152283,-0.2999411317078971,-0.00044299653445008133
5.977,CONTACT_ACQUIRE,0.05,0.05,0.5098261655154657,1,0.003961683589399365,1.3988798221869994e-05,-0.0011547501275903042,-0.2999376734864845,-0.000482553151162594
5.978,CONTACT_ACQUIRE,0.05,0.05,0.538071639578808,1,0.003960774876031512,1.2956026578637441e-05,-0.0009087133678523129,-0.2999345596537641,-0.0005202357274415096
5.979,CONTACT_ACQUIRE,0.05,0.05,0.5621253285714378,1,0.003960123681332401,1.217520030115486e-05,-0.0006511946991108542,-0.29993180940246217,-0.0005559808298227871
5.98,CONTACT_ACQUIRE,0.05,0.05,0.5818891370254304,1,0.003959739452881024,1.165678749504992e-05,-0.0003842284513779096,-0.2999294391134208,-0.0005897354034114192
5.981,CONTACT_ACQUIRE,0.05,0.05,0.5972943456898308,1,0.003959629570579016,1.1409204097219994e-05,-0.00010988230200728957,-0.29992746228968403,-0.0006214565409451853
5.982,CONTACT_ACQUIRE,0.05,0.05,0.6083014912496444,1,0.003959799327249877,1.1438787509846672e-05,0.00016975667086117653,-0.29992588951025734,-0.0006511112072814192
5.9830000000000005,CONTACT_ACQUIRE,0.05,0.05,0.6149000675159689,1,0.003960251923045401,1.1749784118302436e-05,0.0004525957955239463,-0.2999247284034579,-0.0006786759219754134
5.984,CONTACT_ACQUIRE,0.05,0.05,0.6171080532625962,1,0.0039609884734372325,1.234435051200632e-05,0.0007365503918310558,-0.2999239836396534,-0.0007041364027944247
5.985,CONTACT_ACQUIRE,0.05,0.05,0.6149712728441232,1,0.00396200803049157,1.3222568145932105e-05,0.0010195570543369992,-0.29992365694307177,-0.0007274871731663471
5.986,CONTACT_ACQUIRE,0.05,0.05,0.608562596628444,1,0.003963307617048538,1.4382471102248533e-05,0.0012995865569682922,-0.2999237471222522,-0.0007487311366968809
5.987,CONTACT_ACQUIRE,0.05,0.05,0.5979809891217729,1,0.0039648822733549735,1.5820086536894262e-05,0.001574656306435454,-0.29992425011860013,-0.0007678791220034142
5.988,CONTACT_ACQUIRE,0.05,0.05,0.5833504134508746,1,0.003966725115630712,1.7529487325148755e-05,0.0018428422757391567,-0.2999251590724079,-0.000784949401207861
5.989,CONTACT_ACQUIRE,0.05,0.05,0.5648186015741038,1,0.003968827405984294,1.9502856353813982e-05,0.002102290353581411,-0.29992646440560716,-0.0007999671855044109
5.99,CONTACT_ACQUIRE,0.05,0.05,0.5425557002491946,1,0.003971178633034558,2.1730561845793462e-05,0.002351227050263702,-0.29992815392042776,-0.0008129641012716729
5.9910000000000005,CONTACT_ACQUIRE,0.05,0.05,0.5167528033582766,1,0.00397376660254026,2.420124304594e-05,0.0025879695057026597,-0.2999302129130566,-0.0008239776502321326
5.992,CONTACT_ACQUIRE,0.05,0.05,0.4876203816856933,1,0.00397657753729074,2.690190554529869e-05,0.002810934750479713,-0.29993262430131323,-0.0008330506571754032
5.993,CONTACT_ACQUIRE,0.05,0.05,0.45538662168286137,1,0.003979596185467072,2.9818025474518035e-05,0.0030186481763324587,-0.29993536876529037,-0.0008402307087556287
5.994,CONTACT_ACQUIRE,0.05,0.05,0.4202956850883492,1,0.003982805936645226,3.293366175642673e-05,0.003209751178153264,-0.2999384248998475,-0.0008455695868479179
5.995,CONTACT_ACQUIRE,0.05,0.05,0.3826059015540323,1,0.003986188944580574,3.62315755727236e-05,0.003383007935348923,-0.2999417693777918,-0.0008491226999041575
5.996,CONTACT_ACQUIRE,0.05,0.05,0.34258790660697086,1,0.00398972625588687,3.969335617051631e-05,0.0035373113062952023,-0.2999453771225374,-0.0008509485156854227
5.997,CONTACT_ACQUIRE,0.05,0.05,0.30052273740436286,1,0.003993397943702424,4.3299552111141805e-05,0.003671687815554015,-0.2999492214889956,-0.0008511079986669915
5.998,CONTACT_ACQUIRE,0.05,0.05,0.2566998987578832,1,0.0039971832454219,4.702980704634743e-05,0.003785301719476414,-0.29995327445142345,-0.0008496640553132537
5.9990000000000006,CONTACT_ACQUIRE,0.05,0.05,0.2114154118726172,1,0.004001060703563646,5.0862999095503014e-05,0.0038774581417455978,-0.2999575067969348,-0.0008466809903043373
6.0,CONTACT_ACQUIRE,0.05,0.05,0.16496985813027068,1,0.00400500830883994,5.4777382892014584e-05,0.003947605276293849,-0.29996188832336934,-0.0008422239766648279
6.001,CONTACT_ACQUIRE,0.05,0.05,0.1176664300349333,1,0.004009003644500759,5.875073336744905e-05,0.003995335660819152,-0.29996638804021125,-0.000836358542598481
6.002,CONTACT_ACQUIRE,0.05,0.16999999999999998,0.0698090012108119,1,0.004014998980161578,6.276049034794603e-05,0.004020386529785964,-0.29997097437125253,-0.0008291500776723181
6.003,CONTACT_ACQUIRE,0.05,0.16999999999999998,0.02165902095189029,1,0.004022994315822397,6.67839016571457e-05,0.004022633066766869,-0.2999756153556881,-0.0008206485004857634
6.0040000000000004,CONTACT_ACQUIRE,0.05,0.0,0.0,0,0.0040289896514832165,7.079852896525674e-05,0.004004884167439885,-0.29998027936926325,-0.0008108395597176831
6.005,CONTACT_ACQUIRE,0.05,0.0,0.0,0,0.004032984987144036,7.479355754040917e-05,0.003985117015110631,-0.29998495133279246,-0.0007996378343619787
6.006,CONTACT_ACQUIRE,0.05,0.0,0.0,0,0.0040349803228048545,7.876865156335113e-05,0.003965015568398122,-0.2999896311363527,-0.000786979577724307
6.007000000000001,CONTACT_ACQUIRE,0.05,0.0,0.0,0,0.004035980322804855,8.272347825980032e-05,0.003944582871436331,-0.29999431865580806,-0.0007728360054054772
6.008,CONTACT_ACQUIRE,0.05,0.0,0.0,0,0.004036980322804855,8.665770791134168e-05,0.003923821991762779,-0.2999990137524766,-0.0007571939825410172
6.009,CONTACT_ACQUIRE,0.05,0.0,0.0,0,0.004037980322804855,9.057101387864193e-05,0.003902736019940369,-0.3000037162729905,-0.0007400493690282796
6.01,CONTACT_ACQUIRE,0.05,0.0,0.0,0,0.004038980322804855,9.446307262428536e-05,0.0038813280691781366,-0.30000842604924716,-0.000721400626491207
6.011,CONTACT_ACQUIRE,0.05,0.0,0.0,0,0.004039980322804855,9.833356373523e-05,0.003859601274950917,-0.30001314289839415,-0.0007012475364866417
6.0120000000000005,CONTACT_ACQUIRE,0.05,0.0,0.0,0,0.004040980322804855,0.0001021821699448827,0.0038375587946180003,-0.3000178666228268,-0.0006795911727885861
6.013,CONTACT_ACQUIRE,0.05,0.0,0.0,0,0.0040419803228048555,0.0001060085771547926,0.0038152038070408,-0.3000225970101987,-0.0006564338736598311
6.014,CONTACT_ACQUIRE,0.05,0.0,0.0,0,0.004042980322804856,0.00010981247445596166,0.0037925395121995815,-0.3000273338334444,-0.0006317792141216222
6.015000000000001,CONTACT_ACQUIRE,0.05,0.0,0.0,0,0.004043980322804856,0.00011359355414977146,0.003769569130809289,-0.30003207685081457,-0.0006056319782318558
6.016,CONTACT_ACQUIRE,0.05,0.0,0.0,0,0.004044980322804856,0.0001173515117685255,0.003746295903934516,-0.3000368258059228,-0.0005779981313820977
6.017,CONTACT_ACQUIRE,0.05,0.0,0.0,0,0.004045980322804856,0.00012108604609560596,0.0037227230926036546,-0.3000415804278038,-0.0005488847926235362
6.018,CONTACT_ACQUIRE,0.05,0.0,0.0,0,0.004046980322804856,0.0001247968591852442,0.00369885397742227,-0.30004634043098366,-0.0005183002070317858
6.019,CONTACT_ACQUIRE,0.05,0.0,0.0,0,0.004047980322804856,0.00012848365638190446,0.0036746918581857368,-0.3000511055155601,-0.00048625371812027805
6.0200000000000005,CONTACT_ACQUIRE,0.05,0.0,0.0,0,0.004048980322804856,0.00013214614633927949,0.00365024005349118,-0.3000558753672943,-0.00045275574031177596
6.021,CONTACT_ACQUIRE,0.05,0.0,0.0,0,0.0040499803228048565,0.00013578404103889815,0.003625501900348764,-0.3000606496577131,-0.00041781773147737445
6.022,CONTACT_ACQUIRE,0.05,0.0,0.0,0,0.004050980322804857,0.0001393970558083438,0.003600480753792362,-0.3000654280442213,-0.000381452165552149
6.023,CONTACT_ACQUIRE,0.05,0.0,0.0,0,0.004051980322804857,0.00014298490933908304,0.0035751799864896573,-0.30007021017022373,-0.0003436725052364362
6.024,CONTACT_ACQUIRE,0.05,0.0,0.0,0,0.004052980322804857,0.00014654732370390447,0.0035496029883517076,-0.30007499566525747,-0.00030449317479153923
6.025,CONTACT_ACQUIRE,0.05,0.0,0.0,0,0.004053980322804857,0.00015008402437396653,0.00352375316614202,-0.3000797841451333,-0.000263929532938466
6.026,CONTACT_ACQUIRE,0.05,0.0,0.0,0,0.004054980322804857,0.00015359474023545432,0.0034976339430851707,-0.30008457521208626,-0.0002219978458681203
6.027,CONTACT_ACQUIRE,0.05,0.0,0.0,0,0.004055980322804857,0.00015707920360584485,0.003471248758475017,-0.30008936845493506,-0.00017871526037118446
6.0280000000000005,CONTACT_ACQUIRE,0.05,0.0,0.0,0,0.0040569803228048575,0.0001605371502497802,0.0034446010672825322,-0.30009416344925044,-0.0001340997770957436
6.029,CONTACT_ACQUIRE,0.05,0.0,0.0,0,0.004057980322804858,0.00016396831939454856,0.0034176943397633158,-0.30009895975753154,-8.81702239405202e-05
6.03,CONTACT_ACQUIRE,0.05,0.0,0.0,0,0.004058980322804858,0.0001673724537451722,0.003390532061064806,-0.3001037569293907,-4.094622959140204e-05
6.031,CONTACT_ACQUIRE,0.05,0.0,0.0,0,0.004059980322804858,0.00017074929949910319,0.003363117730833245,-0.30010855450174573,7.551802791234415e-06
6.032,CONTACT_ACQUIRE,0.05,0.0,0.0,0,0.004060980322804858,0.00017409860636052527,0.0033354548628204326,-0.3001133519990203,5.7302721727085974e-05
6.033,CONTACT_ACQUIRE,0.05,0.0,0.0,0,0.004061980322804858,0.00017742012755426285,0.0033075469844903037,-0.30011814893335115,0.00010828465340523222
6.034,CONTACT_ACQUIRE,0.05,0.0,0.0,0,0.004062980322804858,0.00018071361983929644,0.0032793976366253803,-0.3001229448048028,0.00016047502750123516
6.035,CONTACT_ACQUIRE,0.05,0.0,0.0,0,0.004063980322804858,0.0001839788435218843,0.003251010372933125,-0.30012773910158863,0.00021385060281525105
6.0360000000000005,CONTACT_ACQUIRE,0.05,0.0,0.0,0,0.0040649803228048585,0.00018721556246829055,0.003222388759652245,-0.3001325313002992,0.0002683874927245553
6.037,CONTACT_ACQUIRE,0.05,0.0,0.0,0,0.004065980322804859,0.00019042354411711964,0.0031935363751589806,-0.3001373208661362,0.00032406119044406097
6.038,CONTACT_ACQUIRE,0.05,0.0,0.0,0,0.004066980322804859,0.00019360255949125697,0.00316445680957342,-0.30014210725315293,0.00038084659408858465
6.039,CONTACT_ACQUIRE,0.05,0.0,0.0,0,0.004067980322804859,0.00019675238320941598,0.0031351536643658773,-0.3001468899045005,0.00043871803153079446
6.04,CONTACT_ACQUIRE,0.05,0.0,0.0,0,0.004068980322804859,0.00019987279349729153,0.0031056305519633746,-0.3001516682526796,0.0004976492850489464
6.041,CONTACT_ACQUIRE,0.05,0.0,0.0,0,0.004069980322804859,0.0002029635721983199,0.0030758910953562657,-0.3001564417197975,0.0005576136157586909
6.042,CONTACT_ACQUIRE,0.05,0.0,0.0,0,0.004070980322804859,0.00020602450478404564,0.0030459389277050415,-0.3001612097178305,0.0006185837878234043
6.043,CONTACT_ACQUIRE,0.05,0.0,0.0,0,0.0040719803228048594,0.00020905538036409502,0.0030157776919473534,-0.3001659716488909,0.0006805320924376728
6.0440000000000005,CONTACT_ACQUIRE,0.05,0.0,0.0,0,0.00407298032280486,0.00021205599169575698,0.0029854110404052953,-0.30017072690549884,0.0007434303715787251
6.045,CONTACT_ACQUIRE,0.05,0.0,0.0,0,0.00407398032280486,0.0002150261351931712,0.0029548426343929805,-0.3001754748708582,0.0008072500415207856
6.046,CONTACT_ACQUIRE,0.05,0.0,0.0,0,0.00407498032280486,0.0002179656109361241,0.002924076143824454,-0.30018021491913727,0.0008719621161074761
6.047,CONTACT_ACQUIRE,0.05,0.0,0.0,0,0.00407598032280486,0.00022087422267845288,0.0028931152468219755,-0.3001849464157527,0.0009375372297775821
6.048,CONTACT_ACQUIRE,0.05,0.0,0.0,0,0.00407698032280486,0.00022375177785605808,0.0028619636293247125,-0.30018966871765773,0.0010039456603396413
6.049,CONTACT_ACQUIRE,0.05,0.0,0.0,0,0.00407798032280486,0.00022659808759452492,0.00283062498469788,-0.3001943811736335,0.0010711573514910002
6.05,ABORT,0.0,0.0,0.0,0,0.00407798032280486,0.00022941296671635426,0.002799103013342366,-0.30019908312458393,0.0011391419350771331
