target_id,population_stratum,stiffness_n_per_m,damping_n_s_per_m,effective_mass_kg,actual_risk_class,actual_severity_ratio
broad_s10101_c00,broad,143.04717412532943,5.487171358586207,0.4470349158460922,CAUTION,1.2238706800189907
broad_s10101_c01,broad,467.98984003570746,0.3350074970440637,2.960576064923877,UNSAFE,1.5
broad_s10101_c02,broad,2174.705133112494,0.7119152397093353,0.27294955401425636,SAFE,0.07691561347306443
broad_s10101_c03,broad,1613.772112972282,36.05596719586448,0.13616019140412616,SAFE,0.10327769660097554
broad_s10101_c04,broad,190.28816951202137,14.253819009155576,5.210198024932059,CAUTION,1.2141216809406103
broad_s10101_c05,broad,311.4064594790586,19.452596436194813,1.3746225135015238,SAFE,0.5639398101563308
broad_s10101_c06,broad,1076.1448454170493,0.990967774049886,1.8617895537949811,SAFE,0.1650929380080883
broad_s10101_c07,broad,77.85651521868056,6.844592213363371,0.14664461322875882,UNSAFE,2.140690039857797
broad_s10101_c08,broad,378.1508039261755,47.80383686217052,0.28600766099017955,SAFE,0.4407412728884291
broad_s10101_c09,broad,108.21178069208071,1.9469798247472623,3.3910123805603383,UNSAFE,3.149434810789814
broad_s10101_c10,broad,610.3333759892284,2.796250791343636,1.0046765707517056,SAFE,0.2870130510163811
broad_s10101_c11,broad,891.6806954171403,1.2474765801684577,0.6408254698244494,SAFE,0.19127966966232854
broad_s10102_c00,broad,526.5981186727116,3.0006446279732644,4.533383260301722,UNSAFE,1.5
broad_s10102_c01,broad,2214.210337814499,14.225328397888926,0.37205747065773437,SAFE,0.07549132179058615
broad_s10102_c02,broad,597.9657194114006,10.027190023040754,0.8419095614578954,SAFE,0.2864050786452298
broad_s10102_c03,broad,119.93901388956003,37.53429327486309,0.2535996051500851,CAUTION,1.389558125939325
broad_s10102_c04,broad,148.781629011151,22.523837976474788,2.6835337320570107,CAUTION,1.215324780178594
broad_s10102_c05,broad,412.123395828697,0.8987676392805214,1.5244750014723483,SAFE,0.9450000000000001
broad_s10102_c06,broad,87.84548571942577,50.97446898972028,1.7220582909502338,UNSAFE,1.8919844131297208
broad_s10102_c07,broad,884.9288937754088,5.445268462572415,0.18266608116607658,SAFE,0.18904012397518377
broad_s10102_c08,broad,311.08758329195814,1.8579677333805806,0.6236130463485333,SAFE,0.5616298681607133
broad_s10102_c09,broad,192.85547333214586,0.4156727297468984,0.49409701792923416,SAFE,0.8854027685722181
broad_s10102_c10,broad,1269.491074545907,1.137337606654628,3.9111670321436893,SAFE,0.13482106871939972
broad_s10102_c11,broad,1417.513887114259,0.5770860097656743,0.1060234775349508,SAFE,0.11776929028131936
broad_s10103_c00,broad,780.0079972974688,47.73595439173119,4.147497890874971,SAFE,0.2302445565155498
broad_s10103_c01,broad,335.0935866328224,8.5001658268538,0.3039855182288784,SAFE,0.5033766590811173
broad_s10103_c02,broad,86.02898062052748,38.2332838266388,0.46108512564204823,UNSAFE,1.9362187782872557
broad_s10103_c03,broad,216.19624144095854,0.5278684765401742,2.8923568949662086,UNSAFE,2.029470508891388
broad_s10103_c04,broad,1121.5158460550233,1.8744823661039463,5.716951449726048,UNSAFE,1.466
broad_s10103_c05,broad,1954.8842709774704,4.275384267311715,1.455052795466505,SAFE,0.0870853204077986
broad_s10103_c06,broad,270.5183088227645,21.739057955374847,1.5513879472746868,SAFE,0.649091609938199
broad_s10103_c07,broad,541.2618023981498,14.846804451357588,0.18620779709888033,SAFE,0.30825276201315194
broad_s10103_c08,broad,110.1753934796282,0.3872202702609288,0.822631896878118,UNSAFE,2.0878207427843996
broad_s10103_c09,broad,178.91971418290927,1.3064764767441241,0.6107757221128473,SAFE,0.9892028922527188
broad_s10103_c10,broad,1625.5748273639233,1.0541281001461527,0.25168338513189614,SAFE,0.10276680423313275
broad_s10103_c11,broad,764.3389968151295,2.8688825667884688,0.10867546444264799,SAFE,0.21863605861092603
broad_s10104_c00,broad,521.7162437912152,0.917520367095913,0.31891014139115553,SAFE,0.3242504202042344
broad_s10104_c01,broad,184.8433611854238,6.3436721925264346,0.12338756148226224,SAFE,0.9048628603780109
broad_s10104_c02,broad,647.8737794989986,44.209469244872636,0.18197383596195757,SAFE,0.2572517548025324
broad_s10104_c03,broad,1325.448254453851,38.521914370645355,5.38091434374256,SAFE,0.13696787149270942
broad_s10104_c04,broad,161.19714185807092,3.258556414348325,0.6149037737619579,CAUTION,1.1228186256834667
broad_s10104_c05,broad,343.2823740904447,10.026351799964573,2.5979851527451694,SAFE,0.6047491783429905
broad_s10104_c06,broad,95.88678735051008,10.460068688001867,0.24849733749318345,UNSAFE,1.7381609215607916
broad_s10104_c07,broad,1621.9248760779337,0.5385441589659734,3.34428997585601,SAFE,0.1091006945973825
broad_s10104_c08,broad,1015.6043015811664,0.3052820892323566,1.1124521308499915,SAFE,0.16619054829372568
broad_s10104_c09,broad,261.36967231296643,17.593903534329616,0.4541648187211824,SAFE,0.6391621250587862
broad_s10104_c10,broad,132.81248655315085,2.4628687958152775,1.5873015872551561,UNSAFE,1.8189004258084907
broad_s10104_c11,broad,2095.0245532018384,1.163072834726511,1.0208750236813664,SAFE,0.08002562373579077
broad_s10105_c00,broad,377.69051354944156,6.767858217006179,0.16296913214402495,SAFE,0.443738516807962
broad_s10105_c01,broad,215.3438931340788,0.535861545000636,3.569564489831158,UNSAFE,2.437808807766995
broad_s10105_c02,broad,1312.6871991881944,0.4246202840404897,4.313119621637343,SAFE,0.13330476999565838
broad_s10105_c03,broad,1878.6836395018745,12.40454370570904,0.9934018562279763,SAFE,0.08958662720350073
broad_s10105_c04,broad,262.55790754420417,21.001906021574747,0.26008095083299626,SAFE,0.6347806022128908
broad_s10105_c05,broad,777.2122486130502,5.752982779513551,1.588892176843898,SAFE,0.22421142806248506
broad_s10105_c06,broad,615.7647300411745,47.66297779541474,0.12526074457781164,SAFE,0.27066614655815335
broad_s10105_c07,broad,119.0799324720331,1.179981644649565,0.663538818242628,UNSAFE,1.7160062963007225
broad_s10105_c08,broad,77.02945094565644,3.4179012376989486,1.2656764366507822,UNSAFE,3.018250333739335
broad_s10105_c09,broad,1746.4090858231493,0.9631597424676425,0.5249727043693266,SAFE,0.09575858062099697
broad_s10105_c10,broad,444.9453253193354,30.198947599402103,3.017730426539386,SAFE,0.41205317132396646
broad_s10105_c11,broad,157.29664850311676,2.6851702765208088,0.29258039765897476,CAUTION,1.098632641607237
broad_s10106_c00,broad,1665.394815334749,1.6122299541317398,1.140589181929902,SAFE,0.10242671056952142
broad_s10106_c01,broad,118.78556168015061,0.4868255783230247,2.255942929476358,UNSAFE,4.101284751780076
broad_s10106_c02,broad,234.46367132622697,4.129786381130447,0.32355435134912974,SAFE,0.7295540691073625
broad_s10106_c03,broad,357.31700367256474,52.15878990204751,5.041336803332858,SAFE,0.49339571995465664
broad_s10106_c04,broad,85.14580356938703,15.280410715875629,1.787469223819398,UNSAFE,2.082153802967699
broad_s10106_c05,broad,680.6153602885425,36.45132074476677,0.6345373385168341,SAFE,0.24496059373409282
broad_s10106_c06,broad,2395.3122251826203,1.0618728809167568,0.1435125538130335,SAFE,0.06966110053650995
broad_s10106_c07,broad,944.1945248260073,17.672009340517153,0.8368338218800221,SAFE,0.17905396311262975
broad_s10106_c08,broad,290.7458258591793,4.628158321125203,0.14004133411294847,SAFE,0.5773544853713334
broad_s10106_c09,broad,517.4171772353407,2.2065135052053795,3.2717343617664874,UNSAFE,1.5
broad_s10106_c10,broad,170.3489542984169,7.413539744149287,0.4200081874782148,CAUTION,1.0092720042391712
broad_s10106_c11,broad,1284.558076142304,0.44183051617400265,0.23051146672548337,SAFE,0.13048013494414198
broad_s10107_c00,broad,1181.444817614253,17.810150871358125,0.14709645087811035,SAFE,0.14115857870525847
broad_s10107_c01,broad,311.48405682973686,45.96167521160748,0.346847781882266,SAFE,0.535072864867306
broad_s10107_c02,broad,502.9454369703708,3.2284649283713533,4.916562912121364,UNSAFE,1.488
broad_s10107_c03,broad,90.90750239359284,15.29011602843378,1.9269805681003662,UNSAFE,1.9841969588723891
broad_s10107_c04,broad,215.3514517342702,0.7860569335774436,3.4692526057200332,UNSAFE,2.215764804184075
broad_s10107_c05,broad,405.2277987710781,0.30610500646113215,0.7622492909033021,SAFE,0.8320000000000001
broad_s10107_c06,broad,786.5891206985278,1.3881436437310914,0.11377901710652533,SAFE,0.21246160310086967
broad_s10107_c07,broad,739.967640934038,4.271711988613076,1.3874271175270823,SAFE,0.23653906213146897
broad_s10107_c08,broad,1482.30265365462,2.0207789696549527,0.39153651582123633,SAFE,0.11315633213754908
broad_s10107_c09,broad,135.5121447070222,0.6972759075514998,0.2747717022193724,CAUTION,1.2905416430391845
broad_s10107_c10,broad,1954.2905665216892,28.42403583879274,2.9211091256017427,SAFE,0.08796616486358527
broad_s10107_c11,broad,121.67944975563859,8.102860744891046,0.8207084977496728,CAUTION,1.5094725023395352
broad_s10108_c00,broad,181.03788500262553,24.999019235643523,0.2333238469212713,SAFE,0.9206176191344659
broad_s10108_c01,broad,365.0309362302584,44.19668707774811,0.1524606075220126,SAFE,0.4565823061124953
broad_s10108_c02,broad,958.0568421646575,0.3654523905048454,3.6460708071794414,CAUTION,1.342
broad_s10108_c03,broad,1890.3551800262687,0.6364574893525361,0.36385727894788217,SAFE,0.08854751801875219
broad_s10108_c04,broad,602.907679969324,2.035310667621882,0.133407020399715,SAFE,0.27761322905037394
broad_s10108_c05,broad,160.8945191757127,10.495522467503367,1.9451487668680254,CAUTION,1.270236175102799
broad_s10108_c06,broad,1803.975119313839,17.834749662667534,0.9358375664022689,SAFE,0.09325534738100615
broad_s10108_c07,broad,304.2642130744323,3.339295245829811,0.48010816110628085,SAFE,0.5681821045644055
broad_s10108_c08,broad,1187.2153141323627,1.0922174520567423,1.393273573954213,SAFE,0.14369210914174047
broad_s10108_c09,broad,549.1284720460291,4.31658247448394,0.7642520312844537,SAFE,0.3138854487771971
broad_s10108_c10,broad,102.2443689378588,7.405735518810811,2.9519979448725393,UNSAFE,2.2960345854258315
broad_s10108_c11,broad,94.20382205381976,1.3137254466842807,4.808173139363355,UNSAFE,4.985275611819718
broad_s10109_c00,broad,266.6970107584061,8.045951459088146,0.13350015521111142,SAFE,0.6265006590994615
broad_s10109_c01,broad,1716.9333110424066,21.271846588408938,1.174175641087436,SAFE,0.09827380954836469
broad_s10109_c02,broad,170.40174401436826,2.928271312100448,1.6023384509831051,CAUTION,1.3483734737846078
broad_s10109_c03,broad,2210.4126062063383,14.854869080646587,3.460588526019528,SAFE,0.07867911614180426
broad_s10109_c04,broad,82.07406146810493,33.310255936784614,0.27247108005668924,UNSAFE,2.0300805304184797
broad_s10109_c05,broad,200.7169460932341,4.41926704642394,2.83991047623719,UNSAFE,1.4000000000000001
broad_s10109_c06,broad,459.5785787358008,0.4778383177533909,0.9758130419685694,SAFE,0.38295630254083696
broad_s10109_c07,broad,963.0584013388149,2.147093184523784,4.954517514245073,UNSAFE,1.473
broad_s10109_c08,broad,113.46910218530581,0.40462379059615955,0.17082449606580644,CAUTION,1.5401264932607721
broad_s10109_c09,broad,1344.4728168918232,0.8607489775276114,0.46779985745311675,SAFE,0.12494449757090438
broad_s10109_c10,broad,752.6244201749233,39.77540749368028,0.6205669070790109,SAFE,0.22146101391655829
broad_s10109_c11,broad,422.5270100221662,1.3991326650094529,0.35252212843417613,SAFE,0.40142641077986346
broad_s10110_c00,broad,768.778371344094,2.791626482850132,1.4213540821434174,SAFE,0.22889008669875813
broad_s10110_c01,broad,127.31489394683962,57.020573884856226,0.4457344172523404,CAUTION,1.3082396814872246
broad_s10110_c02,broad,1929.4763614862775,0.5462744767491069,2.831683429368708,SAFE,0.09141665061729892
broad_s10110_c03,broad,1800.6215939087408,0.328441436337677,0.2886991902571636,SAFE,0.09288740403153568
broad_s10110_c04,broad,193.89106948097353,4.7258002655659554,0.8458960401954313,SAFE,0.9539110664423027
broad_s10110_c05,broad,407.7348916115385,23.403281577270135,5.839374551128342,SAFE,0.5309023887129913
broad_s10110_c06,broad,948.5200680715934,2.725267675427887,2.053112802909693,SAFE,0.18432306630206732
broad_s10110_c07,broad,315.50266590677796,14.584451494987869,3.6849427029788617,SAFE,0.6834019131958984
broad_s10110_c08,broad,142.48996629189685,9.69673464912667,0.11767103616000621,CAUTION,1.1696730022747186
broad_s10110_c09,broad,512.4323171230933,1.056471731176873,0.226793569515429,SAFE,0.328361483797073
broad_s10110_c10,broad,78.80296435378379,1.386637614286883,0.18941863762343086,UNSAFE,2.202625721903293
broad_s10110_c11,broad,1311.5586783367926,26.248089743751695,0.5556301748285432,SAFE,0.12767923926047525
broad_s10111_c00,broad,192.57195128828297,0.43710012120418046,2.788505529198213,UNSAFE,2.502393863091812
broad_s10111_c01,broad,156.23583649483527,11.275674447851731,0.6534305955795519,CAUTION,1.1048085429438876
broad_s10111_c02,broad,1297.7738022584174,55.92217072534603,3.032834873404001,SAFE,0.13218852209414383
broad_s10111_c03,broad,559.222513775575,23.268239975305043,0.12246873810148033,SAFE,0.29803282693577776
broad_s10111_c04,broad,1607.40760587122,9.315731309336728,0.26265315407115797,SAFE,0.10398825870237145
broad_s10111_c05,broad,132.3772763962307,2.578024622897354,1.2893701641654811,UNSAFE,1.733366189648442
broad_s10111_c06,broad,2464.077064056515,0.8407426011413742,0.5037403999301053,SAFE,0.06776790817850539
broad_s10111_c07,broad,253.5059736785649,5.553009630696079,5.4957074990465555,UNSAFE,1.5
broad_s10111_c08,broad,87.24084206674212,1.3515968800268845,0.18363530521099505,UNSAFE,1.9868681608894896
broad_s10111_c09,broad,325.218525403077,3.8646599573588927,1.8934030744850376,SAFE,0.742
broad_s10111_c10,broad,1005.5441798085609,0.54957836553736,0.9844461890376339,SAFE,0.16668509116693248
broad_s10111_c11,broad,758.3052891845175,26.102113891552914,0.38574643594983055,SAFE,0.22006466948660025
broad_s10112_c00,broad,110.9428519446346,0.8167876200658422,0.2275248696104431,CAUTION,1.5706363501500917
broad_s10112_c01,broad,607.2042923585925,19.59375738395877,0.3337603942147851,SAFE,0.2751735783572478
broad_s10112_c02,broad,151.16502150054993,6.48214733248975,0.12642389763034517,CAUTION,1.1053088411029723
broad_s10112_c03,broad,216.62488277693527,1.8258403246974946,4.910800971536619,UNSAFE,2.030311816280061
broad_s10112_c04,broad,1147.8035321887749,7.719442665641807,1.1140003804265566,SAFE,0.1475300699758056
broad_s10112_c05,broad,1579.9270676130504,1.423411563599991,1.0373175223960227,SAFE,0.1077717082729863
broad_s10112_c06,broad,80.90570967221548,29.51248891750097,0.5573696939594395,UNSAFE,2.059825966639339
broad_s10112_c07,broad,521.1742824660842,0.43063348857911493,0.1435992595083336,SAFE,0.3218969961472558
broad_s10112_c08,broad,286.2939598335351,58.808730541613016,2.0448143878586493,SAFE,0.5821522265721322
broad_s10112_c09,broad,1037.9302808648026,12.798184239223879,2.694875888879425,SAFE,0.16680527118746308
broad_s10112_c10,broad,2114.1171393973445,3.1371682202097495,3.499098608689328,SAFE,0.08372943679029994
broad_s10112_c11,broad,400.0725989652585,0.6061984374563992,0.4840562567998725,SAFE,0.4281071355485727
broad_s10113_c00,broad,224.8229060431583,29.807949660998577,0.14489847173852333,SAFE,0.7413242253552637
broad_s10113_c01,broad,84.84482087903606,6.8961822760256855,2.8532982096524266,UNSAFE,2.768279276591252
broad_s10113_c02,broad,1325.9384540173048,1.1475066856086544,0.12305759776520134,SAFE,0.1259283131068507
broad_s10113_c03,broad,149.1751161246449,2.415830528587341,5.107503866750605,UNSAFE,2.8688817732541363
broad_s10113_c04,broad,2383.4393059274553,48.10238901680752,0.27422619934839537,SAFE,0.06992713543130677
broad_s10113_c05,broad,259.40156801181365,0.32066983526183424,1.3162489899612737,UNSAFE,1.5
broad_s10113_c06,broad,496.61361950175484,23.158889833527255,1.6524313576710514,SAFE,0.3516696532098298
broad_s10113_c07,broad,102.28574858205455,5.667562322131614,3.664480205701429,UNSAFE,2.4941375431895985
broad_s10113_c08,broad,620.8338380496888,0.6902068819102885,0.9146006951352786,SAFE,0.28324499053406554
broad_s10113_c09,broad,917.9002623936342,2.7881170033555334,0.38924322446297854,SAFE,0.18325255866901716
broad_s10113_c10,broad,1470.1383645916355,0.8107276964676108,0.5116433337139675,SAFE,0.11427977684796276
broad_s10113_c11,broad,392.7307426918855,10.747529419611851,0.6109371426737875,SAFE,0.4347930770876422
broad_s10114_c00,broad,415.8153599783043,2.295050311906873,5.314317933993457,UNSAFE,1.5
broad_s10114_c01,broad,779.7487740628836,52.339539979485984,2.2031501356870726,SAFE,0.2173933461956238
broad_s10114_c02,broad,201.08062057921106,32.94653974255924,1.6342713086691099,SAFE,0.8293461353810723
broad_s10114_c03,broad,1901.8373141959312,13.638519475410552,0.20974102464702526,SAFE,0.08778254139279792
broad_s10114_c04,broad,109.4332152930276,17.343645762666604,0.17741297737326478,CAUTION,1.5229989008115752
broad_s10114_c05,broad,568.9311702291982,3.7782163583303285,1.5068799864447264,SAFE,0.3013487145088704
broad_s10114_c06,broad,294.078682325032,10.100657492895882,0.3232716343879774,SAFE,0.5730757451599667
broad_s10114_c07,broad,1389.2250435512597,1.5139491789747859,0.44906063115477984,SAFE,0.12047672815330299
broad_s10114_c08,broad,93.94883457941438,4.919917416795841,0.6598375877849436,UNSAFE,2.032315577603305
broad_s10114_c09,broad,147.77658823903852,1.086534888473145,3.4014522701577294,UNSAFE,3.1870122350540195
broad_s10114_c10,broad,1721.170785368061,0.3994453644842395,0.7768932413210686,SAFE,0.09798112854812996
broad_s10114_c11,broad,753.8832762125841,0.585645554420564,0.11220805703196236,SAFE,0.22155206798467048
broad_s10115_c00,broad,87.44681411052868,0.6336956904296864,0.2032474184567825,UNSAFE,1.9799567963002944
broad_s10115_c01,broad,232.2978630862583,9.059700099127136,1.070187222224518,SAFE,0.7865113781828316
broad_s10115_c02,broad,1930.059224629826,51.01411747993869,0.6133873636055657,SAFE,0.08643732498839621
broad_s10115_c03,broad,277.855222225667,27.23104466473326,4.507116785720781,SAFE,0.7115437650230587
broad_s10115_c04,broad,499.116512803861,3.3362440641151814,2.2741866047902786,SAFE,0.75
broad_s10115_c05,broad,1665.4038348087897,1.9522909075166326,1.9538169562134857,SAFE,0.10240289216187404
broad_s10115_c06,broad,757.9640612411432,4.647664172496152,0.1480726472141574,SAFE,0.22065782826407285
broad_s10115_c07,broad,1071.5213169953377,1.4735347808125092,0.10151186062848717,SAFE,0.15583387114612077
broad_s10115_c08,broad,164.09502990441558,0.8458373355279148,0.504621672132896,CAUTION,1.0499711393514413
broad_s10115_c09,broad,129.8545789392479,0.3616738804667021,3.607566677366314,UNSAFE,5.049391363340011
broad_s10115_c10,broad,987.9096552635189,10.792049759616203,0.2791331625129734,SAFE,0.169459804400533
broad_s10115_c11,broad,339.1926187532679,18.173558705702174,1.4534574426978866,SAFE,0.5225661523166761
broad_s10116_c00,broad,616.371388388651,0.6012093941989628,3.4634150067884586,UNSAFE,1.5
broad_s10116_c01,broad,262.9215663272895,4.146556684017462,1.808655732445685,SAFE,0.8091522099169294
broad_s10116_c02,broad,83.3332074656733,5.597840576079668,0.5522089441197646,UNSAFE,2.195741007256425
broad_s10116_c03,broad,2217.7574151842073,18.889973685461495,0.1900785499633362,SAFE,0.07522820776314869
broad_s10116_c04,broad,827.50911594715,8.83108289261883,5.299088650002956,SAFE,0.661
broad_s10116_c05,broad,1713.8221753531739,38.55857920947911,0.27563554537117774,SAFE,0.09725311331815287
broad_s10116_c06,broad,351.3126055879718,45.09450616527275,0.32848294184954135,SAFE,0.47441129072839977
broad_s10116_c07,broad,157.93879942945347,0.8198492724281615,0.5304367617756878,CAUTION,1.1146549458369344
broad_s10116_c08,broad,517.8186269142717,10.276728684175044,2.5918364150979603,SAFE,0.3717425467555966
broad_s10116_c09,broad,237.04567077185834,0.3589983468000655,0.13017072557734494,SAFE,0.7084510615270245
broad_s10116_c10,broad,114.13435760790489,2.2959878929515125,1.3723502512537478,UNSAFE,2.104693395720244
broad_s10116_c11,broad,1046.3795848658676,1.5141906236662617,0.8804650899867776,SAFE,0.16241971885440515
broad_s10117_c00,broad,108.33643035969942,3.7594746852995398,0.9588816261101641,UNSAFE,1.950305204584448
broad_s10117_c01,broad,2074.3612432540945,8.025662865539486,0.1851771652111161,SAFE,0.08047579407441639
broad_s10117_c02,broad,236.93957282400618,2.298683874632342,1.7363665066894038,UNSAFE,1.5
broad_s10117_c03,broad,399.0027113176566,26.82607973959716,0.2232513614575334,SAFE,0.41770810558221644
broad_s10117_c04,broad,546.3682209131051,0.3971453345874452,5.342189525902424,UNSAFE,1.5
broad_s10117_c05,broad,303.93757461126285,1.4021950340952003,0.10444774431560343,SAFE,0.5520169174060373
broad_s10117_c06,broad,1132.2567015690477,1.0204675879003755,0.5173631962640819,SAFE,0.14863330135858926
broad_s10117_c07,broad,1438.3958561889212,13.877613805904064,2.3268384239963162,SAFE,0.12051252272230434
broad_s10117_c08,broad,146.74634225726766,0.5063413078982282,0.7384148061164959,UNSAFE,1.5
broad_s10117_c09,broad,879.1459812853991,6.26039646531978,3.6637230302682986,SAFE,0.21353972074473598
broad_s10117_c10,broad,732.452129799002,24.585940676737106,0.28876326991838586,SAFE,0.22761716611154878
broad_s10117_c11,broad,79.57875527131728,57.878476555531165,1.0926738514845749,UNSAFE,2.072260148537544
broad_s10118_c00,broad,1035.9793591733487,27.615350786532204,1.2201191323005323,SAFE,0.163606423346258
broad_s10118_c01,broad,2412.825332200269,3.1812736917380904,0.29354042608796943,SAFE,0.06924428837685102
broad_s10118_c02,broad,551.0926489820406,12.47222306338506,0.10925856491934754,SAFE,0.302523234680622
broad_s10118_c03,broad,1577.410900737766,1.883183961256538,0.1633084761265722,SAFE,0.10587677357047087
broad_s10118_c04,broad,372.06716759064943,17.892640682939888,0.21352983882685783,SAFE,0.44794779325982936
broad_s10118_c05,broad,215.71451638944316,0.6475248985237511,2.864972669135932,UNSAFE,1.9121262836995652
broad_s10118_c06,broad,89.16286428074747,0.3762991923742113,0.6314040761767724,UNSAFE,2.530215093873706
broad_s10118_c07,broad,590.5789085149262,53.141399486778845,1.7409078225769627,SAFE,0.28295398177798686
broad_s10118_c08,broad,126.77929937950316,4.35317466313919,4.205776788513663,UNSAFE,2.127886123218178
broad_s10118_c09,broad,179.60207682446702,8.153163671512443,0.4400659134889595,SAFE,0.9555512050174918
broad_s10118_c10,broad,309.0637166545105,0.9416445593885484,0.905615363199389,SAFE,0.5493536235848244
broad_s10118_c11,broad,1359.7626353660798,1.7343730972984062,5.113516967738839,SAFE,0.1347026065771141
broad_s10119_c00,broad,2179.829551619172,56.0568001546467,0.6860723939068365,SAFE,0.07654359755889006
broad_s10119_c01,broad,1630.6317932758564,8.123916864210548,1.8691792107666387,SAFE,0.10431638775356977
broad_s10119_c02,broad,83.31293797766732,2.5778717202422174,0.8734743527812158,UNSAFE,2.6734437331741936
broad_s10119_c03,broad,158.24470808971955,5.869517575352023,0.4691127872512773,CAUTION,1.1031683184038088
broad_s10119_c04,broad,216.79220364069576,22.889399265750008,0.246957361930724,SAFE,0.7687853339176988
broad_s10119_c05,broad,1146.831921191522,1.3124069522774204,3.9869913176578526,SAFE,0.1552541217768771
broad_s10119_c06,broad,117.27422255979594,0.5777512073122106,0.12385328204279132,CAUTION,1.4433418570778793
broad_s10119_c07,broad,884.4318703144401,10.602975626478434,4.339321623579963,SAFE,0.236
broad_s10119_c08,broad,756.4013865374282,0.30776190823298244,1.316255495111612,SAFE,0.23544936977117323
broad_s10119_c09,broad,255.12289112268175,0.8138903926417829,0.3553699301579235,SAFE,0.6809699131525467
broad_s10119_c10,broad,375.31482312765354,2.7875657676659173,2.8621125097226985,UNSAFE,1.5
broad_s10119_c11,broad,514.9663258233957,35.276403045308584,0.17512857085861297,SAFE,0.3236457576137195
broad_s10120_c00,broad,567.4521101878173,39.74461878331158,5.203858352289349,SAFE,0.3376391770841355
broad_s10120_c01,broad,290.63898190479614,1.9280024392920858,0.5369576988653525,SAFE,0.601245607701934
broad_s10120_c02,broad,930.5924525412834,0.5321824536807979,2.2579659904010234,SAFE,0.18561361997346804
broad_s10120_c03,broad,212.3499709911878,4.349292268964628,0.27705002798459505,SAFE,0.8028590724196656
broad_s10120_c04,broad,101.41533712112536,0.44751624381890975,0.7397451348954265,UNSAFE,2.2424707919463818
broad_s10120_c05,broad,154.45329763299313,11.12263526624711,0.16135399199591327,CAUTION,1.0790748350526922
broad_s10120_c06,broad,1648.1607078461911,18.901771162859315,3.87563949238966,SAFE,0.10512243515932147
broad_s10120_c07,broad,729.2581018439619,30.408228990164396,0.9073477318668849,SAFE,0.2307173187833692
broad_s10120_c08,broad,1240.4267554078094,1.299022854761967,1.159306733063095,SAFE,0.13588886135675657
broad_s10120_c09,broad,330.29927761621764,0.8241128434975163,1.5568447179437608,UNSAFE,1.5
broad_s10120_c10,broad,2283.202502366316,9.834990872668508,0.35514661503957917,SAFE,0.07320834258180739
broad_s10120_c11,broad,83.35144310645892,3.088809752146301,0.10036156143959103,UNSAFE,2.022711316696004
broad_s10121_c00,broad,92.83632577322342,56.481809413949975,0.11637747920200758,UNSAFE,1.786669470890303
broad_s10121_c01,broad,1813.9505661352364,32.719586575005685,1.6327011377777851,SAFE,0.09324794785268346
broad_s10121_c02,broad,1355.9124347132192,4.055312860800879,0.14703450091107395,SAFE,0.12316973805930509
broad_s10121_c03,broad,216.49870958604612,1.443572729362585,1.0770659807208507,SAFE,0.9930000000000001
broad_s10121_c04,broad,157.3049814684668,13.572245342442484,0.24745357461102924,CAUTION,1.0595129608153968
broad_s10121_c05,broad,920.5283476363873,5.3905570359011685,0.4777644936695096,SAFE,0.18278029599429288
broad_s10121_c06,broad,690.0557726297549,0.707035720936515,5.6959360161309505,UNSAFE,1.5
broad_s10121_c07,broad,311.71163078220434,1.7844967031389911,1.4671326251421948,SAFE,0.978
broad_s10121_c08,broad,494.3353801024455,16.638665022676417,3.282253713036316,SAFE,0.4015039654509383
broad_s10121_c09,broad,2268.8026923520683,0.44070676656922453,0.6785327901362033,SAFE,0.07372034171825036
broad_s10121_c10,broad,398.59566273900225,1.0099635603811776,2.4776400682198294,UNSAFE,1.5
broad_s10121_c11,broad,134.1687388951192,6.734623954623134,0.3765055139541051,CAUTION,1.2829063718786804
broad_s10122_c00,broad,933.9979854826214,24.695654915466196,0.5172772342794348,SAFE,0.1793061152123537
broad_s10122_c01,broad,119.07479938481309,0.3570046985661174,0.2684216512019993,CAUTION,1.4615938781177
broad_s10122_c02,broad,142.37621671562874,8.125477066281155,0.12579311105850338,CAUTION,1.1706102326535581
broad_s10122_c03,broad,96.6350657950143,1.2555962066967836,0.6806863700568082,UNSAFE,2.241252400900613
broad_s10122_c04,broad,1069.1087257544418,1.938102202436101,0.36973258375682594,SAFE,0.15697427494099522
broad_s10122_c05,broad,238.0796555448235,2.9441636043304396,1.5939361618142167,SAFE,0.933
broad_s10122_c06,broad,395.0041678243248,5.959860071876417,0.16272552460801104,SAFE,0.4244791754426761
broad_s10122_c07,broad,1818.6517868731912,37.2485747539006,2.69014528871486,SAFE,0.09412155708616333
broad_s10122_c08,broad,509.562694120902,51.351543122863006,1.1606396990037389,SAFE,0.32707784260815964
broad_s10122_c09,broad,701.6881351173773,12.698628902401753,3.2586182654370277,SAFE,0.2701669776461013
broad_s10122_c10,broad,274.94719853758386,0.72029888024212,0.7786212629763083,SAFE,0.6141385397045701
broad_s10122_c11,broad,1933.9945402852486,0.7521681718738895,5.128718664963436,SAFE,0.08758488439394939
broad_s10123_c00,broad,185.77906210193981,6.025316519900566,0.2810994398797804,SAFE,0.9155088201769832
broad_s10123_c01,broad,249.10041957623764,2.0144617370345803,4.048572390706876,UNSAFE,1.5
broad_s10123_c02,broad,82.7890037467823,28.352973901695183,1.467296563151049,UNSAFE,2.0131253327245773
broad_s10123_c03,broad,515.0735971498539,1.1990102051508802,3.027571825718382,UNSAFE,1.491
broad_s10123_c04,broad,102.15411485065357,3.0540076838434196,5.343636201917936,UNSAFE,3.386971736317162
broad_s10123_c05,broad,613.6752952383821,19.56514331639735,0.41753094987450134,SAFE,0.2728904497685187
broad_s10123_c06,broad,2227.6919085411687,7.103678778414163,0.24331234241362562,SAFE,0.07496935107882942
broad_s10123_c07,broad,424.77399044057086,0.972042720940162,0.5804252832471869,SAFE,0.4090806940345819
broad_s10123_c08,broad,858.4413712718004,49.46990381668817,0.12229279739996651,SAFE,0.1941503196889798
broad_s10123_c09,broad,1044.4831760179684,0.37790564029505613,1.0827893746388304,SAFE,0.16019781646089143
broad_s10123_c10,broad,137.7751369916937,0.6634293404697857,0.16510591797161223,CAUTION,1.2392238065555223
broad_s10123_c11,broad,1794.2584422846014,12.795208798139674,1.701848188854222,SAFE,0.09438956521771476
broad_s10124_c00,broad,451.2343927377947,25.878056613852475,1.6573511440467008,SAFE,0.38552464104137046
broad_s10124_c01,broad,1379.8719084980419,1.5669903461129533,0.6704085329310226,SAFE,0.12156113123409107
broad_s10124_c02,broad,2382.6500959317596,0.5709215369434382,2.8121252045340124,SAFE,0.07173586010548247
broad_s10124_c03,broad,791.2529127863239,4.563939251979234,0.13050616645337698,SAFE,0.21125626973327874
broad_s10124_c04,broad,343.76606292028276,20.68685440908386,0.15540862876507208,SAFE,0.48482582966694815
broad_s10124_c05,broad,1584.0561622052278,2.5634042627583935,0.9718419565083358,SAFE,0.10684038647212529
broad_s10124_c06,broad,79.61775925870123,1.0985884417488299,1.167829817391511,UNSAFE,3.233904481385401
broad_s10124_c07,broad,117.07911075020021,39.65547303720693,0.35251325287212615,CAUTION,1.423458278376995
broad_s10124_c08,broad,627.7665329559213,13.958729681196004,3.529792563437675,SAFE,0.3139479012335375
broad_s10124_c09,broad,235.97375031796045,8.152198678855171,0.20140808176491293,SAFE,0.710929432117161
broad_s10124_c10,broad,256.7166337140533,0.4138421119391656,0.533065182921514,SAFE,0.6858268207914779
broad_s10124_c11,broad,147.27231466525146,4.017312019165457,5.004185600944382,UNSAFE,1.8934779996296893
broad_s10125_c00,broad,311.7910627534158,17.965326248132317,0.6898240461621015,SAFE,0.5425527906522897
broad_s10125_c01,broad,1449.933955879181,32.972440780083396,5.07260343670767,SAFE,0.12301112790989613
broad_s10125_c02,broad,100.44716899528913,42.7927454080052,1.9151244863571004,CAUTION,1.6589007126232806
broad_s10125_c03,broad,108.80439410998689,2.1915398909146404,0.3018871789785071,CAUTION,1.603986227094718
broad_s10125_c04,broad,2004.165737770896,3.9148906226428766,0.8741685690259176,SAFE,0.08398590891111694
broad_s10125_c05,broad,149.9969764786107,6.659818771247347,3.0082058067153956,CAUTION,1.607837387882304
broad_s10125_c06,broad,1179.5584003192969,0.3322945273987729,4.110448028384654,SAFE,0.15142208311713243
broad_s10125_c07,broad,414.59956802588914,0.5121780002992963,0.27347028555453196,SAFE,0.41037647789510223
broad_s10125_c08,broad,549.5616577008734,12.74996630618039,0.19437570326448683,SAFE,0.3040128670982327
broad_s10125_c09,broad,900.3547716000544,1.1633265609474288,1.4872379264567492,SAFE,0.19674486992468335
broad_s10125_c10,broad,711.206542840689,6.52997438361597,0.5280515094996571,SAFE,0.23776231765475248
broad_s10125_c11,broad,223.45946596544889,1.0455466638628468,0.1085346097456704,SAFE,0.7523957311398893
broad_s10126_c00,broad,954.7845595747124,46.616647608951624,0.37883958427158904,SAFE,0.17455944903518797
broad_s10126_c01,broad,718.3332798904413,0.5599921075232426,2.803279046862212,UNSAFE,1.456
broad_s10126_c02,broad,238.65764894249074,10.53926996031468,4.788142666367619,CAUTION,1.043
broad_s10126_c03,broad,297.25932826961366,0.8982346923901279,0.18708557896769426,SAFE,0.5691510177627106
broad_s10126_c04,broad,1288.4905587545325,8.911734828064551,0.12430354487084852,SAFE,0.1295377874831128
broad_s10126_c05,broad,154.52444658847537,2.010922989244935,1.6957938375485329,UNSAFE,1.5728329713748046
broad_s10126_c06,broad,1572.1681037192652,33.75772730166419,0.8496665434986914,SAFE,0.10669828216396612
broad_s10126_c07,broad,526.7043737866434,1.4057181039776496,1.2968427137283822,SAFE,0.32647695354109774
broad_s10126_c08,broad,351.35232907509464,3.0790310697094116,0.576937089615729,SAFE,0.4942885810277049
broad_s10126_c09,broad,80.94887906186668,17.08939090047752,3.211184507132371,UNSAFE,2.3080041577896098
broad_s10126_c10,broad,129.81403182344013,0.3041543270736228,0.2303482872043371,CAUTION,1.3612917360595151
broad_s10126_c11,broad,2358.6802013963324,5.393729284735549,0.529423434649869,SAFE,0.07096791001558786
broad_s10127_c00,broad,241.17758528629176,8.734676839004882,1.7780693529266156,SAFE,0.8361063584484629
broad_s10127_c01,broad,1384.7988284351222,11.842031597068,0.764665468242846,SAFE,0.1215948309578099
broad_s10127_c02,broad,1002.2506767824483,1.3354204800442278,0.13291015950940618,SAFE,0.16675345189139948
broad_s10127_c03,broad,2086.0047831392176,3.944753224783324,3.039748398822945,SAFE,0.0839726621897742
broad_s10127_c04,broad,173.63258237688282,6.468105876574256,1.0594468395184031,CAUTION,1.111423856230104
broad_s10127_c05,broad,264.82470797721794,1.1026061539299503,0.2698144930972334,SAFE,0.6377477351311555
broad_s10127_c06,broad,84.8871546081814,2.1277524365405895,0.44645645500493486,UNSAFE,2.267333457900618
broad_s10127_c07,broad,1647.2599877644052,39.48875279058445,0.15193103437464245,SAFE,0.10117811875759808
broad_s10127_c08,broad,108.9799380515751,0.3123561604981811,4.858605705570335,UNSAFE,5.889989029934793
broad_s10127_c09,broad,546.3309896491736,0.5642801477573994,2.230581416018031,UNSAFE,1.5
broad_s10127_c10,broad,416.347618653713,32.74668934457836,1.2042594013640349,SAFE,0.4037522082652105
broad_s10127_c11,broad,744.1172965883991,19.100246928718544,0.3683762343643039,SAFE,0.2248907848224912
broad_s10128_c00,broad,218.84351367598862,1.4294679384520652,4.405012853025842,UNSAFE,2.0642425919143164
broad_s10128_c01,broad,141.50561659737474,12.759398073205617,1.6120628441670586,CAUTION,1.3388804559390912
broad_s10128_c02,broad,523.952827722737,7.5475476967952835,0.16049607467286328,SAFE,0.31940928952043124
broad_s10128_c03,broad,1929.8237663096484,0.3677884076182696,0.4576938258547571,SAFE,0.08700586596298819
broad_s10128_c04,broad,1523.9188808911317,1.8586671953360785,3.764746155345794,SAFE,0.11285095552741146
broad_s10128_c05,broad,132.93064893767738,4.814446818542338,0.30503714335495413,CAUTION,1.2958312701077854
broad_s10128_c06,broad,970.1346549676431,40.32986359524662,0.12585527747565103,SAFE,0.17179745699551904
broad_s10128_c07,broad,401.3273139604424,17.572628720978496,2.83247732859312,SAFE,0.48694098742904507
broad_s10128_c08,broad,82.07023852698653,0.49126495772133194,0.24049431427762907,UNSAFE,2.0882653445596144
broad_s10128_c09,broad,313.65595685746985,3.2272353043428397,0.7123060561385657,SAFE,0.5527701137524522
broad_s10128_c10,broad,1215.3261542788061,0.7270696424519444,1.2015192301455437,SAFE,0.13776556426854775
broad_s10128_c11,broad,606.7707054620769,31.586012594772257,0.9185682648762981,SAFE,0.2767666236507535
broad_s10129_c00,broad,448.1104149720547,4.2415766108617134,0.4673362486332658,SAFE,0.3788685660118628
broad_s10129_c01,broad,1143.9888588371018,20.75871446159544,1.5000245582841956,SAFE,0.14922298582496166
broad_s10129_c02,broad,107.43691621319633,44.825869282311245,3.5962409321132793,CAUTION,1.5512295341343847
broad_s10129_c03,broad,135.36917614120307,11.595677225707815,0.14060867685243347,CAUTION,1.231201012059178
broad_s10129_c04,broad,1767.757664953726,7.477046984763212,5.805403820764725,SAFE,0.09890616056722867
broad_s10129_c05,broad,204.19414659732567,0.45248628510982997,2.136938228552038,UNSAFE,1.8926261843739893
broad_s10129_c06,broad,315.44066387886846,6.262574597075825,0.7592341388621875,SAFE,0.5504161509514746
broad_s10129_c07,broad,89.85386037737051,38.51376358185614,0.3043769834952163,UNSAFE,1.8540024566286786
broad_s10129_c08,broad,649.3837751214123,2.49806364675972,0.8833078882932798,SAFE,0.26651424178418187
broad_s10129_c09,broad,382.6556156459796,1.1226153740966271,2.3432194401736592,UNSAFE,1.5
broad_s10129_c10,broad,1963.8538035295048,1.5058714126365655,0.18670842940889876,SAFE,0.08503938881012699
broad_s10129_c11,broad,1007.4578136561373,0.49990052876452973,0.1990829221441575,SAFE,0.1659751243583689
broad_s10130_c00,broad,1546.889709143224,1.2014055247421296,0.5754910339497336,SAFE,0.1089357972796159
broad_s10130_c01,broad,108.50094011731304,2.2430146428645696,5.084140357395225,UNSAFE,3.184739894470629
broad_s10130_c02,broad,607.7428127221388,3.2990852700607762,0.21635277970947733,SAFE,0.2761321817924441
broad_s10130_c03,broad,453.9276819206834,31.21540177179621,0.7858433245298982,SAFE,0.36780783552639595
broad_s10130_c04,broad,183.26221573930746,4.549510208222709,2.591173672070911,CAUTION,1.3289555912067217
broad_s10130_c05,broad,89.66369259679594,11.157371843811609,3.887127847446829,UNSAFE,2.4641367462241273
broad_s10130_c06,broad,398.94542948545734,19.26291125525071,0.296657885351012,SAFE,0.4178597132446042
broad_s10130_c07,broad,167.60830898372842,0.36571055181204987,0.1251853777094096,CAUTION,1.0157304662588331
broad_s10130_c08,broad,897.9156767053759,9.77019118479824,1.494812117877973,SAFE,0.19294386410613154
broad_s10130_c09,broad,2137.643552501773,42.57995237402631,0.14203284635337152,SAFE,0.07796747332903547
broad_s10130_c10,broad,1269.925801726305,1.0225402076837222,1.7796368915943348,SAFE,0.13788416421579627
broad_s10130_c11,broad,262.6957775722915,0.655394281094457,0.46759321487252636,SAFE,0.6723474215130716
broad_s10131_c00,broad,1735.3516940388927,0.3309360784397257,0.41943382143715785,SAFE,0.09682605532425563
broad_s10131_c01,broad,2112.23295027086,30.401028140881216,4.283719151207033,SAFE,0.0820737026328833
broad_s10131_c02,broad,240.14266873442162,3.643995826999024,1.7939563889441024,SAFE,0.9086158540598527
broad_s10131_c03,broad,1350.6980219569564,8.554413528362126,0.16308692527827554,SAFE,0.12363914407948173
broad_s10131_c04,broad,106.70025734348866,2.249372360221396,0.9322102496257242,UNSAFE,2.079312726582075
broad_s10131_c05,broad,732.7537950410547,57.65439919537052,0.37988458446511225,SAFE,0.22745247830115742
broad_s10131_c06,broad,154.91258695108428,1.1753853639296035,3.966700478771572,UNSAFE,3.189643311956598
broad_s10131_c07,broad,261.32500598755587,17.20164616631583,1.3872712765157411,SAFE,0.6818205201005842
broad_s10131_c08,broad,790.3748964326968,5.352728200059052,0.12908455732446356,SAFE,0.21145735834322865
broad_s10131_c09,broad,458.1704811867845,0.6544798796911342,0.21865839680000124,SAFE,0.36647352109228537
broad_s10131_c10,broad,87.64358049405408,15.521317433340908,2.25129194230899,UNSAFE,2.0902709524695338
broad_s10131_c11,broad,366.4872608537562,1.0880582843367492,0.6847147136137437,SAFE,0.4810146637613761
broad_s10132_c00,broad,2217.9100549572495,42.13589262976297,2.23800828321381,SAFE,0.07640789147825909
broad_s10132_c01,broad,216.57147981993015,2.7565229659594745,0.7920556509395915,SAFE,0.8311949724184742
broad_s10132_c02,broad,101.72833813332653,1.4576463958075028,0.36196373414642413,UNSAFE,1.7590802008190232
broad_s10132_c03,broad,80.94423228195528,0.675081666460259,0.5846822816800443,UNSAFE,2.750339961943621
broad_s10132_c04,broad,795.2201803790605,36.3624048240174,4.5852491542175855,SAFE,0.23539685023537452
broad_s10132_c05,broad,1502.8617086626366,10.963259804533495,0.27421379118408157,SAFE,0.11124321965544359
broad_s10132_c06,broad,374.6954762044698,6.560096195143341,0.13475149393907718,SAFE,0.446722495042884
broad_s10132_c07,broad,732.3888049535159,0.9958114858220328,1.246284417137072,SAFE,0.24204323584435755
broad_s10132_c08,broad,1354.5508507485747,20.476144483751064,0.3919356942297922,SAFE,0.12348755561951061
broad_s10132_c09,broad,260.9220029815892,0.3056599120113368,0.163264361918728,SAFE,0.6500566599487813
broad_s10132_c10,broad,154.14398092833835,7.621920810342786,3.8382870533117392,CAUTION,1.5953900584758127
broad_s10132_c11,broad,503.3080886800608,2.258489465788407,1.5382355901430946,SAFE,0.34139086317259004
broad_s10133_c00,broad,460.7140324665529,0.724060533703762,0.6122848829774733,SAFE,0.3766199787996185
broad_s10133_c01,broad,788.9673300897302,50.62802689118593,2.2936049566227594,SAFE,0.21572443403405092
broad_s10133_c02,broad,668.8497387692596,3.1369739329746054,1.0266577797694527,SAFE,0.26086494935588367
broad_s10133_c03,broad,200.04573382386997,5.247694529016385,0.10024120258156713,SAFE,0.8364454719146635
broad_s10133_c04,broad,128.38344454139138,1.8428644901746467,1.103453773795135,UNSAFE,1.7711676789840658
broad_s10133_c05,broad,254.82994807666486,6.907344836490651,1.6439759283440754,SAFE,0.7889954194234042
broad_s10133_c06,broad,1527.8838072223527,0.809319885520584,0.1553886820702094,SAFE,0.10934935351334212
broad_s10133_c07,broad,161.5045117182377,16.23465183876927,0.4310217603979177,CAUTION,1.0319634494827548
broad_s10133_c08,broad,95.32413273829798,12.166776520848098,0.3679780152205464,UNSAFE,1.7484204878551735
broad_s10133_c09,broad,392.24234026121536,0.3123524565384917,4.465632703330583,UNSAFE,1.5
broad_s10133_c10,broad,1369.461018725923,32.7766518012377,0.2598724448417029,SAFE,0.12171352971850949
broad_s10133_c11,broad,1889.578174965102,1.7170052799357023,3.2164648369033464,SAFE,0.09399581569628301
broad_s10134_c00,broad,441.17264273560266,48.406641490910985,0.13689489528646825,SAFE,0.3777810555822109
broad_s10134_c01,broad,179.20057662201347,13.57529094142653,0.47617685065736054,SAFE,0.9372582842482856
broad_s10134_c02,broad,1384.8518359892744,7.9319662602293475,0.6404831669465001,SAFE,0.12139759236462508
broad_s10134_c03,broad,220.01792811507798,0.9176117041237324,0.1535722020487556,SAFE,0.7704800037588005
broad_s10134_c04,broad,119.29967784287793,0.4746126299108359,2.5097363113094424,UNSAFE,4.69943573275965
broad_s10134_c05,broad,330.9703578130554,2.2055671350045354,1.0964058887438166,SAFE,0.5305489365855618
broad_s10134_c06,broad,979.6189409021391,20.136788317425456,1.739572549359645,SAFE,0.17578353048931006
broad_s10134_c07,broad,1437.12614798408,26.237132995012153,5.926333780765248,SAFE,0.12817427394347786
broad_s10134_c08,broad,647.4568028248085,5.449720129342087,3.892711992439403,SAFE,0.99
broad_s10134_c09,broad,81.7530249132542,3.0150538749329048,0.28730900129611103,UNSAFE,2.165552950210394
broad_s10134_c10,broad,292.97574826130307,0.438831272110135,0.2529658453895214,SAFE,0.5790988579277262
broad_s10134_c11,broad,2349.3458785922667,1.1843521745617747,0.8826131034242981,SAFE,0.07181057611989222
broad_s10135_c00,broad,216.94678744126273,11.877231320459321,0.10439394175363226,SAFE,0.768237541714189
broad_s10135_c01,broad,248.1969598022714,1.2866928171251144,4.397824452245122,UNSAFE,1.683066274557076
broad_s10135_c02,broad,1143.810035498166,40.52969491907093,3.799687569366145,SAFE,0.15414291068059366
broad_s10135_c03,broad,653.7067610496202,22.541152966195554,0.5845821367219866,SAFE,0.2568231532554583
broad_s10135_c04,broad,1034.9866535253338,2.5607712489431314,0.19286198629401718,SAFE,0.16162268246386702
broad_s10135_c05,broad,107.55652746798357,0.8200995406211289,2.224776890745757,UNSAFE,4.048184045730586
broad_s10135_c06,broad,1859.741664418893,4.875133748479206,1.8281455002070992,SAFE,0.0905330519574691
broad_s10135_c07,broad,83.56154152514635,9.05881773183873,0.9354543716160806,UNSAFE,2.1765174628250477
broad_s10135_c08,broad,2335.927255313668,0.38725708504260276,0.3527505618015364,SAFE,0.0714077050428548
broad_s10135_c09,broad,542.5338271418385,30.627055995417916,0.4818878603558735,SAFE,0.3072036986791752
broad_s10135_c10,broad,366.49328903556176,2.9653853862672848,0.2548613982638332,SAFE,0.46118304844545466
broad_s10135_c11,broad,137.51299626282477,0.5448938956140617,1.1064319158955538,UNSAFE,1.7057738848966872
broad_s10136_c00,broad,340.4641029116835,14.725212516400063,4.269469084958461,SAFE,0.6495277774791759
broad_s10136_c01,broad,167.62130464912542,0.4135245638220033,1.3968154780356359,UNSAFE,1.759656585914377
broad_s10136_c02,broad,215.50260391244558,40.811987436718475,0.29031726249085515,SAFE,0.7733858432054338
broad_s10136_c03,broad,1758.3961109748952,2.092884896857933,0.8414289594815967,SAFE,0.09546932224278501
broad_s10136_c04,broad,76.595490168181,0.8573059202527585,2.9256915725285264,UNSAFE,7.601155459561615
broad_s10136_c05,broad,731.5832059260701,22.54347729240867,0.46788074497701415,SAFE,0.22885341876245707
broad_s10136_c06,broad,948.3380469790247,0.5560680160339073,0.16011474102533532,SAFE,0.17653367454861182
broad_s10136_c07,broad,2457.0544554305347,5.053826297577154,3.193541498780598,SAFE,0.07033260712084086
broad_s10136_c08,broad,266.00518579289997,1.2906525068925394,0.21252149288402208,SAFE,0.6373554459243624
broad_s10136_c09,broad,109.47960152922589,32.76028422234244,1.7763532984613808,CAUTION,1.522352004492919
broad_s10136_c10,broad,1280.3755098931176,9.117891361298268,0.13612613585879985,SAFE,0.13038065643551383
broad_s10136_c11,broad,479.84259735759105,3.3051015019411425,0.5652602841868195,SAFE,0.35533951238894174
broad_s10137_c00,broad,142.10820925577355,0.7796342900863559,0.49420724658138443,CAUTION,1.25127603038989
broad_s10137_c01,broad,118.3675681224533,1.5251129981585578,0.11786259819503266,CAUTION,1.433318524686098
broad_s10137_c02,broad,199.70405139852912,44.0845196451868,0.1976388698924324,SAFE,0.8345679944648635
broad_s10137_c03,broad,2434.5939164015886,29.285709227117838,1.3467564966244525,SAFE,0.06911990327680739
broad_s10137_c04,broad,378.9733103031628,5.5756248470878855,1.0665223357530218,SAFE,0.45899411757421255
broad_s10137_c05,broad,834.671440191436,0.4966979086857386,3.9291956119145635,UNSAFE,1.5
broad_s10137_c06,broad,274.9427871991519,2.029957620940207,0.3301836716211622,SAFE,0.6209104784078874
broad_s10137_c07,broad,86.13972284611111,0.3073563946448326,1.8501436813582766,UNSAFE,6.751078404707632
broad_s10137_c08,broad,1371.7198731344874,15.432220686127119,0.5842748086501736,SAFE,0.12238471503815103
broad_s10137_c09,broad,1745.5352865231184,16.42880033383139,0.26639638932757725,SAFE,0.09569002725323242
broad_s10137_c10,broad,644.4802451610915,2.8184512824396806,4.398866305289728,UNSAFE,1.482
broad_s10137_c11,broad,444.89041467517114,9.23365326895371,2.4253686428962147,SAFE,0.4412895969534171
broad_s10138_c00,broad,2242.3501871117924,2.7283231025800703,0.10903771963120193,SAFE,0.07439617926864787
broad_s10138_c01,broad,626.7172776323383,0.31361520673015675,0.611630100417444,SAFE,0.26753260487829783
broad_s10138_c02,broad,438.18073004754586,51.72859417999725,2.184907659550234,SAFE,0.38165891358882414
broad_s10138_c03,broad,1053.5083128317397,2.30406868909975,0.5403082487222473,SAFE,0.15926640966520442
broad_s10138_c04,broad,83.51787894405568,11.92198915468011,5.56199714262415,UNSAFE,2.7342836435531406
broad_s10138_c05,broad,307.50412712026423,17.672169880910925,0.8700822456487847,SAFE,0.556222233083274
broad_s10138_c06,broad,178.5979399366357,1.51312717347849,0.36525985933275795,SAFE,0.9745889390755302
broad_s10138_c07,broad,1662.7405932720667,7.150255232966081,4.216075901403058,SAFE,0.10307822699030411
broad_s10138_c08,broad,830.3625076783363,29.92266301603699,1.540456555711389,SAFE,0.20572115601928967
broad_s10138_c09,broad,114.03524439005534,1.041750687893416,1.1721733096567994,UNSAFE,2.137827386572783
broad_s10138_c10,broad,205.31692325168035,0.49573804035334074,0.18433961142908983,SAFE,0.8237372353778013
broad_s10138_c11,broad,422.97332474390095,4.999669870388679,0.2404926680452066,SAFE,0.3979978750159236
broad_s10139_c00,broad,1279.0850763500941,4.737946260432212,1.4562411044967543,SAFE,0.13282211099002234
broad_s10139_c01,broad,167.0641762994595,1.5436145857949681,2.6089645188531505,UNSAFE,1.7331409213081341
broad_s10139_c02,broad,213.89477124300916,2.9553757684126616,1.850036267119896,CAUTION,1.234
broad_s10139_c03,broad,113.37465059148101,0.3730609610152845,0.17499811777976346,CAUTION,1.5453914803612563
broad_s10139_c04,broad,719.8343835355765,2.104872917793949,0.2752286657616041,SAFE,0.23353796822052392
broad_s10139_c05,broad,2231.998224442688,11.36445708122393,4.467116976920803,SAFE,0.07840411042575066
broad_s10139_c06,broad,1727.609716502175,8.5415559314838,1.087319618023576,SAFE,0.09779082066972808
broad_s10139_c07,broad,421.59280776128765,1.0754550286088829,0.6421320831331684,SAFE,0.4161522217676776
broad_s10139_c08,broad,483.1850791147907,34.38315593469101,4.0810758923414365,SAFE,0.38993167673468654
broad_s10139_c09,broad,268.9146232467673,0.6902495823015534,0.4429727098041503,SAFE,0.655437480684837
broad_s10139_c10,broad,986.9829182363701,19.098792186208478,0.32106948389617085,SAFE,0.16939089427657458
broad_s10139_c11,broad,79.06494334055432,41.62098684488601,0.1339080740093095,UNSAFE,2.1036259066922214
broad_s10140_c00,broad,1094.2660040926226,3.2576425339704715,1.8000774538501392,SAFE,0.16083951522557313
broad_s10140_c01,broad,508.70247795298945,1.439639489829422,0.20202644039878884,SAFE,0.33063755239504394
broad_s10140_c02,broad,168.29138477857853,0.5581636490083389,0.526617014927289,CAUTION,1.024261825986931
broad_s10140_c03,broad,106.21076951921869,56.69054419684231,0.887917019920548,CAUTION,1.5661014990661932
broad_s10140_c04,broad,2494.2017037990267,12.88728101693495,1.325949827572081,SAFE,0.06746671268673927
broad_s10140_c05,broad,351.6164287432208,24.58527873971156,5.743465577197602,SAFE,0.6073187747631634
broad_s10140_c06,broad,693.9722850073889,5.050681203576348,0.11461899310653711,SAFE,0.24082567535188235
broad_s10140_c07,broad,82.17629311040395,7.874361986380009,3.4443749561603285,UNSAFE,2.8530960899751894
broad_s10140_c08,broad,852.5233922481415,0.33044896029138304,0.3862432549920425,SAFE,0.19768684240735665
broad_s10140_c09,broad,218.0040928924727,36.31428496840078,0.6938669885062471,SAFE,0.7645116401753456
broad_s10140_c10,broad,247.90209043213426,1.9588264986066108,2.3307236230223647,UNSAFE,1.5
broad_s10140_c11,broad,1602.6831491048656,0.9165101021572656,0.14896566292309293,SAFE,0.10418789947293891
broad_s10141_c00,broad,1419.295219240101,3.8873324158208904,1.7879269938431912,SAFE,0.12112824195054364
broad_s10141_c01,broad,809.9526761497044,1.2107513689017058,1.3980984266402685,SAFE,0.21881234653822887
broad_s10141_c02,broad,604.3209490555222,48.180611802880776,0.34724360266133686,SAFE,0.2757916417214154
broad_s10141_c03,broad,226.4659960432335,18.792998299174233,0.4815783568337439,SAFE,0.7362004581847182
broad_s10141_c04,broad,273.60126949293004,37.78722885248418,2.5298986130478824,SAFE,0.6225547520850256
broad_s10141_c05,broad,1986.4569550789913,4.766691449077882,0.11994892821890589,SAFE,0.08399626891878878
broad_s10141_c06,broad,543.2854883219458,1.0674658391319947,0.1690177169453672,SAFE,0.3082778119558026
broad_s10141_c07,broad,174.1800615000359,0.5856711886122883,0.23474802974609235,SAFE,0.9936322646041273
broad_s10141_c08,broad,335.25709159380483,6.8850070201116305,3.703241943171433,CAUTION,1.236
broad_s10141_c09,broad,133.1774554464771,0.4444397690505699,0.6045206713773257,UNSAFE,1.5
broad_s10141_c10,broad,1255.817446410028,11.91819452516207,0.9846593926650038,SAFE,0.13472250804702254
broad_s10141_c11,broad,97.83807042772845,2.4610081680402227,4.687889812039305,UNSAFE,3.1624225405062316
broad_s10142_c00,broad,145.4725925968239,26.2516700263241,3.465451562265867,CAUTION,1.2389478260195077
broad_s10142_c01,broad,1636.2301611170294,20.607511993888572,0.20037432222568546,SAFE,0.10196618084980875
broad_s10142_c02,broad,111.70204290124865,0.531938449039481,1.5697100097941523,UNSAFE,3.2717232806840744
broad_s10142_c03,broad,408.01865849069264,1.8419202611222345,0.4332905488562888,SAFE,0.4147080428980228
broad_s10142_c04,broad,615.4990300047483,0.37952586943566924,1.1095265862744488,SAFE,0.28909138323721884
broad_s10142_c05,broad,463.13281092427144,14.974553251065787,0.8746466506022316,SAFE,0.36997404089104774
broad_s10142_c06,broad,240.6149847754262,43.59064439629166,0.6173342142171595,SAFE,0.6926695198817298
broad_s10142_c07,broad,1070.6023266238178,10.156929372913826,2.459060277194681,SAFE,0.1618695880098095
broad_s10142_c08,broad,1937.4249165178053,1.2377083867964433,0.327670007715506,SAFE,0.08640549865107866
broad_s10142_c09,broad,884.1510205596936,5.351192716775638,5.407951476255302,CAUTION,1.123
broad_s10142_c10,broad,98.29908007317923,1.072825277723486,0.17853855708367883,UNSAFE,1.7663173742717098
broad_s10142_c11,broad,243.9770924053779,4.224531794738537,0.12315579244968554,SAFE,0.6880514973102844
broad_s10143_c00,broad,102.70752914756133,0.31664957268874977,0.14691702659416286,UNSAFE,1.6963708013150036
broad_s10143_c01,broad,152.58037750613957,3.5780440363647226,2.4790327421086005,UNSAFE,1.6492203471210722
broad_s10143_c02,broad,1284.769283282637,2.4503691436269546,0.42690436312313,SAFE,0.1304771096916515
broad_s10143_c03,broad,346.9498082312351,1.4307151407180612,0.6030939985715275,SAFE,0.5063453674918228
broad_s10143_c04,broad,208.94912266496456,14.951154156533262,0.1162374988981836,SAFE,0.7976423377182813
broad_s10143_c05,broad,1784.9451905473443,59.70092872751139,1.7786357979622094,SAFE,0.09428219493552964
broad_s10143_c06,broad,846.2980401436586,21.285012249287195,1.426317946180113,SAFE,0.2025650476416416
broad_s10143_c07,broad,642.5851389541683,0.8760582031776312,0.35524542141684046,SAFE,0.2614150026380923
broad_s10143_c08,broad,81.40282357307494,10.079199237220292,0.24879324961414206,UNSAFE,2.0474310269723057
broad_s10143_c09,broad,299.88603701887894,5.203776803623052,3.5159092041872873,CAUTION,1.309
broad_s10143_c10,broad,496.40041095449243,34.53380987674422,1.0234439505908057,SAFE,0.33727755457161046
broad_s10143_c11,broad,2437.9973736227053,0.5577697096279708,5.5195292887030805,SAFE,0.07177083552812592
broad_s10144_c00,broad,492.514500182692,18.60601752332205,5.021288995205042,SAFE,0.4380407949222853
broad_s10144_c01,broad,166.93692432774077,0.6019281145241668,0.2166217765580764,CAUTION,1.0320735922359947
broad_s10144_c02,broad,981.3420406688235,4.215159654040447,1.3237756510166712,SAFE,0.1760731682876195
broad_s10144_c03,broad,222.99574734738786,0.37907184785559145,2.183388131334313,UNSAFE,1.6356627487449156
broad_s10144_c04,broad,2487.2346799556412,12.694617320309218,0.5423955239259265,SAFE,0.06728133893714283
broad_s10144_c05,broad,244.27704569727067,2.2953128309564903,0.3083702872859053,SAFE,0.7005333117289697
broad_s10144_c06,broad,125.004664533932,0.8646374176561245,0.10715188162600177,CAUTION,1.3548203790473559
broad_s10144_c07,broad,80.67936160024533,4.266145857190795,0.1814095202296913,UNSAFE,2.106087887964068
broad_s10144_c08,broad,1814.3647138221543,10.053406062761391,3.8048748907623615,SAFE,0.09616571703287592
broad_s10144_c09,broad,338.3745630481749,48.84360425023189,0.6057962116006309,SAFE,0.4925508145801755
broad_s10144_c10,broad,1256.1158222019183,29.21609577965129,2.0356326311654773,SAFE,0.136455563553839
broad_s10144_c11,broad,660.1935206470399,1.6157871822175824,0.8443025631919231,SAFE,0.2610161786931851
broad_s10145_c00,broad,844.5551310996888,26.752062557889143,1.9669780068545026,SAFE,0.20464753906297364
broad_s10145_c01,broad,210.23189430090088,6.240144208000829,5.452493526610594,UNSAFE,1.5
broad_s10145_c02,broad,114.45510319628272,7.791279520805933,0.23771296388913482,CAUTION,1.4642761929644308
broad_s10145_c03,broad,620.7880888296049,0.42598354485331785,0.38752478722149747,SAFE,0.27350834197729107
broad_s10145_c04,broad,100.2815035612548,1.2855957308131836,1.2573534554099282,UNSAFE,2.4986005915045886
broad_s10145_c05,broad,390.8324470599525,20.512616087539893,1.0689474958106338,SAFE,0.43887315689989737
broad_s10145_c06,broad,1480.3242369471275,0.48547620318773366,0.49958372096771453,SAFE,0.1132797443602817
broad_s10145_c07,broad,155.9114646980907,0.8861088161931661,0.11627578745102866,CAUTION,1.08661765802682
broad_s10145_c08,broad,1314.6174613787857,3.425949602260562,0.14754258442778084,SAFE,0.12705106895351262
broad_s10145_c09,broad,1973.0400370312836,47.92310838784549,2.197014232468212,SAFE,0.0858912445550999
broad_s10145_c10,broad,289.51845299549353,2.0075976102330806,0.7535305794521613,SAFE,0.5931125971813835
broad_s10145_c11,broad,553.2034834534522,10.606509081772892,4.13262374033681,SAFE,0.597
broad_s10146_c00,broad,1499.7110827270271,15.53387643375596,3.4069587564858312,SAFE,0.11560792757867859
broad_s10146_c01,broad,935.1482599860675,0.7177960604585384,0.5496408032853369,SAFE,0.18058175404147495
broad_s10146_c02,broad,514.1274569263103,19.48517368367363,0.14101700736925174,SAFE,0.3241738297018337
broad_s10146_c03,broad,158.328368308059,0.9397933869149038,1.223756323202996,UNSAFE,1.5
broad_s10146_c04,broad,110.0944010159577,9.161281171862258,0.20330972613107107,CAUTION,1.5138540338810977
broad_s10146_c05,broad,1228.2331727591388,0.4453806049529781,2.2646088021990964,SAFE,0.14498843229104183
broad_s10146_c06,broad,359.84813313339447,1.681752858050481,0.3616194196263196,SAFE,0.4696488812831865
broad_s10146_c07,broad,303.91334383450845,3.245238372631755,0.6780615035040694,SAFE,0.5707731822024072
broad_s10146_c08,broad,99.02223431538235,49.96247120913215,1.0781505082307896,UNSAFE,1.6809883511610586
broad_s10146_c09,broad,226.39111496196298,4.454279892838543,4.751246392470497,UNSAFE,1.5
broad_s10146_c10,broad,704.2149322256397,1.8588654236190483,0.12381986341907696,SAFE,0.23749628187227087
broad_s10146_c11,broad,1870.0995325207339,29.39146651958968,1.9176639356493421,SAFE,0.09073726561444762
broad_s10147_c00,broad,234.8747605976823,15.852697382326518,4.926978889281269,SAFE,0.9594966233418325
broad_s10147_c01,broad,122.61674286345144,32.23679158740484,0.1413035332990211,CAUTION,1.3592436301003807
broad_s10147_c02,broad,2205.9814478157678,6.749890342760937,3.6262714927028186,SAFE,0.07975955049956757
broad_s10147_c03,broad,1191.9557548664488,46.52926569952579,0.10056444775307688,SAFE,0.13982621920839708
broad_s10147_c04,broad,1554.3366368474924,5.578835814675192,2.2667647116778697,SAFE,0.11213660324886136
broad_s10147_c05,broad,528.0767707034777,0.40226387072700026,0.7096506578353047,SAFE,0.3298640742861396
broad_s10147_c06,broad,581.7268533070747,1.7412161118932699,1.6064811464574147,SAFE,0.29082435955606084
broad_s10147_c07,broad,250.83241913691836,0.5749687985727266,0.3656968537426159,SAFE,0.6974600267498339
broad_s10147_c08,broad,81.793572565371,19.968131560548184,0.21367920221320139,UNSAFE,2.0376478448217465
broad_s10147_c09,broad,149.7218325829293,0.8659052119998942,1.3374624464606204,UNSAFE,1.5976978665411448
broad_s10147_c10,broad,379.1547569574477,3.5846561856935653,0.4164369898890804,SAFE,0.44844743962430017
broad_s10147_c11,broad,912.457104193607,2.5797706878151647,0.8868296435390864,SAFE,0.18466478572835984
broad_s10148_c00,broad,689.1770741977406,3.4837884572900917,0.2219933712426887,SAFE,0.24330529508831303
broad_s10148_c01,broad,241.5490031113267,5.899094949860312,1.9122702158744642,SAFE,0.8842370197856525
broad_s10148_c02,broad,170.67315647405192,16.75015895589661,1.5257659511053516,CAUTION,1.0526618264608458
broad_s10148_c03,broad,197.7999806890976,7.562168424252626,3.1864738606219984,CAUTION,1.1976920024601672
broad_s10148_c04,broad,1504.774785642439,37.405065386421796,2.4957508790157017,SAFE,0.11388345008471673
broad_s10148_c05,broad,119.08094131891595,1.5873874508532362,0.38441703296430607,CAUTION,1.4770763330198429
broad_s10148_c06,broad,2433.2468041932725,48.52336607690314,0.8206382382970415,SAFE,0.06871181150117091
broad_s10148_c07,broad,478.9738481181878,12.77737765515366,0.10700909443258531,SAFE,0.3479852907723429
broad_s10148_c08,broad,1376.059943814206,2.2402204567525077,0.5392415069002378,SAFE,0.1224004342551446
broad_s10148_c09,broad,899.9530785618276,0.32786841908911907,0.6134529256383395,SAFE,0.18994207960368828
broad_s10148_c10,broad,85.86711003855083,0.5700231709891198,5.202605473338127,UNSAFE,9.290337012184025
broad_s10148_c11,broad,382.07768995247545,0.8498759591072798,0.1450314540202502,SAFE,0.4402114860284625
broad_s10149_c00,broad,2371.740166788936,45.27163529718732,0.21296789028861274,SAFE,0.07027189107831916
broad_s10149_c01,broad,1129.0348985105488,3.3835396456185425,5.305783286677973,SAFE,0.7550000000000001
broad_s10149_c02,broad,306.4734294580044,19.080097636453075,3.0199654359469728,SAFE,0.6466143037574376
broad_s10149_c03,broad,983.3939148274625,1.0968937000261156,2.131849867874811,SAFE,0.1785163461881173
broad_s10149_c04,broad,181.24715241083288,5.8091859559135735,0.5424608210289419,SAFE,0.9665977397293306
broad_s10149_c05,broad,1586.2661038731358,0.5759486488547314,0.16851021492770088,SAFE,0.10528880091782551
broad_s10149_c06,broad,99.88652886855014,0.324146438849227,0.3210935466717642,UNSAFE,1.7382703274209805
broad_s10149_c07,broad,431.476690809557,34.09793455232507,0.10350052332118968,SAFE,0.38627038312071554
broad_s10149_c08,broad,745.8438665538994,13.701927934415831,0.5701998562071027,SAFE,0.22615663988859047
broad_s10149_c09,broad,456.32616821377354,7.431855082705312,1.5323199843077195,SAFE,0.38843141671572506
broad_s10149_c10,broad,169.80884278895527,1.1701651267292394,0.8345945407653165,CAUTION,1.1676134924266905
broad_s10149_c11,broad,100.77693606995683,1.8973572621423704,4.227949128587449,UNSAFE,4.142713401072489
broad_s10150_c00,broad,537.7137580765997,6.051056206825357,0.7994692961079599,SAFE,0.32055387518342393
broad_s10150_c01,broad,1172.5699467163106,1.9230086417830823,1.84071616241944,SAFE,0.15043875504653184
broad_s10150_c02,broad,1596.8035409775207,15.057103405165714,0.13808999146479115,SAFE,0.10447002076328502
broad_s10150_c03,broad,430.3185600401896,1.0788684625707716,0.6469583374581057,SAFE,0.4073621925236134
broad_s10150_c04,broad,250.6636816244713,21.368221413214407,0.35571802430803245,SAFE,0.6649015349433661
broad_s10150_c05,broad,921.3655331703502,0.36598778247192554,0.17391389195016105,SAFE,0.18175533342151567
broad_s10150_c06,broad,617.0915422956057,58.337029657248685,3.3513997357409355,SAFE,0.2777196461090969
broad_s10150_c07,broad,135.2793542005918,0.5515389800007178,5.680166759903418,UNSAFE,5.153977049283111
broad_s10150_c08,broad,2056.253870385188,31.33275815423042,0.405330546220079,SAFE,0.08120320601247298
broad_s10150_c09,broad,214.9890691273144,1.3778318488208896,2.672508498524105,UNSAFE,1.5
broad_s10150_c10,broad,124.5232520530709,7.264610740061639,0.2503681817578382,CAUTION,1.3533231184705632
broad_s10150_c11,broad,81.7385948795167,3.6999753692067037,1.4792790405935987,UNSAFE,2.8872927089168563
broad_s10151_c00,broad,85.78458004769783,5.896188742609904,3.6379565897005386,UNSAFE,2.9333278780344507
broad_s10151_c01,broad,233.05901992830084,41.22686956297893,0.14675445205151952,SAFE,0.7151264312589838
broad_s10151_c02,broad,2285.0997457395247,16.1789974262008,0.3920606543017731,SAFE,0.07314857063406388
broad_s10151_c03,broad,1209.9783791033683,25.49843031966538,0.38623894855187246,SAFE,0.13808685748298324
broad_s10151_c04,broad,474.8052347570833,0.7231144518064508,0.27580580529055276,SAFE,0.3550782500794912
broad_s10151_c05,broad,1572.092807524854,2.941400715320657,4.3941656016288695,SAFE,0.1070420665782531
broad_s10151_c06,broad,623.6091860275612,1.7411908781113212,0.7269010870153084,SAFE,0.2730510083432641
broad_s10151_c07,broad,141.30974804392156,0.30982028113801635,0.8686294959985766,UNSAFE,1.5408094209176872
broad_s10151_c08,broad,332.6074911350737,1.984254199020519,2.4384470569730508,UNSAFE,1.5
broad_s10151_c09,broad,250.65145085553925,1.0332913704400648,1.5309862412480075,UNSAFE,1.5
broad_s10151_c10,broad,1008.1962132390485,9.633422461217009,0.1072925013913185,SAFE,0.16552065657994083
broad_s10151_c11,broad,118.04125501546908,10.594462840454076,1.6792364008908527,UNSAFE,1.6697274189360338
broad_s10152_c00,broad,137.56775306218097,2.4669501089273527,0.23106274382299835,CAUTION,1.251709823393825
broad_s10152_c01,broad,83.0261612869541,0.6514645590478039,0.1733957539038551,UNSAFE,2.096427590205441
broad_s10152_c02,broad,905.5024215750774,51.39656541354267,0.1278111412836686,SAFE,0.18405987957134085
broad_s10152_c03,broad,127.27034211565415,0.744159236891679,0.9050711473446311,UNSAFE,1.7612463669364733
broad_s10152_c04,broad,469.29562585044846,1.7453122876263596,0.6739323316961291,SAFE,0.37079098461456966
broad_s10152_c05,broad,308.2546861748192,9.82505677180626,0.547017857092665,SAFE,0.5548067182328333
broad_s10152_c06,broad,231.54330282594353,35.186249131460684,0.38192678315129924,SAFE,0.7198077621409044
broad_s10152_c07,broad,587.649910748392,14.2094987046721,1.4387549673041062,SAFE,0.2955376917436985
broad_s10152_c08,broad,1510.6492652818256,5.061309703537671,5.278142794503456,SAFE,0.11792421934730275
broad_s10152_c09,broad,2404.083913282341,0.4445641617562158,1.6344272630472227,SAFE,0.07115112528908073
broad_s10152_c10,broad,1286.5527834743682,18.793774673771328,3.322241731980861,SAFE,0.1348607662309125
broad_s10152_c11,broad,397.7370944521898,3.1225838261342966,2.415961854500835,CAUTION,1.247
broad_s10153_c00,broad,93.919669470003,0.3695499662076294,5.209055445090179,UNSAFE,7.875984713298158
broad_s10153_c01,broad,640.8171307636733,1.0489098321594923,0.22249026828382254,SAFE,0.2619348090780536
broad_s10153_c02,broad,1601.6943896632513,4.94413713418985,0.4675439235288469,SAFE,0.10462294461509727
broad_s10153_c03,broad,1057.7240211310354,8.229869748076755,0.1422214347171474,SAFE,0.15789865512181972
broad_s10153_c04,broad,384.0134215465897,30.718182342780185,0.11096939916950653,SAFE,0.43401260819329374
broad_s10153_c05,broad,107.29255116807116,11.117921126642528,0.38315140190247143,CAUTION,1.5555477474050667
broad_s10153_c06,broad,569.4529373157903,1.9088066580867498,3.195340469837438,UNSAFE,1.5
broad_s10153_c07,broad,186.57002615112071,15.994934151869131,2.79117260422092,CAUTION,1.0771150194328567
broad_s10153_c08,broad,925.4345755311622,3.277435926933486,0.6313403301292331,SAFE,0.18323111847301124
broad_s10153_c09,broad,141.0772799553193,1.7146290291808493,1.6195295609249682,UNSAFE,1.7475983588016306
broad_s10153_c10,broad,252.69978146804885,54.93717901654704,1.1628289126796227,SAFE,0.6595441211070565
broad_s10153_c11,broad,2334.6140776432912,0.6576077766479624,1.0448448345077113,SAFE,0.07225843073878695
broad_s10154_c00,broad,149.3927043405303,0.3781576414908515,0.3427562896457408,CAUTION,1.163208704075546
broad_s10154_c01,broad,337.48775860445323,15.326870792594525,1.0832305229125831,SAFE,0.5166922751162354
broad_s10154_c02,broad,698.8366558890009,1.2604634297462394,2.8706731673453887,UNSAFE,1.4020000000000001
broad_s10154_c03,broad,1190.190725237084,3.253848137404891,0.2094009531510384,SAFE,0.14052034846059455
broad_s10154_c04,broad,113.80076211789842,7.936840660602803,3.428698655623423,UNSAFE,2.0934700663355392
broad_s10154_c05,broad,99.94415284967803,25.14746631284829,5.405430347209897,UNSAFE,1.865804916935249
broad_s10154_c06,broad,779.3701336256962,19.17571027049545,0.732633591822034,SAFE,0.21664416949309534
broad_s10154_c07,broad,2176.8506168672106,0.7448220433930597,0.1836277948456513,SAFE,0.07667289420825894
broad_s10154_c08,broad,1498.3250300021143,0.5497764914475372,0.4400785421589738,SAFE,0.11174564254281405
broad_s10154_c09,broad,578.5079842844862,6.5073839701111815,1.1546348007195,SAFE,0.3002422438036799
broad_s10154_c10,broad,260.35723580564274,50.372487427181895,0.11313499872239281,SAFE,0.6401460591241734
broad_s10154_c11,broad,232.47439382174375,1.9220402636350682,2.017543241802293,UNSAFE,1.5
broad_s10155_c00,broad,574.389431233204,21.47443119198508,0.5164847293746211,SAFE,0.2918868738911618
broad_s10155_c01,broad,1152.3937185118498,50.99792164526865,0.16045616224562442,SAFE,0.144626496994354
broad_s10155_c02,broad,582.9981349468156,27.916298712747516,1.6732464141668626,SAFE,0.29624549465934674
broad_s10155_c03,broad,2236.3683193033276,1.4468092028360544,2.898668683013842,SAFE,0.0775220659205921
broad_s10155_c04,broad,1039.361020452443,2.05363524563908,0.1252397805840244,SAFE,0.16073259833303355
broad_s10155_c05,broad,271.6818391332495,10.46319587718746,0.22593069823083353,SAFE,0.6161032350429687
broad_s10155_c06,broad,187.55641080081045,7.747402192193188,0.8804758715009928,SAFE,0.9733531174757754
broad_s10155_c07,broad,80.36964240216658,5.099617538426921,4.2387952072695665,UNSAFE,3.267745125391248
broad_s10155_c08,broad,148.32587987863886,3.0819412875939496,1.5071607254784787,CAUTION,1.554001746021916
broad_s10155_c09,broad,343.6044421604049,0.5695363718487507,4.267686100040562,UNSAFE,1.5
broad_s10155_c10,broad,121.30654073397783,0.30728406593485275,0.2810884832308729,CAUTION,1.4306082232238375
broad_s10155_c11,broad,1482.7605026135097,0.9430173579991747,0.7474227845630524,SAFE,0.11280846060464594
broad_s10156_c00,broad,190.83068597433703,0.5560012115040105,1.296364524403921,UNSAFE,1.5
broad_s10156_c01,broad,576.0747375375274,0.8701696505980456,1.7401036501331815,SAFE,0.295400404630895
broad_s10156_c02,broad,75.01928094372899,7.53220712415914,0.3147293089964396,UNSAFE,2.238105515008276
broad_s10156_c03,broad,287.11760644875983,0.33012045800476775,0.15566214158490574,SAFE,0.5841394215810041
broad_s10156_c04,broad,1856.810876000009,6.301869542445745,0.13500881457579358,SAFE,0.08987794755033938
broad_s10156_c05,broad,1111.3486408883439,18.422871038397723,1.0295864703344184,SAFE,0.15234649969654598
broad_s10156_c06,broad,695.6180918512346,3.0851134723603715,3.437903133086378,CAUTION,1.11
broad_s10156_c07,broad,2384.465695321905,2.6172911880404044,2.2641251942284537,SAFE,0.0705771903529785
broad_s10156_c08,broad,363.7105516646739,10.811696963565279,0.22095280528632683,SAFE,0.4602798524878638
broad_s10156_c09,broad,127.71752685904785,1.5745081540287849,0.5040040960132629,CAUTION,1.4360883771744732
broad_s10156_c10,broad,817.5667199703176,40.5955634134054,4.447982780514156,SAFE,0.225002372617705
broad_s10156_c11,broad,142.11866137932404,37.80084365246463,0.6651654449555835,CAUTION,1.1727262338318616
broad_s10157_c00,broad,224.35880038427,4.753908126957056,0.10312081703236765,SAFE,0.7466008585799845
broad_s10157_c01,broad,560.9856997453918,11.483982630965631,0.7202256827719162,SAFE,0.30376108471977675
broad_s10157_c02,broad,241.40713097611274,6.921616222985132,0.19251238046333924,SAFE,0.6961875243117942
broad_s10157_c03,broad,612.0199132015398,1.226017338013181,3.15651916057199,UNSAFE,1.493
broad_s10157_c04,broad,1198.1628968861412,0.4577894877384968,1.6718398417507452,SAFE,0.14630445256093705
broad_s10157_c05,broad,983.2831169662268,0.5427973769206397,0.23087292957613714,SAFE,0.17053906750374045
broad_s10157_c06,broad,92.24810112319125,2.146075523459253,0.5185881900061694,UNSAFE,2.1302934599153716
broad_s10157_c07,broad,1869.6806820728414,21.785520907327072,0.2837315779325625,SAFE,0.08929888148160443
broad_s10157_c08,broad,113.39351426328696,46.67910919065489,4.976722524336422,CAUTION,1.4698075170422478
broad_s10157_c09,broad,140.64952404927115,25.373452795836027,0.941671975770394,CAUTION,1.1849785329129745
broad_s10157_c10,broad,1527.2788676181642,3.538186851142467,2.2424780466492433,SAFE,0.11461217265010627
broad_s10157_c11,broad,365.4540767119771,0.977131617990034,1.2223276081872618,SAFE,0.48067881544357466
broad_s10158_c00,broad,546.3263010003313,13.664762544544287,1.4102375454902503,SAFE,0.3185454297826647
broad_s10158_c01,broad,302.04939037510627,1.0273017400706281,0.24860441544593917,SAFE,0.5617028633339142
broad_s10158_c02,broad,1438.0966944677568,38.1267391515676,3.2285643423850865,SAFE,0.12029575255241542
broad_s10158_c03,broad,377.97116621294253,5.450638852142989,0.9828050076320375,SAFE,0.45901316544258114
broad_s10158_c04,broad,173.24892578591607,0.4571337525319788,4.873789577473982,UNSAFE,3.807899627806439
broad_s10158_c05,broad,1122.4991239972587,8.363474610544337,1.581552429546854,SAFE,0.15375675231564384
broad_s10158_c06,broad,898.0204824939248,2.0491465130609137,0.51135470606758,SAFE,0.18749713359168985
broad_s10158_c07,broad,223.41138178562383,1.387387828727537,2.9798652693350207,UNSAFE,1.5
broad_s10158_c08,broad,134.33318392461652,0.4691574888167444,0.29097591701403597,CAUTION,1.2999084934297243
broad_s10158_c09,broad,709.5022008447914,57.99736283946231,0.10488662875450486,SAFE,0.23490648297950195
broad_s10158_c10,broad,81.51423969057225,4.0603797515667175,0.19328987643454937,UNSAFE,2.094542077140569
broad_s10158_c11,broad,2185.100743580413,20.28758434858273,0.6553931072212659,SAFE,0.07666514428810749
broad_s10159_c00,broad,808.6983462156555,45.71277504897428,1.009490952791682,SAFE,0.20648927086719218
broad_s10159_c01,broad,131.3565530192076,2.9999631272211866,0.5039052740670986,CAUTION,1.3769195585821095
broad_s10159_c02,broad,1676.1844432397652,5.76610323064402,2.871849099038469,SAFE,0.10498790871846661
broad_s10159_c03,broad,137.533951310716,0.8637495009661741,3.215467099192612,UNSAFE,3.661893028553449
broad_s10159_c04,broad,271.9448940110036,0.30791351108506076,0.2644823961362776,SAFE,0.6173975194347128
broad_s10159_c05,broad,77.24793330521067,7.590569753916337,4.864721297970142,UNSAFE,3.2054045122811106
broad_s10159_c06,broad,603.6591492951795,19.253009416113517,0.11497537455354286,SAFE,0.2760939958605171
broad_s10159_c07,broad,183.04168312845894,37.76886223290516,0.554714112669194,SAFE,0.9105393676278093
broad_s10159_c08,broad,1179.4851591326142,1.2317660382006623,0.33774247006113056,SAFE,0.1420652390114995
broad_s10159_c09,broad,357.4885222533571,0.4746019117634971,1.4244696573038083,UNSAFE,1.486
broad_s10159_c10,broad,563.7656067451462,12.757224141572348,1.6543103338972664,SAFE,0.31083445752849626
broad_s10159_c11,broad,1876.2334901078545,2.2624121836496514,0.14351260906128624,SAFE,0.08896483661525209
broad_s10160_c00,broad,573.1526376274588,57.98016060975661,2.487229836972186,SAFE,0.29319061214180386
broad_s10160_c01,broad,84.26853234928747,4.06811993617989,0.19122021340462816,UNSAFE,2.024740586980007
broad_s10160_c02,broad,2121.528970020209,6.184440077809096,1.3367956227521463,SAFE,0.07975994262458656
broad_s10160_c03,broad,327.1266444288084,14.46342754266631,0.654802958739642,SAFE,0.520604618761772
broad_s10160_c04,broad,117.87658125074391,20.883884359663444,2.1098298703133134,CAUTION,1.477990664182261
broad_s10160_c05,broad,1221.2797821717415,0.4070054683690026,0.101789123851057,SAFE,0.13668863797500094
broad_s10160_c06,broad,816.0423637851794,1.8804658141940405,0.9562495508042516,SAFE,0.20881625219330885
broad_s10160_c07,broad,287.5353609937932,25.087669656980903,0.5470327629864057,SAFE,0.5796388523854087
broad_s10160_c08,broad,1548.7648314026578,6.7072233886819275,0.2788428783560768,SAFE,0.10797717782997686
broad_s10160_c09,broad,155.55088411507785,0.885780455230572,3.7465808081688783,UNSAFE,3.38817981679335
broad_s10160_c10,broad,225.3957331656829,1.660686566724364,4.85099470040118,UNSAFE,2.032649175057817
broad_s10160_c11,broad,603.23669646816,0.6624559767107083,0.2415088338603937,SAFE,0.27960188939646435
broad_s10161_c00,broad,1389.420238213188,11.1526199833579,1.2148559687460145,SAFE,0.12189238163030776
broad_s10161_c01,broad,97.13124714653864,31.754404168951762,0.45683901173288705,UNSAFE,1.7158343287388271
broad_s10161_c02,broad,100.54927865215966,0.694864688834926,1.9936708612869696,UNSAFE,4.276640914847884
broad_s10161_c03,broad,468.8282692680002,1.2365821684652474,4.7761924574008585,UNSAFE,1.5
broad_s10161_c04,broad,699.0380289185291,0.4117037491148255,0.11048367480613785,SAFE,0.23908895376434713
broad_s10161_c05,broad,214.33846828972213,23.133154774301754,3.2626778304160173,SAFE,0.8916133926006116
broad_s10161_c06,broad,841.0943087022551,7.787927528267562,0.1763330877834309,SAFE,0.1988150385047591
broad_s10161_c07,broad,312.7886891221344,2.524745189645083,0.26478519160423136,SAFE,0.541386124700439
broad_s10161_c08,broad,165.64660671860673,3.091080880382328,0.3784418137498096,CAUTION,1.0469652235476536
broad_s10161_c09,broad,2370.844685279795,0.9504145527988761,0.7619545606362835,SAFE,0.07048753297822898
broad_s10161_c10,broad,1588.406344171841,42.9424294380823,2.2920034171304584,SAFE,0.10727348265675621
broad_s10161_c11,broad,432.94831640124096,4.916237405927624,0.9426008080785645,SAFE,0.4008203009503797
broad_s10162_c00,broad,245.88088133822194,2.6081409797479176,0.17846350189659815,SAFE,0.6871812786323666
broad_s10162_c01,broad,714.644038514461,14.713922497686175,0.46348675638475434,SAFE,0.23530014796663415
broad_s10162_c02,broad,2158.505625319959,1.703883756238338,0.201495389119292,SAFE,0.07735955405252755
broad_s10162_c03,broad,1311.808687151424,22.987889996465707,1.0961444490787124,SAFE,0.1288003758988459
broad_s10162_c04,broad,117.87902972342249,45.398923286309326,2.2510284667546685,CAUTION,1.4137918941508276
broad_s10162_c05,broad,383.0661067556192,31.184253938578195,0.7082822809724862,SAFE,0.4350948995277794
broad_s10162_c06,broad,555.9053436813638,3.688604568132625,1.5621406036825636,SAFE,0.30807530791192667
broad_s10162_c07,broad,87.93238257302166,0.3751590752414763,0.9302534130508617,UNSAFE,3.416047411246848
broad_s10162_c08,broad,891.0008380085408,6.222656337948078,5.1647271511857635,SAFE,0.847
broad_s10162_c09,broad,156.59460769252595,0.5382102365783243,3.0803263242282064,UNSAFE,3.445139123332927
broad_s10162_c10,broad,1612.6037038010325,7.391816783247408,0.37712464697664433,SAFE,0.1038137036749742
broad_s10162_c11,broad,199.16128422640443,1.1244617785878261,0.11920478732172281,SAFE,0.8469423008190804
broad_s10163_c00,broad,87.83988226464871,2.944306296372231,0.10915270185337718,UNSAFE,1.9247523020981403
broad_s10163_c01,broad,277.19714854476274,5.1584354664207925,3.0061206869320416,CAUTION,1.236
broad_s10163_c02,broad,434.31111526684674,1.3802051808858,0.5623698362202733,SAFE,0.39687253401465433
broad_s10163_c03,broad,126.8876079325355,2.606312741759859,0.3289179764915303,CAUTION,1.3715361932202297
broad_s10163_c04,broad,1292.9698436196934,0.6836236440249064,3.1727043837194207,SAFE,0.13330583945354268
broad_s10163_c05,broad,194.96851594873849,14.836943648548736,0.145925575095012,SAFE,0.8548388741415389
broad_s10163_c06,broad,642.4008978703525,0.3303632056415371,1.6729377926532838,SAFE,0.26483341472217137
broad_s10163_c07,broad,813.8538989991883,33.315991050464184,0.901246309395478,SAFE,0.20634167578650311
broad_s10163_c08,broad,373.1434012118122,43.75866455245205,1.4023208867699313,SAFE,0.44666124202610746
broad_s10163_c09,broad,1737.359084737654,7.696074939046761,0.20971395711658566,SAFE,0.09614127223439484
broad_s10163_c10,broad,167.86669355556856,0.8429156503820736,0.40566936202692844,CAUTION,1.0273883409671207
broad_s10163_c11,broad,2127.7834168454515,23.369674884615705,4.502281786142279,SAFE,0.08160446621902707
broad_s10164_c00,broad,156.5001709302388,2.7444180484107092,0.17919976591942063,CAUTION,1.0866422426246554
broad_s10164_c01,broad,1807.4802368315093,27.82512601698207,0.2324197161756384,SAFE,0.09226776010457147
broad_s10164_c02,broad,1335.5273165905674,0.5535527940730554,2.9196828495495537,SAFE,0.1315937612040471
broad_s10164_c03,broad,332.4567977448215,9.057127564209729,1.6464641681783108,SAFE,0.5684217759654592
broad_s10164_c04,broad,910.978459769739,5.573981313191713,5.910052542367983,CAUTION,1.276
broad_s10164_c05,broad,2348.5788541632296,1.6639844878435823,0.1302758313126512,SAFE,0.07103971940805678
broad_s10164_c06,broad,464.59245346522675,11.833573834534594,0.3364319957347181,SAFE,0.36176086561250165
broad_s10164_c07,broad,606.3185175169845,44.56959109363005,0.4605446092763344,SAFE,0.27488302245691787
broad_s10164_c08,broad,114.9343884206242,23.401900265996407,0.5916736498872646,CAUTION,1.4501026809533244
broad_s10164_c09,broad,313.651874230318,2.65336022856098,0.9438119380083981,SAFE,0.551484841136293
broad_s10164_c10,broad,75.99553737453597,0.4416433471813823,3.8365052265268447,UNSAFE,7.372688777739632
broad_s10164_c11,broad,212.095883050578,0.8016049707936356,1.3515249599681753,UNSAFE,1.5
broad_s10165_c00,broad,336.6296930117553,1.3267444806755129,1.581310467521537,UNSAFE,1.4100000000000001
broad_s10165_c01,broad,477.34629235704404,0.3043280766040551,0.685824273505173,SAFE,0.3681229796699072
broad_s10165_c02,broad,931.0739235929353,34.798161724425,5.690430985553671,SAFE,0.20727253717449354
broad_s10165_c03,broad,1308.5117899807824,7.277395643194769,2.7461616306555414,SAFE,0.1333325830229325
broad_s10165_c04,broad,269.130010998695,6.046068041379507,1.4754849994994281,SAFE,0.7271641785576279
broad_s10165_c05,broad,88.36331352460465,0.5814104798976815,0.20421758240243598,UNSAFE,1.9601945887362797
broad_s10165_c06,broad,116.64156350185776,19.98012077015731,0.3758741952746456,CAUTION,1.4288788796052072
broad_s10165_c07,broad,637.8065645592944,2.1460005895044962,0.17161602153203578,SAFE,0.262706375614442
broad_s10165_c08,broad,2278.946118963204,56.04075374660294,4.066993647007857,SAFE,0.07539155146424185
broad_s10165_c09,broad,189.52397590782462,2.9063792707028604,0.5137292966876189,SAFE,0.9170488082665811
broad_s10165_c10,broad,143.4614852429442,0.9040084526557727,0.8110282454342201,UNSAFE,1.4504473514811744
broad_s10165_c11,broad,1803.1713207567423,13.42265936437524,0.11785263174140612,SAFE,0.0925016687061909
broad_s10166_c00,broad,295.8148375678433,0.6725442738675593,2.8534896007680217,UNSAFE,1.5
broad_s10166_c01,broad,917.1611912598867,1.6241548866080957,3.930169024764283,CAUTION,1.323
broad_s10166_c02,broad,1919.0118187285786,25.80138743368388,0.11312282372546703,SAFE,0.08685234731198598
broad_s10166_c03,broad,1052.4583138839853,0.9303464596604638,0.8479203031424649,SAFE,0.16207410341634698
broad_s10166_c04,broad,511.1710890736429,15.006341562900575,1.9084044694104731,SAFE,0.3507797058438557
broad_s10166_c05,broad,148.65778210689285,2.5479225165373656,0.22087858670671065,CAUTION,1.1540396807966682
broad_s10166_c06,broad,331.7913420547624,49.74748808297198,0.3397525082535474,SAFE,0.5023237363710915
broad_s10166_c07,broad,1582.6444896139412,7.698597971757777,0.15325699850577418,SAFE,0.10548537663831792
broad_s10166_c08,broad,210.54652796490655,3.5311621158682223,1.1389806184773927,SAFE,0.9410220604699955
broad_s10166_c09,broad,90.47615575839015,5.078289915572359,0.7517132961660682,UNSAFE,2.1563781734625693
broad_s10166_c10,broad,134.28886380819466,0.4188951415166094,5.3308098643490265,UNSAFE,5.749140765304344
broad_s10166_c11,broad,586.8596208367131,21.091366084524374,0.4650393128400444,SAFE,0.2853774471637213
broad_s10167_c00,broad,915.0906205286695,6.0608715880808886,0.23267613501342782,SAFE,0.1829729860559076
broad_s10167_c01,broad,2346.0218616519865,3.6545040552294528,0.34774734225158294,SAFE,0.07123416010762758
broad_s10167_c02,broad,1397.9870621298844,0.6767322311642112,0.9408199415916829,SAFE,0.12214170472110973
broad_s10167_c03,broad,1175.3174050017908,23.060581348107085,0.14071250242913785,SAFE,0.1418093167903228
broad_s10167_c04,broad,269.3586776814317,1.216300460096663,0.43969752652167005,SAFE,0.650221979134728
broad_s10167_c05,broad,489.94606891789846,15.45820280050693,3.1954981100841313,SAFE,0.4059489808641558
broad_s10167_c06,broad,381.47402704938264,32.85519580421176,2.9151851069602945,SAFE,0.47156594361633525
broad_s10167_c07,broad,88.30031726888777,0.864982102375013,4.740869549522126,UNSAFE,6.74025313618244
broad_s10167_c08,broad,154.00772423966214,53.248182841993085,0.11434817342212754,CAUTION,1.0821075330765635
broad_s10167_c09,broad,222.9014265043985,1.9432688722791058,1.4013513753191222,CAUTION,1.1520000000000001
broad_s10167_c10,broad,703.0712742412945,9.01485387805619,1.7396180978246507,SAFE,0.24641628837907045
broad_s10167_c11,broad,127.40062827490524,0.3429808708718838,0.6429502052333561,UNSAFE,1.5935537273903113
broad_s10168_c00,broad,1233.942813607534,20.569021137005247,1.0714059028575593,SAFE,0.1370519974835504
broad_s10168_c01,broad,597.2235200698306,0.37686222153236076,3.4980290952703346,UNSAFE,1.5
broad_s10168_c02,broad,128.2693213840264,13.478210779245627,2.458082028209302,CAUTION,1.5610193161418198
broad_s10168_c03,broad,221.07555554403118,0.6902927856990195,0.5495545195554439,SAFE,0.7766962266952383
broad_s10168_c04,broad,156.63430123518992,1.6788162166886553,0.14121485129580663,CAUTION,1.081524272101246
broad_s10168_c05,broad,269.8809789179886,26.325791962025335,0.11277929403318851,SAFE,0.6175561810056753
broad_s10168_c06,broad,885.4865740059262,3.4067564747189127,1.1059790097187727,SAFE,0.19370756650527995
broad_s10168_c07,broad,482.4338662061296,6.495402653429811,0.6481949972314193,SAFE,0.35503388927638435
broad_s10168_c08,broad,1812.5469807921502,0.7597720251792505,0.28812864143205796,SAFE,0.09222530525979458
broad_s10168_c09,broad,364.99816095519316,7.594709027314822,1.6802124965145064,SAFE,0.5156314434126077
broad_s10168_c10,broad,1924.4481755621043,40.19952828304465,0.2268747848092795,SAFE,0.08660493477771186
broad_s10168_c11,broad,83.03763929716025,1.9732522972441027,4.466236548684354,UNSAFE,5.218001923696388
broad_s10169_c00,broad,270.4795018374026,5.5156277636485225,3.948914857220863,UNSAFE,1.438
broad_s10169_c01,broad,192.84744973442437,7.023048098333239,0.2133582516504906,SAFE,0.8729990560581762
broad_s10169_c02,broad,520.6269117800761,54.75221672137609,0.864535999520538,SAFE,0.3201268756868832
broad_s10169_c03,broad,823.5228659156238,28.307406562574634,0.2797770261156054,SAFE,0.20238521996568223
broad_s10169_c04,broad,2349.290131716732,15.40501021691652,5.5103089129736516,SAFE,0.07364420446102166
broad_s10169_c05,broad,356.9453932329958,2.5418264876305354,2.5980846036727527,UNSAFE,1.5
broad_s10169_c06,broad,1522.5495039898349,1.413020389860084,0.1007501102748832,SAFE,0.10960676065400525
broad_s10169_c07,broad,1116.7017137716132,0.5292240914336984,1.3928614627887808,SAFE,0.1544052655552795
broad_s10169_c08,broad,83.56886425319057,0.8408865347827404,0.5534911740389602,UNSAFE,2.576741209349176
broad_s10169_c09,broad,110.4694643716372,0.4619838829745114,0.45169995720614775,UNSAFE,1.6986779005129193
broad_s10169_c10,broad,149.70319556165393,3.091150180194066,1.8429513852391992,CAUTION,1.6091205663659145
broad_s10169_c11,broad,616.3209206003768,23.646602879775894,0.15307560792101996,SAFE,0.2704218875197543
broad_s10170_c00,broad,503.9600505570226,0.643736316117339,1.3393428953294568,SAFE,0.3360796071528718
broad_s10170_c01,broad,750.1893930943733,2.6690993252646757,2.3798889773360643,SAFE,0.23069277188388176
broad_s10170_c02,broad,1435.1228742382996,0.7603795733218792,0.10240388786387551,SAFE,0.11627599370909385
broad_s10170_c03,broad,855.9938208502119,5.260938968434162,3.254371721217119,SAFE,0.213342243604139
broad_s10170_c04,broad,1080.379754379862,51.641894192201526,0.2974489466945773,SAFE,0.15426674369914786
broad_s10170_c05,broad,161.25707408347472,8.647422028841026,1.654374709673491,CAUTION,1.2705721157929937
broad_s10170_c06,broad,2159.0973870987427,14.846016281007033,4.333983187343691,SAFE,0.0808078570832797
broad_s10170_c07,broad,91.73663460306454,0.4554150723166147,0.8869744170886178,UNSAFE,2.6725584333648085
broad_s10170_c08,broad,224.952885704992,33.237415394861316,0.15048589590412567,SAFE,0.7408958818788668
broad_s10170_c09,broad,387.5840404690206,1.6202516447147135,0.709723941533722,SAFE,0.4533602438916953
broad_s10170_c10,broad,132.0951576001807,20.3081287878328,0.4400604662362946,CAUTION,1.2617167025042098
broad_s10170_c11,broad,257.13346346340273,3.1440392073779,0.23901293913913202,SAFE,0.659038327092039
broad_s10171_c00,broad,348.6798726317056,7.500328159219679,4.08727402630432,CAUTION,1.282
broad_s10171_c01,broad,192.05985144234145,3.9710046916848993,0.6786685788008799,SAFE,0.9303422003236342
broad_s10171_c02,broad,2377.3201645420945,18.618742020366888,1.1659524176612335,SAFE,0.07074202499256599
broad_s10171_c03,broad,1012.3751805800367,1.5164048597455306,0.15861470063937205,SAFE,0.16511386927162225
broad_s10171_c04,broad,116.82681063735495,32.396462211962785,1.9063085520886482,CAUTION,1.4266130305851772
broad_s10171_c05,broad,435.2197861042811,0.5913322201765601,2.6237141018340773,UNSAFE,1.5
broad_s10171_c06,broad,139.56358433742622,12.655821362861863,0.12086494236316624,CAUTION,1.1941988123758152
broad_s10171_c07,broad,1541.7002507707957,6.13074699474078,0.46950884503493595,SAFE,0.10872085786971045
broad_s10171_c08,broad,298.0432656732245,0.9067895865256688,5.383326670807557,UNSAFE,1.666824258569492
broad_s10171_c09,broad,648.1481227701898,41.7433137664117,0.3490701411423509,SAFE,0.25714286721117363
broad_s10171_c10,broad,78.37218318919327,0.4350540690087853,0.19835594087163316,UNSAFE,2.190915993239191
broad_s10171_c11,broad,1323.3678832373403,2.359385276871447,0.8874824159871645,SAFE,0.12848263728914908
broad_s10172_c00,broad,897.9905544333974,0.5904791102653628,0.15511216411279688,SAFE,0.18647143174230832
broad_s10172_c01,broad,275.50888361084657,1.7956025118359473,1.6968731175507417,UNSAFE,1.5
broad_s10172_c02,broad,576.2641062623254,47.78399447432946,0.5604115784813356,SAFE,0.2892192396775738
broad_s10172_c03,broad,99.36892358200876,4.48734019554498,0.2060232332452163,UNSAFE,1.7149441123115616
broad_s10172_c04,broad,407.95268515901347,1.6474376090236977,2.58411236142285,UNSAFE,1.5
broad_s10172_c05,broad,702.6333455596543,0.3827705222885752,0.33682641318482937,SAFE,0.2389025729622282
broad_s10172_c06,broad,1062.7088251080131,0.844828265186797,4.299269693544517,CAUTION,1.383
broad_s10172_c07,broad,123.26336407321389,19.407013172797384,0.4529605672648658,CAUTION,1.3521184328886935
broad_s10172_c08,broad,237.65123781292857,36.7142398536416,0.10878979738053964,SAFE,0.7013077991752632
broad_s10172_c09,broad,2391.514912651139,8.136143087890018,1.425077459922693,SAFE,0.07055655655335787
broad_s10172_c10,broad,135.1137439244474,3.0028285026506403,0.8632205674910504,CAUTION,1.5077780544711117
broad_s10172_c11,broad,1850.5867548489662,12.860605652592644,3.3143255647679415,SAFE,0.09435281438813231
broad_s10173_c00,broad,90.44012689460675,0.5404525133094767,0.7454071101161179,UNSAFE,2.5852026354504276
broad_s10173_c01,broad,256.7561894257545,2.3413192633756768,1.8179034367799503,UNSAFE,1.487
broad_s10173_c02,broad,950.1991683012453,3.6846861903199075,2.3270050049443447,SAFE,0.18114113011054364
broad_s10173_c03,broad,746.396248252819,0.9786040017776703,1.5013425936797469,SAFE,0.2367068060968185
broad_s10173_c04,broad,1930.727315488581,4.325619931847078,0.3379595878514304,SAFE,0.08663059174656383
broad_s10173_c05,broad,214.42560000501857,0.43022128676569465,0.8389156502772741,CAUTION,1.3760000000000001
broad_s10173_c06,broad,1477.7175235036548,1.3153983842926882,4.817370601667162,SAFE,0.11788245183173499
broad_s10173_c07,broad,1046.051176692795,11.092924162443566,3.9095049449993917,SAFE,0.17312623390986945
broad_s10173_c08,broad,174.50338860001665,22.350517570907808,0.12097535266279343,SAFE,0.95509129079399
broad_s10173_c09,broad,412.42938397900883,31.202114424524073,0.20877758420621623,SAFE,0.40410958370305866
broad_s10173_c10,broad,444.09366012044865,42.37900150892956,0.16537790281665501,SAFE,0.37529620805994407
broad_s10173_c11,broad,129.12403745869557,10.100949225509373,0.4644139900437846,CAUTION,1.3149970964030935
broad_s10174_c00,broad,558.6500914667837,41.33410820361332,1.0417845558183332,SAFE,0.29865129491681375
broad_s10174_c01,broad,814.0935472252022,10.908776616589153,0.6376510797917649,SAFE,0.2075953557947496
broad_s10174_c02,broad,420.1022360552223,4.871899137404526,0.1830707288926601,SAFE,0.3996576909854811
broad_s10174_c03,broad,83.67223994506153,1.600750898546446,2.0230655097880086,UNSAFE,3.265818449632602
broad_s10174_c04,broad,131.85611222179182,9.740296281936939,0.38397604209205,CAUTION,1.2798856343100298
broad_s10174_c05,broad,224.074745232245,2.6615838155171594,0.22498840392275804,SAFE,0.7573032249002943
broad_s10174_c06,broad,1325.2719036100725,0.9065368922118855,3.379805355426185,SAFE,0.12897472160644452
broad_s10174_c07,broad,705.719194453796,2.8644808606460908,0.13175544089068106,SAFE,0.23700161705361303
broad_s10174_c08,broad,1652.0154206748803,0.4641982581286844,1.339880519636552,SAFE,0.10343244874613124
broad_s10174_c09,broad,2342.8021716616513,16.462795647254946,0.4839922479900637,SAFE,0.07139694236189499
broad_s10174_c10,broad,142.86691853232028,0.6492890306806292,2.5048118367906302,UNSAFE,3.0656955197043665
broad_s10174_c11,broad,280.1150720538988,26.32705933428295,4.43010300007832,SAFE,0.7095760676138203
broad_s10175_c00,broad,767.6258520548648,32.96768402484943,1.2087046648758897,SAFE,0.22030626732616107
broad_s10175_c01,broad,212.6281769206085,59.28908730555477,5.9399904580932,SAFE,0.7893787299480084
broad_s10175_c02,broad,133.4949539984326,20.920572698252112,0.27371197259488556,CAUTION,1.2484866404685815
broad_s10175_c03,broad,151.36286120561945,1.459743830764659,0.6844171365178116,CAUTION,1.265649407078032
broad_s10175_c04,broad,245.3631339215185,0.49960421400097194,3.6923142993985136,UNSAFE,2.1215338362546765
broad_s10175_c05,broad,440.47190099846273,6.4391924726089345,0.9863704028447915,SAFE,0.39371851758216136
broad_s10175_c06,broad,1709.3401675772282,0.37930503832363427,0.13349599463397002,SAFE,0.09772732514344157
broad_s10175_c07,broad,1002.1720178319646,0.9852033385664803,2.4002560599333176,SAFE,0.17265077814240454
broad_s10175_c08,broad,1357.9404588988866,8.320921190421316,0.15260398274292164,SAFE,0.12296267459470987
broad_s10175_c09,broad,95.58099430025784,2.6823587448161375,0.47134222120530794,UNSAFE,1.9721329933188354
broad_s10175_c10,broad,394.8708043183521,3.4334864219683716,2.008825882356377,SAFE,0.6940000000000001
broad_s10175_c11,broad,2468.166793795655,13.224490583390185,0.3450500636668402,SAFE,0.06769427082993835
broad_s10176_c00,broad,105.30821012535763,32.09213340438716,1.7679354337635664,CAUTION,1.5826537833788235
broad_s10176_c01,broad,215.45192192437457,0.5277932498271747,0.10054885668458607,SAFE,0.7800576858150938
broad_s10176_c02,broad,168.2082985791238,0.771223276759585,2.7481155318969877,UNSAFE,2.623123815720146
broad_s10176_c03,broad,692.5787035967821,2.026157844135447,0.5218079434477767,SAFE,0.24543826988982595
broad_s10176_c04,broad,576.243470843986,0.356485165721991,4.671346901794958,UNSAFE,1.5
broad_s10176_c05,broad,100.2541816066543,4.658525814862338,3.5630144814371785,UNSAFE,2.611673717886063
broad_s10176_c06,broad,1121.9716451694953,48.08219678538994,0.2930775584185473,SAFE,0.14854802025009137
broad_s10176_c07,broad,969.3154713762029,8.867245009185906,0.24870720993121545,SAFE,0.1726794385461528
broad_s10176_c08,broad,1400.7787409252385,21.784906386151455,0.19728664740592908,SAFE,0.11907649297179666
broad_s10176_c09,broad,272.58168713597723,10.551159042919426,0.9316141105403841,SAFE,0.6468164585702268
broad_s10176_c10,broad,415.4979319671572,3.9391186873981954,1.3080950313029898,SAFE,0.41975392105905207
broad_s10176_c11,broad,1872.7579313412534,1.389063924153283,0.7516268092441043,SAFE,0.09015530450476424
broad_s10177_c00,broad,139.02249215094,0.6978246392294479,4.378298061784971,UNSAFE,4.239344534338613
broad_s10177_c01,broad,78.10604361530427,1.0397679740182255,0.42927743887661735,UNSAFE,2.5754467882353342
broad_s10177_c02,broad,120.39828068764382,41.231275684345206,0.25444882920012113,CAUTION,1.3842003516322243
broad_s10177_c03,broad,466.87224973234214,0.451805886001482,3.32245256182879,UNSAFE,1.5
broad_s10177_c04,broad,1682.124269930048,3.53073560423099,0.12747191295768587,SAFE,0.09922488157322415
broad_s10177_c05,broad,397.7990479775241,2.5705636837683423,0.9747857056647846,SAFE,0.43334007396782115
broad_s10177_c06,broad,268.71650152307984,11.08082932596013,0.19046380057557724,SAFE,0.6211856360086048
broad_s10177_c07,broad,203.86904508482078,27.573941083974493,1.6795479763268883,SAFE,0.8305627167206748
broad_s10177_c08,broad,628.6857460285808,4.6841819598568994,2.4512062786500617,SAFE,0.2923025878493025
broad_s10177_c09,broad,2124.423523449018,8.851733724269778,1.094774931120303,SAFE,0.0791473119739654
broad_s10177_c10,broad,1022.2319790856919,1.159583898131047,0.3502811926092876,SAFE,0.16413341757059519
broad_s10177_c11,broad,1317.6710887900256,19.497555226163254,0.6597008307071394,SAFE,0.1274829409625462
broad_s10178_c00,broad,518.0293584712169,1.3459954491878876,0.3199337587432226,SAFE,0.32643876668315736
broad_s10178_c01,broad,243.6047245245373,1.7600171638948752,0.1390961304964863,SAFE,0.6916481456788984
broad_s10178_c02,broad,170.30739910545432,4.5826648966086925,1.0784202952418687,CAUTION,1.175912622625993
broad_s10178_c03,broad,1839.7094466444628,20.666224688732573,0.6673777559139792,SAFE,0.09113807510401976
broad_s10178_c04,broad,1188.9440341691547,3.00893555674369,0.207237775274548,SAFE,0.1406682973066074
broad_s10178_c05,broad,76.47916881607985,12.951022432183404,1.2361605093990105,UNSAFE,2.272156925814785
broad_s10178_c06,broad,118.93590595599393,0.5212340615387248,0.19604688262979825,CAUTION,1.4737098276058533
broad_s10178_c07,broad,1894.0571160610543,0.3816963777669497,2.3337922711749233,SAFE,0.0909144811573607
broad_s10178_c08,broad,902.8500829472431,1.0662861201320275,1.6146474442625676,SAFE,0.19661118129259578
broad_s10178_c09,broad,710.0001635149981,10.17305640931868,0.4732854109901659,SAFE,0.23742525276384896
broad_s10178_c10,broad,337.41982969686984,27.919098891602243,4.863480883714785,SAFE,0.5961973601819762
broad_s10178_c11,broad,234.66798105308985,39.0205926634059,4.205950660728848,SAFE,0.7529895139037964
broad_s10179_c00,broad,313.0390172621532,0.503065084801587,1.951452626811148,UNSAFE,1.5
broad_s10179_c01,broad,1051.5420528475106,1.0812213521841407,3.996087538308981,SAFE,0.175
broad_s10179_c02,broad,453.127122375464,3.427655006359526,1.4200593387423301,SAFE,0.3833970365318718
broad_s10179_c03,broad,328.864093012318,1.2390415519389353,4.975925589229881,UNSAFE,1.5
broad_s10179_c04,broad,649.4221868044082,9.273683875112988,0.9214268102597778,SAFE,0.2642080268589443
broad_s10179_c05,broad,2324.2154530015887,0.4397830541457703,0.7182734206449768,SAFE,0.07180128172078369
broad_s10179_c06,broad,122.28918048637796,42.156794556241145,0.38328765718375424,CAUTION,1.3627983138039008
broad_s10179_c07,broad,793.7655307692341,23.043190882390476,0.10814726121396517,SAFE,0.20996964494685313
broad_s10179_c08,broad,1687.9365195090497,2.727601796352669,0.18123415300709464,SAFE,0.09894386892402848
broad_s10179_c09,broad,92.60957353964004,11.33387795116698,0.2071978235138979,UNSAFE,1.7996699509184628
broad_s10179_c10,broad,212.1757445334419,4.676785694182459,0.3989970743462328,SAFE,0.8123289511110867
broad_s10179_c11,broad,155.09417721337715,25.07055186424733,2.421623559607145,CAUTION,1.1266279149748166
broad_s10180_c00,broad,85.57991091302291,0.9476857019261036,1.2480737560476445,UNSAFE,3.043405134517936
broad_s10180_c01,broad,2016.8193523657262,47.931794762095926,0.6533283876829544,SAFE,0.0827853342979732
broad_s10180_c02,broad,771.8455426544687,8.309970358010204,1.044551013511527,SAFE,0.2223647581450657
broad_s10180_c03,broad,122.46673077513533,1.2877556911735617,0.3470877385612019,CAUTION,1.4118769917014466
broad_s10180_c04,broad,1845.2477328727239,5.209441802287949,2.8361269368460835,SAFE,0.09506115601527358
broad_s10180_c05,broad,373.71823152941374,18.168828856455196,0.23046241583240476,SAFE,0.4459687984401648
broad_s10180_c06,broad,201.66936501990483,27.15864902906193,0.1335893262816171,SAFE,0.8264352230549085
broad_s10180_c07,broad,142.70721792032808,2.1831396533043494,0.4398604985741106,CAUTION,1.2279010884037163
broad_s10180_c08,broad,1243.7701624866036,0.6138061527248544,4.900872670289634,SAFE,0.5700000000000001
broad_s10180_c09,broad,906.7064624812202,0.45279376022281137,1.9054296830531587,SAFE,0.19467159220172145
broad_s10180_c10,broad,543.1841369466513,12.341536909304475,0.18357956806231074,SAFE,0.3075449821231456
broad_s10180_c11,broad,256.3776870331771,3.3612238645586525,3.1002900796854127,UNSAFE,1.478
boundary_s10282_c01,boundary,176.2804244171976,4.215374073290606,0.543657690456275,SAFE,0.9980275811415616
boundary_s10267_c10,boundary,175.93184341846435,0.7923347050751267,0.29332672933984943,SAFE,0.9963809391554793
boundary_s10246_c08,boundary,209.1113315943956,10.741116617438987,2.2227421916186647,SAFE,0.9939746091772326
boundary_s10283_c09,boundary,171.36939294466683,1.8518198252210167,0.18179997799481482,SAFE,0.991393145664581
boundary_s10214_c00,boundary,171.63739754837187,12.298238958689678,0.5342273599783492,SAFE,0.9880778633101878
boundary_s10205_c10,boundary,184.20035766240665,0.49406973324602593,0.666155395433841,SAFE,0.9787754913950897
boundary_s10266_c06,boundary,170.3906695472055,47.79704735930481,0.12705500329318697,SAFE,0.9781354687773911
boundary_s10206_c05,boundary,180.05789024979902,0.8792733831382088,0.2955085142020591,SAFE,0.9719932388771131
boundary_s10260_c03,boundary,480.4010562625775,9.377962927250072,4.42723898349999,SAFE,0.9710000000000001
boundary_s10238_c04,boundary,179.6914766737006,1.3644789425892339,0.28061678856951355,SAFE,0.9662096292836995
boundary_s10298_c04,boundary,179.68581251621194,1.312440396570735,0.2624447019958145,SAFE,0.9629955538192122
boundary_s10222_c07,boundary,173.44488693766394,22.127403662585202,0.3509040482588641,SAFE,0.9609200340770518
boundary_s10275_c05,boundary,181.143725353942,1.242657805945075,0.5531908085941439,SAFE,0.953526853622729
boundary_s10208_c01,boundary,205.65817457236184,5.646989106717829,1.1919578314538282,SAFE,0.9517427192758801
boundary_s10292_c09,boundary,268.2214866158954,0.7603744771132356,1.0119654157473208,SAFE,0.9510000000000001
boundary_s10267_c11,boundary,181.10115708943758,17.629269132324463,0.9543592083763187,SAFE,0.9411995968970581
boundary_s10232_c02,boundary,177.3201187953843,22.528791605093076,0.6261082442889567,SAFE,0.939919665060616
boundary_s10241_c00,boundary,195.50186001082088,10.656674128186973,1.087119483105049,SAFE,0.9353393333471514
boundary_s10227_c07,boundary,178.66400899773882,26.947516466275285,0.24119671027142206,SAFE,0.9328496969106667
boundary_s10277_c07,boundary,178.9875352973121,38.75351289527381,1.447568647894801,SAFE,0.931163531511136
boundary_s10203_c06,boundary,184.0881490890685,0.8864203503007697,0.2050395493736048,SAFE,0.9219916014262137
boundary_s10295_c10,boundary,229.8037011868238,2.8411811758472725,1.4663535722204768,SAFE,0.9181198880352383
boundary_s10228_c05,boundary,189.55368634400895,2.22230433818777,0.4439817983389468,SAFE,0.9141915386505142
boundary_s10214_c11,boundary,206.25042050907248,25.300801225977974,3.4322456045020293,SAFE,0.9117386789589226
boundary_s10207_c10,boundary,189.22190020234518,1.044316682809204,0.46548994546137806,SAFE,0.9099911245219596
boundary_s10248_c08,boundary,186.0521262708823,2.7006709701679616,0.15540028450523521,SAFE,0.9089479932463572
boundary_s10233_c07,boundary,184.13671288928964,29.16842658563077,0.6008305847871893,SAFE,0.9051245894597363
boundary_s10281_c02,boundary,381.02212233037136,9.170341770829824,4.0631689854245865,SAFE,0.9000000000000001
boundary_s10276_c08,boundary,258.32390829948196,11.961435398519098,4.359847975246316,SAFE,0.8984041424330198
boundary_s10223_c03,boundary,192.09682880312934,10.299495087990625,0.5234542299340138,SAFE,0.8918187875053627
boundary_s10218_c11,boundary,187.11807182976864,12.138525935504878,0.25103641248065295,SAFE,0.8910368879402079
boundary_s10290_c09,boundary,199.73204317357076,1.1652339775398006,0.6929632079267929,SAFE,0.8896830005564736
boundary_s10291_c04,boundary,580.1128649614125,4.058663527524269,2.905126644739445,SAFE,0.887
boundary_s10277_c01,boundary,190.52377873386172,0.7346368366676931,0.19993992624318993,SAFE,0.8867295349821143
boundary_s10213_c00,boundary,250.09978946489628,6.947070225375743,2.4281802445084333,SAFE,0.8858542181622446
boundary_s10292_c00,boundary,200.47149339542787,0.3532953899551214,0.37790491039839147,SAFE,0.8827269205795533
boundary_s10243_c07,boundary,189.69920032358607,30.48119736433735,0.9902584769572795,SAFE,0.8785839180245333
boundary_s10219_c03,boundary,221.91573224762115,30.627053294251972,5.461414850266713,SAFE,0.8776061218620004
boundary_s10229_c09,boundary,198.21834549053975,43.600350495079525,5.165476575087317,SAFE,0.877046475439027
boundary_s10288_c00,boundary,190.5062136876325,32.84886358709429,0.155569481636304,SAFE,0.8748620984386469
boundary_s10237_c06,boundary,196.49307183480954,13.111477164009228,0.6844411805096695,SAFE,0.8727941265767868
boundary_s10258_c01,boundary,191.74847651311913,43.32213853278714,0.1162217765924824,SAFE,0.869193745893578
boundary_s10220_c04,boundary,203.63894449573363,6.164583586986449,0.5894262981786691,SAFE,0.8589787997494086
boundary_s10259_c09,boundary,194.44744688806713,12.545082549882094,0.24319174544669928,SAFE,0.857243462043125
boundary_s10289_c01,boundary,198.14801045465012,1.30087584330948,0.21629326905674512,SAFE,0.856820725402446
boundary_s10269_c10,boundary,194.9728632860296,55.62570222305688,0.48768503623645176,SAFE,0.8548123961686589
boundary_s10226_c06,boundary,217.8319149792319,10.312051302766069,1.2388524547490032,SAFE,0.8544276349128249
boundary_s10201_c11,boundary,257.7407944488094,7.59946386674514,2.500163709336662,SAFE,0.8537017507174783
boundary_s10267_c03,boundary,244.71187175247323,3.597466494961523,1.5542803312946776,SAFE,0.8533744695951349
boundary_s10262_c10,boundary,195.86305442829772,16.25901936939032,0.1671178515950993,SAFE,0.8509346857330881
boundary_s10260_c08,boundary,198.0229270317999,15.763920228066578,0.4848621298576034,SAFE,0.8444301094241148
boundary_s10209_c08,boundary,197.61102807953534,31.139604558258615,0.11206752590437102,SAFE,0.8434077193963017
boundary_s10212_c11,boundary,211.1733661249982,8.68689228302586,0.7344250601573401,SAFE,0.8344151836178163
boundary_s10236_c09,boundary,200.47089897846777,19.309544318802025,0.6013615444970202,SAFE,0.8321088363330408
boundary_s10223_c10,boundary,260.66591359270643,0.4864099557005393,0.9351675367091133,SAFE,0.8300000000000001
boundary_s10255_c10,boundary,200.88447441626334,47.6467947280626,1.3646466139192115,SAFE,0.8296641133107154
boundary_s10243_c02,boundary,464.42085221248595,10.155821441086925,4.36117639848673,SAFE,0.825
boundary_s10263_c11,boundary,305.8170351725571,4.554263393683906,2.1644685220970965,SAFE,0.8240000000000001
boundary_s10235_c01,boundary,206.3533410709451,0.6954919332400521,0.163949403292252,SAFE,0.8228117792601809
boundary_s10204_c06,boundary,229.922864124644,6.803652014282545,1.1656973581444272,SAFE,0.8220765241084512
boundary_s10257_c06,boundary,207.05103374298696,21.0778759670919,1.1182370538754836,SAFE,0.8207378737055429
boundary_s10270_c03,boundary,207.57448685391424,21.410122595789666,1.1527926484048931,SAFE,0.8190599889972445
boundary_s10293_c02,boundary,203.81886015783917,58.89220997142232,1.339087241364887,SAFE,0.8177151152023955
boundary_s10272_c00,boundary,247.43558875757472,8.15185918862822,1.7619851353178473,SAFE,0.8168523718746931
boundary_s10201_c06,boundary,204.19520312175584,22.250115472459086,0.19745214074340278,SAFE,0.816212448278161
boundary_s10281_c01,boundary,204.94488346460727,13.754754738606216,0.2587054896945551,SAFE,0.8132414231028211
boundary_s10259_c03,boundary,299.1789376886926,1.5189815129416873,1.2761604259830102,SAFE,0.81
boundary_s10242_c03,boundary,222.58886520967147,3.1869791844248505,0.7905634168378193,SAFE,0.8036539492488036
boundary_s10224_c01,boundary,212.599564045197,0.38709147785078324,0.161071732093443,SAFE,0.8014476496218628
boundary_s10299_c01,boundary,217.64972309087597,1.8332999034700748,0.5015479716737049,SAFE,0.7960064910666594
boundary_s10266_c07,boundary,214.53663089388905,11.299649239600088,0.5278045975959165,SAFE,0.7952282781089277
boundary_s10284_c03,boundary,235.85910034771908,2.693104363793273,1.0015698881162172,SAFE,0.7943374235889779
boundary_s10265_c01,boundary,210.19133502440468,16.96785901745117,0.20080997389945215,SAFE,0.7929283414433572
boundary_s10297_c03,boundary,210.85940508357868,44.33192492937089,0.1213451187202317,SAFE,0.7904159464880124
boundary_s10210_c04,boundary,216.3110524226154,2.339615214549922,0.2554616918445015,SAFE,0.788274546912993
boundary_s10228_c08,boundary,256.6321798743793,29.22289739701208,5.814167970909204,SAFE,0.7874683781731143
boundary_s10234_c00,boundary,214.71869825109644,35.206443926075714,2.2849912814395674,SAFE,0.7839592717264833
boundary_s10294_c09,boundary,218.50386836819587,8.089211963955009,0.4233715960166299,SAFE,0.782503499791731
boundary_s10285_c05,boundary,224.46986275226803,28.308012227041605,2.4000107665322314,SAFE,0.7816259669113602
boundary_s10298_c05,boundary,213.92032974218486,54.23470137214448,0.1961124248025993,SAFE,0.7791043052125358
boundary_s10218_c09,boundary,264.3819337925694,10.215289295359602,2.1791849362227382,SAFE,0.7759812236746485
boundary_s10245_c02,boundary,277.0948053837245,6.1963816222995876,2.1817169791267816,SAFE,0.7758263613565913
boundary_s10217_c09,boundary,215.1376556666831,52.84143045920769,0.7396479596202292,SAFE,0.7746970866123821
boundary_s10227_c08,boundary,231.23086686208688,6.0464609411439225,0.7771232419458051,SAFE,0.766969407674346
boundary_s10271_c02,boundary,223.7902236142845,1.8931853342551124,0.14823619482882097,SAFE,0.7545632814306507
boundary_s10276_c02,boundary,229.32500947887294,0.7467177592395908,0.5442698988738949,SAFE,0.7537981482944346
boundary_s10283_c10,boundary,222.5468960154544,20.875572049742438,0.43470516377554674,SAFE,0.748905824573228
boundary_s10254_c08,boundary,251.6444999594158,10.935583980977322,1.4490875818026625,SAFE,0.7473648397427861
boundary_s10211_c01,boundary,228.56053439737207,3.22540945253832,0.21668686661402664,SAFE,0.7414921706640268
boundary_s10274_c02,boundary,238.82425129128947,0.6112249332747227,0.46251668861154005,SAFE,0.7382920234469125
boundary_s10287_c03,boundary,229.5464203463886,1.3440990980585321,0.1604436590789108,SAFE,0.7373267274695275
boundary_s10231_c01,boundary,620.2757755382862,3.3989404170535824,2.7695665145617867,SAFE,0.737
boundary_s10300_c06,boundary,234.55358289214215,43.048434273888006,4.159110202431628,SAFE,0.73660190841116
boundary_s10245_c05,boundary,230.84613935204632,0.742230276057327,0.18441669363549834,SAFE,0.7355942864606663
boundary_s10221_c09,boundary,227.97434417610737,5.16777395390236,0.1181653653513006,SAFE,0.7351858797815936
boundary_s10240_c10,boundary,231.08560374719232,0.6321399668161606,0.13700569058227738,SAFE,0.7301681877133681
boundary_s10202_c04,boundary,228.74379338476626,41.882946581318,0.30575431478592635,SAFE,0.7286172109771765
boundary_s10250_c07,boundary,231.05301127210672,27.52178464882487,0.10118169336367987,SAFE,0.7213351851546972
boundary_s10247_c04,boundary,232.09325978564766,26.371938619323917,0.1288607893106288,SAFE,0.7181021405816179
boundary_s10251_c07,boundary,244.11366994402684,4.586024637409047,0.6657890883471013,SAFE,0.7138944751425359
boundary_s10257_c05,boundary,242.46492212122007,4.949332502135919,0.47631544482327876,SAFE,0.7123871992196867
boundary_s10252_c01,boundary,234.73631772821898,14.5888437156471,0.10123778425852908,SAFE,0.7100165337842407
boundary_s10249_c05,boundary,240.08342394179704,1.7826875529488018,0.2748483912578211,SAFE,0.7090928436072189
boundary_s10286_c03,boundary,238.98632463870416,18.099123956744357,0.7818766136729591,SAFE,0.708705137691645
boundary_s10268_c03,boundary,237.7221963188555,0.7649998648049517,0.11450597398939232,SAFE,0.7068690658326334
boundary_s10209_c00,boundary,397.81812514478713,0.30990880549708477,0.7601291971296994,SAFE,0.7060000000000001
boundary_s10263_c04,boundary,237.2453203416948,27.096775501721314,0.31812639792900427,SAFE,0.7025077098533281
boundary_s10216_c05,boundary,239.3998523695148,2.1659191426026068,0.11028816619025361,SAFE,0.7020073849933067
boundary_s10278_c07,boundary,262.217432970323,14.782459633225015,1.5393084334282738,SAFE,0.7004340835468058
boundary_s10279_c02,boundary,240.22127145564062,12.478734303260845,0.10352387540363164,SAFE,0.6938047811367243
boundary_s10300_c05,boundary,249.04907420337025,8.783661571439707,0.5587310795715675,SAFE,0.6913907752326802
boundary_s10242_c01,boundary,354.33099342374925,13.771550921935178,4.926546886147004,SAFE,0.6880000000000001
boundary_s10211_c06,boundary,266.2992656574255,22.260502516093247,2.2109186831767245,SAFE,0.686722422192288
boundary_s10271_c05,boundary,254.95229695046254,1.2531371796790272,0.5818010763907696,SAFE,0.6804594135002652
boundary_s10250_c04,boundary,252.3008466718229,10.62892535868182,0.4132119258058582,SAFE,0.6714376599479231
boundary_s10233_c06,boundary,252.06494194182957,14.78545702420265,0.5293818976704204,SAFE,0.6693474035228908
boundary_s10264_c05,boundary,282.3121795263186,2.280550852367023,1.2060756205574579,SAFE,0.6689743824414952
boundary_s10256_c05,boundary,270.72889598834297,11.344693278006106,1.1919055703008947,SAFE,0.6675960994175069
boundary_s10284_c01,boundary,252.50565748869704,17.448673560005727,0.44280876384268797,SAFE,0.6612441819916263
boundary_s10276_c06,boundary,336.02560039825016,9.986967524886886,3.389333991436528,SAFE,0.6601538869521334
boundary_s10248_c00,boundary,252.4665431024416,34.8025077766664,0.7274057589771721,SAFE,0.6601534786292527
boundary_s10283_c07,boundary,255.30122487606064,0.49000503461541306,0.1194219531552147,SAFE,0.658222409715287
boundary_s10216_c07,boundary,259.6521257454614,0.30022165639240433,0.18609051151920053,SAFE,0.6573591061150641
boundary_s10262_c04,boundary,362.88972341998266,5.278861119004605,2.2740615109323867,SAFE,0.657
boundary_s10273_c10,boundary,255.00017783910934,28.61299020138966,0.19479513604400156,SAFE,0.6535943154197069
boundary_s10205_c08,boundary,258.901634424935,0.7670397868419507,0.10919235953590707,SAFE,0.6497344040547076
boundary_s10224_c03,boundary,259.1381224403915,10.0227190093392,0.2946912913152047,SAFE,0.6492025625771666
boundary_s10229_c07,boundary,265.6362733730915,2.055484704908076,0.3587132193955467,SAFE,0.6476480415644641
boundary_s10297_c07,boundary,276.37888094346357,4.1308512819554375,0.9643974428259873,SAFE,0.6451387946130576
boundary_s10287_c05,boundary,260.9452457957372,0.5372415721442947,0.26670878442121854,SAFE,0.644081367539755
boundary_s10291_c07,boundary,272.49595382820775,0.42800290573774924,0.5893202133595112,SAFE,0.6435951474090666
boundary_s10202_c10,boundary,263.05937408190744,1.1186741375754652,0.17341718826461625,SAFE,0.6434327386264045
boundary_s10258_c06,boundary,261.76446968863985,22.72893255727217,0.1415821276642607,SAFE,0.6367046943571478
boundary_s10226_c03,boundary,263.79444383391717,5.2188576720501825,0.14715789519976266,SAFE,0.6364993397052494
boundary_s10241_c09,boundary,264.41800789985643,0.9434393891572558,0.10397440809739315,SAFE,0.6357013143383615
boundary_s10247_c01,boundary,310.4069217944074,0.687332847844274,1.092942953586397,SAFE,0.63
boundary_s10239_c00,boundary,265.3212157489642,12.2878090218267,0.10852433832086268,SAFE,0.6281693915663327
boundary_s10282_c04,boundary,267.88094453662706,1.323394639144383,0.1039644279057885,SAFE,0.6270366794516635
boundary_s10231_c07,boundary,266.64590455386025,35.09964246869757,0.1567546618107073,SAFE,0.6250486649837509
boundary_s10246_c04,boundary,277.2826702775347,0.8026141086722222,0.8594552203489227,SAFE,0.6196584485710569
boundary_s10209_c11,boundary,274.33088789738036,1.102310594442587,0.30035293471977365,SAFE,0.6174677767316278
boundary_s10297_c09,boundary,663.8879709148073,14.188550734442206,5.417775781532454,SAFE,0.615
boundary_s10212_c07,boundary,275.5458876107992,0.39662276581526734,0.15920628185744096,SAFE,0.611628213077804
boundary_s10296_c03,boundary,277.7601983490118,22.08564995312913,0.9888305463327244,SAFE,0.6102315891462781
boundary_s10238_c00,boundary,275.1003709990301,12.23227153431717,0.2690179776501501,SAFE,0.6081089570293775
boundary_s10217_c04,boundary,278.1996526247564,0.8140562756028215,0.12657951229248274,SAFE,0.6043527418198832
boundary_s10205_c02,boundary,340.00619166763437,10.97690302579673,2.566675616701239,SAFE,0.6038859967947995
boundary_s10275_c00,boundary,280.89527597151636,4.2913280250404275,0.12089737976741835,SAFE,0.5971023983353045
boundary_s10244_c08,boundary,292.1641583080083,1.9698400695528668,0.644304742755535,SAFE,0.5947266048509059
boundary_s10270_c07,boundary,282.906451613379,30.257343921475066,0.6215948675881137,SAFE,0.589122891034078
boundary_s10214_c07,boundary,286.2219381670014,4.5485230540186325,0.11302448883431883,SAFE,0.5854836337923373
boundary_s10257_c07,boundary,339.9397873889953,3.740773090119537,1.7177720064606412,SAFE,0.5810727516965275
boundary_s10210_c02,boundary,368.19097529885875,13.782762175740391,3.5709794743775736,SAFE,0.5802040378725964
boundary_s10219_c02,boundary,303.946391921711,1.1955811053361507,0.5447443892990297,SAFE,0.5785056409485964
boundary_s10232_c09,boundary,294.5883571846034,1.1344212007294303,0.20714257803029631,SAFE,0.5757664542154273
boundary_s10213_c07,boundary,394.6883661200974,1.8071752281380316,1.509703953437639,SAFE,0.5750000000000001
boundary_s10204_c09,boundary,291.8741993595147,0.5221035139895829,0.14346647039944363,SAFE,0.5748415020956682
boundary_s10262_c00,boundary,308.0186535751924,0.40971017729039344,0.48877715632913293,SAFE,0.5738035131002908
boundary_s10261_c07,boundary,292.59088695235897,0.43229068079570254,0.15761929448331075,SAFE,0.5733196246409025
boundary_s10208_c06,boundary,291.17675844147317,36.13472517317715,0.9865276884022485,SAFE,0.572390006533322
boundary_s10249_c10,boundary,294.262580445364,5.1669590126958,0.13055353899602573,SAFE,0.5697462157808522
boundary_s10230_c01,boundary,296.90627496565804,0.9193588287917739,0.17348141749259005,SAFE,0.5678654967365312
boundary_s10203_c07,boundary,296.54669945634714,0.6571871964746454,0.10789619626397476,SAFE,0.5666431042996002
boundary_s10236_c04,boundary,314.5250850894494,7.897695797536101,1.0926486573385907,SAFE,0.5661919424628907
boundary_s10206_c06,boundary,329.9619693278801,34.301715896951215,3.9406516809409973,SAFE,0.5614948397948675
boundary_s10209_c04,boundary,536.1673026583611,9.141487024898025,3.601098868694206,SAFE,0.561
boundary_s10280_c07,boundary,312.3301080829729,2.09244542897228,0.6994241610751533,SAFE,0.5557940439637364
boundary_s10268_c05,boundary,317.9817859735287,1.2193461543233652,0.7020955996029014,SAFE,0.5478853825479046
boundary_s10207_c00,boundary,333.39535154124917,17.521250938716662,1.7943261337866048,SAFE,0.547879616815407
boundary_s10279_c09,boundary,304.9939691657382,23.497759175216682,0.4393342388565443,SAFE,0.5464588926874727
boundary_s10253_c00,boundary,305.81097521199996,27.27907224160576,0.20367504907460715,SAFE,0.5449989705278776
boundary_s10280_c02,boundary,337.5005283200218,6.110640820946357,1.323983964083749,SAFE,0.5400085089098664
boundary_s10263_c06,boundary,557.6091441827775,15.195578458153287,5.1011993950728165,SAFE,0.532
boundary_s10297_c05,boundary,326.8004785163385,35.6178614031025,2.5247505063991844,SAFE,0.5310635375769179
boundary_s10224_c11,boundary,383.69814948900876,31.54642068836714,5.849199859174351,SAFE,0.5304862410556787
boundary_s10225_c08,boundary,317.8128549979677,9.343099329996463,0.28378289812504265,SAFE,0.5295875795667037
boundary_s10278_c06,boundary,325.6551297077855,0.41149696749664877,0.40471790443222816,SAFE,0.5282416382616121
boundary_s10255_c01,boundary,320.02789465353044,2.5292165988682336,0.21365699573964145,SAFE,0.5278387510320139
boundary_s10277_c08,boundary,317.4467798949483,7.04392113304031,0.11211781487090683,SAFE,0.5264659532816447
boundary_s10266_c00,boundary,319.2951645951453,0.4442657834466753,0.1495339165539271,SAFE,0.5262872902052033
boundary_s10230_c00,boundary,332.3672568639594,1.8388251416847223,0.6705128644206988,SAFE,0.5259386811781146
boundary_s10228_c00,boundary,385.1603948773402,24.33746124995193,4.2635283458148105,SAFE,0.5247597107393582
boundary_s10269_c04,boundary,320.72068730390765,8.516716566346474,0.24140118939060048,SAFE,0.524081689829609
boundary_s10289_c10,boundary,321.5565073549102,14.100886684237674,0.4130181230452884,SAFE,0.5229313184181579
boundary_s10242_c09,boundary,319.677411111413,10.033946242867366,0.17638169893961197,SAFE,0.5228564548042826
boundary_s10252_c04,boundary,318.9416238284668,37.09955436199697,0.30836061581049656,SAFE,0.5225616671353083
boundary_s10222_c08,boundary,323.0799049944347,0.42537037328964283,0.13233215149717625,SAFE,0.5218349477267676
boundary_s10227_c00,boundary,323.1517310593158,0.7488847864249913,0.3361952361980133,SAFE,0.5208364503841357
boundary_s10219_c10,boundary,324.2948092216618,0.9302641410530256,0.11671599193637806,SAFE,0.5178561017905758
boundary_s10212_c04,boundary,327.3774839061781,0.5071029922419054,0.3288890274157352,SAFE,0.512485530510228
boundary_s10284_c06,boundary,367.3730991696712,0.30215640107402963,0.7362255107614966,SAFE,0.511
boundary_s10240_c02,boundary,327.3213302507863,56.6295869783686,1.8128111626530725,SAFE,0.5091836408388252
boundary_s10246_c11,boundary,336.1489413859095,0.7116247245377356,0.253262031049641,SAFE,0.5065287012508852
boundary_s10260_c11,boundary,331.38281417069385,23.36812032519706,0.27052390695147266,SAFE,0.5029429998769251
boundary_s10292_c07,boundary,338.7989779361329,2.23245514947757,0.18070467055954384,SAFE,0.4968222756109014
boundary_s10254_c11,boundary,348.5030818486687,3.173223047652408,0.4974698113073216,SAFE,0.4946653405256855
boundary_s10264_c03,boundary,339.9006116279922,1.2849306913830514,0.13907725428385398,SAFE,0.49461179820073503
boundary_s10270_c04,boundary,346.58155550690145,0.6341512544252141,0.23006252507104197,SAFE,0.4903143420403259
boundary_s10245_c09,boundary,346.7088990957558,0.5113079695495106,0.3861135288741551,SAFE,0.48808236448875997
boundary_s10215_c02,boundary,346.1221763443493,1.3429054307471804,0.10489548817068785,SAFE,0.4842491460900741
boundary_s10270_c11,boundary,169.42489906450106,10.01255589032796,0.5038033628427387,CAUTION,1.0106712838442833
boundary_s10217_c01,boundary,166.67964552246198,0.3368921076153872,0.4766951196591774,CAUTION,1.0112018935405582
boundary_s10219_c04,boundary,170.50402278132344,22.48955510876183,1.905365521260248,CAUTION,1.025682296550456
boundary_s10286_c07,boundary,167.18647906797577,7.320753097725963,0.4135239655363132,CAUTION,1.028303083195695
boundary_s10223_c04,boundary,161.48623843296636,56.74213378875924,5.313848930805947,CAUTION,1.032083985646962
boundary_s10253_c05,boundary,194.6098851144179,1.9891185999715812,1.0322182509760123,CAUTION,1.032871951516642
boundary_s10215_c08,boundary,164.94574082096707,3.110390972742226,0.22795154600657955,CAUTION,1.0363731483773717
boundary_s10300_c01,boundary,167.01869111571304,0.6931351805781824,0.3785243808878929,CAUTION,1.0400205976070993
boundary_s10278_c04,boundary,169.05448846532053,0.5151384673966753,0.30929575563101075,CAUTION,1.0428186608127994
boundary_s10224_c02,boundary,165.01339953533773,0.7002048965685032,0.39949188553463627,CAUTION,1.0447037040616103
boundary_s10243_c05,boundary,160.6088427024762,22.474042607477237,1.319340374019586,CAUTION,1.049989071723062
boundary_s10241_c11,boundary,157.8324308237942,21.31684263495813,0.37055849320514095,CAUTION,1.0559722472537105
boundary_s10209_c03,boundary,157.65119792052485,59.25197313766933,5.893664641992739,CAUTION,1.0571882801938743
boundary_s10210_c00,boundary,160.20966189661647,0.6750810854454258,0.18381957884147662,CAUTION,1.0614505687829867
boundary_s10208_c08,boundary,163.97335102599894,2.2281621176023476,0.4982251719717787,CAUTION,1.0651301158797892
boundary_s10289_c02,boundary,155.5590802659995,8.3639433767949,0.11518872835360959,CAUTION,1.0714042948434495
boundary_s10229_c04,boundary,154.55096305441552,38.32330798155874,1.4695567685180433,CAUTION,1.0783927855079973
boundary_s10273_c06,boundary,155.72568335150112,7.1060754329920135,0.2212540160581718,CAUTION,1.0811087255953404
boundary_s10248_c06,boundary,178.56813131645404,4.711599126673673,0.9862542163658378,CAUTION,1.0867964854665373
boundary_s10212_c08,boundary,152.8159953524565,18.138473721512835,0.4730684508698912,CAUTION,1.0906362667223708
boundary_s10201_c02,boundary,151.13021748156183,14.428185251705104,0.45896643575412005,CAUTION,1.1041879896887636
boundary_s10293_c06,boundary,159.73826212996286,0.3390517692339046,0.26597803215475196,CAUTION,1.1056650184546515
boundary_s10294_c11,boundary,150.67145097439573,18.136033603850443,0.3689296851582334,CAUTION,1.1061595649927647
boundary_s10239_c05,boundary,162.41461280447396,26.8860719164652,3.2802494858377087,CAUTION,1.1072186696193547
boundary_s10237_c04,boundary,329.8926424236972,1.2596736339840566,1.3858153477308686,CAUTION,1.109
boundary_s10295_c04,boundary,152.2479180811001,0.45688244370900943,0.13940047689927046,CAUTION,1.109889874911762
boundary_s10261_c05,boundary,183.26805629441034,16.451213537815278,3.152048646975618,CAUTION,1.1130490062479275
boundary_s10291_c11,boundary,170.36662394846627,15.65017557947243,2.0211430211436623,CAUTION,1.1152849729833716
boundary_s10239_c03,boundary,369.84305566459915,1.5224676265539163,1.5757763805871736,CAUTION,1.116
boundary_s10261_c01,boundary,167.55114340413004,2.0658128195907777,0.7104865654021598,CAUTION,1.1160386412951917
boundary_s10221_c07,boundary,161.09496461832416,29.45282871493,3.9974668204879347,CAUTION,1.1217568694941844
boundary_s10211_c07,boundary,147.8147833007329,42.78956880083681,0.3838286577126556,CAUTION,1.1275256616222495
boundary_s10218_c10,boundary,168.94526351840196,0.8766316244213395,0.728306933304069,CAUTION,1.128431656726774
boundary_s10288_c04,boundary,153.49007866770893,1.2590196397244027,0.24054219147970946,CAUTION,1.1302009172458225
boundary_s10253_c11,boundary,156.0667892168885,0.8256460311277074,0.5300138950672261,CAUTION,1.1315907902580977
boundary_s10296_c07,boundary,211.22337781611458,9.502237304792581,4.188138513460659,CAUTION,1.1371145540004852
boundary_s10204_c01,boundary,153.08979353401813,2.6377038990830832,0.4355555872443223,CAUTION,1.1395873037867292
boundary_s10263_c08,boundary,149.73837392118665,0.8848480872077513,0.17948772816955685,CAUTION,1.140089646079039
boundary_s10235_c09,boundary,144.93933153408832,9.791441841104334,0.1026243809643448,CAUTION,1.1499064118939175
boundary_s10236_c02,boundary,445.03710252208157,3.0680587044466203,2.370810580469041,CAUTION,1.16
boundary_s10291_c08,boundary,203.71303589374088,1.8587701885918844,1.3078889986477897,CAUTION,1.164
boundary_s10236_c00,boundary,141.38584947051223,6.165813703216586,0.11847348761353592,CAUTION,1.1814545758713442
boundary_s10231_c10,boundary,141.06038456876183,47.0486634877549,1.0327255923776244,CAUTION,1.1814891607606688
boundary_s10238_c07,boundary,183.79404469724815,3.682367645126319,1.4531454389891751,CAUTION,1.181695436240118
boundary_s10247_c07,boundary,140.36775978261568,50.91446281626855,0.21416188762671381,CAUTION,1.1872119102473513
boundary_s10249_c01,boundary,140.94579428001973,17.786780520419274,0.832757484423548,CAUTION,1.188332221978653
boundary_s10262_c05,boundary,140.1215059346006,36.1144793234966,1.3835927190117199,CAUTION,1.1894435184536585
boundary_s10259_c08,boundary,140.70722463060073,10.250707067730113,0.32317569386652234,CAUTION,1.1908096885331418
boundary_s10292_c11,boundary,139.934927037577,45.743281754944114,1.5167867835801367,CAUTION,1.191010290731691
boundary_s10240_c05,boundary,150.2645426793027,25.115822024037993,3.1141913551170504,CAUTION,1.1983495567717521
boundary_s10280_c00,boundary,139.00915179579644,17.085068903352276,0.3555921210941191,CAUTION,1.1989618274305993
boundary_s10247_c00,boundary,624.1256338831303,7.533947202406911,5.209742462461082,CAUTION,1.201
boundary_s10215_c05,boundary,259.7007431049599,6.69418377348391,3.532697055216954,CAUTION,1.204
boundary_s10220_c11,boundary,999.3197501617701,2.7549019729483564,4.882052115760796,CAUTION,1.206
boundary_s10272_c06,boundary,152.2819324640571,3.9964228954031498,0.6605735189358898,CAUTION,1.210055171290696
boundary_s10287_c10,boundary,143.50294069820205,0.9207779699779352,0.31499777670651014,CAUTION,1.2114406580456571
boundary_s10256_c07,boundary,141.57484116236495,2.1087478490177314,0.22048204573953917,CAUTION,1.2158741262283814
boundary_s10220_c10,boundary,150.61417828931548,10.759117504599384,1.0707984671661555,CAUTION,1.2168389078241728
boundary_s10288_c10,boundary,306.76072731782335,12.191371483440816,5.917458766886566,CAUTION,1.217
boundary_s10203_c03,boundary,143.55833272086514,7.983517154846,0.6566074675127409,CAUTION,1.239858637336002
boundary_s10265_c11,boundary,137.8422937925846,1.6334299700201054,0.17871792444907766,CAUTION,1.24171028559616
boundary_s10207_c06,boundary,134.20479287305835,48.91669876255921,2.180394417987529,CAUTION,1.2418349663974355
boundary_s10230_c03,boundary,194.19547355960873,11.01412710722576,5.07214743037083,CAUTION,1.2465995873508697
boundary_s10268_c02,boundary,132.93211011742775,16.018498202751857,0.23864189858600107,CAUTION,1.2537728207235415
boundary_s10276_c11,boundary,162.1197846334496,3.6313475026795694,1.0296029743963993,CAUTION,1.2539374701237453
boundary_s10237_c09,boundary,133.22561352808037,0.3037060639112666,0.13523737868499078,CAUTION,1.262215549729227
boundary_s10296_c11,boundary,131.91938638835285,57.3430924538132,0.11001344652770889,CAUTION,1.2626807087596117
boundary_s10223_c00,boundary,131.97150156127043,25.367576329964823,0.6141273314367388,CAUTION,1.2628989144657532
boundary_s10234_c06,boundary,139.45102815011938,0.3343278052120864,0.23625224655942642,CAUTION,1.265969845253608
boundary_s10206_c00,boundary,185.19893700493625,4.256533215317743,2.1141479958694385,CAUTION,1.2664432740218254
boundary_s10276_c01,boundary,133.2735114653729,0.35099162862302774,0.1207844473866436,CAUTION,1.268375498741959
boundary_s10285_c00,boundary,138.13301907590508,4.163329940187555,0.41418275824748485,CAUTION,1.2694687208651387
boundary_s10225_c02,boundary,149.1698560954353,3.9462635299391358,0.7414544050162,CAUTION,1.269889892737409
boundary_s10254_c10,boundary,130.19388008012515,39.19481180474465,0.20939233879269487,CAUTION,1.280118668762254
boundary_s10300_c03,boundary,130.22175040128312,10.411130192576366,0.2524825020352052,CAUTION,1.2801671448801841
boundary_s10298_c02,boundary,130.14333074810708,8.264245250560647,0.1375049223881363,CAUTION,1.2806394228178286
boundary_s10271_c06,boundary,137.53574487242287,0.3053148735871027,0.26679373859768973,CAUTION,1.2832869168864443
boundary_s10254_c03,boundary,134.6399312004602,0.5144879405309933,0.3118465241732781,CAUTION,1.2873987154593034
boundary_s10253_c10,boundary,129.1299792660093,10.698812884627731,0.12645920881533107,CAUTION,1.2906891770138915
boundary_s10215_c07,boundary,128.5300280732124,20.097316364335963,0.5872021101057419,CAUTION,1.296713843175774
boundary_s10213_c09,boundary,170.56646397045628,6.493125234441952,2.0505325890450963,CAUTION,1.3096029756037022
boundary_s10244_c04,boundary,144.12859686564767,16.413469065232693,2.4671718064547656,CAUTION,1.3351306809752808
boundary_s10290_c00,boundary,124.20146938943036,46.03238383771038,0.2639515536529377,CAUTION,1.3417130899771526
boundary_s10265_c06,boundary,125.96538966215223,0.977337444671517,0.117537976505435,CAUTION,1.3447529610435314
boundary_s10205_c07,boundary,998.3896152784955,2.0176491410808968,4.429454746827664,CAUTION,1.346
boundary_s10228_c06,boundary,483.63706198508,1.5538659027123407,2.1099381038919924,CAUTION,1.356
boundary_s10244_c09,boundary,205.51817837867102,0.6452413078600954,0.8970530788847425,CAUTION,1.357
boundary_s10271_c01,boundary,130.7230036128142,22.740847339936842,2.6196323455527146,CAUTION,1.357707403959742
boundary_s10260_c06,boundary,125.18506744597164,1.9928600207051557,0.15499624616644805,CAUTION,1.3624474085583609
boundary_s10260_c02,boundary,139.9150164327227,2.901403073359181,0.690376005580128,CAUTION,1.3680888700765916
boundary_s10244_c02,boundary,126.79877777904204,5.1067330414156356,0.3651209453560909,CAUTION,1.3710331164186493
boundary_s10228_c07,boundary,146.1013007109065,0.9500126082816872,0.7437824937812976,CAUTION,1.3747614791565326
boundary_s10228_c01,boundary,120.7724628838294,10.593511072518055,0.2551679001390998,CAUTION,1.3800200528775137
boundary_s10216_c10,boundary,129.0095810710258,3.0335914764028384,0.44681515351445805,CAUTION,1.3804544175308866
boundary_s10249_c06,boundary,120.47477754024193,12.824707496053556,0.4054731934600777,CAUTION,1.3837373865703064
boundary_s10207_c02,boundary,251.30647351803867,8.705451620793964,5.672137511398852,CAUTION,1.393
boundary_s10260_c10,boundary,321.12379270121835,0.8004684253641586,1.3023849837553847,CAUTION,1.3980000000000001
boundary_s10264_c04,boundary,122.02896719549817,0.4910090949890462,0.30939020658418787,CAUTION,1.4040821501410883
boundary_s10251_c11,boundary,125.33658958262204,0.36709784583111593,0.23625858560329596,CAUTION,1.4063948539356907
boundary_s10263_c09,boundary,132.59969592706838,23.872026670022088,3.964151642419227,CAUTION,1.4088642140291396
boundary_s10261_c06,boundary,773.7080192869681,4.837486371779029,5.016434541543125,UNSAFE,1.4100000000000001
boundary_s10272_c09,boundary,121.33753281416608,0.7118916928526877,0.32137133410261215,CAUTION,1.410507110604625
boundary_s10275_c03,boundary,120.61585634797794,3.1325075476294235,0.25051644734464723,CAUTION,1.4306687273483818
boundary_s10231_c02,boundary,129.58383904665033,21.315014650109212,3.164016484223125,CAUTION,1.4307377036664792
boundary_s10282_c11,boundary,684.2555422047623,1.0623565236224948,2.953053783147383,UNSAFE,1.446
boundary_s10205_c11,boundary,149.59070678544649,8.199166321250617,2.0489935042096077,CAUTION,1.4465224142659514
boundary_s10238_c02,boundary,114.99620802284022,55.0629808497037,0.18506825744003616,CAUTION,1.4477130248302392
boundary_s10230_c07,boundary,114.80407905602401,54.296850076775236,1.6741025508203158,CAUTION,1.4507490579551503
boundary_s10211_c00,boundary,555.102937588848,2.130363713741716,3.1434637229699267,UNSAFE,1.455
boundary_s10245_c04,boundary,114.28127299595226,29.460263649596513,0.8353330054861792,CAUTION,1.4583889662374363
boundary_s10269_c05,boundary,349.7722606594735,2.861240022055707,3.340763432812507,UNSAFE,1.464
boundary_s10269_c03,boundary,119.8473383311647,22.090711197744998,2.438042199684746,CAUTION,1.4640175087197198
boundary_s10219_c01,boundary,116.55747409893168,15.719620489972622,1.1123465859381607,CAUTION,1.4704601293624728
boundary_s10294_c05,boundary,113.32388647354516,33.002751402279316,0.5576489177202822,CAUTION,1.4706992085180417
boundary_s10281_c11,boundary,255.08571679677812,2.927412392738942,2.112277968107936,UNSAFE,1.472
boundary_s10290_c04,boundary,293.8443016835882,0.8853994409117941,1.3259374765338798,UNSAFE,1.474
boundary_s10267_c08,boundary,385.3789636646903,1.4864757771601027,2.5893395294390986,UNSAFE,1.475
boundary_s10287_c02,boundary,489.55999302849347,1.9144853690602652,3.908413273894165,UNSAFE,1.477
boundary_s10264_c06,boundary,139.9654935724776,17.934547888149055,4.322133043947422,CAUTION,1.4774540136698944
boundary_s10297_c00,boundary,113.2144129710947,10.216291549550341,0.36589264886646855,CAUTION,1.479198096604786
boundary_s10209_c07,boundary,133.8289045202486,14.100581701146915,2.417558777364391,CAUTION,1.4795802692510922
boundary_s10296_c05,boundary,786.6648808024382,1.5755351518551368,4.599099457292139,UNSAFE,1.481
boundary_s10243_c11,boundary,252.04533167469137,5.506794456593253,3.9605919671352345,UNSAFE,1.485
boundary_s10226_c09,boundary,137.07212081967288,0.8800681752747196,0.7303163327790342,CAUTION,1.488044270067434
boundary_s10286_c11,boundary,832.6085968306768,0.43080222365094656,4.275383176299579,UNSAFE,1.49
boundary_s10259_c06,boundary,755.0149361688909,0.5843199715372387,3.0617345513380965,UNSAFE,1.495
boundary_s10268_c09,boundary,153.8002857778394,7.424520431177093,2.5685486930484607,CAUTION,1.4955441060293961
boundary_s10216_c03,boundary,140.4020595720608,11.03954365238137,2.4026146459809494,CAUTION,1.4960108673005226
boundary_s10202_c02,boundary,819.6908060400555,0.4109268964419705,4.4960200228472775,UNSAFE,1.5
boundary_s10206_c09,boundary,304.4776419325914,3.280922751258214,4.367062621031684,UNSAFE,1.5
boundary_s10210_c01,boundary,291.7406078265555,4.004034477167751,5.870709776051077,UNSAFE,1.5
boundary_s10210_c05,boundary,487.0822669530327,0.9716747302259191,2.2880764454539695,UNSAFE,1.5
boundary_s10211_c03,boundary,741.1245719914737,0.3270312987177306,5.867823360555124,UNSAFE,1.5
boundary_s10213_c06,boundary,185.97403309420525,3.407898389469578,3.4590635045364975,UNSAFE,1.5
boundary_s10213_c11,boundary,458.1206243340243,1.7315039505373697,4.385878081670574,UNSAFE,1.5
boundary_s10214_c04,boundary,369.1010501106859,0.7752459080170191,1.98727704352515,UNSAFE,1.5
boundary_s10215_c01,boundary,182.56428250791183,0.5016085821665973,0.8143141308886821,UNSAFE,1.5
boundary_s10217_c05,boundary,388.068356994732,4.772815909352199,5.465223029273375,UNSAFE,1.5
boundary_s10218_c08,boundary,465.7406584305461,2.3845937246245312,5.118005335903227,UNSAFE,1.5
boundary_s10220_c09,boundary,302.04102444844006,0.6303179651377679,2.210215642218538,UNSAFE,1.5
boundary_s10222_c11,boundary,557.9832782276335,0.6273685276309238,3.349456474009556,UNSAFE,1.5
boundary_s10225_c09,boundary,229.5961489144346,0.34639089133449796,1.2222242475767886,UNSAFE,1.5
boundary_s10225_c11,boundary,889.5426198068675,2.5852447161549597,5.476922864961289,UNSAFE,1.5
boundary_s10230_c04,boundary,176.78618250436375,1.460498489540045,2.2572816758503076,UNSAFE,1.5
boundary_s10231_c05,boundary,227.88689116031367,0.7396760663879334,1.584636063097416,UNSAFE,1.5
boundary_s10231_c09,boundary,437.77928355543366,1.6406278040417184,4.27945165775,UNSAFE,1.5
boundary_s10232_c04,boundary,224.83331524668733,3.355693820711008,4.327708971537644,UNSAFE,1.5
boundary_s10237_c05,boundary,292.2897079344487,3.316757401915285,5.732584128605755,UNSAFE,1.5
boundary_s10238_c08,boundary,727.946451769846,0.9080299370075735,5.731971269886862,UNSAFE,1.5
boundary_s10241_c06,boundary,370.36270457932005,2.8150756275461117,4.186904972437795,UNSAFE,1.5
boundary_s10244_c01,boundary,351.774007980606,0.3285975141592963,3.1443679010482004,UNSAFE,1.5
boundary_s10245_c11,boundary,172.29845525854688,8.036038740025027,4.6607226334894785,UNSAFE,1.5
boundary_s10247_c09,boundary,333.7566939321831,1.1490207220719035,3.3000584457997504,UNSAFE,1.5
boundary_s10249_c09,boundary,500.0043044424821,1.7529619860984267,3.994199764938845,UNSAFE,1.5
boundary_s10251_c03,boundary,211.81856778301906,1.9426735231269323,1.5362732219296376,UNSAFE,1.5
boundary_s10252_c11,boundary,388.0449507391018,1.7421331950298826,2.3514774237211395,UNSAFE,1.5
boundary_s10254_c05,boundary,204.0314236484462,0.9975354601870511,2.2163762728943825,UNSAFE,1.5
boundary_s10255_c04,boundary,172.64864431141174,3.6548230455641315,3.010368029555198,UNSAFE,1.5
boundary_s10258_c03,boundary,406.43883470967216,0.8894985213168031,2.398535688472537,UNSAFE,1.5
boundary_s10258_c04,boundary,157.57950413321356,0.6572706049678181,0.9686368444874391,UNSAFE,1.5
boundary_s10265_c04,boundary,265.1913769839338,1.957035836638258,3.5994905559328823,UNSAFE,1.5
boundary_s10266_c10,boundary,921.3505763455058,4.458528949040423,5.8355428027855165,UNSAFE,1.5
boundary_s10269_c01,boundary,170.40729666692204,0.7897464809593472,1.555122668830235,UNSAFE,1.5
boundary_s10272_c01,boundary,226.0995464576757,0.3959110553200919,1.416956694551475,UNSAFE,1.5
boundary_s10273_c03,boundary,181.340822080692,3.5516941731658562,3.3394648008904215,UNSAFE,1.5
boundary_s10273_c04,boundary,439.8859415485083,0.30395880627750815,2.819276161394813,UNSAFE,1.5
boundary_s10274_c05,boundary,311.12844688683924,0.33639706849719714,2.853031491102592,UNSAFE,1.5
boundary_s10274_c07,boundary,174.54024671740584,1.8090728689828253,1.771985152609619,UNSAFE,1.5
boundary_s10277_c09,boundary,334.86035504356136,1.4932512428879243,2.3845617026530244,UNSAFE,1.5
boundary_s10278_c03,boundary,220.78107261840006,1.7104552707034895,2.6647281304226116,UNSAFE,1.5
boundary_s10279_c11,boundary,360.7644841968389,0.656442638861149,2.8297876952999212,UNSAFE,1.5
boundary_s10280_c05,boundary,212.09369133410775,3.72335306206344,5.00590133336909,UNSAFE,1.5
boundary_s10284_c09,boundary,492.28020229528204,0.6317962097550789,3.200939749304932,UNSAFE,1.5
boundary_s10285_c09,boundary,295.1886871415141,2.3297339337872454,4.0057246626030105,UNSAFE,1.5
boundary_s10286_c00,boundary,314.6151983795019,3.537843332574127,3.228424939043671,UNSAFE,1.5
boundary_s10286_c01,boundary,541.4070673646065,0.8137971991170342,2.967323891525762,UNSAFE,1.5
boundary_s10287_c01,boundary,353.81364681368314,5.140533385663034,4.5772303143269095,UNSAFE,1.5
boundary_s10287_c04,boundary,766.4013551412779,0.30312503641338623,2.9016111533822686,UNSAFE,1.5
boundary_s10291_c01,boundary,990.2812463166508,0.48807841686618425,4.826001697757807,UNSAFE,1.5
boundary_s10293_c01,boundary,301.1745757362438,4.808496121744179,3.848438958686339,UNSAFE,1.5
boundary_s10293_c05,boundary,370.344298470347,2.7634719893214155,4.756374502130095,UNSAFE,1.5
boundary_s10294_c00,boundary,262.0894467417076,0.3442799353804367,1.1698338829922004,UNSAFE,1.5
boundary_s10295_c06,boundary,245.84631961891887,2.384779548916129,4.280890723193373,UNSAFE,1.5
boundary_s10296_c06,boundary,144.64063172326163,0.39461185657408865,0.6351719853665952,UNSAFE,1.5
boundary_s10297_c06,boundary,160.32813331504957,0.5368502032970227,1.116927237900467,UNSAFE,1.5
boundary_s10298_c07,boundary,337.9432781300301,0.3992948917892758,3.061302826781458,UNSAFE,1.5
boundary_s10298_c11,boundary,288.20695136213993,2.9181306221027428,4.647598958582449,UNSAFE,1.5
boundary_s10300_c00,boundary,521.9451577573526,0.33026677095107165,5.92257154102314,UNSAFE,1.5
boundary_s10300_c09,boundary,355.1897146177361,0.853306000732458,2.583952178059161,UNSAFE,1.5
boundary_s10247_c11,boundary,112.47398416458208,4.165070959440314,0.140973912752857,CAUTION,1.5003715535571358
boundary_s10280_c11,boundary,115.1176309123708,0.9679198830993083,0.24935679094167573,CAUTION,1.50932592494687
boundary_s10282_c05,boundary,109.66616069484766,13.749257521327088,0.18603233009985035,CAUTION,1.5197638506775262
boundary_s10218_c02,boundary,109.60085970011717,19.598809032740164,0.16938478682584038,CAUTION,1.520669327641177
boundary_s10284_c02,boundary,153.13087000943867,5.705577816448921,2.222020773154948,CAUTION,1.521266003156639
boundary_s10242_c06,boundary,170.61733662900127,1.4044595491147178,2.315872762326139,UNSAFE,1.5258235140148788
boundary_s10217_c08,boundary,109.1443769962663,16.108700759551883,0.1570960789119015,CAUTION,1.5270293462759228
boundary_s10220_c08,boundary,132.90036746766233,8.027954261092264,1.4424916130460192,CAUTION,1.5274238757891996
boundary_s10214_c08,boundary,113.71623568848861,1.394794165368192,0.33487497115913795,CAUTION,1.5288093178387239
boundary_s10299_c10,boundary,301.8265232258944,0.6019881695442687,4.082705223227213,UNSAFE,1.5302331358734194
boundary_s10234_c07,boundary,270.60104921311944,1.458177119415973,4.900225916270487,UNSAFE,1.5405377680004708
