time_s,desired_force_n,contact_force_n,uav_x_m,uav_y_m,uav_z_m,target_x_m,target_v_mps,target_a_mps2,roll_rad,pitch_rad,yaw_rad,omega1,omega2,omega3,omega4
0,0,0,-0.3,0,1,0,0,0,0,-0,0,439.945795106146,439.945795106146,439.945795106146,439.945795106146
0.001,0.00157314992578518,0,-0.3,0,1,0,0,0,0,-0,0,439.945795106146,439.945795106146,439.945795106146,439.945795106146
0.002,0.00315099657414453,0,-0.3,0,1,0,0,0,-2.47275529655583e-28,4.02270865532671e-11,-3.88383138780959e-17,439.94489237804,439.945795106146,439.946697777754,439.945795106146
0.003,0.00473352402093059,0,-0.299999999999999,-4.51400506911661e-32,0.999999999999999,0,0,0,-4.12658935177609e-26,3.59518506325582e-10,-4.17519890714685e-16,439.943113944822,439.945795106145,439.948475986212,439.945795106145
0.004,0.00632071605906113,0,-0.299999999999995,-2.13465183561152e-30,0.999999999999994,0,0,0,-8.56449645690751e-25,1.42891310431693e-09,-2.07898811802307e-15,439.940486305954,439.945795106143,439.951103123164,439.945795106143
0.005,0.00791255619658125,0,-0.299999999999975,-3.45848583108361e-29,0.999999999999981,0,0,0,-8.06702092204014e-24,3.94460973333053e-09,-6.97565748850806e-15,439.937035445981,439.945795106135,439.954553098159,439.945795106135
0.006,0.0095090276547265,0,-0.299999999999914,-3.11317681934678e-28,0.999999999999951,0,0,0,-4.79110144891158e-23,8.82106260410821e-09,-1.83879556362488e-14,439.932786843009,439.945795106118,439.958800330255,439.945795106118
0.007,0.0111101133659872,0,-0.299999999999765,-1.91929517243389e-27,0.99999999999989,0,0,0,-2.0981677623124e-22,1.7184211338884e-08,-4.11974756918104e-14,439.927765477071,439.945795106092,439.963819739751,439.945795106092
0.008,0.0127157959721741,0,-0.299999999999442,-9.06740584293106e-27,0.99999999999978,0,0,0,-7.3988635721141e-22,3.03648435226558e-08,-8.21181424837451e-14,439.921995838363,439.945795106058,439.969586740027,439.945795106058
0.009,0.0143260578224855,0,-0.299999999998817,-3.51390711601188e-26,0.999999999999598,0,0,0,-2.21882526449103e-21,4.98920875776459e-08,-1.49888604852793e-13,439.915501935364,439.945795106031,439.976077229494,439.945795106031
0.01,0.0159408809715763,0,-0.299999999997696,-1.16802358639715e-25,0.999999999999316,0,0,0,-5.86745068215204e-21,7.74870338172835e-08,-2.55428886711851e-13,439.908307302842,439.945795106036,439.983267583663,439.945795106036
0.011,0.017560247177628,0,-0.299999999995807,-3.43490675788224e-25,0.999999999998896,0,0,0,-1.40321522704919e-20,1.1505648156645e-07,-4.11964155528811e-13,439.900435009731,439.945795106122,439.991134647313,439.945795106122
0.012,0.0191841379004222,0,-0.29999999999278,-9.13920407547247e-25,0.999999999998298,0,0,0,-3.09111887922563e-20,1.64686810264805e-07,-6.35118302941194e-13,439.89190766691,439.945795106362,439.999655726782,439.945795106362
0.013,0.0208125342994143,0,-0.299999999988126,-2.23406912015386e-24,0.999999999997473,0,0,0,-6.55043657174781e-20,2.28637972499741e-07,-9.42979876338741e-13,439.882747434851,439.945795106864,440.008808582349,439.945795106864
0.014,0.0224454172318113,0,-0.299999999981216,-5.07868031968795e-24,0.999999999996366,0,0,0,-1.27289815506327e-19,3.0933760694489e-07,-1.35614274988636e-12,439.872976031167,439.945795107779,440.018571420736,439.945795107779
0.015,0.0240827672506506,0,-0.299999999971257,-1.08729921668531e-23,0.999999999994915,0,0,0,-2.3895358937808e-19,4.09375269209073e-07,-1.89772378224285e-12,439.862614738041,439.945795109307,440.028922887709,439.945795109307
0.016,0.0257245646028824,0,-0.299999999957266,-2.20729210380067e-23,0.999999999993051,0,0,0,-4.33075800039141e-19,5.31496778629264e-07,-2.59335957252287e-12,439.851684409555,439.94579511171,440.039842060783,439.94579511171
0.017,0.0273707892274544,0,-0.299999999938041,-4.27485932771207e-23,0.9999999999907,0,0,0,-7.46257199937576e-19,6.78598679069409e-07,-3.47118429852118e-12,439.8402054789,439.945795115316,440.051308442028,439.945795115316
0.018,0.0290214207533994,0,-0.299999999912139,-7.95207205084511e-23,0.999999999987779,0,0,0,-1.23693154113825e-18,8.53722811814944e-07,-4.56179049760072e-12,439.828197965487,439.945795120536,440.063301950984,439.945795120536
0.019,0.0306764384979261,0,-0.29999999987784,-1.4280916507271e-22,0.999999999984199,0,0,0,-1.98674966404441e-18,1.06005099868042e-06,-5.89817453579677e-12,439.815681481951,439.945795127867,440.075802917669,439.945795127867
0.02,0.0323358214645137,0,-0.299999999833116,-2.48569566039295e-22,0.999999999979868,0,0,0,-3.10858641711461e-18,1.30089983347495e-06,-7.51566839916291e-12,439.802675241049,439.945795137909,440.088792075689,439.945795137909
0.021,0.0339995483410087,0,-0.299999999775604,-4.20619438644049e-22,0.999999999974684,0,0,0,-4.75486669033249e-18,1.57971557999719e-06,-9.45185933698497e-12,439.789198062461,439.945795151372,440.102250555444,439.945795151373
0.022,0.0356675974977266,0,-0.299999999702567,-6.93686527836201e-22,0.999999999968541,0,0,0,-7.13074846128257e-18,1.9000691747579e-06,-1.1746498786696e-11,439.775268379481,439.945795169088,440.116159877434,439.945795169089
0.023,0.0373399469855569,0,-0.299999999610859,-1.11734767416669e-21,0.999999999961329,0,0,0,-1.0491809867263e-17,2.26565133265491e-06,-1.44414019165445e-11,439.760904245616,439.945795192025,440.130501945663,439.945795192026
0.024,0.0390165745340717,0,-0.299999999496893,-1.76116973803029e-21,0.999999999952931,0,0,0,-1.51633049966282e-17,2.68026775385071e-06,-1.75803390305596e-11,439.746123341086,439.945795221294,440.145259041129,439.945795221296
0.025,0.040697457549639,0,-0.299999999356599,-2.72123552870255e-21,0.999999999943226,0,0,0,-2.15606191769594e-17,3.14783443012888e-06,-2.12089199970888e-11,439.730942979221,439.945795258164,440.160413815414,439.945795258167
0.026,0.0423825731135405,0,-0.299999999185388,-4.12827039179371e-21,0.999999999932089,0,0,0,-3.01982018452564e-17,3.6723730490308e-06,-2.53744727812738e-11,439.715380112768,439.945795304074,440.175949284371,439.945795304078
0.027,0.0440718979800928,0,-0.299999998978115,-6.15770702222852e-21,0.999999999919391,0,0,0,-4.17080621323246e-17,4.25800649409894e-06,-3.01259170837139e-11,439.6994513401,439.945795360643,440.191848821888,439.945795360648
0.028,0.0457654085747747,0,-0.299999998729031,-9.04205243751667e-21,0.999999999905,0,0,0,-5.68608270583133e-17,4.90895443957793e-06,-3.55136340171896e-11,439.683172911334,439.945795429684,440.20809615376,439.94579542969
0.029,0.0474630809923585,0,-0.299999998431749,-1.30858876634188e-20,0.99999999988878,0,0,0,-7.65849034112765e-17,5.62952903794874e-06,-4.15893326837819e-11,439.666560734355,439.945795513213,440.224675351634,439.945795513221
0.03,0.0491648909950468,0,-0.299999998079201,-1.86839516603212e-20,0.999999999870592,0,0,0,-1.0199075809517e-16,6.42413069869555e-06,-4.84059144497304e-11,439.649630380751,439.945795613465,440.241570827056,439.945795613474
0.031,0.0508708140106141,0,-0.299999997663589,-2.6342744134437e-20,0.999999999850297,0,0,0,-1.34397111266102e-16,7.29724395672851e-06,-5.60173356550456e-11,439.632397091653,439.945795732903,440.258767325595,439.945795732914
0.032,0.0525808251305545,0,-0.299999997176347,-3.67061130575997e-20,0.999999999827754,0,0,0,-1.75364757819628e-16,8.25343342890917e-06,-6.44784694355105e-11,439.614875783496,439.945795874229,440.276249921058,439.945795874244
0.033,0.0542948991082343,0,-0.299999996608096,-5.05853305310959e-20,0.999999999802818,0,0,0,-2.2672649367324e-16,9.29733985714833e-06,-7.38449672810471e-11,439.597081053684,439.945796040402,440.29400400979,439.94579604042
0.034,0.0560130103570514,0,-0.299999995948593,-6.89941777115605e-20,0.999999999775347,0,0,0,-2.90608630574209e-16,1.04336762365692e-05,-8.41731209022332e-11,439.579027186172,439.945796234639,440.312015305056,439.945796234662
0.035,0.0577351329485995,0,-0.299999995186691,-9.31897855708826e-20,0.999999999745198,0,0,0,-3.69467646662931e-16,1.16672240272509e-05,-9.55197249284991e-11,439.560728156964,439.945796460438,440.330269831506,439.945796460466
0.036,0.05946124061084,0,-0.29999999431029,-1.24719780530203e-19,0.999999999712226,0,0,0,-4.66137434643324e-16,1.30028294480903e-05,-1.07941940914496e-10,439.542197639525,439.945796721581,440.348753919726,439.945796721614
0.037,0.0611913067262787,0,-0.299999993306287,-1.65476403713028e-19,0.99999999967629,0,0,0,-5.83859628946317e-16,1.44453998513412e-05,-1.21497163088421e-10,439.523449010114,439.945797022148,440.367454200865,439.945797022188
0.038,0.0629253043301509,0,-0.299999992160532,-2.17758318891094e-19,0.999999999637249,0,0,0,-7.26326908776526e-16,1.59999001764125e-05,-1.36242886236304e-10,439.504495353027,439.945797366531,440.386357601345,439.945797366578
0.039,0.0646632061086118,0,-0.299999990857775,-2.84340845385939e-19,0.999999999594964,0,0,0,-8.97730243024751e-16,1.76713494815284e-05,-1.52236576076056e-10,439.485349465774,439.945797759438,440.405451337648,439.945797759495
0.04,0.0664049843969347,0,-0.299999989381622,-3.68555385008036e-19,0.999999999549298,0,0,0,-1.10280167243871e-15,1.94648175518732e-05,-1.69535542439518e-10,439.466023864159,439.94579820591,440.424722911182,439.945798205977
0.041,0.0681506111777168,0,-0.299999987714481,-4.74378847451362e-19,0.999999999500119,0,0,0,-1.34686016796286e-15,2.1385421582867e-05,-1.88196815547956e-10,439.446530787295,439.945798711329,440.444160103226,439.945798711408
0.042,0.0699000580790913,0,-0.299999985837513,-6.0653393338e-19,0.999999999447297,0,0,0,-1.63586554463511e-15,2.34383229372368e-05,-2.08277025633494e-10,439.426882202536,439.945799281427,440.463750969947,439.94579928152
0.043,0.0716532963729486,0,-0.29999998373058,-7.70601095359484e-19,0.999999999390707,0,0,0,-1.97646562406797e-15,2.56287239745687e-05,-2.29832286128841e-10,439.407089810336,439.945799922297,440.483483837497,439.945799922406
0.044,0.0734102969731642,0,-0.299999981372199,-9.73143092483684e-19,0.999999999330228,0,0,0,-2.3760467171366e-15,2.79618649520469e-05,-2.52918080621222e-10,439.387165049025,439.945800640402,440.503347297179,439.945800640529
0.045,0.0751710304338354,0,-0.299999978739485,-1.22184311273938e-18,0.999999999265744,0,0,0,-2.84278856068929e-15,3.04430209951056e-05,-2.77589153738738e-10,439.367119099523,439.945801442586,440.523330200688,439.945801442733
0.046,0.0769354669475262,0,-0.299999975808102,-1.52565732622909e-18,0.999999999197148,0,0,0,-3.38572100961711e-15,3.30774991367383e-05,-3.03899406113441e-10,439.346962889968,439.945802336079,440.54342165543,439.945802336248
0.047,0.0787035763435203,0,-0.29999997255221,-1.89498286512183e-18,0.999999999124335,0,0,0,-4.01478105844249e-15,3.5870635424229e-05,-3.31901793543274e-10,439.326707100282,439.94580332851,440.563611019902,439.945803328704
0.048,0.0804753280860834,0,-0.299999968944413,-2.34184217955717e-18,0.99999999904721,0,0,0,-4.74086429763579e-15,3.88277920920892e-05,-3.61648230452217e-10,439.306362166661,439.945804427913,440.583887899152,439.945804428135
0.049,0.0822506912727346,0,-0.299999964955708,-2.88008479912632e-18,0.999999998965684,0,0,0,-5.57588596419409e-15,4.19543548000023e-05,-3.93189497729584e-10,439.285938285993,439.945805642734,440.604242140302,439.945805642987
0.05,0.0840296346325259,0,-0.299999960555428,-3.5256075094954e-18,0.99999999887968,0,0,0,-6.53284696529995e-15,4.52557299345968e-05,-4.26575155010268e-10,439.265445420213,439.945806981841,440.624663828145,439.94580698213
0.051,0.0858121265243328,0,-0.299999955711194,-4.29659382942989e-18,0.999999998789124,0,0,0,-7.62589514934306e-15,4.87373419738867e-05,-4.61853457440582e-10,439.244893300582,439.945808454531,440.645143280804,439.945808454858
0.052,0.0875981349351527,0,-0.299999950388858,-5.21377383118377e-18,0.999999998693956,0,0,0,-8.87038103214167e-15,5.24046309132363e-05,-4.99071276958524e-10,439.224291431905,439.945810070536,440.665671045465,439.945810070905
0.053,0.0893876274784152,0,-0.299999944552452,-6.30070530761994e-18,0.999999998594125,0,0,0,-1.02829263294547e-14,5.62630497517257e-05,-5.38274028102358e-10,439.203649096677,439.945811840026,440.686237894167,439.945811840443
0.054,0.0911805713923003,0,-0.299999938164134,-7.58407727873742e-18,0.999999998489589,0,0,0,-1.18814764327509e-14,6.0318062037807e-05,-5.79505598348537e-10,439.182975359171,439.945813773625,440.706834819669,439.945813774093
0.055,0.0929769335380692,0,-0.299999931184133,-9.09403682964017e-18,0.999999998380319,0,0,0,-1.36853653934017e-14,6.45751394731631e-05,-6.22808282966048e-10,439.162279069452,439.945815882406,440.72745303137,439.94581588293
0.056,0.0947766803984036,0,-0.299999923570697,-1.08645403157384e-17,0.999999998266299,0,0,0,-1.57153792342303e-14,6.90397595736951e-05,-6.68222724364714e-10,439.141568867333,439.945818177902,440.748083951297,439.945818178488
0.057,0.0965797780757573,0,-0.299999915280038,-1.2933729824428e-17,0.999999998147523,0,0,0,-1.79938117062966e-14,7.37174033865827e-05,-7.15787855902801e-10,439.120853186269,439.945820672112,440.76871921016,439.945820672765
0.058,0.0983861922907183,0,-0.299999906266281,-1.53443359002966e-17,0.999999998023999,0,0,0,-2.054453341218e-14,7.86135532623768e-05,-7.65540850109488e-10,439.100140257185,439.945823377501,440.789350643462,439.945823378229
0.059,0.100195888380382,0,-0.299999896481405,-1.8144107427148e-17,0.999999997895751,0,0,0,-2.33930448158599e-14,8.3733690681103e-05,-8.17517071269931e-10,439.079438112245,439.94582630701,440.809970287673,439.945826307817
0.06,0.102008831296736,0,-0.299999885875195,-2.13862695824177e-17,0.999999997762814,0,0,0,-2.65665404525637e-14,8.90832941313674e-05,-8.71750032312032e-10,439.058754588562,439.945829474055,440.830570376466,439.945829474949
0.061,0.103824985605057,0,-0.299999874395184,-2.51300107376435e-17,0.999999997625241,0,0,0,-3.00939695465574e-14,9.46678370414748e-05,-9.28271355926779e-10,439.038097331843,439.945832892533,440.851143337009,439.945832893521
0.062,0.105644315482321,0,-0.299999861986603,-2.94409991148074e-17,0.9999999974831,0,0,0,-3.40060884608018e-14,0.000100492785761584,-9.87110739847449e-10,439.017473799984,439.945836576824,440.871681786316,439.945836577913
0.063,0.107466784715621,0,-0.299999848592325,-3.43919300519186e-17,0.999999997336475,0,0,0,-3.83355163613212e-14,0.000106563597595938,-1.0482959262074e-09,438.996891266602,439.945840541794,440.892178527662,439.945840542992
0.064,0.109292356700602,0,-0.299999834152809,-4.00631046725888e-17,0.999999997185469,0,0,0,-4.31167908113996e-14,0.000112885718884233,-1.11185267488912e-09,438.976356824506,439.9458448028,440.912626547044,439.945844804115
0.065,0.111120994439909,0,-0.299999818606053,-4.65430406937244e-17,0.999999997030199,0,0,0,-4.83864117244034e-14,0.000119464583131183,-1.17780474077552e-09,438.955877389121,439.945849375684,440.93301900971,439.945849377126
0.066,0.112952660541645,0,-0.299999801887536,-5.39291161330958e-17,0.999999996870806,0,0,0,-5.41829016719008e-14,0.000126305609183381,-1.24617385480806e-09,438.935459701849,439.945854276785,440.953349256735,439.945854278363
0.067,0.114787317217843,0,-0.299999783930166,-6.23282464905204e-17,0.999999996707447,0,0,0,-6.05468492988265e-14,0.000133414199452544,-1.31697970875265e-09,438.915110333381,439.945859522933,440.973610801655,439.945859524655
0.068,0.11662492628295,0,-0.299999764664227,-7.18575960749341e-17,0.999999996540299,0,0,0,-6.75209593937463e-14,0.000140795738184268,-1.39023994357262e-09,438.894835686949,439.945865131449,440.993797327158,439.945865133327
0.069,0.118465449152332,0,-0.299999744017327,-8.26453239800166e-17,0.99999999636956,0,0,0,-7.51500999922235e-14,0.000148455589771418,-1.46597014130387e-09,438.874642001528,439.945871120152,441.01390268182,439.945871122195
0.07,0.120308846840785,0,-0.299999721914343,-9.48313652238947e-17,0.999999996195452,0,0,0,-8.34813400909823e-14,0.000156399097111284,-1.54418382032658e-09,438.854535354991,439.94587750735,441.033920876905,439.94587750957
0.071,0.122155079961061,0,-0.299999698277372,-1.08568247529244e-16,0.999999996018216,0,0,0,-9.25639830447482e-14,0.00016463158000569,-1.62489243392352e-09,438.8345216672,439.945884311848,441.053846083205,439.945884314255
0.072,0.124004108722416,0,-0.299999673025677,-1.24021944200394e-16,0.999999995838118,0,0,0,-1.02449614126748e-13,0.000173158333603191,-1.70810537201701e-09,438.814606703057,439.94589155294,441.073672627943,439.945891555547
0.073,0.12585589292916,0,-0.299999646075635,-1.41372763328674e-16,0.999999995655446,0,0,0,-1.13192131612469e-13,0.000181984626882574,-1.79382996597256e-09,438.794796075501,439.945899250411,441.093394991715,439.945899253231
0.074,0.127710391979238,0,-0.299999617340684,-1.6081627367232e-16,0.999999995470516,0,0,0,-1.24847772229608e-13,0.000191115701176839,-1.88207149635711e-09,438.775095248454,439.945907424537,441.11300780549,439.945907427581
0.075,0.129567564862812,0,-0.299999586731276,-1.82564267445542e-16,0.999999995283666,0,0,0,-1.37475144379142e-13,0.000200556768736882,-1.97283320354063e-09,438.755509539721,439.945916096078,441.132505847657,439.94591609936
0.076,0.131427370160866,0,-0.29999955415482,-2.0684576018475e-16,0.999999995095261,0,0,0,-1.51135244258013e-13,0.000210313011334101,-2.06611630102809e-09,438.736044123838,439.945925286279,441.151884041116,439.945925289813
0.077,0.133289766043828,0,-0.299999519515636,-2.33908027801965e-16,0.999999994905694,0,0,0,-1.65891486810567e-13,0.000220389578901163,-2.16191999140935e-09,438.716704034878,439.945935016866,441.171137450426,439.945935020666
0.078,0.135154710270201,0,-0.299999482714903,-2.64017680831637e-16,0.999999994715385,0,0,0,-1.81809722829497e-13,0.000230791588210177,-2.260241484815e-09,438.697494169206,439.945945310044,441.19026127899,439.945945314124
0.079,0.137022160185219,0,-0.299999443650608,-2.97461775841686e-16,0.999999994524784,0,0,0,-1.98958253095761e-13,0.000241524121587548,-2.36107601976673e-09,438.67841928819,439.945956188489,441.209250866292,439.945956192864
0.08,0.138892072719514,0,-0.299999402217496,-3.34548963916349e-16,0.999999994334368,0,0,0,-2.17407845989335e-13,0.000252592225664759,-2.46441688631143e-09,438.659484020864,439.945967675351,441.22810168518,439.945967680036
0.081,0.140764404387801,0,-0.299999358307021,-3.75610675981599e-16,0.999999994144645,0,0,0,-2.3723174076503e-13,0.000264000910164404,-2.57025545132867e-09,438.64069286655,439.94597979424,441.246809339192,439.945979799253
0.082,0.142639111287585,0,-0.2999993118073,-4.21002344861101e-16,0.999999993956157,0,0,0,-2.58505646770931e-13,0.000275755146720738,-2.67858118590389e-09,438.622050197434,439.945992569232,441.265369559926,439.945992574587
0.083,0.144516149097874,0,-0.299999262603057,-4.71104663709961e-16,0.999999993769474,0,0,0,-2.81307756551286e-13,0.00028785986773407,-2.78938169465795e-09,438.603560261096,439.946006024855,441.283778204456,439.94600603057
0.084,0.146395473077927,0,-0.299999210575582,-5.26324880462103e-16,0.999999993585202,0,0,0,-3.05718734635032e-13,0.000300319965258319,-2.90264274692799e-09,438.585227183005,439.946020186087,441.302031252794,439.946020192178
0.085,0.148277038066002,0,-0.299999155602679,-5.87098127925693e-16,0.99999999340398,0,0,0,-3.31821713367118e-13,0.000313140289921062,-3.01834830969529e-09,438.567054968959,439.94603507835,441.320124805382,439.946035084835
0.086,0.150160798478136,0,-0.299999097558619,-6.53888788937239e-16,0.999999993226479,0,0,0,-3.59702295243712e-13,0.000326325649875418,-3.13648058215604e-09,438.549047507497,439.946050727503,441.338055080646,439.9460507344
0.087,0.152046708306936,0,-0.299999036314093,-7.27191896042054e-16,0.999999993053411,0,0,0,-3.89448522298542e-13,0.000339880809783132,-3.25702003183509e-09,438.53120857226,439.946067159835,441.35581841257,439.946067167162
0.088,0.153934721120392,0,-0.299998971736168,-8.07534565138925e-16,0.999999992885519,0,0,0,-4.21150871992731e-13,0.000353810489828207,-3.37994543214212e-09,438.513541824318,439.946084402059,441.373411248328,439.946084409836
0.089,0.155824790060712,0,-0.299998903688235,-8.95477462316643e-16,0.999999992723587,0,0,0,-4.54902237616052e-13,0.000368119364760484,-3.50523390127367e-09,438.496050814452,439.946102481305,441.390830145949,439.946102489549
0.09,0.157716867843168,0,-0.299998832029967,-9.91616303168389e-16,0.999999992568436,0,0,0,-4.90797899705716e-13,0.000382812062968539,-3.63286094236533e-09,438.4787389854,439.946121425109,441.408071772018,439.946121433841
0.091,0.159610906754971,0,-0.299998756617276,-1.09658338375195e-15,0.999999992420927,0,0,0,-5.28935500736704e-13,0.000397893165581297,-3.76280048479982e-09,438.461609674064,439.946141261408,441.425132899424,439.946141270647
0.092,0.161506858654161,0,-0.29999867730226,-1.2110491423279e-15,0.99999999228196,0,0,0,-5.69415017478169e-13,0.000413367205597791,-3.89502492658124e-09,438.444666113679,439.946162018532,441.442010405139,439.946162028298
0.093,0.16340467496852,0,-0.299998593933168,-1.33572375096486e-15,0.999999992152478,0,0,0,-6.12338727328898e-13,0.000429238667044449,-4.02950517768629e-09,438.42791143594,439.946183725192,441.458701268043,439.946183735505
0.094,0.165304306694501,0,-0.29999850635435,-1.47135873593716e-15,0.999999992033465,0,0,0,-6.5781117132972e-13,0.000445511984159374,-4.1662107043048e-09,438.411348673102,439.946206410474,441.47520256678,439.946206421355
0.095,0.167205704396187,0,-0.299998414406213,-1.61874862590633e-15,0.999999991925949,0,0,0,-7.05939113364936e-13,0.000462191540603033,-4.30510957388516e-09,438.39498076003,439.946230103827,441.491511477652,439.946230115297
0.096,0.169108818204262,0,-0.299998317925185,-1.77873262678193e-15,0.999999991831001,0,0,0,-7.56831504639651e-13,0.000479281668694804,-4.44616850090306e-09,438.378810536226,439.946254835056,441.50762527255,439.946254847137
0.097,0.171013597815009,0,-0.299998216743663,-1.95219632200418e-15,0.999999991749737,0,0,0,-8.10599431258368e-13,0.00049678664867485,-4.5893528932739e-09,438.362840747813,439.94628063431,441.523541316923,439.946280647023
0.098,0.172919992489327,0,-0.299998110689978,-2.14007339712263e-15,0.999999991683321,0,0,0,-8.6735606548245e-13,0.000514710707990781,-4.73462689933027e-09,438.347074049484,439.946307532073,441.53925706778,439.94630754544
0.099,0.174827951051774,0,-0.299997999588351,-2.34334738734714e-15,0.999999991632962,0,0,0,-9.27216620191716e-13,0.000533058020608572,-4.8819534552902e-09,438.331513006421,439.946335559152,441.554770071726,439.946335573194
0.1,0.176737421889629,0,-0.299997883258851,-2.5630534467453e-15,0.999999991599918,0,0,0,-9.9029828821111e-13,0.000551832706347241,-5.03129433314278e-09,438.316160096178,439.946364746667,441.570077963031,439.946364761407
0.101,0.178648352951977,0,-0.299997761517357,-2.80028013773056e-15,0.999999991585498,0,0,0,-1.056720181983e-12,0.000571038830236758,-5.18261018888088e-09,438.301017710528,439.946395126038,441.585178461743,439.946395141498
0.102,0.180560691748822,0,-0.299997634175518,-3.05617123950242e-15,0.999999991591057,0,0,0,-1.12660327949614e-12,0.000590680401898719,-5.33586061101328e-09,438.28608815728,439.946426728978,441.600069371816,439.94642674518
0.103,0.182474385350215,0,-0.29999750104071,-3.33192757385431e-15,0.999999991618004,0,0,0,-1.20007036579298e-12,0.000610761374949258,-5.49100416928903e-09,438.271373662065,439.946459587475,441.614748579288,439.946459604441
0.104,0.184389380385415,0,-0.299997361916003,-3.62880884695362e-15,0.9999999916678,0,0,0,-1.27724595108454e-12,0.000631285646423757,-5.64799846357198e-09,438.256876370087,439.946493733785,441.629214050483,439.946493751539
0.105,0.186305623042068,0,-0.299997216600116,-3.94813550557535e-15,0.999999991741959,0,0,0,-1.35825621158344e-12,0.000652257056222859,-5.8068001728041e-09,438.242598347843,439.946529200417,441.643463830246,439.946529218982
0.106,0.18822305906541,0,-0.299997064887386,-4.29129060622254e-15,0.999999991842048,0,0,0,-1.44322892642665e-12,0.000673679386579325,-5.96736510399789e-09,438.228541584813,439.946566020124,441.657496040206,439.946566039521
0.107,0.190141633757501,0,-0.299996906567727,-4.65972169547865e-15,0.999999991969691,0,0,0,-1.53229340447769e-12,0.000695556361545289,-6.12964824120171e-09,438.21470799512,439.946604225883,441.671308877079,439.946604246137
0.108,0.192061291976476,0,-0.299996741426594,-5.05494270000305e-15,0.999999992126567,0,0,0,-1.62558040309249e-12,0.000717891646499462,-6.29360379438427e-09,438.201099419159,439.94664385089,441.684900610993,439.946643872023
0.109,0.193981978135829,0,-0.299996569244949,-5.47853582453224e-15,0.999999992314413,0,0,0,-1.72322205369212e-12,0.000740688847673838,-6.45918524818549e-09,438.187717625196,439.946684928543,441.698269583843,439.946684950578
0.11,0.195903636203717,0,-0.299996389799221,-5.93215345623112e-15,0.999999992535025,0,0,0,-1.82535179813766e-12,0.000763951511699489,-6.62634541048342e-09,438.174564310938,439.946727492426,441.711414207682,439.946727515386
0.111,0.197826209702291,0,-0.299996202861276,-6.41752007359459e-15,0.999999992790256,0,0,0,-1.93210430353254e-12,0.00078768312517101,-6.79503646073056e-09,438.161641105078,439.946771576301,441.724332963138,439.946771600209
0.112,0.199749641707058,0,-0.299996008198383,-6.9364341582186e-15,0.999999993082022,0,0,0,-2.04361537667091e-12,0.000811887114229211,-6.96520999801296e-09,438.148949568805,439.94681721409,441.737024397852,439.946817238969
0.113,0.201673874846262,0,-0.299995805573175,-7.4907701078074e-15,0.999999993412298,0,0,0,-2.16002188403648e-12,0.000836566844161643,-7.13681708878903e-09,438.136491197291,439.946864439861,441.749487124959,439.946864465734
0.114,0.203598851300299,0,-0.299995594743621,-8.08248014855685e-15,0.999999993783125,0,0,0,-2.28146168133888e-12,0.00086172561902056,-7.30980831426669e-09,438.124267421148,439.946913287816,441.761719821583,439.946913314705
0.115,0.205524512801155,0,-0.299995375462993,-8.71359624520894e-15,0.999999994196603,0,0,0,-2.40807352020189e-12,0.000887366681257929,-7.48413381737864e-09,438.112279607862,439.946963792274,441.773721227369,439.946963820202
0.116,0.207450800631875,0,-0.299995147479832,-9.38623200696933e-15,0.999999994654899,0,0,0,-2.53999697363126e-12,0.000913493211377091,-7.65974334931916e-09,438.100529063196,439.947015987657,441.785490143034,439.947016016646
0.117,0.209377655626055,0,-0.299994910537917,-1.01025845875053e-14,0.999999995160247,0,0,0,-2.67737234340364e-12,0.000940108327600712,-7.8365863156064e-09,438.089017032569,439.947069908476,441.797025428952,439.947069938549
0.118,0.211305018167368,0,-0.299994664376239,-1.08649365773178e-14,0.999999995714944,0,0,0,-2.82034058270193e-12,0.000967215085554636,-8.0146118216362e-09,438.077744702406,439.947125589315,441.808326003758,439.947125620493
0.119,0.213232828189114,0,-0.299994408728963,-1.16756578866297e-14,0.999999996321357,0,0,0,-2.96904320925519e-12,0.000994816477967289,-8.19376871769622e-09,438.066713201471,439.947183064815,441.819390842984,439.947183097121
0.12,0.215161025173804,0,-0.299994143325406,-1.25372076170666e-14,0.999999996981921,0,0,0,-3.12362221295005e-12,0.00102291543438427,-8.37400564341021e-09,438.055923602163,439.947242369661,441.830218977718,439.947242403116
0.121,0.217089548152768,0,-0.299993867890006,-1.34521359203956e-14,0.99999999769914,0,0,0,-3.28421997974176e-12,0.00105151482089778,-8.55527107158415e-09,438.045376921801,439.947303538563,441.840809493285,439.947303573189
0.122,0.219018335705793,0,-0.29999358214229,-1.44230858425203e-14,0.99999999847559,0,0,0,-3.45097920009156e-12,0.00108061743989055,-8.73751335142752e-09,438.035074123869,439.947366606242,441.851161527955,439.94736664206
0.123,0.220947325960798,0,-0.299993285796853,-1.54527951510328e-14,0.999999999313917,0,0,0,-3.62404278630287e-12,0.0011102260297939,-8.92068075112569e-09,438.025016119252,439.947431607417,441.861274271677,439.947431644448
0.124,0.222876456593532,0,-0.299992978563325,-1.65440981445521e-14,1.00000000021684,0,0,0,-3.80355379951375e-12,0.00114034326485966,-9.10472149973899e-09,438.015203767442,439.947498576783,441.871146964835,439.947498615047
0.125,0.224805664827303,0,-0.299992660146351,-1.76999274420527e-14,1.00000000118715,0,0,0,-3.98965535519834e-12,0.00117097175494557,-9.28958382840846e-09,438.005637877715,439.947567548998,441.880778897026,439.947567588515
0.126,0.226734887432743,0,-0.29999233024556,-1.89233157505811e-14,1.00000000222771,0,0,0,-4.18249054237962e-12,0.00120211404531388,-9.4752160108466e-09,437.996319210299,439.947638558669,441.890169405863,439.947638599459
0.127,0.228664060727599,0,-0.29999198855554,-2.0217397609647e-14,1.00000000334148,0,0,0,-4.38220234389978e-12,0.00123377261644276,-9.66156640309595e-09,437.987248477509,439.947711640331,441.899317875798,439.947711682414
0.128,0.230593120576559,0,-0.299991634765821,-2.1585411110642e-14,1.00000000453146,0,0,0,-4.58893355912449e-12,0.00126594988385035,-9.84858348253822e-09,437.978426344859,439.947786828432,441.908223736976,439.947786871827
0.129,0.23252200239111,0,-0.299991268560841,-2.30306995895721e-14,1.00000000580075,0,0,0,-4.8028267221576e-12,0.00129864819793103,-1.00362158861379e-08,437.969853432164,439.94786415732,441.916886464096,439.947864202045
0.13,0.234450641129426,0,-0.299990889619931,-2.45567132915776e-14,1.00000000715252,0,0,0,-5.02402402331297e-12,0.00133186984380363,-1.02244124479062e-08,437.961530314604,439.94794366122,441.925305575309,439.947943707294
0.131,0.236378971296289,0,-0.299990497617289,-2.61670110056324e-14,1.00000000859003,0,0,0,-5.25266723073772e-12,0.00136561704117141,-1.04131222355732e-08,437.953457523782,439.948025374223,441.933480631125,439.948025421662
0.132,0.238306926943046,0,-0.299990092221956,-2.78652616679064e-14,1.00000001011662,0,0,0,-5.48889761992249e-12,0.00139989194419329,-1.06022945864548e-08,437.945635548754,439.948109330263,441.941411233351,439.948109379087
0.133,0.2402344416676,0,-0.299989673097802,-2.96552459322399e-14,1.00000001173569,0,0,0,-5.73285590287794e-12,0.00143469664136633,-1.07918791425066e-08,437.938064837039,439.948195563108,441.949097024043,439.948195613332
0.134,0.242161448614426,0,-0.299989239903498,-3.15408577062349e-14,1.00000001345073,0,0,0,-5.98468215066378e-12,0.00147003315541897,-1.09818258845538e-08,437.930745795606,439.948284106334,441.956537684482,439.948284157975
0.135,0.244087880474631,0,-0.2999887922925,-3.35261056515576e-14,1.00000001526534,0,0,0,-6.24451572911278e-12,0.00150590344321489,-1.11720851656893e-08,437.923678791853,439.948374993316,441.963732934165,439.948375046389
0.136,0.246013669486048,0,-0.29998832991303,-3.56151146470441e-14,1.00000001718316,0,0,0,-6.51249523440634e-12,0.00154230939566712,-1.1362607743834e-08,437.91686415455,439.948468257204,441.970682529823,439.948468311725
0.137,0.247938747433353,0,-0.299987852408055,-3.78121272132229e-14,1.00000001920795,0,0,0,-6.78875842281039e-12,0.00157925283766228,-1.15533448134524e-08,437.910302174778,439.94856393091,441.977386264453,439.948563986894
0.138,0.249863045648236,0,-0.299987359415272,-4.01215048969546e-14,1.00000002134353,0,0,0,-7.07344215503369e-12,0.00161673552799458,-1.17442480364199e-08,437.903993106838,439.948662047089,441.98384396637,439.94866210455
0.139,0.251786495009589,0,-0.299986850567088,-4.25477296149159e-14,1.00000002359382,0,0,0,-7.36668233164053e-12,0.00165475915930938,-1.19352695720374e-08,437.897937169149,439.948762638124,441.990055498281,439.948762697075
0.14,0.253709025943744,0,-0.299986325490605,-4.50954049546785e-14,1.00000002596282,0,0,0,-7.66861384060655e-12,0.00169332535805605,-1.21263621061908e-08,437.892134545124,439.948865736103,441.996020756373,439.948865796558
0.141,0.255630568424735,0,-0.299985783807605,-4.77692574322252e-14,1.00000002845462,0,0,0,-7.97937050492162e-12,0.00173243568444998,-1.23174788796532e-08,437.886585384027,439.948971372809,442.001739669419,439.948971434779
0.142,0.25755105197461,0,-0.299985225134531,-5.05741377047323e-14,1.00000003107339,0,0,0,-8.29908502771138e-12,0.0017720916324433,-1.2508573715529e-08,437.881289801817,439.949079579696,442.007212197911,439.949079643194
0.143,0.259470405663769,0,-0.299984649082477,-5.351502173757e-14,1.00000003382341,0,0,0,-8.62788894956767e-12,0.00181229462970439,-1.269960104584e-08,437.876247881972,439.949190387876,442.012438333196,439.949190452913
0.144,0.26138855811134,0,-0.299984055257171,-5.6597011924432e-14,1.00000003670902,0,0,0,-8.96591259831973e-12,0.00185304603760562,-1.28905159372546e-08,437.871459676294,439.9493038281,442.017418096641,439.949303894686
0.145,0.263305437485603,0,-0.299983443258961,-5.98253381596837e-14,1.00000003973467,0,0,0,-9.31328505103074e-12,0.00189434715121936,-1.30812741159601e-08,437.8669252057,439.949419930739,442.022151538813,439.949419998885
0.146,0.265220971504436,0,-0.299982812682805,-6.32053588619821e-14,1.00000004290489,0,0,0,-9.67013409609723e-12,0.00193619919932196,-1.32718319916826e-08,437.862644460998,439.94953872577,442.026638738669,439.949538795484
0.147,0.267135087435817,0,-0.299982163118257,-6.67425619482378e-14,1.00000004622432,0,0,0,-1.00365861960832e-11,0.00197860334440541,-1.34621466808557e-08,437.858617403639,439.949660242753,442.030879802771,439.949660314044
0.148,0.269047712098346,0,-0.299981494149457,-7.04425657571912e-14,1.00000004969766,0,0,0,-1.04127664602109e-11,0.00202156068269663,-1.36521760289421e-08,437.854843966464,439.949784510821,442.034874864513,439.949784583697
0.149,0.270958771861823,0,-0.299980805355118,-7.43111199217531e-14,1.00000005332972,0,0,0,-1.07987986143692e-11,0.00206507224418405,-1.38418786319137e-08,437.851324054428,439.949911558656,442.038624083365,439.949911633125
0.15,0.272868192647855,0,-0.299980096308518,-7.83541061894597e-14,1.00000005712542,0,0,0,-1.11948049756369e-11,0.00210913899265136,-1.40312138568926e-08,437.848057545309,439.950041414476,442.042127644132,439.950041490543
0.151,0.274775899930504,0,-0.299979366577489,-8.25775391903834e-14,1.00000006108973,0,0,0,-1.16009064357601e-11,0.00215376182571825,-1.42201418619609e-08,437.845044290402,439.950174106013,442.045385756228,439.950174183685
0.152,0.27668181873698,0,-0.299978615724409,-8.69875671518921e-14,1.00000006522775,0,0,0,-1.20172224420679e-11,0.00219894157488784,-1.4408623615144e-08,437.842284115205,439.950309660502,442.04839865297,439.950309739784
0.153,0.278585873648369,0,-0.299977843306196,-9.15904725597516e-14,1.00000006954467,0,0,0,-1.24438709821714e-11,0.00224467900560078,-1.4596620912575e-08,437.839776820078,439.950448104657,442.051166590877,439.950448185554
0.154,0.280487988800405,0,-0.299977048874294,-9.63926727650932e-14,1.00000007404575,0,0,0,-1.28809685787836e-11,0.00229097481729572,-1.47840963958464e-08,437.837522180898,439.950589464659,442.053689848998,439.950589547174
0.155,0.28238808788428,0,-0.299976231974673,-1.01400720536831e-13,1.00000007873637,0,0,0,-1.33286302824915e-11,0.00233782964347599,-1.49710135685567e-08,437.835519949693,439.950733766135,442.055968728239,439.950733850271
0.156,0.284286094147502,0,-0.299975392147821,-1.0662130455919e-13,1.00000008362199,0,0,0,-1.37869696739166e-11,0.00238524405178237,-1.51573368120604e-08,437.833769855269,439.950881034144,442.058003550716,439.950881119904
0.157,0.286181930394784,0,-0.299974528928734,-1.12061249873989e-13,1.00000008870818,0,0,0,-1.42560988662749e-11,0.00243321854407172,-1.53430314004307e-08,437.832271603812,439.951031293157,442.059794659118,439.951031380544
0.158,0.288075518988988,0,-0.299973641846918,-1.17727518267496e-13,1.00000009400059,0,0,0,-1.47361285127433e-11,0.00248175355650136,-1.55280635146408e-08,437.831024879492,439.951184567044,442.061342416081,439.951184656057
0.159,0.289966781852103,0,-0.299972730426379,-1.23627208601682e-13,1.00000009950497,0,0,0,-1.5227167814103e-11,0.00253084945961898,-1.57124002559765e-08,437.830029345041,439.951340879052,442.062647203581,439.951340969692
0.16,0.291855640466264,0,-0.299971794185621,-1.29767557089715e-13,1.00000010522718,0,0,0,-1.57293245361631e-11,0.00258050655845798,-1.58960096586875e-08,437.829284642319,439.951500251791,442.063709422338,439.951500344058
0.161,0.293742015874827,0,-0.299970832637647,-1.36155937515734e-13,1.00000011117315,0,0,0,-1.62427050247693e-11,0.00263072509263802,-1.60788607018872e-08,437.828790392879,439.951662707218,442.064529491228,439.95166280111
0.162,0.295625828683472,0,-0.299969845289949,-1.42799861398848e-13,1.00000011734892,0,0,0,-1.67674142451209e-11,0.00268150523647071,-1.62609233207124e-08,437.828546198501,439.951828266618,442.06510784672,439.951828362134
0.163,0.297506999061358,0,-0.299968831644514,-1.49706978101341e-13,1.00000012376064,0,0,0,-1.73035557993771e-11,0.00273284709907022,-1.64421684167523e-08,437.828551641732,439.951996950591,442.065444942313,439.951997047728
0.164,0.299385446742325,0,-0.299967791197815,-1.56885074881267e-13,1.00000013041453,0,0,0,-1.78512319607529e-11,0.00278475072446871,-1.66225678677578e-08,437.828806286399,439.95216877903,442.065541247994,439.952168877786
0.165,0.301261091026134,0,-0.299966723440819,-1.64342076889661e-13,1.00000013731693,0,0,0,-1.84105437080662e-11,0.0028372160917364,-1.68020945366416e-08,437.829309678119,439.95234377111,442.065397249703,439.95234387148
0.166,0.303133850779758,0,-0.299965627858981,-1.72086047112502e-13,1.00000014447426,0,0,0,-1.89815907676677e-11,0.00289024311510619,-1.69807222797815e-08,437.830061344794,439.95252194527,442.065013448816,439.95252204725
0.167,0.305003644438711,0,-0.299964503932246,-1.80125186257849e-13,1.00000015189304,0,0,0,-1.95644716607436e-11,0.00294383164410265,-1.71584259546367e-08,437.831060797096,439.952703319194,442.064390361632,439.952703422779
0.168,0.306870390008433,0,-0.299963351135054,-1.8846783258839e-13,1.00000015957989,0,0,0,-2.01592837546217e-11,0.00299798146367531,-1.73351814266887e-08,437.832307528937,439.9528879098,442.063528518881,439.952888014985
0.169,0.308734005065711,0,-0.299962168936336,-1.97122461699816e-13,1.00000016754152,0,0,0,-2.07661233096849e-11,0.00305269229433601,-1.75109655757203e-08,437.833801017931,439.953075733222,442.062428465234,439.953075839999
0.17,0.310594406760153,0,-0.299960956799523,-2.06097686245572e-13,1.00000017578475,0,0,0,-2.1385085541573e-11,0.00310796379230033,-1.76857563014412e-08,437.835540725847,439.95326680479,442.061090758833,439.953266913153
0.171,0.312451511815707,0,-0.299959714182543,-2.15402255608422e-13,1.00000018431648,0,0,0,-2.2016264679425e-11,0.00316379554963282,-1.78595325284755e-08,437.837526099044,439.953461139024,442.059515970825,439.953461248965
0.172,0.314305236532228,0,-0.299958440537832,-2.25045055519444e-13,1.00000019314371,0,0,0,-2.26597540385609e-11,0.00322018709439611,-1.80322742107212e-08,437.839756568904,439.953658749607,442.057704684914,439.953658861118
0.173,0.316155496787089,0,-0.299957135312333,-2.35035107625059e-13,1.00000020227354,0,0,0,-2.33156460845215e-11,0.00327713789080351,-1.82039623350934e-08,437.842231552248,439.953859649381,442.055657496915,439.953859762452
0.174,0.318002208036842,0,-0.299955797947502,-2.45381569002749e-13,1.00000021171316,0,0,0,-2.3984032510689e-11,0.0033346473393753,-1.83745789246655e-08,437.844950451746,439.954063850322,442.053375014329,439.954063964945
0.175,0.319845285318931,0,-0.299954427879317,-2.56093731626243e-13,1.00000022146984,0,0,0,-2.46650043242686e-11,0.00339271477709834,-1.85441070412177e-08,437.847912656313,439.954271363532,442.050857855918,439.954271479696
0.176,0.32168464325345,0,-0.299953024538282,-2.67181021780851e-13,1.00000023155098,0,0,0,-2.53586519194635e-11,0.003451339477589,-1.87125307872079e-08,437.851117541498,439.954482199221,442.048106651299,439.954482316915
0.177,0.323520196044947,0,-0.299951587349434,-2.78652999429808e-13,1.00000024196405,0,0,0,-2.60650651657959e-11,0.00351052065125934,-1.88798353071754e-08,437.854564469865,439.954696366692,442.045122040543,439.954696485905
0.178,0.32535185748428,0,-0.299950115732351,-2.90519357532578e-13,1.0000002527166,0,0,0,-2.67843335038004e-11,0.00357025744548638,-1.90460067885901e-08,437.858252791359,439.954913874329,442.041904673785,439.95491399505
0.179,0.32717954095053,0,-0.299948609101161,-3.02789921315924e-13,1.0000002638163,0,0,0,-2.75165460332978e-11,0.00363054894478431,-1.92110324621604e-08,437.862181843667,439.95513472958,442.038455210844,439.955134851796
0.18,0.329003159412948,0,-0.299947066864551,-3.15474647498783e-13,1.00000027527089,0,0,0,-2.82617916145414e-11,0.00369139417097973,-1.93749006016121e-08,437.866350952568,439.955358938944,442.034774320854,439.955359062642
0.181,0.330822625432967,0,-0.299945488425775,-3.28583623471959e-13,1.00000028708822,0,0,0,-2.90201589680719e-11,0.00375279208338957,-1.95376005229484e-08,437.870759432274,439.955586507958,442.030862681902,439.955586633124
0.182,0.332637851166259,0,-0.299943873182666,-3.42127066433656e-13,1.00000029927621,0,0,0,-2.97917367865645e-11,0.0038147415790018,-1.9699122583206e-08,437.875406585766,439.955817441181,442.026720980676,439.955817567803
0.183,0.334448748364839,0,-0.299942220527645,-3.56115322481949e-13,1.00000031184289,0,0,0,-3.05766138451377e-11,0.00387724149265875,-1.9859458178719e-08,437.880291705112,439.956051742183,442.022349912126,439.956051870245
0.184,0.336255228379227,0,-0.299940529847735,-3.70558865665272e-13,1.00000032479637,0,0,0,-3.13748791112755e-11,0.00394029059724296,-2.00185997429014e-08,437.885414071788,439.95628941353,442.017750179123,439.956289543018
0.185,0.338057202160662,0,-0.29993880052457,-3.85468296992177e-13,1.00000033814484,0,0,0,-3.21866218574245e-11,0.00400388760386548,-2.01765407435622e-08,437.890772956981,439.95653045677,442.012922492144,439.956530587669
0.186,0.339854580263358,0,-0.299937031934409,-4.00854343401553e-13,1.00000035189658,0,0,0,-3.30119317882636e-11,0.00406803116205656,-2.0333275679764e-08,437.896367621889,439.956774872424,442.007867568947,439.956775004718
0.187,0.341647272846826,0,-0.29993522344815,-4.1672785669454e-13,1.00000036605997,0,0,0,-3.38508991697538e-11,0.00413271985995858,-2.04888000782371e-08,437.902197318014,439.957022659969,442.00258613427,439.957022793642
0.188,0.343435189678237,0,-0.299933374431342,-4.33099812429376e-13,1.00000038064346,0,0,0,-3.47036149445291e-11,0.00419795222452125,-2.06431104893624e-08,437.908261287439,439.957273817825,441.997078919529,439.957273952861
0.189,0.345218240134847,0,-0.299931484244202,-4.49981308780533e-13,1.00000039565559,0,0,0,-3.55701708724177e-11,0.00426372672169886,-2.0796204482733e-08,437.914558763109,439.957528343349,441.991346662528,439.957528479731
0.19,0.346996333206468,0,-0.299929552241626,-4.67383565363485e-13,1.00000041110498,0,0,0,-3.64506596685295e-11,0.00433004175664967,-2.09480806423081e-08,437.921088969094,439.957786232816,441.985390107176,439.957786370527
0.191,0.348769377498001,0,-0.29992757777321,-4.85317922026356e-13,1.00000042700034,0,0,0,-3.73451751317621e-11,0.00439689567393723,-2.109873856117e-08,437.92785112085,439.958047481411,441.979210003212,439.958047620432
0.192,0.350537281232012,0,-0.29992556018326,-5.03795837609999e-13,1.00000044335045,0,0,0,-3.82538122833727e-11,0.0044642867577336,-2.12481788358959e-08,437.934844425471,439.958312083214,441.972807105939,439.958312223529
0.193,0.352299952251374,0,-0.299923498810814,-5.22828888677881e-13,1.00000046016418,0,0,0,-3.91766675129367e-11,0.00453221323202445,-2.13964030605557e-08,437.942068081936,439.958580031194,441.966182175962,439.958580172784
0.194,0.354057298021952,0,-0.299921392989657,-5.42428768217279e-13,1.00000047745046,0,0,0,-4.01138387213558e-11,0.00460067326081593,-2.15434138203483e-08,437.949521281343,439.958851317193,441.959335978943,439.958851460041
0.195,0.355809225635357,0,-0.299919242048338,-5.62607284313226e-13,1.00000049521832,0,0,0,-4.10654254716274e-11,0.00466966494834321,-2.16892146848859e-08,437.957203207145,439.959125931918,441.952269285349,439.959126076003
0.196,0.357555641811741,0,-0.299917045310193,-5.83376358796679e-13,1.00000051347685,0,0,0,-4.20315291491665e-11,0.00473918633928073,-2.18338102011386e-08,437.965113035369,439.959403864927,441.944982870219,439.959404010232
0.197,0.359296452902658,0,-0.299914802093358,-6.0474802586843e-13,1.00000053223522,0,0,0,-4.30122531015642e-11,0.00480923541895398,-2.19772058860508e-08,437.973249934837,439.959685104623,441.937477512935,439.959685251129
0.198,0.361031564893973,0,-0.299912511710793,-6.26734430700304e-13,1.00000055150268,0,0,0,-4.4007702804865e-11,0.00487981011355284,-2.21194082188387e-08,437.981613067376,439.959969638241,441.929753996998,439.959969785929
0.199,0.362760883408836,0,-0.2999101734703,-6.49347828015198e-13,1.00000057128853,0,0,0,-4.5017986020509e-11,0.00495090829034638,-2.22604246329805e-08,437.99020158802,439.960257451839,441.921813109814,439.960257600689
0.2,0.364484313710706,0,-0.299907786674547,-6.72600580647504e-13,1.00000059160215,0,0,0,-4.60432129511039e-11,0.00502252775789907,-2.24002635079096e-08,437.999014645214,439.960548530288,441.913655642481,439.960548680281
0.201,0.366201760706432,0,-0.299905350621085,-6.96505158085565e-13,1.000000612453,0,0,0,-4.70834964083053e-11,0.00509466626628837,-2.2538934160422e-08,438.008051380999,439.960842857264,441.905282389593,439.960843008379
0.202,0.367913128949395,0,-0.299902864602374,-7.21074134997684e-13,1.0000006338506,0,0,0,-4.81389519792777e-11,0.0051673215073236,-2.2676446835807e-08,438.017310931201,439.961140415235,441.89669414904,439.961140567453
0.203,0.369618322642707,0,-0.299900327905803,-7.46320189743325e-13,1.00000065580451,0,0,0,-4.92096981877831e-11,0.00524049111476609,-2.28128126987118e-08,438.026792425613,439.961441185458,441.887891721821,439.96144133876
0.204,0.371317245642464,0,-0.299897739813715,-7.72256102871116e-13,1.00000067832439,0,0,0,-5.02958566657304e-11,0.00531417266455052,-2.2948043823751e-08,438.036494988163,439.961745147967,441.878875911863,439.961745302332
0.205,0.373009801461058,0,-0.299895099603429,-7.98894755605303e-13,1.00000070141993,0,0,0,-5.13975523248496e-11,0.00538836367500745,-2.30821531858689e-08,438.046417737088,439.962052281563,441.869647525839,439.962052436971
0.206,0.374695893270554,0,-0.299892406547266,-8.26249128322219e-13,1.00000072510091,0,0,0,-5.25149135290096e-11,0.00546306160708694,-2.32151546504654e-08,438.056559785095,439.962362563811,441.860207373004,439.962362720243
0.207,0.376375423906118,0,-0.299889659912573,-8.54332299018442e-13,1.00000074937713,0,0,0,-5.36480722677023e-11,0.00553826386458326,-2.33470629632956e-08,438.066920239515,439.962675971028,441.850556265029,439.962676128464
0.208,0.378048295869503,0,-0.299886858961748,-8.83157441772234e-13,1.00000077425847,0,0,0,-5.47971643292932e-11,0.0056139677943606,-2.34778937401505e-08,438.077498202459,439.962992478279,441.840695015843,439.962992636698
0.209,0.379714411332607,0,-0.299884002952266,-9.12737825199926e-13,1.00000079975486,0,0,0,-5.59623294758392e-11,0.00569017068657983,-2.36076634563305e-08,438.088292770961,439.963312059365,441.830624441477,439.963312218748
0.21,0.381373672141073,0,-0.299881091136707,-9.430868109089e-13,1.00000082587628,0,0,0,-5.71437116250976e-11,0.00576686977492612,-2.37363894359181e-08,438.099303037122,439.963634686823,441.820345359925,439.96363484715
0.211,0.383025979817961,0,-0.299878122762782,-9.7421785194872e-13,1.00000085263275,0,0,0,-5.83414590274955e-11,0.00584406223683758,-2.38640898408608e-08,438.110528088242,439.963960331914,441.809858590996,439.963960493165
0.212,0.384671235567479,0,-0.299875097073361,-1.00614449126208e-12,1.00000088003434,0,0,0,-5.95557244404901e-11,0.00592174519373467,-2.39907836598716e-08,438.121967006955,439.964288964618,441.799164956185,439.964289126773
0.213,0.386309340278767,0,-0.299872013306499,-1.0388803601372e-12,1.00000090809117,0,0,0,-6.07866653097868e-11,0.00599991571125051,-2.41164906971559e-08,438.133618871356,439.964620553631,441.788265278538,439.964620716671
0.214,0.387940194529752,0,-0.299868870695469,-1.07243917666327e-12,1.0000009368134,0,0,0,-6.20344439547509e-11,0.00607857079946199,-2.42412315609736e-08,438.145482755115,439.964955066354,441.777160382529,439.96495523026
0.215,0.389563698591057,0,-0.299865668468788,-1.10683474419055e-12,1.00000096621122,0,0,0,-6.32992277400394e-11,0.00615770741312166,-2.43650276520431e-08,438.157557727604,439.965292468894,441.765851093944,439.965292633647
0.216,0.391179752429972,0,-0.299862405850249,-1.14208094979669e-12,1.00000099629488,0,0,0,-6.45811892607861e-11,0.00623732245189031,-2.44879011517986e-08,438.169842854,439.965632726055,441.754338239763,439.965632891635
0.217,0.392788255714491,0,-0.299859082058947,-1.1781917627609e-12,1.00000102707463,0,0,0,-6.58805065195379e-11,0.00631741276057034,-2.46098750105038e-08,438.182337195398,439.965975801334,441.742622648053,439.965975967722
0.218,0.394389107817403,0,-0.299855696309316,-1.21518123304761e-12,1.00000105856078,0,0,0,-6.71973631120681e-11,0.00639797512933974,-2.47309729352339e-08,438.195039808914,439.966321656917,441.730705147865,439.966321824095
0.219,0.395982207820455,0,-0.299852247811158,-1.25306348980091e-12,1.00000109076366,0,0,0,-6.8531948407929e-11,0.00647900629398681,-2.48512193777307e-08,438.20794974778,439.966670253675,441.718586569134,439.966670421625
0.22,0.39756745451857,0,-0.299848735769672,-1.29185273985167e-12,1.00000112369363,0,0,0,-6.98844577313896e-11,0.00656050293614539,-2.49706395221392e-08,438.221066061443,439.96702155116,441.706267742585,439.967021719864
0.221,0.399144746424129,0,-0.29984515938549,-1.33156326623846e-12,1.00000115736106,0,0,0,-7.12550925445688e-11,0.00664246168353086,-2.50892592726334e-08,438.234387795652,439.967375507604,441.693749499643,439.967375677044
0.222,0.400713981771316,0,-0.299841517854711,-1.37220942674409e-12,1.00000119177636,0,0,0,-7.26440606282085e-11,0.00672487911017656,-2.52071052409363e-08,438.247913992548,439.967732079912,441.681032672352,439.96773225007
0.223,0.402275058520529,0,-0.29983781036893,-1.41380565244898e-12,1.00000122694996,0,0,0,-7.40515762529739e-11,0.00680775173667084,-2.53242047337437e-08,438.261643690743,439.968091223662,441.66811809329,439.968091394522
0.224,0.403827874362852,0,-0.299834036115277,-1.45636644630305e-12,1.00000126289228,0,0,0,-7.54778603577772e-11,0.0068910760303947,-2.54405857400569e-08,438.275575925401,439.968452893102,441.655006595496,439.968453064646
0.225,0.40537232672459,0,-0.299830194276447,-1.49990638171749e-12,1.00000129961378,0,0,0,-7.69231407343956e-11,0.00697484840575987,-2.55562769184302e-08,438.289709728311,439.968817041147,441.641699012401,439.96881721336
0.226,0.406908312771867,0,-0.299826284030739,-1.54444010117783e-12,1.00000133712492,0,0,0,-7.83876522029813e-11,0.00705906522444738,-2.56713075841406e-08,438.304044127962,439.96918361938,441.628196177757,439.969183792245
0.227,0.408435729415292,0,-0.299822304552091,-1.58998231487959e-12,1.00000137543616,0,0,0,-7.98716367879561e-11,0.00714372279564669,-2.57857076962858e-08,438.318578149603,439.969552578049,441.614498925579,439.96955275155
0.228,0.409954473314686,0,-0.299818255010114,-1.63654779938795e-12,1.00000141455797,0,0,0,-8.13753438897323e-11,0.00722881737629525,-2.58995078448163e-08,438.333310815316,439.969923866063,441.600608090082,439.969924040186
0.229,0.411464440883876,0,-0.299814134570131,-1.68415139632278e-12,1.00000145450084,0,0,0,-8.28990304604806e-11,0.00731434517131842,-2.60127392375082e-08,438.348241144068,439.970297430999,441.586524505634,439.970297605728
0.23,0.41296552829555,0,-0.299809942393213,-1.7328080110703e-12,1.00000149527522,0,0,0,-8.44429611793875e-11,0.00740030233386999,-2.61254336868804e-08,438.363368151775,439.970673219093,441.572249006696,439.970673394414
0.231,0.414457631486179,0,-0.299805677636215,-1.78253261152255e-12,1.00000153689158,0,0,0,-8.60074086145745e-11,0.00748668496557298,-2.62376235970642e-08,438.378690851351,439.971051175246,441.557782427788,439.971051351145
0.232,0.415940646161008,0,-0.29980133945182,-1.83334022684606e-12,1.00000157936037,0,0,0,-8.75926533926528e-11,0.00757348911676089,-2.63493419506288e-08,438.394208252761,439.971431243022,441.543125603435,439.971431419486
0.233,0.417414467799105,0,-0.299796926988571,-1.88524594628085e-12,1.00000162269205,0,0,0,-8.91989843656338e-11,0.00766071078671935,-2.64606222953699e-08,438.409919363066,439.971813364651,441.52827936814,439.971813541667
0.234,0.418878991658484,0,-0.299792439390915,-1.93826491797093e-12,1.00000166689703,0,0,0,-9.08266987668271e-11,0.00774834592392818,-2.65714987310643e-08,438.42582318647,439.972197481026,441.513244556341,439.972197658581
0.235,0.420334112781282,0,-0.299787875799239,-1.99241234782758e-12,1.00000171198573,0,0,0,-9.24761023862832e-11,0.00783639042630373,-2.66820058961968e-08,438.44191872436,439.972583531708,441.498022002385,439.972583709791
0.236,0.421779725999017,0,-0.299783235349914,-2.04770349842617e-12,1.00000175796853,0,0,0,-9.41475097299838e-11,0.00792484014144169,-2.67921789546647e-08,438.458204975342,439.972971454928,441.482612540497,439.972971633527
0.237,0.423215725937901,0,-0.299778517175332,-2.10415368793788e-12,1.0000018048558,0,0,0,-9.58412441710066e-11,0.00801369086686022,-2.69020535824626e-08,438.47468093528,439.973361187586,441.467017004765,439.97336136669
0.238,0.424642007024222,0,-0.29977372040395,-2.16177828909717e-12,1.00000185265787,0,0,0,-9.7557638099619e-11,0.00810293835024334,-2.70116659543542e-08,438.491345597327,439.973752665257,441.451236229108,439.973752844856
0.239,0.426058463489794,0,-0.299768844160332,-2.22059272820605e-12,1.00000190138505,0,0,0,-9.92970330830866e-11,0.00819257828968483,-2.71210527305335e-08,438.508197951952,439.974145822192,441.435271047271,439.974146002277
0.24,0.427464989377477,0,-0.299763887565188,-2.28061248417616e-12,1.00000195104759,0,0,0,-1.01059780018553e-10,0.00828260633393227,-2.72302510432815e-08,438.525236986971,439.974540591322,441.419122292805,439.974540771883
0.241,0.428861478546753,0,-0.299758849735419,-2.34185308760934e-12,1.00000200165572,0,0,0,-1.02846239268075e-10,0.0083730180826316,-2.73392984836217e-08,438.542461687571,439.974936904261,441.402790799059,439.97493708529
0.242,0.430247824679383,0,-0.29975372978416,-2.40433011991773e-12,1.00000205321963,0,0,0,-1.04656780802569e-10,0.00846380908657183,-2.74482330879773e-08,438.559871036329,439.975334691312,441.386277399176,439.9753348728
0.243,0.431623921285122,0,-0.299748526820824,-2.46805921248428e-12,1.00000210574944,0,0,0,-1.06491784345032e-10,0.0085549748479302,-2.7557093324836e-08,438.577464013232,439.975733881469,441.369582926088,439.975734063409
0.244,0.4329896617075,0,-0.299743239951144,-2.53305604586423e-12,1.00000215925525,0,0,0,-1.08351639505977e-10,0.0086465108205176,-2.76659180814246e-08,438.595239595698,439.976134402423,441.352708212513,439.976134584809
0.245,0.434344939129682,0,-0.29973786827722,-2.59933634902847e-12,1.00000221374708,0,0,0,-1.10236745918685e-10,0.00873841241002431,-2.77747466503973e-08,438.613196758583,439.976536180566,441.335654090967,439.976536363392
0.246,0.435689646580383,0,-0.299732410897565,-2.66691589864935e-12,1.00000226923489,0,0,0,-1.12147513365927e-10,0.00883067497426604,-2.78836187165416e-08,438.631334474201,439.976939141001,441.31842139376,439.97693932426
0.247,0.437023676939854,0,-0.299726866907145,-2.73581051842961e-12,1.00000232572861,0,0,0,-1.14084361903865e-10,0.00892329382343037,-2.79925743435042e-08,438.64965171233,439.97734320754,441.301010953012,439.977343391229
0.248,0.438346922945947,0,-0.299721235397431,-2.80603607847497e-12,1.00000238323807,0,0,0,-1.16047721988182e-10,0.00901626422032335,-2.81016539605416e-08,438.668147440216,439.977748302719,441.283423600665,439.977748486833
0.249,0.439659277200228,0,-0.299715515456444,-2.87760849471113e-12,1.00000244177304,0,0,0,-1.18038034588365e-10,0.00910958138061658,-2.82108983492964e-08,438.686820622588,439.978154347797,441.265660168493,439.978154532333
0.25,0.440960632174177,0,-0.299709706168799,-2.95054372834532e-12,1.00000250134322,0,0,0,-1.20055751303499e-10,0.00920324047309449,-2.83203486306042e-08,438.705670221652,439.97856126277,441.247721488126,439.978561447724
0.251,0.442250880215447,0,-0.299703806615755,-3.02485778537316e-12,1.00000256195823,0,0,0,-1.22101334466781e-10,0.00929723661990199,-2.8430046251333e-08,438.724695197098,439.978968966372,441.229608391068,439.978969151742
0.252,0.443529913554191,0,-0.299697815875264,-3.1005667161311e-12,1.00000262362761,0,0,0,-1.24175257252744e-10,0.00939156489679242,-2.8540032971258e-08,438.743894506096,439.979377376088,441.211321708721,439.979377561873
0.253,0.444797624309462,0,-0.299691733022017,-3.17768661489485e-12,1.00000268636079,0,0,0,-1.26278003780781e-10,0.00948622033337587,-2.86503508499738e-08,438.763267103298,439.979786408159,441.192862272411,439.979786594358
0.254,0.446053904495678,0,-0.299685557127492,-3.25623361952394e-12,1.00000275016715,0,0,0,-1.28410069209836e-10,0.00958119791336776,-2.87610422338482e-08,438.782811940829,439.980195977593,441.174230913418,439.980196164206
0.255,0.447298646029157,0,-0.299679287260007,-3.33622391115292e-12,1.00000281505595,0,0,0,-1.30571959829332e-10,0.00967649257483779,-2.88721497430175e-08,438.802527968281,439.980605998173,441.155428463005,439.9806061852
0.256,0.448531740734726,0,-0.299672922484765,-3.41767371392906e-12,1.00000288103635,0,0,0,-1.3276419314758e-10,0.00977209921045925,-2.89837162584286e-08,438.822414132709,439.981016382464,441.136455752455,439.981016569906
0.257,0.449753080352386,0,-0.299666461863909,-3.50059929479705e-12,1.00000294811741,0,0,0,-1.34987297968084e-10,0.00986801266775863,-2.9095784908927e-08,438.842469378616,439.981427041828,441.117313613108,439.981427229687
0.258,0.450962556544059,0,-0.299659904456568,-3.58501696333049e-12,1.00000301630809,0,0,0,-1.37241814471573e-10,0.00996422774936563,-2.92083990583957e-08,438.862692647947,439.981837886429,441.098002876396,439.981838074708
0.259,0.452160060900399,0,-0.299653249318911,-3.67094307161048e-12,1.00000308561722,0,0,0,-1.39528294282039e-10,0.0100607392132635,-2.93216022929446e-08,438.88308288007,439.982248825247,441.078524373888,439.982249013949
0.26,0.453345484947671,0,-0.299646495504199,-3.75839401415112e-12,1.00000315605354,0,0,0,-1.41847300534637e-10,0.0101575417730396,-2.94354384081536e-08,438.903639011766,439.982659766087,441.058878937335,439.982659955216
0.261,0.454518720154701,0,-0.299639642062832,-3.84738622787193e-12,1.00000322762564,0,0,0,-1.44199407946055e-10,0.0102546300981367,-2.95499513963708e-08,438.924359977211,439.983070615593,441.039067398712,439.983070805153
0.262,0.455679657939895,0,-0.299632688042409,-3.93793619211706e-12,1.00000330034201,0,0,0,-1.46585202860544e-10,0.0103519988141045,-2.96651854340675e-08,438.945244707957,439.983481279256,441.019090590268,439.983481469252
0.263,0.456828189678327,0,-0.299625632487772,-4.03006042872103e-12,1.00000337421099,0,0,0,-1.49005283297113e-10,0.0104496425028511,-2.97811848692517e-08,438.966292132914,439.983891661428,440.998949344582,439.983891851866
0.264,0.457964206708896,0,-0.299618474441067,-4.12377550212108e-12,1.0000034492408,0,0,0,-1.51460258998513e-10,0.0105475557028955,-2.98979942089424e-08,438.987501178332,439.984301665336,440.978644494607,439.984301856223
0.265,0.459087600341553,0,-0.299611212941793,-4.21909801951543e-12,1.00000352543952,0,0,0,-1.53950751472428e-10,0.0106457329096204,-3.00156581067046e-08,439.008870767773,439.984711193092,440.958176873732,439.984711384435
0.266,0.460198261864597,0,-0.299603847026858,-4.31604463106759e-12,1.00000360281508,0,0,0,-1.56477394022301e-10,0.010744168575525,-3.01342213502471e-08,439.030399822092,439.98512014571,440.937547315837,439.985120337517
0.267,0.461296082552043,0,-0.299596375730633,-4.41463203015584e-12,1.00000368137526,0,0,0,-1.59040831770346e-10,0.0108428571104786,-3.02537288490852e-08,439.052087259412,439.985528423115,440.916756655351,439.985528615395
0.268,0.462380953671053,0,-0.299588798085005,-4.51487695366792e-12,1.00000376112769,0,0,0,-1.61641721679769e-10,0.0109417928819748,-3.03742256222686e-08,439.073931995098,439.985935924163,440.895805727318,439.985936116923
0.269,0.463452766489444,0,-0.299581113119437,-4.61679618234017e-12,1.00000384207986,0,0,0,-1.64280732578074e-10,0.0110409702153855,-3.04957567861754e-08,439.095932941729,439.986342546648,440.874695367455,439.9863427399
0.27,0.464511412283257,0,-0.299573319861017,-4.72040654114056e-12,1.00000392423908,0,0,0,-1.66958545159146e-10,0.0111403833942159,-3.06183675423739e-08,439.118089009068,439.986748187326,440.853426412219,439.98674838108
0.271,0.465556782344409,0,-0.299565417334521,-4.82572489969517e-12,1.00000400761249,0,0,0,-1.6967585198069e-10,0.0112400266603604,-3.07421031655533e-08,439.140399104037,439.987152741922,440.831999698877,439.987152936188
0.272,0.466588767988396,0,-0.299557404562466,-4.93276817275739e-12,1.00000409220708,0,0,0,-1.72433357469139e-10,0.0113398942143575,-3.08670089915234e-08,439.162862130686,439.987556105151,440.810416065573,439.987556299941
0.273,0.467607260562081,0,-0.299549280565165,-5.04155332071914e-12,1.00000417802964,0,0,0,-1.75231777898226e-10,0.0114399802156468,-3.09931304052848e-08,439.185476990155,439.987958170731,440.7886763514,439.987958366057
0.274,0.468612151451543,0,-0.299541044360789,-5.15209735016341e-12,1.0000042650868,0,0,0,-1.78071841380139e-10,0.0115402787828259,-3.11205128291705e-08,439.208242580651,439.988358831401,440.766781396469,439.988359027277
0.275,0.46960333209,0,-0.299532694965422,-5.26441731445727e-12,1.00000435338499,0,0,0,-1.80954287841188e-10,0.0116407839939074,-3.12492017110591e-08,439.231157797408,439.98875797894,440.744732041993,439.988758175379
0.276,0.470580693965795,0,-0.299524231393121,-5.37853031438451e-12,1.00000444293045,0,0,0,-1.83879868990277e-10,0.0117414898865772,-3.13792425126605e-08,439.254221532653,439.98915550418,440.722529130352,439.989155701195
0.277,0.471544128630458,0,-0.299515652655969,-5.49445349881697e-12,1.00000453372925,0,0,0,-1.86849348278927e-10,0.0118423904584529,-3.15106806978749e-08,439.277432675574,439.989551297026,440.70017350518,439.989551494632
0.278,0.472493527706833,0,-0.299506957764143,-5.6122040654236e-12,1.00000462578723,0,0,0,-1.89863500855399e-10,0.0119434796673429,-3.16435617212252e-08,439.300790112281,439.989945246473,440.677666011441,439.989945444686
0.279,0.473428782897276,0,-0.299498145725966,-5.7317992614164e-12,1.00000471911004,0,0,0,-1.92923113514194e-10,0.0120447514315061,-3.17779310163639e-08,439.324292725769,439.990337240628,440.655007495512,439.990337439462
0.28,0.47434978599192,0,-0.29948921554797,-5.85325638433191e-12,1.00000481370312,0,0,0,-1.96028984639694e-10,0.0121461996299123,-3.19138339846544e-08,439.347939395883,439.990727166723,440.632198805263,439.990727366195
0.281,0.475256428877008,0,-0.299480166234954,-5.9765927828474e-12,1.0000049095717,0,0,0,-1.99181924146475e-10,0.0122478181025027,-3.20513159838271e-08,439.371728999275,439.991114911139,440.609240790146,439.991115111266
0.282,0.476148603543303,0,-0.299470996790048,-6.10182585763033e-12,1.00000500672078,0,0,0,-2.02382753406756e-10,0.0123496006504523,-3.21904223167113e-08,439.395660409366,439.991500359425,440.58613430128,439.991500560223
0.283,0.477026202094552,0,-0.299461706214771,-6.22897306221993e-12,1.00000510515515,0,0,0,-2.05632305161804e-10,0.0124515410364312,-3.23311982200418e-08,439.41973249631,439.991883396315,440.562880191536,439.991883597802
0.284,0.477889116756032,0,-0.299452293509092,-6.3580519039398e-12,1.00000520487936,0,0,0,-2.08931423439002e-10,0.0125536329848683,-3.24736888533428e-08,439.443944126947,439.992263905751,440.539479315632,439.992264107946
0.285,0.478737239883159,0,-0.299442757671495,-6.48907994483998e-12,1.00000530589774,0,0,0,-2.12280963452271e-10,0.0126558701822142,-3.26179392878858e-08,439.468294164765,439.992641770906,440.515932530216,439.992641973826
0.286,0.479570463970163,0,-0.299433097699036,-6.62207480266741e-12,1.00000540821436,0,0,0,-2.15681791505641e-10,0.012758246277206,-3.27639944957256e-08,439.492781469859,439.9930168742,440.492240693966,439.993017077865
0.287,0.480388681658834,0,-0.299423312587411,-6.75705415186306e-12,1.00000551183308,0,0,0,-2.19134784882764e-10,0.0128607548811325,-3.2911899338811e-08,439.517404898884,439.993389097324,440.468404667679,439.993389301752
0.288,0.481191785747337,0,-0.299413401331013,-6.89403572458453e-12,1.00000561675749,0,0,0,-2.22640831726869e-10,0.0129633895680992,-3.30616985581728e-08,439.542163305016,439.993758321264,440.444425314366,439.993758526476
0.289,0.481979669199092,0,-0.299403362923002,-7.03303731175241e-12,1.00000572299092,0,0,0,-2.26200830920739e-10,0.0130661438752956,-3.32134367631882e-08,439.567055537908,439.994124426321,440.42030349935,439.994124632335
0.29,0.482752225151723,0,-0.299393196355359,-7.17407676411901e-12,1.00000583053646,0,0,0,-2.2981569195844e-10,0.0131690113032623,-3.33671584209206e-08,439.592080443642,439.994487292132,440.396040090364,439.994487498971
0.291,0.483509346926073,0,-0.299382900618962,-7.3171719933576e-12,1.00000593939694,0,0,0,-2.33486334798003e-10,0.0132719853161591,-3.35229078455373e-08,439.617236864689,439.994846797699,440.371635957647,439.994847005382
0.292,0.48425092803529,0,-0.299372474703638,-7.46234097317077e-12,1.00000604957491,0,0,0,-2.37213689721857e-10,0.0133750593420341,-3.3680729187802e-08,439.64252363986,439.995202821408,440.347091974047,439.995203029956
0.293,0.484976862193976,0,-0.299361917598237,-7.60960174041602e-12,1.00000616107265,0,0,0,-2.40998697176343e-10,0.0134782267730933,-3.38406664246439e-08,439.667939604264,439.995555241052,440.32240901512,439.995555450487
0.294,0.485687043327403,0,-0.299351228290692,-7.75897239624695e-12,1.00000627389217,0,0,0,-2.44842307605656e-10,0.0135814809659714,-3.40027633488033e-08,439.693483589258,439.99590393386,440.297587959236,439.995904144203
0.295,0.4863813655808,0,-0.299340405768084,-7.91047110726826e-12,1.00000638803519,0,0,0,-2.48745481285351e-10,0.0136848152420034,-3.41670635585527e-08,439.719154422403,439.996248776516,440.272629687678,439.996248987789
0.296,0.487059723328701,0,-0.299329449016712,-8.0641161067027e-12,1.00000650350315,0,0,0,-2.52709188144582e-10,0.0137882228874972,-3.43336104474934e-08,439.74495092742,439.996589645188,440.24753508475,439.996589857413
0.297,0.487722011184362,0,-0.299318357022154,-8.21992569556804e-12,1.00000662029721,0,0,0,-2.56734407573943e-10,0.0138916971540064,-3.45024471944278e-08,439.770871924136,439.996926415554,440.222305037882,439.996926628753
0.298,0.488368124009243,0,-0.299307128769337,-8.37791824386233e-12,1.0000067384182,0,0,0,-2.60822128232335e-10,0.0139952312586053,-3.46736167533074e-08,439.796916228444,439.997258962824,440.196940437738,439.997259177018
0.299,0.488997956922557,0,-0.2992957632426,-8.53811219175533e-12,1.00000685786668,0,0,0,-2.64973347844591e-10,0.0140988183841638,-3.48471618432544e-08,439.823082652249,439.997587161767,440.171442178321,439.997587376981
0.3,0.489611405310883,0,-0.299284259425765,-8.70052605078413e-12,1.00000697864289,0,0,0,-2.6918907299502e-10,0.014202451679624,-3.50231249386598e-08,439.849370003427,439.997910886743,440.145811157087,439.997911102997
0.301,0.490208364837844,0,-0.299272616302203,-8.86517840505105e-12,1.00000710074677,0,0,0,-2.73470318905423e-10,0.0143061242602769,-3.52015482593553e-08,439.875777085769,439.99823001172,440.12004827505,439.998230229039
0.302,0.490788731453851,0,-0.299260832854898,-9.03208791242154e-12,1.00000722417794,0,0,0,-2.77818109212279e-10,0.0144098292080414,-3.5382473760859e-08,439.902302698941,439.998544410312,440.094154436896,439.998544628717
0.303,0.491352401405909,0,-0.299248908066523,-9.20127330572008e-12,1.00000734893569,0,0,0,-2.82233475724653e-10,0.014513559571743,-3.55659431246948e-08,439.928945638428,439.998853955797,440.068130551095,439.998854175312
0.304,0.491899271247491,0,-0.299236840919498,-9.37275339392197e-12,1.00000747501899,0,0,0,-2.86717458190945e-10,0.0146173083673948,-3.57519977487855e-08,439.955704695492,439.999158521153,440.041977530011,439.999158741799
0.305,0.492429237848473,0,-0.29922463039607,-9.54654706333871e-12,1.0000076024265,0,0,0,-2.91271104039439e-10,0.0147210685784785,-3.594067873792e-08,439.982578657119,439.999457979079,440.01569629002,439.99945820088
0.306,0.492942198405134,0,-0.29921227547837,-9.72267327879487e-12,1.00000773115652,0,0,0,-2.95895468120754e-10,0.0148248331562276,-3.61320268942918e-08,440.00956630597,439.999752202031,439.989287751622,439.999752425009
0.307,0.493438050450217,0,-0.299199775148494,-9.90115108479409e-12,1.00000786120703,0,0,0,-3.00591612438855e-10,0.0149285950199103,-3.63260827081106e-08,440.036666420336,440.000041062243,439.962752839556,440.000041286421
0.308,0.493916691863057,0,-0.299187128388564,-1.00819996066721e-11,1.00000799257564,0,0,0,-3.05360605880894e-10,0.0150323470571154,-3.65228863482862e-08,440.063877774083,440.000324431765,439.936092482918,440.000324657165
0.309,0.494378020879764,0,-0.299174334180801,-1.0265238051734e-11,1.00000812525965,0,0,0,-3.10203523935061e-10,0.0151360821240377,-3.67224776531838e-08,440.09119913661,440.000602182484,439.909307615276,440.000602409129
0.31,0.494821936103481,0,-0.299161391507597,-1.04508857103743e-11,1.00000825925597,0,0,0,-3.15121448399706e-10,0.0152397930457655,-3.69248961214501e-08,440.118629272793,440.000874186162,439.882399174792,440.000874414074
0.311,0.495248336514688,0,-0.299148299351581,-1.06389619571763e-11,1.00000839456118,0,0,0,-3.20115467081225e-10,0.0153434726165692,-3.71301809029115e-08,440.146166942942,440.00114031446,439.855368104336,440.001140543661
0.312,0.49565712148158,0,-0.299135056695696,-1.08294862519885e-11,1.00000853117148,0,0,0,-3.25186673485228e-10,0.0154471136001907,-3.7338370789541e-08,440.173810902746,440.001400438974,439.828215351605,440.001400669486
0.313,0.496048190770497,0,-0.299121662523265,-1.10224781409772e-11,1.00000866908272,0,0,0,-3.30336166498509e-10,0.015550708730135,-3.75495042064972e-08,440.201559903229,440.00165443126,439.800941869247,440.001654663104
0.314,0.496421444556425,0,-0.299108115818063,-1.12179572576502e-11,1.00000880829037,0,0,0,-3.35565050072057e-10,0.0156542507099619,-3.77636192032314e-08,440.229412690698,440.001902162872,439.77354861498,440.001902396069
0.315,0.496776783433543,0,-0.299094415564393,-1.14159433238515e-11,1.00000894878952,0,0,0,-3.4087443288542e-10,0.0157577322135802,-3.79807534446651e-08,440.257368006695,440.002143505388,439.746036551711,440.00214373996
0.316,0.497114108425843,0,-0.299080560747152,-1.16164561507229e-11,1.0000090905749,0,0,0,-3.46265428008395e-10,0.0158611458855421,-3.82009442024354e-08,440.285424587947,440.002378330446,439.71840664766,440.002378566412
0.317,0.497433320997802,0,-0.299066550351908,-1.18195156396307e-11,1.00000923364082,0,0,0,-3.51739152557586e-10,0.0159644843413399,-3.84242283462094e-08,440.31358116632,440.002606509773,439.690659876482,440.002606747155
0.318,0.497734323065111,0,-0.299052383364972,-1.20251417830547e-11,1.00000937798124,0,0,0,-3.57296727335125e-10,0.0160677401677034,-3.86506423350669e-08,440.341836468767,440.002827915222,439.662797217391,440.002828154039
0.319,0.498017017005472,0,-0.299038058773467,-1.22333546654371e-11,1.0000095235897,0,0,0,-3.62939276461723e-10,0.0161709059228993,-3.88802222089504e-08,440.370189217281,440.0030424188,439.63481965528,440.003042659071
0.32,0.498281305669441,0,-0.299023575565405,-1.24441744639881e-11,1.00000967045936,0,0,0,-3.68667927010524e-10,0.0162739741370315,-3.91130035801828e-08,440.398638128846,440.003249892705,439.60672818085,440.003250134449
0.321,0.498527092391335,0,-0.299008932729762,-1.26576214494462e-11,1.00000981858298,0,0,0,-3.74483808630331e-10,0.0163769373123431,-3.93490216250517e-08,440.427181915391,440.003450209356,439.578523790729,440.003450452592
0.322,0.498754281000196,0,-0.298994129256547,-1.28737159867907e-11,1.0000099679529,0,0,0,-3.80388053155088e-10,0.0164797879235199,-3.95883110754611e-08,440.455819283738,440.003643241432,439.550207487602,440.003643486178
0.323,0.498962775830807,0,-0.298979164136877,-1.3092478535903e-11,1.00001011856106,0,0,0,-3.86381794213062e-10,0.0165825184179952,-3.98309062106477e-08,440.484548935557,440.0038288619,439.521780280334,440.003829108173
0.324,0.499152481734768,0,-0.298964036363056,-1.33139296521741e-11,1.00001027039898,0,0,0,-3.92466166818616e-10,0.0166851212162565,-4.00768408489647e-08,440.513369567318,440.004006944055,439.493243184096,440.004007191871
0.325,0.499323304091626,0,-0.298948744928644,-1.35380899870562e-11,1.00001042345778,0,0,0,-3.98642306961291e-10,0.016787588712153,-4.0326148339731e-08,440.542279870242,440.00417736155,439.464597220488,440.004177610925
0.326,0.499475148820057,0,-0.298933288828532,-1.37649802885555e-11,1.00001057772813,0,0,0,-4.04911351197368e-10,0.0168899132732059,-4.05788615551446e-08,440.571278530256,440.004339988434,439.435843417674,440.004340239385
0.327,0.499607922389108,0,-0.298917667059024,-1.39946214016628e-11,1.00001073320031,0,0,0,-4.11274436218483e-10,0.0169920872409186,-4.08350128822616e-08,440.600364227944,440.004494699188,439.4069828105,440.004494951728
0.328,0.499721531829484,0,-0.298901878617903,-1.42270342687201e-11,1.00001088986413,0,0,0,-4.17732698411418e-10,0.0170941029310903,-4.10946342150407e-08,440.629535638503,440.004641368756,439.378016440625,440.004641622899
0.329,0.499815884744895,0,-0.298885922504511,-1.44622399297196e-11,1.00001104770901,0,0,0,-4.24287273425701e-10,0.0171959526341299,-4.135775694645e-08,440.658791431693,440.004779872585,439.348945356648,440.004780128345
0.33,0.499890889323454,0,-0.298869797719827,-1.47002595225334e-11,1.0000112067239,0,0,0,-4.30939295731257e-10,0.017297628615372,-4.162441196064e-08,440.688130271794,440.00491008666,439.319770614237,440.004910344049
0.331,0.499946454349122,0,-0.29885350326654,-1.49411142830696e-11,1.00001136689732,0,0,0,-4.37689898152798e-10,0.0173991231153948,-4.18946296251789e-08,440.717550817558,440.00503188754,439.290493276255,440.00503214657
0.332,0.499982489213211,0,-0.298837038149125,-1.51848255453537e-11,1.00001152821735,0,0,0,-4.44540211414192e-10,0.0175004283503396,-4.21684397833522e-08,440.747051722167,440.005145152394,439.261114412888,440.005145413075
0.333,0.499998903925932,0,-0.29882040137392,-1.54314147415309e-11,1.00001169067162,0,0,0,-4.51491363663572e-10,0.0176015365122316,-4.24458717465261e-08,440.776631633184,440.005249759038,439.231635101776,440.005250021381
0.334,0.499995609127994,0,-0.298803591949206,-1.56809034017885e-11,1.00001185424731,0,0,0,-4.58544479993913e-10,0.0177024397693028,-4.27269542865729e-08,440.806289192508,440.005345585974,439.202056428138,440.005345849987
0.335,0.499972516102255,0,-0.29878660888528,-1.59333131541928e-11,1.00001201893115,0,0,0,-4.65700681968777e-10,0.0178031302663172,-4.30117156283607e-08,440.836023036336,440.005432512425,439.172379484902,440.005432778115
0.336,0.499929536785415,0,-0.298769451194533,-1.61886657244412e-11,1.00001218470939,0,0,0,-4.72961087134778e-10,0.0179036001248963,-4.33001834423046e-08,440.86583179511,440.005510418371,439.142605372835,440.005510685746
0.337,0.499866583779766,0,-0.298752117891529,-1.64469829355233e-11,1.00001235156784,0,0,0,-4.80326808514509e-10,0.0180038414438484,-4.35923848369823e-08,440.895714093482,440.005579184592,439.112735200671,440.005579453657
0.338,0.499783570364979,0,-0.298734607993082,-1.67082867072907e-11,1.00001251949185,0,0,0,-4.87798954108081e-10,0.0181038462994976,-4.38883463518116e-08,440.925668550264,440.005638692699,439.082770085238,440.00563896346
0.339,0.499680410509943,0,-0.298716920518333,-1.69725990559313e-11,1.00001268846628,0,0,0,-4.95378626380385e-10,0.0182036067460168,-4.41880939497896e-08,440.955693778388,440.00568882518,439.05271115159,440.00568909764
0.34,0.499557018884649,0,-0.298699054488829,-1.7239942093346e-11,1.00001285847554,0,0,0,-5.03066921750163e-10,0.0183031148157607,-4.44916530102959e-08,440.985788384866,440.005729465431,439.022559533132,440.005729739593
0.341,0.49941331087212,0,-0.298681008928603,-1.75103380264248e-11,1.00001302950355,0,0,0,-5.10864930066922e-10,0.0184023625196019,-4.47990483219572e-08,441.015950970744,440.005760497799,438.992316371753,440.005760773663
0.342,0.499249202580377,0,-0.298662782864248,-1.77838091562195e-11,1.00001320153377,0,0,0,-5.18773734074514e-10,0.0185013418472688,-4.51103040755747e-08,441.046180131064,440.005781807618,438.961982817953,440.005782085186
0.343,0.499064610854462,0,-0.298644375325002,-1.806037787701e-11,1.00001337454915,0,0,0,-5.26794408873634e-10,0.0186000447676845,-4.54254438571137e-08,441.076474454818,440.005793281252,438.93156003097,440.005793560521
0.344,0.49885945328849,0,-0.298625785342821,-1.83400666752623e-11,1.00001354853221,0,0,0,-5.34928021385217e-10,0.0186984632293092,-4.57444906407565e-08,441.106832524916,440.005794806127,438.901049178912,440.005795087096
0.345,0.498633648237751,0,-0.298607011952461,-1.86228981284747e-11,1.00001372346492,0,0,0,-5.43175629807864e-10,0.0187965891604833,-4.6067466782017e-08,441.137252918138,440.005786270779,438.870451438882,440.005786553444
0.346,0.49838711483085,0,-0.298588054191559,-1.89088949039092e-11,1.00001389932882,0,0,0,-5.51538283059787e-10,0.018894414469773,-4.63943940109186e-08,441.167734205099,440.005767564886,438.83976799711,440.005767849243
0.347,0.498119772981886,0,-0.29856891110071,-1.91980797572066e-11,1.00001407610493,0,0,0,-5.60017020223922e-10,0.0189919310463181,-4.67252934252342e-08,441.198274950206,440.005738579311,438.809000049076,440.005738865353
0.348,0.497831543402672,0,-0.298549581723547,-1.94904755308811e-11,1.00001425377377,0,0,0,-5.68612869980354e-10,0.0190891307601816,-4.70601854837902e-08,441.228873711625,440.005699206143,438.778148799645,440.005699493861
0.349,0.497522347614995,0,-0.298530065106821,-1.97861051526931e-11,1.00001443231539,0,0,0,-5.77326850031918e-10,0.0191860054627016,-4.73990899998323e-08,441.25952904124,440.005649338731,438.747215463188,440.005649628118
0.35,0.497192107962907,0,-0.298510360300482,-2.00849916338963e-11,1.00001461170932,0,0,0,-5.86159966542221e-10,0.0192825469868451,-4.77420261344564e-08,441.290239484616,440.005588871733,438.716201263712,440.005589162777
0.351,0.496840747625058,0,-0.298490466357761,-2.03871580673578e-11,1.0000147919346,0,0,0,-5.95113213552392e-10,0.0193787471475639,-4.80890123901011e-08,441.32100358096,440.005517701146,438.685107434991,440.005517993835
0.352,0.496468190627066,0,-0.298470382335246,-2.06926276255469e-11,1.00001497296977,0,0,0,-6.04187572389446e-10,0.0194745977421529,-4.84400666041061e-08,441.35181986309,440.005435724356,438.653935220685,440.005436018676
0.353,0.496074361853915,0,-0.298450107292966,-2.10014235583916e-11,1.00001515479287,0,0,0,-6.13384011080415e-10,0.0195700905506104,-4.87952059423336e-08,441.382686857394,440.005342840169,438.622685874472,440.005343136106
0.354,0.495659187062395,0,-0.29842964029447,-2.13135691909993e-11,1.00001533738141,0,0,0,-6.22703483761511e-10,0.0196652173360007,-4.91544468928552e-08,441.413603083799,440.005238948859,438.591360660175,440.005239246396
0.355,0.495222592893566,0,-0.298408980406911,-2.16290879212397e-11,1.00001552071243,0,0,0,-6.32146930076703e-10,0.0197599698448185,-4.95178052597018e-08,441.444567055733,440.005123952206,438.559960851884,440.005124251324
0.356,0.494764506885262,0,-0.298388126701122,-2.19480032171864e-11,1.00001570476243,0,0,0,-6.417152745799e-10,0.0198543398073564,-4.98852961566811e-08,441.475577280095,440.004997753533,438.528487734081,440.004998054212
0.357,0.494284857484624,0,-0.298367078251704,-2.2270338614416e-11,1.00001588950741,0,0,0,-6.51409426124887e-10,0.0199483189380734,-5.02569340012597e-08,441.506632257218,440.004860257753,438.49694260177,440.004860559972
0.358,0.493783574060657,0,-0.298345834137101,-2.25961177131617e-11,1.00001607492286,0,0,0,-6.61230277255271e-10,0.0200418989359673,-5.06327325085121e-08,441.537730480839,440.004711371404,438.465326760595,440.00471167514
0.359,0.493260586916823,0.155456680111232,-0.298324393439685,-2.29253641753181e-11,1.00001626098375,0,2.16546444545682e-05,0.129330686981481,-6.71178703597139e-10,0.0201350714849476,-5.1012704685136e-08,441.568870438066,440.004551002695,438.43364152697,440.004551307921
0.36,0.492715827303662,0.221759686639633,-0.298302831802265,-2.32581017216913e-11,1.00001644766232,9.53328216834667e-08,0.000177922636288713,0.182845735663721,-6.81280306945176e-10,0.020228166019631,-5.13972929015796e-08,441.664551371136,440.004226578421,438.336039560619,440.004226879291
0.361,0.492149227431434,0.286204563260772,-0.298281219491498,-2.35943541376631e-11,1.00001663492045,3.73310123278974e-07,0.00038654292220371,0.233953971602595,-6.91595894826123e-10,0.0203214755103934,-5.17887495288951e-08,441.786005561524,440.00383652528,438.211913947612,440.003836819424
0.362,0.491560720482792,0.348308740952692,-0.298259598529098,-2.39341452872323e-11,1.00001682271174,8.85000949553837e-07,0.000644870839329627,0.282186073993099,-7.02214630021381e-10,0.0204151588221755,-5.21910042292802e-08,441.931707878978,440.003386498884,438.062720524481,440.003386784106
0.363,0.490950240625478,0.407625941434243,-0.298238009374837,-2.42774991285967e-11,1.00001701098239,1.67860155505884e-06,0.000949812131226799,0.327112727031993,-7.13261046463635e-10,0.0205093614734434,-5.26097037931576e-08,442.09997455722,440.00288243329,437.890091625783,440.002882707613
0.364,0.490317723025043,0.463749407873681,-0.29821649062778,-2.46244397379521e-11,1.00001719967104,2.79900634401006e-06,0.00129786452500261,0.368347683014023,-7.24898037390314e-10,0.0206042147452105,-5.30523345366548e-08,442.288983966277,440.002330479702,437.695817200705,440.002330741419
0.365,0.489663103857593,0.516314670603388,-0.298195078753981,-2.49749913451451e-11,1.00001738870898,4.28742183694882e-06,0.00168516212539852,0.405550330881099,-7.37328193352311e-10,0.0206998349450034,-5.35282610864276e-08,442.496797904505,440.001736945146,437.481824739202,440.001737192872
0.366,0.488986320322548,0.565001834464384,-0.298173807842484,-2.53291783844334e-11,1.00001757802045,6.18102623182135e-06,0.00210752212538598,0.438427759374787,-7.50793523758458e-10,0.020796322828434,-5.40486849492305e-08,442.721386388572,440.001108166769,437.250154735061,440.001108399492
0.367,0.488287310655432,0.609537379048961,-0.298152709391164,-2.56870255637001e-11,1.00001776752327,8.51267662214312e-06,0.00256049332457893,0.466736308821083,-7.65573652295289e-10,0.0208937631790476,-5.46265289936416e-08,442.960648728205,440.000450462634,437.002939457046,440.000450679758
0.368,0.487566014140676,0.649695466991609,-0.298131812123603,-2.60485579554407e-11,1.00001795712954,1.13106654238855e-05,0.00303940594281119,0.490282609787772,-7.81982617412576e-10,0.0209922245462512,-5.5276255869697e-08,443.212431769808,439.999770140145,436.742384160395,439.999770341529
0.369,0.486822371124439,0.685298760888489,-0.29811114183789,-2.64138011126654e-11,1.00001814674657,1.45985270500452e-05,0.00353942221709388,0.508924112311053,-8.00364442267122e-10,0.0210917591401475,-5.6013629866891e-08,443.474551158227,439.999073439993,436.470744412671,439.999073625989
0.37,0.486056323027451,0.716218754606281,-0.298090721287885,-2.67827812125524e-11,1.0000183362779,1.83948953628725e-05,0.00405558727661623,0.522569114573806,-8.2108767413718e-10,0.0211924028801756,-5.68554332493911e-08,443.744812133986,439.998366482279,436.19030334127,439.998366653758
0.371,0.485267812357869,0.742375628878126,-0.298070570097158,-2.71555252302341e-11,1.0000185256244,2.27134119335339e-05,0.00458287980144294,0.53117630417253,-8.44539118243516e-10,0.0212941755929385,-5.78191490732414e-08,444.021029707928,439.997655215146,435.903349044139,439.99765537351
0.372,0.484456782724142,0.763737645362045,-0.298050704705531,-2.75320611445286e-11,1.00001871468544,2.75626846519369e-05,0.00511626198587208,0.534753829414433,-8.71117005820067e-10,0.021397081353308,-5.89226229286895e-08,444.301048068724,439.996945366231,435.612152403555,439.996945513429
0.373,0.483623178847905,0.78032009734171,-0.298031138347793,-2.79124181767337e-11,1.00001890336006,3.29462957598055e-05,0.00565072834688205,0.533357922089627,-9.01223842415271e-10,0.0215011089617009,-6.01837160332625e-08,444.582759091986,439.99624239724,435.318945537618,439.996242535758
0.374,0.482766946576865,0.792183838986074,-0.298011881063895,-2.82966270628219e-11,1.00001909154816,3.88628579318816e-05,0.00618135294142433,0.527091096865702,-9.35259179983199e-10,0.0216062325493245,-6.1619961653591e-08,444.864119832594,439.995551461861,435.025901115084,439.995551594717
0.375,0.48188803289772,0.799433418521084,-0.297992939739649,-2.86847203585248e-11,1.0000192791516,4.53061166070306e-05,0.00670333458317645,0.516099955822916,-9.73612545898489e-10,0.0217124123022015,-6.32482359962294e-08,445.143168894281,439.994877367284,434.735112746639,439.994877498001
0.376,0.480986385949066,0.802214843757658,-0.297974318176667,-2.90767327759086e-11,1.0000194660752,5.22650963764202e-05,0.00721203967942012,0.500572629647077,-1.01665674434942e-09,0.021819595293907,-6.50844535318809e-08,445.418041582542,439.994224539496,434.448576649772,439.994224672072
0.377,0.480061955034333,0.800713011170827,-0.297956017190055,-2.94727015491521e-11,1.00001965222774,5.97242888728176e-05,0.00770304234157235,0.480735889626467,-1.06474172157536e-09,0.0219277164161967,-6.71432952650971e-08,445.686983758552,439.993596992561,434.168174765384,439.993597131429
0.378,0.479114690634711,0.795148832113923,-0.297938034732133,-2.98726668263801e-11,1.00001983752271,6.76638792760454e-05,0.00817216145819944,0.456851966840191,-1.11818915729177e-09,0.022036699396067,-6.94379768010565e-08,445.948364322981,439.992998302028,433.895659482601,439.992998452011
0.379,0.478144544422095,0.785776091741139,-0.297920366040268,-3.02766720836089e-11,1.00002002187901,7.60600082569745e-05,0.00861549445667063,0.429215116746456,-1.17728791160109e-09,0.0221464578872815,-7.19800612647082e-08,446.200686269575,439.992431582618,433.632640104428,439.992431748871
0.38,0.477151469272029,0.772878077836509,-0.297903003806711,-3.06847645561587e-11,1.00002020522148,8.48850659279552e-05,0.00902944751857337,0.398147968810106,-1.24229042103528e-09,0.0222568966240089,-7.47793202686334e-08,446.442596259027,439.991899470296,433.38057116137,439.991899658249
0.381,0.476135419276654,0.756764017948381,-0.297885938368175,-3.10969956823123e-11,1.00002038748127,9.41080141527086e-05,0.00941076205417781,0.363997701801907,-1.31341010050658e-09,0.0223679126239614,-7.78436442758376e-08,446.672892674249,439.991404108835,433.14074265366,439.991404324132
0.382,0.475096349757658,0.737765364070378,-0.297869157912785,-3.15134215535606e-11,1.00002056859606,0.000103694733394424,0.00975653728221069,0.327132086013432,-1.39081977121628e-09,0.022479396428285,-8.11790019293094e-08,446.890532128619,439.990947140933,432.9142722757,439.990947389363
0.383,0.474034217279228,0.716231964510806,-0.297852648701905,-3.19341033655042e-11,1.00002074851015,0.000113608390147732,0.010064248802562,0.287935433795876,-1.4746510992537e-09,0.022591233365442,-8.47894462817824e-08,447.094634409241,439.990529703919,432.702099649505,439.990529991356
0.384,0.472948979661001,0.692528162660686,-0.297836395304267,-3.23591078633691e-11,1.0000209271744,0.000123809820908546,0.0103317630908899,0.246804499642671,-1.56499499687133e-09,0.0227033048264318,-8.86771644082773e-08,447.284485847809,439.990152430072,432.504982567688,439.990152762406
0.385,0.471840595991014,0.66702886199213,-0.297820380839822,-3.27885077761532e-11,1.000021104546,0.00013425792858523,0.0105573478850291,0.204144370403562,-1.66190290927107e-09,0.0228154895389183,-9.28425656621097e-08,447.459541122321,439.989815451521,432.323495221518,439.989815834597
0.386,0.470709026638647,0.640115595947755,-0.297804587230643,-3.32223822336414e-11,1.00002128058828,0.00014491008724463,0.0107396784732527,0.160364385275447,-1.76538888519675e-09,0.0229276648281641,-9.72844028724116e-08,447.619423503689,439.989518409667,432.15802836611,439.989518849223
0.387,0.469554233267568,0.612172640292908,-0.297788995456276,-3.3660817160894e-11,1.00002145527021,0.000155722551116157,0.0108778399334342,0.115874123863461,-1.87543231016202e-09,0.0230397078531114,-1.01999920096487e-07,447.763923572259,439.989260469039,432.008791353291,439.989260970648
0.388,0.468376178848667,0.583583204121977,-0.297773585810926,-3.41039056453096e-11,1.00002162856603,0.000166650863845032,0.0109713254096546,0.0710794989558762,-1.99198116731169e-09,0.0231514968064819,-1.06985020140496e-07,447.892996440382,439.989040335444,431.875815943412,439.989040904462
0.389,0.467174827672983,0.554725734005187,-0.297758338159923,-3.45517482719682e-11,1.00002180045468,0.000177650264090385,0.011020030548482,0.0263789886871297,-2.11495568292754e-09,0.0232629120683995,-1.12234444942808e-07,448.006757528417,439.988856278231,431.758961790436,439.988856919744
0.39,0.465950145364621,0.525970363771409,-0.297743232193011,-3.50044534236438e-11,1.0000219709193,0.000188676083703052,0.0110242442507206,-0.017839959486627,-2.24425221147949e-09,0.0233738373037466,-1.17741962061234e-07,448.105476952837,439.988706156457,431.657923480312,439.988706875239
0.391,0.464702098893664,0.497675540158695,-0.297728247672068,-3.54621375426129e-11,1.0000221399466,0.000199684134889566,0.0109846359256162,-0.0612043230881211,-2.37974721853806e-09,0.0234841604942548,-1.23500550894426e-07,448.189572596384,439.988587448687,431.57223899075,439.988588249158
0.392,0.463430656589071,0.470184852093642,-0.297713364671,-3.59249253521496e-11,1.00002230752637,0.000210631082970305,0.0109022394630775,-0.1033586699983,-2.52130122849825e-09,0.0235937748971802,-1.29502582867481e-07,448.259601941296,439.98849728614,431.501299431258,439.988498172326
0.393,0.462135788151553,0.443824088662199,-0.297698563805699,-3.63929500363625e-11,1.00002247365086,0.000221474801568432,0.0107784341652189,-0.143968070642483,-2.66876261726793e-09,0.0237025799233249,-1.35739990584505e-07,448.316252757515,439.988432488816,431.444359915376,439.988433464319
0.394,0.460817464666448,0.418898548272714,-0.297683826452084,-3.68663533777656e-11,1.00002263831429,0.000232174707319252,0.0106149229013575,-0.182720735538276,-2.82197114719385e-09,0.0238104819280207,-1.42204421864416e-07,448.360334940009,439.9883895532,431.400549016455,439.98839062116
0.395,0.459475658616572,0.395690618156374,-0.297669134950423,-3.73452858526756e-11,1.00002280151236,0.000242692071463921,0.0104137077704548,-0.219330360258093,-2.98076116166579e-09,0.0239173949094577,-1.48887375578966e-07,448.392767597322,439.988364730426,431.368883231263,439.988365893498
0.396,0.458110343895052,0.374457639804892,-0.297654472794334,-3.78299066851607e-11,1.00002296324175,0.000252990305983746,0.0101770635709492,-0.253538163508949,-3.14496437683438e-09,0.0240232411103338,-1.55780317167454e-07,448.414566094621,439.988354089024,431.348281266451,439.98835534935
0.397,0.456721495818141,0.355430073350028,-0.297639824803008,-3.83203838608326e-11,1.00002312349977,0.000263035222237944,0.00990750939085424,-0.285114606886416,-3.3144122313387e-09,0.0241279515198298,-1.62874772767352e-07,448.426829254178,439.988353559606,431.337577920076,439.988354918791
0.398,0.455309091138014,0.33880997063422,-0.297625177275457,-3.88168941022539e-11,1.00002328228398,0.000272795260385782,0.0096077786407676,-0.313860788253093,-3.48893777848838e-09,0.0242314662737688,-1.70162401924791e-07,448.430726014253,439.988358980313,431.33553832153,439.9883604394
0.399,0.453873108055535,0.32476976341475,-0.297610518125733,-3.93196228081323e-11,1.00002343959189,0.000282241688200103,0.00928078785875677,-0.339609504108798,-3.66837712713678e-09,0.0243337349518168,-1.77635049763126e-07,448.427481687317,439.988366142508,431.340872382411,439.988367701959
0.4,0.45241352623301,0.313451369921731,-0.297595836998344,-3.98287639587876e-11,1.00002359542068,0.000291348768209971,0.00892960461906214,-0.362225979640793,-3.85257045727239e-09,0.024434716771607,-1.85284780284938e-07,448.418363962247,439.988370836252,431.35224931609,439.988372495924
0.401,0.450930326806905,0.304965619842062,-0.297581125363232,-4.03445199906078e-11,1.00002374976702,0.000300093892442243,0.00855741487624201,-0.38160826837148,-4.04136265348225e-09,0.0245343806806692,-1.93103893143895e-07,448.404668797162,439.988368895043,431.368312089866,439.988370654171
0.402,0.449423492400541,0.299391994712707,-0.297566376589958,-4.08671016423716e-11,1.00002390262685,0.000308457684361961,0.00816749007288856,-0.397687326465224,-4.2346036134639e-09,0.0246327053480121,-2.01084926729815e-07,448.387706349734,439.988356239358,431.387691680434,439.988358096539
0.403,0.44789300713676,0.296778677756927,-0.297551586000906,-4.13967277763981e-11,1.00002405399526,0.000316424067936625,0.00776315433247331,-0.41042676974444,-4.43214829903091e-09,0.0247296790581326,-2.09220650752297e-07,448.368787090152,439.988328918535,431.409021010903,439.988330871708
0.404,0.44633885665056,0.297142904357693,-0.297536750903542,-4.19336251775154e-11,1.00002420386634,0.000323980304066386,0.00734775204939135,-0.419822324317543,-4.63385660346307e-09,0.0248252995110982,-2.175040516819e-07,448.349208238337,439.988283150553,431.430948455475,439.988285196988
0.405,0.444761028101697,0.300471601702707,-0.297521870601968,-4.24780283328174e-11,1.00002435223307,0.000331116994928412,0.00692461617602682,-0.425900984376768,-4.83959311155742e-09,0.0249195735331704,-2.25928314416415e-07,448.330240661556,439.988215359311,431.452150806175,439.988217495596
0.406,0.443159510187253,0.306722303650741,-0.297506946388193,-4.30301791951111e-11,1.00002449908724,0.000337828057076293,0.00649703749185579,-0.42871989318281,-5.04922682722125e-09,0.0250125167031816,-2.34486803393223e-07,448.313116361295,439.98812220904,431.471345604554,439.988124431073
0.407,0.44153429315417,0.315824324591463,-0.297491981513738,-4.35903269328592e-11,1.00002464441929,0.00034411066441196,0.00606823512245429,-0.428364965486917,-5.26263093843675e-09,0.0251041529005698,-2.43173046082582e-07,448.299016669313,439.988000635515,431.487302749938,439.988002938499
0.408,0.439885368811747,0.327680174002318,-0.297476981142361,-4.41587276692995e-11,1.00002478821827,0.000349965162406024,0.00564132855699742,-0.424949271645754,-5.47968268118053e-09,0.0251945137815733,-2.51980721391359e-07,448.289061262243,439.987847873786,431.498855304629,439.987850252232
0.409,0.438212730544096,0.342167191587097,-0.297461952284846,-4.47356442132768e-11,1.00002493047168,0.000355394955180564,0.00521931139169879,-0.418611205425441,-5.70026335290475e-09,0.0252836381906219,-2.60903655006305e-07,448.284298092266,439.987661482207,431.504909425337,439.987663929934
0.41,0.436516373322555,0.359139381290276,-0.29744690371696,-4.53213457841683e-11,1.00002507116535,0.000360406367284601,0.00480502700386446,-0.409512458985183,-5.92425851322949e-09,0.025371571514401,-2.69935823137145e-07,448.285694318359,439.987439362552,431.504453359014,439.987441872699
0.411,0.434796293718069,0.378429421154783,-0.297431845881786,-4.59161077331141e-11,1.00002521028335,0.000365008482185222,0.00440114633712134,-0.397835829748469,-6.15155839506299e-09,0.0254583649864284,-2.79071365510546e-07,448.294128308745,439.987179776117,431.496565450245,439.987182341158
0.412,0.433052489913511,0.39985082492085,-0.297416790777804,-4.65202112625961e-11,1.00002534780776,0.000369212959665321,0.00401014795317043,-0.383782884817419,-6.38205853434427e-09,0.0255440749502547,-2.88304607844808e-07,448.310382770671,439.986881355699,431.480421116239,439.986883967466
0.413,0.431284961715974,0.423200230454143,-0.297401751834143,-4.71339431462308e-11,1.0000254837186,0.000373033834461355,0.00363430047940064,-0.367571509261372,-6.61566061160417e-09,0.0256287620895873,-2.97630093429073e-07,448.335139048763,439.986543113444,431.455298754459,439.986545763153
0.414,0.429493710568998,0.448259789541527,-0.29738674377455,-4.77575954504675e-11,1.00002561799361,0.000376487298590588,0.00327564755514525,-0.349433365016257,-6.85227348418065e-09,0.0257124906337365,-3.07042622865427e-07,448.368972618326,439.986164444563,431.420584556824,439.98616712285
0.415,0.427678739564764,0.474799633643326,-0.297371782471674,-4.83914652597065e-11,1.0000257506081,0.000379591469906702,0.00293599535262536,-0.329611286985768,-7.0918143752771e-09,0.0257953275466974,-3.16537300539831e-07,448.412352027209,439.985745070237,431.375773752781,439.985747767198
0.416,0.425840053456227,0.502580389820193,-0.297356884793303,-4.90358544061766e-11,1.00002588153481,0.000382366149485444,0.00261690272208401,-0.308356643093993,-7.3342101756493e-09,0.0258773417078557,-3.26109585998544e-07,448.465635622504,439.985285062321,431.320474470477,439.98528776756
0.417,0.423977658669195,0.531355720831678,-0.297342068442258,-4.96910692057387e-11,1.0000260107437,0.000384832570478021,0.00231967398370555,-0.285926685020362,-7.5793988043565e-09,0.0259586030926868,-3.35755348058624e-07,448.529069608494,439.984784861174,431.254410331171,439.984787563854
0.418,0.422091563314357,0.560874864337121,-0.297327351791625,-5.03574202006122e-11,1.00002613820187,0.000387013141079355,0.00204535436270081,-0.262581915324891,-7.82733056827074e-09,0.0260391819616761,-3.4547091924047e-07,448.602788263339,439.984245264781,431.177420841142,439.984247953685
0.419,0.420181777199258,0.590885146908764,-0.297312753717038,-5.10352219098534e-11,1.00002626387337,0.000388931184242012,0.00179472803871323,-0.238583495740185,-8.07796945664794e-09,0.0261191480652063,-3.55253148008187e-07,448.68681527367,439.98366741449,431.089460693074,439.983670078085
0.42,0.418248311840203,0.621134449362041,-0.297298293427685,-5.17247925882433e-11,1.00002638771919,0.000390610676725524,0.00156831875638326,-0.214190720425592,-8.33129430652596e-09,0.0261985698717486,-3.65099446310404e-07,448.781066135452,439.983052777615,430.990598003596,439.983055404121
0.421,0.416291180474113,0.651373601015298,-0.297283990297694,-5.24264539940854e-11,1.0000265096971,0.000392075990005955,0.00136639292073171,-0.189658576705487,-8.58729977693521e-09,0.0262775138262743,-3.75007830027621e-07,448.885351559941,439.982403127172,430.881011522194,439.982405704636
0.422,0.414310398070313,0.681358681790685,-0.297269863699494,-5.31405311662466e-11,1.00002662976174,0.000393351635483244,0.00118896507922242,-0.165235414352601,-8.84599707484003e-09,0.0263560436453247,-3.84976950146564e-07,448.999381815254,439.981720519037,430.76098685506,439.981723035407
0.423,0.412305981342253,0.710853212525854,-0.297255932840706,-5.38673522106194e-11,1.00002674786453,0.000394462016315382,0.00103580567209493,-0.141160742860938,-9.10741438300391e-09,0.0264342196546521,-3.95006112785906e-07,449.12277192703,439.981007266832,430.630911755543,439.981009710035
0.424,0.410277948759171,0.739630215469566,-0.297242216606006,-5.46072480960215e-11,1.00002686395382,0.000395431188080701,0.000906450913980597,-0.117663174396453,-9.37159694937481e-09,0.026512098174773,-4.05095286576337e-07,449.255047656008,439.980265914854,430.491270540591,439.980268272879
0.425,0.408226320557679,0.767474128685919,-0.297228733405361,-5.53605524593989e-11,1.00002697797497,0.000396282630323994,0.000800214653065487,-0.0949585282197122,-9.63860680858882e-09,0.0265897309591695,-4.15245096334379e-07,449.39565216584,439.979499209378,430.34263769998,439.979501470354
0.426,0.406151118753285,0.794182559920122,-0.297215501029908,-5.61276014200374e-11,1.00002708987051,0.00039703903088089,0.000716202039249602,-0.0732481104073597,-9.90852211844027e-09,0.0266671646892424,-4.25456802444864e-07,449.543953291332,439.97871006866,430.185670771951,439.978712220933
0.427,0.404052367151841,0.81956786743133,-0.297202536516651,-5.69087334023379e-11,1.00002719958038,0.00039772208469978,0.000653324819949396,-0.0527171806229817,-1.0181436107006e-08,0.0267444405294576,-4.35732265862268e-07,449.699251315178,439.977901551962,430.02110256516,439.977903584174
0.428,0.401930091360915,0.843458557282965,-0.297189856023034,-5.77042889665567e-11,1.00002730704213,0.000398352308693722,0.000610318071496342,-0.0335336155843167,-1.04574556393137e-08,0.0268215937454608,-4.46073899136557e-07,449.86078716039,439.977076827934,429.849732812441,439.977078729098
0.429,0.399784318801092,0.865700488644593,-0.297177474712328,-5.85146106467589e-11,1.00002741219127,0.000398948873958239,0.000585758165511518,-0.0158467767080594,-1.07366994251156e-08,0.0268986533872504,-4.56484604346109e-07,450.027750905594,439.976239142674,429.672419346682,439.976240902245
0.43,0.39761507871719,0.886157880714537,-0.297165406650627,-5.93400427950831e-11,1.0000275149616,0.0003995294564869,0.000578081763236981,0.00021341273709341,-1.10192959014168e-08,0.02697564203882,-4.66967699261158e-07,450.199290531397,439.975391787764,429.490068893073,439.975393395704
0.431,0.395422402189407,0.904714116971971,-0.297153664716149,-6.01809314312657e-11,1.00002761528552,0.000400110107307296,0.000585605626554986,0.0145371778143842,-1.13053808342326e-08,0.0270525756350018,-4.77526833450677e-07,450.37452080778,439.9745380686,429.30362757495,439.974539515437
0.432,0.393206322144373,0.921272344499572,-0.297142260521354,-6.10376240962278e-11,1.00002771309448,0.000400705142747484,0.000606547032334319,0.027035388389246,-1.15950946932928e-08,0.0271294633455803,-4.88165896370592e-07,450.55253223499,439.973681273283,429.114071232445,439.97368255017
0.433,0.390966873366127,0.93575586818099,-0.297131204348297,-6.19104697083864e-11,1.00002780831935,0.00040132705532948,0.000639044576748397,0.0376398429459617,-1.18885798608334e-08,0.0272063075260957,-4.98888919721633e-07,450.732399953568,439.972824642369,428.922395653997,439.972825741127
0.434,0.388704092507007,0.948108341515782,-0.297120505097474,-6.27998184212166e-11,1.00002790089085,0.000401986445573848,0.000681179158269087,0.0463033427950729,-1.2185977740937e-08,0.0272831037341319,-5.09699976533945e-07,450.91319254283,439.971971339708,428.729606820552,439.971972252865
0.435,0.386418018098451,0.958293757731855,-0.297110170250294,-6.37060214804698e-11,1.00002799073996,0.00040269197479004,0.000730994932072098,0.0529995616740856,-1.24874258390293e-08,0.0273598408092895,-5.20603079519005e-07,451.093980631302,439.971124424627,428.536711260857,439.971125145456
0.436,0.384108690561704,0.966296246670089,-0.297100205845153,-6.4629431079338e-11,1.00002807779829,0.000403450338722629,0.000786520034504145,0.0577227175552118,-1.27930548819534e-08,0.0274365010144799,-5.31602081226951e-07,451.273845247184,439.97028682568,428.344706613675,439.970287348214
0.437,0.381776152218442,0.9721196846385,-0.297090616467002,-6.55704002097641e-11,1.00002816199852,0.000404266261725982,0.000845786883952071,0.0604870551949283,-1.31029860476395e-08,0.0275130602356539,-5.42700578461703e-07,451.451885841785,439.969461316153,428.154572489093,439.969461635207
0.438,0.379420447301292,0.975787126049139,-0.297081405250123,-6.65292825080178e-11,1.00002824327476,0.000405142510950746,0.000906851873793414,0.0613261495599801,-1.3417328369825e-08,0.0275894882365934,-5.53901823242876e-07,451.627227924094,439.968650491519,427.967261716259,439.968650602691
0.439,0.377041621964264,0.97734006709429,-0.297072573893744,-6.75064320926114e-11,1.00002832156285,0.000406079929846563,0.000967814283970449,0.0602920416868394,-1.37361763777393e-08,0.0276657489649585,-5.65208642370496e-07,451.799030249992,439.967856748996,427.783692059117,439.967856648667
0.44,0.374639724293081,0.976837553094338,-0.297064122689999,-6.8502203392602e-11,1.00002839680071,0.000407077490117926,0.00102683424996343,0.0574542198627832,-1.40596080234119e-08,0.027741800905392,-5.76623367356398e-07,451.966491515218,439.967082269353,427.604738474939,439.967081954675
0.441,0.372214804315407,0.974355142296787,-0.297056050563633,-6.95169509643331e-11,1.00002846892857,0.000408132361115552,0.00108214964139218,0.0528984601215555,-1.43876829405017e-08,0.0278175974751451,-5.88147776146778e-07,452.128856506901,439.966329001077,427.431225982894,439.966328469955
0.442,0.369766914010976,0.969983739980193,-0.297048355122757,-7.05510292947112e-11,1.00002853788921,0.000409239995504999,0.00113209171698821,0.0467255410544461,-1.47204410686901e-08,0.0278930874574005,-5.99783047687133e-07,452.285421674269,439.965598647007,427.263923201606,439.96559789807
0.443,0.367296107321615,0.963828317556931,-0.297041032719878,-7.16047925891812e-11,1.00002860362813,0.000410394229928669,0.00117509943808072,0.0390498487140763,-1.50579016670837e-08,0.0279682154672357,-6.11529729987492e-07,452.43554008507,439.964892653496,427.103536605812,439.964891686065
0.444,0.364802440161162,0.956006532102317,-0.297034078522345,-7.26785945426773e-11,1.00002866609369,0.000411587399267466,0.00120973233885792,0.0299978880396639,-1.54000627290214e-08,0.028042922444992,-6.23387721946512e-07,452.578625740141,439.964212202165,426.950705542972,439.964211016209
0.445,0.362285970425267,0.946647262272976,-0.297027486591276,-7.3772788091968e-11,1.00002872523715,0.000412810463014959,0.00123468186833536,0.0197067176833688,-1.57469007996463e-08,0.0281171461716883,-6.35356268801338e-07,452.71415722457,439.963558204271,426.805998041103,439.963556800361
0.446,0.359746758001098,0.935889076943113,-0.297021249968003,-7.48877251479899e-11,1.00002878101278,0.000414053142200286,0.00124878113599141,0.00832232539215596,-1.60983711868867e-08,0.0281908218010505,-6.47433970698782e-07,452.841680679844,439.962931297699,426.669907429496,439.962929676952
0.447,0.357184864776918,0.923878653113194,-0.297015360766999,-7.6023756306977e-11,1.00002883337777,0.000415304065236648,0.0012510130102652,-0.00400203877551149,-1.64544085464142e-08,0.0282638824027102,-6.59618803543889e-07,452.960812087346,439.962331846558,426.54284978429,439.96233001058
0.448,0.354600354651553,0.91076915967309,-0.29700981027423,-7.71812305394241e-11,1.00002888229225,0.00041655092103003,0.0012405165363659,-0.0171075541911392,-1.68149278120878e-08,0.0283362595111613,-6.71908150984115e-07,453.071238859484,439.961759943344,426.425162201441,439.961757894168
0.449,0.351993293543748,0.89671862349403,-0.297004589049845,-7.83604948561862e-11,1.00002892771915,0.000417780617657838,0.00121659165695519,-0.0308315293638957,-1.71798254354744e-08,0.0284078836751523,-6.84298846138957e-07,453.172720740578,439.961215413611,426.317101890445,439.96121315363
0.45,0.349363749401392,0.881888294047997,-0.296999687034127,-7.95618939512922e-11,1.00002896962412,0.000418979444919121,0.00117870223608219,-0.0450090930058792,-1.75489808916138e-08,0.0284786850023235,-6.96787221491851e-07,453.265090025414,439.960697823065,426.218846073437,439.960695354958
0.451,0.346711792210632,0.86644102232872,-0.296995093655585,-8.07857698213409e-11,1.00002900797536,0.000420133239066671,0.00112647740309786,-0.0594748603792764,-1.79222584033047e-08,0.0285485936940816,-7.09369165226868e-07,453.348251109007,439.960206486968,426.13049266607,439.960203813634
0.452,0.344037494004854,0.850539669289037,-0.296990797940125,-8.20324613616458e-11,1.00002904274346,0.000421227548055924,0.00105971124903478,-0.0740645595186767,-1.8299508832891e-08,0.0286175405659287,-7.22040182218657e-07,453.422179386613,439.959740481744,426.05206170899,439.959737606226
0.453,0.341340928873548,0.834345558320579,-0.296986788620221,-8.33023039395886e-11,1.00002907390118,0.000422247795685664,0.00097836092295124,-0.0886166027194144,-1.86805716890229e-08,0.0286854575487237,-7.34795457869265e-07,453.486919528331,439.959298658629,425.983497511803,439.95929558404
0.454,0.338622172971032,0.818016985469567,-0.296983054243052,-8.45956289459334e-11,1.0000291014233,0.000423179443060201,0.000882543189893809,-0.102973589618,-1.90652771959336e-08,0.0287522781666585,-7.47629923027128e-07,453.542583157756,439.958879659206,425.924671465282,439.958876388655
0.455,0.335881304525059,0.801707800172754,-0.296979583276612,-8.59127633251281e-11,1.00002912528638,0.000424008145870965,0.000772529525304302,-0.11698372920585,-1.94534483743509e-08,0.0288179379880624,-7.60538318316971e-07,453.589345968897,439.958481932646,425.875385472187,439.958478469164
0.456,0.333118403845277,0.785566068262891,-0.29697636421284,-8.72540290858793e-11,1.00002914546853,0.000424719906076502,0.000648739832799193,-0.13050216924917,-1.98449030862984e-08,0.0288823750455087,-7.73515256348412e-07,453.62744432018,439.958103754463,425.835375942472,439.958100100931
0.457,0.330333553331568,0.769732827887089,-0.296973385666876,-8.86197427935209e-11,1.00002916194924,0.000425301216652291,0.000511734883181402,-0.143392222788441,-2.02394560002635e-08,0.028945530222088,-7.86555280448337e-07,453.657171348426,439.957743246569,425.804318294936,439.957739405647
0.458,0.32752683748224,0.754340947782525,-0.296970636471604,-9.00102150459042e-11,1.00002917470912,0.000425739198184639,0.000362207582235556,-0.155526482675423,-2.0636920438557e-08,0.0290073476011147,-7.99652918769275e-07,453.678872649548,439.95739839842,425.781831904389,439.957394372481
0.459,0.32469834290208,0.739514096135382,-0.296968105766732,-9.1425749934714e-11,1.00002918372975,0.000426021726194774,0.000200973183248618,-0.166787816410086,-2.10371100747889e-08,0.0290677747769588,-8.12802732854261e-07,453.692941575988,439.957067089017,425.767485431258,439.957062880079
0.46,0.321848158310272,0.725365826927454,-0.296965783081706,-9.28666444942591e-11,1.00002918899347,0.00042613754819882,2.89585672448268e-05,-0.177070234930741,-2.14398404560607e-08,0.029126763125129,-8.25999359978897e-07,453.6998142038,439.95674710953,425.760802469149,439.956742719199
0.461,0.318976374548165,0.711998789370786,-0.296963658411847,-9.43331881398923e-11,1.00002919048318,0.000426076389635282,-0.000152809280414325,-0.186279630384885,-2.18449303313567e-08,0.0291842680301712,-8.39237548834791e-07,453.699964024619,439.956436186316,425.761267445209,439.956431615726
0.462,0.316083084586893,0.699504064689302,-0.296961722287192,-9.58256620982938e-11,1.00002918818223,0.00042582904792256,-0.000343215464145062,-0.194334379308826,-2.22522027746181e-08,0.0292402490703933,-8.52512188356672e-07,453.69389641954,439.956132004084,425.768331708137,439.956127253845
0.463,0.313168383534855,0.687960633144026,-0.296959965833585,-9.73443388318859e-11,1.00002918207423,0.000425387474043514,-0.000541069907182559,-0.201165809054594,-2.26614860977293e-08,0.0292946701588668,-8.65818329720635e-07,453.682142973137,439.955832228967,425.781419739324,439.955827299122
0.464,0.310232368645037,0.677434972875921,-0.296958380825667,-9.88894814596595e-11,1.00002917214295,0.000424744841190682,-0.000745120478283995,-0.206718526670144,-2.30726145549685e-08,0.0293474996405906,-8.79151201746464e-07,453.665255686485,439.955534531283,425.79993542386,439.955529421265
0.465,0.307275139322178,0.667980790814138,-0.296956959731493,-1.00461343176665e-10,1.00002915837217,0.000423895600143271,-0.000954066378719319,-0.210950610797023,-2.3485428846189e-08,0.0293987103461303,-8.92506220117116e-07,453.643801147996,439.955236607749,425.823268319866,439.955231316347
0.466,0.304296797129792,0.659638884610663,-0.296955695748598,-1.02060166674369e-10,1.0000291407456,0.000422835521183818,-0.00116657165339714,-0.213833668460809,-2.38997764310163e-08,0.0294482796024529,-9.05878990979064e-07,453.618354720315,439.954936202926,425.850799866892,439.954930728257
0.467,0.301297445797024,0.652437133331903,-0.29695458283142,-1.03686183564003e-10,1.00002911924683,0.000421561722497503,-0.00138127869247776,-0.215352759877391,-2.43155116703974e-08,0.0294961892020751,-9.19265309605214e-07,453.589494800211,439.954631129707,425.881909476784,439.954625469199
0.468,0.298277191225343,0.646390613444026,-0.296953615710076,-1.05339613804921e-10,1.00002909385917,0.000420072685128931,-0.0015968215935548,-0.215506195597471,-2.47324958149708e-08,0.0295424253320119,-9.32661154886064e-07,453.557797206618,439.954319288647,425.915980453491,439.954313439019
0.469,0.295236141495083,0.641501835515679,-0.29695278990056,-1.07020665139881e-10,1.00002906456566,0.000418368254698793,-0.00181183925937086,-0.214305211424346,-2.51505968619315e-08,0.0295869784643622,-9.46062680464333e-07,453.523829749497,439.953998685952,425.952405691661,439.953992643215
0.47,0.29217440687181,0.637761096018231,-0.296952101706535,-1.08729532539001e-10,1.00002903134899,0.00041644963020493,-0.00202498811199314,-0.211773527573915,-2.55696893032311e-08,0.0296298432106869,-9.59466203344617e-07,453.488147029267,439.953667449997,425.99059310759,439.953661209452
0.471,0.289092099812529,0.635146937644285,-0.29695154821294,-1.10466397654036e-10,1.00002899419147,0.000414319340348048,-0.00223495431132247,-0.20794679948796,-2.59896537882395e-08,0.0296710181426292,-9.7286819079478e-07,453.451285513021,439.953323846205,426.029970759982,439.953317402454
0.472,0.285989334971716,0.633626710691486,-0.296951127271738,-1.12231428284415e-10,1.00002895307497,0.00041198120793055,-0.00244046537365174,-0.202871968559919,-2.64103767233663e-08,0.0297105055814834,-9.86265246313009e-07,453.413758929856,439.95296629019,426.069991622141,439.952959637154
0.473,0.282866229207181,0.633157227289221,-0.296950837480158,-1.14024777856365e-10,1.0000289079809,0.000409440302977032,-0.00264030109462784,-0.196606521770596,-2.6831749829804e-08,0.0297483113596477,-9.99654095367767e-07,453.376054023269,439.952593359068,426.110137971509,439.952586490012
0.474,0.279722901585761,0.63368549957514,-0.296950678151891,-1.15846584916237e-10,1.00002885889021,0.000406702885315989,-0.00283330369029341,-0.189217669863762,-2.72536696786035e-08,0.0297844445570848,-1.01303157153167e-06,453.338626693905,439.952203800849,426.149925366887,439.952196708413
0.475,0.27655947338883,0.635149552350745,-0.296950649281722,-1.1769697263902e-10,1.00002880578331,0.000403776337443712,-0.00301838707979238,-0.180781454223261,-2.7676037219795e-08,0.0298189172160745,-1.02639460352985e-06,453.301898561012,439.95179654188,426.188906188224,439.951789218122
0.476,0.273376068117633,0.637479300297879,-0.296950751504145,-1.19576048352834e-10,1.00002874864011,0.00040066908856261,-0.00319454524368855,-0.171381793012999,-2.80987573195065e-08,0.0298517440376578,-1.03974020361335e-06,453.266253965787,439.951370692293,426.226672718448,439.951363128734
0.477,0.270172811498445,0.640597479476661,-0.296950986046546,-1.21483903080051e-10,1.00002868743998,0.000397390530746918,-0.00336085960257594,-0.161109477446372,-2.85217383159859e-08,0.0298829420632583,-1.05306545755427e-06,453.232037434533,439.950925549467,426.26285975144,439.950917737143
0.478,0.266949831487536,0.644420622591837,-0.296951354677585,-1.23420611095508e-10,1.00002862216172,0.000393950928238594,-0.00351650537162064,-0.150061129228018,-2.89448916024325e-08,0.0299125303450123,-1.06636751644577e-06,453.199551614215,439.950460599508,426.297146714905,439.950452529035
0.479,0.263707258275963,0.648860067370722,-0.296951859651416,-1.25386229502158e-10,1.00002855278358,0.000390361320915032,-0.00366075685776572,-0.138338130290966,-2.93681312416114e-08,0.0299405296083517,-1.079643590382e-06,453.16905568769,439.949975516802,426.329259301482,439.949967178432
0.48,0.260445224294162,0.653822987381207,-0.296952503648439,-1.27380797824322e-10,1.00002847928322,0.000386633422997933,-0.00379299167744219,-0.126045535904116,-2.9791373614476e-08,0.0299669619103578,-1.09289094399386e-06,453.140764270636,439.949470161671,426.358970606028,439.949461545371
0.481,0.257163864216361,0.659213434686717,-0.296953289713254,-1.29404337618584e-10,1.00002840163775,0.00038277951808931,-0.00391269388363756,-0.113290982088429,-3.02145371026063e-08,0.0299918502973493,-1.10610689372958e-06,453.114846787134,439.94894457624,426.386101771459,439.948935671758
0.482,0.253863314964791,0.66493338392063,-0.29695422119053,-1.31456852102244e-10,1.00002831982368,0.000378812351626324,-0.00401945600200259,-0.100183598027709,-3.06375418022812e-08,0.030015218465077,-1.11928880669746e-06,453.091427315968,439.948398978583,426.410522149936,439.94838977553
0.483,0.250543715713714,0.670883767630152,-0.296955301659478,-1.33538325799116e-10,1.00002823381694,0.000374745021841659,-0.00411297998619586,-0.0868329338226234,-3.10603092664277e-08,0.0300370904247777,-1.13243410083251e-06,453.070584895085,439.947833755271,426.432148990383,439.9478242432
0.484,0.247205207893238,0.676965493113076,-0.29695653486763,-1.35648724202337e-10,1.00002814359289,0.000370590870300883,-0.00419307711280205,-0.0733479134960358,-3.14827622695823e-08,0.0300574901781922,-1.14554024611102e-06,453.052354267322,439.947249452438,426.450946667419,439.947239620922
0.485,0.243847935192951,0.683080431405912,-0.296957924664595,-1.37787993453776e-10,1.00002804912634,0.000366363373062976,-0.00425966684582493,-0.059835822652279,-3.19048245904679e-08,0.0300764414044773,-1.15860476651695e-06,453.036727046568,439.946646765502,426.466925470645,439.94663660422
0.486,0.240472043565337,0.689132369631865,-0.296959474936459,-1.39956060039529e-10,1.00002795039155,0.000362076033475643,-0.00431277470985484,-0.046401339580244,-3.23264208066518e-08,0.0300939671617431,-1.17162524246063e-06,453.023653279877,439.946026527686,426.480139976876,439.946016026505
0.487,0.237077681228999,0.695027918487894,-0.29696118954147,-1.42152830500901e-10,1.00002784736225,0.000357742277573643,-0.0043525292194873,-0.0331456179502282,-3.27474760960874e-08,0.0301100896057288,-1.18459931336289e-06,453.0130433779,439.945389697491,426.4906870313,439.945378846545
0.488,0.233664998671672,0.700677367336074,-0.296963072247606,-1.44378191160214e-10,1.00002774001169,0.000353375352996786,-0.00437915792035354,-0.0201654285105114,-3.31679160410482e-08,0.0301248297278914,-1.197524680144e-06,453.004770383173,439.94473734528,426.498703366664,439.944726135051
0.489,0.230234148653028,0.705995480057612,-0.296965126672604,-1.46632007860752e-10,1.00002762831267,0.000348988232285378,-0.00439298260415215,-0.00755236643366094,-3.35876664310171e-08,0.0301382071149287,-1.21039910739463e-06,452.998672543484,439.944070639135,426.504362892394,439.944059060532
0.49,0.226785286207267,0.710902225607118,-0.296967356226988,-1.48914125720057e-10,1.00002751223754,0.000344593521345263,-0.00439441376631021,0.00460786986938605,-3.40066530623733e-08,0.0301502397314926,-1.22322042505259e-06,452.994556155582,439.943390830158,426.50787368802,439.943378874589
0.491,0.223318568645501,0.715323437994945,-0.296969764060569,-1.51224368895811e-10,1.0000273917583,0.000340203373803241,-0.00438394438030307,0.0162361234928754,-3.44248015341132e-08,0.030160943727573,-1.23598652946183e-06,452.992198643034,439.942699237374,426.509474737412,439.942686896816
0.492,0.219834155557917,0.719191401248508,-0.296972353012875,-1.53562540363502e-10,1.00002726684664,0.000335829411897265,-0.00436214306719797,0.0272603432340841,-3.48420370403758e-08,0.0301703332717503,-1.2486953837458e-06,452.991351830933,439.941997232409,426.509432442048,439.941984499475
0.493,0.216332208815725,0.722445355762782,-0.296975125567898,-1.55928421705045e-10,1.00002713747397,0.00033148265446533,-0.00432964674264469,0.0376160640423276,-3.52582841619826e-08,0.0301784204112279,-1.2613450174828e-06,452.991745379538,439.9412862241,426.508036952917,439.941273092097
0.494,0.212812892572886,0.725031923302295,-0.296978083813485,-1.58321772907584e-10,1.00002700361151,0.000327173452513339,-0.00428715282629247,0.0472468014070485,-3.56734666605997e-08,0.030185214959271,-1.27393352572443e-06,452.993090338624,439.940567643196,426.505598361565,439.940554106178
0.495,0.209276373267618,0.726905448772988,-0.29698122940568,-1.60742332171659e-10,1.00002686523032,0.000322911432756194,-0.00423541110047903,0.0561043582625909,-3.60875072803112e-08,0.0301907244103911,-1.28645906744593e-06,452.995082784492,439.939842927301,426.502442791347,439.939828980119
0.496,0.205722819623673,0.728028257752481,-0.296984563538222,-1.63189815727993e-10,1.00002672230142,0.000318705449438975,-0.00417521530601151,0.064149043882394,-3.65003275623422e-08,0.0301949538833359,-1.29891986355848e-06,452.997407502009,439.939113506212,426.498908430027,439.939099144553
0.497,0.202152402651396,0.728370829594913,-0.296988086917384,-1.65663917662173e-10,1.0000265747958,0.000314563544657142,-0.00410739456296053,0.0713498050872726,-3.69118476793667e-08,0.0301979060916727,-1.31131419464541e-06,452.99974167489,439.938380787775,426.495341544564,439.938366008192
0.498,0.198565295648544,0.72791188675258,-0.296991799742276,-1.68164309746547e-10,1.00002642268452,0.000310492917307048,-0.00403280470363448,0.0776842709339073,-3.73219862961435e-08,0.030199581341487,-1.3236403986065e-06,453.001758548555,439.937646144393,426.492092518188,439.937630944335
0.499,0.194961674200883,0.726638401750984,-0.296995701690647,-1.70690641278713e-10,1.00002626593877,0.000306499900711635,-0.00395231960333756,0.083138712854532,-3.77306604633032e-08,0.0301999775554697,-1.3358968684059e-06,453.003131031259,439.936910900309,426.489511948724,439.936895278135
0.5,0.191341716182545,0.724545524002798,-0.296999791910221,-1.73242538926038e-10,1.00002610452993,0.000302589948881663,-0.00386682259215521,0.0877079229741679,-3.81377855507447e-08,0.0301990903224268,-1.34808205011988e-06,453.0035352009,439.936176319759,426.487946845609,439.936160274747
0.501,0.187705601756154,0.72163642936798,-0.297004069015491,-1.75819606575716e-10,1.00002593842964,0.000298767631291092,-0.00377719802792743,0.0913950140522562,-3.85432752264393e-08,0.0301969129710248,-1.36019444147054e-06,453.002653686768,439.935443596095,426.487736961135,439.935427128445
0.502,0.184053513372708,0.717922096021889,-0.297008531089891,-1.78421425189947e-10,1.00002576760983,0.00029503663596689,-0.00368432310678488,0.0942111451467918,-3.89470414855443e-08,0.0301934366663807,-1.37223259101179e-06,453.000178897601,439.934713841961,426.48921128925,439.934696952788
0.503,0.180385635771227,0.71342101082028,-0.297013175693179,-1.81047552665875e-10,1.00002559204282,0.000291399780619335,-0.0035890599832188,0.096175177713641,-3.93489947334724e-08,0.0301886505279226,-1.38419509810541e-06,452.995816069598,439.93398808059,426.492684762667,439.933970771905
0.504,0.176702155978154,0.708158810895591,-0.297017999873854,-1.83697523700047e-10,1.00002541170133,0.00028785903146934,-0.00349224826666941,0.0973132673858969,-3.97490439251598e-08,0.0301825417667789,-1.39608061378949e-06,452.989286110467,439.933267238271,426.498455176266,439.933249512966
0.505,0.173003263306512,0.702167865715562,-0.297023000186338,-1.86370849657181e-10,1.00002522655851,0.000284415529365066,-0.00339469795612936,0.0976583971549732,-4.01470967612132e-08,0.0301750958408161,-1.40788784260029e-06,452.980328218148,439.932552138051,426.506800361657,439.93253399986
0.506,0.169289149354814,0.695486805267886,-0.297028172712682,-1.89067018443153e-10,1.00002503658801,0.000281069622721511,-0.00329718286832378,0.0972498580837061,-4.05430599399473e-08,0.0301662966253188,-1.41961554536408e-06,452.968702255504,439.93184349467,426.517975634609,439.931824948141
0.507,0.165560008005726,0.68816000040056,-0.297033513088437,-1.91785494382162e-10,1.00002484176399,0.000277820906764327,-0.00320043460872788,0.0961326840198135,-4.09368394626083e-08,0.0301561265972135,-1.43126254292928e-06,452.95419086505,439.931141910779,426.532211533572,439.931122961224
0.508,0.161816035424473,0.680237001639087,-0.297039016532383,-1.94525718098136e-10,1.00002464206114,0.000274668268513151,-0.00310513712807725,0.0943570470392355,-4.13283409874734e-08,0.0301445670306573,-1.44282772076385e-06,452.936601310577,439.930447874426,426.549711864077,439.930428527871
0.509,0.158057430056999,0.671771943025823,-0.297044677879706,-1.97287106400482e-10,1.00002443745468,0.00027160993690046,-0.00301192190019015,0.0919776205392443,-4.17174702269301e-08,0.0301315982017641,-1.45431003429942e-06,452.915767035374,439.929761757799,426.570652060206,439.929742020933
0.51,0.154284392627863,0.662822917696302,-0.29705049161825,-2.00069052174376e-10,1.00002422792038,0.000268643537389639,-0.00292136374993692,0.0890529170319497,-4.2104133380251e-08,0.030117199600212,-1.46570851486486e-06,452.891548929633,439.929083817226,426.595177870743,439.929063697335
0.511,0.150497126137883,0.653451331978676,-0.297056451927408,-2.02870924275844e-10,1.00002401343457,0.000265766150430642,-0.00283397735311394,0.0856446077238596,-4.24882375936169e-08,0.0301013501454666,-1.47702227601868e-06,452.863836302436,439.928414194376,426.623404374074,439.928393699283
0.512,0.146695835861521,0.643721244837841,-0.297062552719231,-2.05692067431917e-10,1.00002379397412,0.000262974373073424,-0.00275021442289116,0.081816830959168,-4.28696914380108e-08,0.0300840284053742,-1.48825052006359e-06,452.832547556598,439.92775291864,426.655415322401,439.92773205663
0.513,0.142880729343993,0.633698699429329,-0.297068787681306,-2.08531802146239e-10,1.00002356951644,0.000260264383048166,-0.00267046159047181,0.0776354965075223,-4.3248405394928e-08,0.030065212814914,-1.49939254450838e-06,452.797630567375,439.927099910614,426.691262812455,439.927078690366
0.514,0.139052016398137,0.623451053417301,-0.297075150320959,-2.11389424610486e-10,1.00002334003945,0.000257632004617145,-0.00259503898068742,0.0731675925231914,-4.36242923395015e-08,0.0300448818929572,-1.51044774823267e-06,452.75906276877,439.926454986646,426.730967276663,439.926433417158
0.515,0.135209909100988,0.613046314548411,-0.297081634010335,-2.14264206622033e-10,1.00002310552161,0.000255072775505781,-0.00252419947652919,0.0684805017950352,-4.39972680106379e-08,0.030023014454956,-1.52141563710983e-06,452.716850953803,439.925817864357,426.774517785628,439.925795954869
0.516,0.13135462179011,0.602552487736468,-0.297088232031908,-2.17155395508314e-10,1.00002286594183,0.000252582014229612,-0.00245812866012912,0.0636413336273927,-4.43672514580085e-08,0.0299995898195831,-1.53229582885141e-06,452.671030797578,439.925188169064,426.821872649951,439.92516592898
0.517,0.127486371059636,0.592036939622135,-0.297094937623985,-2.20062214058308e-10,1.00002262127951,0.000250154887149603,-0.00239694541152643,0.0587162773594384,-4.47341654562815e-08,0.0299745880074514,-1.54308805685348e-06,452.621666114423,439.924565441008,426.872960306754,439.924542879821
0.518,0.12360537575605,0.581565786260917,-0.297101744025781,-2.22983860461645e-10,1.00002237151449,0.000247786474609773,-0.00234070314072355,0.053769983173416,-4.50979368778649e-08,0.0299479899301719,-1.55379217284965e-06,452.568847862545,439.923949143313,426.927680473887,439.923926270525
0.519,0.119711856973686,0.57120330918028,-0.297108644521647,-2.25919508255759e-10,1.00002211662703,0.000245471835538377,-0.00228939162310275,0.0488649753942365,-4.54584970164491e-08,0.0299197775681468,-1.56440814820695e-06,452.512692911767,439.923338670552,426.985905552673,439.923315495604
0.52,0.115806038049953,0.561011404661029,-0.297115632484076,-2.28868306281561e-10,1.00002185659782,0.000243206069926347,-0.00224293940328932,0.0440611030521143,-4.58157818549513e-08,0.0298899341356474,-1.5749360737377e-06,452.453342591788,439.92273335784,427.047482258174,439.922709890033
0.521,0.111888144560279,0.551049070619818,-0.297122701415102,-2.31829378648042e-10,1.0000215914079,0.000240984378633912,-0.00220121672802365,0.0394150319679128,-4.61697322728765e-08,0.0298584442318878,-1.58537615794159e-06,452.390961040077,439.922132490334,427.112233454418,439.922108738761
0.522,0.107958404312779,0.541371934995626,-0.297129844985754,-2.34801824706233e-10,1.0000213210387,0.000238802120017786,-0.002164038964603,0.0349797821097776,-4.65202941896437e-08,0.0298252939769762,-1.59572872363589e-06,452.32573337004,439.921535313038,427.179960170712,439.921511286515
0.523,0.104017047342632,0.532031829028205,-0.297137057073259,-2.37784719032879e-10,1.000021045472,0.000236654862916559,-0.00213117045797278,0.0308043134228737,-4.6867418641974e-08,0.029790471131799,-1.60599420297683e-06,452.25786368133,439.920941040809,427.250443774183,439.920916747814
0.524,0.100064305906183,0.52307640829895,-0.297144331795693,-2.40777111424185e-10,1.0000207646899,0.000234538435580337,-0.00210232877662246,0.026933162784732,-4.72110617950769e-08,0.0297539652010786,-1.61617313091985e-06,452.187572935222,439.920348868448,427.323448272982,439.92032431706
0.525,0.096100414474748,0.514548823855298,-0.297151663543833,-2.43778026899922e-10,1.00002047867484,0.000232448970181755,-0.0020771892950755,0.0234061341636194,-4.75511848888641e-08,0.0297157675190221,-1.62626613720896e-06,452.115096718745,439.919757980783,427.398722724126,439.91973317863
0.526,0.0921256097281374,0.506487445186931,-0.297159047010001,-2.46786465718174e-10,1.00002018740956,0.000230382942598659,-0.0020553900589691,0.0202580434812583,-4.78877541219023e-08,0.0296758713171689,-1.63627393702533e-06,452.040682921843,439.91916756263,427.476003719812,439.919142516838
0.527,0.0881401305478857,0.498925636293507,-0.29716647721369,-2.4980140340091e-10,1.00001989087714,0.000228337207213384,-0.00203653687749888,0.0175185191283746,-4.82207404771007e-08,0.0296342717742212,-1.64619732046012e-06,451.964589352102,439.918576808535,427.555017926119,439.918551525688
0.528,0.0841442180101878,0.491891585510097,-0.297173949523851,-2.52821790770592e-10,1.00001958906093,0.00022630902652918,-0.00202020858735026,0.0152118584950862,-4.85501194942748e-08,0.029590966047826,-1.65603714100653e-06,451.887081311649,439.917984932213,427.635484648347,439.917959418312
0.529,0.0801381153785435,0.485408189237674,-0.297181459677701,-2.55846553997901e-10,1.0000192819446,0.000224296095460314,-0.00200596243213921,0.0133569403422113,-4.88758709957222e-08,0.0295459532884493,-1.66579430328933e-06,451.808429160622,439.917391175578,427.717118397833,439.917365436016
0.53,0.0761220680961018,0.479492989197929,-0.297189003795997,-2.58874594660682e-10,1.00001896951211,0.000222296560208129,-0.00199333950183876,0.0119671923017583,-4.91979787716459e-08,0.0294992346356532,-1.67546975026706e-06,451.728905891183,439.916794817302,427.79963143584,439.916768856839
0.531,0.0720963237777109,0.474158162317439,-0.297196578394714,-2.61904789814135e-10,1.00001865174773,0.000220309031690495,-0.00198187017763158,0.0110506122749414,-4.95164302327893e-08,0.0294508131972471,-1.68506445015157e-06,451.648784735345,439.916195180808,427.882736271149,439.916169003553
0.532,0.0680611322016642,0.469410561876442,-0.297204180393139,-2.64935992072221e-10,1.00001832863604,0.000218332593545873,-0.00197107952910794,0.010609842020681,-4.98312160379257e-08,0.0294006940119386,-1.69457938329215e-06,451.568336829021,439.915591641646,427.966148089102,439.915565251048
0.533,0.0640167453011475,0.465251808088414,-0.29721180711839,-2.67967029700235e-10,1.00001800016191,0.000216366804785425,-0.00196049261266803,0.0106422907604138,-5.01423297039573e-08,0.0293488839962471,-1.70401552926706e-06,451.487828953562,439.914983634186,428.049587091217,439.91495703303
0.534,0.0599634171553806,0.461678425865342,-0.297219456306441,-2.70996706718445e-10,1.00001766631053,0.000214411697216542,-0.00194963962237277,0.0111403062145191,-5.04497672061852e-08,0.0292953918765798,-1.71337385441412e-06,451.40752137477,439.914370657572,428.132780725967,439.914343847985
0.535,0.0559014039804538,0.458682027109972,-0.297227126099727,-2.74023803016645e-10,1.00001732706742,0.000212467767808586,-0.00193806084727144,0.0120913900819506,-5.0753526576012e-08,0.029240228107482,-1.72265530001522e-06,451.327665797888,439.913752280913,428.215465792904,439.913725264371
0.536,0.0518309641198572,0.456249534552359,-0.297234815041462,-2.7704707447945e-10,1.00001698241841,0.000210535966216038,-0.00192531139239413,0.0134784546548365,-5.10536075028185e-08,0.0291834047771836,-1.73186077132727e-06,451.24850345541,439.913128147661,428.297390404058,439.913100925008
0.537,0.0477523580347021,0.45436344379314,-0.297242522066814,-2.80065253122119e-10,1.00001663234964,0.000208617677715383,-0.00191096562406979,0.0152801169234451,-5.13500109461346e-08,0.0291249355016529,-1.74099112762587e-06,451.170263342821,439.912497979163,428.378315788324,439.912470550632
0.538,0.043665848293629,0.453002119979277,-0.297250246491125,-2.83077047236658e-10,1.0000162768476,0.000206714701849485,-0.00189462130399845,0.0174710262986585,-5.16427387634498e-08,0.0290648353084446,-1.75004717339802e-06,451.09316061545,439.911861577378,428.458017926439,439.911833942621
0.539,0.0395716995624062,0.452140125274545,-0.297257987995351,-2.86081141547928e-10,1.00001591589911,0.000204829227106856,-0.00187590338049806,0.0200222218378657,-5.1931793358174e-08,0.0290031205116951,-1.75902965078845e-06,451.017395157676,439.911218826743,428.536289006083,439.911190984861
0.54,0.0354701785932127,0.451748573113956,-0.297265746608966,-2.89076197379458e-10,1.00001554949132,0.000202963801992672,-0.00185446740954868,0.0229015147038849,-5.22171773514169e-08,0.0289398085796618,-1.76793923337107e-06,450.943150333659,439.910569695207,428.612938688608,439.910541644792
0.541,0.0313615542136062,0.451795505087494,-0.297273522690556,-2.92060852828632e-10,1.00001517761173,0.000201121302873637,-0.00183000258258759,0.0260738914637863,-5.24988932803394e-08,0.0288749179962383,-1.77677652128356e-06,450.870591926726,439.909914234431,428.687795180897,439.909885973606
0.542,0.0272460973151741,0.452246286175137,-0.297281316906351,-2.9503372295092e-10,1.00001480024817,0.000199304898999615,-0.00180223434245562,0.0295019337378761,-5.27769433249489e-08,0.0288084681178944,-1.78554203773114e-06,450.799867272395,439.909252579199,428.760706107821,439.909224105667
0.543,0.0231240808418635,0.453064014041138,-0.297289130206967,-2.97993399952757e-10,1.00001441738884,0.000197518015121299,-0.00177092657338677,0.0331462497124338,-5.30513290644007e-08,0.0287404790274936,-1.79423622683505e-06,450.731104587996,439.908584946044,428.831539182779,439.908556257136
0.544,0.018995779777995,0.454209938027863,-0.297296963802635,-3.00938453392719e-10,1.00001402902226,0.000195764292135066,-0.00173588335544108,0.036965912996675,-5.33220512630934e-08,0.0286709713864287,-1.80285945277296e-06,450.664412499733,439.907911631145,428.900182675697,439.907882723875
0.545,0.0148614711359508,0.455643883569745,-0.297304819137184,-3.03867430390581e-10,1.0000136351373,0.000194047546193491,-0.00169695027825224,0.0409189044025756,-5.35891096861863e-08,0.0285999662864942,-1.81141200013457e-06,450.599879766068,439.907233007535,428.966545679829,439.90720387865
0.546,0.0107214339435408,0.457324677774293,-0.297312697861075,-3.06778855843857e-10,1.00001323572322,0.000192371726722944,-0.00165401531335759,0.0449625522867562,-5.38525029435205e-08,0.0285274851028734,-1.81989407539421e-06,450.537575194372,439.906549521657,429.030558180474,439.906520167699
0.547,0.00657594923104584,0.459210572061511,-0.29732060180377,-3.09671232651404e-10,1.0000128307696,0.000190740873788257,-0.00160700924865949,0.0490539672593828,-5.4112228360544e-08,0.0284535493495717,-1.82830580938593e-06,450.477547745938,439.905861689345,429.092170930536,439.905832106704
0.548,0.00242530001793104,0.461259657864409,-0.297328532945706,-3.12543041943666e-10,1.00001242026638,0.000189159075238841,-0.00155590569269088,0.0531504672093736,-5.43682818744612e-08,0.0283781805385627,-1.83664726065405e-06,450.419826822737,439.905170091263,429.151355139511,439.905140276238
0.549,0,0.463430271605101,-0.297336493390172,-3.15392743319136e-10,1.0000120042039,0.000187630424060943,-0.00150072066029701,0.0572099888288245,-5.46206579535143e-08,0.0283014000438468,-1.84491841954422e-06,450.364422727697,439.904475367891,429.208101984056,439.904445316745
0.55,0,0.465681249861826,-0.297344485335331,-3.18218775086141e-10,1.00001158257301,0.000186158976339077,-0.00144151179147241,0.0611913695112702,-5.48693497233274e-08,0.0282232290157187,-1.85311921803899e-06,450.310380226261,439.903804626172,429.263462175399,439.90377433702
0.551,0,0.467972045630877,-0.297352511046549,-3.2101955450841e-10,1.00001115536614,0.000184748710106168,-0.00137837737287582,0.0650545098931804,-5.51143498921372e-08,0.0281436884934774,-1.86124956149398e-06,450.256374039956,439.903194591526,429.31889110632,439.903164065103
0.552,0,0.470263095482173,-0.297360572829142,-3.2379347805709e-10,1.00001072257842,0.000183403485272665,-0.0013114551227976,0.0687607411299015,-5.5355651795553e-08,0.0280627995696873,-1.86930936315173e-06,450.20243237924,439.902643716435,429.37435634693,439.902612953505
0.553,0,0.472516309278845,-0.297368673001817,-3.26538921674246e-10,1.00001028420789,0.000182127004998112,-0.00124092050965966,0.0722732869990961,-5.55932494130763e-08,0.0279805833245791,-1.8772985498582e-06,450.148566065769,439.902150542805,429.429843761737,439.902119544213
0.554,0,0.474695394705462,-0.297376813871095,-3.29254241046726e-10,1.00000984025544,0.000180922778941424,-0.00116698469836733,0.0755575811789465,-5.58271371430924e-08,0.0278970607067499,-1.8852170609042e-06,450.094769619829,439.901713694555,429.485356345474,439.901682461279
0.555,0,0.476766154581806,-0.297384997706926,-3.31937771889269e-10,1.00000939072472,0.000179794088718573,-0.00108989219408297,0.0785815547749515,-5.60573096062275e-08,0.0278122524238862,-1.89306484742344e-06,450.041022458734,439.901331870129,429.540912944797,439.901300403326
0.556,0,0.478696754882504,-0.297393226719709,-3.34587830236355e-10,1.00000893562208,0.000178743955855044,-0.00100991821417565,0.0813158921429293,-5.62837614768316e-08,0.0277261788440851,-1.90084187229481e-06,449.987290191252,439.901003834992,429.596546881349,439.900972136044
0.557,0,0.480457961728328,-0.297401503038883,-3.37202712742308e-10,1.00000847495651,0.000177775112488774,-0.000927365820878018,0.0837342534196335,-5.65064873421504e-08,0.0276388599082309,-1.90854811049552e-06,449.933525992629,439.900728414175,429.652304492213,439.900696484723
0.558,0,0.482023345949985,-0.297409828693256,-3.3978069698917e-10,1.00000800873955,0.000176889975045979,-0.000842562848587331,0.0858134625265659,-5.6725481588628e-08,0.0275503150537663,-1.91618354985281e-06,449.879672044522,439.900504484924,429.708243604141,439.90047232691
0.559,0,0.483369454196015,-0.297418205593208,-3.42320041801884e-10,1.00000753698528,0.000176090621077805,-0.000755858660796477,0.0875336597953335,-5.69407383146583e-08,0.0274605631500789,-1.92374819214395e-06,449.82566102397,439.900330969526,429.764431958138,439.90029858522
0.56,0,0.484475945890825,-0.297426635514877,-3.44818987570356e-10,1.0000070597102,0.000175378769410406,-0.000667620772313685,0.0888784187130789,-5.71522512689964e-08,0.0273696224456104,-1.93124205449649e-06,449.77141762561,439.900206828349,429.820945600996,439.900174220379
0.561,0,0.485325695700871,-0.297435120086433,-3.47275756577948e-10,1.00000657693321,0.000174755763725153,-0.000578231372748367,0.0898348266487623,-5.73600138139385e-08,0.0272775105266776,-1.93866517104393e-06,449.716860101465,439.900131053165,429.877867260265,439.900098224534
0.562,0,0.485904861525098,-0.29744366077649,-3.49688553336022e-10,1.00000608867554,0.000174222559649744,-0.000488083787200861,0.0903935297850593,-5.7564018912285e-08,0.0271842442878866,-1.94601759479464e-06,449.66190180299,439.900102660779,429.935284718828,439.900069614888
0.563,0,0.486202918327358,-0.297452258884716,-3.52055564924138e-10,1.00000559496069,0.000173779715405182,-0.000397578909708443,0.0905487427937162,-5.77642591369792e-08,0.0270898399139148,-1.95329939967422e-06,449.606452710499,439.900120687039,429.99328920482,439.900087427695
0.564,0,0.486212658476738,-0.297460915534665,-3.54374961335555e-10,1.00000509581438,0.000173427386018366,-0.00030712164428636,0.0902982241398081,-5.79607267021999e-08,0.0269943128723331,-1.96051068270383e-06,449.550420935678,439.900184181231,430.051973812033,439.900150712653
0.565,0,0.485930159548516,-0.297469631668814,-3.56644895827693e-10,1.00000459126447,0.000173165321075709,-0.000217117387373119,0.089643218192027,-5.81534135145783e-08,0.026897677917048,-1.96765156627822e-06,449.493714183581,439.900292200914,430.111431965237,439.900258527737
0.566,0,0.485354720833753,-0.297478408045805,-3.58863505277246e-10,1.00000408134095,0.000172992865960009,-0.000127968584159561,0.0885883656097066,-5.83423112430162e-08,0.026799949101853,-1.97472220050805e-06,449.436241161323,439.900443807207,430.171755943975,439.900409934482
0.567,0,0.484488770061072,-0.297487245239838,-3.61028910539659e-10,1.00000356607585,0.000172908966481099,-4.00713896857161e-05,0.0871415837324022,-5.85274114054678e-08,0.0267011398035008,-1.98172276559116e-06,449.377912921568,439.900638060569,430.233035477451,439.900603993749
0.568,0,0.48333774209223,-0.29749614364215,-3.63139216812688e-10,1.00000304550318,0.000172912176780846,4.61875362705017e-05,0.0853139189492701,-5.87087054708978e-08,0.0266012627536322,-1.98865347417732e-06,449.318644129883,439.900874017062,430.29535642206,439.900839761996
0.569,0,0.481909931561373,-0.297505103464511,-3.65192514003802e-10,1.0000025196589,0.000173000670365037,0.000130434073563024,0.0831193732296138,-5.88861849744484e-08,0.0265003300788376,-1.99551457368981e-06,449.258354246101,439.901150725133,430.358799531954,439.901116288045
0.57,0,0.480216321629312,-0.297514124744623,-3.67186877101199e-10,1.00000198858085,0.000173172254088888,0.000212309500641024,0.0805747071883883,-5.90598416437328e-08,0.026398353348068,-2.0023063485663e-06,449.196968610931,439.901467222902,430.423439331814,439.901432610374
0.571,0,0.47827039118868,-0.297523207353326,-3.69120366548223e-10,1.00000145230872,0.000173424384899451,0.000291473145893633,0.0776992222159698,-5.92296675340179e-08,0.0262953436265698,-2.00902912238023e-06,449.134419430209,439.901822535971,430.489343099734,439.901787754916
0.572,0,0.476087903001933,-0.297532351003457,-3.70991028620984e-10,1.00000091088395,0.000173754189117267,0.000367604811762578,0.0745145243356618,-5.93956551699667e-08,0.0261913115354799,-2.01568325980292e-06,449.070646650393,439.902215675736,430.556569966785,439.902180733373
0.573,0,0.473686675366435,-0.297541555260252,-3.72796895809011e-10,1.00000036434971,0.000174158484021364,0.000440406954723563,0.0710442725522939,-5.95577976914961e-08,0.0260862673161895,-2.0222691683657e-06,449.005598720111,439.902645638207,430.625170138474,439.902610542028
0.574,0,0.47108633997678,-0.297550819553107,-3.74535987198767e-10,0.99999981275084,0.000174633801486172,0.00050960660703769,0.0673139145189584,-5.97160890012955e-08,0.0259802208985698,-2.02878729998133e-06,448.939233233812,439.903111403312,430.695184241964,439.903076161049
0.575,0,0.468308088733112,-0.297560143188558,-3.7620630885987e-10,0.999999256133793,0.000175176413406275,0.000574957029032239,0.0633504124091009,-5.98705239114832e-08,0.0258731819721424,-2.03523815218414e-06,448.871517454797,439.903611934665,430.766642801542,439.903576554256
0.576,0,0.465374412246871,-0.297569525364304,-3.7780585423389e-10,0.999998694546582,0.000175782358635103,0.00063623908355374,0.0591819618724986,-6.00210982869453e-08,0.0257651600592784,-2.04162226904999e-06,448.802428716139,439.904146179793,430.839565843494,439.90411066934
0.577,0,0.462308832821076,-0.297578965184088,-3.7933260452557e-10,0.999998128038725,0.000176447471156767,0.000693262327124816,0.0548377069589085,-6.01678091829418e-08,0.0256561645895214,-2.04794024175893e-06,448.731954699206,439.904713070772,430.913962630212,439.904677438506
0.578,0,0.459135634639988,-0.29758846167328,-3.80784529096356e-10,0.999997556661195,0.000177167409206191,0.000745865815186554,0.0503474538367752,-6.0310654974656e-08,0.0255462049741441,-2.05419270876697e-06,448.660093590664,439.905311525267,430.9898315221,439.905275779507
0.579,0,0.455879593865392,-0.297598013794953,-3.82159585860108e-10,0.999996980466368,0.000177937685051497,0.00079391862161736,0.0457413860772429,-6.04496354765237e-08,0.0254352906800796,-2.06038035555743e-06,448.586854120002,439.905940447928,431.067159964619,439.905904597039
0.58,0,0.452565711249439,-0.297607620466303,-3.83455721680875e-10,0.999996399507967,0.00017875369515415,0.000837320075433444,0.0410497841709231,-6.05847520493944e-08,0.0253234313023963,-2.06650391394773e-06,448.512255480667,439.906598732115,431.14592459665,439.906562784468
0.581,0,0.449218949793497,-0.297617280575204,-3.84670872772612e-10,0.999995813841018,0.000179610750426588,0.000875999720197274,0.0363027518438635,-6.07160076937338e-08,0.0252106366345317,-2.07256416093342e-06,448.436327138977,439.907285261921,431.226091475298,439.90724922585
0.582,0,0.445863979838277,-0.297626992996739,-3.85802965100735e-10,0.999995223521791,0.000180504106313857,0.000909917004152281,0.0315299515816368,-6.08434071273775e-08,0.0250969167355436,-2.0785619170586e-06,448.359108535892,439.907998914441,431.307616411247,439.907962798204
0.583,0,0.442524933859198,-0.297636756609544,-3.86849914785386e-10,0.999994628607759,0.00018142899243497,0.000939060711440863,0.0267603516374784,-6.09669568466147e-08,0.0249822819936915,-2.08449804430911e-06,448.280648687661,439.908738562263,431.390445407856,439.908702374006
0.584,0,0.439225173062814,-0.297646570311777,-3.87809628506305e-10,0.999994029157546,0.000182380641531162,0.000963448146948298,0.0220219866090649,-6.10866651696608e-08,0.0248667431857214,-2.09037344353343e-06,448.201005692146,439.909503076138,431.474515196429,439.909466823853
0.585,0,0.43598706771501,-0.297656433036575,-3.8868000390918e-10,0.999993425230881,0.00018335431748179,0.000983124089310377,0.0173417334861233,-6.12025422619177e-08,0.0247503115312846,-2.09618905140441e-06,448.120246148363,439.910291327786,431.559753859324,439.910255019278
0.586,0,0.432831792954192,-0.297666343766854,-3.89458930013371e-10,0.999992816888549,0.000184345342164054,0.000998159528422609,0.0127451048768353,-6.13146001427135e-08,0.0246329987419937,-2.10194583694348e-06,448.03844449742,439.9111021928,431.646081532006,439.911065835651
0.587,0,0.429779141622833,-0.297676301549295,-3.90144287620881e-10,0.99999220419235,0.0001853491209499,0.00100865020539117,0.00825606089029901,-6.14228526735143e-08,0.0245148170646819,-2.10764479763749e-06,447.955682293569,439.91193455361,431.733411174642,439.911898155148
0.588,0,0.426847355471796,-0.297686305507415,-3.90733949726446e-10,0.999991587205055,0.000186361166652089,0.00101471497423647,0.0038968409553015,-6.15273155279457e-08,0.0243957793185089,-2.113286955186e-06,447.872047414536,439.912787302468,431.821649403439,439.912750869743
0.589,0,0.424052975853351,-0.297696354853594,-3.9122578192864e-10,0.99999096599036,0.000187377121751336,0.00101649400582423,-0.00031218339123118,-6.16280061442037e-08,0.024275898925624,-2.1188733509244e-06,447.787633220649,439.913659344423,431.910697371671,439.913622884175
0.59,0,0.4214107148104,-0.297706448899968,-3.91617642841849e-10,0.999990340612848,0.000188392778757376,0.0010141468554179,-0.00435263393403542,-6.17249436607153e-08,0.0241551899351754,-2.1244050409747e-06,447.702537672519,439.91454960024,432.000451690131,439.914513118881
0.591,0,0.418933347258296,-0.297716587068089,-3.91907384509002e-10,0.999989711137948,0.000189404098578587,0.00100785041594706,-0.00820822883829943,-6.18181488361657e-08,0.0240336670405236,-2.12988309118114e-06,447.616862417176,439.915457009237,432.090805376728,439.915420512831
0.592,0,0.416631624707313,-0.297726768897299,-3.92092852814926e-10,0.999989077631893,0.000190407226797114,0.000997796779552396,-0.0118648630008048,-6.19076439551826e-08,0.023911345589593,-2.13530857189243e-06,447.530711852622,439.91638053201,432.181648824927,439.916344026257
0.593,0,0.414514210782821,-0.297736994051744,-3.92171887900198e-10,0.999988440161687,0.000191398507769183,0.000984191030198744,-0.0153106655598057,-6.1993452721157e-08,0.0237882415883645,-2.14068255265543e-06,447.444192180685,439.917319153011,432.272870780905,439.917282643236
0.594,0,0.412587638566129,-0.297747262325989,-3.92142324575361e-10,0.999987798795064,0.000192374496493068,0.000967248990163575,-0.0185360346671538,-6.20756001378163e-08,0.0236643716975829,-2.14600609688666e-06,447.357410457929,439.91827188296,432.364359319494,439.918235374103
0.595,0,0.410856289572784,-0.297757573649211,-3.92001992735385e-10,0.99998715360045,0.000193331968209914,0.000947194943001203,-0.0215336498375351,-6.21541123812565e-08,0.023539753222817,-2.15128025658894e-06,447.270473654139,439.919237761064,432.456002809307,439.919201257677
0.596,0,0.409322393988252,-0.297767928087956,-3.91748717774236e-10,0.999986504646933,0.000194267925725033,0.000924259355161853,-0.0242984623906354,-6.22290166641695e-08,0.0234144040980757,-2.1565060671789e-06,447.183487727533,439.920215857017,432.547690857822,439.920179363264
0.597,0,0.407986051577662,-0.297778325847444,-3.91380320999431e-10,0.999985852004223,0.000195179604459159,0.000898676617830038,-0.0268276647053742,-6.23003410941017e-08,0.0232883428632414,-2.1616845424894e-06,447.096556725509,439.921205272781,432.63931522769,439.921168792439
0.598,0,0.406845272518058,-0.297788767271464,-3.90894620046448e-10,0.999985195742622,0.000196064475260347,0.000870682829738812,-0.0291206391763086,-6.23681145274937e-08,0.0231615886356368,-2.16681667000704e-06,447.00978191918,439.922205144112,432.730770716026,439.922168680579
0.599,0,0.405896037212686,-0.29779925284086,-3.90289429292878e-10,0.999984535932987,0.00019692024502745,0.000840513640735513,-0.0311788879471082,-6.24323664212162e-08,0.0230341610760927,-2.17190340640044e-06,446.92326097944,439.923214641838,432.82195598909,439.923178198141
0.6,0,0.405132374012961,-0.297809783170668,-3.89562560272175e-10,0.9999838726467,0.000197744855215364,0.00080840217472734,-0.033005944631306,-6.24931266832804e-08,0.0229060803499292,-2.17694567338947e-06,446.83708720168,439.924232972869,432.912774365377,439.924196551677
0.601,0,0.40454645361603,-0.29782035900594,-3.88711822086915e-10,0.999983205955631,0.000198536478310182,0.0007745770493496,-0.0346072693821387,-6.2550425524294e-08,0.0227773670833022,-2.18194435399892e-06,446.751348785573,439.925259380941,433.003134540838,439.925222984584
0.602,0,0.404128698785635,-0.297830981216329,-3.87735021821416e-10,0.999982535932111,0.000199293512379086,0.000739260508278484,-0.0359901287897462,-6.26042933110996e-08,0.0226480423154028,-2.18690028923341e-06,446.666128175675,439.926293147095,433.092951250694,439.92625677758
0.603,0,0.403867907937312,-0.297841650789509,-3.86629964953622e-10,0.9999818626489,0.000200014573814924,0.000702666680578961,-0.0371634621853903,-6.26547604239374e-08,0.0225181274470251,-2.19181427520242e-06,446.581501467802,439.927333589881,433.182145863058,439.927297248915
0.604,0,0.403751391036875,-0.297852368823502,-3.85394455766133e-10,0.99998118617915,0.000200698488409057,0.000664999979851963,-0.0381377360177281,-6.27018571183099e-08,0.0223876441860411,-2.19668706071697e-06,446.497537885371,439.928380065303,433.270646900384,439.928343754316
0.605,0,0.403765116176006,-0.297863136518019,-3.84026297756271e-10,0.99998050659638,0.000201344280897923,0.000626453654249511,-0.0389247880420162,-6.27456133925755e-08,0.0222566144903391,-2.20151934537129e-06,446.414299329094,439.929431966507,433.358390485519,439.92939568668
0.606,0,0.403893865157803,-0.297873955164894,-3.82523294045073e-10,0.999979823974445,0.000201951163139012,0.000587208496656324,-0.0395376630899149,-6.27860588621835e-08,0.022125060508792,-2.20631177811546e-06,446.331840002597,439.930488723223,433.44532071,439.930452475514
0.607,0,0.404121396350935,-0.297884826137735,-3.80883247785113e-10,0.999979138387501,0.0002025185210803,0.000547431722551262,-0.0399904422469494,-6.28232226413106e-08,0.0219930045208288,-2.21106495631737e-06,446.250206115728,439.931549800967,433.531389922976,439.931513586142
0.608,0,0.404430613079693,-0.297895750880888,-3.79103962567037e-10,0.999978449909979,0.000203045900693841,0.000507276021231977,-0.0402980672512844,-6.28571332325178e-08,0.0218604688751815,-2.21577942530556e-06,446.169435666501,439.932614700031,433.616558939995,439.932578518693
0.609,0,0.404803735797075,-0.297906730897829,-3.77183242824729e-10,0.999977758616557,0.000203532993048944,0.000466878784270247,-0.0404761619348712,-6.28878184248874e-08,0.0217274759283725,-2.22045567837803e-06,446.089558301829,439.933682954258,433.700797171626,439.933646806881
0.61,0,0.405222476304995,-0.297917767739102,-3.75118894238994e-10,0.999977064582125,0.000203979618703354,0.000426361513256736,-0.0405408525012212,-6.29153052010499e-08,0.0215940479835002,-2.22509415725661e-06,446.010595256446,439.934754129634,433.784082672679,439.934718016595
0.611,0,0.405668212317333,-0.29792886298992,-3.72908724139678e-10,0.999976367881761,0.000204385711592013,0.000385829407115881,-0.0405085883920728,-6.2939619653342e-08,0.0214602072298602,-2.22969525296144e-06,445.932559368641,439.935827822713,433.866402113503,439.935791744322
0.612,0,0.406122160696061,-0.297940018257543,-3.70550541906115e-10,0.999975668590702,0.000204751302592392,0.00034537112754686,-0.0403959654481369,-6.29607869092647e-08,0.0213259756839205,-2.23425930707617e-06,445.855455170746,439.93690365889,433.947750675541,439.936867615426
0.613,0,0.406565547764687,-0.297951235158549,-3.68042159365833e-10,0.999974966784314,0.000205076502943092,0.000305058739478352,-0.0402195529865458,-6.29788310663454e-08,0.0211913751321446,-2.2387866133712e-06,445.779279051658,439.937981290543,434.028131873988,439.937945282284
0.614,0,0.406979775162738,-0.297962515306116,-3.65381391191405e-10,0.999974262538066,0.000205361487688512,0.000264947821835809,-0.0399957263450157,-6.29937751364129e-08,0.0210564270761246,-2.24327741974996e-06,445.704019488026,439.939060395077,434.107557310996,439.939024422333
0.615,0,0.407346579796368,-0.297973860297419,-3.62566055295384e-10,0.999973555927504,0.000205606479316926,0.00022507774242507,-0.0397405063416404,-6.30056409992382e-08,0.0209211526804561,-2.24773193048176e-06,445.629657340194,439.940140672874,434.186046363451,439.940104736017
0.616,0,0.407648186534508,-0.297985271701259,-3.59593973223223e-10,0.999972847028223,0.000205811731752372,0.00018547208933192,-0.039469406993911,-6.30144493654895e-08,0.0207855727237482,-2.25215030868399e-06,445.556166208481,439.941221845185,434.263625809855,439.94118594468
0.617,0,0.407867452410179,-0.297996751046019,-3.564629705441e-10,0.999972135915841,0.00020597751485257,0.000146139249959454,-0.0391972927208234,-6.30202197488408e-08,0.0206497075531248,-2.25653267901625e-06,445.483512844907,439.942303651982,434.34032940128,439.942267788412
0.618,0,0.407988001198019,-0.298008299808039,-3.53170877239582e-10,0.999971422665977,0.000206104099555536,0.000107073127656156,-0.0389382461300285,-6.30229704470965e-08,0.0205135770425296,-2.26087913054992e-06,445.41165761509,439.943385849784,434.416197381804,439.94335002388
0.619,0,0.407994347360859,-0.298019919400514,-3.49715528090031e-10,0.999970707354223,0.000206191743807053,6.82539848543039e-05,-0.0387054473607578,-6.30227185321429e-08,0.0203772005551075,-2.26518971977763e-06,445.340555004734,439.94446820949,434.491275964117,439.944432422156
0.62,0,0.407872008497221,-0.29803161116299,-3.46094763058701e-10,0.999969990056119,0.000206240679389568,2.964940073847e-05,-0.038511065807242,-6.30194798485358e-08,0.020240596909887,-2.26946447372865e-06,445.270154164818,439.945550514233,434.565616766302,439.945514766567
0.621,0,0.407607605542413,-0.298043376351525,-3.42306427673437e-10,0.999969270847134,0.000206251099760749,-8.78466929554783e-06,-0.0383661649164065,-6.30132690204855e-08,0.0201037843529451,-2.27370339315846e-06,445.200399489448,439.94663255727,434.639276215983,439.946596850584
0.622,0,0.407188950117929,-0.2980552161296,-3.3834837340592e-10,0.99996854980264,0.000206223148996844,-4.71027457492959e-05,-0.0382806206051132,-6.30040994670141e-08,0.0199667805331892,-2.27790645578263e-06,445.131231220158,439.947714139934,434.712314928163,439.947678475774
0.623,0,0.406605118571438,-0.298067131559822,-3.34218458048388e-10,0.999967826997891,0.000206156911922405,-8.5368602526577e-05,-0.0382630536896126,-6.29919834250215e-08,0.0198296024828449,-2.2820736195277e-06,445.062586070399,439.948795069661,434.784797063195,439.948759449823
0.624,0,0.405846512373914,-0.298079123596482,-3.29914546087769e-10,0.999967102507999,0.000206052405493919,-0.000123653983989558,-0.038320776587361,-6.2976931979968e-08,0.019692266602692,-2.2862048257741e-06,444.994397863932,439.949875158105,434.856789671292,439.949839584648
0.625,0,0.40490490468858,-0.298091193078996,-3.25434509077172e-10,0.999966376407915,0.000205909571490631,-0.000162037275902664,-0.0384597543999798,-6.29589551038557e-08,0.0195547886520498,-2.29030000256854e-06,444.926598180904,439.950954219363,434.928362029969,439.950918694618
0.626,0,0.403773473066525,-0.298103340726266,-3.20776226004675e-10,0.999965648772409,0.000205728270551494,-0.000200602144642388,-0.0386845803425445,-6.29380617001788e-08,0.0194171837434632,-2.29435906778559e-06,444.859117005478,439.952032068308,434.999584980703,439.95199659489
0.627,0,0.402446818340912,-0.29811556713199,-3.15937583659356e-10,0.999964919676048,0.000205508277582813,-0.000239436158948708,-0.0389984653615767,-6.29142596554788e-08,0.0192794663420066,-2.29838193222033e-06,444.791883369065,439.953108519061,435.070530270905,439.953073099869
0.628,0,0.4009209699445,-0.298127872760915,-3.10916476994529e-10,0.999964189193174,0.000205249278547,-0.000278629408265507,-0.0394032416330938,-6.28875558971044e-08,0.0191416502690768,-2.30236850259583e-06,444.724825983408,439.954183383588,435.141269907117,439.954148021815
0.629,0,0.399193377970073,-0.298140257946061,-3.05710809488112e-10,0.999963457397891,0.000204950868628975,-0.000318273131353814,-0.0398993795311875,-6.28579564567074e-08,0.019003748710512,-2.30631868447121e-06,444.65787385804,439.955256470453,435.211875525044,439.955221169579
0.63,0,0.397262892437396,-0.298152722886886,-3.00318493500107e-10,0.99996272436404,0.00020461255176329,-0.000358458368384344,-0.0404860175176918,-6.28254665390206e-08,0.018865774228838,-2.31023238503726e-06,444.590956896932,439.956327583711,435.282417781736,439.956292347507
0.631,0,0.395129730318599,-0.298165267648396,-2.9473745062714e-10,0.999961990165182,0.000204233741492141,-0.000399274649117192,-0.0411610043122547,-6.27900905953808e-08,0.0187277387794109,-2.31410951578801e-06,444.524006469498,439.957396521958,435.352965774873,439.957361354477
0.632,0,0.392795430981931,-0.29817789216117,-2.88965612054012e-10,0.999961254874583,0.000203813763112154,-0.000440808729084878,-0.0419209525964899,-6.27518324014336e-08,0.0185896537301965,-2.3179499950579e-06,444.4569559515,439.958463077542,435.423586493687,439.958427983116
0.633,0,0.390262800808,-0.298190596222273,-2.83000918902238e-10,0.999960518565191,0.000203351857056318,-0.00048314338490088,-0.0427613034142421,-6.27106951384378e-08,0.0184515298849007,-2.32175375041478e-06,444.389741231805,439.959527035924,435.494344305671,439.959492019151
0.634,0,0.387535847809942,-0.298203379497016,-2.76841322575527e-10,0.999959781309621,0.000202847183446748,-0.000526356278938817,-0.043676400354698,-6.26666814775005e-08,0.0183133775091445,-2.32552072090002e-06,444.322301181381,439.9605881752,435.565300482712,439.960553240934
0.635,0,0.38461970715973,-0.298216241521524,-2.70484785102169e-10,0.999959043180137,0.00020229882774415,-0.0005705189026798,-0.0446595725377011,-6.2619793666088e-08,0.0181752063593545,-2.32925085910742e-06,444.254578081382,439.961646265773,435.636512769855,439.961611419112
0.636,0,0.381520558587193,-0.29822918170606,-2.63929279474302e-10,0.999958304248637,0.000201705807411122,-0.000615695607015131,-0.0457032253609109,-6.25700336161319e-08,0.018037025714031,-2.33294413309319e-06,444.186518007621,439.962701070176,435.708034999369,439.962666316446
0.637,0,0.378245536665839,-0.298242199339049,-2.57172789984017e-10,0.999957564586632,0.000201067079498616,-0.000661942726726499,-0.0467989379253313,-6.25174029929799e-08,0.0178988444070372,-2.33660052810996e-06,444.11807116925,439.963752343045,435.779916752312,439.963717687784
0.638,0,0.374802635039347,-0.298255293591739,-2.50213312556279e-10,0.999956824265235,0.000200381549058229,-0.000709307805266801,-0.0479375660212958,-6.24619033044801e-08,0.0177606708625508,-2.34022004815802e-06,444.049192199911,439.964799831223,435.852203069235,439.964765280163
0.639,0,0.371200605667699,-0.298268463523448,-2.43048855078622e-10,0.999956083355138,0.00019964807827744,-0.000757828924832731,-0.04910934953723,-6.24035359894455e-08,0.0176225131313121,-2.34380271734773e-06,443.979840400157,439.965843274002,435.924934211199,439.965808833049
0.64,0,0.367448854195377,-0.29828170808731,-2.35677437727595e-10,0.999955341926604,0.000198865496230472,-0.00080753414557805,-0.050304023137271,-6.23423025047798e-08,0.0174843789278022,-2.34734858106778e-06,443.909979930394,439.966882403481,435.998145471724,439.966848078696
0.641,0,0.363557332537156,-0.298295026136464,-2.28097093291928e-10,0.999954600049445,0.000198032609134208,-0.000858441056661169,-0.0515109290651398,-6.22782044105286e-08,0.0173462756679896,-2.3508577069543e-06,443.839579954108,439.967916945046,436.071867039802,439.967882742624
0.642,0,0.359536429791131,-0.298308416430611,-2.20305867492378e-10,0.999953857793011,0.000197148210996438,-0.000910556440681553,-0.0527191309273773,-6.22112434521622e-08,0.0172082105072868,-2.35433018565749e-06,443.768614731581,439.96894661795,436.146123913636,439.968912544196
0.643,0,0.355396862550929,-0.298321877642864,-2.12301819298232e-10,0.999953115226171,0.000196211094542758,-0.000963876051927284,-0.0539175273500099,-6.21414216393907e-08,0.0170701903783697,-2.35776613140249e-06,443.697063664777,439.969971135981,436.22093586425,439.969937197294
0.644,0,0.351149565685871,-0.298335408366818,-2.04083021240433e-10,0.999952372417305,0.000195220062308556,-0.00101838450775832,-0.0550949644165445,-6.20687413209212e-08,0.016932222028525,-2.36116568234349e-06,443.624911294516,439.970990208226,436.29631744772,439.97095641107
0.645,0,0.34680558460176,-0.298349007123767,-1.9564755972129e-10,0.999951629434284,0.00019417393778372,-0.00107405529138739,-0.0562403458548138,-6.19932052545314e-08,0.016794312056204,-2.36452900071043e-06,443.552147251446,439.97200353989,436.372278064306,439.971969890778
0.646,0,0.342375969977762,-0.298362672369998,-1.86993535320748e-10,0.999950886344459,0.000193071576499982,-0.00113085086330055,-0.0573427399688261,-6.19148166719509e-08,0.0166564669464805,-2.36785627274989e-06,443.478766162734,439.973010833188,436.448822062407,439.972977338656
0.647,0,0.337871675891436,-0.298376402504088,-1.7811906309918e-10,0.999950143214649,0.000191911876954028,-0.001188722877597,-0.0583914823968843,-6.1833579338054e-08,0.0165186931051304,-2.37114770846298e-06,443.404767516748,439.974011788276,436.525948884874,439.973978454863
0.648,0,0.333303462218494,-0.298390195874139,-1.69022272896653e-10,0.999949400111126,0.000190693791263705,-0.00124761249863021,-0.0593762738150789,-6.17494976039888e-08,0.0163809968910714,-2.37440354114491e-06,443.330155488326,439.975006104221,436.603653254903,439.974972938449
0.649,0,0.328681802101908,-0.298404050784886,-1.59701309628662e-10,0.999948657099606,0.000189416335459669,-0.00130745081249382,-0.0602872717995324,-6.1662576453903e-08,0.0162433846469262,-2.37762402673264e-06,443.254938727529,439.975993479995,436.681925398441,439.97596048835
0.65,0,0.324016795232425,-0.298417965504606,-1.50154333578262e-10,0.999947914245234,0.00018807859932069,-0.00136815932714458,-0.0611151761227985,-6.15728215449846e-08,0.0161058627274973,-2.38080944296888e-06,443.179130115029,439.976973615486,436.760751299771,439.976940804395
0.651,0,0.319318087589638,-0.298431938271791,-1.40379520684585e-10,0.999947171612577,0.000186679755667354,-0.00142965055427272,-0.0618513068560568,-6.14802392406663e-08,0.015968437525968,-2.38396008839243e-06,443.102746487521,439.977946212503,436.840112986754,439.97791358832
0.652,0,0.31459479823349,-0.298445967301509,-1.30375062827697e-10,0.999946429265608,0.000185219069036121,-0.00149182866544042,-0.0624876747172433,-6.13848366368586e-08,0.015831115497673,-2.38707628116673e-06,443.025808336704,439.97891097578,436.919988842008,439.978878544768
0.653,0,0.309855453629774,-0.298460050791413,-1.20139168109754e-10,0.999945687267703,0.00018369590366342,-0.00155459021450036,-0.0630170432131221,-6.12866215812021e-08,0.0156939031813074,-2.39015835776005e-06,442.94833948555,439.97986761396,437.000353936197,439.979835382275
0.654,0,0.305107929924103,-0.298474186927364,-1.09670061132426e-10,0.999944945681627,0.00018210973071767,-0.00161782491789138,-0.0634329822000615,-6.11856026853812e-08,0.0155568072174746,-2.39320667149225e-06,442.870366745679,439.980815840549,437.081180379498,439.980783814225
0.655,0,0.300359403485793,-0.298488373888611,-9.89659832705508e-11,0.999944204569525,0.000180460134725691,-0.00168141648408599,-0.0637299125847458,-6.10817893305901e-08,0.0154198343645008,-2.39622159096458e-06,442.79191955972,439.981755374832,437.162437687267,439.981723559772
0.656,0,0.295616309952195,-0.298502609852504,-8.80251929419799e-11,0.999943463992916,0.000178746819148827,-0.00174524348322642,-0.0639031419804227,-6.09751916663634e-08,0.0152829915114708,-2.39920349838993e-06,442.713029632563,439.982685942754,437.244093155918,439.982654344714
0.657,0,0.290884311924916,-0.29851689299872,-7.68459658735792e-11,0.999942724012684,0.00017696961107312,-0.00180918024785019,-0.0639488912181206,-6.08658206030127e-08,0.0151462856884713,-2.40215278784207e-06,442.633730555426,439.983607277737,437.326112245057,439.983575902322
0.658,0,0.286168275368816,-0.298531221512963,-6.54265953633552e-11,0.999941984689071,0.000175128464987029,-0.00187309779555067,-0.0638643117133658,-6.07536877979407e-08,0.0150097240740519,-2.40506986344293e-06,442.554057426576,439.984519121448,437.408458961968,439.9844879741
0.659,0,0.281472254698915,-0.298545593590141,-5.3765392538668e-11,0.999941246081668,0.00017322346562933,-0.0019368647644579,-0.0636474937600976,-6.06388056362239e-08,0.0148733139999412,-2.40795513750763e-06,442.4740464725,439.9854212245,437.491096244663,439.985390310493
0.66,0,0.276799486436754,-0.298560007436992,-4.18606866105029e-11,0.999940508249414,0.000171254829898874,-0.00200034835254616,-0.0632974659251793,-6.05211872058577e-08,0.0147370629530831,-2.4108090286667e-06,442.393734673175,439.986313347082,437.573986339832,439.986282671518
0.661,0,0.272152391261082,-0.298574461274171,-2.97108251237665e-11,0.999939771250582,0.000169222907826796,-0.00206341525198166,-0.0628141857784083,-6.04008462680812e-08,0.0146009785750783,-2.4136319599853e-06,442.313159394958,439.987195259526,437.657091172184,439.987164827333
0.662,0,0.267532584182088,-0.29858895333779,-1.73141742035827e-11,0.999939035142782,0.000167128182620424,-0.0021259325700005,-0.0621985222856988,-6.02777972232683e-08,0.0144650686591402,-2.41642435709845e-06,442.232358034442,439.988066742789,437.740372701884,439.988036558718
0.663,0,0.262940892516543,-0.298603481880416,-4.66911879755808e-12,0.999938299982948,0.000164971269796446,-0.00218776872816846,-0.0614522302480139,-6.01520550728817e-08,0.0143293411446965,-2.41918664638068e-06,442.151367676406,439.988927588864,437.823793266982,439.988897657489
0.664,0,0.258377381260633,-0.29861804517155,8.22593708600447e-12,0.999937565827339,0.000162752915428879,-0.00224879433229225,-0.060577917246161,-6.0023635378002e-08,0.0141938041097833,-2.42191925316773e-06,442.070224768775,439.989777601114,437.907315907982,439.989747926836
0.665,0,0.253841385408512,-0.298632641497587,2.13725701439691e-11,0.999936832731531,0.000160473993544831,-0.00230888300573857,-0.0595790036010435,-5.9892554214941e-08,0.0140584657613978,-2.42462260004657e-06,441.988964817241,439.990616594524,437.990904671975,439.990587181572
0.666,0,0.249331548706572,-0.2986472691613,3.4772337548325e-11,0.999936100750415,0.000158135502708065,-0.0023679121794537,-0.0584596759147728,-5.97588281284797e-08,0.0139233344239887,-2.42729710522877e-06,441.907622101945,439.991444395878,438.074524893989,439.991415248316
0.667,0,0.244845868288054,-0.298661926480855,4.84267767202579e-11,0.999935369938189,0.000155738561836769,-0.00242576383256793,-0.0572248348016859,-5.96224740832874e-08,0.0137884185262769,-2.42994318102069e-06,441.826229418324,439.992260843864,438.158143453554,439.992231965591
0.668,0,0.240381744589253,-0.298676611788391,6.23374051083495e-11,0.99993464034836,0.000153284405307734,-0.00248232517809514,-0.0558800374588513,-5.94835094140078e-08,0.0136537265866086,-2.43256123240228e-06,441.744817843929,439.993065789092,438.241729004741,439.993037183857
0.669,0,0.235936035916359,-0.298691323428214,7.65057199709165e-11,0.999933912033735,0.000150774377404338,-0.0025374892889039,-0.0544314357552808,-5.93419517745505e-08,0.0135192671970518,-2.43515165572441e-06,441.663416532736,439.993859094058,438.325252178255,439.993830765461
0.67,0,0.231505117008592,-0.298706059754614,9.09331981625009e-11,0.999933185046423,0.000148209926170158,-0.00259115565982906,-0.0528857105398399,-5.91978190870927e-08,0.013385049006451,-2.43771483753308e-06,441.58205253813,439.994640633029,438.408685754471,439.994612584532
0.671,0,0.227084940914228,-0.298720819129373,1.05621295924517e-10,0.999932459437827,0.000145592596733875,-0.00264323070250111,-0.0512500028919026,-5.9051129491275e-08,0.0132510807026611,-2.44025115352655e-06,441.50075066546,439.995410291862,438.492004806629,439.9953825268
0.672,0,0.222671103497891,-0.298735599918979,1.2057144868006e-10,0.999931735258643,0.000142924024174122,-0.00269362817019754,-0.0495318430356728,-5.89019012940471e-08,0.0131173709941803,-2.44276096764988e-06,441.419533354718,439.996167967775,438.575186813682,439.996140489363
0.673,0,0.218258909872879,-0.298750400491613,1.35785070832881e-10,0.999931012558856,0.000140205925995344,-0.00274226951074962,-0.0477390776565686,-5.8750152920602e-08,0.0129839285914016,-2.44524463132942e-06,441.338420593628,439.996913569052,438.658211742632,439.996886380396
0.674,0,0.21384344207178,-0.298765219213936,1.51263555570524e-10,0.999930291387742,0.000137440094287248,-0.00278908414626439,-0.0458797963374942,-5.85959028668268e-08,0.0128507621877005,-2.44770248284778e-06,441.257429861075,439.9976470147,438.741062100472,439.997620118811
0.675,0,0.209419627261663,-0.298780054447725,1.67008274671628e-10,0.999929571793858,0.000134628387641385,-0.00283400967914396,-0.0439622578330464,-5.84391696536404e-08,0.0127178804405704,-2.45013484685842e-06,441.176576100565,439.998368234073,438.823722956144,439.998341633874
0.676,0,0.204982305833468,-0.298794904546415,1.83020578317381e-10,0.999928853825045,0.000131772722898505,-0.00287699202458709,-0.0419948168734986,-5.82799717835718e-08,0.0125852919530097,-2.45254203403698e-06,441.09587172307,439.999077166439,438.906181933192,439.999050864779
0.677,0,0.200526298706118,-0.298809767851575,1.99301794907129e-10,0.999928137528426,0.000128875066799844,-0.00291798547044125,-0.0399858521735374,-5.81183276999001e-08,0.0124530052553576,-2.45492434086532e-06,441.015326638406,439.99977376053,438.988429174071,439.999747760192
0.678,0,0.196046473224049,-0.298824642689379,2.1585323087813e-10,0.999927422950399,0.000125937427614267,-0.00295695266593244,-0.037943696280124,-5.79542557486588e-08,0.0123210287877643,-2.45728204954259e-06,440.934948313973,440.000457974058,439.070457277299,440.000432277773
0.679,0,0.191537807039951,-0.298839527367097,2.32676170529428e-10,0.999926710136639,0.000122961846811371,-0.0029938645414197,-0.0358765678733578,-5.77877741437327e-08,0.0121893708834683,-2.45961542801656e-06,440.854741859507,440.001129773211,439.152261208884,440.001104383667
0.68,0,0.186995449428954,-0.298854420169676,2.49771875849855e-10,0.999925999132097,0.000119950390848216,-0.00302870016191093,-0.0337925070784916,-5.76189009352951e-08,0.0120580397530438,-2.46192473012729e-06,440.774710136254,440.001789132134,439.233838189644,440.001764051985
0.681,0,0.182414779504836,-0.298869319356428,2.67141586350139e-10,0.999925289980995,0.000116905143134297,-0.00306144651761844,-0.0316993143159976,-5.74476539817619e-08,0.0119270434697619,-2.46421019585436e-06,440.694853888789,440.002436032402,439.315187560252,440.00241126428
0.682,0,0.177791460861684,-0.298884223157866,2.84786518899092e-10,0.999924582726825,0.000113828196235902,-0.00309209825533167,-0.0296044931611001,-5.72740509253996e-08,0.0117963899561983,-2.46647205165805e-06,440.615171897529,440.003070462487,439.396310625974,440.00304600901
0.683,0,0.173121492208346,-0.298899129772745,3.02707867563882e-10,0.99992387741235,0.000110721644376931,-0.00312065735483272,-0.027515197635759,-5.70981091717268e-08,0.0116660869722028,-2.46871051090417e-06,440.535661149853,440.00369241723,439.47721048323,440.00366828101
0.684,0,0.168401253610305,-0.298914037365321,3.2090680345435e-10,0.999923174079601,0.000107587576288882,-0.00314713275497727,-0.02543818430459,-5.69198458727815e-08,0.011536142104326,-2.47092577436206e-06,440.456317027616,440.004301897316,439.557891830213,440.004278080965
0.685,0,0.163627548017755,-0.298928944062859,3.39384474571369e-10,0.999922472769874,0.00010442806845785,-0.00317153993440307,-0.0233797694805663,-5.67392779143103e-08,0.0114065627567874,-2.47311803076447e-06,440.377133508737,440.00489890876,439.638360763893,440.004875414899
0.686,0,0.158797637785043,-0.298943847953436,3.58142005659218e-10,0.999921773523734,0.000101245178811344,-0.00319390045211509,-0.0213457918121115,-5.65564219068762e-08,0.0112773561440448,-2.47528745741843e-06,440.298103380486,440.005483462413,439.718624565802,440.005460293678
0.687,0,0.153909275984861,-0.298958747084045,3.77180498061952e-10,0.99992107638101,9.80409408822924e-05,-0.0032142414534238,-0.0193415804292474,-5.63712941808769e-08,0.0111485292850132,-2.47743422085547e-06,440.219218462032,440.006055573486,439.798691479039,440.00603273253
0.688,0,0.148960732325297,-0.298973639459032,3.96501029583741e-10,0.999920381380794,9.48173584820954e-05,-0.00323259514688059,-0.0173719288106216,-5.61839107854447e-08,0.0110200889989585,-2.47955847751029e-06,440.140469833798,440.006615261096,439.878570478953,440.006592750594
0.689,0,0.143950813577058,-0.29898852303887,4.16104654353172e-10,0.999919688561445,9.15764009088432e-05,-0.00324899825796953,-0.0154410744389687,-5.59942874911263e-08,0.0108920419030781,-2.48166037441654e-06,440.061848071177,440.007162547839,439.958271039939,440.007140370491
0.69,0,0.1388788784488,-0.299003395739306,4.35992402691471e-10,0.999918997960584,8.83199987110439e-05,-0.00326349146536537,-0.0135526842759271,-5.58024397962335e-08,0.0107643944117611,-2.483740049909e-06,439.983343480168,440.007697459393,440.037802900791,440.007675617925
0.691,0,0.133744846905209,-0.299018255430867,4.5616528098464e-10,0.999918309615099,8.50500400213884e-05,-0.00327611882556621,-0.0117098460292094,-5.56083829367489e-08,0.0106371527375048,-2.4857976343216e-06,439.904946332554,440.008220024156,440.117175830954,440.008198521321
0.692,0,0.128549203987518,-0.299033099938749,4.76624271559478e-10,0.999917623561139,8.17683674692938e-05,-0.00328692719165385,-0.0099150651209014,-5.54121318995971e-08,0.010510322893449,-2.48783325067121e-06,439.826647098315,440.00873027291,440.196399399983,440.008709111488
0.693,0,0.123292998230762,-0.299047927043075,4.97370332563461e-10,0.999916939834121,7.84767756752665e-05,-0.00329596563182143,-0.00817026722747224,-5.52137014391121e-08,0.0103839106974733,-2.4898470153175e-06,439.748436673029,440.009228238531,440.275482752415,440.009207421325
0.694,0,0.117977834829151,-0.299062734479543,5.18404397848473e-10,0.999916258468725,7.51770093245612e-05,-0.00330328485315148,-0.00647680620588796,-5.5013106096499e-08,0.0102579217777904,-2.49183903858994e-06,439.670306598165,440.009713955722,440.354434390126,440.009693485558
0.695,0,0.11260586374915,-0.299077519940435,5.39727376858339e-10,0.999915579498899,7.1870761812229e-05,-0.00330893663591733,-0.00483547717228796,-5.4810360222035e-08,0.010132361579953,-2.49380942537333e-06,439.592249272249,440.010187460795,440.433261964161,440.010167340516
0.696,0,0.107179763021723,-0.299092281076,5.61340154520173e-10,0.999914902957861,6.85596744464986e-05,-0.0033129732834293,-0.00324653446618558,-5.46054779997854e-08,0.0100072353751827,-2.49575827564418e-06,439.514258151057,440.010648791482,440.511972077828,440.010629023946
0.697,0,0.101702717499747,-0.299107015496183,5.8324359113948e-10,0.999914228878096,6.52453361925531e-05,-0.0033154470921587,-0.00170971418163766,-5.43984734745596e-08,0.00988254826991557,-2.49768568495078e-06,439.436327935126,440.011097986785,440.590570102748,440.011078574859
0.698,0,0.0961783933793206,-0.299121720772696,6.05438522299025e-10,0.99991355729136,6.19292839341971e-05,-0.00331640984653587,-0.000224260931235565,-5.41893605808393e-08,0.00975830521645306,-2.49959174483061e-06,439.358454743043,440.011535086862,440.669060009326,440.011516033413
0.699,0,0.0906109088468896,-0.299136394441414,6.27925758761421e-10,0.999912888228686,5.8613003226687e-05,-0.00331591234246914,0.00121104154817323,-5.39781531733958e-08,0.00963451102459502,-2.5014765431596e-06,439.280636269138,440.011960132949,440.747444212983,440.01194144084
0.7,0,0.0850048012042902,-0.299151034005072,6.50706086375435e-10,0.999912221720379,5.52979295101461e-05,-0.00331400394322851,0.00259783633392566,-5.37648650592784e-08,0.00951117037412848,-2.50334016442845e-06,439.202871924408,440.01237316731,440.825723437266,440.012354839391
0.701,0,0.0793649908836341,-0.299165636936236,6.73780265985976e-10,0.999911557796025,5.19854497495441e-05,-0.00331073217093818,0.00393815623824613,-5.35495100309156e-08,0.00938828782803816,-2.50518268994225e-06,439.125162959665,440.012774233226,440.903896594788,440.012756272325
0.702,0,0.0736967427490463,-0.299180200680544,6.97149033347751e-10,0.999910896484492,4.86769044641934e-05,-0.00330614233648025,0.0052343841379865,-5.33321019000067e-08,0.00926586784630153,-2.50700419794035e-06,439.047512570115,440.013163375009,440.981960686732,440.013145783926
0.703,0,0.0680056251281575,-0.299194722660162,7.20813099042567e-10,0.999910237813931,4.53735901071346e-05,-0.00330027721016882,0.00648921117873946,-5.31126545319016e-08,0.00914391480012907,-2.5088047636344e-06,438.969925980754,440.013540638046,441.059910721483,440.013523419541
0.704,0,0.0622974669961477,-0.299209200277457,7.44773148400269e-10,0.999909581811784,4.20767617526486e-05,-0.00329317673509936,0.00770559330126095,-5.28911818801786e-08,0.00902243298650862,-2.5105844591636e-06,438.892410512165,440.013906068867,441.137739652728,440.01388922565
0.705,0,0.0565783137660697,-0.299223630918834,7.69029841423273e-10,0.999908928504783,3.87876360484652e-05,-0.00328487778461063,0.00888670656231153,-5.26676980211381e-08,0.00890142664291346,-2.51234335346674e-06,438.814975626515,440.014259715236,441.215438337204,440.01424324996
0.706,0,0.0508543821217009,-0.299238011958722,7.93583812714695e-10,0.99990827791896,3.55073943880239e-05,-0.00327541396483992,0.0100359017051062,-5.24422171879127e-08,0.00878089996203523,-2.51408151207205e-06,438.737632953706,440.014601626261,441.292995512045,440.014585541509
0.707,0,0.0451320143423397,-0.29925234076368,8.18435671410054e-10,0.999907630079646,3.22371862573986e-05,-0.00326481546289078,0.0111566584422934,-5.2214753803957e-08,0.00866085710640539,-2.51579899680626e-06,438.660396297849,440.014931852527,441.370397791535,440.014916150802
0.708,0,0.0394176325425234,-0.299266614696571,8.43586001112515e-10,0.999906985011478,2.89781327112031e-05,-0.00325310894067755,0.0122525398883393,-5.19853225156359e-08,0.00854130222277343,-2.51749586542582e-06,438.583281624405,440.015250446232,441.447629682864,440.015235129949
0.709,0,0.0337176932575371,-0.299280831120812,8.69035359831673e-10,0.999906342738406,2.57313299319487e-05,-0.0032403174740793,0.0133271475801681,-5.17539382236671e-08,0.00842223945611483,-2.51917217117351e-06,438.506307028495,440.015557461346,441.524673620344,440.01554253282
0.71,0,0.0280386427841627,-0.299294987404625,8.94784279925855e-10,0.999905703283695,2.24978528279077e-05,-0.00322646053660585,0.0143840775016965,-5.15206161132073e-08,0.0083036729631483,-2.52082796226503e-06,438.429492685056,440.015852953773,441.601510017355,440.015838415211
0.711,0,0.0223868736570286,-0.299309080925298,9.20833268047907e-10,0.999905066669934,1.92787586255409e-05,-0.00321155402637537,0.0154268774977858,-5.12853716823792e-08,0.00818560692524892,-2.52246328131083e-06,438.352860781678,440.01613698152,441.678117335178,440.016122835008
0.712,0,0.0167686826386716,-0.299323109073397,9.4718280509447e-10,0.999904432919039,1.60750904139324e-05,-0.00319561033482396,0.0164590064549232,-5.10482207690287e-08,0.00806804556065189,-2.52407816467896e-06,438.276435435072,440.016409604867,441.754472167702,440.016395852364
0.713,0,0.0111902305660868,-0.299337069256927,9.73833346158715e-10,0.99990380205226,1.28878806004439e-05,-0.0031786384552098,0.0174837955896899,-5.0809179575572e-08,0.00795099313585071,-2.52567264180597e-06,438.200242592276,440.016670886538,441.83054934091,440.016657529868
0.714,0,0.00565750436581634,-0.299350958905389,1.00078532048652e-09,0.999903174090189,9.71815423889964e-06,-0.00316064412864306,0.0185044121532949,-5.05682646917839e-08,0.00783445397610264,-2.52724673446305e-06,438.124309917805,440.016920891876,441.906322025895,440.016907932715
0.715,0,0.000176281534838136,-0.299364775473728,1.02803913143606e-09,0.999902549052765,6.56693219403324e-06,-0.00314163002508361,0.0195238258408069,-5.03254931153965e-08,0.00771843247496505,-2.52880045598538e-06,438.048666668036,440.017159689001,441.981761864115,440.017147128872
0.716,0,0,-0.299378517011337,1.05559515644085e-09,0.999901926959283,3.43593883008233e-06,-0.00311946152429347,0.0248953940544505,-5.00808882760897e-08,0.00760293550865265,-2.53033382228976e-06,437.973343554252,440.017387348969,442.05683910348,440.017375189235
0.717,0,0,-0.299392183965215,1.08345374697435e-09,0.999901307828421,3.29832498369067e-07,-0.00309184820054524,0.0303137890917757,-4.98344988493138e-08,0.00748798000486256,-2.53184687338732e-06,437.900511952889,440.017601885527,442.1294211942,440.017590117598
0.718,0,0,-0.299405777462942,1.11161522851516e-09,0.999900691678349,-2.74596915037519e-06,-0.00305887035517983,0.0356229803274861,-4.95863792080818e-08,0.00737358524425612,-2.53333957800847e-06,437.830192063537,440.017803529739,442.199489629794,440.01779214487
0.719,0,0,-0.299419298626606,1.14007990051117e-09,0.999900078526748,-5.78615764160228e-06,-0.00302064151497063,0.0408143708259771,-4.9336581870579e-08,0.00725976984427615,-2.53481180999991e-06,437.762330977703,440.017992579304,442.267097687799,440.017981568932
0.72,0,0,-0.299432748572615,1.16884803634715e-09,0.999899468390795,-8.78554227645411e-06,-0.00297728365446688,0.0458796640515013,-4.90851576089481e-08,0.00714655177001303,-2.53626335648318e-06,437.696876685435,440.018169324615,442.332297716908,440.018158680358
0.721,0,0,-0.299446128411526,1.19791988331667e-09,0.999898861287166,-1.17390584272861e-05,-0.00292892688946529,0.0508108760113441,-4.8832155561347e-08,0.00703394834804442,-2.5376939260295e-06,437.633778062525,440.018334048993,442.39514115128,440.018323762648
0.722,0,0,-0.29945943924787,1.22729566259806e-09,0.999898257232016,-1.46417755207053e-05,-0.00287570915868268,0.0556003467081197,-4.85776233363057e-08,0.00692197628003632,-2.53910315634447e-06,437.572984857844,440.018487028904,442.455678524636,440.018477092449
0.723,0,0,-0.299472682179992,1.25697556923424e-09,0.999897656240984,-1.74889046966717e-05,-0.00281777589432768,0.0602407508871749,-4.83216071098173e-08,0.00681065165610888,-2.54049062148666e-06,437.514447680836,440.018628534179,442.513959484175,440.018618939768
0.724,0,0,-0.29948585829989,1.28695977211635e-09,0.999897058329181,-2.0275806132917e-05,-0.00275527968228281,0.0647251080665093,-4.80641517155985e-08,0.0066999899679706,-2.54185583864283e-06,437.458117989148,440.01875882822,442.570032804283,440.018749568183
0.725,0,0,-0.299498968693065,1.31724841397094e-09,0.999896463511189,-2.29979960246513e-05,-0.00268837991261997,0.0690467918380604,-4.78053007289317e-08,0.00659000612182414,-2.54319827448171e-06,437.403948076407,440.018878168201,442.623946400058,440.01886923504
0.726,0,0,-0.299512014438375,1.34784161135065e-09,0.999895871801056,-2.56511532102572e-05,-0.00261724242118323,0.0731995384306371,-4.75450965444743e-08,0.00648071445104748,-2.54451735110726e-06,437.351891060141,440.018986805264,442.675747340643,440.018978191652
0.727,0,0,-0.29952499660789,1.3787394546283e-09,0.999895283212295,-2.82311254344095e-05,-0.00254203912298124,0.0771774545262299,-4.72835804483908e-08,0.00637212872865351,-2.54581245163141e-06,437.301900869833,440.019084984707,442.725481862375,440.019076683485
0.728,0,0,-0.299537916266763,1.40994200799426e-09,0.99989469775788,-3.07339352408048e-05,-0.00246294763813963,0.0809750243228717,-4.70207926851921e-08,0.0062642621795315,-2.54708292538551e-06,437.253932235124,440.019172946166,442.773195381744,440.019164950343
0.729,0,0,-0.299550774473094,1.4414493094571e-09,0.99989411545025,-3.31557854874375e-05,-0.00238015091116951,0.0845871158386639,-4.67567725195949e-08,0.00615712749247378,-2.5483280927887e-06,437.207940674149,440.019250923794,442.818932508176,440.01924322654
0.73,0,0,-0.299563572277811,1.47326137084732e-09,0.999893536301302,-3.54930644781204e-05,-0.00229383682431315,0.0880089864530189,-4.64915582936997e-08,0.00605073683199072,-2.54954724989085e-06,437.163882482012,440.019319146424,442.862737056632,440.019311741072
0.731,0,0,-0.299576310724547,1.50537817782433e-09,0.999892960322398,-3.7742350704707e-05,-0.00220419780573079,0.091236287682604,-4.62251874798165e-08,0.00594510184991739,-2.55073967260668e-06,437.121714719396,440.019377837742,442.904652060029,440.019370717782
0.732,0,0,-0.299588990849525,1.53779968988647e-09,0.99989238752436,-3.99004171952405e-05,-0.00211143043329482,0.0942650691908892,-4.59576967292076e-08,0.00584023369681488,-2.55190462065722e-06,437.081395201312,440.019427216441,442.94471978149,440.019420375516
0.733,0,0,-0.299601613681451,1.57052584038406e-09,0.999891817917477,-4.19642354640205e-05,-0.00201573503475745,0.0970917820316121,-4.56891219170192e-08,0.00573614303316958,-2.55304134123375e-06,437.042882485976,440.019467496373,442.982981726414,440.019460928282
0.734,0,0,-0.299614180241408,1.60355653653558e-09,0.999891251511505,-4.39309790603423e-05,-0.0019173152850573,0.0997132811278672,-4.54194981836501e-08,0.00563284004039328,-2.55414907239896e-06,437.006135863822,440.019498886703,443.01947865438,440.01949258539
0.735,0,0,-0.299626691542756,1.63689165944686e-09,0.999890688315668,-4.57980267134311e-05,-0.00181637780152786,0.102126826989902,-4.51488599727984e-08,0.00553033443162734,-2.5552270462392e-06,436.971115346652,440.019521592042,443.054250590879,440.019515551601
0.736,0,0,-0.299639148591035,1.67053106413332e-09,0.999890128338663,-4.75629650718512e-05,-0.00171313173776709,0.104330086676065,-4.48772410664196e-08,0.0054286354623538,-2.55627449178119e-06,436.937781656903,440.019535812596,443.087336838882,440.01953002726
0.737,0,0,-0.299651552383879,1.70447457954522e-09,0.999889571588666,-4.92235910364312e-05,-0.00160778837692204,0.106321134002678,-4.46046746168161e-08,0.00532775194081637,-2.55729063768596e-06,436.906096217061,440.019541744288,443.118775990241,440.019536208433
0.738,0,0,-0.299663903910923,1.73872200859605e-09,0.99988901807333,-5.07779136864915e-05,-0.00150056072513624,0.10809844900993,-4.43311931760449e-08,0.00522769223825434,-2.55827471473201e-06,436.876021139189,440.019539578894,443.148605936926,440.019534287031
0.739,0,0,-0.299676204153724,1.77327312819392e-09,0.999888467799794,-5.22241557999103e-05,-0.00139166310589985,0.109660916692167,-4.40568287228403e-08,0.00512846429895213,-2.5592259580995e-06,436.847519214589,440.019529504162,443.176863882107,440.019524450935
0.74,0,0,-0.299688454085684,1.80812768927601e-09,0.999887920774689,-5.35607549682961e-05,-0.00128131075603325,0.111007825002209,-4.37816126872307e-08,0.00503007565010747,-2.56014360946632e-06,436.82055390359,440.019511703931,443.203586351072,440.019506884117
0.741,0,0,-0.299700654671974,1.84328541684623e-09,0.999887377004136,-5.47863643092609e-05,-0.00116971942402485,0.11213886214056,-4.35055759730202e-08,0.00493253341152089,-2.56102691892672e-06,436.795089325461,440.019486358248,443.228809201991,440.019481766749
0.742,0,0,-0.299712806869464,1.8787460100159e-09,0.999886836493762,-5.58998527785041e-05,-0.00105710497143231,0.113054113141581,-4.32287489782851e-08,0.00483584430510941,-2.56187514674249e-06,436.771090248447,440.019453643476,443.252567636525,440.019449275319
0.743,0,0,-0.299724911626659,1.9145091420476e-09,0.999886299248694,-5.69003050851207e-05,-0.000943682978043612,0.113754055769824,-4.29511616140714e-08,0.00474001466424696,-2.56268756493627e-06,436.748522079928,440.019413732402,443.274896210283,440.019409582735
0.744,0,0,-0.299736969883633,1.95057446040226e-09,0.999885765273576,-5.77870212142354e-05,-0.000829668351480758,0.114239555740906,-4.26728433213801e-08,0.00464505044293453,-2.56346345873623e-06,436.727350856703,440.019366794336,443.29582884313,440.019362858425
0.745,0,0,-0.299748982571976,1.98694158678934e-09,0.999885234572568,-5.85595155617402e-05,-0.000715274941913995,0.11451186128233,-4.2393823086606e-08,0.00455095722480237,-2.56420212788057e-06,436.707543235391,440.019312995212,443.315398829342,440.01930926844
0.746,0,0,-0.299760950614731,2.02361011722032e-09,0.999884707149353,-5.92175156865746e-05,-0.000600715162538366,0.11457259705077,-4.21141294555578e-08,0.0044577402319471,-2.5649028877905e-06,436.689066482954,440.019252497684,443.333638847622,440.019248975544
0.747,0,0,-0.299772874926353,2.06057962206538e-09,0.999884183007147,-5.9760960686628e-05,-0.000486199616447528,0.114423757423293,-4.18337905461532e-08,0.0043654043336062,-2.56556507061916e-06,436.671888467338,440.019185461215,443.350580970962,440.019182139309
0.748,0,0,-0.299784756412651,2.09784964611337e-09,0.999883662148704,-6.01899992049728e-05,-0.000371936730521705,0.114067699181001,-4.15528340599129e-08,0.0042739540546725,-2.56618802618436e-06,436.655977648235,440.019112042163,443.366256676373,440.0191089162
0.749,0,0,-0.299796595970751,2.13541970863507e-09,0.999883144576323,-6.05049870737427e-05,-0.000258132396927752,0.113507133604473,-4.12712872923635e-08,0.00418339358405113,-2.56677112279211e-06,436.641303067955,440.01903239387,443.380696854464,440.019029459663
0.75,0,0,-0.299808394489049,2.17328930344976e-09,0.999882630291854,-6.07064846035582e-05,-0.000144989622809467,0.112745118001285,-4.09891771424162e-08,0.00409372678286139,-2.56731374795763e-06,436.62783434242,440.018946666739,443.393931818889,440.018943920201
0.751,0,0,-0.299820152847178,2.21145789899516e-09,0.999882119296707,-6.07952535269712e-05,-3.27081887255892e-05,0.111785046686703,-4.07065301208354e-08,0.00400495719248612,-2.56781530903064e-06,436.615541652272,440.018855008314,443.405991315657,440.018852445455
0.752,0,0,-0.299831871915969,2.24992493840065e-09,0.999881611591859,-6.07722536049457e-05,7.85156836285862e-05,0.110630641439448,-4.04233723578811e-08,0.0039170880424708,-2.56827523373064e-06,436.604395734089,440.018757563356,443.4169045323,440.018755180283
0.753,0,0,-0.299843552557424,2.28868983956392e-09,0.99988110717786,-6.06386389059166e-05,0.000188489653902278,0.109285941455158,-4.01397296101886e-08,0.00383012225827492,-2.56869297059839e-06,436.59436787172,440.018654473912,443.426700106916,440.018652266822
0.754,0,0,-0.29985519562468,2.32775199523099e-09,0.999880606054843,-6.03957537674719e-05,0.000297025575282306,0.107755292820875,-3.98556272669542e-08,0.00374406246887787,-2.56906798936892e-06,436.585429887729,440.018545879386,443.435406137074,440.018543844569
0.755,0,0,-0.299866801961992,2.36711077307963e-09,0.999880108222531,-6.00451284511806e-05,0.000403939795931124,0.10604333753452,-3.95710903555139e-08,0.00365891101424173,-2.56939978127139e-06,436.577554134948,440.018431916608,443.443050188594,440.018430050439
0.756,0,0,-0.299878372404701,2.40676551580618e-09,0.999879613680241,-5.95884745015473e-05,0.000509053449227038,0.1041550020939,-3.92861435463693e-08,0.00357466995263318,-2.56968785926079e-06,436.570713488143,440.018312719895,443.449659304195,440.018311018834
0.757,0,0,-0.299889907779221,2.44671554121575e-09,0.999879122426897,-5.90276798204984e-05,0.000612192732388631,0.102095485680361,-3.90008111577136e-08,0.00349134106780685,-2.56993175818622e-06,436.564881335786,440.018188421112,443.455260012018,440.018186881702
0.758,0,0,-0.299901408903018,2.48696014231592e-09,0.999878634461036,-5.83648034692184e-05,0.000713189173090807,0.0998702479626591,-3.87151171595057e-08,0.00340892587605228,-2.57013103490031e-06,436.560031571933,440.018059149735,443.459878334027,440.018057768599
0.759,0,0,-0.299912876584593,2.52749858741381e-09,0.999878149780814,-5.76020702095275e-05,0.000811879883705641,0.0974849965470774,-3.84290851771605e-08,0.00332742563310672,-2.57028526831386e-06,436.556138588212,440.017925032903,443.463539794279,440.017923806742
0.76,0,0,-0.299924311623475,2.56833012021652e-09,0.999877668384017,-5.67418647973486e-05,0.000908107802827453,0.0949456741001978,-3.81427384948903e-08,0.00324684134093589,-2.57039405939995e-06,436.553177265913,440.017786195479,443.466269427083,440.01778512107
0.761,0,0,-0.299935714810207,2.60945395993511e-09,0.999877190268065,-5.57867260411395e-05,0.00100172192376813,0.0922584451710745,-3.78561000587404e-08,0.00316717375438489,-2.57045703115121e-06,436.551122968187,440.017642760096,443.468091785034,440.017641834288
0.762,0,0,-0.299947086926338,2.65086930139186e-09,0.999876715430022,-5.47393406384657e-05,0.00109257750973553,0.0894296827398318,-3.75691924793547e-08,0.00308842338770127,-2.57047382849386e-06,436.549951532341,440.01749484721,443.469030946925,440.017494066925
0.763,0,0,-0.299958428744423,2.69257531513103e-09,0.999876243866607,-5.36025368041621e-05,0.00118053629543514,0.0864659545199457,-3.72820380345094e-08,0.00301059052093245,-2.57044411816201e-06,436.549639262242,440.017342575151,443.46911052555,440.017341937379
0.764,0,0,-0.299969741028013,2.73457114753291e-09,0.999875775574194,-5.23792777037796e-05,0.00126546667486215,0.0833740090416411,-3.6994658671459e-08,0.00293367520619942,-2.57036758853548e-06,436.550162920822,440.017186060167,443.468353675389,440.017185561966
0.765,0,0,-0.299981024531659,2.77685592093137e-09,0.999875310548827,-5.10726547062315e-05,0.00134724387507905,0.0801607615439673,-3.67070760091049e-08,0.00285767727384879,-2.57024394944399e-06,436.551499722676,440.01702541647,443.466783100176,440.017025054963
0.766,0,0,-0.299992280000915,2.81942873373462e-09,0.999874848786226,-4.96858804697441e-05,0.00142575011580118,0.0768332797031858,-3.64193113400313e-08,0.00278259633848521,-2.57007293194095e-06,436.553627326768,440.016860756276,443.46442106036,440.01686052865
0.767,0,0,-0.300003508172337,2.86228866054941e-09,0.999874390281792,-4.82222818753818e-05,0.00150087475464025,0.0733987692251307,-3.61313856324307e-08,0.00270843180488599,-2.56985428804918e-06,436.556523829233,440.016692189852,443.461289380456,440.016692093355
0.768,0,0,-0.300014709773491,2.90543475230848e-09,0.999873935030618,-4.66852928225512e-05,0.00157251441788381,0.0698645593291724,-3.58433195319252e-08,0.00263518287380005,-2.56958779048152e-06,436.56016775627,440.016519825551,443.457409456283,440.016519857492
0.769,0,0,-0.300025885522962,2.94886603640135e-09,0.999873483027494,-4.5078446900999e-05,0.00164057311671591,0.0662380881513391,-3.55551333633204e-08,0.00256284854763287,-2.56927323233844e-06,436.564538057144,440.016343769855,443.452802262095,440.016343927599
0.77,0,0,-0.300037036130362,2.99258151680828e-09,0.999873034266917,-4.34053699538975e-05,0.00170496234881198,0.0625268880940256,-3.52668471323153e-08,0.00249142763601951,-2.56891042678509e-06,436.56961409727,440.016164127406,443.447488357613,440.016164408378
0.771,0,0,-0.300048162296344,3.03658017423753e-09,0.999872588743097,-4.16697725466653e-05,0.00176560118526795,0.0587385711495403,-3.4978480527172e-08,0.00242091876128745,-2.56849920670996e-06,436.575375651399,440.015981001047,443.441487894942,440.015981402724
0.772,0,0,-0.30005926471261,3.08086096626578e-09,0.999872146449965,-3.98754423561993e-05,0.00182241634285126,0.0548808142245194,-3.46900529203762e-08,0.00235132036381107,-2.568039424367e-06,436.581802896897,440.015794491853,443.434820625395,440.015795011767
0.773,0,0,-0.300070344061933,3.12542282748168e-09,0.999871707381181,-3.80262364951883e-05,0.00187534224158772,0.050961344491968,-3.44015833702772e-08,0.00228263070725964,-2.56753095100337e-06,436.588876407114,440.015604699166,443.427505906207,440.0156053349
0.774,0,0,-0.300081401018171,3.17026466963255e-09,0.999871271530141,-3.61260737861577e-05,0.00192432104772542,0.0469879247973682,-3.41130906227372e-08,0.00221484788374047,-2.56697367647433e-06,436.596577144845,440.015411720623,443.419562707157,440.015412469813
0.775,0,0,-0.300092436246283,3.21538538177413e-09,0.999870838889983,-3.41789269998333e-05,0.0019693027021425,0.0429683391449359,-3.3824593112801e-08,0.00214796981883912,-2.5663675088471e-06,436.604886455884,440.015215652191,443.41100961708,440.01521651252
0.776,0,0,-0.300103450402356,3.26078383042337e-09,0.999870409453595,-3.21888150723386e-05,0.00201024493429213,0.0389103782896993,-3.35361089663932e-08,0.00208199427655821,-2.56571237399525e-06,436.613786062665,440.015016588196,443.401864850297,440.015017557395
0.777,0,0,-0.300114444133619,3.30645885971416e-09,0.999869983213624,-3.015979531563e-05,0.00204711326180288,0.0348218254606262,-3.3247656002051e-08,0.00201691886415668,-2.56500821518506e-06,436.623258057991,440.014814621345,443.392146252933,440.014815697193
0.778,0,0,-0.300125418078472,3.3524092915561e-09,0.999869560162482,-2.80959556354451e-05,0.00207988097587811,0.0307104422395349,-3.29592517326927e-08,0.00195274103689113,-2.56425499265516e-06,436.633284898854,440.014609842764,443.381871309151,440.014611023084
0.779,0,0,-0.30013637286651,3.39863392579603e-09,0.999869140292349,-2.60014067708831e-05,0.00210852911266234,0.0265839546199957,-3.26709133674484e-08,0.00188945810266076,-2.56345268319091e-06,436.643849400339,440.014402342014,443.371057147288,440.014403624675
0.78,0,0,-0.300147309118547,3.44513154038245e-09,0.999868723595187,-2.38802745695565e-05,0.00213304641076627,0.0224500392698576,-3.2382657813538e-08,0.00182706722655778,-2.56260127969454e-06,436.654934729613,440.014192207124,443.359720545898,440.014193590036
0.781,0,0,-0.300158227446646,3.49190089153278e-09,0.999868310062742,-2.17366923120498e-05,0.00215342925516589,0.0183163100204324,-3.20945016781926e-08,0.00176556543532463,-2.56170079075224e-06,436.666524400001,440.013979524611,443.347877939708,440.013981005727
0.782,0,0,-0.300169128454147,3.53894071390325e-09,0.999867899686551,-1.95747930991934e-05,0.00216968160771331,0.0141903046047215,-3.18064612706498e-08,0.00170494962171975,-2.56075124019926e-06,436.678602265148,440.013764379506,443.335545425482,440.01376595682
0.783,0,0,-0.3001800127357,3.58624972076151e-09,0.999867492457951,-1.73987023154141e-05,0.00218181492451959,0.0100794716663966,-3.15185526042177e-08,0.00164521654879341,-2.55975266668397e-06,436.691152513255,440.013546855377,443.322738767792,440.013548526922
0.784,0,0,-0.300190880877293,3.63382660416187e-09,0.999867088368084,-1.52125301811498e-05,0.00218984806049052,0.00599115806053606,-3.12307913984004e-08,0.00158636285407511,-2.55870512323174e-06,436.704159661409,440.013327034349,443.309473404714,440.013328798199
0.785,0,0,-0.300201733456287,3.68167003512307e-09,0.999866687407902,-1.30203644070273e-05,0.00219380716131768,0.00193259646637321,-3.09431930810859e-08,0.00152838505367408,-2.55760867680956e-06,436.717608549987,440.013104997129,443.295764453422,440.013106851395
0.786,0,0,-0.300212571041449,3.72977866380855e-09,0.999866289568175,-1.0826262962188e-05,0.00219372554324624,-0.00208910666845104,-3.06557727908172e-08,0.00147127954629432,-2.55646340789205e-06,436.731484337137,440.012880823024,443.28162671571,440.012882765854
0.787,0,0,-0.300223394192989,3.77815111970917e-09,0.9998658948395,-8.63424696881614e-06,0.00218964356096066,-0.00606698283344368,-3.03685453791141e-08,0.00141504261716575,-2.55526941002968e-06,436.74577249335,440.012654589963,443.267074683426,440.01265661954
0.788,0,0,-0.300234203462597,3.82678601182828e-09,0.9998655032123,-6.44829373457352e-06,0.00218160846394746,-0.00999421279275652,-3.00815254128707e-08,0.00135967044189276,-2.55402678941979e-06,436.760458796097,440.012426374515,443.252122543819,440.01242848906
0.789,0,0,-0.300244999393477,3.87568192886914e-09,0.999865114676837,-4.2723299342766e-06,0.00216967424171155,-0.0138641375376084,-2.97947271768312e-08,0.00130515909022171,-2.55273566448103e-06,436.775529324553,440.01219625191,443.236784184813,440.012198449677
0.79,0,0,-0.300255782520389,3.92483743942454e-09,0.999864729223215,-2.11022495176738e-06,0.00215390145823949,-0.0176702688374881,-2.95081646761288e-08,0.0012515045297287,-2.55139616543179e-06,436.790970454394,440.011964296056,443.221073200194,440.011966575332
0.791,0,0,-0.300266553369686,3.97425109216866e-09,0.999864346841385,3.421560747222e-08,0.00213435707611856,-0.0214062993748847,-2.92218516388789e-08,0.00119870262942907,-2.55000843387305e-06,436.806768852669,440.011730579556,443.205002894723,440.011732938662
0.792,0,0,-0.300277312459356,4.02392141605099e-09,0.999863967521153,2.15725622282899e-06,0.00211111427073532,-0.0250661124492064,-2.89358015188607e-08,0.00114674916330983,-2.54857262237623e-06,436.822911472749,440.011495173728,443.188586289164,440.011497611018
0.793,0,0,-0.300288060299065,4.07384692049233e-09,0.999863591252183,4.25523757448703e-06,0.00208425223499131,-0.0286437912364726,-2.86500274982469e-08,0.00109563981378659,-2.54708889407636e-06,436.839385549348,440.01125814862,443.171836125243,440.01126066248
0.794,0,0,-0.300298797390195,4.12402609558279e-09,0.999863218024005,6.32458245951796e-06,0.00205385597498637,-0.0321336275923133,-2.83645424903992e-08,0.00104537017508608,-2.54555742227092e-06,436.856178593621,440.01101957303,443.154764870526,440.011022161874
0.795,0,0,-0.300309524225891,4.17445741228169e-09,0.99986284782602,8.36180149933045e-06,0.00202001609713223,-0.0355301303867614,-2.80793591427219e-08,0.000995935756555677,-2.54397839002488e-06,436.873278388327,440.010779514516,443.137384723225,440.010782176791
0.796,0,0,-0.300320241291105,4.22513932261931e-09,0.999862480647503,1.03634986301453e-05,0.0019828285871697,-0.0388280333602967,-2.77944898395799e-08,0.000947331985901255,-2.54235198978194e-06,436.890672983069,440.010538039416,443.119707616927,440.010540773599
0.797,0,0,-0.300330949062637,4.27607025990048e-09,0.999862116477612,1.23263763686408e-05,0.00194239458157337,-0.0420223024915753,-2.75099467052625e-08,0.000899554212354466,-2.54067842298254e-06,436.908350689607,440.010295212865,443.101745225252,440.01029801746
0.798,0,0,-0.300341648009185,4.32724863890979e-09,0.999861755305389,1.42472408454015e-05,0.00189882013183626,-0.0451081428682653,-2.72257416070032e-08,0.00085259770977085,-2.53895789968869e-06,436.926300077232,440.010051098805,443.083508966443,440.010053972346
0.799,0,0,-0.30035233859139,4.37867285611853e-09,0.99986139711977,1.61230065992993e-05,0.0018522159621353,-0.0480810050534018,-2.69418861580457e-08,0.000806457679659903,-2.53719063821587e-06,436.944509968217,440.009805760004,443.065010007877,440.009808701053
0.8,0,0,-0.300363021261882,4.43034128989323e-09,0.999861041909584,1.79507011264433e-05,0.00180269722088551,-0.0509365909406678,-2.6658391720765e-08,0.000761129254148335,-2.53537686477227e-06,436.962969433333,440.009559258069,443.046259270515,440.009562265214
0.801,0,0,-0.300373696465328,4.48225230070564e-09,0.999860689663564,1.972746917784e-05,0.00175038322669677,-0.0536708590930077,-2.63752694098285e-08,0.000716607498877697,-2.53351681310535e-06,436.98166778743,440.009311653458,443.027267433274,440.009314725316
0.802,0,0,-0.300384364638483,4.53440423134421e-09,0.999860340370346,2.14505768004299e-05,0.0016953972092523,-0.0562800295599778,-2.60925300953958e-08,0.000672887415837543,-2.53161072415601e-06,437.000594585089,440.009063005497,443.008044937345,440.009066140712
0.803,0,0,-0.300395026210236,4.58679540712697e-09,0.999859994018477,2.31174151166792e-05,0.00163786604563198,-0.0587605881702316,-2.58101844063616e-08,0.000629963946135277,-2.52965884572048e-06,437.019739616336,440.008813372394,442.988601990425,440.008816569632
0.804,0,0,-0.300405681601658,4.63942413611569e-09,0.999859650596422,2.47255038384381e-05,0.00157791999260666,-0.0611092902965365,-2.55282427336302e-08,0.000587831972703816,-2.52766143211982e-06,437.039092902422,440.008562811248,442.968948570902,440.008566069204
0.805,0,0,-0.30041633122606,4.69228870933132e-09,0.99985931009256,2.6272494511298e-05,0.00151569241543199,-0.0633231640916996,-2.52467152334247e-08,0.000546486322948179,-2.52561874387737e-06,437.058644691667,440.008311378066,442.949094431963,440.00831469546
0.806,0,0,-0.300426975489033,4.74538740097058e-09,0.999858972495199,2.77561734862131e-05,0.00145131951367115,-0.0653995131947689,-2.49656118306253e-08,0.000505921771332103,-2.52353104740397e-06,437.078385455368,440.008059127776,442.929049105642,440.00806250335
0.807,0,0,-0.30043761478851,4.79871846862373e-09,0.99985863779257,2.91744646156803e-05,0.0013849400445761,-0.0673359189078415,-2.46849422221319e-08,0.000466133041905759,-2.52139861469115e-06,437.098305883769,440.007806114235,442.908821906805,440.007809546759
0.808,0,0,-0.300448249514809,4.85228015349332e-09,0.999858305972841,3.05254316722992e-05,0.00131669504455631,-0.0691302418447784,-2.44047158802523e-08,0.000427114810775641,-2.51922172301216e-06,437.118396882089,440.00755239025,442.888421937072,440.007555878514
0.809,0,0,-0.300458880050691,4.90607068061399e-09,0.999857977024112,3.18072804880655e-05,0.00124672754926182,-0.0707806230540716,-2.41249420561088e-08,0.00038886170851766,-2.51700065463097e-06,437.13864956662,440.00729800758,442.867858088676,440.0073015504
0.81,0,0,-0.300469506771409,4.96008825907315e-09,0.999857650934425,3.30183608132716e-05,0.00117518231280512,-0.0722854846190492,-2.38456297830654e-08,0.000351368322534488,-2.51473569651911e-06,437.159055260871,440.007043016958,442.847139048265,440.007046613171
0.811,0,0,-0.300480130044764,5.01433108223261e-09,0.999857327691767,3.41571678944175e-05,0.00110220552664253,-0.073643529739524,-2.35667878801697e-08,0.000314629199358156,-2.51242714008043e-06,437.179605491787,440.006787468094,442.826273300645,440.006791116562
0.812,0,0,-0.300490750231155,5.06879732795085e-09,0.999857007284072,3.52223437710464e-05,0.00102794453863102,-0.0748537422998952,-2.32884249556013e-08,0.000278638846898908,-2.51007528088367e-06,437.200291986017,440.006531409696,442.805269132456,440.006535109302
0.813,0,0,-0.300501367683639,5.1234851588062e-09,0.999856689699224,3.62126782919391e-05,0.00095254757277146,-0.0759153859296029,-2.30105494101298e-08,0.000243391736641294,-2.50768041840277e-06,437.221106666238,440.006274889475,442.784134635799,440.006278639122
0.814,0,0,-0.300511982747979,5.17839272232058e-09,0.999856374925064,3.71271098516045e-05,0.000876163450142306,-0.076828002562698,-2.27331694405812e-08,0.000208882305788468,-2.50524285576499e-06,437.242041647546,440.006017954156,442.762877711803,440.006021752773
0.815,0,0,-0.300522595762699,5.23351815118394e-09,0.999856062949391,3.79647258485073e-05,0.000798941311521101,-0.077591410504141,-2.24562930433199e-08,0.000175104959355645,-2.50276289950655e-06,437.263089233893,440.005760649498,442.741506074133,440.00576449603
0.816,0,0,-0.300533207059145,5.28885956347913e-09,0.999855753759967,3.8724762866964e-05,0.000721030342182807,-0.078205702011262,-2.21799280177146e-08,0.000142054072213652,-2.50024085933599e-06,437.284241914586,440.005503020293,442.720027252445,440.005506913711
0.817,0,0,-0.300543816961532,5.34441506290743e-09,0.999855447344518,3.94066065851277e-05,0.00064257949935529,-0.0786712403996204,-2.19040819696194e-08,0.000109723991083497,-2.49767704790488e-06,437.305492360837,440.00524511039,442.69844859579,440.005249049681
0.818,0,0,-0.300554425787008,5.40018273901438e-09,0.999855143690739,4.00097914119524e-05,0.000563737242802592,-0.0789886566832721,-2.16287623148469e-08,7.81090364828664e-05,-2.49507178058602e-06,437.326833422372,440.004986962694,442.676777275952,440.00499094687
0.819,0,0,-0.3005650338457,5.45616066741608e-09,0.999854842786298,4.0533999856497e-05,0.000484651268996295,-0.0791588457602076,-2.13539762826256e-08,4.72035046254399e-05,-2.49242537525885e-06,437.348258124086,440.004728619189,442.655020290747,440.004732647277
0.82,0,0,-0.30057564144078,5.51234691002573e-09,0.999854544618836,4.09790616333826e-05,0.000405468249324095,-0.0791829621544423,-2.10797309190511e-08,1.70016692739038e-05,-2.48973815210215e-06,437.369759662762,440.004470120939,442.633184467259,440.004474191989
0.821,0,0,-0.300586248868513,5.56873951528053e-09,0.999854249175974,4.1344952508659e-05,0.000326333572772915,-0.0790624153269374,-2.08060330905341e-08,-1.25022164524691e-05,-2.4870104333937e-06,437.391331403826,440.004211508103,442.611276465031,440.004215621184
0.822,0,0,-0.30059685641832,5.62533651836873e-09,0.999853956445313,4.16317928907705e-05,0.000247391093511363,-0.0787988645681929,-2.05328894872446e-08,-4.13139183148235e-05,-2.484242543317e-06,437.412966878174,440.003952819947,442.589302779201,440.003956974147
0.823,0,0,-0.300607464372828,5.68213594145686e-09,0.999853666414438,4.18398461717241e-05,0.000168782883783165,-0.0783942134859925,-2.02603066265266e-08,-6.94392192354716e-05,-2.48143480777474e-06,437.434659779028,440.003694094855,442.567269743587,440.003698289279
0.824,0,0,-0.300618073007932,5.73913579391703e-09,0.99985337907092,4.19695168239746e-05,9.06489925094348e-05,-0.0778506041023811,-1.99882908563014e-08,-9.68839176215623e-05,-2.47858755420912e-06,437.456403958858,440.003435370335,442.54518353373,440.003439604109
0.825,0,0,-0.30062868259285,5.79633407255436e-09,0.99985309440232,4.20213482589258e-05,1.31272099832668e-05,-0.07717041057453,-1.97168483584517e-08,-0.00012365382573086,-2.47570111142859e-06,437.478193426347,440.003176683034,442.523050169877,440.003180955301
0.826,0,0,-0.300639293390181,5.85372876183436e-09,0.99985281239619,4.19960204533271e-05,-6.3647160974788e-05,-0.0763562325546851,-1.94459851521862e-08,-0.000149754768078833,-2.47277580944122e-06,437.500022343405,440.002918068749,442.500875519922,440.002922378669
0.827,0,0,-0.300649905655959,5.91131783411022e-09,0.999852533040078,4.18943473502036e-05,-0.000139541527047261,-0.0754108882049007,-1.91757070973954e-08,-0.000175192579886267,-2.46981197929428e-06,437.521885022233,440.002659562433,442.478665302304,440.002663909186
0.828,0,0,-0.300660519639714,5.96909924985012e-09,0.999852256321527,4.17172740413041e-05,-0.000214426219299153,-0.0743374068827327,-1.89060198979636e-08,-0.000199973105566626,-2.46680995292012e-06,437.543775922428,440.00240119821,442.456425088846,440.002405580993
0.829,0,0,-0.300671135584528,6.02707095786428e-09,0.99985198222808,4.14658737383792e-05,-0.000288174700585395,-0.0731390215145079,-1.86369291050688e-08,-0.000224102197252413,-2.46377006298801e-06,437.565689648148,440.002143009384,442.43416030756,440.00214742741
0.83,0,0,-0.300681753727091,6.08523089553187e-09,0.999851710747283,4.11413445409157e-05,-0.000360663765182452,-0.0718191606731876,-1.83684401204604e-08,-0.000247585713359759,-2.46069264276199e-06,437.587620945307,440.001885028448,442.411876245402,440.001889480948
0.831,0,0,-0.300692374297761,6.14357698902769e-09,0.999851441866683,4.07450060082472e-05,-0.000431773730357307,-0.0703814403782136,-1.81005581996983e-08,-0.000270429517190529,-2.45757802596449e-06,437.609564698825,440.001627287096,442.389578050979,440.001631773317
0.832,0,0,-0.300702997520621,6.20210715354853e-09,0.999851175573836,4.02782955442404e-05,-0.000501388619604661,-0.0688296556350608,-1.78332884553767e-08,-0.00029263947557121,-2.45442654664558e-06,437.631515929927,440.001369816232,442.367270737214,440.001374335437
0.833,0,0,-0.300713623613534,6.26081929353924e-09,0.999850911856305,3.97427646030146e-05,-0.000569396337301035,-0.0671677717325165,-1.75666358603148e-08,-0.000314221457527856,-2.45123853905779e-06,437.65346979347,440.00111264598,442.344959183973,440.001117197451
0.834,0,0,-0.300724252788204,6.31971130291841e-09,0.999850650701664,3.91400747243979e-05,-0.000635688834542624,-0.06539991531597,-1.73006052507033e-08,-0.000335181332996417,-2.44801433753623e-06,437.675421575335,440.000855805698,442.322648140641,440.000860388729
0.835,0,0,-0.300734885250231,6.3787810653036e-09,0.999850392097496,3.84719934080428e-05,-0.000700162265952149,-0.0635303652552236,-1.70352013292288e-08,-0.000355524971567737,-2.44475427638401e-06,437.697366689842,440.00059932398,442.300342228658,440.000603937885
0.836,0,0,-0.300745521199171,6.43802645423619e-09,0.999850136031404,3.77403898353332e-05,-0.000762717137258565,-0.0615635433255253,-1.67704286681787e-08,-0.000375258241266557,-2.44145868976276e-06,437.71930067722,440.000343228676,442.278045944018,440.000347872781
0.837,0,0,-0.300756160828591,6.49744533340569e-09,0.999849882491001,3.69472304484008e-05,-0.000823258443472266,-0.0595040047206788,-1.65062917124905e-08,-0.00039438700736385,-2.4381279115881e-06,437.741219201118,440.000087546894,442.255763659719,440.000092220541
0.838,0,0,-0.300766804326128,6.5570355568735e-09,0.999849631463923,3.60945743957339e-05,-0.000881695797497339,-0.0573564284172055,-1.62427947827752e-08,-0.000412917131221837,-2.4347622754299e-06,437.763118046148,439.999832305013,442.233499628182,439.999837007561
0.839,0,0,-0.300777451873547,6.61679496929612e-09,0.999849382937823,3.51845688540157e-05,-0.000937943549041449,-0.0551256074086143,-1.59799420783022e-08,-0.000430854469171036,-2.43136211441733e-06,437.784993115483,439.999577528694,442.211257983622,439.999582259515
0.84,0,0,-0.300788103646798,6.67672140614775e-09,0.999849136900375,3.42194442359537e-05,-0.000991920893702999,-0.0528164388288851,-1.57177376799618e-08,-0.000448204871418706,-2.42792776114838e-06,437.806840428478,439.99932324289,442.189042744381,439.999328001371
0.841,0,0,-0.300798759816072,6.73681269394226e-09,0.999848893339277,3.32015092939773e-05,-0.00104355197213435,-0.0504339139842815,-1.54561855531771e-08,-0.00046497418098807,-2.42445954760385e-06,437.82865611835,439.999069471851,442.166857815228,439.999074257393
0.842,0,0,-0.300809420545861,6.79706665045442e-09,0.999848652242251,3.21331461297683e-05,-0.00109276595919899,-0.0479831083125853,-1.51952895507725e-08,-0.000481168232687698,-2.42095780506561e-06,437.850436429878,439.99881623914,442.144706989617,439.99882105116
0.843,0,0,-0.300820085995014,6.85748108494046e-09,0.999848413597046,3.10168051196649e-05,-0.00113949714305953,-0.0454691712887903,-1.49350534158191e-08,-0.000496792852110449,-2.41742286403907e-06,437.872177717155,439.998563567641,442.122593951904,439.998568405568
0.844,0,0,-0.300830756316791,6.91805379835788e-09,0.999848177391437,2.98549997660311e-05,-0.00118368499415263,-0.0428973162961974,-1.46754807844377e-08,-0.000511853854661376,-2.41385505417961e-06,437.893876441372,439.998311479565,442.100522279531,439.998316342843
0.845,0,0,-0.300841431658927,6.97878258358446e-09,0.999847943613229,2.86503014847192e-05,-0.00122527422402543,-0.0402728104817309,-1.44165751885575e-08,-0.000526357044614019,-2.41025470422298e-06,437.915529168638,439.998059996466,442.078495445177,439.998064884551
0.846,0,0,-0.300852112163683,7.03966522563645e-09,0.999847712250257,2.74053343387684e-05,-0.00126421483402731,-0.0376009646141357,-1.41583400586407e-08,-0.000540308214194492,-2.40662214191949e-06,437.937132567843,439.997809139246,442.056516818865,439.997814051608
0.847,0,0,-0.300862797967905,7.10069950188597e-09,0.999847483290388,2.61227697284799e-05,-0.00130046215386891,-0.0348871229635241,-1.39007787263651e-08,-0.000553713142692834,-2.40295769397179e-06,437.958683408553,439.997558928164,442.034589670037,439.997563864287
0.848,0,0,-0.300873489203081,7.16188318227744e-09,0.99984725672152,2.48053210479871e-05,-0.00133397687007903,-0.0321366532205193,-1.36438944272689e-08,-0.000566577595601033,-2.39926168597626e-06,437.980178558935,439.997309382849,442.012717169597,439.997314342229
0.849,0,0,-0.300884185995396,7.22321402954317e-09,0.999847032531588,2.34557383184005e-05,-0.00136472504440799,-0.0293549364729877,-1.338769030335e-08,-0.000578907323777204,-2.3955344423678e-06,438.001614983733,439.99706052231,441.990902391917,439.997065504455
0.85,0,0,-0.300894888465791,7.28468979941804e-09,0.999846810708561,2.20768028075497e-05,-0.00139267812224386,-0.0265473572580693,-1.31321694056334e-08,-0.000590708062635378,-2.39177628636787e-06,438.022989742261,439.996812364939,441.969148316809,439.996817369371
0.851,0,0,-0.300905596730017,7.34630824085315e-09,0.999846591240442,2.06713216462674e-05,-0.00141781293112563,-0.0237192937069006,-1.28773346966875e-08,-0.000601985531360362,-2.38798753993583e-06,438.044299986443,439.996564928529,441.947457831461,439.996569954781
0.852,0,0,-0.300916310898693,7.40806709622856e-09,0.999846374115274,1.92421224510709e-05,-0.00144011166945468,-0.0208761077990832,-1.26231890531088e-08,-0.000612745432147181,-2.38416852372322e-06,438.065542958879,439.996318230277,441.925833732347,439.996323277895
0.853,0,0,-0.300927031077359,7.46996410156495e-09,0.999846159321139,1.77920479629845e-05,-0.0014595618855224,-0.0180231357435809,-1.23697352679542e-08,-0.000622993449464562,-2.3803195570311e-06,438.086715990948,439.996072286796,441.904278727102,439.996077355336
0.854,0,0,-0.300937757366536,7.5319969867343e-09,0.999845946846156,1.63239507121205e-05,-0.00147615644698882,-0.0151656785023327,-1.21169760531384e-08,-0.00063273524934198,-2.37644095777022e-06,438.107816500946,439.995827114123,441.882795436356,439.995832203155
0.855,0,0,-0.300948489861777,7.59416347566952e-09,0.999845736678486,1.48406877174941e-05,-0.00148989350096285,-0.0123089924724439,-1.18649140417931e-08,-0.00064197647867977,-2.37253304242392e-06,438.128841992248,439.99558272773,441.861386395552,439.995587836835
0.856,0,0,-0.300959228653727,7.65646128657289e-09,0.999845528806331,1.33451152313886e-05,-0.00150077642485039,-0.00945828034237511,-1.16135517905847e-08,-0.000650722764581816,-2.36859612601368e-06,438.149790051511,439.995339142534,441.840054056723,439.995344271302
0.857,0,0,-0.300969973828175,7.71888813212357e-09,0.999845323217933,1.18400835374134e-05,-0.00150881376815189,-0.00661868213707234,-1.13628917819923e-08,-0.00065897971371035,-2.36463052206722e-06,438.170658346902,439.9950963729,441.818800790239,439.995101520934
0.858,0,0,-0.300980725466109,7.78144171968385e-09,0.999845119901581,1.03284318112089e-05,-0.00151401918540558,-0.00379526646649379,-1.11129364265409e-08,-0.000666752911662389,-2.36063654258908e-06,438.191444626359,439.994854432659,441.797628886528,439.994859599572
0.859,0,0,-0.300991483643772,7.8441197515043e-09,0.999844918845603,8.81298305254763e-06,-0.00151641136048675,-0.000993021991469795,-1.08636880649906e-08,-0.000674047922367353,-2.35661449803344e-06,438.212146715884,439.994613335109,441.776540557763,439.994618520526
0.86,0,0,-0.301002248432718,7.90691992492778e-09,0.999844720038375,7.29653909736596e-06,-0.00151601392248713,0.00178315087970034,-1.06151489704941e-08,-0.000680870287505417,-2.35256469727934e-06,438.232762517864,439.994373093029,441.755537939524,439.994378296584
0.861,0,0,-0.301013019899863,7.96983993259223e-09,0.999844523468316,5.78187571802756e-06,-0.00151285535341163,0.00452844805106578,-1.03673213507006e-08,-0.000687225525946146,-2.34848744760794e-06,438.25329000942,439.994133718688,441.734623092428,439.994138940025
0.862,0,0,-0.301023798107541,8.03287746263227e-09,0.999844329123891,4.27173781987805e-06,-0.00150696888794224,0.00723816954297934,-1.01202073498268e-08,-0.000693119133206987,-2.34438305468188e-06,438.273727240789,439.993895223849,441.713798003733,439.993900462623
0.863,0,0,-0.301034583113559,8.0960301988796e-09,0.999844136993613,2.76883474189368e-06,-0.00149839240553073,0.00990772702850225,-9.87380905069076e-09,-0.000698556580931185,-2.34025182252668e-06,438.29407233373,439.993657619783,441.693064588911,439.993662875659
0.864,0,0,-0.301045374971248,8.15929582106216e-09,0.99984394706604,1.27583566895935e-06,-0.0014871683150934,0.0125326510911752,-9.62812847670374e-09,-0.000703543316384705,-2.33609405351395e-06,438.314323479966,439.993420917275,441.672424693196,439.993426189927
0.865,0,0,-0.301056173729519,8.22267200500199e-09,0.999843759329778,-2.04634836966817e-07,-0.00147334343259175,0.01510859819369,-9.38316759382332e-09,-0.000708084761971744,-2.3319100483465e-06,438.334478939639,439.993185126635,441.651880093108,439.993190415746
0.866,0,0,-0.301066979432915,8.28615642281194e-09,0.999843573773482,-1.67000117983486e-06,-0.00145696885179321,0.0176313573476293,-9.13892831246422e-09,-0.000712186314768436,-2.32770010604508e-06,438.354537039812,439.992950257704,441.631432497943,439.992955562967
0.867,0,0,-0.301077792121663,8.34974674309094e-09,0.999843390385854,-3.11774093996102e-06,-0.00143809980851532,0.0200968564750818,-8.89541248936441e-09,-0.000715853346074342,-2.3234645239369e-06,438.374496172981,439.992716319863,441.61108355124,439.99272164098
0.868,0,0,-0.30108861183173,8.41344063111814e-09,0.999843209155646,-4.54538894560176e-06,-0.00141679553866611,0.0225011684535977,-8.65262192942182e-09,-0.00071909120098134,-2.31920359764561e-06,438.394354795619,439.992483322044,441.590834832228,439.992488658725
0.869,0.00273552815608202,0,-0.30109943859487,8.47723574904562e-09,0.999843030071658,-5.95054119959933e-06,-0.00139311913040103,0.024840516836609,-8.41055838748749e-09,-0.000721905197959533,-2.31491762108289e-06,438.414111426754,439.992251272734,441.570687857237,439.9922566247
0.87,0.0084033646870432,0,-0.301110272438682,8.54112975608982e-09,0.999842853122743,-7.33085865537915e-06,-0.0013671373707248,0.0271112812421097,-8.16922365312775e-09,-0.000724300558522996,-2.31060688358991e-06,438.432190787622,439.992019113177,441.552208700378,439.992024483788
0.871,0.0140748317949661,0,-0.301121113386657,8.60512030872045e-09,0.999842678297794,-8.68407083691082e-06,-0.00133892058687324,0.0293100024030689,-7.92861996663712e-09,-0.000726282056733079,-2.30627165671091e-06,438.446955983113,439.991785731711,441.537023947956,439.99179112809
0.872,0.0197491958016623,0,-0.301131961458228,8.66920506084316e-09,0.99984250558574,-1.00079792975828e-05,-0.00130854248281623,0.0314333868737309,-7.68875043290199e-09,-0.000727853666429742,-2.3019121846259e-06,438.458509604274,439.99155119483,441.52503067556,439.991556623838
0.873,0.0254257196177098,0,-0.301142816668803,8.73338166397272e-09,0.999842334975519,-1.13004609132851e-05,-0.00127607997122863,0.0334783113866424,-7.44961907210172e-09,-0.000729018512386101,-2.29752868849044e-06,438.466952575719,439.991315571205,441.516127646841,439.991321039447
0.874,0.0311036628315689,0,-0.301153679029803,8.79764776739577e-09,0.999842166456069,-1.25594710053429e-05,-0.00124161300128067,0.0354418268559353,-7.21123078067111e-09,-0.000729778897116849,-2.29312137335763e-06,438.472384179649,439.991078931565,441.51021529143,439.991084445391
0.875,0.0367822817998335,0,-0.301164548548679,8.86200101832375e-09,0.999842000016312,-1.37830462892985e-05,-0.00120522438260359,0.0373211620230832,-6.97359129318942e-09,-0.000730136327248005,-2.28869043434783e-06,438.474902079469,439.990841348589,441.507195683132,439.990846914099
0.876,0.042460829738621,0,-0.301175425228929,8.92643906203615e-09,0.999841835645142,-1.49693076458962e-05,-0.00116699960578956,0.0391137267420387,-6.73670714521572e-09,-0.000730091539454036,-2.28423606211725e-06,438.474602343021,439.990602896809,441.506972518373,439.990608519857
0.877,0.0481385568160769,0,-0.301186309070106,8.99095954201487e-09,0.999841673331418,-1.61164627109848e-05,-0.00112702665978783,0.0408171149013504,-6.50058563702692e-09,-0.000729644525968266,-2.27975844767354e-06,438.471579465439,439.990363652539,441.50945109491,439.990369338738
0.878,0.0538147102460038,0,-0.301197200067816,9.05556010006966e-09,0.999841513063954,-1.72228082814155e-05,-0.00108539584656097,0.0424291069815381,-6.26523479826391e-09,-0.000728794559672436,-2.2752577865845e-06,438.465926391609,439.990123693812,441.514538290796,439.990129448532
0.879,0.0594885343826005,0,-0.301208098213714,9.12023837645547e-09,0.999841354831513,-1.82867325343793e-05,-0.00104219959336662,0.043947672246695,-6.03066335347489e-09,-0.000727540218771172,-2.27073428262321e-06,438.457734538272,439.989883100325,441.522142543602,439.989888928703
0.88,0.0651592708163069,0,-0.301219003495485,9.18499200998174e-09,0.999841198622801,-1.93067170579905e-05,-0.000997532263030692,0.0453709705699562,-5.79688068854015e-09,-0.000725879411057046,-2.26618815089099e-06,438.447093815745,439.989641953405,441.532173829887,439.989647860346
0.881,0.0708261584707399,0,-0.301229915896829,9.24981863811423e-09,0.999841044426467,-2.02813386912918e-05,-0.000951489962578022,0.0466973538931485,-5.56389681795506e-09,-0.00072380939777183,-2.26161962045718e-06,438.434092649284,439.989400335982,441.54454364493,439.989406326161
0.882,0.0764884337007239,0,-0.301240835397431,9.31471589706964e-09,0.999840892231098,-2.12092711722216e-05,-0.00090417035058596,0.0479253673215991,-5.33172235294672e-09,-0.000721326817069448,-2.25702893655268e-06,438.418818000085,439.989158332567,441.559164982696,439.989164410435
0.883,0.0821453303913982,0,-0.301251761972929,9.3796814219035e-09,0.999840742025219,-2.20892865924474e-05,-0.000855672443624883,0.0490537498557356,-5.10036847041507e-09,-0.000718427707086081,-2.25241636235231e-06,438.40135538593,439.988916029246,441.575952316062,439.988922199033
0.884,0.087796080058398,0,-0.301262695594874,9.44471284659151e-09,0.999840593797292,-2.29202566583347e-05,-0.000806096422147797,0.0500814347617583,-4.86984688269469e-09,-0.000715107528622761,-2.2477821803791e-06,438.381788901484,439.988673513675,441.594821577279,439.988679779394
0.885,0.0934399119490983,0,-0.301273636230687,9.50980780410481e-09,0.999840447535718,-2.37011537576801e-05,-0.000755543436188549,0.051007549584299,-4.64016980808166e-09,-0.000711361187445744,-2.24312669356174e-06,438.360201238244,439.988430875091,441.61569013868,439.988437240538
0.886,0.0990760531449115,0,-0.301284583843609,9.57496392647951e-09,0.99984030322884,-2.44310518321946e-05,-0.000704115411224929,0.051831415804606,-4.41134994213273e-09,-0.000707183056209853,-2.23845022597462e-06,438.336673704152,439.988188204317,441.638476793633,439.98819467308
0.887,0.104703728664634,0,-0.301295538392645,9.6401788448807e-09,0.999840160864943,-2.51091270560805e-05,-0.000651914854559121,0.0525525481484055,-4.18340042970616e-09,-0.000702566996009915,-2.23375312328859e-06,438.311286242871,439.987945593782,441.663101737721,439.98795216924
0.888,0.110322161568827,0,-0.301306499832505,9.70545018966138e-09,0.999840020432261,-2.57346583213925e-05,-0.000599044662563506,0.0531706535481879,-3.95633483773342e-09,-0.000697506377565334,-2.22903575295846e-06,438.284117452722,439.987703137541,441.689486550174,439.987709822872
0.889,0.115930573065216,0,-0.301317468113536,9.77077559041648e-09,0.999839881918977,-2.63070275312194e-05,-0.000545607929134766,0.0536856297652499,-3.73016712870404e-09,-0.000691994102042771,-2.22429850417213e-06,438.255244605306,439.987460931302,441.717554175525,439.987467729481
0.89,0.121528182615121,0,-0.301328443181657,9.83615267603247e-09,0.999839745313234,-2.68257197020666e-05,-0.000491707755693627,0.0540975636773917,-3.50491163481921e-09,-0.000686022621521828,-2.21954178758471e-06,438.224743663801,439.98721907245,441.747228905498,439.987225986257
0.891,0.127114208040885,0,-0.301339424978281,9.90157907473256e-09,0.999839610603134,-2.72903228771475e-05,-0.000437447063061422,0.0544067292387181,-3.28058303282743e-09,-0.000679583959108551,-2.21476603485939e-06,438.192689300935,439.986977660082,441.77843636114,439.986984692104
0.892,0.132687865634292,0,-0.30135041344024,9.96705241411811e-09,0.999839477776749,-2.77005278526271e-05,-0.000382928405537907,0.0546135851185288,-3.05719631950399e-09,-0.000672669728701501,-2.20997169803592e-06,438.159154916653,439.986736795034,441.811103475162,439.986743947669
0.893,0.13824837026598,0,-0.301361408499699,1.00325703212062e-08,0.999839346822125,-2.80561277191752e-05,-0.000328253787497536,0.0547187720267965,-2.83476678776463e-09,-0.000665271154415082,-2.20515924874587e-06,438.124212655479,439.986496579919,441.845158474527,439.986503855377
0.894,0.143794935495824,0,-0.301372410084075,1.00981304224639e-08,0.99983921772729,-2.8357017221505e-05,-0.000273524482813661,0.0547231097342292,-2.61331000339559e-09,-0.000657379089664708,-2.20032917729289e-06,438.087933423562,439.986257119156,441.880530863247,439.986264519466
0.895,0.149326773684278,0,-0.301383418115942,1.01637303438393e-08,0.99983909048026,-2.86031919388761e-05,-0.000218840857411858,0.0546275937953914,-2.39284178237396e-09,-0.000648984035918368,-2.19548199161506e-06,438.050386905441,439.986018519007,441.917151405411,439.98602604602
0.896,0.154843096104669,0,-0.301394432512942,1.02293677107895e-08,0.99983896506905,-2.87947472898364e-05,-0.000164302195244897,0.0544333919838158,-2.17337816875623e-09,-0.000640076161119041,-2.1906182161451e-06,438.011641580496,439.98578088761,441.954952108433,439.985788542999
0.897,0.160343113056431,0,-0.301405453187685,1.02950401483062e-08,0.999838841481679,-2.893187736477e-05,-0.000110006527972733,0.0541418404484724,-1.95493541313775e-09,-0.000630645317782366,-2.18573839058356e-06,437.971764739126,439.985544335008,441.993866206518,439.985552120276
0.898,0.165826033979267,0,-0.301416480047654,1.03607452809386e-08,0.999838719706177,-2.90148735900903e-05,-5.60504686212702e-05,0.0537544396013782,-1.73752995165497e-09,-0.000620681060773889,-2.18084306859862e-06,437.930822498631,439.985308973183,442.033828144344,439.985316889665
0.899,0.171291067568215,0,-0.301427512995098,1.04264807328141e-08,0.999838599730598,-2.90441232281929e-05,-2.5290494837401e-06,0.0532728497465243,-1.52117838551437e-09,-0.000610172664770166,-2.17593281646575e-06,437.888879818818,439.985074916081,442.074773560961,439.985082964946
0.9,0.176737421889629,0,-0.301438551926929,1.04922441276572e-08,0.999838481543027,-2.90201077175366e-05,5.04644354818983e-05,0.0526988864606649,-1.30589746103156e-09,-0.000599109141407909,-2.17100821165903e-06,437.846000517327,439.984842279643,442.116639273901,439.984850461899
0.901,0.182164304498033,0,-0.301449596734617,1.05580330888061e-08,0.999838365131587,-2.89434008574719e-05,0.000102838583516798,0.0520345157368639,-1.09170405017698e-09,-0.000587479256125305,-2.16606984140562e-06,437.802247284685,439.984611181823,442.159363263502,439.98461949832
0.902,0.187570922553863,0,-0.301460647304072,1.06238452392283e-08,0.99983825048445,-2.88146668426712e-05,0.000154504030954653,0.0512818489020174,-8.78615131580245e-10,-0.000575271544699601,-2.16111830121352e-06,437.757681699096,439.984381742611,442.202884657437,439.984390194044
0.903,0.19295648294206,0,-0.301471703515541,1.06896782015345e-08,0.999838137589845,-2.86346581522439e-05,0.000205373595924423,0.0504431373198696,-6.66647772021653e-10,-0.000562474329484928,-2.15615419338244e-06,437.712364240962,439.984154084047,442.247143715453,439.984162670961
0.904,0.198320192391514,0,-0.301482765243488,1.07555295979909e-08,0.99983802643607,-2.84042132988312e-05,0.000255362415653728,0.0495207668913199,-4.55819108367232e-10,-0.000549075735354342,-2.15117812550668e-06,437.666354307145,439.983928330239,442.292081814316,439.983937053031
0.905,0.203661257595338,0,-0.301493832356476,1.08213970505314e-08,0.999837917011498,-2.81242544431794e-05,0.000304388078176202,0.0485172523640668,-2.46146329939255e-10,-0.000535063705349939,-2.14619070897818e-06,437.619710224979,439.983704607364,442.337641432953,439.983713466286
0.906,0.208978885331965,0,-0.301504904717056,1.08872781807677e-08,0.999837809304587,-2.77957848798818e-05,0.000352370748258274,0.0474352314638673,-3.76466613038834e-11,-0.000520426016044888,-2.14119255749727e-06,437.572489266023,439.983483043677,442.383766137804,439.983492038842
0.907,0.214272282587043,0,-0.301515982181637,1.09531706100001e-08,0.999837703303892,-2.74198864001562e-05,0.000399233287373193,0.0462774588598878,1.69662654520176e-10,-0.000505150292621132,-2.13618428559817e-06,437.524747659573,439.98326376951,442.430400568369,439.983272900892
0.908,0.219540656676117,0,-0.301527064600376,1.1019071959226e-08,0.999837598998072,-2.69977165376911e-05,0.000444901367562731,0.0450467999768065,3.75764372455592e-10,-0.000489224023666461,-2.13116650719553e-06,437.476540605927,439.983046917263,442.477490422948,439.983056184702
0.909,0.224783215368093,0,-0.301538151817046,1.10849798491501e-08,0.999837496375901,-2.65305057037493e-05,0.000489303579039693,0.0437462246664768,5.80641261375113e-10,-0.000472634575694616,-2.12613983415775e-06,437.427922289416,439.982832621393,442.524982444582,439.982842024601
0.91,0.229999167009446,0,-0.301549243668916,1.11508919001923e-08,0.999837395426275,-2.60195542178537e-05,0.000532371531397252,0.0423788007520926,7.84276119753868e-10,-0.000455369207392,-2.12110487491241e-06,437.378945891194,439.982621018403,442.572824407188,439.982630556961
0.911,0.235187720649183,0,-0.301560339986626,1.12168057324969e-08,0.999837296138226,-2.54662292405125e-05,0.00057403994830414,0.0409476874578982,9.86651790947553e-10,-0.000437415083594534,-2.1160622330885e-06,437.329663601803,439.982412246811,442.620965101881,439.982421920179
0.912,0.24034808616452,0,-0.301571440594062,1.12827189659412e-08,0.999837198500926,-2.48719616145508e-05,0.000614246755577779,0.0394561287375653,1.18775117811774e-09,-0.000418759288998139,-2.11101250619981e-06,437.280126633504,439.982206447129,442.669354323486,439.982216254645
0.913,0.245479474387271,0,-0.301582545308227,1.13486292201443e-08,0.999837102503701,-2.42382426217204e-05,0.000652933162540617,0.0379074465144146,1.38755725883067e-09,-0.000399388841606257,-2.10595628437324e-06,437.230385232399,439.982003761826,442.717942857241,439.982013702711
0.914,0.250581097230931,0,-0.301593653939114,1.14145341144765e-08,0.999837008136037,-2.3566620661347e-05,0.00069004373657811,0.0363050338466884,1.58605309931439e-09,-0.000379290705917796,-2.10089414912542e-06,437.180488690314,439.981804335287,442.766682465681,439.981814408648
0.915,0.255652167818434,0,-0.301604766289582,1.14804312680687e-08,0.999836915387591,-2.2858697857846e-05,0.000725526470830002,0.0346523480310844,1.78322186841524e-09,-0.00035845180585879,-2.09582667219076e-06,437.130485356486,439.981608313767,442.815525875712,439.9816185186
0.916,0.260691900610563,0,-0.301615882155221,1.15463182998225e-08,0.9998368242482,-2.21161266040057e-05,0.000759332844959774,0.0329529036577461,1.9790468512419e-09,-0.000336859037461063,-2.09075441440345e-06,437.080422649027,439.981415845339,442.864426765856,439.981426180532
0.917,0.265699511535005,0,-0.301627001324232,1.16121928284207e-08,0.99983673470789,-2.13406060469785e-05,0.000791417878960291,0.0312102656298576,2.17351146249876e-09,-0.000314499281291089,-2.08567792463575e-06,437.030347066188,439.981227079834,442.913339753686,439.98123754417
0.918,0.270674218116027,0,-0.301638123577288,1.1678052472339e-08,0.999836646756883,-2.05338785239617e-05,0.000821740179966801,0.0294280421609285,2.36659925954411e-09,-0.00029135941463222,-2.08059773879448e-06,436.98030419741,439.981042168775,442.962220383435,439.981052760937
0.919,0.275615239604754,0,-0.301649248687417,1.17438948498581e-08,0.999836560385609,-1.9697725954569e-05,0.000850261982061486,0.0276098777627617,2.55829395515516e-09,-0.000267426323423382,-2.07551437887733e-06,436.930338734188,439.980861265303,443.011025113778,439.980871983875
0.92,0.280521797110029,0,-0.301660376419863,1.18097175790766e-08,0.999836475584712,-1.88339661969024e-05,0.000876949179066689,0.0257594462369876,2.74857943002558e-09,-0.000242686913957316,-2.07042835209042e-06,436.880494480729,439.980684524102,443.059711305793,439.980695367572
0.921,0.285393113729854,0,-0.301671506531964,1.18755182779254e-08,0.999836392345061,-1.7944449374334e-05,0.000901771350336781,0.0238804436829111,2.93743974499342e-09,-0.000217128124341355,-2.065340150028e-06,436.830814364421,439.980512101309,443.10823721109,439.980523068074
0.922,0.29022841468336,0,-0.301682638773021,1.19412945641827e-08,0.999836310657756,-1.70310541799867e-05,0.000924701779571286,0.0219765815342628,3.1248591530167e-09,-0.000190736935723718,-2.06025024791529e-06,436.781340446115,439.980344154425,443.156561960109,439.980355242791
0.923,0.295026927443314,0,-0.301693772884172,1.20070440554908e-08,0.999836230514139,-1.60956841658783e-05,0.000945717466684383,0.0200515796372664,3.31082211088045e-09,-0.000163500383288235,-2.0551591039148e-06,436.732113930218,439.980180842212,443.204645550594,439.9801920504
0.924,0.299787881869138,0,-0.301704908598264,1.2072764369373e-08,0.999836151905797,-1.51402640236472e-05,0.00096479913277824,0.0181091593822375,3.49531329067208e-09,-0.000135405567020366,-2.05006715849666e-06,436.683175174611,439.98002232459,443.252448836224,439.980033650738
0.925,0.304510510340413,0,-0.301716045639725,1.21384531232534e-08,0.999836074824578,-1.41667358637296e-05,0.000981931218279712,0.0161530369007071,3.67831759100805e-09,-0.000106439662247352,-2.04497483387294e-06,436.634563700381,439.979868762527,443.29993351541,439.979880204691
0.926,0.309194047890849,0,-0.301727183724442,1.22041079344766e-08,0.999835999262592,-1.31770554997885e-05,0.00099710187431184,0.0141869163398271,3.85982014801668e-09,-7.65899299552645e-05,-2.03988253349591e-06,436.586318201386,439.979720317915,443.347062120265,439.979731874074
0.927,0.313837732342711,0,-0.301738322559633,1.22697264203299e-08,0.999835925212221,-1.217318874512e-05,0.0010103029473832,0.0122144832255547,4.03980634609579e-09,-4.58437268856999e-05,-2.03479064162006e-06,436.538476553645,439.979577153447,443.393798005717,439.979588821504
0.928,0.318440804441667,0,-0.301749461843723,1.23353061980666e-08,0.999835852666126,-1.11571077276724e-05,0.00102152995748949,0.0102393979258378,4.21826182842873e-09,-1.41885154148076e-05,-2.02969952292728e-06,436.491075824562,439.979439432486,443.440105338794,439.979451210274
0.929,0.323002507992046,0,-0.301760601266224,1.2400844884931e-08,0.999835781617257,-1.01307872302135e-05,0.00103078206973293,0.00826528922472883,4.39517250728252e-09,1.83881267827003e-05,-2.02460952221477e-06,436.444152281988,439.979307318926,443.485949088064,439.979319204206
0.93,0.32752208999248,0,-0.301771740507607,1.24663400981849e-08,0.999835712058855,-9.09620106207284e-06,0.00103806205957559,0.00629574801804426,4.57052457406773e-09,5.18984972819479e-05,-2.01952096414485e-06,436.397741403116,439.979180977048,443.531295013227,439.979192967515
0.931,0.331998800771911,0,-0.30178287923919,1.2531789455136e-08,0.999835643984465,-8.05531846875974e-06,0.00104337627185353,0.0043343211408575,4.7443045091901e-09,8.63547596661386e-05,-2.01443415305581e-06,436.351877883231,439.979060571369,443.576109654858,439.979072664652
0.932,0.336431894125945,0,-0.301794017123012,1.25971905731683e-08,0.999835577387937,-7.01010058563151e-06,0.00104673457368846,0.00238450533677312,4.91649909166781e-09,0.000121768934492116,-2.00934937283279e-06,436.306595644291,439.978946266484,443.62036032431,439.978958460153
0.933,0.340820627453519,0,-0.301805153811716,1.26625410697739e-08,0.999835512263436,-5.96249694163976e-06,0.0010481503014436,0.000449741378570217,5.08709540852774e-09,0.000158152890460762,-2.00426688683759e-06,436.26192784337,439.978838226907,443.664015093759,439.978850518472
0.934,0.345164261893876,0,-0.301816288948436,1.27278385625865e-08,0.999835448605449,-4.91444201903446e-06,0.00104764020187971,-0.00146659165056724,5.25608086398328e-09,0.000195518335789774,-1.99918693789622e-06,436.217906880951,439.9787366169,443.7070427864,439.978749003812
0.935,0.349462062463808,0,-0.301827422166679,1.27930806694179e-08,0.999835386408786,-3.8678518747433e-06,0.00104522436767635,-0.00336118190640075,5.42344318838237e-09,0.000233876809786438,-1.99410974834278e-06,436.174564409067,439.978641600299,443.749412966787,439.978654079956
0.936,0.353713298195161,0,-0.301838553090213,1.28582650082951e-08,0.999835325668595,-2.82462082897535e-06,0.00104092616749203,-0.00523079015513216,5.58917044693389e-09,0.000273239674618005,-1.98903552011837e-06,436.131931339314,439.978553340337,443.791095931322,439.978565910085
0.937,0.357917242272559,0,-0.301849681332953,1.29233891975008e-08,0.999835266380357,-1.78661822641947e-06,0.00103477217074516,-0.00707225495901592,5.7532510482129e-09,0.00031361810727735,-1.9839644349235e-06,436.090037850717,439.978471999455,443.832062698881,439.978484656589
0.938,0.362073172171354,0,-0.301860806498857,1.29884508556144e-08,0.999835208539899,-7.55685275222793e-07,0.0010267920673055,-0.00888249766847989,5.91567375242741e-09,0.000355023091741628,-1.9788966544224e-06,436.048913397464,439.978397739116,443.872285001582,439.978410480885
0.939,0.366180369795739,0,-0.301871928181814,1.30534476015567e-08,0.999835152143399,2.66368031259455e-07,0.00101701858229325,-0.0106585272135748,6.07642767946009e-09,0.000397465411321652,-1.97383232049774e-06,436.008586716514,439.978330719611,443.911735275697,439.978343543216
0.94,0.37023812161704,0,-0.301883045965537,1.31183770546359e-08,0.999835097187386,1.27776590515173e-06,0.00100548738618988,-0.0123974446880103,6.23550231666675e-09,0.000440955641199784,-1.96877155555396e-06,435.969085835066,439.978271099853,443.950386652694,439.978284002455
0.941,0.374245718812132,0,-0.301894159423463,1.31832368345957e-08,0.999835043668749,2.27676966260018e-06,0.00099223700047122,-0.0140964477194792,6.39288752644248e-09,0.000485504141154155,-1.96371446286755e-06,435.930438077913,439.978219037182,443.98821295042,439.978232015899
0.942,0.378202457401973,0,-0.301905268118649,1.32480245616661e-08,0.999834991584741,3.26168052579887e-06,0.000977308698979613,-0.0157528346204274,6.54857355354878e-09,0.000531121048467038,-1.95866112698249e-06,435.892670074669,439.978174687148,444.025188664415,439.978187739059
0.943,0.382107638390228,0,-0.301916371603675,1.33127378566159e-08,0.999834940932982,4.23084232435015e-06,0.000960746405257253,-0.0173640083138811,6.70255103217784e-09,0.000577816271015294,-1.9536116141491e-06,435.855807766877,439.978138203306,444.061288959362,439.978151325452
0.944,0.385960567901953,0,-0.301927469420543,1.33773743408084e-08,0.999834891711465,5.18264409203348e-06,0.000942596586068302,-0.0189274800294111,6.85481099277253e-09,0.000625599480540764,-1.94856597280436e-06,435.819876415,439.978109736993,444.096489660659,439.978122926382
0.945,0.38976055732232,0,-0.301938561100584,1.34419316362583e-08,0.999834843918558,6.11552255528733e-06,0.000922908141341817,-0.0204408727647783,7.0053448685822e-09,0.000674480106098588,-1.94352423409197e-06,435.784900605303,439.978089437112,444.130767246132,439.978102690718
0.946,0.393506923435351,0,-0.301949646164367,1.3506407365692e-08,0.999834797553008,7.02796450994271e-06,0.000901732290771885,-0.0219019245092805,7.15414450196503e-09,0.000724467327681412,-1.93848641242012e-06,435.750904256619,439.978077449909,444.164098837865,439.978090764675
0.947,0.397198988562651,0,-0.301960724121605,1.35707991526094e-08,0.999834752613945,7.91850908298534e-06,0.000879122457315032,-0.0233084912252901,7.30120215039811e-09,0.000775570070017493,-1.93345250605524e-06,435.717910627008,439.978073918743,444.196462194162,439.978087291581
0.948,0.400836080702091,0,-0.301971794471073,1.36351046213488e-08,0.999834709100883,8.78574987636516e-06,0.000855134147828287,-0.0246585495849523,7.44651049221559e-09,0.000827796996540762,-1.92842249774968e-06,435.685942320318,439.978078983858,444.227835701629,439.978092411655
0.949,0.404417533666439,0,-0.301982856700517,1.3699321397154e-08,0.999834667013727,9.62833699011672e-06,0.000829824831094055,-0.0259501994594879,7.5900626320522e-09,0.000881156503530888,-1.92339635540141e-06,435.65502129263,439.978092782153,444.258198367378,439.978106261769
0.95,0.407942687221896,0,-0.301993910286577,1.37634471062438e-08,0.999834626352771,1.04449789223012e-05,0.000803253813480264,-0.0271816661590216,7.73185210600336e-09,0.000935656714421477,-1.91837403274392e-06,435.625168858619,439.978115446945,444.28752981136,439.978128975214
0.951,0.41141088722652,0,-0.302004954694702,1.38274793758839e-08,0.999834587118701,1.12344443435307e-05,0.000775482112486113,-0.028351302421334,7.87187288648192e-09,0.000991305474274509,-1.91335547006434e-06,435.596405697808,439.97814710773,444.315810258804,439.978160681467
0.952,0.414821485768507,0,-0.302015989379078,1.38914158344619e-08,0.9998345493126,1.19955637440854e-05,0.000746572328425096,-0.0294575901484075,8.01011938675334e-09,0.0010481103444192,-1.90834059494776e-06,435.568751860731,439.978187889951,444.343020532784,439.978201505949
0.953,0.41817384130431,0,-0.302027013782549,1.39552541115641e-08,0.999834512935946,1.27272309518882e-05,0.000716588514497875,-0.0304991418901071,8.14658646514829e-09,0.00110607859725343,-1.90332932304601e-06,435.542226775003,439.978237914752,444.3691420469,439.978251569783
0.954,0.421467318796553,0,-0.30203802733655,1.40189918380552e-08,0.999834477990614,1.34284045198523e-05,0.000685596045508005,-0.0314747020748093,8.28126942895807e-09,0.00116521721120604,-1.89832155886893e-06,435.516849251305,439.978297298737,444.394156798068,439.978310989559
0.955,0.424701289851733,0,-0.302049029461036,1.40826266461604e-08,0.999834444478878,1.40981089813713e-05,0.000653661485473461,-0.0323831479872486,8.41416403798641e-09,0.00122553286585814,-1.89331719659612e-06,435.492637489278,439.978366153732,444.418047359431,439.978379877085
0.956,0.427875132857671,0,-0.302060019564417,1.41461561695508e-08,0.999834412403413,1.47354359729737e-05,0.000620852454386422,-0.0332234904943161,8.54526650775102e-09,0.00128703193722174,-1.88831612090751e-06,435.469609083333,439.978444586536,444.440796873374,439.978458339146
0.957,0.430988233120686,0,-0.302070997043495,1.42095780434302e-08,0.999834381767291,1.53395452234171e-05,0.000587237494372809,-0.0339948745199928,8.67457351233349e-09,0.00134972049317408,-1.88331820783069e-06,435.447781028387,439.978532698682,444.462389044658,439.978546477263
0.958,0.434039983002466,0,-0.302081961283403,1.42728899046253e-08,0.999834352573985,1.59096654087449e-05,0.000552885935501658,-0.0346965792710489,8.8020821868637e-09,0.00141360428904575,-1.87832332560335e-06,435.427169725507,439.978630586191,444.482808133652,439.978644387443
0.959,0.43702978205661,0,-0.302092911657553,1.43360893916786e-08,0.999834324827366,1.64450948730814e-05,0.000517867761492568,-0.035328018215575,8.92779012963369e-09,0.0014786887633613,-1.87333133554879e-06,435.407790987489,439.978738339326,444.502038949681,439.978752159943
0.96,0.439957037164805,0,-0.302103847527578,1.43991741449434e-08,0.999834298531704,1.69452022151864e-05,0.000482253475567181,-0.0358887388168469,9.05169540381754e-09,0.00154497903373034,-1.86834209296296e-06,435.38966004436,439.978856042355,444.520066844472,439.978869879021
0.961,0.44282116267263,0,-0.302114768243284,1.44621418066819e-08,0.999834273691667,1.74094267410338e-05,0.000446113966687927,-0.0363784220254412,9.17379653880804e-09,0.00161247989288777,-1.86335544801107e-06,435.372791548801,439.978983773304,444.536877705711,439.978997622694
0.962,0.445621580524925,0,-0.302125673142602,1.45249900211656e-08,0.999834250312318,1.78372787829234e-05,0.000409520376424161,-0.0367968815329345,9.2940925311422e-09,0.00168119580488149,-1.8583712466321e-06,435.357199581508,439.979121603715,444.552457950702,439.979135462502
0.963,0.448357720400737,0,-0.302136561551544,1.45877164347782e-08,0.999834228399115,1.82283398858715e-05,0.000372543966682261,-0.0371440627909203,9.41258284503085e-09,0.00175113090140603,-1.85338933144953e-06,435.342897656484,439.97926959841,444.566794520117,439.97928346326
0.964,0.451029019847775,0,-0.302147432784163,1.46503186961222e-08,0.99983420795791,1.85822628622598e-05,0.000335255988532361,-0.0374200417994667,9.52926741245881e-09,0.00182228897828051,-1.84840954268665e-06,435.329898726263,439.979427815249,444.579874871863,439.979441682826
0.965,0.453634924416383,0,-0.302158286142516,1.47127944561264e-08,0.99983418899494,1.88987717159559e-05,0.000297727552360036,-0.0376250236695195,9.64414663286099e-09,0.0018946734920695,-1.84343171908458e-06,435.318215187075,439.979596304895,444.591686975031,439.979610171862
0.966,0.456174887792969,0,-0.302169120916628,1.47751413681575e-08,0.999834171516834,1.91776614373399e-05,0.000260029499566594,-0.0377593409641223,9.75722137236012e-09,0.00196828755684531,-1.83845569882177e-06,435.307858883943,439.979775110581,444.602219303955,439.979788973601
0.967,0.458648371932881,0,-0.302179936384464,1.48373570881333e-08,0.999834155530603,1.94187976708983e-05,0.000222232276036584,-0.0378234518236794,9.86849296256622e-09,0.00204313394109007,-1.83348132043304e-06,435.298841115732,439.979964267878,444.611460832357,439.979978123614
0.968,0.461054847192698,0,-0.302190731811901,1.48994392746395e-08,0.999834141043636,1.96221162572573e-05,0.000184405807585707,-0.0378179378808289,9.97796319891881e-09,0.00211921506473638,-1.82850842372682e-06,435.291172640128,439.980163804463,444.619401027595,439.980177649583
0.969,0.463393792461901,0,-0.302201506452701,1.49613855890477e-08,0.999834128063702,1.97876226517412e-05,0.000146619377596611,-0.0377435019708249,1.0085634338582e-08,0.00219653299634491,-1.82353685069908e-06,435.284863678577,439.9803737399,444.626029844993,439.980387571074
0.97,0.465664695293896,0,-0.302212259548495,1.50231936956376e-08,0.999834116598939,1.99153912217441e-05,0.000108941507043964,-0.0376009656436372,1.01915090978736e-08,0.00227508945041768,-1.81856644644243e-06,435.279923921154,439.980594085413,444.631337722278,439.980607899317
0.971,0.467867052036367,0,-0.302222990328765,1.50848612617202e-08,0.999834106657852,2.00055644254041e-05,7.14398371038844e-05,-0.0373912664842798,1.02955906492102e-08,0.00235488578484549,-1.81359706004893e-06,435.276362531398,439.980824843671,444.635315574088,439.980838636986
0.972,0.47000036796092,0,-0.302233698010828,1.51463859577644e-08,0.99983409824931,2.00583518742567e-05,3.41810145360878e-05,-0.0371154552481648,1.03978826175785e-08,0.00243592299848835,-1.8086285455054e-06,435.274188151089,439.981066008571,444.637954786591,439.981079777988
0.973,0.47206415739199,0,-0.302244381799829,1.5207765457526e-08,0.999834091382537,2.0074029282733e-05,-2.7694199797491e-06,-0.0367746928185464,1.04983890765332e-08,0.00251820172888722,-1.80366076257959e-06,435.273408904974,439.981317565031,444.639247212171,439.981331307249
0.974,0.474057943834988,0,-0.302255040888733,1.5268997438179e-08,0.999834086067107,2.00529373075449e-05,-3.93471403791617e-05,-0.036370246993374,1.05971145437142e-08,0.00260172225010613,-1.79869357769626e-06,435.27403240546,439.981579488785,444.639185164216,439.981593200514
0.975,0.47598126010365,0,-0.302265674458323,1.53300795804491e-08,0.999834082312937,1.99954802801679e-05,-7.54891404527665e-05,-0.0359034891091135,1.06940639758589e-08,0.00268648447070302,-1.79372686480159e-06,435.276065757254,439.981851746182,444.637761411982,439.981865424144
0.976,0.477833648446561,0,-0.3022762816772,1.539100956875e-08,0.999834080130284,1.99021248357998e-05,-0.000111133835631668,-0.0353758905093163,1.07892427633264e-08,0.00277248793182821,-1.78876050621484e-06,435.279515561961,439.982134293992,444.634969175543,439.982147934921
0.977,0.479614660672826,0,-0.302286861701788,1.5451785091322e-08,0.999834079529732,1.97733984423234e-05,-0.000146221161167129,-0.0347890188659216,1.0882656724126e-08,0.00285973180544913,-1.78379439346613e-06,435.284387922649,439.982427079217,444.630802120829,439.982440679862
0.978,0.481323858276852,0,-0.302297413676342,1.55124038403723e-08,0.999834080522189,1.96098878329531e-05,-0.000180692666561305,-0.0341445343614676,1.09743120974422e-08,0.00294821489270007,-1.77882842811903e-06,435.29068844837,439.982730038907,444.625254354737,439.982743596033
0.979,0.482960812562218,0,-0.302307936732959,1.55728635122186e-08,0.999834083118874,1.94122373463815e-05,-0.000214491606114125,-0.0334441857405581,1.10642155366669e-08,0.00303793562235575,-1.77386252257704e-06,435.298422258648,439.983043099986,444.618320420326,439.983056610375
0.98,0.484525104764598,0,-0.302318429991594,1.56331618074338e-08,0.999834087331316,1.91811471783742e-05,-0.00024756302545979,-0.0326898062390881,1.11523741019229e-08,0.00312889204942734,-1.76889660087272e-06,435.307593987925,439.983366179078,444.609995292093,439.98337963953
0.981,0.486016326173705,0,-0.302328892560079,1.56932964309936e-08,0.999834093171335,1.89173715488828e-05,-0.000279853843974982,-0.0318833093998687,1.12387952520928e-08,0.00322108185387989,-1.76393059943869e-06,435.318207789985,439.983699182345,444.600274371325,439.98371258968
0.982,0.487434078254228,0,-0.302339323534145,1.57532650924261e-08,0.999834100651043,1.86217167888599e-05,-0.000311312932949544,-0.0310266847834143,1.13234868363406e-08,0.00331450233946987,-1.75896446785923e-06,435.330267342335,439.984042005329,444.589153481522,439.984055356389
0.983,0.488777972765738,0,-0.302349721997448,1.58130655059627e-08,0.999834109782826,1.82950393510637e-05,-0.000341891189419213,-0.0301219935827581,1.14064570851423e-08,0.00340915043270158,-1.75399816960179e-06,435.343775850564,439.984394532804,444.576628863909,439.984407824452
0.984,0.490047631881515,0,-0.302360087021599,1.58726953906925e-08,0.999834120579339,1.79382437492385e-05,-0.000371541605568911,-0.0291713641512482,1.14877146008232e-08,0.00350502268190145,-1.74903168272742e-06,435.358736052666,439.984756638634,444.562697173003,439.984769867756
0.985,0.491242688306285,0,-0.302370417666202,1.59321524707166e-08,0.999834133053489,1.75522804301402e-05,-0.000400219333624087,-0.0281769874523495,1.15672683475929e-08,0.00360211525640886,-1.74406500057925e-06,435.375150223345,439.985128185634,444.547355472273,439.985141349144
0.986,0.492362785392817,0,-0.302380712978883,1.59914344753061e-08,0.999834147218433,1.71381435829581e-05,-0.000427881746156636,-0.0271411124405234,1.16451276410991e-08,0.00370042394588245,-1.73909813244829e-06,435.393020178279,439.985509025452,444.530601229854,439.985522120287
0.987,0.493407577257375,0,-0.302390971995339,1.60505391390607e-08,0.999834163087558,1.66968688907506e-05,-0.000454488491741031,-0.0260660413822991,1.17213021374929e-08,0.0037999441597208,-1.73413110421564e-06,435.412347278379,439.985898998442,444.512432314344,439.98591202157
0.988,0.494376728893958,0,-0.30240119373938,1.61094642020693e-08,0.999834180674473,1.6229531228573e-05,-0.000480001545905436,-0.0249541251266628,1.17958018220261e-08,0.0039006709265963,-1.72916395897056e-06,435.433132434005,439.98629793356,444.492846990663,439.986310881978
0.989,0.495269916287336,0,-0.302411377222975,1.61682074100724e-08,0.999834199992994,1.57372423130263e-05,-0.000504385257331658,-0.0238077583338984,1.18686369971742e-08,0.00400259889410116,-1.72419675760364e-06,435.455376109177,439.986705648264,444.471843915982,439.986718518996
0.99,0.496086826524823,0,-0.30242152144631,1.62267665146259e-08,0.999834221057134,1.52211483079974e-05,-0.000527606389266974,-0.0226293746719922,1.19398182702971e-08,0.00410572232850445,-1.71922957937433e-06,435.479078325752,439.987121948415,444.449422135724,439.987134738522
0.991,0.496827157906764,0,-0.302431625397838,1.6285139273266e-08,0.999834243881087,1.46824273913933e-05,-0.000549634156119933,-0.0214214419896884,1.20093565408484e-08,0.00421003511461906,-1.71426252245236e-06,435.504238667589,439.987546628203,444.425581079618,439.987559334775
0.992,0.497490620055716,0,-0.302441688054346,1.63433234496761e-08,0.999834268479217,1.41222872876965e-05,-0.000570440255221297,-0.0201864574752306,1.20772629871442e-08,0.00431553075577759,-1.70929570443249e-06,435.530856284694,439.987979470067,444.400320557835,439.987992090231
0.993,0.498076934024274,0,-0.30245170838101,1.64013168138546e-08,0.999834294866038,1.35419627711803e-05,-0.00058999889374032,-0.0189269428097607,1.21435490526924e-08,0.00442220237391604,-1.70432926282189e-06,435.558929897348,439.988420244633,444.373640757171,439.988432775553
0.994,0.498585832401526,0,-0.30246168533147,1.64591171422836e-08,0.999834323056206,1.29427131446318e-05,-0.000608286810755453,-0.0176454393242705,1.22082264321061e-08,0.00453004270976426,-1.6993633554999e-06,435.588457800215,439.988868710662,444.345542237303,439.988881149538
0.995,0.499017059418095,0,-0.302471617847897,1.65167222180992e-08,0.999834353064499,1.23258196984235e-05,-0.000625283294487456,-0.0163445031689018,1.22713070566067e-08,0.00463904412314221,-1.69439816114956e-06,435.619437866446,439.989324615004,444.316025927099,439.989336959076
0.996,0.49937037104975,0,-0.302481504861069,1.65741298312625e-08,0.999834384905803,1.1692583154764e-05,-0.000640970194711606,-0.0150267005032846,1.23328030791364e-08,0.00474919859336087,-1.68943387966049e-06,435.651867551755,439.989787692564,444.285093120998,439.989799939111
0.997,0.499645535119537,0,-0.302491345290451,1.66313377787313e-08,0.999834418595096,1.10443211019372e-05,-0.00065533193037433,-0.013694602716475,1.23927268590932e-08,0.00486049771972694,-1.68447073250296e-06,435.685743898491,439.990257666277,444.252745475434,439.990269812622
0.998,0.499842331398421,0,-0.302501138044272,1.66883438646332e-08,0.99983445414743,1.03823654233084e-05,-0.000668355492448108,-0.0123507816849177,1.24510909466904e-08,0.00497293272215015,-1.67950896307251e-06,435.7210635397,439.990734247099,444.218985005332,439.990746290607
0.999,0.499960551704391,0,-0.30251088201962,1.67451459004384e-08,0.999834491577916,9.70805972583939e-06,-0.000680030442066782,-0.0109978050767044,1.25079080669694e-08,0.0050864944418524,-1.67454883700502e-06,435.757822703168,439.991217134001,444.183814080651,439.991229072083
1,0.5,0,-0.302520576102522,1.68017417051339e-08,0.999834530901705,9.02275677280713e-06,-0.000690348903991676,-0.00963823171022964,1.25631911034968e-08,0.00520117334217754,-1.669590642462e-06,435.796017215461,439.991706013979,444.147235422989,439.991717844089
1.001,0.499960492488323,0,-0.302530219168047,1.68581291053977e-08,0.999834572133971,8.32781592536739e-06,-0.000699305555466867,-0.00827460697517156,1.26169530817427e-08,0.00531695950950092,-1.66463469038573e-06,435.835642505955,439.992200562069,444.109252102233,439.992212281712
1.002,0.499841857707282,0,-0.302539810080393,1.69143059357734e-08,0.99983461528989,7.62460059754083e-06,-0.000706897610529832,-0.00690945832352653,1.26692071521604e-08,0.0054338426542378,-1.65968131472411e-06,435.876693610855,439.992700441386,444.069867533274,439.992712048114
1.003,0.499643936622324,0,-0.302549347692999,1.69702700388453e-08,0.999834660384627,6.91447572913042e-06,-0.000713124799851308,-0.00554529083822602,1.27199665729963e-08,0.00555181211194947,-1.65473087262515e-06,435.919165177209,439.993205303155,444.029085472766,439.993216794572
1.004,0.499366582717412,0,-0.302558830848639,1.7026019265413e-08,0.99983470743331,6.19880528100091e-06,-0.000717989346185605,-0.00418458288664562,1.2769244692846e-08,0.00567085684454634,-1.64978374460093e-06,435.963051466917,439.993714786774,443.986910015936,439.993726160534
1.005,0.499009662084305,0,-0.302568258379539,1.70815514746664e-08,0.999834756451016,5.47894975706614e-06,-0.000721495935519845,-0.00282978186608947,1.28170549329842e-08,0.00579096544158693,-1.64484033466082e-06,436.008346360731,439.99422851987,443.943345593444,439.99423977368
1.006,0.498573053510088,0,-0.302577629107483,1.71368645343609e-08,0.999834807452747,4.75626375723818e-06,-0.000723651684017529,-0.00148330004809469,1.2863410769479e-08,0.00591212612167189,-1.63990107041414e-06,436.055043362253,439.994746118378,443.898396968299,439.994757250001
1.007,0.498056648562938,0,-0.302586941843931,1.71919563209913e-08,0.999834860453412,4.03209356549343e-06,-0.00072446610085858,-0.000147510528152152,1.29083257151276e-08,0.00603432673393206,-1.63496640314208e-06,436.103135601931,439.99526718663,443.852069232808,439.995278193883
1.008,0.497460351676071,0,-0.302596195390138,1.72468247199666e-08,0.999834915467806,3.30777477710552e-06,-0.000723951047084466,0.00117525671281789,1.29518133012326e-08,0.0061575547596097,-1.63003680783888e-06,436.152615841041,439.99579131745,443.804367805584,439.99580219821
1.009,0.49678408022987,0,-0.302605388537278,1.73014676257832e-08,0.999834972510587,2.58462996898284e-06,-0.000722120690563221,0.00248271862916366,1.29938870592347e-08,0.00628179731373195,-1.6251127832224e-06,436.203476475685,439.99631809227,443.755298428592,439.996328844469
1.01,0.496027764632136,0,-0.302614520066568,1.73558829421983e-08,0.999835031596256,1.86396641693118e-06,-0.0007189914571951,0.00377264280757718,1.30345605022415e-08,0.00640704114687566,-1.62019485171415e-06,436.255709540765,439.996847081248,443.704867164243,439.996857702878
1.011,0.495191348396455,0,-0.302623588749399,1.74100685824019e-08,0.999835092739135,1.14707386353776e-06,-0.000714581978485291,0.00504285103503367,1.30738471064704e-08,0.00653327264702264,-1.61528355938875e-06,436.309306713978,439.997377843402,443.653080392524,439.997388332518
1.012,0.494274788218634,0,-0.302632593347472,1.74640224691887e-08,0.999835155953346,4.35222340244549e-07,-0.000708913035615431,0.00629122273237263,1.31117602926277e-08,0.00666047784150436,-1.61037947589316e-06,436.364259319791,439.99790992676,443.599944808179,439.997920281479
1.013,0.49327805405119,0,-0.30264153261293,1.75177425351282e-08,0.999835221252786,-2.70339952956355e-07,-0.000702007500150796,0.00751569824859462,1.31483134072717e-08,0.00678864239903545,-1.60548319433564e-06,436.420558333426,439.998442868517,443.545467417922,439.998453087018
1.014,0.492201129175854,0,-0.302650405288504,1.75712267227342e-08,0.999835288651104,-9.68388706911048e-07,-0.00069389027152477,0.00871428201125129,1.31835197041568e-08,0.00691775163183487,-1.60059533114478e-06,436.478194384848,439.998976195202,443.489655537694,439.99898627573
1.015,0.491044010274064,0,-0.302659210107654,1.76244729846334e-08,0.999835358161679,-1.65772549862601e-06,-0.000684588211446687,0.00988504552861456,1.32173923256142e-08,0.00704779049783397,-1.59571652589874e-06,436.537157762744,439.999509422864,443.432516789953,439.999519363728
1.016,0.489806707495422,0,-0.302667945794718,1.76774792837314e-08,0.999835429797599,-2.33717971952228e-06,-0.000674130075383295,0.0110261302396238,1.32499442839846e-08,0.00717874360297057,-1.59084744112495e-06,436.597438418512,440.000042057263,443.374059101011,440.00005185684
1.017,0.488489244524076,0,-0.302676611065062,1.77302435933792e-08,0.99983550357163,-3.0056104337719e-06,-0.00066254644126794,0.0121357502079279,1.32811884431335e-08,0.00731059520356823,-1.5859887620706e-06,436.659025970249,440.000573594077,443.31429069839,440.000583250812
1.018,0.487091658643011,0,-0.302685204625237,1.7782763897536e-08,0.999835579496199,-3.66190816402299e-06,-0.000649869635595059,0.0132121946566594,1.33111375000855e-08,0.0074433292087997,-1.5811411964441e-06,436.721909706738,440.001103519119,443.25322010823,440.001113031526
1.019,0.48561400079621,0,-0.302693725173134,1.78350381909322e-08,0.999835657583365,-4.30499660197886e-06,-0.000636133657060828,0.0142538303409029,1.33398039667956e-08,0.0075769291832339,-1.576305474128e-06,436.786078591449,440.001631308569,443.190856152719,440.001640675232
1.02,0.484056335648669,0,-0.302702171398147,1.78870644792292e-08,0.999835737844799,-4.93383424145888e-06,-0.000621374097913629,0.0152591037551442,1.33672001520989e-08,0.00771137834946539,-1.57148234686355e-06,436.851521266528,440.002156429211,443.127207947556,440.002165648783
1.021,0.482418741644216,0,-0.302710541981338,1.79388407791782e-08,0.999835820291751,-5.54741593173399e-06,-0.000605628063180589,0.0162265431733182,1.33933381438662e-08,0.00784665959082556,-1.56667258790736e-06,436.9182260568,440.002678338689,443.06228489945,440.002687409897
1.022,0.48070131106114,0,-0.302718835595605,1.79903651187765e-08,0.999835904935033,-6.14477434909679e-06,-0.000588934087938638,0.0171547605193972,1.34182297913935e-08,0.00798275545417469,-1.56187699166057e-06,436.986180973774,440.00319648577,442.996096703643,440.003205407413
1.023,0.478904150065568,0,-0.302727050905853,1.8041635537422e-08,0.999835991784991,-6.72498138479597e-06,-0.000571332052800446,0.0180424530667971,1.34418866880568e-08,0.00811964815277403,-1.55709637327085e-06,437.055373719653,440.003710310622,442.928653341466,440.003719081572
1.024,0.477027378762584,0,-0.302735186569168,1.80926500860653e-08,0.999836080851475,-7.28714944763559e-06,-0.000552863097787136,0.0188884049652033,1.34643201542663e-08,0.00825731956923705,-1.55233156820784e-06,437.125791691344,440.0042192451,442.859965077915,440.004227864305
1.025,0.475071131245061,0,-0.302743241234998,1.81434068273592e-08,0.999836172143821,-7.83043267971263e-06,-0.000533569534760921,0.019691488593749,1.34855412207557e-08,0.00839575125855898,-1.54758343181225e-06,437.197421984481,440.004722713048,442.790042459263,440.004731179527
1.026,0.473035555640169,0,-0.302751213545331,1.81939038358066e-08,0.999836265670816,-8.35402808393962e-06,-0.000513494758591712,0.0204506657398064,1.35055606122235e-08,0.00853492445122392,-1.54285283881937e-06,437.270251397445,440.005220130603,442.718896310685,440.005228443454
1.027,0.470920814153541,0,-0.30275910213488,1.82441391979052e-08,0.999836361440681,-8.85717656217356e-06,-0.000492683157232309,0.0211649886029746,1.35243887313656e-08,0.00867482005638854,-1.53814068285726e-06,437.344266435395,440.005710906524,442.646537733915,440.00571906492
1.028,0.468727083111071,0,-0.302766905631273,1.82941110122897e-08,0.999836459461036,-9.33916386294726e-06,-0.00047118002087706,0.0218336006241739,1.35420356433271e-08,0.00881541866514158,-1.53344787592028e-06,437.419453314307,440.006194442521,442.572978104924,440.006202445711
1.029,0.46645455299832,0,-0.302774622655241,1.83438173898715e-08,0.999836559738881,-9.7993214379739e-06,-0.000449031450378793,0.0224557371400734,1.35585110606233e-08,0.00895670055383849,-1.52877534781843e-06,437.495797965009,440.006670133596,442.498229071613,440.006677980906
1.03,0.464103428497484,0,-0.302782251820813,1.83932564539755e-08,0.999836662280565,-1.02370272067703e-05,-0.000426284265098437,0.0230307258633966,1.35738243285292e-08,0.00909864568751002,-1.52412404560316e-06,437.573286037235,440.007137368401,442.42230255153,440.007145059237
1.031,0.461673928521934,0,-0.302789791735512,1.84424263404743e-08,0.999836767091758,-1.06517062289187e-05,-0.000402985910361054,0.0235579871899615,1.35879844109809e-08,0.00924123372334433,-1.51949493297006e-06,437.651902903678,440.007595529603,442.345210729607,440.007603063444
1.032,0.459166286248277,0,-0.302797241000559,1.8491325197919e-08,0.999836874177429,-1.10428312836597e-05,-0.000379184364690992,0.0240370343336194,1.36009998770308e-08,0.00938444401424146,-1.51488898963919e-06,437.731633664049,440.008043994255,442.266966055907,440.008051370661
1.033,0.456580749145913,0,-0.302804598211068,1.85399511876679e-08,0.999836983541817,-1.14099233566813e-05,-0.000354928046997555,0.024467473290558,1.36128788878673e-08,0.00952825561243962,-1.51030721071351e-06,437.812463149148,440.008482134183,442.187581243397,440.008489352791
1.034,0.453917579004081,0,-0.302811861956262,1.85883024840108e-08,0.999837095188402,-1.17525520341401e-05,-0.000330265723880959,0.024849002634733,1.36236291844416e-08,0.00967264727321217,-1.50575060601621e-06,437.894375924936,440.008909316383,442.107069265721,440.008916376909
1.035,0.451177051956359,0,-0.302819030819672,1.86363772742915e-08,0.999837209119879,-1.20703358041178e-05,-0.000305246417226453,0.0251814131464805,1.36332580757253e-08,0.00981759745863478,-1.50122019940736e-06,437.977356296624,440.009324903423,442.025443355003,440.00933180566
1.036,0.448359458502582,0,-0.302826103379356,1.86841737590267e-08,0.999837325338136,-1.23629422658863e-05,-0.000279919312252274,0.0254645872766476,1.36417724276255e-08,0.00996308434142168,-1.49671702808081e-06,438.061388312753,440.00972825386,441.942716999643,440.009734997681
1.037,0.445465103528189,0,-0.30283307820811,1.87316901520211e-08,0.999837443844219,-1.26300882475144e-05,-0.00025433366617463,0.025698498448856,1.36491786525811e-08,0.0101090858088304,-1.49224214184168e-06,438.146455769302,440.010118722662,441.858903942142,440.010125308016
1.038,0.442494306320936,0,-0.302839953873688,1.87789246804805e-08,0.999837564638311,-1.2871539832516e-05,-0.000228538717650172,0.0258832102027811,1.36554826998795e-08,0.0102555794666338,-1.48779660236546e-06,438.232542213785,440.010495661642,441.774018176922,440.010502088556
1.039,0.439447400584979,0,-0.302846728939019,1.88258755851202e-08,0.999837687719703,-1.30871122963948e-05,-0.000202583597153369,0.0260188751815908,1.36606900467053e-08,0.0104025426431592,-1.48338148243916e-06,438.319630949365,440.010858419897,441.688073948158,440.010864688476
1.04,0.436324734452294,0,-0.302853401962432,1.88725411202713e-08,0.999837813086767,-1.32766699540981e-05,-0.000176517238442969,0.0261057339669429,1.3664805689968e-08,0.0105499523933934,-1.47899786518532e-06,438.407705038975,440.011206344264,441.60108574762,440.01121245469
1.041,0.433126670491421,0,-0.302859971497882,1.89189195539829e-08,0.99983794073693,-1.3440125919545e-05,-0.000150388291268165,0.0261441137651809,1.36678341388997e-08,0.0106977855031521,-1.47464684326966e-06,438.496747309447,440.011538779772,441.513068312515,440.011544732303
1.042,0.429853585713495,0,-0.302866436095177,1.89650091681214e-08,0.999838070666648,-1.35774417785416e-05,-0.000124245035461368,0.0261344269486066,1.36697794084672e-08,0.0108460184933143,-1.47032951809293e-06,438.586740355645,440.011855070113,441.424036623332,440.011860865084
1.043,0.426505871575556,0,-0.30287279430021,1.90108082584658e-08,0.99983820287138,-1.36886271765419e-05,-9.81352965604706e-05,0.0260771694559314,1.36706450136334e-08,0.0109946276241201,-1.4660469989679e-06,438.677666544608,440.012154558114,441.334005901696,440.012160195934
1.044,0.423083933981113,0,-0.302879044655193,1.90563151348008e-08,0.999838337345558,-1.3773739322854e-05,-7.21063630992674e-05,0.025972919056225,1.36704339644645e-08,0.0111435888995305,-1.46180040228213e-06,438.769508019703,440.012436586221,441.242991608215,440.012442067375
1.045,0.419588193277945,0,-0.302885185698891,1.91015281210051e-08,0.999838474082566,-1.38328824130269e-05,-4.62049057003146e-05,0.0258223334808858,1.36691487621117e-08,0.0112928780716496,-1.4575908506472e-06,438.862246704782,440.012700496986,441.151009440331,440.012705822031
1.046,0.416019084253111,0,-0.302891215966861,1.91464455551374e-08,0.99983861307471,-1.38662069712853e-05,-2.04768980998404e-05,0.0256261484283549,1.36667913956901e-08,0.0114424706452072,-1.45341947203542e-06,438.955864308348,440.012945633563,441.058075330167,440.01295080313
1.047,0.412377056125155,0,-0.302897133991697,1.91910657895186e-08,0.999838754313196,-1.38739091150079e-05,5.03245977046273e-06,0.0253851754464765,1.36633633400764e-08,0.0115923418821016,-1.44928739890456e-06,439.050342327732,440.013171340211,440.964205442373,440.013176355003
1.048,0.408662572533489,0,-0.302902938303267,1.92353871908106e-08,0.999838897788103,-1.38562297433655e-05,3.02788165249416e-05,0.0251002996975873,1.36588655546431e-08,0.0117424668060022,-1.44519576731143e-06,439.145662053271,440.013376962801,440.869416171963,440.013381823593
1.049,0.404876111524934,0,-0.302908627428962,1.92794081400924e-08,0.999839043488356,-1.3813453652355e-05,5.5218741774116e-05,0.0247724776115763,1.36532984829253e-08,0.0118928202070096,-1.44114571601526e-06,439.2418045725,440.013561849334,440.773724142151,440.013566556968
1.05,0.401018165537392,0,-0.302914199893945,1.9323127032932e-08,0.999839191401704,-1.37459085785735e-05,7.98097961741004e-05,0.0244027344323104,1.36466620532609e-08,0.012043376646374,-1.43713838557146e-06,439.338750774348,440.013725350456,440.677146202176,440.013729905843
1.051,0.397089241380647,0,-0.302919654221402,1.93665422794558e-08,0.999839341514694,-1.36539641741878e-05,0.000104010598971436,0.0239921616629632,1.36389556804057e-08,0.0121941104612698,-1.43317491741671e-06,439.436481353343,440.013866819984,440.579699425119,440.013871224104
1.052,0.39308986021427,0,-0.302924988932788,1.94096523044145e-08,0.999839493812648,-1.3538030915652e-05,0.000127780892945058,0.0235419144159114,1.36301782681291e-08,0.0123449957696263,-1.42925645294616e-06,439.534976813825,440.013985615438,440.481401105713,440.013989869335
1.053,0.389020557522604,0,-0.302930202548091,1.9452455547246e-08,0.999839648279638,-1.33985589488237e-05,0.000151081606652847,0.0230532086729817,1.36203282128177e-08,0.0124960064750135,-1.42538413258354e-06,439.634217474161,440.014081098573,440.382268758133,440.014085203356
1.054,0.384881883086821,0,-0.302935293586081,1.94949504621354e-08,0.999839804898463,-1.32360368732175e-05,0.000173874913896055,0.0225273184619382,1.36094034080738e-08,0.0126471162715819,-1.42155909484497e-06,439.734183470976,440.014152635917,440.282320113782,440.014156592757
1.055,0.380674400954045,0,-0.302940260564574,1.95371355180712e-08,0.999839963650627,-1.3050990468219e-05,0.00019612429032083,0.0219655729551933,1.35974012503418e-08,0.0127982986490557,-1.41778247539737e-06,439.834854763386,440.014199599315,440.181573119058,440.014203409442
1.056,0.376398689403499,0,-0.30294510200069,1.95790091988999e-08,0.999840124516313,-1.28439813641607e-05,0.000217794567082077,0.0213693534968071,1.35843186455445e-08,0.0129495268977781,-1.41405540611226e-06,439.936211137235,440.014221366467,440.080045933104,440.014225031175
1.057,0.372055340909693,0,-0.302949816411118,1.96205700033766e-08,0.999840287474367,-1.26156056612306e-05,0.000238851981501034,0.0207400905639125,1.35701520167463e-08,0.0131007741138088,-1.41037901411576e-06,440.038232209346,440.014217321487,439.977756925545,440.014220842122
1.058,0.3676449621026,0,-0.302954402312376,1.96618164452133e-08,0.99984045250227,-1.23664924992542e-05,0.000259264224654049,0.0200792606687589,1.35548973128545e-08,0.0132520132040715,-1.40675442083561e-06,440.140897431776,440.01418685544,439.874724674203,440.014190233407
1.059,0.363168173724863,0,-0.302958858221087,1.97027470531247e-08,0.999840619576121,-1.20973025814442e-05,0.000279000485836318,0.0193883832076179,1.35385500183399e-08,0.0134032168915519,-1.40318274104616e-06,440.244186096072,440.014129366906,439.770967962792,440.014132603662
1.06,0.358625610585951,0,-0.302963182654235,1.97433603708713e-08,0.999840788670614,-1.18087266552713e-05,0.000298031493850573,0.018669017262825,1.35211051639902e-08,0.0135543577205439,-1.39966508191201e-06,440.348077337541,440.014044262525,439.666505778593,440.014047359579
1.061,0.35401792151331,0,-0.302967374129447,1.97836549572996e-08,0.99984095975902,-1.15014839536517e-05,0.000316329555076999,0.0179227583642582,1.35025573386856e-08,0.0137054080619445,-1.39620254203119e-06,440.452550139525,440.013930957557,439.561357310106,440.013933916465
1.062,0.349345769300462,0,-0.302971431165257,1.9823629386381e-08,0.999841132813165,-1.11763205996903e-05,0.000333868588286981,0.0171512352165624,1.34829007022031e-08,0.0138563401185957,-1.39279621047883e-06,440.557583337678,440.013788876434,439.455541944677,440.013791698802
1.063,0.344609830652062,0,-0.302975352281382,1.98632822472475e-08,0.999841307803415,-1.08340079782508e-05,0.000350624156169582,0.0163561063984307,1.34621289990459e-08,0.0140071259306724,-1.38944716585197e-06,440.66315562425,440.01361745332,439.349079266098,440.013620140796
1.064,0.339810796125872,0,-0.302979135999,1.99026121442257e-08,0.999841484698651,-1.04753410776547e-05,0.000366573493545943,0.0155390570402408,1.34402355732802e-08,0.0141577373811159,-1.38615647531646e-06,440.769245552383,440.013416132662,439.241989052184,440.013418686938
1.065,0.334949370071695,0,-0.302982780841021,1.99416176968689e-08,0.999841663466261,-1.01011368048283e-05,0.000381695532253128,0.0147017954863206,1.34172133843697e-08,0.014308146201112,-1.3829251936568e-06,440.875831540402,440.013184369748,439.134291272319,440.013186792557
1.066,0.330026270567187,0,-0.30298628533237,1.99802975399874e-08,0.999841844072113,-9.71223227723824e-06,0.000395970922685144,0.0138460499480853,1.33930550240092e-08,0.0144583239756123,-1.37975436232963e-06,440.98289187612,440.012921631263,439.026006084974,440.012923924372
1.067,0.32504222935061,0,-0.302989648000263,2.00186503236767e-08,0.999842026480546,-9.30948309495894e-06,0.000409382051985114,0.0129735651542403,1.33677527339404e-08,0.0146082421488986,-1.37664500852187e-06,441.090404721145,440.012627395837,438.91715383519,440.012629561051
1.068,0.319997991750458,0,-0.302992867374493,2.00566747133449e-08,0.999842210654351,-8.89376159622293e-06,0.000421913058888753,0.0120860990041878,1.33412984247253e-08,0.0147578720301887,-1.37359814421422e-06,441.198348115189,440.0123011546,438.807755052034,440.012303193753
1.069,0.314894316612001,0,-0.302995941987706,2.0094369389738e-08,0.999842396554755,-8.46595509979976e-06,0.000433549845225384,0.0111854192307124,1.33136836954818e-08,0.014907184799283,-1.37061476525082e-06,441.306699980386,440.011942411726,438.697830446017,440.011944326686
1.07,0.309731976220684,0,-0.30299887037569,2.01317330489645e-08,0.999842584141412,-8.02696413754014e-06,0.000444280084088778,0.0102733000779358,1.32848998545494e-08,0.0150561515122515,-1.36769585041605e-06,441.415438125615,440.011550684984,438.587400906482,440.011552477643
1.071,0.304511756222427,0,-0.303001651077656,2.01687644025186e-08,0.999842773372384,-7.57770068040705e-06,0.00045409322469605,0.00935151900045243,1.32549379410716e-08,0.0152047431071586,-1.36484236051907e-06,441.524540250821,440.011125506277,438.476487498952,440.011127178552
1.072,0.299234455540781,0,-0.303004282636527,2.02054621773028e-08,0.99984296420413,-7.11908636129404e-06,0.000462980493958707,0.00842185338945199,1.32237887474664e-08,0.0153529304098275,-1.36205523748712e-06,441.633983951344,440.01066642218,438.365111462438,440.010667976009
1.073,0.293900886290961,0,-0.303006763599221,2.02418251156494e-08,0.999843156591498,-6.65205069790427e-06,0.000470934894795692,0.00748607733153424,1.31914428427766e-08,0.0155006841396402,-1.35933540346823e-06,441.743746722255,440.010172994476,438.253294206717,440.010174431816
1.074,0.288511873690728,0,-0.303009092516945,2.02778519753419e-08,0.999843350487708,-6.17752931893098e-06,0.000477951201223922,0.00654595840580091,1.31578905968624e-08,0.0156479749153743,-1.35668375994421e-06,441.853805962687,440.009644800685,438.141057309561,440.009646123509
1.075,0.283068255968139,0,-0.303011267945478,2.03135415296358e-08,0.999843545844348,-5.69646219674171e-06,0.000484025950267337,0.00560325452468642,1.31231222054265e-08,0.0157947732610748,-1.3541011868547e-06,441.964138980177,440.009081434588,438.028422513931,440.009082644881
1.076,0.277570884266141,0,-0.303013288445465,2.0348892567279e-08,0.999843742611358,-5.20979188972515e-06,0.000489157430730876,0.00465971082385402,1.30871277158131e-08,0.0159410496119602,-1.35158854173311e-06,442.074722995006,440.008482506746,437.915411725125,440.008483606504
1.077,0.272020622544026,0,-0.303015152582707,2.03839038925328e-08,0.999843940737029,-4.7184617974103e-06,0.000493345668891046,0.00371705660634176,1.3049897053588e-08,0.0160867743203617,-1.34914665885512e-06,442.185535144543,440.007847645013,437.802047007883,440.007848636239
1.078,0.266418347475716,0,-0.303016858928449,2.04185743251925e-08,0.99984414016799,-4.22341443141318e-06,0.000496592411159865,0.00277700234599218,1.3011420049849e-08,0.0162319176616943,-1.34677634840066e-06,442.296552487591,440.007176495044,437.68835058345,440.007177379744
1.079,0.26076494834492,0,-0.30301840605968,2.04529027006086e-08,0.999844340849204,-3.72558970520749e-06,0.000498901103783924,0.00184123675504116,1.29716864692369e-08,0.0163764498404594,-1.34447839563001e-06,442.407752008738,440.006468720788,437.57434482659,440.00646950097
1.08,0.255061326937112,0,-0.303019792559417,2.04868878697087e-08,0.999844542723963,-3.22592324565111e-06,0.000500276869645071,0.000911423920576319,1.29306860386164e-08,0.0165203409962781,-1.34225356007485e-06,442.5191106227,440.005724004989,437.460052262555,440.005724682658
1.081,0.249308397428376,0,-0.303021017017006,2.05205286990199e-08,0.999844745733882,-2.72534472913157e-06,0.000500726482233902,-1.07994855978046e-05,1.28884084763781e-08,0.0166635612099525,-1.34010257474495e-06,442.630605178678,440.004942049659,437.345495564005,440.004942626817
1.082,0.243507086271077,0,-0.303022078028414,2.05538240706925e-08,0.999844949818895,-2.22477624512043e-06,0.000500258336871633,-0.000923826919328882,1.28448435223468e-08,0.0168060805095567,-1.33802614535132e-06,442.742212464708,440.004122576564,437.230697547877,440.004123055204
1.083,0.237658332076403,0,-0.30302297419652,2.05867728825244e-08,0.999845154917254,-1.72513068984835e-06,0.000498882419260241,-0.0018260845945471,1.27999809682517e-08,0.0169478688765536,-1.33602494954647e-06,442.853909212013,440.003265327682,437.115681172211,440.003265709785
1.084,0.231763085493728,0,-0.303023704131416,2.06193740479874e-08,0.999845360965529,-1.22731019273121e-06,0.000496610271444805,-0.00271603402777417,1.27538106886996e-08,0.017088896251939,-1.33409963618252e-06,442.965672099354,440.002370065664,437.000469532916,440.002370353198
1.085,0.225822309086861,0,-0.303024266450699,2.06516264962548e-08,0.999845567898601,-7.32204578091216e-07,0.000493454955275889,-0.00359217449292499,1.27063226726345e-08,0.01722913254241,-1.33225082458787e-06,443.077477757386,440.001436574281,436.885085860487,440.001436769197
1.086,0.219836977207118,0,-0.303024659779766,2.06835291722302e-08,0.99984577564967,-2.40689864627721e-07,0.000489431013463474,-0.00445304538281726,1.26575070552162e-08,0.0173685476265583,-1.33047910386316e-06,443.189302773007,440.000464658859,436.769553516676,440.000464763089
1.087,0.213808075863281,0,-0.303024882752114,2.07150810365794e-08,0.999845984150253,2.46373195001171e-07,0.000484554428317453,-0.00529722847401001,1.26073541500921e-08,0.0175071113610856,-1.32878503219714e-06,443.301123693711,439.999454146708,436.653895991097,439.99945416216
1.088,0.207736602588402,0,-0.303024934009633,2.07462810657638e-08,0.999846193330185,7.28140532221557e-07,0.000478842578272937,-0.00612335009180223,1.25558544820142e-08,0.017644793587042,-1.32716913620315e-06,443.412917031936,439.998404887536,436.538136897783,439.998404816092
1.089,0.201623566303491,0,-0.303024812202903,2.07771282520756e-08,0.999846403117629,1.20378613604653e-06,0.000472314192301741,-0.00693008317243604,1.25029988197583e-08,0.0177815641360849,-1.3256319102769e-06,443.524659269416,439.997316753851,436.422299971692,439.997316597366
1.09,0.195469987178074,0,-0.303024515991491,2.08076216036768e-08,0.999846613439071,1.67250337997682e-06,0.000464989302314196,-0.00771614921976613,1.24487782092875e-08,0.0179173928367573,-1.32417381597613e-06,443.636326861524,439.996189641354,436.306409065143,439.996189401651
1.091,0.189276896487637,0,-0.303024044044248,2.08377601446397e-08,0.999846824219336,2.13350630034284e-06,0.000456889193658135,-0.00848032015387655,1.23931840071127e-08,0.0180522495207859,-1.32279528142285e-06,443.747896241617,439.99502346932,436.190488144212,439.995023148186
1.092,0.183045336467963,0,-0.303023395039603,2.08675429149913e-08,0.999847035381589,2.58603082423971e-06,0.000448036353824237,-0.0092214200493485,1.23362079137978e-08,0.0181861040293964,-1.32149670072871e-06,443.859343825378,439.99381818096,436.074561285053,439.993817780146
1.093,0.176776360166367,0,-0.303022567665861,2.08969689707602e-08,0.999847246847344,3.02933594531713e-06,0.000438454419469169,-0.00993832676110642,1.22778420075788e-08,0.0183189262196451,-1.32027843344418e-06,443.970646015156,439.992573743776,435.958652670175,439.992573264994
1.094,0.170471031289844,0,-0.303021560621501,2.09260373840268e-08,0.999847458536477,3.46270484579845e-06,0.000428168121869856,-0.0106299734359957,1.22180787780285e-08,0.0184506859707668,-1.31914080403203e-06,444.081779204297,439.9912901499,435.842786584652,439.991289594819
1.095,0.16413042405014,0,-0.303020372615468,2.09547472429776e-08,0.99984767036723,3.88544596321753e-06,0.000417203230924,-0.0112953499084721,1.21569111597152e-08,0.0185813531905365,-1.31808410136581e-06,444.192719781476,439.98996741642,435.72698741227,439.989966786662
1.096,0.157755623005741,0,-0.303019002367469,2.09830976519622e-08,0.999847882256229,4.29689400047765e-06,0.000405586497813445,-0.0119335039790101,1.2094332565801e-08,0.018710897821645,-1.31710857825377e-06,444.303444135025,439.988605585688,435.611279631628,439.98860488283
1.097,0.151347722900826,0,-0.303017448608272,2.10110877315552e-08,0.999848094118493,4.69641087795442e-06,0.00039334559644826,-0.0125435425740657,1.20303369215458e-08,0.0188392898480859,-1.31621445098882e-06,444.413928657252,439.987204725618,435.495687812158,439.987203951186
1.098,0.144907828501154,0,-0.303015710079996,2.1038716618621e-08,0.99984830586745,5.08338662648254e-06,0.000380509063810492,-0.0131246327866562,1.1964918697631e-08,0.0189664993015548,-1.31540189892501e-06,444.52414974876,439.985764929965,435.380236610102,439.985764085431
1.099,0.138437054426938,0,-0.303013785536408,2.10659834663837e-08,0.999848517414951,5.45724022018609e-06,0.000367106239317332,-0.0136760027968478,1.18980729432727e-08,0.0190924962678575,-1.31467106408117e-06,444.634083822755,439.984286318588,435.264950764418,439.98428540537
1.1,0.131936524982686,0,-0.303011673743214,2.1092887444501e-08,0.999848728671286,5.81742034823178e-06,0.000353167203324048,-0.0141969426716654,1.18297953190563e-08,0.0192172508933273,-1.31402205077195e-06,444.743707309352,439.982769037702,435.149855092622,439.982768057162
1.101,0.125407373984059,0,-0.303009373478356,2.11194277391422e-08,0.999848939545205,6.16340612470535e-06,0.000338722714887418,-0.0146868050441673,1.17600821294409e-08,0.0193407333912503,-1.31345492526702e-06,444.85299665987,439.981213260107,435.034974486576,439.981212213546
1.102,0.118850744581715,0,-0.303006883532299,2.11456035530715e-08,0.999849149943931,6.49470773593198e-06,0.000323804148910527,-0.0151450056716472,1.16889303548904e-08,0.0194629140482968,-1.31296971547869e-06,444.961928351126,439.979619185405,434.920333908205,439.979618074063
1.103,0.112267789082219,0,-0.303004202708327,2.11714141057356e-08,0.999849359773185,6.81086702468255e-06,0.000308443432789737,-0.0155710238731487,1.16163376835602e-08,0.0195837632309583,-1.31256641067837e-06,445.070478889717,439.977987040196,434.805958385156,439.97798586525
1.104,0.105659668765964,0,-0.303001329822831,2.11968586333564e-08,0.999849568937205,7.11145801082816e-06,0.000292672982684318,-0.0159644028466948,1.15423025424747e-08,0.0197032513919886,-1.31224496124253e-06,445.178624816292,439.976317078262,434.691873006395,439.976315840822
1.105,0.0990275537021851,0,-0.3029982637056,2.12219363890288e-08,0.999849777338767,7.39608734812568e-06,0.000276525639528748,-0.0163247498668512,1.14668241281672e-08,0.0198213490768478,-1.31200527842818e-06,445.286342709822,439.974609580727,434.578102917733,439.974608281836
1.106,0.0923726225610426,0,-0.302995003200109,2.12466466428232e-08,0.999849984879214,7.66439471693661e-06,0.000260034604906952,-0.0166517363634533,1.13899024367189e-08,0.0199380269301485,-1.31184723417862e-06,445.393609191858,439.972864856201,434.464673317299,439.972863496835
1.107,0.0856960624228203,0,-0.302991547163805,2.12709886818941e-08,0.999850191458474,7.91605315280056e-06,0.000243233376906793,-0.0169450978825356,1.13115382931161e-08,0.0200532557021022,-1.31177066095951e-06,445.500400930774,439.971083240911,434.351609450946,439.971081821973
1.108,0.0789990685842294,0,-0.3029878944684,2.12949618105937e-08,0.99985039697509,8.15076931090218e-06,0.000226155686072037,-0.0172046339307077,1.1231733379899e-08,0.0201670062549654,-1.31177535162584e-06,445.606694646011,439.969265098803,434.238936607589,439.969263621126
1.109,0.0722828443618904,0,-0.302984044000147,2.13185653505902e-08,0.999850601326246,8.36828366658715e-06,0.000208835431567617,-0.0174302077044193,1.11504902650389e-08,0.020279249569484,-1.31186105931997e-06,445.712467112298,439.967410821635,434.126680114487,439.967409285978
1.11,0.0655486008929478,0,-0.302979994660132,2.13417986409933e-08,0.999850804407796,8.56837065219782e-06,0.000191306617672516,-0.0176217457057545,1.10678124289939e-08,0.0203899567513348,-1.31202749740101e-06,445.817695163876,439.965520829046,434.014865332458,439.965519236092
1.111,0.0587975569329085,0,-0.302975745364555,2.13646610384839e-08,0.999851006114294,8.75083873061243e-06,0.000173603290712834,-0.0177792372465845,1.09837042908753e-08,0.0204990990375622,-1.31227433940596e-06,445.922355698696,439.963595568602,433.903517651035,439.96359391896
1.112,0.0520309386506641,0,-0.302971295045009,2.13871519174501e-08,0.999851206339022,8.91553040598376e-06,0.000155759476545694,-0.0179027338430938,1.08981712336773e-08,0.0206066478030108,-1.3126012190427e-06,446.026425682614,439.961635515833,433.792662483555,439.961633810033
1.113,0.0452499794207881,0,-0.302966642648762,2.14092706701294e-08,0.999851404974027,9.06232217228241e-06,0.000137809118702528,-0.0179923485028764,1.08112196285298e-08,0.0207125745667499,-1.3130077302152e-06,446.129882153573,439.959641174237,433.682325262191,439.959639412733
1.114,0.0384559196130643,0,-0.302961787139038,2.14310167067557e-08,0.999851601910147,9.19112440035742e-06,0.000119786017297993,-0.0180482549069685,1.07228568579074e-08,0.0208168509984912,-1.31349342708101e-06,446.232702225768,439.957613075273,433.572531432918,439.957611258441
1.115,0.0316500063793337,0,-0.302956727495291,2.14523894557133e-08,0.999851797037054,9.301881164332e-06,0.000101723768808351,-0.0180706864893588,1.06330913377612e-08,0.0209194489249971,-1.31405782414133e-06,446.3348630938,439.955551778334,433.463306450422,439.955549906468
1.116,0.0248334934376453,0,-0.30295146271348,2.14733883636962e-08,0.999851990243282,9.39457000825459e-06,8.36557068204653e-05,-0.0180599354166714,1.05419325385094e-08,0.0210203403364787,-1.31470039636372e-06,446.436342036816,439.953457870688,433.354675772945,439.953455944005
1.117,0.0180076408537647,0,-0.302945991806347,2.14940128958735e-08,0.999852181416267,9.46920165402544e-06,6.56148438498587e-05,-0.0180163514708786,1.04493910048332e-08,0.0211194973929822,-1.31542057933771e-06,446.537116422633,439.951331967416,433.246664857073,439.951329986052
1.118,0.0111737148200404,0,-0.302940313803686,2.15142625360605e-08,0.999852370442384,9.52581965171563e-06,4.7633814323289e-05,-0.0179403408380449,1.03554783742532e-08,0.0212168924307625,-1.3162177694633e-06,446.637163711846,439.949174711312,433.139299152463,439.949172675323
1.119,0.00433298743170638,0,-0.302934427752615,2.15341367868965e-08,0.999852557206988,9.56449997348959e-06,2.9744818818265e-05,-0.0178323648062469,1.02602073944263e-08,0.0213124979686429,-1.31709132417244e-06,446.736461461924,439.946986772776,433.032604096513,439.946984682136
1.12,0,0,-0.302928332717842,2.15536351700276e-08,0.999852741594451,9.58535055243285e-06,1.1979569648693e-05,-0.0176929383759472,1.01635919391174e-08,0.021406286714359,-1.31804056218371e-06,446.834987331285,439.944768849673,432.926605108971,439.944766704278
1.121,0,0,-0.302922027781929,2.15727572262865e-08,0.999852923488458,9.58851076767453e-06,-5.63076211749176e-06,-0.0175226287862284,1.00656472784094e-08,0.0214982316351689,-1.31906474990035e-06,446.931337328976,439.942550681347,432.8228332294,439.942548482914
1.122,0,0,-0.302915512045525,2.15915025158313e-08,0.999853102773487,9.57415087727779e-06,-2.30555981263219e-05,-0.0173220539604127,9.96639148805844e-09,0.0215883063279869,-1.32016302586275e-06,447.023151069255,439.940382602185,432.723863163162,439.940380355573
1.123,0,0,-0.30290878462758,2.16098706182694e-08,0.999853279336777,9.54247140045261e-06,-4.0265002612618e-05,-0.0170918808747036,9.86584717993286e-09,0.0216764855148765,-1.32133430765253e-06,447.110529168487,439.93826350223,432.629588580141,439.938261212058
1.124,0,0,-0.302901844665582,2.16278611328436e-08,0.999853453068663,9.49370245072164e-06,-5.72297306065161e-05,-0.0168328238535912,9.7640415020596e-09,0.0217627451282427,-1.32257729254108e-06,447.19357047162,439.936192312292,432.539905003527,439.936189982937
1.125,0,0,-0.3028946913158,2.16454736786348e-08,0.999853623862474,9.42810302174367e-06,-7.39212744003782e-05,-0.0165456427958596,9.66100570256625e-09,0.0218470622838408,-1.32389048148338e-06,447.272372079559,439.934168002542,432.454709782766,439.934165638142
1.126,0,0,-0.302887323753505,2.1662707894766e-08,0.99985379161444,9.3459602275682e-06,-9.03119082086434e-05,-0.0162311413351219,9.556774716612e-09,0.0219294152542621,-1.32527220153421e-06,447.34702937615,439.932189581142,432.373902066816,439.932187185599
1.127,0,0,-0.302879741173185,2.16795634406047e-08,0.999853956223599,9.24758849916034e-06,-0.000106374730957144,-0.0158901649388892,9.45138677552107e-09,0.0220097834428892,-1.32672062676833e-06,447.417636054801,439.930256092916,432.297382777721,439.930253669896
1.128,0,0,-0.302871942788747,2.16960399959672e-08,0.999854117591713,9.13332873909655e-06,-0.000122083707142454,-0.0155235989502525,9.34488303730308e-09,0.0220881473583125,-1.32823379778313e-06,447.484284144719,439.928366618058,432.225054584491,439.928364171
1.129,0,0,-0.302863927833712,2.17121372613223e-08,0.999854275623183,9.00354743638927e-06,-0.000137413705705952,-0.0151323665763208,9.23730723779404e-09,0.0221644885892023,-1.32980963985798e-06,447.547064036782,439.926520270882,432.156821877298,439.926517802999
1.13,0,0,-0.302855695561392,2.17278549579957e-08,0.999854430224978,8.85863574345164e-06,-0.000152340536871444,-0.0147174268276136,9.12870536170937e-09,0.0222387897796291,-1.33144597984192e-06,447.606064509053,439.924716198599,432.092590741959,439.924713712885
1.131,0,0,-0.302847245245064,2.17431928283754e-08,0.99985458130656,8.69900851726251e-06,-0.000166840986899425,-0.0142797724126537,9.01912533283899e-09,0.0223110346048244,-1.3331405618375e-06,447.661372751924,439.92295358014,432.032268934743,439.922951079377
1.132,0,0,-0.30283857617813,2.17581506361157e-08,0.999854728779819,8.52510332683681e-06,-0.00018089285071532,-0.0138204275920476,8.90861672267892e-09,0.0223812077473761,-1.33489106174587e-06,447.713074392914,439.921231625004,431.975765857456,439.921229111765
1.133,0,0,-0.302829687674267,2.17727281663436e-08,0.999854872559007,8.3373794291469e-06,-0.000194474962373347,-0.0133404459963692,8.79723047681898e-09,0.0224492948738511,-1.33669510073514e-06,447.761253521115,439.919549572143,431.92299253284,439.919547048802
1.134,0,0,-0.30282057906757,2.17869252258625e-08,0.999855012560679,8.13631671567659e-06,-0.000207567223321966,-0.0128409084121874,8.6850186583807e-09,0.0225152826118391,-1.33855025769099e-06,447.805992711284,439.917906688881,431.873861580259,439.917904157619
1.135,0,0,-0.30281124971268,2.18007416433578e-08,0.999855148703636,7.92241463182144e-06,-0.000220150628441254,-0.0123229205405934,8.57203420786655e-09,0.0225791585274109,-1.34045408070619e-06,447.8473730476,439.91630226986,431.828287191675,439.916299732671
1.136,0,0,-0.30280169898491,2.18141772696006e-08,0.999855280908874,7.69619107137645e-06,-0.000232207289826863,-0.0117876107325882,8.45833071875184e-09,0.022640911102984,-1.34240409766262e-06,447.885474147085,439.914735636021,431.786185107921,439.914733094721
1.137,0,0,-0.302791926280356,2.18272319776509e-08,0.999855409099532,7.4581812483755e-06,-0.000243720458299619,-0.0112361277056922,8.34396222818867e-09,0.0227005297155898,-1.34439782595729e-06,447.920374182681,439.91320613361,431.747472595252,439.913203589844
1.138,0,0,-0.302781931016005,2.18399056630595e-08,0.999855533200847,7.20893654856535e-06,-0.000254674542624155,-0.0106696382461283,8.22898302220602e-09,0.0227580046155372,-1.34643278142096e-06,447.952149906009,439.911713133216,431.712068422194,439.911710588465
1.139,0,0,-0.302771712629827,2.18521982440689e-08,0.999855653140106,6.94902336281183e-06,-0.00026505512642432,-0.0100893249009118,8.11344745480573e-09,0.0228133269054632,-1.34850648647626e-06,447.980876669796,439.910256028837,431.67989283666,439.910253484426
1.14,0,0,-0.302761270580862,2.18641096618112e-08,0.999855768846613,6.67902190474576e-06,-0.000274848982787429,-0.0094963836641596,7.99740978035873e-09,0.0228664885197684,-1.35061647757941e-06,448.006628449979,439.908834236973,431.650867543364,439.90883169408
1.141,0,0,-0.302750604349305,2.18756398805054e-08,0.99985588025164,6.39952501496183e-06,-0.000284044086553713,-0.0088920216618929,7.88092399872233e-09,0.0229174822044283,-1.3527603119879e-06,448.029477867499,439.907447195743,431.624915681496,439.907444655405
1.142,0,0,-0.302739713436572,2.18867888876507e-08,0.999855987288397,6.11113695408539e-06,-0.000292629624291591,-0.00827745483957397,7.76404371253535e-09,0.0229663014971759,-1.35493557389434e-06,448.049496209779,439.906094364034,431.601961802686,439.906091827154
1.143,0,0,-0.302728597365366,2.18975566942184e-08,0.999856089891997,5.81447218701916e-06,-0.00030059600196359,-0.0076539056565659,7.64682199614551e-09,0.0230129407080496,-1.35713987996472e-06,448.066753451887,439.904775220667,431.581931849235,439.904772688024
1.144,0,0,-0.302717255679731,2.19079433348388e-08,0.999856187999422,5.51015416067523e-06,-0.000307934850291914,-0.00702260079165211,7.5293112756185e-09,0.0230573949002999,-1.35937088431738e-06,448.081318277404,439.903489263596,431.564753132618,439.903486735849
1.145,0,0,-0.302705687945104,2.19179488679865e-08,0.999856281549492,5.19881407748622e-06,-0.000314639027836763,-0.00638476886369043,7.41156321934053e-09,0.0230996598716507,-1.36162628297758e-06,448.093258098986,439.902236009124,431.550354312261,439.902233486824
1.146,0,0,-0.302693893748353,2.19275733761603e-08,0.999856370482842,4.88108966697494e-06,-0.000320702621804545,-0.0057416381714086,7.29362863869282e-09,0.0231397321359077,-1.36390381784024e-06,448.102639078625,439.901014991148,431.538665374578,439.90101247474
1.147,0,0,-0.302681872697814,2.19368169660601e-08,0.999856454741888,4.55762395764211e-06,-0.000326120946607097,-0.0050944344562729,7.17555739831489e-09,0.0231776089049099,-1.36620128017231e-06,448.109526147627,439.899825760423,431.529617612277,439.899823250256
1.148,0,0,-0.302669624423316,2.19456797687577e-08,0.999856534270807,4.2290640514092e-06,-0.000330890540196917,-0.00444437869228103,7.05739833549022e-09,0.0232132880708181,-1.3685165136845e-06,448.113983026293,439.898667883849,431.523143603926,439.898665380182
1.149,0,0,-0.302657148576203,2.19541619398649e-08,0.999856609015513,3.8960599028261e-06,-0.000335009158207229,-0.00379268490644223,6.93919918819067e-09,0.0232467681887347,-1.37084741720047e-06,448.116072243315,439.897540943782,431.519177193782,439.897538446791
1.15,0,0,-0.302644444829349,2.19622636596942e-08,0.999856678923632,3.55926310522297e-06,-0.000338475765929393,-0.00314055803361485,6.82100653133029e-09,0.0232780484596505,-1.37319194695025e-06,448.115855154897,439.896444537362,431.517653471877,439.896442047145
1.151,0,0,-0.302631512877164,2.19699851334159e-08,0.999856743944485,3.21932568595107e-06,-0.000341290528163841,-0.00248919180927188,6.70286572080133e-09,0.023307128713712,-1.37554811851343e-06,448.113391963588,439.895378275865,431.518508754357,439.895375792449
1.152,0,0,-0.302618352435599,2.19773265912083e-08,0.999856804029063,2.87689891281946e-06,-0.000343454796984173,-0.00183976670366062,6.58482084487887e-09,0.0233340093938052,-1.37791400843608e-06,448.108741736852,439.894341784075,431.521680564079,439.894339307421
1.153,0,0,-0.302604963242136,2.19842882884029e-08,0.999856859130016,2.53263211379334e-06,-0.000344971097457524,-0.00119344790071255,6.46691468257444e-09,0.0233586915394499,-1.38028775554425e-06,448.101962425359,439.893334699672,431.527107611454,439.893332229683
1.154,0,0,-0.302591345055786,2.19908705056222e-08,0.999856909201629,2.1871715119745e-06,-0.00034584311136757,-0.000551383324944208,6.34918866856016e-09,0.0233811767710005,-1.3826675619758e-06,448.093110881014,439.892356672644,431.534729775547,439.892354209167
1.155,0,0,-0.302577497657065,2.19970735489123e-08,0.999856954199809,1.84115907783711e-06,-0.000346075658989734,8.52982805293008e-05,6.23168286428961e-09,0.0234014672741468,-1.38505169395091e-06,448.082242874724,439.891407364714,431.544488085413,439.891404907547
1.156,0,0,-0.302563420847977,2.2002897749868e-08,0.999856994082069,1.49523140064031e-06,-0.000345674678971213,0.000715489221871564,6.11443593492316e-09,0.0234195657847119,-1.38743848230077e-06,448.069413113898,439.890486448786,431.55632470169,439.890483997684
1.157,0,0,-0.302549114451988,2.20083434657517e-08,0.99985702880751,1.1500185808853e-06,-0.00034464720637139,0.00133810466542419,5.99748513172752e-09,0.0234354755737404,-1.38982632277283e-06,448.054675259703,439.889593608412,431.570182898423,439.889591163089
1.158,0,0,-0.30253457831399,2.20134110796046e-08,0.999857058336814,8.06143145627728e-07,-0.00034300134892098,0.0019520843888923,5.88086627959678e-09,0.0234492004328744,-1.39221367612989e-06,448.038081944054,439.88872853727,431.586007045138,439.888726097404
1.159,0,0,-0.302519812300268,2.20181010003513e-08,0.999857082632223,4.64218988396147e-07,-0.000340746261560927,0.00255639447021633,5.76461376937951e-09,0.0234607446600098,-1.39459906805946e-06,448.019684786369,439.887890938664,431.603742589146,439.887888503904
1.16,0,0,-0.302504816298456,2.20224136628967e-08,0.999857101657531,1.2485033540536e-07,-0.000337892119324631,0.00315002891166982,5.64876055469034e-09,0.0234701130452314,-1.39698108890902e-06,447.999534410068,439.88708052504,431.623336038089,439.887078095007
1.161,0,0,-0.302489590217489,2.20263495282155e-08,0.999857115378072,-2.11369260311508e-07,-0.000334450088629426,0.00373201119686536,5.53333815288152e-09,0.0234773108570198,-1.39935839326158e-06,447.977680458831,439.886297017514,431.644734942718,439.886294591805
1.162,0,0,-0.302474133987554,2.20299090834346e-08,0.999857123760706,-5.43857895295375e-07,-0.000330432297045515,0.00430139577849667,5.41837664991292e-09,0.0234823438287267,-1.40172969936565e-06,447.954171612627,439.885540145423,431.667887879897,439.885537723615
1.163,0,0,-0.302458447560031,2.20330928419068e-08,0.99985712677381,-8.72046261090431e-07,-0.000325851801612639,0.00485726949479218,5.30390470882532e-09,0.0234852181453147,-1.4040937884323e-06,447.929055603489,439.884809645882,431.692744435849,439.884807227536
1.164,0,0,-0.302442530907436,2.2035901343278e-08,0.999857124387266,-1.19537855729393e-06,-0.000320722555776729,0.00539875291280616,5.18994958153314e-09,0.0234859404303556,-1.40644950381193e-06,447.902379231079,439.884105263364,431.719255189614,439.884102848027
1.165,0,0,-0.30242638402335,2.20383351535454e-08,0.999857116572451,-1.5133133708834e-06,-0.000315059375020572,0.00592500159682528,5.07653712370255e-09,0.0234845177332853,-1.40879575006204e-06,447.874188378004,439.883426749293,431.747371696744,439.883424336499
1.166,0,0,-0.302410006922358,2.20403948651088e-08,0.99985710330223,-1.82532452055299e-06,-0.000308877901264164,0.00643520730032212,4.96369181245011e-09,0.0234809575169082,-1.41113149191699e-06,447.844528024919,439.882773861643,431.777046473216,439.882771450921
1.167,0,0,-0.30239339963997,2.20420810968132e-08,0.999857084550941,-2.13090186486714e-06,-0.000302194566111948,0.00692859908004257,4.85143676662737e-09,0.0234752676451497,-1.41345575316994e-06,447.813442265401,439.882146364565,431.808232979562,439.882143955436
1.168,0,0,-0.302376562232544,2.20433944939841e-08,0.999857060294389,-2.42955207311756e-06,-0.000295026553025409,0.00740444433096962,4.73979376946839e-09,0.0234674563710515,-1.41576761547662e-06,447.780974320605,439.881544028017,431.840885605227,439.881541619998
1.169,0,0,-0.302359494777209,2.20443357284544e-08,0.999857030509839,-2.72079935784865e-06,-0.000287391758500747,0.00786204974106333,4.62878329338096e-09,0.0234575323250042,-1.41806621708991e-06,447.747166553706,439.880966627408,431.874959653133,439.880964220016
1.17,0,0,-0.302342197371777,2.20449054985834e-08,0.999856995176001,-3.00418616809675e-06,-0.000279308752332313,0.00830076216483383,4.51842452666692e-09,0.0234455045032169,-1.4203507515336e-06,447.71206048412,439.880413943261,431.910411324465,439.880411536011
1.171,0,0,-0.302324670134658,2.20451045292683e-08,0.999856954273026,-3.2792738424696e-06,-0.000270796737043394,0.00871996941496154,4.40873540199305e-09,0.0234313822564158,-1.42262046622344e-06,447.675696801521,439.879885760882,431.947197703661,439.879883353292
1.172,0,0,-0.302306913204764,2.20449335719475e-08,0.999856907782498,-3.54564322127463e-06,-0.000261875506566617,0.00911910097133633,4.29973262639719e-09,0.0234151752787707,-1.42487466104271e-06,447.638115379653,439.879381870044,431.985276743625,439.879379461635
1.173,0,0,-0.302288926741417,2.20443934045955e-08,0.99985685568742,-3.80289521698683e-06,-0.000252565404256818,0.00949762860704403,4.19143171266859e-09,0.0233968935970448,-1.42711268687936e-06,447.599355289923,439.878902064684,432.024607251129,439.878899654982
1.174,0,0,-0.302270710924252,2.20434848317112e-08,0.999856797972212,-4.05065134243048e-06,-0.000242887280319572,0.00985506693098492,4.08384701193972e-09,0.0233765475599632,-1.42933394413114e-06,447.559454814809,439.878446142609,432.065148872441,439.878443731145
1.175,0,0,-0.302252265953112,2.20422086842973e-08,0.999856734622697,-4.28855419613196e-06,-0.000232862448738881,0.0101909738469641,3.97699174731246e-09,0.0233541478277984,-1.43153788118471e-06,447.518451461059,439.878013905216,432.106862079137,439.878011491528
1.176,0,0,-0.302233592047947,2.20405658198327e-08,0.999856665626099,-4.51626790438469e-06,-0.000222512643787528,0.0105049509292472,3.87087804836486e-09,0.0233297053621662,-1.43372399287452e-06,447.476381972694,439.87760515722,432.149708154131,439.877602740855
1.177,0,0,-0.302214689448705,2.20385571222371e-08,0.999856590971026,-4.73347851965049e-06,-0.0002118599762036,0.0107966437147286,3.7655169864126e-09,0.0233032314160321,-1.43589181892647e-06,447.433282343821,439.877219706397,432.193649177891,439.877217286909
1.178,0,0,-0.302195558415222,2.20361835018278e-08,0.99985651064747,-4.93989437500527e-06,-0.00020092688911641,0.0110657419120071,3.66091861035633e-09,0.0232747375239212,-1.43804094239141e-06,447.389187831253,439.876857363332,432.238648014863,439.876854940285
1.179,0,0,-0.302176199227109,2.20334458952698e-08,0.999856424646794,-5.13524639441992e-06,-0.000189736113804717,0.011311979527817,3.55709198302248e-09,0.0232442354923302,-1.44017098807287e-06,447.344132966938,439.876517941183,432.284668300079,439.876515514151
1.18,0,0,-0.302156612183636,2.20303452655176e-08,0.999856332961723,-5.31928835874989e-06,-0.000178310625369594,0.0115351349114041,3.45404521784666e-09,0.0232117373903376,-1.4422816209532e-06,447.298151570211,439.876201255449,432.331674425967,439.876198824015
1.181,0,0,-0.302136797603616,2.20268826017507e-08,0.999856235586338,-5.49179712738902e-06,-0.000166673598403643,0.011735030717583,3.35178551579692e-09,0.0231772555404086,-1.44437254462207e-06,447.251276759849,439.875907123753,432.379631529348,439.875904687514
1.182,0,0,-0.302116755825281,2.20230589193015e-08,0.999856132516067,-5.65257281562455e-06,-0.000154848362737462,0.011911533789353,3.25031920243658e-09,0.0231408025093908,-1.44644349971078e-06,447.203540965962,439.875635365634,432.42850547862,439.875632924195
1.183,0,0,-0.302096487206161,2.20188752595763e-08,0.999856023747675,-5.80143892781054e-06,-0.00014285835934329,0.0120645549610856,3.14965176501595e-09,0.0231023910996989,-1.44849426233568e-06,447.15497594169,439.875385802341,432.478262861134,439.87538335532
1.184,0,0,-0.302075992122961,2.20143326899696e-08,0.999855909279254,-5.93824244655641e-06,-0.000130727096474713,0.0121940487834339,3.04978788950053e-09,0.0230620343406839,-1.45052464255379e-06,447.105612774738,439.875158256649,432.528870970743,439.875155803672
1.185,0,0,-0.302055270971428,2.20094323037714e-08,0.999855789110219,-6.06285387820574e-06,-0.000118478106120062,0.0123000131712445,2.95073149744467e-09,0.0230197454801837,-1.45253448283325e-06,447.055481898727,439.874952552666,432.580297795552,439.874950093376
1.186,0,0,-0.302034324166225,2.20041752200685e-08,0.999855663241291,-6.17516725495698e-06,-0.00010613490084583,0.0123824889758794,2.8524857826325e-09,0.0229755379762527,-1.45452365654118e-06,447.004613104383,439.874768515671,432.632512005827,439.874766049717
1.187,0,0,-0.302013152140801,2.19985625836385e-08,0.999855531674498,-6.27510009405405e-06,-9.3720931104915e-05,0.0124415594834816,2.75505324741292e-09,0.0229294254890667,-1.45649206645127e-06,446.953035550552,439.874605971936,432.685482942099,439.874603498982
1.188,0,0,-0.30199175534725,2.19925955648381e-08,0.999855394413154,-6.36259331454798e-06,-8.12595430829507e-05,0.0124773498408341,2.65843573866593e-09,0.0228814218730003,-1.45843964327306e-06,446.900777775053,439.874464748575,432.739180603438,439.874462268295
1.189,0,0,-0.301970134256186,2.19862753594852e-08,0.999855251461861,-6.43761111220394e-06,-6.87739371542453e-05,0.012490026410583,2.56263448331177e-09,0.0228315411688739,-1.46036634420494e-06,446.847867705364,439.874344673392,432.793575635898,439.87434218547
1.19,0,0,-0.301948289356597,2.1979603188735e-08,0.99985510282649,-6.50014079319812e-06,-5.62871270170399e-05,0.0124797960577003,2.46765012330892e-09,0.0227797975963664,-1.46227215151239e-06,446.794332669148,439.874245574737,432.848639321138,439.87424307887
1.191,0,0,-0.301926221155709,2.19725802989497e-08,0.999854948514176,-6.55019256731775e-06,-4.38218995758584e-05,0.0124469053691745,2.37348275011413e-09,0.0227262055465929,-1.46415707113306e-06,446.740199404623,439.874167281373,432.904343565217,439.874164777267
1.192,0,0,-0.301903930178846,2.19652079615635e-08,0.999854788533308,-6.58779930144466e-06,-3.14007756366893e-05,0.0123916398090154,2.28013193851151e-09,0.022670779574842,-1.46602113131007e-06,446.68549407077,439.874109622344,432.960660887547,439.874107109716
1.193,0,0,-0.301881416969286,2.19574874729408e-08,0.999854622893517,-6.61301623416688e-06,-1.90459714785974e-05,0.0123143228107586,2.18759677980571e-09,0.022613534393471,-1.46786438125457e-06,446.63024225739,439.874072426858,433.017564410021,439.874069905435
1.194,0,0,-0.30185868208812,2.19494201542302e-08,0.999854451605666,-6.62592065242582e-06,-6.7793613631378e-06,0.0122153148097454,2.09587591430964e-09,0.0225544848649575,-1.46968688983872e-06,446.574468995009,439.874055524167,433.075027846304,439.874052993686
1.195,0,0,-0.301835726114101,2.19410073512124e-08,0.999854274681841,-6.62661153116643e-06,5.37755895938104e-06,0.0120950122175446,2.004967563091e-09,0.0224936459951016,-1.47148874431987e-06,446.518198764628,439.874058743466,433.13302549128,439.874056203672
1.196,0,0,-0.301812549643504,2.19322504341434e-08,0.999854092135337,-6.61520913701579e-06,1.74037076901421e-05,0.0119538463409609,1.9148695589704e-09,0.0224310329263794,-1.47327004909685e-06,446.461455507331,439.874081913786,433.191532210668,439.874079364435
1.197,0,0,-0.301789153289972,2.19231507975923e-08,0.999853903980652,-6.59185459707083e-06,2.92784513144142e-05,0.0117922822481524,1.82557937671691e-09,0.0223666609314426,-1.47503092449882e-06,446.404262633743,439.874124863898,433.250523430789,439.874122304754
1.198,0,0,-0.301765537684373,2.19137098602753e-08,0.999853710233472,-6.55670943392888e-06,4.09816377748982e-05,0.011610817584454,1.73709416241279e-09,0.0223005454067629,-1.47677150560742e-06,446.346643033346,439.874187422229,433.309975128496,439.874184853063
1.199,0,0,-0.301741703474642,2.19039290648835e-08,0.999853510910661,-6.50995506814513e-06,5.24936284368536e-05,0.0114099813405642,1.64941076199039e-09,0.0222327018664184,-1.4784919411124e-06,446.288619083649,439.874269416773,433.369863821253,439.874266837366
1.2,0,0,-0.301717651325634,2.18938098779078e-08,0.999853306030248,-6.45179228934827e-06,6.37953287987261e-05,0.0111903325758179,1.56252574889163e-09,0.0221631459360191,-1.48019239220125e-06,446.230212659225,439.874370675014,433.43016655737,439.874368085153
1.201,0,0,-0.301693381918973,2.18833537894582e-08,0.999853095611418,-6.3824406972912e-06,7.4868217904745e-05,0.0109524590993198,1.47643545085378e-09,0.0220918933467698,-1.48187303148297e-06,446.171445140604,439.874491023856,433.490860906387,439.874488423337
1.202,0,0,-0.301668895952892,2.18725623130796e-08,0.999852879674501,-6.30213811415515e-06,8.56943764187592e-05,0.0106969761117635,1.391135975809e-09,0.0220189599296663,-1.4835340419461e-06,446.11233742303,439.874630289552,433.551924949606,439.874627678176
1.203,0,0,-0.301644194142085,2.18614369855635e-08,0.999852658240953,-6.21113996946522e-06,9.62565133214299e-05,0.0104245248108053,1.30662323687728e-09,0.0219443616098251,-1.48517561595109e-06,446.052909925088,439.874788297646,433.613337270776,439.874785675219
1.204,0,0,-0.301619277217544,2.18499793667552e-08,0.999852431333355,-6.10971865901188e-06,0.000106537991195782,0.0101357709628973,1.22289297645554e-09,0.0218681144009416,-1.48679795425707e-06,445.993182597195,439.87496487291,433.675076946912,439.874962239248
1.205,0,0,-0.301594145926411,2.18381910393579e-08,0.999852198975389,-5.99816287920606e-06,0.000116522850069042,0.00983140344452068,1.13994078937653e-09,0.021790234399876,-1.48840126508276e-06,445.933174929962,439.875159839297,433.737123539271,439.875157194219
1.206,0,0,-0.301568801031812,2.18260736087327e-08,0.999851961191833,-5.87677693832664e-06,0.000126195829781648,0.00951213275578237,1.05776214516287e-09,0.0217107377813642,-1.48998576320153e-06,445.872905962426,439.875373019891,433.799457084458,439.875370363221
1.207,0,0,-0.301543243312708,2.18136287026954e-08,0.999851718008547,-5.74588004614635e-06,0.000135542390857273,0.00917868950936225,9.76352409362544e-10,0.0216296407928514,-1.49155166907037e-06,445.812394290157,439.875604236863,433.862058085675,439.875601568431
1.208,0,0,-0.301517473563725,2.18008579713099e-08,0.999851469452457,-5.60580558344681e-06,0.00014454873385073,0.00883182289781186,8.95706863954244e-10,0.0215469597494464,-1.49309920799246e-06,445.75165807324,439.875853311433,433.924907504113,439.875850631073
1.209,0,0,-0.301491492595007,2.17877630866779e-08,0.999851215551547,-5.45690035295539e-06,0.000153201817153599,0.00847229914221555,8.15820726860009e-10,0.0214627110289936,-1.494628609313e-06,445.690715044131,439.876120063833,433.987986750473,439.876117371384
1.21,0,0,-0.301465301232046,2.17743457427261e-08,0.99985095633484,-5.29952381325471e-06,0.000161489373240457,0.00810089992522906,7.36689170537626e-10,0.0213769110672614,-1.49614010564812e-06,445.629582515392,439.876404313279,434.051277676626,439.876401608584
1.211,0,0,-0.301438900315526,2.176060765499e-08,0.999850691832389,-5.13404729723173e-06,0.00016939992334159,0.00771842081150894,6.58307339671146e-10,0.0212895763532455,-1.49763393214623e-06,445.56827738731,439.876705877945,434.114762567403,439.87670316085
1.212,0,0,-0.301412290701161,2.17465505603953e-08,0.999850422075262,-4.96085321664554e-06,0.000176922790531078,0.00732566965853938,5.80670367966748e-10,0.0212007234245825,-1.49911032578158e-06,445.506816155394,439.877024574935,434.178424132516,439.877021845289
1.213,0,0,-0.301385473259533,2.17321762170356e-08,0.999850147095528,-4.78033425440296e-06,0.000184048111222166,0.00692346502085044,5.03773394056953e-10,0.0211103688630743,-1.50056952467939e-06,445.445214917755,439.877360220266,434.24224549861,439.877357477922
1.214,0,0,-0.301358448875931,2.17174864039487e-08,0.999849866926244,-4.59289254613733e-06,0.000190766845064775,0.00651263455060403,4.27611576553377e-10,0.0210185292903207,-1.50201176747219e-06,445.383489382376,439.877712628854,434.306210201442,439.877709873668
1.215,0,0,-0.301331218450188,2.17024829208897e-08,0.999849581601439,-4.39893885268977e-06,0.000197070783243026,0.00609401339750098,3.52180108227681e-10,0.0209252213634565,-1.50343729268677e-06,445.32165487426,439.878081614497,434.370302178182,439.878078846329
1.216,0,0,-0.301303782896517,2.16871675881013e-08,0.999849291156101,-4.19889172509265e-06,0.000202952555173546,0.0056684426109344,2.77474229335854e-10,0.0208304617709941,-1.50484633816114e-06,445.259726342475,439.878466989872,434.434505759844,439.87846420858
1.217,0,0,-0.30127614314335,2.16715422460829e-08,0.999848995626165,-3.99317666365306e-06,0.000208405633608261,0.00523676754728133,2.03489240122601e-10,0.0207342672287663,-1.50623914049108e-06,445.197718367086,439.878868566519,434.498805663834,439.878865771969
1.218,0,0,-0.301248300133173,2.16556087553565e-08,0.999848695048496,-3.78222527272847e-06,0.000213424338148233,0.00479983628518653,1.30220512503375e-10,0.0206366544759707,-1.50761593450544e-06,445.135645165976,439.879286154848,434.563186986622,439.879283346904
1.219,0,0,-0.301220254822363,2.16393689962311e-08,0.999848389460872,-3.56647441277936e-06,0.000218003837177962,0.0043584980516492,5.76635009452632e-11,0.0205376402713112,-1.50897695276989e-06,445.07352060156,439.87971956413,434.627635196533,439.87971674266
1.22,0,0,-0.301192008181026,2.16228248685648e-08,0.999848078901976,-3.34636535127228e-06,0.000222140148232318,0.003913601661676,-1.41862474354981e-11,0.0204372413892361,-1.51032242511812e-06,445.011358187402,439.880168602505,434.692136126651,439.880165767379
1.221,0,0,-0.301163561192829,2.16059782915252e-08,0.999847763411375,-3.12234291399358e-06,0.000225830136811049,0.00346599397421107,-8.53330835385919e-11,0.0203354746162708,-1.51165257821025e-06,444.949171094711,439.880633076984,434.756675967847,439.880630228073
1.222,0,0,-0.301134914854841,2.15888312033479e-08,0.999847443029509,-2.89485463831762e-06,0.000229071513658462,0.00301651836699768,-1.55781247703643e-10,0.0202323567474429,-1.51296763511743e-06,444.886972158753,439.881112793457,434.821241261912,439.881109930634
1.223,0,0,-0.301106070177364,2.15713855610931e-08,0.999847117797673,-2.66434992995436e-06,0.000231862830528515,0.00256601323296452,-2.2553486185147e-10,0.020127904582799,-1.51426781493226e-06,444.82477388515,439.881607556703,434.885818894811,439.881604679842
1.224,0,0,-0.301077028183773,2.15536433404014e-08,0.999846787758005,-2.43127922467982e-06,0.000234203474458115,0.00211531050066519,-2.94597922340581e-10,0.0200221349240093,-1.51555333240414e-06,444.762588456081,439.882117170401,434.95039609004,439.88211427938
1.225,0,0,-0.301047789910349,2.15356065352465e-08,0.999846452953467,-2.19609315652862e-06,0.000236093660573912,0.00166523418123001,-3.6297429351033e-10,0.0199150645710614,-1.5168243975991e-06,444.700427736389,439.882641437147,435.014960402101,439.882638531843
1.226,0,0,-0.301018356406117,2.15172771576884e-08,0.999846113427835,-1.9592417339016e-06,0.000237534423460293,0.00121659894421667,-4.30667701898669e-10,0.0198067103190388,-1.51808121558321e-06,444.638303279588,439.883180158467,435.079499710078,439.88317723876
1.227,0,0,-0.300988728732679,2.14986572376234e-08,0.999845769225677,-1.7211735250124e-06,0.000238527607118645,0.000770208724669625,-4.97681731111735e-10,0.0196970889549838,-1.51932398612903e-06,444.576226333772,439.883733134839,435.144002211326,439.88373020061
1.228,0,0,-0.300958907964054,2.14797488225342e-08,0.999845420392343,-1.48233485406574e-06,0.000239075853550216,0.000326855363618358,-5.64019817311725e-10,0.0195862172548433,-1.52055290344447e-06,444.514207847434,439.88430016571,435.208456415255,439.884297216842
1.229,0,0,-0.30092889518651,2.14605539772378e-08,0.999845066973946,-1.24316900952674e-06,0.000239182589997089,-0.000112682715838541,-6.2968524531863e-10,0.0194741119804953,-1.52176815592318e-06,444.452258475194,439.88488104952,435.27285113723,439.884878085897
1.23,0,0,-0.300898691498404,2.14410747836326e-08,0.99984470901735,-1.00411546580509e-06,0.000238852014877896,-0.00054764179480297,-6.94681145300402e-10,0.019360789876855,-1.52296992591603e-06,444.390388583425,439.885475583727,435.337175492564,439.885472605235
1.231,0,0,-0.300868298010015,2.14213133404448e-08,0.999844346570149,-7.65609119640061e-07,0.000238089082456913,-0.000977274105229015,-7.59010490031078e-10,0.0192462676690587,-1.52415838952284e-06,444.328608255801,439.88608356483,435.401418890616,439.886080571357
1.232,0,0,-0.300837715843382,2.14012717629732e-08,0.999843979680657,-5.28079542432937e-07,0.000236899486287094,-0.00140084903507722,-8.2267609269159e-10,0.0191305620597241,-1.52533371640381e-06,444.26692729875,439.886704788396,435.465571028986,439.886701779832
1.233,0,0,-0.300806946132143,2.1380952182833e-08,0.999843608397886,-2.91950249731818e-07,0.000235289641469454,-0.00181765429018621,-8.85680605199958e-10,0.0190136897262854,-1.52649606960986e-06,444.205355246818,439.887339049093,435.529621887807,439.88733602533
1.234,0,0,-0.300775990021369,2.13603567476995e-08,0.999843232771538,-5.76379890305809e-08,0.000233266665772926,-0.0022269970111732,-9.48026517033654e-10,0.0188956673184018,-1.52764560543135e-06,444.143901367948,439.887986140716,435.593561724138,439.887983101647
1.235,0,0,-0.300744848667401,2.13394876210499e-08,0.999842852851981,1.74447953001279e-07,0.000230838359660469,-0.0026282048437737,-1.00971615454335e-09,0.0187765114554383,-1.52878247326448e-06,444.082574668678,439.888645856217,435.657381066447,439.888642801738
1.236,0,0,-0.300713523237691,2.1318346981905e-08,0.999842468690239,4.03906422787689e-07,0.000228013185268739,-0.00302062696113148,-1.07075168073267e-09,0.0186562387240165,-1.52990681549465e-06,444.021383899246,439.889317987743,435.721070709189,439.889314917752
1.237,0,0,-0.300682014910636,2.12969370245701e-08,0.999842080337971,6.30345050591762e-07,0.000224800244390085,-0.00340363503665242,-1.13113509547701e-09,0.0185348656756353,-1.53101876739634e-06,443.960337558623,439.890002326664,435.784621707477,439.889999241062
1.238,0,0,-0.30065032487542,2.12752599583751e-08,0.999841687847459,8.53380878765514e-07,0.000221209255506943,-0.00377662416613954,-1.19086823615118e-09,0.0184124088243584,-1.53211845704861e-06,443.89944389945,439.890698663611,435.848025371846,439.890695562302
1.239,0,0,-0.30061845433185,2.12533180074138e-08,0.999841291271593,1.07264096658152e-06,0.000217250529929942,-0.00413901373803221,-1.24995277867108e-09,0.0182888846445691,-1.53320600526589e-06,443.838710932913,439.891406788513,435.911273263098,439.891403671401
1.24,0,0,-0.300586404490196,2.12311134102831e-08,0.999840890663849,1.28776297077634e-06,0.000212934947092186,-0.00449024825067849,-1.30839023891404e-09,0.0181643095687901,-1.5342815255432e-06,443.778146433519,439.892126490629,435.974357187248,439.892123357623
1.241,0,0,-0.30055417657103,2.12086484198212e-08,0.999840486078277,1.49839570098857e-06,0.000208273929053138,-0.00482979807567709,-1.36618197449734e-09,0.0180386999855667,-1.53534512401542e-06,443.717757943811,439.892857558591,436.037269190546,439.892854409602
1.242,0,0,-0.300521771805068,2.11859253028454e-08,0.999840077569487,1.70419964932812e-06,0.000203279414266496,-0.00515716016643317,-1.42332918690741e-09,0.0179120722374125,-1.53639689942983e-06,443.657552778993,439.893599780436,436.10000155459,439.893596615381
1.243,0,0,-0.300489191433005,2.116294633989e-08,0.999839665192627,1.90484749336843e-06,0.000197963830667218,-0.00547185871118098,-1.47983292394454e-09,0.0177844426188172,-1.53743694313147e-06,443.597538031485,439.894352943654,436.162546791523,439.89434976245
1.244,0,0,-0.300456436705363,2.11397138249427e-08,0.999839249003372,2.10002457190849e-06,0.000192340068133568,-0.00577344572983458,-1.53569408247143e-09,0.0176558273743138,-1.53846533906071e-06,443.537720575404,439.89511683522,436.224897639309,439.895113637789
1.245,0,0,-0.300423508882327,2.11162300651821e-08,0.999838829057905,2.28942933290784e-06,0.000186421450380614,-0.00606150161413717,-1.59091341145341e-09,0.0175262426966041,-1.5394821637625e-06,443.478107070966,439.895891241638,436.287047057101,439.895888027905
1.246,0,0,-0.300390409233588,2.10924973807133e-08,0.999838405412903,2.47277375305462e-06,0.000180221706342113,-0.00633563561068794,-1.64549151525866e-09,0.017395704724743,-1.54048748640668e-06,443.418703968823,439.896675948981,436.348988220673,439.896672718876
1.247,0,0,-0.300357139038187,2.10685181043046e-08,0.999837978125521,2.64978372848351e-06,0.000173754941098063,-0.00659548624653374,-1.69942885721874e-09,0.0172642295423787,-1.54148136881893e-06,443.359517514319,439.897470742934,436.410714517951,439.897467496391
1.248,0,0,-0.300323699584353,2.1044294581123e-08,0.999837547253372,2.82019943621797e-06,0.000167035606405474,-0.00684072169712102,-1.75272576341596e-09,0.0171318331760477,-1.54246386552177e-06,443.300553751681,439.898275408836,436.472219544607,439.898272145793
1.249,0,0,-0.300290092169355,2.10198291684699e-08,0.999837112854516,2.98377566596897e-06,0.000160078470890045,-0.00707104009651022,-1.80538242669191e-09,0.0169985315935246,-1.54343502378509e-06,443.24181852814,439.899089731719,436.533497099736,439.899086452119
1.25,0,0,-0.300256318099337,2.0995124235517e-08,0.999836674987441,3.14028212197987e-06,0.000152898589956503,-0.00728616978986147,-1.85739891084856e-09,0.016864340702225,-1.54439488368577e-06,443.183317497982,439.899913496357,436.594541181609,439.899910200146
1.251,0,0,-0.300222378689168,2.09701821630408e-08,0.999836233711048,3.28950369466507e-06,0.000145511275475276,-0.0074858695283054,-1.90877515504355e-09,0.0167292763476595,-1.54534347817588e-06,443.125056126532,439.900746487301,436.655345983501,439.900743174432
1.252,0,0,-0.300188275262284,2.09450053431585e-08,0.999835789084637,3.43124070184737e-06,0.000137932065303013,-0.00766992860641698,-1.9595109783508e-09,0.0165933543119398,-1.54628083315895e-06,443.067039694069,439.901588488931,436.715905889593,439.901585159362
1.253,0,0,-0.300154009150538,2.09195961790629e-08,0.999835341167886,3.56530909945674e-06,0.000130176692694203,-0.00783816694261272,-2.00960608446424e-09,0.0164565903123333,-1.54720696757393e-06,443.009273299677,439.902439285494,436.776215470938,439.902435939187
1.254,0,0,-0.30011958169404,2.08939570847576e-08,0.999834890020841,3.69154066160991e-06,0.000122261055660761,-0.00799043510289245,-2.0590600665525e-09,0.0163189999998675,-1.54812189348635e-06,442.951761865036,439.903298661149,436.836269481517,439.903295298072
1.255,0,0,-0.300084994241011,2.08680904847917e-08,0.999834435703896,3.80978313004712e-06,0.000114201186335988,-0.00812661426844628,-2.10787241223696e-09,0.0161805989579813,-1.54902561618618e-06,442.894510138137,439.904166400011,436.896062854343,439.904163020138
1.256,0,0,-0.300050248147625,2.08419988139953e-08,0.999833978277779,3.91990033295822e-06,0.000106013220398743,-0.00824661614774418,-2.15604250867593e-09,0.0160414027012239,-1.54991813429212e-06,442.837522696945,439.905042286196,436.955590697652,439.905038889507
1.257,0,0,-0.300015344777861,2.08156845172146e-08,0.999833517803538,4.02177227328615e-06,9.77133666129808e-05,-0.00835038283382109,-2.20356964774107e-09,0.0159014266739983,-1.55079943986178e-06,442.780803952996,439.905926103863,437.014848291152,439.905922690344
1.258,0,0,-0.29998028550335,2.07891500490465e-08,0.999833054342521,4.11529518665028e-06,8.93178765370827e-05,-0.00843788660756302,-2.25045303128714e-09,0.0157606862493509,-1.5516695185074e-06,442.724358154934,439.906817637259,437.073831082343,439.906814206903
1.259,0,0,-0.299945071703225,2.07623978735746e-08,0.999832587956366,4.2003815690864e-06,8.08430144565304e-05,-0.00850912968789037,-2.2966917764932e-09,0.0156191967278036,-1.5525283495167e-06,442.668189391984,439.907716670765,437.132534682903,439.90771322357
1.26,0,0,-0.299909704763973,2.0735430464104e-08,0.99983211870698,4.27696017485294e-06,7.2305027592539e-05,-0.00856414392982245,-2.3422849212575e-09,0.0154769733362298,-1.55337590597855e-06,442.612301597368,439.908622988936,437.190954865135,439.908619524906
1.261,0,0,-0.299874186079285,2.07082503028973e-08,0.999831646656528,4.34497598460542e-06,6.37201166382439e-05,-0.00860299047149238,-2.38723142963878e-09,0.0153340312267716,-1.55421215491302e-06,442.556698551667,439.909536376547,437.249087558487,439.909532895696
1.262,0,0,-0.299838517049905,2.06808598809098e-08,0.999831171867415,4.40439014429191e-06,5.51044066729211e-05,-0.00862575933126438,-2.4315301973379e-09,0.0151903854757986,-1.55503705740551e-06,442.501383886116,439.910456618637,437.30692884612,439.910453120983
1.263,0,0,-0.29980269908349,2.06532616975257e-08,0.999830694402273,4.45517987517231e-06,4.64739185035294e-05,-0.00863256895618453,-2.47518005720579e-09,0.0150460510829061,-1.55585056874456e-06,442.44636108585,439.911383500552,437.364474961557,439.91137998612
1.264,0,0,-0.299766733594455,2.0625458260294e-08,0.999830214323943,4.49733835541291e-06,3.78445404815925e-05,-0.00862356572307293,-2.51817978476311e-09,0.0149010429699538,-1.55665263856312e-06,442.391633493092,439.912316807986,437.421722285376,439.912313276811
1.265,0,0,-0.299730622003833,2.0597452084665e-08,0.999829731695463,4.53087457375502e-06,2.92320008420967e-05,-0.0085989233936385,-2.56052810372504e-09,0.0147553759801415,-1.55744321098286e-06,442.33720431028,439.913256327029,437.478667341973,439.913252779151
1.266,0,0,-0.299694365739126,2.05692456937267e-08,0.999829246580051,4.55581315580238e-06,2.06518406096597e-05,-0.00855884252506763,-2.60222369153194e-09,0.0146090648771234,-1.55822222476127e-06,442.283076603152,439.914201844206,437.53530679638,439.914198279674
1.267,0,0,-0.299657966234164,2.05408416179417e-08,0.999828759041091,4.57219416351676e-06,1.21193871157445e-05,-0.00850354983760484,-2.64326518485553e-09,0.0144621243441588,-1.55898961344119e-06,442.229253303762,439.91515314652,437.591637451143,439.915149565389
1.268,0,0,-0.299621424928958,2.05122423948846e-08,0.999828269142119,4.58007286855383e-06,3.64972816913979e-06,-0.00843329754070675,-2.68365118508089e-09,0.0143145689832983,-1.5597453055026e-06,442.175737213459,439.916110021494,437.647656243255,439.916106423828
1.269,0,0,-0.29958474326956,2.04834505689792e-08,0.999827776946806,4.57951950011328e-06,-4.74231307968122e-06,-0.00834836261941086,-2.7233802637622e-09,0.014166413314606,-1.56048922451634e-06,442.1225310058,439.917072257216,437.703360241148,439.917068643087
1.27,0,0,-0.29954792270792,2.04544686912364e-08,0.999827282518945,4.5706189680164e-06,-1.30422025413837e-05,-0.00824904608261622,-2.7624509680459e-09,0.0140176717754154,-1.56122128929936e-06,442.069637229422,439.918039642375,437.758746641739,439.918036011862
1.271,0,0,-0.299510964701744,2.04252993189928e-08,0.999826785922437,4.55347056176293e-06,-2.12357188205578e-05,-0.00813567217502646,-2.80086182603745e-09,0.0138683587196191,-1.56194141407159e-06,442.017058310856,439.919011966307,437.813812767531,439.919008319498
1.272,0,0,-0.299473870714354,2.03959450156488e-08,0.999826287221276,4.52818762635494e-06,-2.93089760430265e-05,-0.00800858755455379,-2.83861135212552e-09,0.0137184884169909,-1.56264950861374e-06,441.964796557299,439.919989019032,437.868556063766,439.919985356023
1.273,0,0,-0.29943664221455,2.03664083504082e-08,0.999825786479535,4.49489721571021e-06,-3.72484458440556e-05,-0.00786816043702816,-2.87569805224247e-09,0.0135680750525411,-1.56334547842622e-06,441.91285415933,439.920970591299,437.922974095633,439.920966912194
1.274,0,0,-0.299399280676469,2.03366918980172e-08,0.999825283761352,4.45373972452029e-06,-4.50409784857084e-05,-0.00771477971009678,-2.9121204290527e-09,0.0134171327259014,-1.56402922488866e-06,441.861233193581,439.92195647462,437.977064545525,439.921952779532
1.275,0,0,-0.299361787579448,2.03067982385049e-08,0.999824779130915,4.40486849943915e-06,-5.26738230734954e-05,-0.00754885401823682,-2.94787698707674e-09,0.0132656754507424,-1.56470064541996e-06,441.809935625359,439.922946461313,438.030825210352,439.922942750363
1.276,0,0,-0.299324164407886,2.02767299569231e-08,0.999824272652449,4.34844943051724e-06,-6.01346468444068e-05,-0.00737081082083753,-2.98296623772789e-09,0.0131137171542193,-1.56535963363863e-06,441.758963311226,439.923940344541,438.084253998899,439.923936617858
1.277,0,0,-0.299286412651109,2.02464896430881e-08,0.999823764390203,4.28466052382268e-06,-6.74115535003887e-05,-0.0071810954253377,-3.01738670427897e-09,0.0129612716764477,-1.5660060795232e-06,441.708318001524,439.924937918348,438.137348929237,439.92493417607
1.278,0,0,-0.299248533803237,2.02160798913214e-08,0.999823254408435,4.21369145621642e-06,-7.44931005633208e-05,-0.00698016999743022,-3.05113692673118e-09,0.0128083527700082,-1.56663986957256e-06,441.658001342864,439.925938977699,438.190108126179,439.925935219973
1.279,0,0,-0.299210529363041,2.01855033001924e-08,0.999822742771401,4.13574311327071e-06,-8.13683157295798e-05,-0.00676851255036717,-3.08421546658709e-09,0.012654974099478,-1.56726088696605e-06,441.608014880563,439.926943318518,438.24252981879,439.926939545498
1.28,0,0,-0.29917240083382,2.01547624722606e-08,0.999822229543336,4.05102711134178e-06,-8.80267122043115e-05,-0.00654661591541681,-3.11662091153752e-09,0.0125011492409905,-1.56786901172302e-06,441.55836006104,439.92795073772,438.294612337935,439.927946949571
1.281,0,0,-0.299134149723259,2.01238600138192e-08,0.999821714788447,3.95976530482576e-06,-9.44583029975964e-05,-0.00631498669553792,-3.14835188004523e-09,0.0123468916818212,-1.56846412086188e-06,441.509038234172,439.928961033254,438.346354113883,439.928957230148
1.282,0,0,-0.299095777543304,2.00927985346388e-08,0.999821198570899,3.86218927964419e-06,-0.000100653614166762,-0.00607414420434672,-3.17940702581344e-09,0.0121922148199996,-1.56904608855836e-06,441.4600506556,439.929974004133,438.397753673949,439.929970186251
1.283,0,0,-0.299057285810026,2.00615806477117e-08,0.999820680954797,3.75853983401994e-06,-0.000106603696991178,-0.00582461939245811,-3.20978504215655e-09,0.0120371319639463,-1.56961478630283e-06,441.411398488996,439.930989450472,438.448809640184,439.930985618005
1.284,0,0.546234997982866,-0.299018676043493,2.00302089689977e-08,0.99982016200418,3.64906644761695e-06,-3.62135846438106e-05,0.448868012344862,-3.23948466624307e-09,0.0118816563321353,-1.57017008305664e-06,441.363082808293,439.932007173523,438.499520727111,439.932003326668
1.285,0,0.791871711643797,-0.298980220273643,1.99986861171883e-08,0.999819641777052,3.87087982205559e-06,0.000512945877415432,0.647667021255241,-3.27030489759424e-09,0.0117269600553582,-1.57071662934757e-06,441.536427678516,439.932701263508,438.324558620672,439.932696771799
1.286,0,1.02732895915484,-0.298942176856523,1.99670147131575e-08,0.99981912030178,4.7393904321331e-06,0.00125524962996019,0.834866087203851,-3.30397418674301e-09,0.0115741114519477,-1.5712659366404e-06,441.802583147259,439.933280818283,438.052890952459,439.933275412514
1.287,0,1.25087533520152,-0.298904704165805,1.99351973791775e-08,0.999818597569366,6.44165862820557e-06,0.0021782530910439,1.00880387427245,-3.34164166287291e-09,0.0114237154788083,-1.57183957865085e-06,442.154204135537,439.933763316456,437.690834510109,439.933756745255
1.288,0,1.46093922139265,-0.298867952619971,1.99032367384784e-08,0.999818073527177,9.15149795461275e-06,0.0032679360702808,1.16799224420761,-3.38452973993336e-09,0.0112763188763028,-1.57247351084934e-06,442.583537640786,439.934165745687,437.245351079159,439.934157776703
1.289,0,1.65611902336575,-0.298832063629804,1.98711354149307e-08,0.999817548074229,1.30279878022342e-05,0.00450888086950571,1.31112573313897,-3.43394628516639e-09,0.01113240768334,-1.57322007995622e-06,443.08250992441,439.934504448398,436.723978269539,439.934494869207
1.29,0,1.83519152189366,-0.298797168659698,1.98388960328502e-08,0.999817021059622,1.821416856909e-05,0.00588445886663383,1.43708903720171,-3.49128383275187e-09,0.010992405371136,-1.57414885306324e-06,443.642810820612,439.934794993722,436.134753797719,439.934783612487
1.291,0,1.9971183128823,-0.298763388408344,1.98065212169618e-08,0.999816492283884,2.48359268133918e-05,0.00737702358268874,1.54496249241714,-3.5580078282766e-09,0.0108566715950877,-1.57534635481966e-06,444.255974725323,439.93505207499,435.486133773416,439.935038720926
1.292,0,2.14105032964134,-0.298730832113127,1.97740135925558e-08,0.999815961502891,3.30010758793088e-05,0.00896810822693355,1.63402555331971,-3.63563604361167e-09,0.0107255015582845,-1.5769148311762e-06,444.91345793788,439.935289431498,434.786905723688,439.935273955162
1.293,0,2.26633045882296,-0.298699596981254,1.97413757858598e-08,0.999815428433988,4.2798635476009e-05,0.0106386257288476,1.70375829335798,-3.72571135305795e-09,0.0105991259745178,-1.57897018254304e-06,445.606712121776,439.935519792762,434.046097275533,439.935502066206
1.294,0,2.37249427874452,-0.29866976774936,1.97086104246365e-08,0.999814892763873,5.42983117137867e-05,0.0123690692976659,1.75384096783516,-3.82977002441689e-09,0.0104777116132916,-1.5816392273855e-06,446.327253726285,439.935754843116,433.272881600573,439.935734759916
1.295,0,2.45926896544006,-0.298641416372095,1.96757201390102e-08,0.999814354157775,6.75501771650451e-05,0.0141397115994926,1.78415169706921,-3.9493075686392e-09,0.0103613624043364,-1.58505646893694e-06,447.066729269742,439.936005204218,432.47648089083,439.935982679387
1.296,0,2.52657042743305,-0.298614601838952,1.96427075625081e-08,0.99981381226945,8.2584548639439e-05,0.0159308007076877,1.79476234327836,-4.0857440245999e-09,0.0102501210745265,-1.5893605427377e-06,447.816976430028,439.936280432839,431.666069271259,439.936255402634
1.297,0,2.57449874493517,-0.298589370117428,1.96095753332985e-08,0.999813266751528,9.94120585574438e-05,0.017722751063208,1.78593266945858,-4.24039034640809e-09,0.0101439712859443,-1.59469052121177e-06,448.570080920123,439.936589031298,430.850676651876,439.936561452918
1.298,0,2.60333200273584,-0.298565754219463,1.95763260955959e-08,0.999812717265748,0.000118023914089735,0.0194963277767035,1.75810288201498,-4.41441732330978e-09,0.010042840240134,-1.60118224379006e-06,449.318429148409,439.936938467897,430.039095070885,439.936908319072
1.299,0,2.61351861844508,-0.298543774387018,1.95429625012033e-08,0.999812163492669,0.000138392336614534,0.0212328227121511,1.71188467112274,-4.60882820883128e-09,0.00994660171037788,-1.60896482771888e-06,450.05475667644,439.937335204879,429.23978907411,439.937302483347
1.3,0,2.60566827888184,-0.298523438391677,1.95094872111561e-08,0.999811605140502,0.000160471172543715,0.0229142209113132,1.64805087362493,-4.82443597670927e-09,0.00985507946110553,-1.61815749639543e-06,450.772192492668,439.937784731625,428.460811612799,439.937749454488
1.301,0,2.58054160720682,-0.298504741942189,1.94759028974375e-08,0.999811041952734,0.000184196665191775,0.0245233560479435,1.56752389267466,-5.06184586478897e-09,0.00976805101131792,-1.62886683976631e-06,451.464299120587,439.938291601092,427.70972682294,439.938253804054
1.302,0,2.53903869184919,-0.298487669193044,1.94422122447368e-08,0.999810473714327,0.000209488376119204,0.0260440537389544,1.47136301626624,-5.32144362124949e-09,0.00968525169716178,-1.64118459606333e-06,452.125108575198,439.93885946781,426.993540880286,439.938819204287
1.303,0,2.48218661532474,-0.298472193346394,1.94084179522286e-08,0.999809900256309,0.000236250243281185,0.0274612616852542,1.36075078323591,-5.60338963532616e-09,0.00960637898751653,-1.65518601707315e-06,452.749154173775,439.939491126107,426.318641915203,439.939448466231
1.304,0,2.41112612666084,-0.298458277338982,1.93745227353587e-08,0.999809321458684,0.000264371762360446,0.0287611657661252,1.23697855022863,-5.9076189211322e-09,0.00953109700563274,-1.67092885141619e-06,453.331498196751,439.940188547641,425.690749731908,439.940143577134
1.305,0,2.32709760533061,-0.298445874605148,1.93405293276299e-08,0.999808737251619,0.000293729276864362,0.0299312913663359,1.10143141652748,-6.23384673101727e-09,0.0094590412094702,-1.6884529530888e-06,453.867755383101,439.940952917614,425.114875820815,439.940905736564
1.306,0,2.2314264673438,-0.298434929906526,1.93064404823888e-08,0.999808147614984,0.000324187361924369,0.0309605893731475,0.955572665527016,-6.58157940611952e-09,0.00938982318340129,-1.70778049686596e-06,454.354112232946,439.941784669463,424.595293893825,439.941735390992
1.307,0,2.12550816545881,-0.298425380218647,1.92722589746223e-08,0.99980755257634,0.000355600286252479,0.031839506439474,0.800927882024723,-6.95012992791332e-09,0.00932303549434896,-1.7289167590015e-06,454.787342079087,439.942683518096,424.135520923127,439.942632266941
1.308,0,2.01079293536975,-0.298417155664426,1.92379876027772e-08,0.99980695220754,0.000387813536385392,0.0325600392682081,0.639068903419491,-7.33863751673232e-09,0.00925825656619832,-1.75185140176523e-06,455.164815879868,439.943648492017,423.738308434964,439.943595403032
1.309,0,1.88877043824046,-0.298410180484309,1.92036291906236e-08,0.999806346620174,0.000420665387180385,0.0331157728296813,0.471597760406198,-7.74609053213041e-09,0.00919505552743523,-1.77656018429483e-06,455.484508678977,439.944677964911,423.405643609347,439.944623181498
1.31,0,1.76095444712039,-0.298404374032803,1.9169186589182e-08,0.999805735960064,0.000453988502516364,0.0335019025779862,0.300130758873798,-8.17135186609888e-09,0.00913299698840803,-1.80300701038198e-06,455.745001674602,439.945769687404,423.138759570109,439.945713359882
1.311,0,1.62886772063184,-0.298399651791146,1.91346626787394e-08,0.999805120401102,0.000487611550294197,0.0337152408811027,0.126282849509478,-8.61318598391914e-09,0.00907164570636263,-1.83114621632207e-06,455.945479841554,439.946920819806,422.93815411993,439.946863103738
1.312,0,1.49402720195042,-0.298395926385978,1.91000603709745e-08,0.999804500138684,0.000521360816117632,0.0337542080231522,-0.0483475748218335,-9.07028675864781e-09,0.0090105710984521,-1.86092499880536e-06,456.08572505661,439.94812796666,422.803616082177,439.948069021139
1.313,0,1.35792967454213,-0.298393108604124,1.90653826112165e-08,0.999803875383006,0.000555061800463247,0.0336188082734654,-0.222193321465496,-9.54130526340882e-09,0.00894935156525389,-1.89228588381324e-06,456.166104690073,439.949387213916,422.734258353639,439.949327199819
1.314,0,1.22203799849142,-0.298391108393868,1.90306323808517e-08,0.999803246352481,0.000588540784707384,0.033310591645354,-0.393732356340892,-1.00248767298412e-08,0.00888757858992663,-1.92516914225866e-06,456.187555646347,439.950694169406,422.728556746312,439.95063324763
1.315,0,1.08776804260642,-0.298389835843531,1.89958126998957e-08,0.999802613267514,0.000621626352061216,0.0328326020865221,-0.561500964138766,-1.05196459494669e-08,0.00882486058098611,-1.95951506620751e-06,456.151563863522,439.952044007201,422.784393697607,439.951982336881
1.316,0,0.956476417959336,-0.298389202128582,1.89609266297403e-08,0.999801976344822,0.000654150850262429,0.032189312952016,-0.724106006701834,-1.10242904849447e-08,0.00876082642975824,-1.99526603038638e-06,456.060139317159,439.953431516218,422.899105951964,439.953369252951
1.317,0,0.829449108185486,-0.298389120419096,1.89259772760809e-08,0.999801335792488,0.000685951783772835,0.0313865507086961,-0.880236187182588,-1.15375411670336e-08,0.00869512875685271,-2.03236827670868e-06,455.915786616499,439.954851153256,423.069535357764,439.954788447322
1.318,0,0.707891080858774,-0.298389506739932,1.88909677920274e-08,0.999800691805862,0.000716873124224487,0.0304314079067338,-1.02867223942992,-1.20581994765364e-08,0.00862744682546958,-2.07077337409647e-06,455.72147133214,439.956297100396,423.292081976809,439.956234095
1.319,0,0.592916952704312,-0.298390280776695,1.88559013813962e-08,0.999800044564406,0.000746766528930609,0.0293321465280571,-1.16829597439976,-1.25851515438169e-08,0.00855748910297319,-2.11043932129161e-06,455.480582251937,439.957763326476,423.562758765282,439.957700156022
1.32,0,0.485542769425973,-0.298391366621231,1.88207813021791e-08,0.999799394229529,0.000775492458419553,0.0280980928835372,-1.29809812808291,-1.31173786365299e-08,0.00848499545591014,-2.15133127600788e-06,455.196889825458,439.959243652129,423.877247151113,439.95918044053
1.321,0,0.386678948635305,-0.29839269345115,1.87856108701786e-08,0.99979874094342,0.000802921185147405,0.0267395252797744,-1.4171849683719,-1.36539641433361e-08,0.00840973896747549,-2.1934219090813e-06,454.874501125134,439.960731817637,424.230952900205,439.960668676695
1.322,0,0.297124421928382,-0.298394196138673,1.87503934628013e-08,0.999798084828837,0.000828933686784861,0.0252675557124123,-1.52478363128938,-1.41940971918659e-08,0.00833152737030462,-2.23669139668601e-06,454.517811722084,439.962221552706,424.619061730405,439.962158580566
1.323,0,0.217561999660072,-0.298395815784863,1.87151325229946e-08,0.999797425989792,0.000853422418743488,0.0236940068659974,-1.62024616997297,-1.47370731577095e-08,0.0082502040913465,-2.28112707672009e-06,454.131454944084,439.96370664708,425.036594195815,439.963643926776
1.324,0,0.148554969586612,-0.29839750017617,1.86798315633111e-08,0.999796764513046,0.000876291961892739,0.0220312857105959,-1.70305231258714,-1.52822914226012e-08,0.00816564890941521,-2.32672280672789e-06,453.720249049367,439.965181020811,425.478459423621,439.965118618935
1.325,0,0.0905449283528175,-0.298399204160985,1.86444941700836e-08,0.999796100470258,0.000897459542709059,0.0202922549829273,-1.7728109378352,-1.58292508201865e-08,0.00807777822977892,-2.37347806989591e-06,453.289142909854,439.966638792943,425.939507340393,439.966576758448
1.326,0,0.0438508329840639,-0.298400889944787,1.86091240076909e-08,0.999795433920691,0.000916855424379835,0.018490103825039,-1.82926028879337,-1.63775432636376e-08,0.00798654498378566,-2.42139688251218e-06,452.843160848073,439.968074347332,426.414579074275,439.968012710488
1.327,0,0.00866924812979493,-0.298402527303224,1.85737248228923e-08,0.999794764914291,0.00093442316864566,0.0166382188269951,-1.8722669573455,-1.69268460790411e-08,0.00789193816500558,-2.47048656068329e-06,452.387347310381,439.969482394343,426.898555263518,439.969421165878
1.328,0,0,-0.298404094730244,1.8538300449205e-08,0.999794093494986,0.000950121036363576,0.0147546574541588,-1.88943514120814,-1.74769242430207e-08,0.00779398634825542,-2.52075642686112e-06,451.926712082882,439.970858027257,427.386402040576,439.970797197683
1.329,0,0,-0.29840558574396,1.85028548112893e-08,0.999793419704754,0.000963929764668267,0.0128617344521999,-1.89582191308049,-1.80276860596689e-08,0.00769278291352923,-2.5722163330738e-06,451.472229041331,439.972190749737,427.867208931303,439.972130261351
1.33,0,0,-0.298407001336202,1.84673919292844e-08,0.999792743589379,0.000975842964638107,0.010964187592654,-1.8986873110964,-1.85790876603441e-08,0.00758845153842645,-2.62487422472272e-06,451.027356716064,439.973478286517,428.337566366547,439.973418066197
1.331,0,0,-0.298408342529433,1.84319159230711e-08,0.999792065200873,0.000985857768388471,0.0090655238542511,-1.89806114725471,-1.91310473881182e-08,0.00748111341075598,-2.67873502973334e-06,450.591934941992,439.974722038859,428.797660168605,439.974662014444
1.332,0,0,-0.298409610375566,1.83964310164564e-08,0.999791384597389,0.000993974799090409,0.0071692173578,-1.89397930524375,-1.96834469600373e-08,0.00737088711561544,-2.73380069819628e-06,450.165805787898,439.975923367697,429.247673219558,439.975863468107
1.333,0,0.0318291742185806,-0.298410805954801,1.83609415412641e-08,0.999790701842748,0.00100019813509745,0.0052831356556876,-1.86000362572005,-2.0236134169062e-08,0.00725788867992712,-2.79007039436144e-06,449.748813529553,439.977083594176,429.687785502714,439.977023749527
1.334,0.00523693919824501,0.0725244398482093,-0.298411948791876,1.83254519413152e-08,0.999790017007256,0.00100455820791115,0.00344438549757255,-1.81569686960599,-2.07891375906691e-08,0.00714230931739058,-2.84754059716274e-06,449.353691088813,439.978191802342,430.105416262023,439.978131878955
1.335,0.0130950168947067,0.122338797748949,-0.298413070459228,1.82899667762112e-08,0.999789330172225,0.00100710345477755,0.0016552210134577,-1.76095954576929,-2.13425841077328e-08,0.00702438594743547,-2.90620321178176e-06,448.980537733125,439.979267360983,430.500521216778,439.979207216971
1.336,0.0209545673165378,0.180552564303858,-0.298414205281735,1.82544907248472e-08,0.999788641430904,0.00100788854613696,-7.43215267893064e-05,-1.69659198239666,-2.18965952283721e-08,0.00690436100608707,-2.96604522017731e-06,448.63103241139,439.9803181131,430.871462455671,439.980257593321
1.337,0.0288136386204424,0.246378637156292,-0.298415393200653,1.82190285886311e-08,0.999787950888467,0.00100697777720087,-0.00173503975715423,-1.62345999633314,-2.24513263960943e-08,0.00678249417552561,-3.02704888366709e-06,448.308007426369,439.981341870801,431.215423568111,439.98128080385
1.338,0.0366702732495288,0.31897192418681,-0.298416679246878,1.81835852943615e-08,0.99978725866195,0.00100444420297641,-0.00331862568746474,-1.54248484509309,-2.30069654616532e-08,0.00665905944520308,-3.08919174583794e-06,448.013881067874,439.982336983142,431.529978844432,439.982275182859
1.339,0.0445225084140547,0.397438930357349,-0.298418112975399,1.81481658967246e-08,0.999786564879772,0.00100036871785933,-0.00481771607050735,-1.45463304673924,-2.35637313037397e-08,0.00653434205131683,-3.15244677087853e-06,447.750644744174,439.983302309936,431.813105178183,439.9832395771
1.34,0.0523683765761268,0.480847544209765,-0.298419747867408,1.81127755803753e-08,0.999785869680793,0.000994839089978675,-0.00622593250712559,-1.36090605304818,-2.41218728695967e-08,0.00640863539374808,-3.21678265677385e-06,447.519855409703,439.984237189819,432.063190461838,439.984173313999
1.341,0.0602059059381819,0.568236925905642,-0.298421640706571,1.80774196615738e-08,0.999785173213006,0.00098794896061141,-0.00753791119357,-1.26232987759718,-2.4681668366847e-08,0.00628223796086075,-3.2821642977658e-06,447.322633145932,439.985141403509,432.279038462431,439.98507616506
1.342,0.0680331209351869,0.658627400512983,-0.298423850936115,1.8042103589351e-08,0.999784475631913,0.000979796819030712,-0.00874932231586236,-1.1599447779702,-2.52434243359929e-08,0.00615545029156676,-3.34855336592394e-06,447.159663677662,439.986015133261,432.459870175681,439.985948305438
1.343,0.0758480427304136,0.751030262957683,-0.298426440003323,1.80068329461865e-08,0.999783777098693,0.000970484963097685,-0.00985687919353473,-1.05479508794567,-2.58074743480445e-08,0.00602857200282037,-3.41590897867991e-06,447.031205543457,439.986858919539,432.605321671072,439.986790270716
1.344,0.083648689714697,0.844457404539515,-0.298429470698017,1.79716134481856e-08,0.99978307777824,0.000960118455756651,-0.0108583373689743,-0.947919291414521,-2.63741771013543e-08,0.00590189890922728,-3.48418841777672e-06,446.937101587212,439.987673615942,432.715438456454,439.987602911909
1.345,0.0914330780090491,0.937930675168498,-0.298433006491449,1.79364509447513e-08,0.999782377837174,0.000948804087352833,-0.0117524839279732,-0.84034042489338,-2.69439137332018e-08,0.00577572025976761,-3.55334786522379e-06,446.876794398032,439.988460343373,432.790666409335,439.988387349693
1.346,0.0991992219705212,1.03049090038577,-0.298437110881884,1.79013514177537e-08,0.999781677441897,0.000936649353363142,-0.0125391174212297,-0.733056889965325,-2.75170842117191e-08,0.00565031611475826,-3.62334312342709e-06,446.849345297515,439.989220444404,432.831839343392,439.989144928808
1.347,0.106945134701171,1.12120647777978,-0.298441846752894,1.78663209802058e-08,0.999780976756786,0.000923761456721343,-0.0132190188348532,-0.627033750824113,-2.80941027291066e-08,0.00552595488414555,-3.69413028952682e-06,446.853456456252,439.989955438687,432.840163302883,439.989877173483
1.348,0.114668828560072,1.20918148347779,-0.298447275750118,1.78313658744618e-08,0.999780275942585,0.000910246343434333,-0.0137939141298068,-0.523194585433385,-2.86753920742281e-08,0.00540289104604678,-3.76566635792991e-06,446.887495713997,439.990666980166,432.817197704529,439.990585744651
1.349,0.12236831567815,1.29356322594532,-0.298453457681911,1.77964924699607e-08,0.999779575155047,0.000896207779633253,-0.014266428935203,-0.422413951687837,-2.92613770186904e-08,0.00528136306217634,-3.83790972984582e-06,446.949523679228,439.991356816748,432.764833475976,439.99127239959
1.35,0.130041608475829,1.37354919126617,-0.298460449948938,1.77617072605417e-08,0.999778874543881,0.000881746477588765,-0.0146400360380469,-0.325510522477129,-2.98524768025127e-08,0.00516159150442255,-3.91082061407872e-06,447.037322692303,439.992026752935,432.685268371535,439.991938954514
1.351,0.137686720183269,1.44839333132865,-0.298468307007349,1.77270168613647e-08,0.99977817425201,0.000866959277551594,-0.0149189963620448,-0.233240935783599,-3.04490968513334e-08,0.00504377740441188,-3.98436130914225e-06,447.148427250856,439.99267861581,432.58097967922,439.992587250497
1.352,0.145301665363135,1.51741165385534,-0.298477079869761,1.76924280054712e-08,0.999777474415169,0.000851938391565039,-0.0151082941702596,-0.146294397953862,-3.10516198950723e-08,0.0049281008354321,-4.05849636269145e-06,447.280155515032,439.993314224637,432.454694567217,439.993219122981
1.353,0.152884460435718,1.57998708087187,-0.298486815647756,1.7657947540024e-08,0.999776775161823,0.000836770714643683,-0.0152135672604799,-0.065288070182062,-3.16603966869975e-08,0.00481471973361043,-4.13319261006517e-06,447.429641532435,439.993935364184,432.309358352007,439.993836375002
1.354,0.160433124206323,1.63557354997064,-0.298497557139182,1.7623582422268e-08,0.999776076613393,0.000821537207929998,-0.0152410329481347,0.00923673991855112,-3.22757365417047e-08,0.00470376896278015,-4.20841909917456e-06,447.593867847099,439.994543761806,432.148101003317,439.994440754146
1.355,0.167945678394741,1.6836993404976,-0.298509342462958,1.7589339715251e-08,0.999775378884755,0.000806312357636123,-0.015197410649387,0.0768175679089761,-3.28978979206315e-08,0.00459535962504365,-4.28414691385731e-06,447.769698182442,439.995141068163,431.974202231784,439.995033933122
1.356,0.175420148166739,1.72396961451482,-0.298522204743648,1.75552265833483e-08,0.999774682084966,0.00079116371275994,-0.0150898418867617,0.137072957570077,-3.35270792947953e-08,0.00448957861667182,-4.36034891197114e-06,447.953909914145,439.995728841388,431.791055532353,439.995617493772
1.357,0.182854562667339,1.75606816998534,-0.298536171847469,1.75212502876319e-08,0.999773986318163,0.000776151503740664,-0.0149258085414299,0.189703803544194,-3.41634105073969e-08,0.0043864884266905,-4.43699939779006e-06,448.143226074576,439.996308534441,431.60213157894,439.996192914243
1.358,0.190246955555863,1.77975841103716,-0.298551266170928,1.7487418181123e-08,0.999773291684588,0.000761328343397428,-0.0147130501702902,0.234493881338587,-3.4806944844716e-08,0.00428612717331331,-4.51407375059566e-06,448.334346655245,439.996881485314,431.410941382425,439.996761558992
1.359,0.197595365542486,1.79488354732204,-0.298567504482717,1.74537377039679e-08,0.999772598281657,0.000746739010682275,-0.0144594811925422,0.271309581776284,-3.54576520036506e-08,0.00418850887130274,-4.5915480326699e-06,448.523978997338,439.997448909711,431.220999633865,439.997324671256
1.36,0.204897836926275,1.80136604134766,-0.298584897819015,1.74202163785726e-08,0.999771906205029,0.000732420316984038,-0.0141731087298373,0.300098873950684,-3.61154121196387e-08,0.00409362392139437,-4.6693986001819e-06,448.708867082529,439.998011895823,431.035788656892,439.997883367602
1.361,0.21215242013446,1.79920632913433,-0.298603451431811,1.73868618047296e-08,0.999771215549599,0.000718401053948605,-0.0138619518567353,0.320889527273521,-3.67800109908629e-08,0.00400143981111472,-4.74760173974744e-06,448.885819556694,439.998571400802,430.858723387302,439.998438634158
1.362,0.219357172262895,1.78848084565595,-0.2986231647894,1.73536816547702e-08,0.999770526410371,0.000704702021040703,-0.0135339629845105,0.333786629317109,-3.74511366046208e-08,0.00391190201467354,-4.82613335179193e-06,449.051736337875,439.999128248541,430.693117783507,439.998991324145
1.363,0.226510157617475,1.76933939213286,-0.298644031627722,1.73206836687682e-08,0.999769838883154,0.000691336130368555,-0.0131969520618215,0.338969441719916,-3.81283770410068e-08,0.00382493507812517,-4.90496869936511e-06,449.203633676893,439.999683128421,430.542153049034,439.999542156371
1.364,0.233609448256463,1.74200188740361,-0.298666040050785,1.72878756498237e-08,0.999769153065035,0.000678308585631292,-0.012858514230913,0.3366876414881,-3.88112197981552e-08,0.00374044387467858,-4.98408223786845e-06,449.338667554342,440.000236594716,430.408848018048,440.000091714366
1.365,0.240653124533454,1.7067545502011,-0.298689172677997,1.72552654594485e-08,0.999768469054614,0.000665617131434737,-0.0125259615284012,0.327256999487911,-3.9499052553237e-08,0.00365831501389666,-5.06344753741418e-06,449.454155311629,440.000789066379,430.29603201777,440.000640445913
1.366,0.247639275640974,1.66394556323676,-0.298713406835848,1.72228610130746e-08,0.999767786951961,0.000653252368658709,-0.0122062591659106,0.31105455181544,-4.01911653447984e-08,0.00357841838756728,-5.14303730540615e-06,449.547595426223,440.001340827035,430.206320478719,440.001188662771
1.367,0.254566000154426,1.61398027346987,-0.298738714791036,1.71906702757028e-08,0.9997671068583,0.000641198131052148,-0.0119059668684589,0.288513322980539,-4.08867541352434e-08,0.00350060883425141,-5.22282351259273e-06,449.616685352735,440.001892025016,430.142093516164,440.001736540452
1.368,0.261431406576341,1.55731598584458,-0.298765064021838,1.71587012577069e-08,0.999766428875422,0.000629431917784375,-0.0116311856881814,0.260116662480943,-4.15849256877372e-08,0.00342472790392039,-5.3027776214667e-06,449.659337361889,440.002442673389,430.105477655545,440.002284117999
1.369,0.268233613880713,1.49445641006361,-0.298792417524222,1.71269620108055e-08,0.999765753104826,0.000617925376294393,-0.0113875106483625,0.226392258330245,-4.22847036697435e-08,0.00335060570368179,-5.38287091164771e-06,449.673692319319,440.002992649952,430.098330822307,440.002831297734
1.37,0.274970752057302,1.42594582164916,-0.298820734148996,1.70954606242119e-08,0.99976507964664,0.000606644829457155,-0.0111799895084488,0.187905892454004,-4.2985035875991e-08,0.00327806280536093,-5.463074892937e-06,449.658131355494,440.003541697252,430.122230664122,440.003377845048
1.371,0.281640962655732,1.35236299961101,-0.298849968966087,1.70642052209681e-08,0.999764408598329,0.000595551840827701,-0.0110130878753946,0.145255003578998,-4.36848024470499e-08,0.00320691219564908,-5.54336179322217e-06,449.611285387255,440.004089422714,430.178466222229,440.00392338831
1.372,0.28824239932925,1.27431500350839,-0.298880073651878,1.70332039544684e-08,0.999763740053249,0.000584603811531521,-0.0108906608209755,0.0990621233256243,-4.43828249458933e-08,0.00313696124964473,-5.62370510544815e-06,449.532042460772,440.004635299037,430.268032919886,440.004467419067
1.373,0.294773228377958,1.19243085255793,-0.298910996895457,1.70024650051743e-08,0.999763074099089,0.000573754602242698,-0.0108159310992077,0.0499682506787349,-4.50778761440448e-08,0.00306801370889737,-5.7040801755523e-06,449.419552895211,440.005178665009,430.3916307907,440.005009292682
1.374,0.301231629291401,1.10735516872414,-0.298942684819534,1.69719965775208e-08,0.999762410816254,0.000562955173629643,-0.0107914739933555,-0.00137377111734283,-4.57686903611012e-08,0.00299987164550586,-5.78446481164791e-06,449.273232216511,440.005718726956,430.549665828842,440.005548229621
1.375,0.307615795290313,1.01974184445708,-0.298975081411784,1.69418068970117e-08,0.999761750276245,0.000552154238650519,-0.0108192087587619,-0.0543058128907625,-4.64539741967442e-08,0.00293233739441999,-5.86483989386806e-06,449.092761881394,440.006254561,430.742254307326,440.006083317583
1.376,0.313923933867403,0.93024779392425,-0.299008128962362,1.69119042074988e-08,0.999761092540086,0.000541298920145058,-0.0109003965664699,-0.1081708929977,-4.71324174927341e-08,0.00286521543683551,-5.9451899641549e-06,448.878087803328,440.006785116347,430.969229880188,440.006613514677
1.377,0.320154267326978,0.839526844276743,-0.299041768503427,1.6882296768639e-08,0.999760437656868,0.000530335407294088,-0.0110356447938295,-0.162319428536913,-4.78027043638805e-08,0.00279831421845102,-6.02550377587827e-06,448.62941670475,440.007309219772,431.230153259528,440.00713765383
1.378,0.326305033323288,0.748223820674167,-0.299075940246576,1.68529928535218e-08,0.999759785662429,0.000519209604700086,-0.0112249174524949,-0.216115250196735,-4.84635241415579e-08,0.00273144788735947,-6.10577478444587e-06,448.347210333472,440.007825581467,431.524324239067,440.007654448576
1.379,0.332374485397392,0.656968875588827,-0.299110584014233,1.68240007464559e-08,0.999759136578253,0.000507867768078128,-0.0114675514918773,-0.268941330233773,-4.9113582080782e-08,0.00266443793746792,-6.18600156195704e-06,448.032177595868,440.00833280236,431.850795821871,440.008162500359
1.38,0.33836089351241,0.566372109256814,-0.299145639661201,1.67953287409054e-08,0.999758490410594,0.00049625712083313,-0.0117622786676103,-0.32020517713729,-4.97516096920586e-08,0.0025971147445634,-6.26618812136885e-06,447.685264675207,440.008829383012,432.20839020082,440.008660307426
1.381,0.34426254458699,0.477018524186781,-0.299181047482777,1.67669851375624e-08,0.999757847149879,0.000484326446132233,-0.0121072526202897,-0.369343854883879,-5.03763745719029e-08,0.00252931898345942,-6.34634413848591e-06,447.307643220111,440.009313734091,432.595716335884,440.009146275338
1.382,0.350077743026819,0.38946335233319,-0.299216748606051,1.67389782425437e-08,0.999757206770394,0.000472026649456199,-0.0125000807699668,-0.415828589359037,-5.09866896205664e-08,0.00246090291605252,-6.42648506324506e-06,446.900696705588,440.009784188438,433.011188871787,440.009618729096
1.383,0.35580481125402,0.304227789011774,-0.299252685361268,1.67113163656984e-08,0.999756569230287,0.000459311287026119,-0.012937860596877,-0.459168929402637,-5.15814215519506e-08,0.00239173154157766,-6.5066321151264e-06,446.466005087021,440.010239014624,433.453048142596,440.010075926793
1.384,0.361442090234298,0.22179516367909,-0.299288801630401,1.66840078190104e-08,0.999755934471871,0.000446137055946726,-0.0134172198486513,-0.498916434349909,-5.21594986165166e-08,0.00232168360157368,-6.58681216068231e-06,446.005334425931,440.010676417414,433.919374669954,440.010516060147
1.385,0.366987940001598,0.142607572150197,-0.299325043170362,1.66570609150837e-08,0.999755302422249,0.000432464242380643,-0.013934360188646,-0.534667865686221,-5.27199174718978e-08,0.00225065243285754,-6.66705747381177e-06,445.520616501501,440.01109456022,434.408112736623,440.010937277115
1.386,0.372440740180209,0.0670629882731615,-0.299361357908619,1.66304839656941e-08,0.999754672994223,0.000418257124563256,-0.0144851037811949,-0.566067866993052,-5.32617491614414e-08,0.00217854666473433,-6.74740538389268e-06,445.013924065577,440.011491594341,434.917097259621,440.011337711325
1.387,0.377798890504047,0,-0.299397696209262,1.66042852803936e-08,0.999754046087484,0.000403484327979174,-0.0150643232110684,-0.589078035851134,-5.37841441824275e-08,0.00210529075891845,-6.82789782072483e-06,444.487450189904,440.011865676816,435.444075771207,440.011715500132
1.388,0.38306081133304,0,-0.299434020695863,1.65784731651596e-08,0.999753421590284,0.00038813108157161,-0.0156365256156375,-0.555208393391576,-5.42866094783292e-08,0.00203086529454022,-6.90858121501609e-06,443.94531394911,440.012214210232,435.985000132323,440.012068002147
1.389,0.388224944166382,0,-0.299470325262658,1.65530559211783e-08,0.999752799385423,0.000372222683087686,-0.0161745147654778,-0.520663104672647,-5.47695475846224e-08,0.00195538416603667,-6.98950529350679e-06,443.415473658979,440.01252486027,436.513349656403,440.012382542186
1.39,0.393289752152529,0,-0.299506610650134,1.65280418438241e-08,0.999752179365083,0.000355793672002472,-0.0166776498398235,-0.485511900272964,-5.52335359086676e-08,0.00187898768462177,-7.07071605441471e-06,442.897789369463,440.012797713869,437.029284460105,440.012659209847
1.391,0.398253720595748,0,-0.299542877607723,1.65034392209354e-08,0.999751561433685,0.000338879193672452,-0.0171453599651698,-0.449824922081131,-5.56791255152112e-08,0.00180181290330985,-7.15225428323539e-06,442.392122865372,440.013032921975,437.532962473769,440.012898158717
1.392,0.403115357459075,0,-0.299579126892457,1.64792563307154e-08,0.999750945507129,0.00032151492920464,-0.0175771445605129,-0.413672591270044,-5.61068431391999e-08,0.00172399365606766,-7.23415583897015e-06,441.898337625205,440.01323069779,438.024539480257,440.013099604628
1.393,0.407873193863481,0,-0.299615359267661,1.64555014394048e-08,0.999750331512063,0.00030373702504635,-0.0179725735509468,-0.377125477075508,-5.65171931343061e-08,0.00164566059647423,-7.31645192861253e-06,441.416298780654,440.013391315014,438.504169153476,440.013263823902
1.394,0.412525784583122,0,-0.299651575501672,1.64321827987313e-08,0.999749719385185,0.000285582022426815,-0.0183312874505377,-0.34025416661045,-5.69106593531978e-08,0.00156694123589824,-7.39916937031265e-06,440.945873076765,440.01351510607,438.972003096593,440.01339115158
1.395,0.417071708536462,0,-0.299687776366597,1.6409308643139e-08,0.99974910907258,0.000267086786780816,-0.0186529973156249,-0.303129135941912,-5.72877069562921e-08,0.00148795998120185,-7.48233084562532e-06,440.486928832765,440.01360246032,439.428190879909,440.013481979637
1.396,0.421509569273138,0,-0.299723962637089,1.63868871868011e-08,0.999748500529085,0.000248288437283246,-0.0189374845699234,-0.265820622653384,-5.76487841462991e-08,0.00140883817198037,-7.56595514123372e-06,440.039335903526,440.01365382226,439.872880078404,440.013536755178
1.397,0.425837995456373,0,-0.299760135089166,1.63649266204192e-08,0.99974789371769,0.000229224276622008,-0.0191846007030218,-0.22839850011013,-5.79943238265136e-08,0.00132969411734672,-7.65005738052735e-06,439.602965641674,440.013669689705,440.306216308932,440.013555978621
1.398,0.43005564134079,0,-0.299796294499049,1.63434351078121e-08,0.999747288608961,0.000209931721134968,-0.0193942668440868,-0.190932153639907,-5.83247451813239e-08,0.00125064313226969,-7.73464924540001e-06,439.177690860321,440.013650611953,440.728343267065,440.013540201855
1.399,0.434161187245446,0,-0.299832441642036,1.63224207822967e-08,0.999746685180493,0.000190448231434777,-0.0195664732127911,-0.153490358835846,-5.86404551778488e-08,0.00117179757347485,-7.8197391886212e-06,438.763385796427,440.013597187932,441.139402763579,440.013490026391
1.4,0.438153340021932,0,-0.2998685772914,1.63018917428647e-08,0.999746083416396,0.000170811243643228,-0.0197012784496908,-0.116141162182344,-5.89418499880876e-08,0.00109326687491703,-7.90533263712226e-06,438.359926074779,440.013510064331,441.539534760566,440.013406101479
1.401,0.442030833517355,0,-0.299904702217321,1.62818560501583e-08,0.999745483306796,0.000151058101354517,-0.0197988088284701,-0.0789517641985803,-5.92293163313686e-08,0.00101515758283283,-7.991432186527e-06,437.967188672576,440.013389933713,441.928877407189,440.013289122225
1.402,0.445792429032062,0,-0.299940817185838,1.62623217222481e-08,0.99974488484737,0.000131225988444234,-0.0198592573526678,-0.0419884052877507,-5.95032327372332e-08,0.000937573390382065,-8.07803778724529e-06,437.585051884623,440.013237532607,442.307567075042,440.013139827675
1.403,0.44943691577191,0,-0.299976922957839,1.62432967302167e-08,0.999744288038901,0.000111351862838241,-0.0198828827396818,-0.00531625447329052,-5.97639707292041e-08,0.000860615171886405,-8.16514692243715e-06,437.213395289122,440.013053639592,442.675738393151,440.012958998888
1.404,0.452963111294946,0,-0.300013020288067,1.62247889935536e-08,0.99974369288686,9.14723913526668e-05,-0.0198700082950255,0.0310006988036991,-6.00118959302228e-08,0.000784381016673739,-8.25275477814447e-06,436.852099714059,440.012839073351,443.033524282568,440.012747456996
1.405,0.456369861952312,0,-0.300049109924167,1.62068063753648e-08,0.999743099401002,7.16238857132174e-05,-0.0198210206799828,0.0668997496589298,-6.02473690907578e-08,0.000708966262536593,-8.34085440587721e-06,436.501047204184,440.012594690725,443.381055990597,440.012506061239
1.406,0.459656043323219,0,-0.300085192605745,1.61893566774017e-08,0.999742507594995,5.18422398587607e-05,-0.0197363685759692,0.102319579351964,-6.04707470408677e-08,0.000634463528812786,-8.42943687793119e-06,436.160120988561,440.012321384737,443.718463124613,440.012235706998
1.407,0.462820560643827,0,-0.300121269063464,1.61724476349166e-08,0.999741917486059,3.216286863076e-05,-0.0196165612490628,0.137200353334234,-6.06823835676622e-08,0.000560962749096464,-8.51849143570491e-06,435.82920544872,440.012020082615,444.045873685501,440.011937323798
1.408,0.46586234922987,0,-0.300157340018163,1.61560869113487e-08,0.999741329094634,1.26206479465918e-05,-0.019462167018317,0.171483815614418,-6.08826302198347e-08,0.000488551203587557,-8.60800563127388e-06,435.508186087368,440.011691743795,444.363414100686,440.011611873314
1.409,0.468780374892852,0,-0.300193406180001,1.61402820928476e-08,0.999740742444058,-6.7501434488971e-06,-0.0192738116316064,0.205113379305709,-6.10718370410646e-08,0.000417313551087567,-8.69796546247169e-06,435.196949497678,440.011337357914,444.671209256773,440.011260347357
1.41,0.471573634349677,0,-0.300229468247626,1.61250406826417e-08,0.999740157560269,-2.59158805630567e-05,-0.0190521765528875,0.238034213227812,-6.12503532342453e-08,0.000347331860649544,-8.78835550171892e-06,434.89538333315,440.010957942793,444.96938253179,440.010883765852
1.411,0.474241155625522,0,-0.300265526907375,1.61103700952577e-08,0.999739574471528,-4.48436469797337e-05,-0.0187979971648797,0.270193324444975,-6.14185277586317e-08,0.000278685642889969,-8.87915901883222e-06,434.603376278031,440.010554542417,445.258055827026,440.010483174811
1.412,0.476781998449825,0,-0.300301582832487,1.60962776505992e-08,0.999738993208148,-6.35012878456747e-05,-0.0185120608912865,0.301539636629935,-6.15767098620644e-08,0.00021145188097019,-8.9703580980381e-06,434.320818018302,440.010128224899,445.537349598465,440.010059644294
1.413,0.479195254645198,0,-0.300337636682356,1.60827705678926e-08,0.999738413802249,-8.18574609406774e-05,-0.018195205242783,0.332024064152406,-6.17252495505587e-08,0.000145705061254944,-9.06193374940821e-06,434.04759921322,440.009680080446,445.807382887828,440.009614266372
1.414,0.481480048509141,0,-0.300373689101797,1.60698559595082e-08,0.999737836287526,-9.9881685757409e-05,-0.0178483157910909,0.361599581799492,-6.18644979975725e-08,8.15172036554035e-05,-9.15386601492526e-06,433.783611467418,440.009211219321,446.068273353206,440.009148153081
1.415,0.483635537188367,0,-0.300409740720338,1.60575408246655e-08,0.999737260699029,-0.000117544390521178,-0.0174723240755525,0.390221290044352,-6.19948078953416e-08,1.89578916640787e-05,-9.24613406938154e-06,433.528747303554,440.008722769798,446.320137299292,440.008662434377
1.416,0.485660911045614,0,-0.300445792151543,1.60458320430321e-08,0.999736687072959,-0.000134816957084398,-0.0170682054466939,0.417846475788336,-6.21165337507507e-08,-4.19056979111756e-05,-9.33871631630501e-06,433.282900135514,440.008215876126,446.563089707211,440.008158256095
1.417,0.487555394018761,0,-0.300481843992347,1.6034736368225e-08,0.999736115446479,-0.000151671763635007,-0.0166369768513363,0.444434668510876,-6.22300321281843e-08,-0.000101008765506928,-9.43159047910113e-06,433.045964242158,440.007691696491,446.797244263955,440.007636777907
1.418,0.489318243972127,0,-0.300517896822425,1.60242604212241e-08,0.999735545857537,-0.000168082225162692,-0.0161796945638786,0.469947691770388,-6.23356618418262e-08,-0.000158288859650666,-9.524733687592e-06,432.817834741613,440.007151400977,447.022713391408,440.007099171283
1.419,0.490948753039761,0,-0.300553951203575,1.60144106837084e-08,0.999734978344701,-0.000184022831631433,-0.0156974518684225,0.494349710008518,-6.24337840999248e-08,-0.000213685848087102,-9.61812256012812e-06,432.598407566106,440.006596169546,447.239608274977,440.006546617468
1.42,0.49244624796062,0,-0.300590007679133,1.60051934913243e-08,0.999734412947005,-0.000199469183811551,-0.0151913766964597,0.517607270619108,-6.25247626035198e-08,-0.000267141889177435,-9.71173328144198e-06,432.387579437334,440.006027190016,447.448038891825,440.005980305456
1.421,0.493810090405448,0,-0.300626066773401,1.59966150268967e-08,0.99973384970381,-0.000214398026729211,-0.0146626292248689,0.539689341252242,-6.26089636020986e-08,-0.00031860140356486,-9.8055416764067e-06,432.185247842373,440.005445656054,447.648114038704,440.005401429982
1.422,0.495039677295223,0,-0.300662128991105,1.59886813135938e-08,0.999733288654672,-0.000228787280696053,-0.0141123994390015,0.56056734233278,-6.26867559086673e-08,-0.000368011046099692,-9.8995232798573e-06,431.991311010123,440.004852765182,447.839941359393,440.00481118953
1.423,0.496134441111033,0,-0.30069819481687,1.59813982080552e-08,0.999732729839221,-0.000242616069886466,-0.013541904665646,0.580215174781648,-6.27585108766817e-08,-0.000415319678017564,-9.9936534026267e-06,431.805667888277,440.004249716792,448.023627371743,440.004210784344
1.424,0.497093850195228,0,-0.300734264714716,1.59747713934953e-08,0.999732173297051,-0.000255864748434749,-0.0129523870806716,0.598609242937089,-6.28246023412461e-08,-0.0004604783393643,-1.0087907193943e-05,431.628218120823,440.003637710191,448.199277494326,440.003601414473
1.425,0.497917409043706,0,-0.300770339127582,1.59688063727921e-08,0.99973161906762,-0.000268514924029268,-0.0123451111961481,0.615728472681805,-6.288540652696e-08,-0.000503440221661119,-1.018225970033e-05,431.458862026075,440.003017942649,448.366996072694,440.002984277822
1.426,0.498604658589197,0,-0.300806418476861,1.59635084615722e-08,0.999731067190156,-0.000280549478985458,-0.0117213613317305,0.631554324790645,-6.294130192476e-08,-0.000544160640803966,-1.02766859211471e-05,431.297500575224,440.00239160748,448.526886405253,440.002360568228
1.427,0.499155176475402,0,-0.300842503161968,1.59588827813039e-08,0.999730517703573,-0.000291952588784335,-0.0110824390750762,0.646070803522043,-6.29926691400482e-08,-0.000582597010190842,-1.03711608609007e-05,431.144035371406,440.001759892143,448.679050768741,440.001731473566
1.428,0.49956857732185,0,-0.300878593559916,1.59549342524071e-08,0.999729970646398,-0.000302709738067916,-0.0104296607360351,0.659264460484863,-6.3039890714333e-08,-0.000618708814071135,-1.04656595784545e-05,430.998368629299,440.001123976366,448.823590443327,440.001098173871
1.429,0.499844512979344,0,-0.30091469002492,1.59516675873938e-08,0.999729426056698,-0.000312807734087675,-0.00976435479932069,0.671124393820611,-6.30833509226047e-08,-0.000652457581111015,-1.05601572332608e-05,430.860403155227,440.000485030298,448.960605737328,440.000461839496
1.43,0.499982672775852,0,-0.300950792888021,1.59490872840476e-08,0.999728883972022,-0.000322234717606864,-0.00908785938031961,0.681642242749113,-6.31234355485512e-08,-0.000683806858169108,-1.06546291287317e-05,430.730042327781,439.999844212697,449.090196011535,439.999823629293
1.431,0.499982783752724,0,-0.300986902456726,1.59471976186535e-08,0.999728344429345,-0.000330980171262124,-0.00840151968865209,0.690812177533748,-6.31605316397034e-08,-0.000712722184276729,-1.07490507528646e-05,430.607190078947,439.999202669139,449.212459703174,439.999184688834
1.432,0.499844610891093,0,-0.301023019014671,1.59460026392896e-08,0.999727807465022,-0.00033903492539444,-0.00770668550403042,0.698630884930112,-6.31950272445111e-08,-0.000739171064817071,-1.08433978162316e-05,430.491750875752,439.998561530269,449.327494349476,439.998546148656
1.433,0.499567957328346,0,-0.3010591428213,1.59455061591891e-08,0.999727273114741,-0.00034639116136397,-0.00700470866889786,0.70509754918959,-6.32273111333029e-08,-0.000763122945897846,-1.09376462874398e-05,430.383629702398,439.997921910084,449.435396610883,439.997909122551
1.434,0.499152664564525,0,-0.301095274111566,1.5945711750185e-08,0.99972674141349,-0.000353042412367737,-0.00629694060225377,0.710213828696722,-6.32577725050117e-08,-0.000784549188911985,-1.10317724261643e-05,430.282732042917,439.997284904253,449.536262293877,439.997274705886
1.435,0.498598612658557,0,-0.301131413095652,1.59466227362457e-08,0.999726212395527,-0.000358983561783557,-0.00558472983898907,0.713983828326412,-6.32868006814825e-08,-0.000803423045281086,-1.11257528138539e-05,430.188963864308,439.99665158848,449.630186373437,439.996643973968
1.436,0.497905720414164,0,-0.301167559958704,1.59482421871132e-08,0.999725686094347,-0.000364210839067813,-0.00486941959896599,0.716414067613984,-6.33147847910864e-08,-0.000819719631376425,-1.12195643822041e-05,430.102231600185,439.996023016903,449.717263015131,439.996017980451
1.437,0.497073945555364,0,-0.30120371486059,1.5950572912051e-08,0.999725162542668,-0.000368721813238919,-0.00415234538998009,0.717513444837819,-6.33421134433566e-08,-0.000833415903612434,-1.13131844394902e-05,430.022442134908,439.995400220537,449.797585596845,439.995397755777
1.438,0.496103284891425,0,-0.30123987793567,1.59536174537139e-08,0.999724641772408,-0.000372515383982365,-0.00343483264863943,0.71729319712073,-6.33691743962212e-08,-0.000844490633707639,-1.1406590694848e-05,429.949502788211,439.99478420577,449.871246730138,439.994784305675
1.439,0.494993774471172,0,-0.301276049292592,1.59573780821468e-08,0.999724123814672,-0.000375591770417247,-0.00271819442308632,0.715766856662482,-6.33963542173771e-08,-0.00085292438410819,-1.14997612805905e-05,429.883321300308,439.994175952888,449.938338281252,439.994178609696
1.44,0.493745489726534,0,-0.301312229014098,1.59618567889218e-08,0.999723608699745,-0.000377952497568027,-0.00200372910137198,0.71295020322177,-6.34240379412744e-08,-0.000858699483569176,-1.159267477264e-05,429.823805817498,439.993576414669,449.998951391744,439.993581619801
1.441,0.492358545605212,0,-0.301348417156852,1.59670552814227e-08,0.99972309645708,-0.000379600380589043,-0.00129271818917305,0.708861212971643,-6.34526087230971e-08,-0.000861800002889032,-1.1685310209158e-05,429.770864878233,439.992986515008,450.05317649878,439.992994258999
1.442,0.490833096692384,0,-0.30138461375128,1.59729749772846e-08,0.999722587115301,-0.000380539506792886,-0.00058642414041223,0.703520003857746,-6.34824474910681e-08,-0.000862211730792478,-1.17776471074484e-05,429.724407399675,439.992407147604,450.101103355059,439.99241742003
1.443,0.489169337321323,0,-0.301420818801436,1.59796169989962e-08,0.999722080702196,-0.000380775215537296,0.000113911755786501,0.696948777593844,-6.35139325983485e-08,-0.000859922149957462,-1.18696654792088e-05,429.684342664721,439.991839174697,450.142821048394,439.991851964113
1.444,0.48736750167284,0,-0.301457032284873,1.59869821686733e-08,0.999721577244725,-0.000380314076028552,0.000807071428514714,0.689171758433864,-6.35474394757062e-08,-0.000854920413181761,-1.19613458442018e-05,429.650580309503,439.991283425857,450.178418020936,439.99129871973
1.445,0.48542786386345,0,-0.301493254152542,1.599507100301e-08,0.999721076769018,-0.000379163863102579,0.00149186201571635,0.680215128864232,-6.35833402860587e-08,-0.000847197319684921,-1.20526692424139e-05,429.623030311347,439.990740696828,450.207982088056,439.990758481486
1.446,0.483350738022171,0,-0.301529484328697,1.60038837084147e-08,0.999720579300387,-0.000377333531048071,0.00216711778903852,0.670106962364411,-6.36220035819527e-08,-0.000836745291541375,-1.21436172447712e-05,429.601602977203,439.990211748431,450.231600456872,439.990232009005
1.447,0.481136478355858,0,-0.301565722710823,1.60134201763377e-08,0.99972008486333,-0.000374833185538844,0.00283170201004001,0.65887715338748,-6.36637939669642e-08,-0.000823558350240636,-1.22341719624739e-05,429.586208932526,439.989697305523,450.249359744439,439.989720025898
1.448,0.47878547920299,0,-0.301601969169576,1.60236799787961e-08,0.999719593481544,-0.000371674053745446,0.00348450871505505,0.646557344716101,-6.37090717619352e-08,-0.000807632093370586,-1.23243160550122e-05,429.576759110618,439.989198056013,450.261345995591,439.989223218785
1.449,0.47629817507582,0,-0.30163822354874,1.60346623641019e-08,0.999719105177937,-0.000367868452698635,0.00412446442616664,0.633180852352498,-6.3758192676896e-08,-0.000788963671419977,-1.24140327369246e-05,429.573164742421,439.98871464994,450.267644700444,439.988742236371
1.45,0.473675040690808,0,-0.301674485665199,1.60463662528e-08,0.999718619974636,-0.000363429755979827,0.00475052978590408,0.618782588103976,-6.38115074894603e-08,-0.00076755176469635,-1.25033057833546e-05,429.575337346749,439.988247698608,450.268340811554,439.988277688593
1.451,0.470916590987255,0,-0.301710755308924,1.60587902338187e-08,0.999718137893007,-0.000358372358815929,0.00536170111344214,0.603398980028116,-6.38693617304202e-08,-0.000743396560355684,-1.25921195344629e-05,429.583188720975,439.987797773787,450.263518760747,439.987830145821
1.452,0.468023381134062,0,-0.301747032242975,1.60719325608403e-08,0.999717658953665,-0.000352711641658074,0.0059570118802444,0.587067890904024,-6.39320953772164e-08,-0.000716499729540189,-1.26804588987481e-05,429.596630932149,439.987365406974,450.253262475601,439.98740013812
1.453,0.464996006524549,0,-0.301783316203516,1.60857911488938e-08,0.999717183176494,-0.000346463932325789,0.006535534103261,0.569828534898003,-6.40000425558894e-08,-0.000686864404620754,-1.27683093553274e-05,429.615576308551,439.986951088714,450.237655395599,439.986988154579
1.454,0.461835102759249,0,-0.301819606899847,1.61003635711752e-08,0.999716710580658,-0.000339646466799919,0.00709637965396007,0.551721392593584,-6.40735312520617e-08,-0.00065449515654064,-1.2855656955229e-05,429.639937431678,439.986555267986,450.216780487944,439.986594642705
1.455,0.458541345616621,0,-0.301855904014447,1.61156470560982e-08,0.999716241184623,-0.000332277348749243,0.0076387014816426,0.532788124557187,-6.41528830314357e-08,-0.000619397972257149,-1.29424883217418e-05,429.669627128655,439.986178351658,450.190720263048,439.98622000787
1.456,0.455115451011625,0,-0.301892207203036,1.61316384845795e-08,0.999715775006169,-0.000324375507877228,0.00816169474966261,0.513071483611625,-6.42384127702586e-08,-0.000581580232278042,-1.30287906498714e-05,429.704558465065,439.985820703996,450.159556789677,439.985864612838
1.457,0.451558174942074,0,-0.301928516094643,1.61483343875601e-08,0.999715312062412,-0.000315960657176607,0.00866459788334664,0.492615225990313,-6.43304283961413e-08,-0.000541050688289633,-1.31145517049461e-05,429.744644738202,439.985482646248,450.12337170978,439.985528777342
1.458,0.447870313422742,0,-0.301964830291696,1.61657309437668e-08,0.999714852369816,-0.000307053249180638,0.00914669352858008,0.471464021545369,-6.44292306395636e-08,-0.000497819440873529,-1.31997598204165e-05,429.78979947073,439.985164456286,450.08224625297,439.985212777735
1.459,0.444052702407141,0,-0.302001149370118,1.61838239777149e-08,0.999714395944216,-0.000297674431300799,0.00960730942020065,0.449663363182792,-6.4535112796357e-08,-0.000451897917309133,-1.32844038948904e-05,429.839936404757,439.984866368315,450.036261250694,439.984916846704
1.46,0.440106217696945,0,-0.302037472879438,1.62026089579549e-08,0.999713942800827,-0.000287846000341483,0.0100458191595126,0.427259475697593,-6.46483605014229e-08,-0.000403298849459083,-1.33684733884433e-05,429.894969496302,439.984588572652,449.985497150061,439.984641173045
1.461,0.436031774838995,0,-0.302073800342921,1.62220809955636e-08,0.999713492954269,-0.000277590356282841,0.0104616429004081,0.404299224181128,-6.47692515138443e-08,-0.00035203625173492,-1.34519583182442e-05,429.954812910173,439.984331215559,449.930034027346,439.984385901511
1.462,0.43183032900986,0,-0.302110131257701,1.62422348428819e-08,0.999713046418577,-0.000266930455423347,0.010854247943753,0.38083002217194,-6.48980555135931e-08,-0.000298125399140363,-1.35348492535328e-05,430.019381015228,439.984094399156,449.869951601171,439.984151132716
1.463,0.427502874887893,0,-0.302146465094931,1.62630648924995e-08,0.999712603207218,-0.000255889762973923,0.0112231492398665,0.356899739720195,-6.50350339098942e-08,-0.000241582805389672,-1.36171373099863e-05,430.088588380031,439.983878181387,449.805329245348,439.983936923115
1.464,0.423050446512782,0,-0.302182801299949,1.62845651764869e-08,0.999712163333107,-0.000244492205195551,0.0115679097990924,0.332556611534253,-6.51804396613552e-08,-0.000182426201098674,-1.36988141435089e-05,430.16234976889,439.983682576056,449.736246001407,439.983743285038
1.465,0.418474117132515,0,-0.302219139292446,1.63067293658755e-08,0.999711726808623,-0.000232762121172196,0.0118881410106272,0.307849145376086,-6.53345171078821e-08,-0.000120674512046107,-1.37798719434785e-05,430.240580138274,439.983507552928,449.662780590786,439.983570186792
1.466,0.413774999037794,0,-0.302255478466656,1.63295507703853e-08,0.999711293645616,-0.000220724214310651,0.0121835028699371,0.282826030870156,-6.54975018143779e-08,-5.63478375030593e-05,-1.38603034254848e-05,430.323194633605,439.983353037894,449.585011426704,439.983417552836
1.467,0.408954243383812,0,-0.302291818191552,1.63530223383999e-08,0.999710863855427,-0.000208403503658467,0.0124537041152578,0.257536048887945,-6.56696204261984e-08,1.05325713716475e-05,-1.39401018235863e-05,430.410108586417,439.983218913198,449.5030166257,439.983285264004
1.468,0.404013039999422,0,-0.302328157811053,1.63771366571876e-08,0.999710437448896,-0.000195825275130572,0.0126985022738339,0.23202798166771,-6.58510905362844e-08,7.994433307218e-05,-1.40192608821218e-05,430.501237511881,439.983105017731,449.416874018846,439.983173157803
1.469,0.398952617183646,0,-0.302364496644247,1.64018859533693e-08,0.999710014436373,-0.000183015032734456,0.0129177036187108,0.206350523826062,-6.60421205638695e-08,0.000151863957224473,-1.40977748471007e-05,430.596497106686,439.983011147381,449.326661162635,439.98308102877
1.47,0.393774241489555,0,-0.302400833985616,1.64272620936292e-08,0.99970959482773,-0.000169998449882881,0.0131111630370475,0.180552194414806,-6.62429096446535e-08,0.000226266866004929,-1.41756384572037e-05,430.69580324728,439.982937055456,449.232455349541,439.983008628892
1.471,0.388479217495448,0,-0.302437169105284,1.64532565856697e-08,0.999709178632365,-0.000156801320882065,0.0132787838110729,0.154681250173056,-6.64536475322733e-08,0.000303127415500812,-1.42528469344207e-05,430.799071988451,439.982882453154,449.134333618247,439.982955668083
1.472,0.383068887563405,0,-0.302473501249262,1.6479860579407e-08,0.999708765859218,-0.000143449512682062,0.0134205173129516,0.12878560012093,-6.66745145108993e-08,0.000382418917014,-1.43293959743499e-05,430.906219562259,439.982847010109,449.032372763551,439.982921814728
1.473,0.377544631585138,0,-0.302509829639715,1.65070648684055e-08,0.999708356516766,-0.000129968916974738,0.0135363626149747,0.102912721637273,-6.6905681318749e-08,0.000464113658309694,-1.44052817361874e-05,431.017162377297,439.982830354983,448.926649345933,439.982906696281
1.474,0.37190786671521,0,-0.30254615347523,1.65348598915495e-08,0.999707950613042,-0.000116385402723255,0.0136263660166273,0.0771095781596941,-6.71473090822947e-08,0.000548182924811558,-1.44805008324286e-05,431.131817018298,439.982832076126,448.817239700802,439.982909899923
1.475,0.366160047091573,0,-0.3025824719311,1.65632357349495e-08,0.999707548155626,-0.000102724769205345,0.0136906204902242,0.051422538640891,-6.73995492609394e-08,0.000634597020744709,-1.45550503183066e-05,431.250100246056,439.982851722289,448.704219947405,439.98293097328
1.476,0.360302663543484,0,-0.302618784159615,1.65921821340798e-08,0.999707149151659,-8.90126996509185e-05,0.0137292650469331,0.0258972988906862,-6.76625436018817e-08,0.000723325290227845,-1.46289276809903e-05,431.371928997677,439.982888803393,448.587665997407,439.982969425193
1.477,0.354337243286786,0,-0.302655089290362,1.66216884761456e-08,0.999706753607838,-7.52747155526411e-05,0.0137424840251358,0.000578804928483741,-6.79364241048893e-08,0.000814336138315736,-1.47021308285642e-05,431.497220387143,439.982942791358,448.467653563138,439.983024726547
1.478,0.348265349606588,0,-0.302691386430535,1.66517438026757e-08,0.999706361530419,-6.15361317261287e-05,0.0137305063031966,-0.0244888215340632,-6.82213129967134e-08,0.000907597051993214,-1.47746580788112e-05,431.625891706194,439.98301312098,448.344258165507,439.983096311151
1.479,0.342088581527363,0,-0.302727674665255,1.66823368123378e-08,0.999705972925218,-4.78220121942598e-05,0.0136936044388265,-0.0492623553654552,-6.85173227148212e-08,0.00100307462112167,-1.48465081478191e-05,431.757860425503,439.983099190865,448.217555141578,439.983183576675
1.48,0.335808573470503,0,-0.302763953057898,1.67134558639733e-08,0.999705587797607,-3.41571269678732e-05,0.0136320937373438,-0.0736995379323372,-6.88245559001257e-08,0.00110073455933905,-1.49176801384305e-05,431.893044196168,439.983200364413,448.087619651811,439.983285885629
1.481,0.329426994899339,0,-0.302800220650429,1.67450889798477e-08,0.99970520615251,-2.05659097927583e-05,0.0135463312512371,-0.0977591445589808,-6.91431053984025e-08,0.0012005417249141,-1.49881735285557e-05,432.031360851485,439.983315970851,447.954526686973,439.983402566406
1.482,0.322945549951715,0,-0.302836476463749,1.6777223849113e-08,0.999704827994403,-7.07241693038972e-06,0.0134367147135393,-0.121401049429678,-6.94730542700519e-08,0.00130246014155585,-1.5057988159366e-05,432.172728409019,439.983445306317,447.818351074693,439.983532914357
1.483,0.316365977060083,0,-0.302872719498048,1.68098478314783e-08,0.999704453327305,6.29971296269862e-06,0.013303681407617,-0.144586287841118,-6.98144758078683e-08,0.00140645301917864,-1.51271242233876e-05,432.317065072958,439.983587634987,447.679167485699,439.983676192928
1.484,0.309690048559243,0,-0.302908948733166,1.68429479610842e-08,0.999704082154775,1.95272977946555e-05,0.0131477069760692,-0.16727711571756,-7.01674335624753e-08,0.00151248277462375,-1.519558225251e-05,432.464289236739,439.983742190252,447.537050439695,439.983831634831
1.485,0.302919570281715,0,-0.302945163128959,1.68765109505777e-08,0.999703714479898,3.25876497776617e-05,0.0129693041715127,-0.189437066307507,-7.05319813750639e-08,0.00162051105233768,-1.52633631059287e-05,432.614319485961,439.983908175932,447.392074310907,439.983998443266
1.486,0.296056381140858,0,-0.302981361625679,1.69105231953826e-08,0.999703350305284,4.54586118901965e-05,0.0127690215521133,-0.211031003986493,-7.09081634170831e-08,0.00173049874500781,-1.53304679580369e-05,432.767074601551,439.984084767544,447.244313333279,439.984175793178
1.487,0.289102352701722,0,-0.303017543144357,1.69449707781617e-08,0.999702989633053,5.8118593008424e-05,0.0125474421247885,-0.232025175096662,-7.12960142365495e-08,0.00184240601415558,-1.53968982862807e-05,432.922473563201,439.984271113591,447.093841605327,439.98436283256
1.488,0.282059388739772,0,-0.303053706587191,1.69798394734655e-08,0.999702632464824,7.05466016558655e-05,0.0123051819390802,-0.252387255759889,-7.16955588105872e-08,0.00195619231068759,-1.54626558589953e-05,433.080435553059,439.984466336913,446.940733094642,439.98455868379
1.489,0.274929424787501,0,-0.303089850837948,1.7015114752564e-08,0.999702278801707,8.27222783235486e-05,0.0120428886347509,-0.272086396607349,-7.21068126038727e-08,0.00207181639540458,-1.55277427232338e-05,433.240879959673,439.984669536052,446.785061642049,439.984762445009
1.49,0.267714427669022,0,-0.303125974762366,1.70507817884561e-08,0.999701928644286,9.46259263159093e-05,0.0117612399462139,-0.291093264374639,-7.25297816326302e-08,0.00218923635946849,-1.55921611926051e-05,433.403726382177,439.984879786666,446.626900965411,439.984973191531
1.491,0.260416395022723,0,-0.303162077208568,1.70868254610527e-08,0.999701581992604,0.000106238541080854,0.0114609421669539,-0.309380080317771,-7.29644625338147e-08,0.00230840964482756,-1.56559138351321e-05,433.568894634722,439.985096142973,446.466324663088,439.985189977279
1.492,0.253037354812049,0,-0.303198157007473,1.71232303625281e-08,0.999701238846153,0.000117541837985568,0.0111427285771383,-0.326920655411591,-7.34108426391464e-08,0.00242929306459935,-1.57190034611446e-05,433.736304751137,439.98531763922,446.303406217036,439.985411836267
1.493,0.245579364824507,0,-0.303234212973231,1.71599808028352e-08,0.999700899203855,0.000128518278502882,0.0108073578376519,-0.343690422298468,-7.3868900053671e-08,0.00255184282341146,-1.57814331112192e-05,433.905876989821,439.985543291189,446.138218995559,439.985637784097
1.494,0.238044512158994,0,-0.30327024390364,1.71970608153801e-08,0.999700563064044,0.000139151094776233,0.0104556123538189,-0.359666463961284,-7.43386037384964e-08,0.00267601453769968,-1.58432060441773e-05,434.077531838859,439.985772097724,445.970836255695,439.985866819485
1.495,0.230434912701509,0,-0.303306248580594,1.72344541628505e-08,0.999700230424452,0.000149424312534574,0.0100882966120989,-0.374827539101041,-7.48199135974015e-08,0.00280176325596336,-1.59043257251542e-05,434.251190021355,439.986003042281,445.80133114526,439.98609792582
1.496,0.222752710589399,0,-0.303342225770512,1.72721443431936e-08,0.999699901282187,0.000159322772331827,0.00970623549305748,-0.389154104205591,-7.5312780566986e-08,0.00292904347897728,-1.59647958137489e-05,434.426772500978,439.98623509451,445.629776704516,439.986330072733
1.497,0.215000077664187,0,-0.303378174224797,1.73101145957385e-08,0.999699575633718,0.000168832149088837,0.00931027256392741,-0.402628332302141,-7.58171467100524e-08,0.00305780917995973,-1.60246201522673e-05,434.604200487711,439.986467211846,445.456245867494,439.986562217699
1.498,0.207179212913141,0,-0.303414092680277,1.7348347907458e-08,0.99969925347485,0.000177938969919055,0.00890126835407507,-0.415234128392351,-7.63329453119265e-08,0.00318801382469618,-1.60838027540667e-05,434.78339544381,439.986698341125,445.280811462951,439.986793307642
1.499,0.199292341899646,0,-0.303449979859668,1.73868270193648e-08,0.99969893480071,0.000186630630222529,0.00848009861668921,-0.426957141574861,-7.68601009794427e-08,0.00331961039161766,-1.61423477920138e-05,434.964279089946,439.986927420216,445.103546214957,439.987022280575
1.5,0.191341716182545,0,-0.303485834472034,1.7425534433038e-08,0.999698619605721,0.000194895408036069,0.00804765257999905,-0.437784773866117,-7.73985297423134e-08,0.00345255139183336,-1.6200259587065e-05,435.14677341155,439.987153379661,444.924522743136,439.987248067234
1.501,0.183329612724536,0,-0.303521655213252,1.74644524172732e-08,0.999698307883587,0.000202722476630771,0.00760483119131571,-0.447706185736238,-7.79481391565993e-08,0.00358678888911636,-1.62575425969769e-05,435.330800665333,439.987375144336,444.743813562526,439.987469592742
1.502,0.175258333289761,0,-0.303557440766484,1.75035630148537e-08,0.999697999627262,0.000210101915351357,0.00715254535717103,-0.456712298382532,-7.85088284100469e-08,0.00372227451984177,-1.63142014051586e-05,435.516283385987,439.987591635113,444.561491083084,439.987685778267
1.503,0.167130203830718,0,-0.303593189802653,1.75428480494355e-08,0.999697694828937,0.000217024718695058,0.00669171418280256,-0.464795792768965,-7.9080488429057e-08,0.00385895951287608,-1.63702407096717e-05,435.703144393064,439.987801770537,444.377627608822,439.987895542696
1.504,0.158947573864632,0,-0.303628900980916,1.75822891325431e-08,0.999697393480014,0.000223482803630997,0.00622326321420212,-0.471951105465516,-7.9663001987052e-08,0.00399679470941688,-1.64256653123871e-05,435.891306798015,439.988004468497,444.192295336579,439.988097804314
1.505,0.150712815839418,0,-0.303664572949156,1.76218676706698e-08,0.999697095571081,0.000229469015164233,0.0057481226859089,-0.478174421326849,-8.02562438140275e-08,0.00413573058278152,-1.64804801083074e-05,436.080694011398,439.988198647914,444.005566354422,439.988291482481
1.506,0.142428324489393,0,-0.303700204344459,1.76615648724787e-08,0.999696801091896,0.000234977130151773,0.00526722577768579,-0.483463663055108,-8.08600807070966e-08,0.00427571725814372,-1.65346900750606e-05,436.27122975024,439.988383230417,443.817512639684,439.988475499314
1.507,0.134096516180845,0,-0.303735793793608,1.77013617560991e-08,0.999696510031357,0.000240001859380999,0.00478150688317016,-0.487818477696867,-8.1474371641845e-08,0.00441670453221669,-1.65883002625733e-05,436.462838045545,439.988557142026,443.628206056633,439.988648781363
1.508,0.125719828247688,0,-0.303771339913577,1.77412391565131e-08,0.999696222377483,0.000244538847923999,0.00429189989353793,-0.491240220129378,-8.20989678843148e-08,0.00455864189288144,-1.66413157829308e-05,436.65544324996,439.988719314825,443.43771835377,439.988810261291
1.509,0.117300718317253,0,-0.303806841312026,1.77811777330291e-08,0.99969593811739,0.000248584673784312,0.00379933649916184,-0.49373193359619,-8.27337131034774e-08,0.00470147853875877,-1.66937418004291e-05,436.848970045564,439.988868688634,443.246121160767,439.988958879535
1.51,0.10884166362649,0,-0.303842296587795,1.78211579768353e-08,0.999695657237271,0.000252136844855545,0.00330474451218264,-0.495298327356992,-8.3378443484045e-08,0.0048451633987235,-1.67455835218262e-05,437.043343451808,439.98900421267,443.053485985031,439.989093585974
1.511,0.100345160328642,0,-0.303877704331415,1.7861160218631e-08,0.999695379722369,0.000255193794214219,0.00280904621284448,-0.49594575152118,-8.4032987839517e-08,0.00498964515135925,-1.67968461867986e-05,437.238488833572,439.989124847195,442.859884207904,439.989213341573
1.512,0.0918137227906389,0,-0.303913063125604,1.79011646363287e-08,0.999695105556957,0.000257754873771983,0.00231315672237437,-0.495682169139046,-8.4697167725311e-08,0.00513487224435221,-1.68475350586085e-05,437.43433190935,439.989229565158,442.665387080493,439.989317120022
1.513,0.0832498828813317,0,-0.303948371545774,1.79411512628241e-08,0.999694834724314,0.000259820346315112,0.0018179824051091,-0.494517125628796,-8.53707975519232e-08,0.00528079291382207,-1.68976554149863e-05,437.630798759553,439.989317353817,442.470065719143,439.989403909358
1.514,0.0746561892507837,0,-0.303983628160545,1.79810999938294e-08,0.999694567206709,0.000261391375961854,0.00132441930249324,-0.492461715621665,-8.60536846980228e-08,0.00542735520358834,-1.6947212539235e-05,437.827815834922,439.989387216343,442.273991100535,439.98947271357
1.515,0.0660352066007613,0,-0.304018831532249,1.80209905957636e-08,0.99969430298537,0.000262470017070776,0.000833351601487101,-0.489528547311293,-8.67456296234067e-08,0.00557450698437029,-1.69962117115604e-05,438.025309965052,439.98943817341,442.077234056425,439.989522554186
1.516,0.0573895149466507,0,-0.304053980217444,1.80608027136983e-08,0.999694042040473,0.000263059201635735,0.000345650139836008,-0.485731704397208,-8.74464259817852e-08,0.00572219597291838,-1.70446582006314e-05,438.223208367008,439.989469264758,441.879865268025,439.989552471835
1.517,0.0487217088709537,0,-0.304089072767429,1.81005158793517e-08,0.999693784351115,0.000263162725205554,-0.000137829049439788,-0.481086705715785,-8.81558607333412e-08,0.00587036975107535,-1.70925572553752e-05,438.421438654051,439.98947955074,441.681955260015,439.989561527788
1.518,0.0400343967685921,0,-0.304124107728755,1.81401095191288e-08,0.999693529895294,0.000262785231368729,-0.000616246152070004,-0.475610462655304,-8.88737142570537e-08,0.00601897578476487,-1.71399140970122e-05,438.619928844441,439.989468113832,441.483574394205,439.989548805479
1.519,0.0313302000841724,0,-0.304159083643747,1.81795629622021e-08,0.999693278649897,0.000261932194845772,-0.00108877894290777,-0.469321234454838,-8.95997604627786e-08,0.00616796144290559,-1.71867339113317e-05,438.818607370328,439.989434060129,441.28479286283,439.989513411986
1.52,0.0226117525414672,0,-0.304193999051013,1.82188554486291e-08,0.999693030590671,0.000260609903233866,-0.00155462411058649,-0.462238581489556,-9.03337669030783e-08,0.00631727401624838,-1.72330218412159e-05,439.017403086732,439.989376520801,441.085680681505,439.989454479495
1.521,0.0138816993652725,0,-0.304228852485968,1.82579661375026e-08,0.999692785692214,0.000258825437450542,-0.002012998534499,-0.454383316647669,-9.10754948848492e-08,0.0064668607361347,-1.72787829794113e-05,439.216245280581,439.989294653525,440.88630768181,439.989371166727
1.522,0.00514269649589251,0,-0.30426364248135,1.82968741151293e-08,0.999692543927954,0.000256586650924998,-0.0024631405122442,-0.44577745490672,-9.18246995807507e-08,0.00661666879317349,-1.73240223615536e-05,439.415063679831,439.989187643877,440.686743503545,439.989262660329
1.523,0,0,-0.304298367567739,1.83355584032333e-08,0.999692305270134,0.000253902147587465,-0.00290431093579541,-0.436444161219066,-9.25811301404919e-08,0.00676664535583459,-1.73687449594477e-05,439.613788462641,439.989054706695,440.487057586623,439.989128176238
1.524,0,0,-0.304333026274072,1.83739979671743e-08,0.999692069689999,0.000250781258708734,-0.00333579441475532,-0.426407696818458,-9.33445303347404e-08,0.0069167376810623,-1.7412955635588e-05,439.810323381054,439.988908214899,440.289424989098,439.988980124379
1.525,0,0,-0.304367617128157,1.84121717241456e-08,0.999691837158865,0.000247234018643514,-0.00375690034517534,-0.415693364061356,-9.41146415309796e-08,0.00706689362663972,-1.74566589332762e-05,440.001773704278,439.988766766904,440.096856555509,439.988837154707
1.526,0,0,-0.304402138657173,1.84500585513176e-08,0.999691607649392,0.000243271139532798,-0.0041669639225316,-0.404327449918147,-9.48912062635419e-08,0.00721706226276167,-1.74998588413022e-05,440.188235154074,439.988630026832,439.909258627977,439.988698930095
1.527,0,0,-0.304436589388165,1.84876372939193e-08,0.999691381135754,0.000238903985021696,-0.00456534709756558,-0.392337168230788,-9.56739689125465e-08,0.00736719398057896,-1.75425587802244e-05,440.369801898729,439.988497668335,439.726538996058,439.988565122981
1.528,0,0,-0.304470967848536,1.85248867732229e-08,0.999691157593513,0.000234144543050509,-0.0049514394738146,-0.379750600854453,-9.64626756212297e-08,0.00751724046747853,-1.75847616437738e-05,440.546566575561,439.988369374456,439.548606877946,439.988435415215
1.529,0,0,-0.304505272566518,1.85617857944236e-08,0.999690936999503,0.000229005397777857,-0.00532465914577523,-0.366596637801652,-9.72570742247681e-08,0.00766715468275574,-1.76264698381199e-05,440.71862031314,439.988244837477,439.375372901873,439.988309497916
1.53,0,0,-0.304539502071634,1.85983131544154e-08,0.999690719331722,0.000223499700695737,-0.0056844534767617,-0.3529049165079,-9.80569141899687e-08,0.00781689083367327,-1.7667685319093e-05,440.886052753237,439.988123758781,439.206749087718,439.988187071334
1.531,0,0,-0.304573654895148,1.86344476494604e-08,0.999690504569231,0.000217641140997208,-0.00603029981564054,-0.338705760338476,-9.88619465652047e-08,0.0079664043519015,-1.770840962745e-05,441.048952072501,439.988005848716,439.042648828809,439.98806784471
1.532,0,0,-0.304607729570502,1.86701680827519e-08,0.99969029269205,0.000211443915258213,-0.00636170615174242,-0.324030116455967,-9.96719239399778e-08,0.00811565187033509,-1.77486439222707e-05,441.207405003851,439.987890826462,438.882986873929,439.987951536147
1.533,0,0,-0.304641724633742,1.87054532718714e-08,0.99969008368107,0.000204922696495633,-0.00667821170737172,-0.308909493168276,-1.00486600413519e-07,0.00826459120028042,-1.77883890125665e-05,441.361496857613,439.987778419908,438.727679309509,439.98783787248
1.534,0,0,-0.304675638623932,1.87402820561369e-08,0.99968987751796,0.000198092602664239,-0.00697938746745422,-0.293375896876562,-1.01305731571848e-07,0.00841318130900904,-1.78276453871819e-05,441.511311542375,439.987668365519,438.576643542017,439.987726589154
1.535,0,0,-0.304709470083557,1.87746333038445e-08,0.999689674185093,0.000190969164655572,-0.00726483664598229,-0.277461768742059,-1.02129074472704e-07,0.00856138229767182,-1.78664132430622e-05,441.65693158558,439.987560408219,438.429798280538,439.987617430099
1.536,0,0,-0.304743217558916,1.88084859194002e-08,0.999689473665458,0.000183568293862075,-0.00753419508903559,-0.261199921190115,-1.02956387637824e-07,0.00870915537956894,-1.79046925119643e-05,441.798438153859,439.987454301271,438.287063519539,439.987510147611
1.537,0,0,-0.304776879600499,1.88418188503435e-08,0.999689275942593,0.000175906249369963,-0.00778713161427346,-0.244623474368865,-1.0378743105201e-07,0.00885646285877074,-1.79424828856765e-05,441.935911073093,439.987349806156,438.148360521819,439.987404502232
1.538,0,0,-0.304810454763363,1.88746110942606e-08,0.999689081000514,0.00016799960484437,-0.00802334828691186,-0.227765792678893,-1.04621966168472e-07,0.00900326810908444,-1.79797838398187e-05,442.069428848219,439.987246692458,438.013611801645,439.987300262637
1.539,0,0,-0.304843941607485,1.89068417055881e-08,0.999688888823648,0.000159865215170222,-0.00824258063231337,-0.210660421488939,-1.05459755919956e-07,0.00914953555336206,-1.80165946562842e-05,442.199068682781,439.987144737751,437.882741108067,439.987197205515
1.54,0,0,-0.304877338698116,1.89384898023056e-08,0.999688699396775,0.000151520182912119,-0.00844459778543338,-0.193341024151217,-1.06300564735152e-07,0.00929523064314461,-1.80529144443882e-05,442.324906498221,439.987043727482,437.755673408415,439.987095115461
1.541,0,0,-0.304910644606121,1.89695345725174e-08,0.999688512704969,0.000142981824656202,-0.00862920257747811,-0.175841319428255,-1.07144158559953e-07,0.00944031983863789,-1.80887421607798e-05,442.447016952917,439.986943454861,437.632334871969,439.986993784856
1.542,0,0,-0.304943857908302,1.89999552809225e-08,0.999688328733541,0.000134267637296562,-0.0087962315602411,-0.158195019441285,-1.07990304883077e-07,0.00958477058901525,-1.81240766281774e-05,442.565473460973,439.98684372075,437.512652853811,439.986893013761
1.543,0,0,-0.304976977187727,1.9029731275173e-08,0.999688147467995,0.000125395264328239,-0.00894555496869403,-0.140435768248165,-1.08838772765656e-07,0.00972855131304261,-1.81589165529798e-05,442.68034821076,439.986744333549,437.396555878848,439.986792609804
1.544,0,0,-0.305010001034032,1.90588419921196e-08,0.999687968893976,0.000116382462208226,-0.00907707662251435,-0.122597081156604,-1.0968933287437e-07,0.00987163138002132,-1.81932605418077e-05,442.791712183208,439.986645109086,437.283973626005,439.986692388068
1.545,0,0,-0.305042928043725,1.90872669639446e-08,0.999687792997227,0.000107247066845148,-0.00919073376733695,-0.104712284876068,-1.10541757517732e-07,0.0100139810910441,-1.82271071170248e-05,442.899635169858,439.986545870512,437.174836912593,439.986592170982
1.546,0,0,-0.30507575682048,1.91149858241823e-08,0.999687619763548,9.80069602774645e-05,-0.00928649685661922,-0.0868144586091594,-1.11395820685159e-07,0.0101555716605599,-1.82604547312873e-05,443.004185790671,439.986446448182,437.069077678844,439.986491788209
1.547,0,0,-0.305108485975415,1.91419783136249e-08,0.999687449178761,8.86800375990926e-05,-0.00936436927510825,-0.0689363761805873,-1.12251298088465e-07,0.0102963751982433,-1.82933017811687e-05,443.1054315116,439.986346679555,436.966628972614,439.986391076541
1.548,0,0,-0.305141114127372,1.91682242861159e-08,0.999687281228668,7.92841741903113e-05,-0.0094243870049955,-0.051110449298949,-1.13107967205449e-07,0.0104363646911633,-1.83256466199031e-05,443.203438661922,439.986246409077,436.867424934255,439.98628987978
1.549,0,0,-0.305173639903175,1.91937037142286e-08,0.999687115899024,6.98371933106812e-05,-0.00946661823593833,-0.0333686720435324,-1.13965607325261e-07,0.0105755139862487,-1.83574875692917e-05,443.298272451344,439.986145488073,436.771400781643,439.986188048638
1.55,0,0,-0.305206061937892,1.92183966948314e-08,0.999686953175505,6.0356834109484e-05,-0.00949116292021798,-0.0157425666652076,-1.14823999595218e-07,0.0107137977730445,-1.83888229308108e-05,443.389996986869,439.986043774642,436.67849279538,439.986085440619
1.551,0,0,-0.305238378875085,1.92422834545376e-08,0.999686793043679,5.08607201078728e-05,-0.00949815227439147,0.00173686921281467,-1.15682927068816e-07,0.0108511915667553,-1.8419650995963e-05,443.478675289438,439.985941133541,436.588638304152,439.985981919915
1.552,0,0,-0.305270589367044,1.92653443550417e-08,0.999686635488981,4.13663282055271e-05,-0.00948774822887857,0.019039213911986,-1.16542174754651e-07,0.0109876716915726,-1.84499700559071e-05,443.564369310348,439.985837436077,436.501775670247,439.985877357289
1.553,0,0,-0.305302692075025,1.92875598983402e-08,0.999686480496689,3.18909582631226e-05,-0.00946014282700592,0.0361346714543345,-1.17401529666009e-07,0.0111232152642807,-1.84797784104041e-05,443.64713994744,439.985732559999,436.417844275236,439.98577162997
1.554,0,0,-0.305334685669475,1.93089107318386e-08,0.999686328051904,2.24517033103643e-05,-0.00941555757510734,0.0529941196820723,-1.18260780870856e-07,0.0112578001781374,-1.85090743761127e-05,443.727047061073,439.985626389386,436.336784505806,439.98566462154
1.555,0,0,-0.305366568830245,1.9329377653343e-08,0.999686178139529,1.3065420427698e-05,-0.00935424274535253,0.0695891566694123,-1.19119719542049e-07,0.0113914050870262,-1.85378562942675e-05,443.804149489873,439.985518814536,436.258537739757,439.985556221822
1.556,0,0,-0.305398340246804,1.93489416159365e-08,0.99968603074425,3.74870234810561e-06,-0.00927647663304624,0.0858921453589354,-1.19978139007537e-07,0.0115240093898751,-1.85661225377723e-05,443.878505066273,439.985409731854,436.183046332146,439.985446326771
1.557,0,0,-0.305429998618439,1.93675837327421e-08,0.999685885850525,-5.48215017638459e-06,-0.00918256477020557,0.101876256358761,-1.20835834800338e-07,0.0116555932153391,-1.85938715177371e-05,443.950170631829,439.985299043745,436.11025360159,439.985334838361
1.558,0,0,-0.305461542654449,1.93852852815699e-08,0.999685743442564,-1.46111552006804e-05,-0.00907283909728471,0.117515508840761,-1.21692604708149e-07,0.0117861374067417,-1.86211016894889e-05,444.019202052337,439.985186658498,436.040103816724,439.985221664471
1.559,0,0,-0.305492971074339,1.94020277094498e-08,0.999685603504318,-2.36226755642075e-05,-0.00894765709497432,0.132784809484124,-1.22548248822402e-07,0.0119156235072715,-1.86478115580834e-05,444.085654232734,439.985072490181,435.972542182802,439.985106718779
1.56,0,0,-0.305524282607993,1.94177926370502e-08,0.99968546601947,-3.25014439811508e-05,-0.00880740087805641,0.147659989412674,-1.23402569586609e-07,0.0120440337454318,-1.86739996833445e-05,444.14958113179,439.98495645852,435.907514828458,439.984989920644
1.561,0,0,-0.305555475995855,1.9432561862982e-08,0.999685330971425,-4.12325872064232e-05,-0.00865247625334484,0.162117839078558,-1.24255371843859e-07,0.0121713510207368,-1.8699664684456e-05,444.211035776607,439.984838488796,435.844968792608,439.984871194995
1.562,0,0,-0.305586549989096,1.9446317367989e-08,0.999685198343298,-4.98016492424798e-05,-0.00848331174378722,0.176136141049085,-1.25106462883338e-07,0.0122975588896531,-1.87248052441307e-05,444.270070276903,439.984718511728,435.784852011508,439.984750472223
1.563,0,0,-0.305617503349772,1.9459041319024e-08,0.99968506811791,-5.81946135541958e-05,-0.00830035758084475,0.189693700657807,-1.25955652485745e-07,0.0124226415517821,-1.87494201123787e-05,444.326735839111,439.984596463365,435.72711330595,439.984627688062
1.564,0,0,-0.305648334850983,1.9470716073212e-08,0.999684940277782,-6.6397924261159e-05,-0.00810408466730351,0.20277037448516,-1.26802752967485e-07,0.0125465838362787,-1.87735081098986e-05,444.381082780269,439.984472284968,435.671702368609,439.984502783479
1.565,0,0,-0.305679043277019,1.94813241817e-08,0.999684814805129,-7.43985062788986e-05,-0.00789498351270305,0.215347096638345,-1.27647579223576e-07,0.0126693711885049,-1.87970681311111e-05,444.433160541725,439.984345922905,435.618569751537,439.984375704564
1.566,0,0,-0.305709627423508,1.94908483933941e-08,0.999684691681858,-8.21837843827729e-05,-0.00767356314359672,0.227405902804384,-1.28489948769154e-07,0.0127909896569125,-1.8820099146856e-05,444.483017702644,439.984217328533,435.567666853793,439.984246402413
1.567,0,0,-0.305740086097546,1.94992716585842e-08,0.999684570889564,-8.97417011704653e-05,-0.0074403499908813,0.238929952054666,-1.29329681779485e-07,0.0129114258801535,-1.88426002067712e-05,444.530701993332,439.984086458089,435.518945909222,439.984114833018
1.568,0,0,-0.305770418117835,1.95065771324575e-08,0.999684452409527,-9.70607339012838e-05,-0.00719588675645405,0.249903546383561,-1.30166601128439e-07,0.0130306670744131,-1.88645704413735e-05,444.576260308364,439.983953272578,435.472359974368,439.983980957154
1.569,0,0,-0.305800622314802,1.95127481784999e-08,0.999684336222716,-0.000104129910192729,-0.00694073126146953,0.260312147968031,-1.31000532425351e-07,0.0131487010209634,-1.88860090638561e-05,444.619738719539,439.983817737661,435.427862916539,439.983844740268
1.57,0,0,-0.305830697530725,1.95177683717871e-08,0.999684222309784,-0.000110938822557067,-0.00667545527848027,0.270142394139425,-1.31831304050211e-07,0.0132655160539337,-1.89069153716222e-05,444.66118248864,439.983679823543,435.385409401996,439.983706152363
1.571,0,0,-0.305860642619844,1.95216215021655e-08,0.999684110651073,-0.000117477641762945,-0.0064006433497516,0.279382110062915,-1.32658747187147e-07,0.0133811010482936,-1.89272887475687e-05,444.700636080025,439.98353950486,435.344954884291,439.983565167891
1.572,0,0,-0.305890456448473,1.95242915773235e-08,0.999684001226612,-0.000123737129009358,-0.00611689159404349,0.288020319124257,-1.33482695856139e-07,0.0134954454080475,-1.89471286611362e-05,444.738143173033,439.983396760573,435.306455592739,439.983421765637
1.573,0,0,-0.305920137895098,1.95257628257541e-08,0.999683894016122,-0.000129708646901588,-0.0058248065041506,0.29604725102775,-1.34302986942955e-07,0.0136085390546352,-1.89664346691397e-05,444.773746674218,439.983251573852,435.269868521022,439.983275928611
1.574,0,0,-0.305949685850485,1.95260196996092e-08,0.999683788999018,-0.000135384169221018,-0.00552500373748555,0.303454347613388,-1.35119460227274e-07,0.0137203724155372,-1.89852064163927e-05,444.807488729406,439.983103931969,435.235151415934,439.983127643936
1.575,0,0,-0.305979099217768,1.95250468774463e-08,0.999683686154415,-0.000140756289482992,-0.00521810690198059,0.310234266405292,-1.35931958408971e-07,0.01383093641308,-1.90034436361392e-05,444.839410735586,439.982953826185,435.202262766252,439.982976902736
1.576,0,0,-0.306008376912536,1.95228292668688e-08,0.999683585461128,-0.00014581822827919,-0.00490474633956864,0.316380881907534,-1.36740327132539e-07,0.01394022245344,-1.9021146150306e-05,444.86955335263,439.982801251645,435.171161791749,439.982823700031
1.577,0,0,-0.306037517862925,1.95193520070606e-08,0.999683486897681,-0.000150563839403193,-0.00458555790948668,0.321889284667388,-1.37544415009668e-07,0.014048222415842,-1.90383138695859e-05,444.897956514841,439.982646207265,435.141808432327,439.982668034621
1.578,0,0,-0.306066521009692,1.95146004712153e-08,0.999683390442309,-0.000154987614760209,-0.00426118177362226,0.326755778129939,-1.38344073639949e-07,0.014154928641949,-1.90549467933641e-05,444.924659442348,439.982488695625,435.114163337292,439.98250990898
1.579,0,0,-0.30609538530629,1.95085602688616e-08,0.999683296072968,-0.000159084688064063,-0.00393226118609845,0.330977873311767,-1.39139157629698e-07,0.0142603339254413,-1.90710450094991e-05,444.949700652325,439.982328722864,435.088187854751,439.982349329152
1.58,0,0,-0.306124109718942,1.95012172480852e-08,0.999683203767336,-0.000162850837326812,-0.00359944128926251,0.334554281325113,-1.39929524608931e-07,0.0143644315017818,-1.90866086939669e-05,444.973117970061,439.982166298568,435.063844021139,439.982186304636
1.581,0,0,-0.306152693226705,1.94925574976487e-08,0.999683113502825,-0.000166282486148425,-0.00326336791821082,0.337484903787553,-1.40715035246472e-07,0.0144672150381638,-1.91016381103794e-05,444.994948539866,439.982001435668,435.041094550873,439.982020848285
1.582,0,0,-0.306181134821534,1.94825673490099e-08,0.999683025256584,-0.000169376703816144,-0.00292468641594538,0.339770821155718,-1.41495553263217e-07,0.0145686786236393,-1.91161336093858e-05,445.015228835819,439.981834150333,435.019902826134,439.981852976197
1.583,0,0,-0.306209433508337,1.94712333782402e-08,0.999682939005509,-0.00017213120422517,-0.00258404046121727,0.341414279024985,-1.42270945443565e-07,0.0146688167594255,-1.91300956279656e-05,445.03399467237,439.981664461865,435.000232886773,439.981682707611
1.584,0,0,-0.306237588305031,1.94585424078429e-08,0.99968285472625,-0.000174544343634372,-0.00224207091106874,0.34241867244037,-1.43041081645046e-07,0.0147676243493847,-1.91435246886219e-05,445.05128121478,439.981492392594,434.982049420342,439.981510064805
1.585,0,0,-0.306265598242592,1.94444815084742e-08,0.999682772395218,-0.000176615117272716,-0.00189941466003874,0.342788528267033,-1.43805834806148e-07,0.0148650966906774,-1.91564213984829e-05,445.067122989419,439.981317967778,434.965317752245,439.981335072985
1.586,0,0,-0.306293462365101,1.94290380005664e-08,0.999682691988596,-0.000178343154814024,-0.00155670351794681,0.342529485671846,-1.44565080952369e-07,0.0149612294645842,-1.91687864483188e-05,445.081553893909,439.981141215499,434.950003836013,439.981157760193
1.587,0,0,-0.306321179729785,1.94121994558552e-08,0.999682613482343,-0.000179728714739592,-0.00121456310811735,0.341648274770426,-1.45318699200544e-07,0.0150560187274951,-1.91806206114808e-05,445.094607207129,439.980962166562,434.936074243705,439.980978157197
1.588,0,0,-0.306348749407059,1.93939536988117e-08,0.999682536852208,-0.000180772677609999,-0.000873611787850397,0.340152693496836,-1.46066571761436e-07,0.0151494609020616,-1.91919247427708e-05,445.106315599065,439.980780854395,434.923496156421,439.980796297394
1.589,0,0,-0.306376170480555,1.93742888079815e-08,0.999682462073736,-0.000181476538269248,-0.000534459592886519,0.338051582755819,-1.46808583940657e-07,0.0152415527685119,-1.92026997772454e-05,445.116711140531,439.980597314951,434.912237354935,439.980612216713
1.59,0,0,-0.306403442047161,1.93531931172299e-08,0.999682389122278,-0.000181842397006067,-0.000197707207552303,0.33535479991998,-1.47544624137925e-07,0.0153322914561241,-1.92129467289625e-05,445.125825312736,439.980411586609,434.902266210454,439.980425953511
1.591,0,0,-0.306430563217042,1.93306552168966e-08,0.999682317972998,-0.000181872949698886,0.000136055037790707,0.332073190736717,-1.48274583844709e-07,0.0154216744348564,-1.92226666896751e-05,445.133689016722,439.980223710077,434.893551675485,439.98023754848
1.592,0,0,-0.306457533113671,1.93066639548594e-08,0.999682248600887,-0.00018157147697255,0.000466248140436744,0.328218559711974,-1.48998357640286e-07,0.0155096995071312,-1.92318608274784e-05,445.140332582663,439.980033728297,434.886063274821,439.98004704455
1.593,0,0,-0.306484350873845,1.92812084375096e-08,0.999682180980769,-0.000180941832396412,0.000792305368677448,0.32380363903998,-1.49715843186241e-07,0.0155963647997708,-1.92405303854141e-05,445.145785779026,439.979841686352,434.879771096643,439.979854486794
1.594,0,0,-0.306511015647706,1.92542780306388e-08,0.999682115087312,-0.000179988429754838,0.0011136731733758,0.318842056150112,-1.50426941219473e-07,0.0156816687560826,-1.92486766800378e-05,445.150077821602,439.979647631368,434.874645783735,439.979659922334
1.595,0,0,-0.306537526598759,1.92258623602398e-08,0.999682050895035,-0.000178716229422599,0.00142981206642578,0.31334829994384,-1.51131555543724e-07,0.0157656101280908,-1.92563010999543e-05,445.153237382408,439.979451612427,434.87065852481,439.97946340025
1.596,0,0,-0.306563882903876,1.91959513132215e-08,0.999681988378325,-0.000177130723878881,0.00174019746482511,0.307337685796364,-1.51829593019663e-07,0.015848187968913,-1.92634051043231e-05,445.155292598451,439.979253680474,434.867781045952,439.979264971488
1.597,0,0,-0.306590083753315,1.91645350380402e-08,0.999681927511439,-0.00017523792239493,0.00204432049916352,0.30082631939907,-1.52520963553589e-07,0.0159294016252787,-1.92699902213412e-05,445.156271080376,439.979053888228,434.865985602165,439.979064688769
1.598,0,0,-0.306616128350718,1.91316039452485e-08,0.999681868268515,-0.000173044334931464,0.00234168878540624,0.293831059520288,-1.53205580084774e-07,0.0160092507301882,-1.92760580467036e-05,445.156199920976,439.978852290092,434.865244969032,439.978862606501
1.599,0,0,-0.306642015913119,1.90971487079617e-08,0.999681810623589,-0.00017055695528309,0.00263182715893005,0.28636947976303,-1.53883358571494e-07,0.0160877351957088,-1.9281610242048e-05,445.15510570359,439.97864894207,434.865532434486,439.978658780696
1.6,0,0,-0.306667745670944,1.9061160262245e-08,0.999681754550596,-0.000167783243507971,0.0029142783698488,0.278459829399458,-1.54554217975785e-07,0.0161648552059068,-1.92866485333851e-05,445.153014510366,439.978443901677,434.866821790687,439.978453268877
1.601,0,0,-0.306693316868009,1.90236298074215e-08,0.999681700023385,-0.000164731107681887,0.00318860373874527,0.270120993362673,-1.55218080246986e-07,0.0162406112099129,-1.92911747095185e-05,445.149951930412,439.978237227858,434.869087326,439.978246129999
1.602,0,0,-0.306718728761514,1.8984548806303e-08,0.999681647015727,-0.000161408885016702,0.00345438377200741,0.261372451477213,-1.55874870304073e-07,0.0163150039151184,-1.92951906204571e-05,445.145943067823,439.978028980904,434.872303817091,439.978037424365
1.603,0,0,-0.306743980622037,1.89439089853438e-08,0.999681595501326,-0.000157825322383995,0.0037112187360485,0.252234237010173,-1.56524516016865e-07,0.0163880342805013,-1.92986981758223e-05,445.141012549597,439.97781922237,434.876446521117,439.977827213543
1.604,0,0,-0.306769071733527,1.89017023347208e-08,0.999681545453828,-0.000153989556285298,0.00395872918977309,0.242726894625315,-1.57166948186107e-07,0.0164597035100783,-1.93016993432532e-05,445.13518453342,439.977608014998,434.881491168022,439.977615560285
1.605,0,0,-0.306794001393287,1.88579211083394e-08,0.999681496846833,-0.00014991109231098,0.00419655647473293,0.2328714378228,-1.57802100522509e-07,0.0165300130464829,-1.9304196146812e-05,445.128482715358,439.977395422634,434.887413952943,439.977402528453
1.606,0,0,-0.306818768911961,1.88125578237674e-08,0.9996814496539,-0.000145599784130333,0.00442436316249997,0.222689305947278,-1.5842990962475e-07,0.0165989645646655,-1.93061906653909e-05,445.120930337415,439.977181510155,434.894191528704,439.977188182937
1.607,0,0,-0.306843373613523,1.87656052620981e-08,0.999681403848561,-0.000141065812055842,0.004641833458866,0.21220232084705,-1.59050314956505e-07,0.0166665599657151,-1.93076850311249e-05,445.112550194993,439.97696634339,434.901800998424,439.97697258958
1.608,0,0,-0.306867814835249,1.8717056467744e-08,0.99968135940433,-0.000136319661224966,0.00484867356456154,0.201432643266823,-1.59663258822536e-07,0.0167328013707996,-1.93086814278096e-05,445.103364644239,439.976749989049,434.91021990822,439.976755815105
1.609,0,0,-0.306892091927703,1.86669047481627e-08,0.999681316294711,-0.000131372099443053,0.00504461199226838,0.190402729056248,-1.60268686343886e-07,0.0167976911152231,-1.93091820893278e-05,445.09339560928,439.976532514648,434.919426240001,439.976537927042
1.61,0,0,-0.306916204254713,1.86151436735153e-08,0.999681274493207,-0.000126234154731144,0.00522939983978273,0.179135285275936,-1.60866545432203e-07,0.0168612317425984,-1.93091892980864e-05,445.082664589356,439.976313988439,434.929398404377,439.976318993656
1.611,0,0,-0.306940151193341,1.85617670762603e-08,0.999681233973334,-0.000120917092622573,0.00540281101926691,0.167653226282048,-1.61456786763243e-07,0.0169234259991328,-1.93087053834639e-05,445.071192665843,439.976094479338,434.940115233645,439.976099083877
1.612,0,0,-0.306963932133863,1.85067690506827e-08,0.999681194708623,-0.000115432393252273,0.00556464244260838,0.15597962986975,-1.62039363749599e-07,0.0169842768280253,-1.93077327202711e-05,445.059000509177,439.975874056861,434.951555974886,439.975878267232
1.613,0,0,-0.306987546479735,1.84501439523612e-08,0.999681156672636,-0.000109791728282619,0.00571471416298483,0.144137693554954,-1.62614232512694e-07,0.0170437873639728,-1.93062737272263e-05,445.046108385671,439.975652791054,434.963700283149,439.975656613776
1.614,0,0,-0.307010993647561,1.83918863975733e-08,0.999681119838969,-0.000104006937709545,0.00585286947281285,0.132150691072704,-1.63181351854058e-07,0.0171019609277846,-1.93043308654455e-05,445.032536164232,439.975430752426,434.976528214731,439.975434194032
1.615,0,0,-0.307034273067067,1.83319912626408e-08,0.999681084181267,-9.80900065924056e-05,0.00597897495833552,0.120041929169388,-1.6374068322595e-07,0.0171588010211024,-1.93019066369491e-05,445.01830332298,439.97520801189,434.99002022055,439.97521107892
1.616,0,0,-0.30705738418106,1.82704536832165e-08,0.999681049673229,-9.20530417508047e-05,0.00609292051118075,0.107834704764668,-1.64292190701341e-07,0.0172143113212252,-1.92990035831865e-05,445.003428955768,439.974984640698,435.004157139611,439.974987339701
1.617,0,0,-0.307080326445392,1.82072690535141e-08,0.999681016288615,-8.5908248471209e-05,0.00619461929729759,0.095552262557574,-1.64835840943295e-07,0.0172684956760353,-1.92956242835787e-05,444.987931778601,439.974760710378,435.018920192558,439.97476304791
1.618,0,0,-0.307103099328928,1.81424330254808e-08,0.999680984001261,-7.96679072657403e-05,0.00628400768375106,0.08321775314968,-1.65371603173804e-07,0.0173213580990266,-1.92917713540806e-05,444.971830135967,439.974536292681,435.034290975322,439.974538275303
1.619,0,0,-0.307125702313498,1.80759415079171e-08,0.999680952785081,-7.3344350725016e-05,0.00636104512392856,0.0708541917565771,-1.65899449142085e-07,0.0173729027644305,-1.92874474457627e-05,444.955142007065,439.974311459515,435.050251452855,439.974313093791
1.62,0,0,-0.307148134893863,1.80077906655411e-08,0.999680922614078,-6.6949940506321e-05,0.00642571400178081,0.0584844175771137,-1.66419353092402e-07,0.0174231340024405,-1.92826552434143e-05,444.937885011947,439.974086282894,435.066783952952,439.974087575394
1.621,0,0,-0.307170396577669,1.79379769180026e-08,0.999680893462353,-6.04970444977356e-05,0.00647801943578926,0.0461310538879561,-1.6693129173142e-07,0.0174720562945312,-1.92773974641678e-05,444.920076417565,439.973860834883,435.083871160163,439.973861792175
1.622,0,0,-0.307192486885404,1.78664969388455e-08,0.99968086530411,-5.399801419812e-05,0.00651798904341797,0.0338164689290403,-1.67435244195129e-07,0.0175196742688729,-1.9271676856144e-05,444.901733143725,439.973635187541,435.101496109784,439.973635816194
1.623,0,0,-0.30721440535035,1.77933476544208e-08,0.999680838113667,-4.74651623520634e-05,0.00654567266687313,0.021562737643385,-1.67931192015378e-07,0.0175659926958375,-1.92654961971212e-05,444.882871768957,439.973409412871,435.119642181941,439.973409719452
1.624,0,0,-0.307236151518538,1.77185262427512e-08,0.999680811865463,-4.09107408780551e-05,0.00656114206105499,0.00939160433255108,-1.68419119086055e-07,0.017611016483596,-1.92588582932259e-05,444.863508536294,439.973183582772,435.138293095757,439.973183573843
1.625,0,0,-0.307257724948702,1.76420301323496e-08,0.999680786534065,-3.43469191272143e-05,0.00656449054464796,-0.00267555371325342,-1.68899011628917e-07,0.0176547506738056,-1.92517659776471e-05,444.843659358962,439.972957768984,435.157432903597,439.972957451103
1.626,0,0,-0.307279125212224,1.75638570009911e-08,0.999680762094173,-2.77857625089462e-05,0.00655583261535164,-0.0146177615537816,-1.69370858159127e-07,0.017697200437384,-1.92442221093735e-05,444.823339825992,439.972732043045,435.177045985398,439.972731422761
1.627,0,0,-0.307300351893088,1.74840047744408e-08,0.999680738520634,-2.12392115188576e-05,0.00653530353031174,-0.0264144808518785,-1.69834649450511e-07,0.0177383710703714,-1.92362295719553e-05,444.802565207736,439.972506476243,435.197117043089,439.972505560098
1.628,0,0,-0.307321404587823,1.74024716251387e-08,0.999680715788442,-1.47190612031797e-05,0.00650305885286211,-0.0380456429894583,-1.70290378500578e-07,0.0177782679898758,-1.92277912722888e-05,444.781350461311,439.972281139572,435.217631095073,439.972279934094
1.629,0,0,-0.307342282905455,1.73192559708422e-08,0.999680693872748,-8.23694109281264e-06,0.00645927396674005,-0.049491680997244,-1.70738040495299e-07,0.0178168967301035,-1.92189101394254e-05,444.759710235952,439.972056103685,435.238573470811,439.972054615391
1.63,0,0,-0.30736298646745,1.72343564732285e-08,0.999680672748867,-1.80429563891481e-06,0.00640414355898438,-0.0607335602518334,-1.71177632773699e-07,0.0178542629384704,-1.92095891234048e-05,444.737658878291,439.971831438856,435.259929805465,439.971829674249
1.631,0,0,-0.307383514907656,1.71477720364564e-08,0.999680652392285,4.56763481926784e-06,0.00633788107277114,-0.0717528078963691,-1.71609154792274e-07,0.0178903723717947,-1.91998311941124e-05,444.715210437553,439.971607214939,435.28168603463,439.971605180503
1.632,0,0,-0.307403867872251,1.70595018056912e-08,0.999680632778664,1.08678325249159e-05,0.00626071813148397,-0.0825315409438522,-1.72032608089281e-07,0.0179252308925685,-1.91896393401607e-05,444.692378670669,439.971383501324,435.303828389143,439.971381203527
1.633,0,0,-0.307424045019683,1.69695451655912e-08,0.999680613883849,1.70855201843936e-05,0.00617290393535596,-0.0930524930249479,-1.7244799624889e-07,0.0179588444653076,-1.91790165677947e-05,444.669177047322,439.971160366905,435.326343389961,439.971157812191
1.634,0,0,-0.307444046020609,1.68779017387588e-08,0.999680595683874,2.32101782315047e-05,0.00607470463205615,-0.103299039744987,-1.72855324865246e-07,0.017991219152978,-1.9167965899822e-05,444.645618754904,439.970937880037,435.349217843123,439.970935074831
1.635,0,0,-0.307463870557841,1.67845713841564e-08,0.999680578154969,2.92315614498915e-05,0.00596640266262818,-0.11325522261775,-1.7325460150645e-07,0.0180223611134967,-1.91564903745671e-05,444.621716703407,439.970716108507,435.372438834778,439.970713059208
1.636,0,0,-0.307483518326279,1.66895541954893e-08,0.999680561273566,3.51397149296475e-05,0.00584829608421907,-0.122905771546544,-1.73645835678478e-07,0.0180522765963079,-1.91445930448484e-05,444.597483530234,439.970495119495,435.395993726292,439.970491832475
1.637,0,0,-0.307502989032856,1.65928504995552e-08,0.9996805450163,4.09249893356631e-05,0.00572069787106452,-0.132236125826028,-1.74029038789083e-07,0.0180809719390306,-1.9132276976981e-05,444.57293160494,439.970274979541,435.419870149427,439.970271461144
1.638,0,0,-0.307522282396468,1.64944608545623e-08,0.999680529360024,4.65780554667059e-05,0.00558393519522196,-0.14123245364118,-1.74404224111672e-07,0.0181084535641781,-1.91195452498019e-05,444.5480730339,439.970055754516,435.444056001589,439.970052011059
1.639,0,0,-0.307541398147919,1.6394386048418e-08,0.999680514281803,5.2089918085737e-05,0.00543834868856478,-0.149881670042832,-1.74771406749193e-07,0.018134727975948,-1.91064009537191e-05,444.5229196649,439.969837509593,435.46853944115,439.969833547356
1.64,0,0,-0.307560336029851,1.6292627096987e-08,0.999680499758928,5.74519290034903e-05,0.00528429168757015,-0.1581714533821,-1.75130603598039e-07,0.0181598017570802,-1.90928471897844e-05,444.497483091667,439.96962030921,435.493308882836,439.969616134443
1.641,0,0,-0.307579095796683,1.61891852423218e-08,0.999680485768918,6.26557993988816e-05,0.00512212946244927,-0.166090260189109,-1.75481833312001e-07,0.0181836815657834,-1.90788870687891e-05,444.471774658323,439.969404217052,435.518352993191,439.969399835967
1.642,0,0,-0.307597677214542,1.60840619508662e-08,0.999680472289525,6.76936113613686e-05,0.00495223843218169,-0.173627338484326,-1.75825116266284e-07,0.0182063741327277,-1.90645237103827e-05,444.445805463774,439.969189296016,435.543660686099,439.969184714789
1.643,0,0,-0.307616080061201,1.59772589116325e-08,0.999680459298735,7.25578286419523e-05,0.0047750053670257,-0.180772739513836,-1.76160474521597e-07,0.0182278862581026,-1.90497602422146e-05,444.419586366024,439.968975608191,435.569221118388,439.968970832958
1.644,0,0,-0.307634304126008,1.58687780343533e-08,0.999680446774782,7.72413066010851e-05,0.00459082658008407,-0.18751732790283,-1.76487931788322e-07,0.0182482248087393,-1.90345997990978e-05,444.393127986438,439.96876321483,435.595023685481,439.968758251687
1.645,0,0,-0.307652349209822,1.57586214476094e-08,0.999680434696141,8.1737301343331e-05,0.00440010710950837,-0.193852790224524,-1.7680751339082e-07,0.0182673967152957,-1.90190455221954e-05,444.36644071392,439.968552176328,435.621058017136,439.968547031328
1.646,0,0,-0.307670215124942,1.5646791496935e-08,0.999680423041542,8.60394780302107e-05,0.00420325989292681,-0.199771641984654,-1.77119246231834e-07,0.0182854089695037,-1.90031005582284e-05,444.339534709042,439.968342552201,435.647313973229,439.968337231351
1.647,0,0,-0.30768790169504,1.55332907428998e-08,0.999680411789967,9.01419183642455e-05,0.00400070493567858,-0.205267233024569,-1.77423158757038e-07,0.0183022686214772,-1.89867680587057e-05,444.312419908101,439.968134401061,435.673781639618,439.968128910324
1.648,0,0,-0.307705408755091,1.5418121959171e-08,0.999680400920659,9.40391272387974e-05,0.00379286847443355,-0.210333751348797,-1.77719280919734e-07,0.0183179827770794,-1.89700511791752e-05,444.285106027115,439.967927780602,435.70045132406,439.96792212589
1.649,0,0,-0.307722736151304,1.53012881305544e-08,0.999680390413123,9.7726038549876e-05,0.00358018213776855,-0.214966225385791,-1.78007644145713e-07,0.0183325585953493,-1.8952953078496e-05,444.257602565759,439.967722747573,435.727313552198,439.967716934754
1.65,0,0,-0.307739883741051,1.51827924510162e-08,0.999680380247129,0.000101198020167652,0.00336308210526176,-0.219160524693312,-1.78288281298301e-07,0.0183460032859858,-1.89354769181312e-05,444.229918811235,439.967519357768,435.754359063602,439.967513392655
1.651,0,0,-0.307756851392796,1.5062638321687e-08,0.999680370402719,0.000104450878066968,0.00314200826665353,-0.222913359122643,-1.78561226643578e-07,0.0183583241068875,-1.8917625861461e-05,444.202063842087,439.967317666005,435.781578807877,439.96731155436
1.652,0,0,-0.307773638986024,1.49408293488475e-08,0.999680360860208,0.000107480859617687,0.00291740338260666,-0.226222276458494,-1.78826515815812e-07,0.0183695283617492,-1.88994030731163e-05,444.174046531955,439.96711772611,435.808963940832,439.967111473641
1.653,0,0,-0.307790246411168,1.48173693418981e-08,0.999680351600185,0.000110284656037228,0.00268971224858099,-0.229085658554062,-1.7908418578309e-07,0.018379623397712,-1.8880811718332e-05,444.145875553265,439.966919590902,435.836505820703,439.966913203262
1.654,0,0,-0.307806673569539,1.46922623113129e-08,0.999680342603521,0.00011285940400916,0.00245938086331614,-0.231502715983287,-1.79334274813183e-07,0.0183886166030678,-1.88618549623186e-05,444.117559380873,439.966723312182,435.864196004439,439.966716794967
1.655,0,0,-0.307822920373253,1.45655124665784e-08,0.99968033385137,0.000115202686473192,0.00222685560339347,-0.233473481234787,-1.79576822439625e-07,0.0183965154050151,-1.88425359696547e-05,444.089106295638,439.966528940715,435.892026244044,439.966522299464
1.656,0,0,-0.307838986745155,1.44371242141187e-08,0.999680325325168,0.00011731253259338,0.00199258240532198,-0.234998800474416,-1.79811869428043e-07,0.0184033272674677,-1.88228579036966e-05,444.06052438795,439.966336526223,435.919988482979,439.966329766414
1.657,0,0,-0.307854872618751,1.43071021552065e-08,0.999680317006643,0.000119187416912756,0.00175700595656533,-0.236080323905705,-1.80039457742729e-07,0.0184090596889135,-1.8802823926007e-05,444.031821561197,439.966146117369,435.948074852619,439.966139244422
1.658,0,0,-0.307870577938129,1.41754510838632e-08,0.999680308877811,0.000120826257704046,0.00152056889689642,-0.236720494759716,-1.80259630513471e-07,0.0184137202003226,-1.87824371958016e-05,444.00300553518,439.965957761751,435.976277668762,439.965950781022
1.659,0,0,-0.307886102657889,1.40421759847459e-08,0.99968030092098,0.000122228414527473,0.00128371103143343,-0.236922536948034,-1.80472432002654e-07,0.018417316363105,-1.87617008694134e-05,443.974083849469,439.96577150589,436.004589428199,439.965764422673
1.66,0,0,-0.307901446743066,1.39072820310246e-08,0.999680293118755,0.000123393685007974,0.00104686855667645,-0.236690441414717,-1.8067790757263e-07,0.0184198557671158,-1.8740618099774e-05,443.945063866715,439.965587395221,436.033002805338,439.965580214746
1.661,0,0,-0.307916610169056,1.37707745822488e-08,0.999680285454037,0.00012432230084551,0.000810473300827037,-0.236028951225038,-1.80876103653365e-07,0.0184213460287073,-1.87191920359121e-05,443.915952775901,439.965405474087,436.061510648873,439.965398201519
1.662,0,0,-0.307931592921544,1.36326591822048e-08,0.999680277910026,0.000125014923073337,0.000574951979634116,-0.234943545430792,-1.81067067710371e-07,0.0184217947888275,-1.86974258224688e-05,443.886757595547,439.965225785731,436.090105978521,439.96521842617
1.663,0,0,-0.307946394996424,1.34929415567651e-08,0.999680270470225,0.000125472636580404,0.000340725468969007,-0.233440421753765,-1.81250848212944e-07,0.0184212097111638,-1.86753225992283e-05,443.857485176859,439.96504837229,436.118781981795,439.965040930767
1.664,0,0,-0.307961016399728,1.33516276117284e-08,0.999680263118436,0.000125696943915168,0.000108208095289957,-0.231526478130708,-1.81427494602681e-07,0.018419598480331,-1.86528855006659e-05,443.828142206836,439.96487327479,436.147532010839,439.96486575627
1.665,0,0,-0.30797545714755,1.32087234306542e-08,0.999680255838768,0.000125689758389288,-0.00012219305488777,-0.229209293164816,-1.81597057262318e-07,0.0184169688001031,-1.86301176555099e-05,443.798735211318,439.964700533141,436.176349579312,439.964692942517
1.666,0,0,-0.307989717265967,1.30642352726898e-08,0.999680248615636,0.000125453396500735,-0.000350078805445834,-0.226497105530223,-1.81759587484864e-07,0.0184133283916881,-1.860702218632e-05,443.769270557992,439.96453018613,436.205228359321,439.96452252823
1.667,0,0,-0.308003796790966,1.2918169570392e-08,0.999680241433759,0.000124990569696927,-0.000575058540017725,-0.223398792377523,-1.81915137443068e-07,0.0184086849920441,-1.858360220908e-05,443.739754459348,439.964362271426,436.234162178401,439.964354551004
1.668,0,0,-0.30801769576837,1.27705329275428e-08,0.999680234278168,0.000124304375499449,-0.000796750829270189,-0.219923846789622,-1.82063760159183e-07,0.0184030463522371,-1.85598608328048e-05,443.710192975587,439.964196825568,436.263145016547,439.964189047307
1.669,0,0,-0.308031414253755,1.26213321169621e-08,0.9996802271342,0.000123398288012931,-0.0010147840351867,-0.216082354338507,-1.82205509475068e-07,0.0183964202358396,-1.85358011591623e-05,443.680592017483,439.964033883968,436.292171003298,439.964026052482
1.67,0,0,-0.308044952312383,1.24705740783151e-08,0.999680219987505,0.000122276147841498,-0.00122879689147965,-0.211884968794616,-1.82340440022606e-07,0.0183888144173677,-1.85114262821083e-05,443.650957349198,439.963873480912,436.321234414855,439.963865600739
1.671,0,0,-0.308058310019118,1.2318265915917e-08,0.999680212824043,0.000120942151437091,-0.00143843905931014,-0.207342887041566,-1.82468607194459e-07,0.0183802366807583,-1.84867392875351e-05,443.621294591056,439.963715649552,436.350329671264,439.96370772516
1.672,0,0,-0.308071487458353,1.21644148965355e-08,0.999680205630085,0.000119400839904741,-0.00164337165754756,-0.202467823249883,-1.82590067115163e-07,0.0183706948178836,-1.84617432529342e-05,443.591609222264,439.963560421916,436.37945133363,439.963552457696
1.673,0,0,-0.308084484723932,1.20090284471901e-08,0.999680198392218,0.000117657087290603,-0.00184326776685494,-0.197271982364223,-1.82704876612551e-07,0.0183601966271036,-1.84364412470702e-05,443.561906583597,439.963407828898,436.408594101385,439.96339982917
1.674,0,0,-0.308097301919078,1.18521141529511e-08,0.999680191097338,0.000115716088379279,-0.00203781290694139,-0.191768032959265,-1.82813093189518e-07,0.0183487499118549,-1.84108363296689e-05,443.532191880038,439.963257900269,436.437752809598,439.963249869276
1.675,0,0,-0.308109939156308,1.16936797547368e-08,0.999680183732657,0.000113583346027552,-0.00222670548637787,-0.185969079520067,-1.82914774996129e-07,0.0183363624792758,-1.8384931551116e-05,443.502470183368,439.963110664673,436.466922426326,439.963102606584
1.676,0,0,-0.308122396557365,1.1533733147111e-08,0.9996801762857,0.000111264658062257,-0.00240965722442908,-0.17988863420318,-1.83009980802073e-07,0.0183230421388663,-1.83587299521694e-05,443.472746434726,439.962966149629,436.496098050021,439.962958068538
1.677,0,0,-0.308134674253135,1.13722823760798e-08,0.999680168744306,0.000108766103770515,-0.00258639354441034,-0.173540588135174,-1.83098769969464e-07,0.0183087967011835,-1.83322345636814e-05,443.443025447115,439.962824381538,436.525274906961,439.962816281463
1.678,0,0,-0.308146772383576,1.12093356368901e-08,0.99968016109663,0.000106094030011036,-0.00275665393813553,-0.166939182305545,-1.83181202425981e-07,0.0182936339765696,-1.83054484063338e-05,443.413311907881,439.962685385685,436.554448348741,439.962677270566
1.679,0,0,-0.308158691097635,1.10449012718285e-08,0.99968015333114,0.000103255036975586,-0.00292019230107887,-0.160098978111118,-1.83257338638365e-07,0.0182775617739149,-1.82783744903822e-05,443.383610381132,439.962549186239,436.583613849799,439.962541059943
1.68,0,0,-0.308170430553176,1.0878987768022e-08,0.999680145436616,0.000100255963630064,-0.00307677723793065,-0.153034827609144,-1.83327239586276e-07,0.018260587899452,-1.8251015815413e-05,443.353925310142,439.962415806264,436.612767004975,439.962407672578
1.681,0,0,-0.308181990916902,1.07116037552412e-08,0.999680137402156,9.71038728649521e-05,-0.0032261923382843,-0.145761843536236,-1.83390966736478e-07,0.0182427201555825,-1.82233753701089e-05,443.324261019691,439.962285267718,436.64190352713,439.962277130354
1.682,0,0,-0.308193372364278,1.05427580037058e-08,0.999680129217169,9.38060363850896e-05,-0.00336823642224906,-0.138295369150174,-1.83448582017409e-07,0.0182239663397356,-1.81954561320258e-05,443.294621718385,439.962157591462,436.671019244785,439.962149454056
1.683,0,0,-0.308204575079457,1.03724594218935e-08,0.999680120871377,9.03699193689391e-05,-0.00350272375583947,-0.130650947951327,-1.83500147794086e-07,0.0182043342432564,-1.81672610673792e-05,443.265011500931,439.962032797264,436.700110099811,439.962024663375
1.684,0,0,-0.308215599255198,1.02007170543518e-08,0.999680112354818,8.68031649276171e-05,-0.00362948423604976,-0.122844293340134,-1.8354572684336e-07,0.0181838316503252,-1.81387931308396e-05,443.235434350368,439.961910903809,436.729172145158,439.961902776917
1.685,0,0,-0.308226445092796,1.00275400795147e-08,0.999680103657838,8.31135783940235e-05,-0.00374836354557699,-0.114891258266607,-1.83585382329545e-07,0.018162466336906,-1.81100552653381e-05,443.205894140275,439.961791928697,436.758201542617,439.961783812206
1.686,0,0,-0.308237112802002,9.8529378075232e-09,0.999680094771099,7.9309111472418e-05,-0.00385922327721288,-0.106807804927304,-1.83619177780388e-07,0.0181402460697238,-1.80810504018805e-05,443.17639463693,439.961675888461,436.787194560622,439.961667785698
1.687,0,0,-0.308247602600947,9.67691967805031e-09,0.99968008568557,7.53978462787414e-05,-0.00396194102797915,-0.0986099745645678,-1.83647177063378e-07,0.0181171786052707,-1.80517814593699e-05,443.14693950144,439.961562798565,436.816147572093,439.961554712781
1.688,0,0,-0.308257914716067,9.49949525813219e-09,0.999680076392533,7.13879793018782e-05,-0.0040564104631359,-0.0903138574220844,-1.83669444362448e-07,0.0180932716888393,-1.80222513444386e-05,443.117532291832,439.961452673418,436.845057052309,439.961444607786
1.689,0,0,-0.308268049382026,9.32067424000409e-09,0.999680066883579,6.72878053159002e-05,-0.00414254135024582,-0.0819355629100255,-1.8368604415501e-07,0.0180685330535841,-1.79924629512875e-05,443.088176465113,439.961345526379,436.873919576824,439.961337483995
1.69,0,0,-0.308278006841643,9.14046643894257e-09,0.999680057150605,6.31057012731217e-05,-0.00422025956353026,-0.0734911900320872,-1.83697041189342e-07,0.0180429704196083,-1.79624191615339e-05,443.058875379291,439.961241369767,436.902731819414,439.961233353651
1.691,0,0,-0.30828778734581,8.95888179111403e-09,0.999680047185819,5.88501102075353e-05,-0.00428950705880464,-0.0649967981257683,-1.83702500462334e-07,0.0180165914930784,-1.79321228440669e-05,443.029632295367,439.961140214867,436.931490550062,439.961132227964
1.692,0,0,-0.308297391153423,8.77593035142997e-09,0.999680036981731,5.45295251778835e-05,-0.00435024181933184,-0.0564683779661346,-1.83702487197596e-07,0.0179894039653629,-1.79015768549106e-05,443.000450379287,439.961042071946,436.960192632977,439.961034117122
1.693,0,0,-0.308306818531305,8.59162229140916e-09,0.99968002653116,5.01524732792581e-05,-0.00440243777298154,-0.0479218232821578,-1.83697066823906e-07,0.0179614155121973,-1.78707840370945e-05,442.97133270387,439.960946950251,436.988835024643,439.960939030298
1.694,0,0,-0.308316069754126,8.40596789704737e-09,0.999680015827225,4.57274997517077e-05,-0.00444608468113216,-0.0393729027334759,-1.83686304954001e-07,0.0179326337928727,-1.78397472205305e-05,442.942282250696,439.96085485803,437.017414771912,439.960846975664
1.695,0.00712724694583415,0,-0.308325145104335,8.21897756669462e-09,0.999680004863351,4.1263152213872e-05,-0.00448118799979928,-0.0308372323941059,-1.83670267363739e-07,0.0179030664494494,-1.78084692218975e-05,442.913301911964,439.960765802537,437.045929010116,439.960757960398
1.696,0.0166850419835823,0,-0.308334044872071,8.03066180887553e-09,0.999679993633745,3.67679650491556e-05,-0.00450776871352006,-0.0223302487882513,-1.83649021808379e-07,0.0178727212881809,-1.77769528565382e-05,442.880393277502,439.960748558625,437.078550891653,439.960740832081
1.697,0.0262414426468065,0,-0.308342769355051,7.8410312398845e-09,0.999679982135457,3.2250443971402e-05,-0.00452586314256781,-0.0138671825218923,-1.83622645865811e-07,0.0178416070576716,-1.77452009908515e-05,442.84232395447,439.960824049647,437.116561335926,439.960816536111
1.698,0.0357929399351908,0,-0.308351318858467,7.65009658146038e-09,0.999679970369395,2.77190507964332e-05,-0.00453552272411371,-0.00546303255232384,-1.83591230998473e-07,0.0178097338420014,-1.77132165769719e-05,442.799268723318,439.960988983026,437.159772062202,439.960981776298
1.699,0.0453360180223764,0,-0.308359693694883,7.45786865849484e-09,0.999679958340314,2.31821884451802e-05,-0.0045368137679939,0.00286745886377518,-1.83554882818498e-07,0.0177771130757109,-1.76810026642538e-05,442.751400693634,439.961240112827,437.20799678385,439.961233303122
1.7,0.0548671555455215,0,-0.308367894184134,7.26435839665578e-09,0.999679946056661,1.86481862034556e-05,-0.00452981718778035,0.0111098305048016,-1.83513720692638e-07,0.0177437574961659,-1.76485624051861e-05,442.698891310115,439.96157423897,437.261051208369,439.961567912951
1.701,0.0643828269026768,0,-0.308375920653196,7.06957681990901e-09,0.999679933530415,1.41252852626972e-05,-0.00451462820789151,0.0192499257639703,-1.83467877320534e-07,0.0177096810964087,-1.76158990596611e-05,442.641910357852,439.96198820654,437.318753037592,439.961982447343
1.702,0.0738795035574118,0,-0.308383773436056,6.87353504794436e-09,0.999679920776934,9.62162456526148e-06,-0.00449135604751545,0.0272739154388418,-1.83417498288935e-07,0.0176748990784942,-1.75830159977248e-05,442.580625966951,439.962478905171,437.380921968075,439.96247379244
1.703,0.0833536553503036,0,-0.308391452873568,6.67624429351202e-09,0.999679907814811,5.14522697705226e-06,-0.0044601235821527,0.0351683196969312,-1.83362741604343e-07,0.0176394278073098,-1.75499167009268e-05,442.515204616487,439.963043268519,437.447379691629,439.963038878434
1.704,0.0928017518167568,0,-0.308398959313288,6.47771585967513e-09,0.999679894665736,7.03985809447801e-07,-0.00442106698361884,0.0429200291855341,-1.83303777206467e-07,0.0176032847648792,-1.75166047623841e-05,442.445811137815,439.963678273807,437.517949896003,439.963674679116
1.705,0.102220263510747,0,-0.308406293109314,6.27796113698434e-09,0.999679881354355,-3.69434828836576e-06,-0.00437433533937766,0.0505163252557805,-1.83240786464768e-07,0.0175664885051494,-1.74830838856699e-05,442.372608717231,439.964380941437,437.592458265706,439.964378211492
1.706,0.111605663333923,0,-0.308413454622101,6.07699160057992e-09,0.999679867908142,-8.04218004643358e-06,-0.00432009025210498,0.0579448992728447,-1.83173961660311e-07,0.0175290586092594,-1.74493578826294e-05,442.295758898006,439.965148334673,437.670732482947,439.965146535458
1.707,0.120954427869681,0,-0.308420444218273,5.87481880722711e-09,0.999679854357274,-1.23320818811356e-05,-0.00425850542041014,0.0651938709861832,-1.83103505454988e-07,0.0174910156412919,-1.74154306702226e-05,442.215421581797,439.96597755938,437.752602228701,439.965976753548
1.708,0.130263038721617,0,-0.308427262270423,5.67145439229009e-09,0.999679840734506,-1.65568057739859e-05,-0.00418976620166735,0.0722518059356476,-1.83029630350137e-07,0.0174523811045068,-1.7381306266489e-05,442.131755029449,439.966865763817,437.837899183864,439.966866010723
1.709,0.139527983855959,0,-0.308433909156907,5.46691006664993e-09,0.999679827075051,-2.07092947047244e-05,-0.00411406915793238,0.0791077318713186,-1.82952558136466e-07,0.0174131773980566,-1.73469887857242e-05,442.044915861201,439.967810138485,437.926457030512,439.967811494222
1.71,0.148745758947396,0,-0.308440385261625,5.26119761357169e-09,0.999679813416471,-2.47826936222817e-05,-0.00403162158594097,0.0857511541669261,-1.82872519337093e-07,0.0173734277741836,-1.73124824329535e-05,441.955059056299,439.96880791602,438.018111453248,439.968810433453
1.711,0.157912868727866,0,-0.308446690973793,5.05432888552596e-09,0.999679799798558,-2.87703599382058e-05,-0.00394264103220463,0.092172070208757,-1.82789752645459e-07,0.0173331562958999,-1.72777914977837e-05,441.862337952043,439.969856371125,438.112700140611,439.969860099931
1.712,0.167025828337747,0,-0.308452826687715,4.84631580096962e-09,0.999679786263231,-3.26658735281636e-05,-0.00384735479423667,0.0983609827439999,-1.82704504359746e-07,0.0172923877951487,-1.72429203477116e-05,441.766904242273,439.970952820545,438.210062786562,439.970957807246
1.713,0.17608116467896,0,-0.308458792802534,4.63717034109092e-09,0.999679772854428,-3.64630462281682e-05,-0.00374599940895592,0.104308912174534,-1.82617027815356e-07,0.0172511478314496,-1.72078734209611e-05,441.668907975301,439.97209462307,438.310041092024,439.972100911075
1.714,0.185075417769461,0,-0.30846458972199,4.42690454652351e-09,0.999679759618005,-4.01559308132421e-05,-0.0036388201293292,0.110007407784236,-1.82527582816961e-07,0.0172094626510256,-1.71726552189187e-05,441.568497551319,439.973279179575,438.412478766463,439.973286809214
1.715,0.194005142098621,0,-0.308470217854162,4.21553051403411e-09,0.999679746601635,-4.37388294472863e-05,-0.00352607039032371,0.115448557889929,-1.82436435071486e-07,0.0171673591464149,-1.71372702982333e-05,441.465819719285,439.974503933073,438.517221529517,439.974512941641
1.716,0.20286690798292,0,-0.308475677611203,4.00306039318847e-09,0.999679733854712,-4.72063015940086e-05,-0.00340801126525014,0.120624998908184,-1.82343855623368e-07,0.0171248648165667,-1.71017232626426e-05,441.361019573302,439.975766368806,438.62411711265,439.975776790602
1.717,0.211657302921503,0,-0.308480969409079,3.78950638299982e-09,0.999679721428255,-5.05531713798414e-05,-0.00328491091358346,0.125529923332211,-1.82250120293322e-07,0.0170820077274211,-1.70660187545837e-05,441.254240548521,439.97706401434,438.733015260827,439.977075880708
1.718,0.220372932950968,0,-0.308486093667289,3.57488072856429e-09,0.999679709374816,-5.37745344008755e-05,-0.00315704402135345,0.13015708661514,-1.8215550912176e-07,0.0170388164729762,-1.70301614466444e-05,441.145624416554,439.978394439684,438.843767734205,439.978407779053
1.719,0.22901042399898,0,-0.30849105080859,3.35919571768737e-09,0.99967969774839,-5.68657639669241e-05,-0.00302469123519946,0.134500812958022,-1.82060305817979e-07,0.0169953201368401,-1.69941560329062e-05,441.035311280449,439.979755257415,438.956228309833,439.979770095345
1.72,0.237566423236041,0,-0.308495841258714,3.14246367750555e-09,0.999679686604325,-5.9822516776931e-05,-0.00288813859118486,0.138556000002889,-1.81964797216109e-07,0.016951548254272,-1.69580072202287e-05,440.923439569212,439.981144122814,439.070252783341,439.981160482033
1.721,0.246037600424972,0,-0.308500465446076,2.92469697110689e-09,0.999679675999238,-6.26407380210285e-05,-0.00274767693946487,0.142318122433201,-1.81869272738769e-07,0.0169075307747102,-1.69217197195204e-05,440.810146031917,439.982558734,439.185698970629,439.982576634457
1.722,0.254420649267518,0,-0.308504923801485,2.70590799415455e-09,0.999679665990928,-6.53166659056447e-05,-0.00260360136589869,0.145783234486002,-1.81774023869313e-07,0.0168632980247905,-1.68852982370393e-05,440.695565731399,439.98399683208,439.302426709533,439.984016290981
1.723,0.262712288747572,0,-0.308509216757849,2.48610917151682e-09,0.999679656638293,-6.78468355991474e-05,-0.00245621061169098,0.148947971382013,-1.8167934363345e-07,0.0168188806718552,-1.68487474657638e-05,440.579832037574,439.985456201279,439.42029786147,439.985477233138
1.724,0.270909264470411,0,-0.308513344749872,2.26531295390714e-09,0.999679648001252,-7.02280825965938e-05,-0.00230580649214101,0.151809549681832,-1.8158552609099e-07,0.0167743096879531,-1.68120720768698e-05,440.463076620379,439.98693466908,439.539176313054,439.986957285763
1.725,0.279008349997468,0,-0.308517308213755,2.04353181453778e-09,0.999679640140661,-7.24575455032293e-05,-0.00215269331556842,0.154365766578271,-1.81492865838382e-07,0.0167296163143331,-1.6775276711351e-05,440.345429442363,439.988430106354,439.658927977668,439.988454317125
1.726,0.287006348176033,0,-0.30852110758689,1.82077824579024e-09,0.999679633118238,-7.45326682374415e-05,-0.00199717730347377,0.156614998136714,-1.81401657522665e-07,0.0166848320264318,-1.67383659718117e-05,440.227018750949,439.989940427477,439.779420797001,439.989966239047
1.727,0.294900092463374,0,-0.308524743307551,1.59706475590567e-09,0.999679626996482,-7.6451201654928e-05,-0.00183956601297901,0.158556196497158,-1.81312195367392e-07,0.0166399884993564,-1.67013444144648e-05,440.107971070382,439.991463590437,439.900524742524,439.99149100701
1.728,0.302686448244683,0,-0.308528215814589,1.3724038656985e-09,0.999679621838602,-7.82112045968758e-05,-0.00168016776257873,0.160188886053393,-1.81224772710975e-07,0.016595117573864,-1.66642165413601e-05,439.98841119338,439.992997596931,440.02211181692,439.993026620253
1.729,0.310362314144369,0,-0.308531525547116,1.14680810529593e-09,0.99967961770844,-7.98110443659692e-05,-0.00151929106221666,0.161513158626443,-1.81139681557948e-07,0.0165502512228401,-1.66269867928692e-05,439.868462172511,439.994540492438,440.144056055446,439.994571121849
1.73,0.317924623330025,0,-0.308534672944196,9.20290010906448e-10,0.9996796146704,-8.12493966350546e-05,-0.00135724404868372,0.162529667651104,-1.81057212143501e-07,0.0165054215182757,-1.65896595404494e-05,439.748245311322,439.996090366286,440.266233527223,439.996122598765
1.731,0.325370344808658,0,-0.308537658444528,6.9286212161988e-10,0.999679612789372,-8.25252447942703e-05,-0.00119433392731462,0.163239621395975,-1.80977652511613e-07,0.0164606605987453,-1.65522390797073e-05,439.627880155224,439.997645351685,440.388522336464,439.997679181904
1.732,0.332696484714509,0,-0.308540482486138,4.64536976241659e-10,0.999679612130668,-8.36378787434225e-05,-0.00103086642093855,0.163644775238993,-1.80901288107086e-07,0.016416000637388,-1.65147296237817e-05,439.507484482167,439.99920362575,440.510802623609,439.999239046121
1.733,0.339900087587984,0,-0.308543145506058,2.35327110163799e-10,0.999679612759945,-8.45868931373284e-05,-0.000867145227016832,0.163747423021937,-1.80828401381706e-07,0.0163714738103919,-1.64771352970608e-05,439.387174293121,440.000763409494,440.632956566386,440.000800410222
1.734,0.346978237645095,0,-0.308545647940018,5.24505227494806e-12,0.999679614743142,-8.53721850927698e-05,-0.000703471483876337,0.163550387508841,-1.80759271414727e-07,0.0163271122659834,-1.64394601292509e-05,439.267063802384,440.002322967801,440.754868380777,440.002361536936
1.735,0.353928060036899,0,-0.308547990222124,-2.25696678088191e-10,0.99967961814641,-8.59939513665973e-05,-0.000540143246921533,0.163057009974644,-1.80694173547808e-07,0.0162829480939243,-1.64017080498072e-05,439.147265427734,440.003880609367,440.876424321893,440.003920732855
1.736,0.360746722098341,0,-0.308550172784551,-4.57485574145911e-10,0.999679623036047,-8.64526850153939e-05,-0.000377454975681353,0.162271138951702,-1.80633379034553e-07,0.0162390132955164,-1.63638828827403e-05,439.027889780455,440.005434686624,440.997512684747,440.005476348358
1.737,0.367431434585991,0,-0.308552196057229,-6.90109144634953e-10,0.999679629478431,-8.67491715479488e-05,-0.000215697032518605,0.161197118163092,-1.80577154704662e-07,0.0161953397541159,-1.6325988341806e-05,438.909045655243,440.006983595625,441.11802380493,440.007026777497
1.738,0.373979452904083,0,-0.308554060467526,-9.23554916720395e-10,0.999679637539956,-8.68844845826055e-05,-5.51551938002005e-05,0.159839773672779,-1.80525762642769e-07,0.016151959206159,-1.62880280260884e-05,438.790840020029,440.008525775905,441.237850059169,440.008570457861
1.739,0.380388078318351,0,-0.308555766439946,-1.15781043885811e-09,0.999679647286969,-8.68599810223324e-05,0.000103889825704197,0.158204400283901,-1.80479459881945e-07,0.0161089032127008,-1.62500054159809e-05,438.673378005732,440.010059710314,441.356885865789,440.010105870406
1.74,0.38665465915706,0,-0.308557314395812,-1.39286328360602e-09,0.999679658785707,-8.66772957611132e-05,0.000261162834459267,0.156296747217448,-1.80438498111855e-07,0.0160662031314676,-1.62119238695713e-05,438.556762895964,440.011583924816,441.47502768504,440.011631539255
1.741,0.392776591998746,0,-0.308558704752966,-1.62870105038249e-09,0.999679672102236,-8.63383359359779e-05,0.000416394611133843,0.154123003104621,-1.8040312340146e-07,0.0160238900894251,-1.61737866194343e-05,438.441096116702,440.013096988262,441.592174019324,440.013146031468
1.742,0.398751322846084,0,-0.30855993792546,-1.86531136817026e-09,0.999679687302388,-8.58452747396768e-05,0.000569322336234121,0.151689780327066,-1.80373575936226e-07,0.0159819949558642,-1.61355967698336e-05,438.326477225965,440.014597512122,441.708225413288,440.014647956781
1.743,0.404576348285336,0,-0.308561014323258,-2.10268189816439e-09,0.999679704451704,-8.52005448096565e-05,0.000719690007765633,0.149004098740047,-1.80350089769669e-07,0.0159405483160041,-1.60973572943343e-05,438.213003903499,440.016084150197,441.823084453793,440.016135967314
1.744,0.410249216630875,0,-0.308561934351932,-2.3408003363629e-09,0.999679723615373,-8.44068312096095e-05,0.00086724884032474,0.14607336881437,-1.8033289258912e-07,0.015899580445117,-1.60590710338254e-05,438.1007719405,440.01755559829,441.936655769757,440.017608757241
1.745,0.415767529054227,0,-0.308562698412369,-2.5796544160987e-09,0.999679744858175,-8.3467064020455e-05,0.00101175764705663,0.142905374233601,-1.80322205495536e-07,0.0158591212831726,-1.60207406949514e-05,437.989875229396,440.019010593853,442.04884603186,440.019065062437
1.746,0.421128940697079,0,-0.308563306900479,-2.81923191051158e-09,0.999679768244423,-8.23844105581485e-05,0.00115298320395366,0.139508253983736,-1.80318242797179e-07,0.0158192004100061,-1.59823688489494e-05,437.880405753706,440.020447915594,442.159563952124,440.02050366009
1.747,0.426331161767779,0,-0.308563760206901,-3.0595206349591e-09,0.999679793837905,-8.11622672362281e-05,0.00129070059600522,0.135890483973033,-1.80321211816945e-07,0.0157798470210098,-1.59439579308891e-05,437.772453578,440.021866383058,442.268720283339,440.021923368274
1.748,0.43137195862073,0,-0.308564058716724,-3.30050844936537e-09,0.999679821701832,-7.98042510914749e-05,0.00142469354474851,0.132060858220219,-1.80331312713129e-07,0.0157410899033503,-1.59055102393094e-05,437.666106837973,440.023264856176,442.376227818368,440.023323045505
1.749,0.436249154818231,0,-0.308564202809198,-3.54218326050653e-09,0.999679851898782,-7.83141909914953e-05,0.00155475471680771,0.128028469649664,-1.80348738313386e-07,0.0157029574127118,-1.58670279362483e-05,437.56145173067,440.02464223478,442.482001389293,440.024701590253
1.75,0.440960632174177,0,-0.308564192857464,-3.78453302423221e-09,0.999679884490643,-7.66961185434274e-05,0.00168068601304802,0.12380269053247,-1.80373673961634e-07,0.0156654774505676,-1.5828513047657e-05,437.458572504861,440.025997458094,442.585957866422,440.02605794043
1.751,0.445504331779151,0,-0.308564029228272,-4.02754574762191e-09,0.999679919538565,-7.49542587233272e-05,0.00180229883801014,0.119393152612665,-1.8040629737765e-07,0.0156286774419799,-1.57899674641923e-05,437.357551451602,440.027329504187,442.68801615715,440.027391072847
1.752,0.449878255006382,0,-0.308563712281721,-4.27120949107557e-09,0.999679957102903,-7.30930202461039e-05,0.0019194143493298,0.114809726957892,-1.80446778529073e-07,0.0155925843139299,-1.57513929423784e-05,437.258468894996,440.028637389402,442.78809720467,440.028700002643
1.753,0.454080464498062,0,-0.308563242370992,-4.51551237033769e-09,0.999679997243168,-7.11169856961523e-05,0.00203186368688677,0.110062503574078,-1.80495279515535e-07,0.0155572244741794,-1.57127911061293e-05,437.161403183174,440.029920167759,442.886123986528,440.029983782684
1.754,0.458109085131526,0,-0.308562619842088,-4.76044255845408e-09,0.99968004001798,-6.90309014390626e-05,0.00213948818146692,0.105161770823612,-1.80551954464638e-07,0.0155226237906634,-1.56741634486219e-05,437.066430679516,440.031176930322,442.98202151303,440.031241502933
1.755,0.4619623049648,0,-0.308561845033583,-5.00598828766087e-09,0.999680085485009,-6.68396673349873e-05,0.00224213954276077,0.100117994686536,-1.80616949439456e-07,0.0154888075714166,-1.56355113345091e-05,436.973625754129,440.032406804553,443.07571682549,440.0324722898
1.756,0.465638376161028,0,-0.308560918276374,-5.25213785120512e-09,0.999680133700936,-6.45483262743999e-05,0.00233968002656105,0.0949417979041228,-1.80690402357317e-07,0.0154558005450337,-1.55968360024623e-05,436.883060775605,440.033608953625,443.167138994325,440.03367530546
1.757,0.469135615891288,0,-0.308559839893436,-5.49887960509649e-09,0.999680184721399,-6.21620535570991e-05,0.00243198258106146,0.089643939044067,-1.80772442919503e-07,0.0154236268416638,-1.55581385680313e-05,436.794806103075,440.034782575724,443.256219116988,440.034849747151
1.758,0.472452407215338,0,-0.308558610199593,-5.74620196978961e-09,0.999680238600949,-5.96861461353893e-05,0.00251893097219764,0.0842352915262374,-1.80863192551589e-07,0.0153923099745415,-1.55194200268098e-05,436.708930078576,440.03592690332,443.342890315744,440.035994846446
1.759,0.47558719993979,0,-0.308557229501277,-5.99409343179671e-09,0.999680295393002,-5.71260117424103e-05,0.00260041988801027,0.0787268226476495,-1.80962764354139e-07,0.0153618728220529,-1.54806812578923e-05,436.625499019748,440.037041202425,443.42708773528,440.037109868506
1.76,0.478538511453285,0,-0.308555698096315,-6.24254254523017e-09,0.999680355149793,-5.44871579265851e-05,0.00267635502204878,0.0731295726449181,-1.81071263063382e-07,0.0153323376103394,-1.54419230276121e-05,436.544577212886,440.038124771818,443.508748540159,440.038194111314
1.761,0.481304927538171,0,-0.308554016273704,-6.49153793327478e-09,0.999680417922333,-5.17751810131229e-05,0.00274665313587197,0.0674546338320056,-1.81188785021639e-07,0.0153037258964389,-1.54031459935436e-05,436.466226906357,440.039176942265,443.587811912107,440.039246904886
1.762,0.483885103158268,0,-0.308552184313403,-6.7410682895893e-09,0.999680483760366,-4.89957550134352e-05,0.00281124210073959,0.0617131298505687,-1.81315418157138e-07,0.0152760585519642,-1.53643507087569e-05,436.390508304395,440.04019707571,443.664219047131,440.040267610466
1.763,0.486277763222253,0,-0.308550202486128,-6.99112237963738e-09,0.999680552712323,-4.61546205032114e-05,0.00287006091862599,0.0559161950696278,-1.81451241972955e-07,0.0152493557473208,-1.53255376263106e-05,436.317479561303,440.041184564462,443.737913152476,440.041255619711
1.764,0.488481703322239,0,-0.308548071053153,-7.24168904194749e-09,0.999680624825284,-4.32575734897518e-05,0.00292305972272298,0.0500749541706485,-1.81596327544748e-07,0.0152236369364626,-1.52867071039658e-05,436.247196776066,440.042138830358,443.808839443411,440.042210353853
1.765,0.490495790447109,0,-0.308545790266124,-7.49275718930182e-09,0.999680700144932,-4.03104542889696e-05,0.00297019975763549,0.0442005019534226,-1.81750737527004e-07,0.0151989208421868,-1.52478594091101e-05,436.179713987397,440.043059323916,443.876945139849,440.043131262853
1.766,0.492318963670204,0,-0.30854336036687,-7.74431580985419e-09,0.999680778715517,-3.73191364322535e-05,0.00301145333950776,0.0383038833973872,-1.81914526167503e-07,0.0151752254419686,-1.5208994723873e-05,436.115083169226,440.043945523485,443.94217946279,440.04401782455
1.767,0.49395023481092,0,-0.308540781587232,-7.99635396817685e-09,0.999680860579816,-3.42895156231268e-05,0.00304680379635283,0.0323960740122041,-1.82087739329707e-07,0.0151525679543337,-1.51701131504196e-05,436.053354226653,440.044796934372,444.004493630605,440.044869543787
1.768,0.495388689069846,0,-0.308538054148889,-8.24886080623632e-09,0.999680945779091,-3.12274987633481e-05,0.00307624538889098,0.0264879605105616,-1.82270414522794e-07,0.0151309648257722,-1.51312147164061e-05,435.994574992371,440.045613087976,444.063840855132,440.045685951546
1.769,0.496633485637012,0,-0.308535178263205,-8.50182554429816e-09,0.999681034353056,-2.81389930677812e-05,0.00309978321223545,0.0205903218352444,-1.82462580939045e-07,0.0151104317181893,-1.50922993805828e-05,435.938791223583,440.046393540909,444.120176337612,440.046466604065
1.77,0.497683858272891,0,-0.308532154131066,-8.75523748176113e-09,0.999681126339836,-2.50298952870015e-05,0.00311743307879535,0.0147138105715493,-1.82664259498332e-07,0.0150909834968976,-1.50533670385264e-05,435.886046599412,440.047137874114,444.173457264441,440.047211081958
1.771,0.498539115861747,0,-0.308528981942742,-9.00908599792052e-09,0.999681221775935,-2.19060810562259e-05,0.00312922138279631,0.0088689347751178,-1.82875462899433e-07,0.0150726342191459,-1.50144175284896e-05,435.836382718831,440.04784569198,444.223642802747,440.047918989335
1.772,0.499198642936986,0,-0.308525661877746,-9.26336055266119e-09,0.999681320696199,-1.87733943887348e-05,0.0031351849468487,0.00306604024419352,-1.83096195677905e-07,0.0150553971231884,-1.49754506373482e-05,435.789839099113,440.048516621466,444.270694095794,440.048589952912
1.773,0.499661900178131,0,-0.308522194104706,-9.5180506870803e-09,0.999681423133779,-1.56376373315126e-05,0.00313537085102207,-0.00268470673578094,-1.83326454270248e-07,0.0150392846178906,-1.49364661066337e-05,435.746453174823,440.049150311215,444.314574258202,440.049223621136
1.774,0.499928424879083,0,-0.308518578781241,-9.7731460240403e-09,0.999681529120104,-1.2504559800359e-05,0.00312983624491152,-0.00837333614845702,-1.83566227084151e-07,0.015024308272874,-1.4897463638633e-05,435.706260297356,440.04974643068,444.355248370984,440.049819663307
1.775,0.499997831387319,0,-0.308514816053851,-1.00286362686523e-08,0.999681638684842,-9.37984961122601e-06,0.00311864814320807,-0.0139900904781663,-1.83815494574536e-07,0.0150104788091964,-1.48584429025407e-05,435.669293735029,440.050304669252,444.392683476409,440.050377768706
1.776,0.499869811513706,0,-0.30851090605781,-1.02845112086901e-08,0.999681751855875,-6.26912272400945e-06,0.00310188320530999,-0.0195254403924159,-1.8407422932517e-07,0.0149978060905695,-1.4819403540649e-05,435.635584673746,440.0508247354,444.426848572672,440.050897645731
1.777,0.4995441349126,0,-0.308506848917071,-1.05407607149358e-08,0.999681868659262,-3.17791371447627e-06,0.00307962749953592,-0.0249700998521527,-1.84342396135636e-07,0.0149862991151118,-1.47803451745585e-05,435.605162218243,440.051306355815,444.457714608384,440.051379021045
1.778,0.499020649431934,0,-0.308502644744175,-1.07973747414571e-08,0.999681989119214,-1.11666489435537e-07,0.00305197625252292,-0.0303150406279307,-1.84619952113416e-07,0.0149759660076353,-1.47412674113958e-05,435.57805339391,440.051749274568,444.48525447687,440.051821638733
1.779,0.498299281432985,0,-0.308498293640177,-1.10543433258161e-08,0.999682113258061,2.9242747403321e-06,0.00301903358441412,-0.0355515062014167,-1.84906846770877e-07,0.0149668140124666,-1.47021698500223e-05,435.554283149215,440.052153252287,444.509443010278,440.052225259473
1.78,0.497380036079537,0,-0.30849379569457,-1.13116565892118e-08,0.99968224109623,5.92467421548671e-06,0.00298091223046022,-0.0406710250329945,-1.85203022126941e-07,0.0149588494867999,-1.46630520872193e-05,435.53387435873,440.052518065334,444.530256973501,440.052589659724
1.781,0.496262997596169,0,-0.308489150985224,-1.15693047365553e-08,0.999682372652211,8.88441309861706e-06,0.00293773324967783,-0.0456654231775762,-1.85508412813232e-07,0.0149520778945811,-1.46239137238353e-05,435.516847826764,440.05284350502,444.547675057893,440.052914630924
1.782,0.494948329495385,0,-0.308484359578336,-1.18272780564793e-08,0.999682507942536,1.17984976471897e-05,0.00288962572122486,-0.0505268362320964,-1.8582294618449e-07,0.0149465038009226,-1.45847543708805e-05,435.503222291611,440.053129376817,444.561677874804,440.053199978718
1.783,0.49343627477336,0,-0.308479421528381,-1.20855669212816e-08,0.999682646981751,1.4662067077013e-05,0.002836726429169,-0.0552477205995472,-1.86146542433059e-07,0.0149421308670452,-1.45455736555543e-05,435.493014430425,440.053375499607,444.572247948899,440.053445522198
1.784,0.491727156074032,0,-0.30847433687808,-1.23441617868046e-08,0.999682789782392,1.74704011049535e-05,0.00277917953633954,-0.0598208640558101,-1.86479114707273e-07,0.0149389618457483,-1.45063712271935e-05,435.486238864717,440.053581704945,444.579369711284,440.053651093163
1.785,0.489821375821329,0,-0.308469105658371,-1.26030531922506e-08,0.999682936354965,2.02189271603381e-05,0.00271713624796629,-0.0642393956069494,-1.86820569233508e-07,0.0149369985774041,-1.44671467631254e-05,435.482908166489,440.053747836348,444.583029492429,440.053816535415
1.786,0.487719416319304,0,-0.30846372788839,-1.28622317599333e-08,0.999683086707916,2.29032272551866e-05,0.00265075446582054,-0.0684967946260474,-1.87170805441743e-07,0.0149362419864768,-1.44278999744141e-05,435.483032865003,440.053873748608,444.583215514872,440.053941704065
1.787,0.485421839819976,0,-0.308458203575468,-1.31216881949682e-08,0.999683240847618,2.55190445041376e-05,0.00258019843358339,-0.0725868992600862,-1.87529716094448e-07,0.0149366920785618,-1.43886306114881e-05,435.486621454193,440.053959307132,444.579917885723,440.054026464878
1.788,0.482929288558679,0,-0.308452532715125,-1.33814132849e-08,0.999683398778344,2.80622892856627e-05,0.00250563837417567,-0.076503914098805,-1.87897187418613e-07,0.0149383479379463,-1.43493384696336e-05,435.493680400716,440.054004387313,444.573128588941,440.054070693638
1.789,0.480242484756751,0,-0.308446715291081,-1.36413978992706e-08,0.99968356050225,3.0529045036899e-05,0.00242725011979079,-0.0802424170988895,-1.8827309924074e-07,0.014941207725686,-1.43100233943457e-05,435.504214152656,440.054008873927,444.562841477406,440.05407427555
1.79,0.477362230591365,0,-0.308440751275276,-1.39016329891267e-08,0.999683726019355,3.29155736751784e-05,0.00234521473537798,-0.0837973657582736,-1.88657325124633e-07,0.0149452686781989,-1.42706852865221e-05,435.518225148878,440.053972660566,444.549052264751,440.054037104667
1.791,0.474289408132391,0,-0.308434640627898,-1.41621095864693e-08,0.999683895327525,3.52183206400776e-05,0.0022597181363278,-0.0871641025367537,-1.89049732511799e-07,0.0149505271063703,-1.42313241074911e-05,435.535713829024,440.053895649095,444.531758516983,440.053959083352
1.792,0.471024979246108,0,-0.308428383297414,-1.44228188036446e-08,0.999684068422453,3.74339195505695e-05,0.00217095070111502,-0.0903383595205276,-1.894501828643e-07,0.0149569783951704,-1.41919398838606e-05,435.556678644173,440.053777749155,444.51095964386,440.053840121774
1.793,0.467569985465655,0,-0.308421979220622,-1.46837518326795e-08,0.999684245297648,3.95591964726114e-05,0.0020791068796553,-0.0933162623296739,-1.89858531809891e-07,0.0149646170037792,-1.41525327121806e-05,435.581116068145,440.053618877688,444.486656890042,440.053680137438
1.794,0.463925547828104,0,-0.308415428322704,-1.49448999445605e-08,0.999684425944412,4.15911737932626e-05,0.00198438479813299,-0.096094333268978,-1.90274629289285e-07,0.0149734364662169,-1.41131027634064e-05,435.609020609465,440.053418958507,444.45885332599,440.053479054755
1.795,0.460092866678049,0,-0.308408730517286,-1.52062544884586e-08,0.999684610351833,4.35270736981795e-05,0.00188698586105562,-0.0986694937238854,-1.90698319705359e-07,0.0149834293924771,-1.4073650287156e-05,435.640384823975,440.053177921898,444.427553838633,440.053236804638
1.796,0.456073221437628,0,-0.308401885706516,-1.54678068909012e-08,0.999684798506771,4.5364321250094e-05,0.00178711435128867,-0.101039065804726,-1.9112944207415e-07,0.0149945874701609,-1.40341756157505e-05,435.675199328101,440.052895704267,444.392765121771,440.052953324152
1.797,0.451867970342897,0,-0.308394893781141,-1.57295486548918e-08,0.999684990393841,4.71005470666275e-05,0.00168497702882016,-0.103200773243685,-1.91567830177474e-07,0.0150069014666063,-1.39946791680318e-05,435.713452812768,440.052572247811,444.354495666228,440.052628556185
1.798,0.447478550146499,0,-0.308387754620604,-1.59914713589785e-08,0.999685185995408,4.87335895965468e-05,0.00158078272899953,-0.105152741550331,-1.92013312717015e-07,0.015020361231513,-1.39551614529463e-05,435.755132057966,440.052207500246,444.312755749744,440.052262449177
1.799,0.442906475786584,0,-0.308380468093136,-1.62535666562737e-08,0.999685385291571,5.02614969943025e-05,0.00147474196098884,-0.106893497432776,-1.92465713469691e-07,0.0150349557000566,-1.39156230728914e-05,435.800221947967,440.051801414566,444.267557426597,440.051854956869
1.8,0.438153340021932,0,-0.308373034055872,-1.65158262734248e-08,0.999685588260159,5.16825285934297e-05,0.0013670665071565,-0.108421967492853,-1.92924851444166e-07,0.0150506728964909,-1.38760647268147e-05,435.848705487174,440.051353948839,444.218914516949,440.051406038113
1.801,0.433220813033292,0,-0.308365452354965,-1.67782420095389e-08,0.999685794876718,5.29951559801152e-05,0.0012579690241349,-0.109737476204894,-1.93390541038329e-07,0.0150674999382335,-1.38364872130617e-05,435.900563816625,440.050865066054,444.166842595915,440.050915656706
1.802,0.428110641990895,0,-0.308357722825713,-1.70408057350611e-08,0.99968600511451,5.41980636689503e-05,0.00114766264625306,-0.110839743188939,-1.93862592197574e-07,0.0150854230404316,-1.37968914319652e-05,435.955776231123,440.050334734002,444.111358982345,440.050383781277
1.803,0.422824650588175,0,-0.308349845292696,-1.73035093906092e-08,0.999686218944499,5.5290149383596e-05,0.00103636059204375,-0.111728879790364,-1.94340810573734e-07,0.0151044275210044,-1.37572783881727e-05,436.014320197006,440.049762925203,444.052482727313,440.049810385213
1.804,0.417364738541723,0,-0.308341819569919,-1.75663449857656e-08,0.999686436335352,5.62705239457801e-05,0.000924275774512561,-0.112405384979056,-1.94824997684477e-07,0.0151244978061581,-1.37176491927053e-05,436.076171370544,440.049149616872,443.990234602302,440.049195446621
1.805,0.411732881057503,0,-0.308333645460965,-1.78293045978278e-08,0.999686657253434,5.71385107767243e-05,0.000811620415841914,-0.112870140582414,-1.95314951073024e-07,0.0151456174363697,-1.36780050647464e-05,436.141303616955,440.048494790929,443.924637087085,440.04853894834
1.806,0.405931128263381,0,-0.308325322759159,-1.80923803705193e-08,0.999686881662801,5.78936450157692e-05,0.000698605667188981,-0.113124405867467,-1.95810464468008e-07,0.0151677690728349,-1.36383473331547e-05,436.209689030047,440.047798434054,443.855714357295,440.047840877996
1.807,0.399961604608067,0,-0.308316851247734,-1.83555645126622e-08,0.999687109525203,5.85356722616112e-05,0.000585441234220069,-0.113169811488488,-1.96311327943316e-07,0.015190934504377,-1.35986774377006e-05,436.281297952464,440.047060537776,443.783492271663,440.047101228088
1.808,0.393826508226498,0,-0.308308230700016,-1.86188492968129e-08,0.999687340800082,5.90645469422052e-05,0.000472335009007476,-0.113008352817451,-1.9681732807775e-07,0.0152150946548115,-1.35589969300215e-05,436.356098996547,440.046281098614,443.707998358939,440.046319996131
1.809,0.387528110271823,0,-0.308299460879604,-1.88822270578627e-08,0.999687575444568,5.94804303199984e-05,0.000359492708896882,-0.112642382675633,-1.97328248114317e-07,0.015240229590762,-1.35193074742969e-05,436.434059065784,440.04546011825,443.629261804464,440.045497184825
1.81,0.38106875421406,0,-0.308290541540574,-1.91456901916047e-08,0.999687813413487,5.97836881397633e-05,0.00024711752293459,-0.112074603485579,-1.97843868119019e-07,0.015266318529924,-1.34796108476403e-05,436.515143376864,440.044597603754,443.547313436407,440.044632802281
1.811,0.374450855105559,0,-0.308281472427676,-1.94092311532689e-08,0.999688054659358,5.99748879268761e-05,0.000135409766424287,-0.111308058863516,-1.98363965138947e-07,0.0152933398497702,-1.34399089402073e-05,436.599315482309,440.043693567836,443.462185711641,440.043726862277
1.812,0.367676898813446,0,-0.308272253276552,-1.96728424560261e-08,0.9996882991324,6.00547959444471e-05,2.45665441624928e-05,-0.110346124673111,-1.9888831335953e-07,0.0153212710966932,-1.34002037550218e-05,436.686537293681,440.042748029153,443.373912701268,440.042779384553
1.813,0.36074944121917,0,-0.308262883813951,-1.99365166694637e-08,0.999688546780534,6.00243738182452e-05,-8.52185771194209e-05,-0.109192499562255,-1.99416684260767e-07,0.0153500889955815,-1.33604974075184e-05,436.776769105369,440.041761012645,443.282530075759,440.041790395158
1.814,0.35367110738533,0,-0.308253363757964,-2.02002464180337e-08,0.999688797549392,5.9884774838881e-05,-0.00019375588660082,-0.107851195005274,-1.99948846772272e-07,0.0153797694598224,-1.33207921248038e-05,436.869969618923,440.040732549911,443.188075089736,440.04075992682
1.815,0.346444590690014,0,-0.308243692818254,-2.04640243794753e-08,0.999689051382321,5.96373399512018e-05,-0.000300859837021909,-0.106326524873651,-2.00484567426976e-07,0.0154102876017266,-1.32810902446383e-05,436.966095967954,440.039662679629,443.090586566351,440.039688019362
1.816,0.339072651928785,0,-0.308233870696306,-2.07278432832136e-08,0.999689308220393,5.92835934413269e-05,-0.000406349341678672,-0.104623094558979,-2.0102361051332e-07,0.015441617743371,-1.324139421414e-05,437.065103743563,440.038551448007,442.990104881282,440.038574720159
1.817,0.331558118384608,0,-0.308223897085676,-2.09916959087352e-08,0.999689568002414,5.88252383321985e-05,-0.000510048060326973,-0.102745789672428,-2.01565738225792e-07,0.0154737334278516,-1.32017065882133e-05,437.166947020317,440.037398909269,442.886671946321,440.03742008462
1.818,0.323903882865882,0,-0.30821377167225,-2.1255575083944e-08,0.999689830664937,5.82641514989458e-05,-0.000611784673584708,-0.100699764345553,-2.0211071081363e-07,0.0155066074309428,-1.3162030027707e-05,437.271578382738,440.036205126181,442.780331192553,440.036224176711
1.819,0.31611290271289,0,-0.308203494134513,-2.15194736834971e-08,0.999690096142267,5.76023785157599e-05,-0.000711393145445967,-0.0984904291577668,-2.02658286727551e-07,0.015540211773157,-1.31223672973034e-05,437.378948952311,440.034970170607,442.671127553115,440.034987069512
1.82,0.30818819877287,0,-0.308193064143827,-2.17833846271236e-08,0.999690364366483,5.68421282463504e-05,-0.000808712973546695,-0.0961234387161756,-2.03208222764351e-07,0.0155745177321977,-1.30827212631452e-05,437.489008414992,440.033694124095,442.559107445527,440.033708845804
1.821,0.300132854344071,0,-0.308182481364703,-2.20473008779274e-08,0.999690635267447,5.59857671904003e-05,-0.000903589426847249,-0.093604678913928,-2.03760274209216e-07,0.0156094958558016,-1.30430948902034e-05,437.601705049213,440.032377078496,442.444318753588,440.032389598686
1.822,0.291950014088973,0,-0.308171745455102,-2.23112154406757e-08,0.999690908772819,5.50358135987596e-05,-0.000995873770423558,-0.0909402538934903,-2.04314194975622e-07,0.0156451159749627,-1.30034912393912e-05,437.716985754362,440.031019136613,442.326810808825,440.03102943222
1.823,0.283642882917107,0,-0.308160856066722,-2.25751213600747e-08,0.999691184808079,5.39949313704126e-05,-0.00108542347708514,-0.0881364727415717,-2.04869737742654e-07,0.0156813472175315,-1.29639134644322e-05,437.834796079741,440.029620412876,442.206634371493,440.02962846211
1.824,0.275214724837708,0,-0.308149812845305,-2.28390117190347e-08,0.99969146329654,5.28659237445204e-05,-0.0011721024255651,-0.0851998359426365,-2.05426654089639e-07,0.0157181580221854,-1.29243648084859e-05,437.955080253973,440.02818103404,442.08384161111,440.028186816396
1.825,0.266668861782577,0,-0.308138615430948,-2.31028796369251e-08,0.999691744159371,5.16517268010839e-05,-0.00125578108505419,-0.0821370216181118,-2.05984694627965e-07,0.0157555161527602,-1.28848486005399e-05,438.077781214863,440.026701139912,441.958486086527,440.026704636179
1.826,0.25800867239952,0,-0.308127263458416,-2.33667182678218e-08,0.999692027315616,5.03554027839848e-05,-0.00133633668587833,-0.0789548715785221,-2.06543609129932e-07,0.0157933887129399,-1.28453682515748e-05,438.202840639693,440.025180884098,441.830622725519,440.025182076371
1.827,0.249237590816708,0,-0.308115756557464,-2.36305207987484e-08,0.999692312682217,4.89801332603518e-05,-0.00141365337614602,-0.0756603772158514,-2.07103146654536e-07,0.0158317421612949,-1.28059272505094e-05,438.330198975935,440.023620434766,441.700307803894,440.023619306454
1.828,0.240359105378355,0,-0.308104094353173,-2.38942804479118e-08,0.999692600174037,4.75292121303557e-05,-0.00148762236421969,-0.0722606652634553,-2.07663055670089e-07,0.0158705423266635,-1.27665291599349e-05,438.459795472379,440.022019975434,441.567598924108,440.022016511267
1.829,0.231376757352132,0,-0.308092276466275,-2.41579904629356e-08,0.999692889703887,4.6006038501672e-05,-0.00155814204689203,-0.0687629834508117,-2.08223084173547e-07,0.0159097544238696,-1.27271776116461e-05,438.591568210655,440.02037970577,441.432554993385,440.020373891808
1.83,0.222294139608679,0,-0.308080302513504,-2.44216441190901e-08,0.99969318118255,4.44141094429538e-05,-0.00162511812317596,-0.0651746860803224,-2.08782979806475e-07,0.0159493430697686,-1.26878763019787e-05,438.725454137139,440.018699842406,441.295236201327,440.018691666043
1.831,0.213114895273737,0,-0.308068172107936,-2.46852347175236e-08,0.999693474518809,4.27570126307365e-05,-0.00168846369364354,-0.0615032195532482,-2.09342489967549e-07,0.0159892722996152,-1.26486289869616e-05,438.861389095228,440.016980619768,441.155703997014,440.016970069736
1.832,0.203842716353229,0,-0.308055884859345,-2.49487555834929e-08,0.999693769619479,4.10384189042447e-05,-0.00174809934527676,-0.0577561078716811,-2.09901361921534e-07,0.0160295055837452,-1.26094394772945e-05,438.999307857981,440.015222290906,441.014021065589,440.015209357279
1.833,0.194481342331842,0,-0.30804344037456,-2.52122000645978e-08,0.999694066389434,3.92620747425993e-05,-0.00180395322181937,-0.0539409381432383,-2.10459342904641e-07,0.0160700058445638,-1.25703116331603e-05,439.13914416109,440.013425128342,440.870251304311,440.013409802543
1.834,0.185034558745557,0,-0.30803083825783,-2.54755615290179e-08,0.999694364731641,3.74317946789154e-05,-0.00185596107964583,-0.0500653461148865,-2.11016180226248e-07,0.0161107354738334,-1.25312493588818e-05,439.280830736194,440.01158942492,440.724459798085,440.011571699714
1.835,0.175506195728568,0,-0.30801807811119,-2.57388333637556e-08,0.999694664547193,3.55514536657569e-05,-0.00190406632918944,-0.0461370017619933,-2.11571621366912e-07,0.0161516563502525,-1.24922565974357e-05,439.424299344499,440.00971549465,440.576712794455,440.009695364155
1.836,0.165900126535174,0,-0.308005159534839,-2.60020089728845e-08,0.999694965735343,3.36249794063561e-05,-0.001948220061998,-0.0421635949583395,-2.12125414072636e-07,0.0161927298573179,-1.24533373248314e-05,439.569480810704,440.007803673568,440.427077678054,440.007781133246
1.837,0.156220266037081,0,-0.307992082127514,-2.62650817758064e-08,0.999695268193542,3.16563446659255e-05,-0.00198838106351047,-0.0381528212524253,-2.12677306445368e-07,0.0162339169014628,-1.24144955443689e-05,439.716305057216,440.00585432058,440.275622944512,440.005829367239
1.838,0.146470569196704,0,-0.307978845486875,-2.65280452055158e-08,0.999695571817476,2.9649559577284e-05,-0.00202451581167346,-0.0341123677749528,-2.13227047029732e-07,0.0162751779304624,-1.23757352807851e-05,439.864701138633,440.003867818306,440.122418173819,440.003840450098
1.839,0.136655029516963,0,-0.307965449209893,-2.67908927068755e-08,0.999695876501105,2.76086639548888e-05,-0.00205659846154101,-0.0300498993018861,-2.13774384895988e-07,0.0163164729520983,-1.2337060574301e-05,440.014597276488,440.001844573921,439.967534003128,440.001814790338
1.84,0.126777677468174,0,-0.307951892893243,-2.70536177349031e-08,0.999696182136705,2.55377196312056e-05,-0.00208461081602517,-0.0259730444969586,-2.14319069719213e-07,0.0163577615530744,-1.22984754745816e-05,440.165920894238,439.999785019978,439.811042099015,439.999752821847
1.841,0.116842578892551,0,-0.307938176133696,-2.7316213753069e-08,0.999696488614908,2.34408028291754e-05,-0.00210854228298856,-0.0218893823569361,-2.14860851854732e-07,0.0163990029181752,-1.225998403462e-05,440.318598652475,439.997689615229,439.653015129174,439.997655004705
1.842,0.106853833386993,0,-0.307924298528523,-2.75786742316087e-08,0.999696795824747,2.13219965843288e-05,-0.00212838981889305,-0.0178064288823391,-2.15399482409865e-07,0.0164401558496584,-1.2221590304559e-05,440.472556484358,439.995558845422,439.493526733555,439.995521825984
1.843,0.0968155726646118,0,-0.307910259675897,-2.78409926458483e-08,0.999697103653701,1.91853832298762e-05,-0.00214415785924111,-0.0137316239956952,-2.15934713311992e-07,0.0164811787868721,-1.21832983254605e-05,440.627719631238,439.993393224083,439.332651494945,439.993353800527
1.844,0.0867319588957674,0,-0.307896059175299,-2.81031624745465e-08,0.999697411987741,1.70350369578531e-05,-0.00215585823606815,-0.00967231872871586,-2.16466297373028e-07,0.01652202982609,-1.21451121230383e-05,440.784012678466,439.991193293287,439.170464908989,439.991151471713
1.845,0.0766071830290978,0,-0.307881696627931,-2.83651771982514e-08,0.999697720711381,1.48750164691331e-05,-0.0021635100827651,-0.00563576269909289,-2.16993988350378e-07,0.0165626667405533,-1.21070357013629e-05,440.941359591373,439.988959624393,439.007043353649,439.988915412198
1.846,0.0664454630932911,0,-0.307867171637127,-2.86270302976753e-08,0.999698029707722,1.27093577248275e-05,-0.00216713972653099,-0.00162909189687385,-2.17517541004454e-07,0.0166030470007124,-1.2069073036555e-05,441.099683751395,439.986692818762,438.842464058104,439.986646224632
1.847,0.0562510424801385,0,-0.307852483808771,-2.88887152520871e-08,0.999698338858507,1.0542066811287e-05,-0.00216678056877471,0.00234068320038753,-2.18036711152853e-07,0.016643127794658,-1.20312280704768e-05,441.25890799234,439.984393508451,438.676805071099,439.984344542344
1.848,0.0460281882096149,0,-0.307837632751714,-2.91502255377235e-08,0.999698648044174,8.37711293058537e-06,-0.002162472953804,0.00626668916530019,-2.18551255721309e-07,0.0166828660487331,-1.19935047044366e-05,441.418954636775,439.982062356868,438.510145228726,439.982011030007
1.849,0.0357811891776023,0,-0.3078226180782,-2.94115546262195e-08,0.999698957143907,6.21842152802357e-06,-0.00215426402615777,0.0101422007935345,-2.19060932791557e-07,0.0167222184483168,-1.19559067929176e-05,441.579745532515,439.979700059403,438.342564121669,439.979646384258
1.85,0.0255143543869784,0,-0.307807439404284,-2.96726959830587e-08,0.999699266035692,4.06986756782527e-06,-0.00214220757695483,0.013960651895202,-2.19565501646218e-07,0.0167611414587701,-1.19184381373445e-05,441.741202089207,439.977307344021,438.174142061887,439.977251334299
1.851,0.0152320111627148,0,-0.307792096350263,-2.99336430660458e-08,0.999699574596375,1.9352689678133e-06,-0.00212636387964878,0.0177156456888301,-2.20064722810886e-07,0.016799591346535,-1.18811024799009e-05,441.903245314979,439.974884971818,438.004960048758,439.974826642444
1.852,0.0049385033517556,0,-0.307776588541104,-3.01943893237984e-08,0.99969988270172,-1.81619796539689e-07,-0.00210679951559379,0.0214009647829273,-2.20558358093554e-07,0.0168375242003762,-1.18439034974087e-05,442.065795853163,439.972433737537,437.835099734688,439.972373104641
1.853,0,0,-0.307760915606868,-3.04549281942632e-08,0.999700190226467,-2.2771139087062e-06,-0.00208358718984103,0.0250105807310384,-2.21046170621574e-07,0.0168748959527576,-1.18068447952839e-05,442.22877401904,439.969954470047,437.66464339018,439.969891550948
1.854,0,0,-0.30774507718314,-3.07152531032419e-08,0.99970049704489,-4.34760423879041e-06,-0.0020568055375988,0.0285386631471037,-2.21527924864537e-07,0.0169116625384848,-1.17699298529827e-05,442.389121938022,439.967496810026,437.496852021894,439.967431659538
1.855,0,0,-0.307729072911414,-3.09753574629091e-08,0.999700803033248,-6.3895631731921e-06,-0.00202653892180224,0.0319795883688745,-2.22003386707527e-07,0.0169477805822285,-1.17331617891003e-05,442.544115567903,439.965105313061,437.334634983527,439.96503801909
1.856,0,0,-0.307712902439481,-3.12352346703982e-08,0.999701108072005,-8.39955023758524e-06,-0.00199287722225044,0.0353279476580774,-2.22472323762776e-07,0.0169832080298196,-1.16965431643011e-05,442.693864875196,439.962778251579,437.177878392966,439.962708900433
1.857,0,0,-0.307696565421839,-3.14948781065267e-08,0.999701412046094,-1.03742175050123e-05,-0.00195591561677932,0.0385785549269824,-2.22934505820526e-07,0.0170179042469203,-1.16600759803708e-05,442.83847797382,439.960513955664,437.026470254372,439.960442632051
1.858,0,0,-0.30768006152009,-3.17542811346381e-08,0.999701714844747,-1.23103147813679e-05,-0.00191575435494866,0.0417264539819944,-2.23389705285023e-07,0.0170518299897803,-1.1623761722969e-05,442.978061152399,439.958310811124,436.880300431666,439.958237598158
1.859,0,0,-0.307663390403328,-3.20134370995444e-08,0.999702016361315,-1.420469456103e-05,-0.00187249852473058,0.0447669252758608,-2.23837697578772e-07,0.0170849473764846,-1.15876014019946e-05,443.112718901204,439.956167257628,436.739260622336,439.956092236828
1.86,0,0,-0.307646551748516,-3.22723393265664e-08,0.999702316493103,-1.60543167458854e-05,-0.00182625781269472,0.0476954921610704,-2.24278261516618e-07,0.0171172198586873,-1.15515955896743e-05,443.242553938777,439.954081786891,436.603244331553,439.95400503819
1.861,0,0,-0.307629545240843,-3.25309811206655e-08,0.999702615141219,-1.78562531214985e-05,-0.00177714625819202,0.0505079266380007,-2.24711179651125e-07,0.0171486121938224,-1.15157444564838e-05,443.367667238198,439.952052940934,436.472146846594,439.951974542683
1.862,0,0,-0.307612370574071,-3.27893557656641e-08,0.99970291221042,-1.9607691584674e-05,-0.0017252820020454,0.0532002545923563,-2.25136238590702e-07,0.017179090417786,-1.14800478050012e-05,443.488158053032,439.950079310382,436.345865211569,439.949999339358
1.863,0,0,-0.307595027450875,-3.30474565235506e-08,0.999703207608972,-2.13059401171779e-05,-0.0016707870302602,0.0557687605174282,-2.25553229291789e-07,0.017208621818082,-1.14445051017939e-05,443.60412394294,439.948159532827,436.22429820245,439.948078064244
1.864,0,0,-0.30757751558316,-3.3305276633864e-08,0.999703501248514,-2.29484305008938e-05,-0.00161378691327148,0.0582099917176868,-2.25961947326404e-07,0.0172371749074255,-1.1409115507431e-05,443.715660798956,439.946292291243,436.107346302391,439.946209398756
1.865,0,0,-0.307559834692377,-3.35628093131561e-08,0.999703793043931,-2.45327217702113e-05,-0.0015544105412481,0.0605207619912018,-2.26362193126272e-07,0.0172647193977956,-1.13738779047132e-05,443.822862868444,439.944476312443,435.994911677349,439.944392068165
1.866,0,0,-0.307541984509814,-3.38200477545264e-08,0.999704082913233,-2.60565033979649e-05,-0.00149278985597572,0.0626981547893595,-2.2675377220468e-07,0.0172912261749328,-1.13387909252045e-05,443.925822779732,439.942710365593,435.886898151989,439.942624840102
1.867,0,0,-0.307523964776892,-3.40769851272272e-08,0.999704370777436,-2.75175982117624e-05,-0.00142905957984162,0.064739525853314,-2.27136495357167e-07,0.0173166672732725,-1.13038529741514e-05,444.024631566415,439.940993260767,435.783211185878,439.940906523123
1.868,0,0,-0.307505775245435,-3.43336145763352e-08,0.999704656560453,-2.89139650380685e-05,-0.00136335694244463,0.0666425053275718,-2.27510178842137e-07,0.0173410158513102,-1.12690622538659e-05,444.119378691354,439.939323847555,435.683757849963,439.93923596531
1.869,0,0,-0.307487415677936,-3.45899292224868e-08,0.999704940188993,-3.02437010719266e-05,-0.00129582140535237,0.0684049993520558,-2.27874644542358e-07,0.0173642461673899,-1.12344167856499e-05,444.210152070352,439.937701013705,435.588446803329,439.937612052918
1.87,0,0,-0.307468885847811,-3.48459221616745e-08,0.999705221592455,-3.15050439707304e-05,-0.00122659438552631,0.0700251911349355,-2.28229720108333e-07,0.0173863335559108,-1.11999144303337e-05,444.297038095515,439.936123683815,435.497188270232,439.936033709068
1.871,0,0,-0.307450185539642,-3.51015864651007e-08,0.999705500702837,-3.2696373670969e-05,-0.00115581897793224,0.0715015415094322,-2.28575239084451e-07,0.0174072544039453,-1.11655529074966e-05,444.380121658309,439.934590818064,435.409894017415,439.934499892475
1.872,0,0,-0.307431314549409,-3.53569151790876e-08,0.999705777454648,-3.38162139273899e-05,-0.00108363967785032,0.072832788978718,-2.28911041018801e-07,0.0174269861282628,-1.1131329813438e-05,444.45948617231,439.93310141098,435.326477331686,439.933009596222
1.873,0,0,-0.307412272684717,-3.5611901325039e-08,0.999706051784819,-3.48632335745349e-05,-0.00101020210339416,0.0740179492539222,-2.29236971557517e-07,0.0174455071527524,-1.10972426379604e-05,444.535213595651,439.931654490249,435.246852997769,439.931561846567
1.874,0,0,-0.307393059765,-3.58665378994535e-08,0.999706323632625,-3.58362475111089e-05,-0.000935652718742836,0.075056314291128,-2.29552882524417e-07,0.0174627968862393,-1.10632887800277e-05,444.607384453162,439.930249115563,435.170937276424,439.930155701787
1.875,0,0,-0.307373675621734,-3.61208178739846e-08,0.999706592939605,-3.67342174081455e-05,-0.000860138558583747,0.0759474508341043,-2.29858631986713e-07,0.0174788357006883,-1.10294655623542e-05,444.676077858224,439.928884377499,435.098647882827,439.928790251067
1.876,0,0,-0.307354120098622,-3.63747341955482e-08,0.999706859649491,-3.75562521424258e-05,-0.000783806954256647,0.0766911984703471,-2.30154084307555e-07,0.0174936049097891,-1.09957702449815e-05,444.74137153432,439.927559396438,435.029903965214,439.92746461341
1.877,0,0,-0.307334393051785,-3.66282797864724e-08,0.999707123708142,-3.83016079570922e-05,-0.000706805262081595,0.0772876672088184,-2.30439110186083e-07,0.0175070867479168,-1.09622000378966e-05,444.803341836297,439.926273321514,434.964626083781,439.926177936592
1.878,0,0,-0.307314494349931,-3.68814475446901e-08,0.999707385063471,-3.89696883518813e-05,-0.000629280594344487,0.0777372345885607,-2.30713586685689e-07,0.0175192643494637,-1.09287521127402e-05,444.862063771343,439.925025329598,434.902736189842,439.924929396143
1.879,0,0,-0.307294423874526,-3.7134230343971e-08,0.999707643665387,-3.95600437058639e-05,-0.000551379553404439,0.0780405423281282,-2.30977397251131e-07,0.0175301217285337,-1.08954236136555e-05,444.917611019675,439.92381462431,434.844157605238,439.923718194364
1.88,0,0,-0.307274181519949,-3.73866210341921e-08,0.999707899465737,-4.00723706360431e-05,-0.000473247969376904,0.0781984925265148,-2.31230431715102e-07,0.0175396437589977,-1.08622116673229e-05,444.970055954948,439.922640435071,434.788815002003,439.922543559373
1.881,0,0,-0.307253767193642,-3.76386124416439e-08,0.999708152418247,-4.05065110956092e-05,-0.000395030641835395,0.0782122434269709,-2.31472586294885e-07,0.0175478161549007,-1.08291133922248e-05,445.019469664384,439.92150201617,434.736634382269,439.921404744177
1.882,0,0,-0.307233180816251,-3.78901973693716e-08,0.99970840247847,-4.08624512160845e-05,-0.000316871085962949,0.0780832047557844,-2.31703763579634e-07,0.0175546254512177,-1.07961259071822e-05,445.065921968624,439.920398645876,434.687543058426,439.920301025781
1.883,0,0,-0.307212422321759,-3.81413685975493e-08,0.999708649603734,-4.11403198980203e-05,-0.000238911283572041,0.0778130326487576,-2.31923872508848e-07,0.0175600589849526,-1.0763246339205e-05,445.109481441312,439.919329625564,434.641469633525,439.919231704318
1.884,0,0,-0.307191491657608,-3.83921188838859e-08,0.999708893753096,-4.13403871553176e-05,-0.000161291439398641,0.0774036241787353,-2.32132828342552e-07,0.0175641048765738,-1.0730471830692e-05,445.150215428404,439.918294278879,434.598343981915,439.918196102206
1.885,0,0,-0.307170388784821,-3.86424409640606e-08,0.999709134887295,-4.14630622186422e-05,-8.41497430624176e-05,0.0768571114981349,-2.32330552623704e-07,0.0175667520117824,-1.06977995460191e-05,445.188190067216,439.91729195092,434.558097230131,439.91719356334
1.886,0,0,-0.307149113678107,-3.88923275521868e-08,0.999709372968711,-4.15088914037924e-05,-7.62213707090019e-06,0.076175855610995,-2.32516973133302e-07,0.017567990023608,-1.06652266775498e-05,445.223470305201,439.916322007449,434.520661738009,439.916223452297
1.887,0,0,-0.307127666325967,-3.91417713413047e-08,0.999709607961319,-4.14785557512428e-05,6.81579087694286e-05,0.0753624397895842,-2.32692023838651e-07,0.0175678092748256,-1.06327504511012e-05,445.256119918477,439.915383834129,434.485971080042,439.915285153575
1.888,0,0,-0.307106046730786,-3.93907650038978e-08,0.999709839830656,-4.13728684434504e-05,0.000143059616187379,0.0744196626511186,-2.32855644835243e-07,0.0175662008406905,-1.06003681308976e-05,445.286201530087,439.914476835787,434.453960026965,439.914378070853
1.889,0,0,-0.307084254908923,-3.96393011924359e-08,0.999710068543779,-4.11927720068408e-05,0.000216955110194728,0.0733505309105942,-2.33007782282694e-07,0.017563156491985,-1.05680770240412e-05,445.31377662801,439.91360043569,434.424564527575,439.913501626272
1.89,0,0,-0.30706229089079,-3.98873725399405e-08,0.999710294069234,-4.09393353057236e-05,0.000289719623431612,0.0721582518261772,-2.33148388335116e-07,0.0175586686783729,-1.05358744845302e-05,445.338905582924,439.91275407486,434.397721690776,439.912655259746
1.891,0,0,-0.307040154720929,-4.01349716605735e-08,0.999710516377019,-4.06137503356882e-05,0.000361231692810594,0.070846225353989,-2.33277421066335e-07,0.0175527305120554,-1.05037579168491e-05,445.36164766571,439.911937211395,434.373369767848,439.911838428284
1.892,0,0,-0.307017846458081,-4.0382091150246e-08,0.999710735438555,-4.02173288243244e-05,0.000431373348177366,0.0694180360294877,-2.33394844390336e-07,0.0175453357517264,-1.047172477916e-05,445.382061064728,439.911149319822,434.351448134948,439.911050605343
1.893,0,0,-0.306995366175242,-4.06287235872486e-08,0.999710951226654,-3.97514986473855e-05,0.000500030292723418,0.0678774445929726,-2.33500627977283e-07,0.01753647878682,-1.04397725861177e-05,445.400202902831,439.910389890464,434.331897275824,439.910291280197
1.894,0,0,-0.306972713959725,-4.08748615328998e-08,0.99971116371549,-3.92178000687661e-05,0.000567092074903691,0.0662283793770343,-2.33594747165477e-07,0.017526154622047,-1.04078989113335e-05,445.416129254158,439.909658428836,434.314658764755,439.909559957328
1.895,0,0,-0.306949889913205,-4.11204975322135e-08,0.999711372880574,-3.86178818129056e-05,0.000632452251630176,0.0644749274740252,-2.33677182869557e-07,0.0175143588622151,-1.03761013895092e-05,445.429895160677,439.908954455049,434.299675249707,439.908856155835
1.896,0,0,-0.306926894151764,-4.13656241145828e-08,0.999711578698727,-3.79534969784493e-05,0.000696008542530605,0.062621325701851,-2.33747921485302e-07,0.0175010876973297,-1.03443777182627e-05,445.441554648504,439.908277503243,434.286890435704,439.908179408862
1.897,0,0,-0.306903726805929,-4.16102337944809e-08,0.999711781148052,-3.72264988021989e-05,0.000757662975079794,0.0606719513865668,-2.33806954791291e-07,0.0174863378879685,-1.03127256596665e-05,445.451160743988,439.907627121032,434.276249068414,439.907529263046
1.898,0,0,-0.306880388020705,-4.18543190721771e-08,0.999711980207918,-3.64388362825689e-05,0.000817322020429746,0.0586313129804122,-2.33854279847751e-07,0.0174701067509281,-1.02811430415167e-05,445.458765489564,439.90700286897,434.267696917945,439.906905277984
1.899,0,0,-0.306856877955598,-4.20978724344668e-08,0.999712175858927,-3.55925496719285e-05,0.00087489671978331,0.0565040405340358,-2.33889898892847e-07,0.017452392145137,-1.02496277583522e-05,445.464419959393,439.906404320035,434.261180762854,439.906307025712
1.9,0,0,-0.30683319678464,-4.23408863554166e-08,0.999712368082903,-3.46897658473558e-05,0.000930302801175008,0.0542948760417355,-2.33913819236703e-07,0.0174331924578309,-1.02181777722401e-05,445.468174274767,439.905831059128,434.256648374359,439.905734090207
1.901,0,0,-0.306809344696405,-4.25833532971206e-08,0.999712556862864,-3.37326935694579e-05,0.000983460786541473,0.0520086636785913,-2.33926053153383e-07,0.0174125065909855,-1.01867911133455e-05,445.470077619304,439.905282682587,434.254048500761,439.905186066903
1.902,0,0,-0.306785321894017,-4.282526571047e-08,0.999712742183005,-3.27236186390167e-05,0.00103429608898283,0.049650339948369,-2.33926617771088e-07,0.0173903339480052,-1.01554658802986e-05,445.470178253923,439.904758797723,434.25333085207,439.904662562222
1.903,0,0,-0.30676112859516,-4.30666160359336e-08,0.99971292402868,-3.1664898961313e-05,0.00108273910013523,0.0472249237610548,-2.33915534960798e-07,0.0173666744206599,-1.01242002403773e-05,445.468523531605,439.904259022367,434.254446084824,439.904163193122
1.904,0,0,-0.306736765032077,-4.3307396704349e-08,0.999713102386382,-3.05589595280473e-05,0.00112872526759357,0.0447375064588177,-2.33892831223581e-07,0.0173415283762689,-1.00929924295158e-05,445.465159911949,439.903782984431,434.257345787124,439.90368758666
1.905,0,0,-0.306712231451567,-4.35476001377233e-08,0.999713277243728,-2.94082873268327e-05,0.00117219516234218,0.0421932418091049,-2.33858537576803e-07,0.0173148966451272,-1.0061840752155e-05,445.460132975508,439.903330321485,434.261982463848,439.903235379569
1.906,0,0,-0.306687528114977,-4.3787218750044e-08,0.99971344858944,-2.82154261882626e-05,0.00121309453616996,0.0395973359834484,-2.33812689439381e-07,0.0172867805081692,-1.00307435809461e-05,445.453487437935,439.902900680355,434.268309522079,439.902806217852
1.907,0,0,-0.306662655298191,-4.40262449480968e-08,0.999713616413331,-2.6982971580574e-05,0.00125137436906477,0.0369550375404046,-2.33755326516317e-07,0.0172571816848677,-9.99969935631924e-06,445.445267163912,439.902493716721,434.276281256709,439.902399756382
1.908,0,0,-0.306637613291612,-4.42646711322929e-08,0.999713780706287,-2.57135653619227e-05,0.00128699090660052,0.0342716274308531,-2.33686492682694e-07,0.0172261023213628,-9.96870658592877e-06,445.435515180889,439.902109094743,434.285852836256,439.902015658527
1.909,0,0,-0.306612402400142,-4.45024896975025e-08,0.999713941460257,-2.44098905002623e-05,0.00131990568734826,0.031552409043665,-2.33606235867291e-07,0.0171935449788179,-9.93776384398524e-06,445.424273692619,439.901746486687,434.296980288847,439.901653595781
1.91,0,0,-0.306587022943157,-4.47396930338952e-08,0.999714098668232,-2.307466577078e-05,0.00135008556036041,0.0288026983094926,-2.33514607935967e-07,0.017159512622,-9.90686977048464e-06,445.411584092505,439.901405572578,434.309620488411,439.901313247407
1.911,0,0,-0.306561475254478,-4.49762735277859e-08,0.999714252324237,-2.1710640440785e-05,0.00137750269279529,0.026027813880153,-2.33411664575016e-07,0.0171240086080779,-9.87602307034392e-06,445.397486976744,439.901086039851,434.323731141045,439.900994300096
1.912,0,0,-0.306535759682338,-4.52122235624872e-08,0.999714402423314,-2.03205889518676e-05,0.00140213456776587,0.0232330674007652,-2.33297465174591e-07,0.0170870366756379,-9.84522251245176e-06,445.382022157294,439.900787583024,434.339270771571,439.900696447635
1.913,0,0,-0.306509876589348,-4.54475355191652e-08,0.999714548961509,-1.89073056090559e-05,0.00142396397251414,0.020423753891461,-2.33172072712361e-07,0.0170486009339114,-9.81446692864303e-06,445.365228674643,439.900509903381,434.356198710269,439.900419390593
1.914,0,0,-0.306483826352451,-4.5682201777701e-08,0.999714691935863,-1.74735992865872e-05,0.00144297897702881,0.0176051422551217,-2.33035553637527e-07,0.0170087058522119,-9.78375521260472e-06,445.347144810397,439.900252708659,434.3744750798,439.900162836006
1.915,0,0,-0.306457609362887,-4.59162147175543e-08,0.999714831344396,-1.60222881597844e-05,0.00145917290324046,0.0147824659272002,-2.32887977755326e-07,0.0169673562495773,-9.75308631872084e-06,445.327808099689,439.900015712761,434.394060782299,439.899926497089
1.916,0,0,-0.306431226026139,-4.61495667186316e-08,0.999714967186094,-1.45561944723872e-05,0.00147254428494413,0.0119609136832687,-2.32729418112131e-07,0.0169245572846153,-9.72245926086321e-06,445.307255343402,439.899798635463,434.41491748665,439.899710092946
1.917,0,0,-0.306404676761887,-4.63822501621563e-08,0.999715099460902,-1.30781393485282e-05,0.0014830968186146,0.00914562061948907,-2.32559950881262e-07,0.016880314445547,-9.69187311113464e-06,445.285522620218,439.899601202142,434.437007615937,439.899513348295
1.918,0,0,-0.306377962003949,-4.66142574315413e-08,0.999715228169708,-1.15909376583731e-05,0.00149083930529489,0.0063416593207352,-2.32379655249616e-07,0.0168346335404463,-9.6613269985708e-06,445.262645298489,439.899423143515,434.460294335063,439.899335993205
1.919,0,0,-0.306351082200233,-4.68455809132626e-08,0.999715353314334,-1.00973929462554e-05,0.00149578558375249,0.00355403123061005,-2.32188613305197e-07,0.0167875206876729,-9.63082010780635e-06,445.238658047939,439.899264195378,434.484741538544,439.899177762841
1.92,0,0,-0.306324037812668,-4.70762129977352e-08,0.999715474897524,-8.60029242993408e-06,0.00149795445511243,0.000787658237088182,-2.31986909925655e-07,0.0167389823064929,-9.60035167771077e-06,445.213594851191,439.899124098368,434.510313838477,439.899038397217
1.921,0,0,-0.306296829317147,-4.73061460801888e-08,0.999715592922933,-7.10240207938823e-06,0.0014973695991893,-0.00195262551301462,-2.31774632667909e-07,0.016689025107887,-9.56992099999909e-06,445.187489015129,439.89900259772,434.536976552666,439.898917640964
1.922,0,0,-0.306269457203461,-4.75353725615441e-08,0.999715707395117,-5.60646178333238e-06,0.00149405948275342,-0.00466208155809149,-2.31551871658932e-07,0.0166376560855414,-9.53952741782205e-06,445.160373182091,439.898899443048,434.564695692922,439.898815243101
1.923,0,0,-0.306241921975228,-4.77638848492891e-08,0.999715818319523,-4.11518061139603e-06,0.00148805725997875,-0.00733607481222807,-2.3131871948777e-07,0.0165848825070184,-9.50917032434009e-06,445.132279340898,439.898814388123,434.593437953525,439.898730956815
1.924,0,0,-0.306214224149825,-4.79916753583544e-08,0.999715925702476,-2.63123217965679e-06,0.00147940066533198,-0.00997008099061565,-2.31075271098876e-07,0.0165307119051047,-9.47884916128548e-06,445.103238837727,439.898747190664,434.62317069985,439.898664539257
1.925,0,0,-0.306186364258312,-4.82187365119879e-08,0.999716029551172,-1.15725012695152e-06,0.00146813189917326,-0.0125596937589881,-2.30821623686803e-07,0.0164751520693333,-9.44856341751618e-06,445.073282386815,439.898697612139,434.653861957147,439.898615751337
1.926,0,0,-0.306158342845358,-4.84450607426281e-08,0.999716129873663,3.04176290885738e-07,0.00145429750634982,-0.0151006315967887,-2.30557876592338e-07,0.016418211037677,-9.41831262756507e-06,445.042440081013,439.898665417573,434.685480399491,439.898584357531
1.927,0,0,-0.306130160469162,-4.86706404927752e-08,0.999716226678854,1.75050648199687e-06,0.00143794824807358,-0.0175887443643967,-2.302841312001e-07,0.0163598970884098,-9.38809637018794e-06,445.010741402183,439.89865037536,434.71799533888,439.898570125702
1.928,0,0,-0.306101817701369,-4.88954682158604e-08,0.999716319976485,3.17925266811729e-06,0.00141913896738335,-0.0200200195653818,-2.30000490837671e-07,0.0163002187321346,-9.35791426691308e-06,444.978215231437,439.89865225709,434.751376714494,439.898572826914
1.929,0,0,-0.306073315126992,-4.91195363771125e-08,0.999716409777128,4.58798389657642e-06,0.00139792844850073,-0.0223905882953974,-2.29707060676313e-07,0.0162391847039725,-9.32776598059557e-06,444.944889859233,439.898670837377,434.785595082104,439.89859223527
1.93,0,0,-0.306044653344322,-4.93428374544219e-08,0.999716496092169,5.97432990873295e-06,0.00137437927039707,-0.0246967308699811,-2.29403947633278e-07,0.0161768039559131,-9.29765121397858e-06,444.910792995314,439.898705893696,434.820621603635,439.898628127744
1.931,0,0,-0.306015832964845,-4.95653639392008e-08,0.999716578933809,7.33598485921748e-06,0.00134855765489618,-0.0269348821241938,-2.2909126027578e-07,0.0161130856493215,-9.26756970826439e-06,444.875951778506,439.89875720623,434.856428036882,439.89868028403
1.932,0,0,-0.305986854613148,-4.97871083372405e-08,0.999716658315042,8.67071088068358e-06,0.00132053330964408,-0.029101636377694,-2.2876910872664e-07,0.0160480391476003,-9.23752124169705e-06,444.840392786367,439.898824557721,434.892986725367,439.898748486388
1.933,0,0,-0.30595771892683,-5.00080631695642e-08,0.999716734249654,9.97634148910262e-06,0.00129037926628352,-0.0311937520595233,-2.28437604571651e-07,0.0159816740090031,-9.20750562815893e-06,444.804142044691,439.898907733325,434.930270588352,439.898832519507
1.934,0,0,-0.305928426556408,-5.02282209732759e-08,0.99971680675221,1.1250784824978e-05,0.00125817171417583,-0.0332081559875514,-2.28096860768665e-07,0.0159139999795978,-9.17752271578289e-06,444.767225036881,439.89900652048,434.968253110991,439.898932170367
1.935,0,0,-0.305898978165222,-5.04475743024047e-08,0.999716875838042,1.24920267261998e-05,0.00122398983001799,-0.035141947298213,-2.27746991558447e-07,0.0158450269863768,-9.1475723855818e-06,444.729666713166,439.899120708776,435.006908334629,439.899047228107
1.936,0,0,-0.305869374429337,-5.06661157287448e-08,0.999716941523244,1.36981336286101e-05,0.00118791560370627,-0.0369924010228479,-2.27388112377303e-07,0.015774765130511,-9.11765455009684e-06,444.691491499699,439.899250089829,435.046210847239,439.899177483908
1.937,0,0,-0.305839616037447,-5.0883837842689e-08,0.999717003824657,1.48672552907034e-05,0.00115003366080156,-0.0387569713076385,-2.27020339771493e-07,0.0157032246807463,-9.08776915206622e-06,444.652723307504,439.899394457167,435.086135774004,439.899322730868
1.938,0,0,-0.30580970369077,-5.1100733254059e-08,0.999717062759861,1.59976273392417e-05,0.00111043108195399,-0.0404332942748163,-2.26643791313446e-07,0.0156304160669394,-9.0579161631152e-06,444.613385541295,439.899553606117,435.126658768037,439.899482763894
1.939,0,0,-0.305779638102951,-5.13167945929279e-08,0.999717118347167,1.70875736329242e-05,0.00106919721964634,-0.0420191905234912,-2.26258585519801e-07,0.01555634987373,-9.02809558246886e-06,444.57350110817,439.899727333696,435.167756001232,439.899657379596
1.94,0,0,-0.305749419999953,-5.15320145104383e-08,0.999717170605604,1.81355084416098e-05,0.00102642351261734,-0.0435126672691247,-2.25864841771253e-07,0.0154810368343487,-8.99830743568839e-06,444.533092426162,439.899915438514,435.209404155258,439.899846376184
1.941,0,0,-0.30571905011996,-5.17463856796136e-08,0.999717219554911,1.91399384389531e-05,0.000982203298326243,-0.0449119201213431,-2.25462680234221e-07,0.0154044878245562,-8.9685517734319e-06,444.49218143267,439.900117720675,435.251580412685,439.900049553371
1.942,0,0,-0.305688529213261,-5.19599007961632e-08,0.999717265215526,2.00994645066772e-05,0.000936631623820376,-0.0462153345004454,-2.25052221784357e-07,0.0153267138567135,-8.9388286702404e-06,444.450789592764,439.90033398169,435.294262448237,439.900266712287
1.943,0,0,-0.30565785804215,-5.21725525792814e-08,0.999717307608575,2.10127833490654e-05,0.000889805055366369,-0.0474214866936169,-2.24633587931876e-07,0.0152477260739791,-8.90913822334979e-06,444.408937907357,439.900564024385,435.337428420181,439.900497655385
1.944,0,0,-0.305627037380814,-5.23843337724387e-08,0.999717346755863,2.18786889166154e-05,0.000841821487204697,-0.0485291445525086,-2.24206900748701e-07,0.015167535744632,-8.87948055152922e-06,444.366646921265,439.900807652824,435.381056961846,439.900742186367
1.945,0,0,-0.305596068015223,-5.25952371441667e-08,0.999717382679866,2.269607363816e-05,0.000792779949785017,-0.0495372678344768,-2.23772282797432e-07,0.0150861542565185,-8.84985579394649e-06,444.323936731136,439.901064672233,435.425127173263,439.901000110104
1.946,0,0,-0.305564950743019,-5.28052554888362e-08,0.999717415403716,2.34639294611102e-05,0.00074278041783724,-0.0504450081904078,-2.23329857062139e-07,0.0150035931116193,-8.82026410906071e-06,444.280826993265,439.901334888924,435.469618612937,439.901271232561
1.947,0,0,-0.305533686373401,-5.3014381627427e-08,0.999717444951193,2.41813486998349e-05,0.000691923618630041,-0.0512517088026645,-2.22879746880953e-07,0.0149198639207367,-8.79070567354269e-06,444.237336931287,439.901618110228,435.51451128974,439.901555360733
1.948,0,0,-0.305502275727018,-5.32226084082906e-08,0.999717471346717,2.48475246925377e-05,0.000640310840764657,-0.051956903677299,-2.22422075880448e-07,0.014834978398298,-8.76118068122323e-06,444.193485343758,439.901914144432,435.559785654929,439.901852302578
1.949,0,0,-0.305470719635847,-5.34299287079056e-08,0.999717494615333,2.54617522673379e-05,0.000588043743847397,-0.0525603165952601,-2.2195696791182e-07,0.014748948357274,-8.73168934206945e-06,444.149290611614,439.902222800719,435.605422594285,439.902161866956
1.95,0,0,-0.305439018943082,-5.36363354316245e-08,0.999717514782704,2.60234280186054e-05,0.000535224169379253,-0.0530618597279024,-2.21484546988834e-07,0.0146617857042108,-8.70223188118931e-06,444.104770705523,439.902543889109,435.651403420368,439.902483863576
1.951,0,0,-0.305407174503017,-5.38418215144127e-08,0.999717531875099,2.65320503949324e-05,0.000481953953195435,-0.0534616319226637,-2.21004937227526e-07,0.014573502434372,-8.67280853786444e-06,444.059943193124,439.90287722041,435.697709864895,439.902818102941
1.952,0,0,-0.305375187180925,-5.40463799215799e-08,0.999717545919384,2.69872196004556e-05,0.000428334739781493,-0.0537599166653168,-2.20518262787643e-07,0.0144841106269897,-8.64341956461109e-06,444.014825246152,439.903222606166,435.744324071234,439.903164396297
1.953,0,0,-0.305343057852948,-5.42500036495021e-08,0.99971755694301,2.73886373115669e-05,0.000374467798786039,-0.0539571797257331,-2.20024647815826e-07,0.0143936224406234,-8.61406522626936e-06,443.969433647459,439.903579858614,435.791228587011,439.903522555593
1.954,0,0,-0.305310787405968,-5.44526857263363e-08,0.999717564974001,2.77361062113659e-05,0.000320453844042855,-0.0540540664945994,-2.19524216390491e-07,0.0143020501086229,-8.58474579912039e-06,443.923784797922,439.903948790638,435.838406356834,439.903892393431
1.955,0,0,-0.305278376737495,-5.46544192127256e-08,0.999717570040947,2.80295293445159e-05,0.000266392855407536,-0.0540513990190211,-2.19017092468388e-07,0.0142094059346947,-8.55546157003159e-06,443.877894723253,439.904329215733,435.885840715126,439.904273723033
1.956,0,0,-0.305245826755544,-5.48551972024967e-08,0.999717572172989,2.82689092954687e-05,0.000212383903705597,-0.0539501727454152,-2.18503399832849e-07,0.0141157022885701,-8.52621283562947e-06,443.831779080695,439.904720947971,435.93351537907,439.904666358202
1.957,0,0,-0.305213138378515,-5.50550128233477e-08,0.999717571399814,2.84543471933135e-05,0.000158524979080373,-0.0537515529785452,-2.17983262043683e-07,0.0140209516017728,-8.49699990150009e-06,443.785453165625,439.905123801962,435.981414441668,439.905070113291
1.958,0,0,-0.305180312535068,-5.52538592375274e-08,0.999717567751637,2.85860415467903e-05,0.000104912823019962,-0.0534568710659818,-2.17456802388688e-07,0.0139251663634835,-8.46782308141666e-06,443.738931918046,439.905537592829,436.029522364899,439.90548480317
1.959,0,0,-0.305147350164006,-5.54517296425058e-08,0.999717561259196,2.86642869132822e-05,5.16427643329714e-05,-0.0530676203176804,-2.16924143836784e-07,0.013828359116501,-8.4386826965941e-06,443.692229928988,439.905962136178,436.077823972994,439.905910243199
1.96,0,0,-0.305114252214148,-5.56486172716352e-08,0.999717551953738,2.86894724058675e-05,-1.19144066704986e-06,-0.0525854516707532,-2.16385408992722e-07,0.013730542453298,-8.40957907497031e-06,443.645361446802,439.906397248074,436.12630444581,439.906346249207
1.961,0,0,-0.305081019644209,-5.58445153948024e-08,0.999717539867008,2.86620800427638e-05,-5.34977635188923e-05,-0.0520121691098781,-2.1584072005334e-07,0.0136317290121683,-8.38051255051356e-06,443.598340383362,439.906842745021,436.174949312308,439.906792637466
1.962,0,0,-0.305047653422675,-5.60394173190717e-08,0.999717525031241,2.85826829437455e-05,-0.00010518605427367,-0.05134972485413,-2.15290198765379e-07,0.0135319314734655,-8.35148346255591e-06,443.551180320167,439.907298443938,436.223744444135,439.90724922467
1.963,0,0,-0.305014154527678,-5.62333163893188e-08,0.999717507479147,2.84519433783435e-05,-0.000156168187229463,-0.0506002143213352,-2.14733966384786e-07,0.013431162555931,-8.32249215515208e-06,443.503894514356,439.907764162146,436.27267604931,439.907715827923
1.964,0,0,-0.304980523946874,-5.64262059888544e-08,0.999717487243903,2.82706106708659e-05,-0.000206358201523809,-0.0497658708813494,-2.14172143637517e-07,0.0133294350131089,-8.29353897646343e-06,443.456495904617,439.90823971735,436.321730666006,439.908192264718
1.965,0,0,-0.304946762677315,-5.66180795400403e-08,0.999717464359139,2.80395189674815e-05,-0.000255672436378795,-0.0488490604099282,-2.136048506818e-07,0.0132267616298475,-8.26462427816656e-06,443.408997117016,439.908724927628,436.37089515643,439.90867835293
1.966,0,0,-0.304912871725328,-5.68089305048941e-08,0.999717438858931,2.77595848708141e-05,-0.000304029660805264,-0.0478522756551066,-2.13032207071823e-07,0.0131231552188848,-8.23574841488623e-06,443.361410470727,439.90921961142,436.420156700804,439.909173910799
1.967,0,0,-0.304878852106387,-5.69987523856858e-08,0.999717410777785,2.74318049476788e-05,-0.000351351197584709,-0.0467781304282307,-2.12454331722845e-07,0.0130186286175165,-8.2069117436519e-06,443.313747983678,439.909723587518,436.469502791439,439.909678756926
1.968,0,0,-0.304844704844988,-5.71875387255242e-08,0.999717380150631,2.70572531157683e-05,-0.00039756104135966,-0.0456293536319787,-2.11871342877685e-07,0.012913194684346,-8.17811462337769e-06,443.266021378105,439.910236675061,436.518921226907,439.910192710264
1.969,0,0,-0.304810430974523,-5.73752831089342e-08,0.999717347012805,2.66370779152611e-05,-0.000442585970675792,-0.0444087831378875,-2.11283358074554e-07,0.0128068662961131,-8.14935741436503e-06,443.21824208602,439.910758693527,436.568400106302,439.910715590111
1.97,0,0,-0.304776031537154,-5.75619791624243e-08,0.999717311400047,2.61724996714716e-05,-0.000486355653831588,-0.0431193595260487,-2.10690494116234e-07,0.0126996563446023,-8.12064047782772e-06,443.170421254594,439.911289462735,436.617927823594,439.911247216112
1.971,0,0,-0.304741507583688,-5.77476205550448e-08,0.99971727334848,2.56648075548025e-05,-0.000528802748404102,-0.0417641196997635,-2.10092867040551e-07,0.0125915777336265,-8.09196417543878e-06,443.122569751451,439.911828802838,436.66749306208,439.911787408252
1.972,0,0,-0.304706860173451,-5.79322009989358e-08,0.999717232894606,2.51153565443832e-05,-0.000569862994332226,-0.040346190388047,-2.09490592092131e-07,0.0124826433760872,-8.06332886889857e-06,443.074698169889,439.912376534325,436.717084788914,439.912335986859
1.973,0,0,-0.304672090374157,-5.81157142498667e-08,0.999717190075291,2.4525564301891e-05,-0.000609475300451792,-0.0388687815489488,-2.08883783695395e-07,0.0123728661911078,-8.03473491952378e-06,443.026816834005,439.912932478026,436.766692249736,439.912892772605
1.974,0,0,-0.304637199261791,-5.8298154107765e-08,0.999717144927757,2.38969079621497e-05,-0.000647581824389814,-0.0373351796867096,-2.0827255542879e-07,0.0122622591012398,-8.00618268785671e-06,442.978935803748,439.913496455107,436.816304963381,439.913457586507
1.975,0,0,-0.304602187920471,-5.84795144172365e-08,0.999717097489566,2.32309208471892e-05,-0.000684128045738253,-0.0357487410957976,-2.07657020000196e-07,0.0121508350297405,-7.97767253329432e-06,442.931064879888,439.914068287084,436.865912716677,439.914030249934
1.976,0,0,-0.304567057442333,-5.86597890680749e-08,0.999717047798612,2.2529189110519e-05,-0.000719062832440691,-0.0341128850448779,-2.07037289223528e-07,0.0120386068979198,-7.94920481373656e-06,442.883213608909,439.914647795822,436.915505559328,439.914610584612
1.977,0,0,-0.304531808927394,-5.88389719957628e-08,0.999716995893109,2.17933483184318e-05,-0.000752338500338365,-0.0324310869137413,-2.06413473996465e-07,0.0119255876225566,-7.92077988525344e-06,442.835391287824,439.915234803543,436.965073798877,439.915198412629
1.978,0,0,-0.304496443483436,-5.90170571819625e-08,0.999716941811583,2.10250799751986e-05,-0.000783910865835036,-0.0307068712961805,-2.05785684279288e-07,0.0118117901133808,-7.89239810177041e-06,442.787606968906,439.915829132837,437.014607995759,439.915793556446
1.979,0,0,-0.304460962225869,-5.91940386549979e-08,0.999716885592853,2.02261079990521e-05,-0.000813739291653086,-0.0289438050817314,-2.05154029074832e-07,0.0116972272706229,-7.8640598147714e-06,442.739869464356,439.916430606668,437.064098958426,439.916395838901
1.98,0,0,-0.304425366277615,-5.93699104903258e-08,0.999716827276026,1.93981951558742e-05,-0.000841786725666137,-0.027145490529108,-2.04518616409474e-07,0.0115819119826273,-7.83576537301909e-06,442.692187350882,439.917039048387,437.113537738562,439.917005083228
1.981,0,0,-0.304389656768975,-5.95446668109992e-08,0.999716766900487,1.85431394575144e-05,-0.000868019732806261,-0.0253155583440472,-2.03879553315177e-07,0.0114658571235292,-7.80751512229197e-06,442.64456897422,439.917654281741,437.162915626365,439.917621113058
1.982,0,0,-0.304353834837505,-5.97183017881197e-08,0.999716704505881,1.76627705316603e-05,-0.000892408520056486,-0.0234576607741458,-2.03236945812538e-07,0.0113490755509938,-7.77930940513751e-06,442.597022453568,439.918276130887,437.212224145921,439.918243752441
1.983,0,0,-0.304317901627892,-5.98908096412817e-08,0.999716640132108,1.67589459701626e-05,-0.000914926954551819,-0.0215754647331133,-2.02590898894816e-07,0.0112315801040164,-7.75114856064114e-06,442.549555685957,439.918904420404,437.261455050642,439.91887282585
1.984,0,0,-0.304281858291824,-6.00621846390062e-08,0.999716573819309,1.58335476626915e-05,-0.000935552574824343,-0.019672644966691,-2.01941516512934e-07,0.0111133836007822,-7.72303292421033e-06,442.502176350548,439.919538975308,437.310600318788,439.919508158202
1.985,0,0,-0.30424570598787,-6.0232421099166e-08,0.999716505607856,1.48884781225561e-05,-0.000954266595240093,-0.0177528772722853,-2.01288901561419e-07,0.0109944988365854,-7.69496282737354e-06,442.454891912866,439.920179621065,437.359652149062,439.920149574868
1.986,0,0,-0.304209445881351,-6.04015133894011e-08,0.99971643553834,1.39256568114669e-05,-0.000971053903687368,-0.015819831784149,-2.00633155865235e-07,0.0108749385818046,-7.66693859759331e-06,442.407709628952,439.920826183609,437.408602956274,439.920796901692
1.987,0,0,-0.304173079144217,-6.05694559275252e-08,0.99971636365156,1.29470164699549e-05,-0.000985903052587831,-0.0138771663357057,-1.99974380167522e-07,0.0107547155799358,-7.63896055809313e-06,442.360636549462,439.921478489356,437.457445367085,439.921449965004
1.988,0,0,-0.30413660695492,-6.07362431819228e-08,0.999716289988515,1.19544994600842e-05,-0.00099880624331325,-0.0119285199103551,-1.99312674118176e-07,0.0106338425456802,-7.61102902769765e-06,442.31367952369,439.922136365222,437.506172215813,439.922108591637
1.989,0,0,-0.304100030498294,-6.09018696719371e-08,0.999716214590386,1.0950054127006e-05,-0.0010097593041019,-0.00997750619182537,-1.98648136263292e-07,0.0105123321630858,-7.58314432068569e-06,442.266845203531,439.92279963864,437.554776540322,439.922772608949
1.99,0,0,-0.304063350965424,-6.10663299682489e-08,0.999716137498533,9.93563118580411e-06,-0.00101876166157961,-0.00802770722484475,-1.97980864035403e-07,0.0103901970837428,-7.5553067466556e-06,442.220140047372,439.923468137578,437.60325157797,439.923441844833
1.991,0,0,-0.304026569553529,-6.12296186932462e-08,0.999716058754479,8.91318013996774e-06,-0.00102581630600097,-0.00608266719659779,-1.97310953744517e-07,0.0102674499250304,-7.52751661040261e-06,442.173570323931,439.924141690556,437.651590761625,439.924116127742
1.992,0,0,-0.303989687465835,-6.13917305213856e-08,0.9997159783999,7.88464573771247e-06,-0.0010309297503367,-0.0041458863491059,-1.96638500569924e-07,0.0101441032684153,-7.49977421180759e-06,442.127142116017,439.924820126668,437.699787715758,439.924795286704
1.993,0,0,-0.303952705911452,-6.15526601795435e-08,0.999715896476617,6.85196447223375e-06,-0.00103411198334286,-0.00222081503233332,-1.95963598552747e-07,0.0100201696578,-7.47207984573686e-06,442.080861324246,439.925503275598,437.747836252596,439.925479151343
1.994,0,0,-0.303915626105252,-6.17124024473591e-08,0.999715813026581,5.81706113184023e-06,-0.00103537641675759,-0.000310847907464532,-1.95286340589219e-07,0.00989566159791945,-7.44443380195273e-06,442.03473367068,439.926190967642,437.795730368335,439.926167551897
1.995,0,0,-0.303878449267747,-6.18709521575692e-08,0.999715728091865,4.78184540576258e-06,-0.00103473982677994,0.00158068169056801,-1.94606818424659e-07,0.0097705915527869,-7.41683636503407e-06,441.988764702418,439.926883033727,437.843464239432,439.926860319241
1.996,0,0,-0.303841176624966,-6.20283041963329e-08,0.999715641714653,3.74820855127446e-06,-0.0010322222899945,0.00345050722260844,-1.93925122648141e-07,0.00964497194418583,-7.38928781430679e-06,441.942959795116,439.92757930543,437.891032218946,439.927557284902
1.997,0,0,-0.303803809408332,-6.21844535035486e-08,0.999715553937229,2.71802012759474e-06,-0.00102784711391396,0.00529543423854927,-1.93241342687804e-07,0.00951881515020849,-7.36178842378371e-06,441.897324156461,439.928279615001,437.938428832947,439.928258281084
1.998,0,0,-0.303766348854545,-6.23393950731622e-08,0.999715464801966,1.69312480186322e-06,-0.00102164076231989,0.00711234548644968,-1.92555566806809e-07,0.0093921335038395,-7.33433846211334e-06,441.851862829576,439.928983795381,437.985648776995,439.928963140688
1.999,0,0,-0.303728796205458,-6.24931239534666e-08,0.999715374351318,6.75339232298694e-07,-0.00101363277558951,0.00889820583001415,-1.91867882099925e-07,0.00926493929158372,-7.3069381925374e-06,441.806580696377,439.929691680227,438.032686912662,439.929671697329
2,0,0,-0.303691152707957,-6.26456352473923e-08,0.999715282627805,-3.33550966543996e-07,-0.00100385568620384,0.0106500669673691,-1.91178374490695e-07,0.0091372447521374,-7.27958787285647e-06,441.761482480868,439.930403103927,438.079538264129,439.930383785363
2.001,0.0109970436709021,0,-0.303653419613842,-6.2796924112791e-08,0.999715189674008,-1.33179417169958e-06,-0.000992344929639199,0.0123650719445079,-1.904871287292e-07,0.00900906207510196,-7.25228775540358e-06,441.716572752382,439.931117901629,438.12619801484,439.931099239905
2.002,0.0219934748186075,0,-0.303615598179704,-6.29469857626685e-08,0.999715095532875,-2.31767560838772e-06,-0.000979138750850484,0.0140404594572157,-1.89794229670918e-07,0.00888040368067571,-7.22503811636407e-06,441.665608959418,439.931889308307,438.179024174076,439.93187134161
2.003,0.0329839585642204,0,-0.303577689666794,-6.30958154653084e-08,0.99971500024897,-3.28952011097678e-06,-0.000964278106560731,0.0156735679357314,-1.89099767288955e-07,0.00875128332372068,-7.19783937168647e-06,441.608796138534,439.932713876274,438.237796832958,439.932696640908
2.004,0.0439631515028182,0,-0.303539695340882,-6.32434085445626e-08,0.999714903868637,-4.24569478423154e-06,-0.00094780656357685,0.0172618394068597,-1.88403837710447e-07,0.00862171632291082,-7.1706921116167e-06,441.546338108185,439.933588223516,438.302297748198,439.93357175391
2.005,0.0549257042977966,0,-0.303501616472112,-6.33897603802308e-08,0.999714806439832,-5.18461156098352e-06,-0.000929770193356561,0.0188028231287021,-1.87706542946116e-07,0.00849171950479774,-7.14359710673951e-06,441.478437456438,439.934509033581,438.372310367217,439.9344933623
2.006,0.0658662642879633,0,-0.30346345433484,-6.35348664084817e-08,0.99971470801196,-6.1047296525891e-06,-0.00091021746305613,0.0202941789936413,-1.87007990599252e-07,0.00836131114826292,-7.11655531182677e-06,441.405295527567,439.935473055569,438.447619853492,439.935458213324
2.007,0.0767794781063234,0,-0.303425210207457,-6.36787221223117e-08,0.999714608635727,-7.00455788877318e-06,-0.000889199123292632,0.0217336806956771,-1.86308293557026e-07,0.00823051092936124,-7.08956786765563e-06,441.32711240754,439.936477104187,438.528013112122,439.936463119852
2.008,0.0876599943092955,0,-0.303386885372194,-6.38213230720379e-08,0.999714508362989,-7.88265694369106e-06,-0.000866768092858156,0.0231192186586818,-1.85607569666945e-07,0.00809933986656087,-7.06263610095373e-06,441.244086908413,439.937518059903,438.613278815564,439.937504960523
2.009,0.0985024660149004,0,-0.303348481114922,-6.39626648658218e-08,0.999714407246616,-8.73764144528068e-06,-0.000842979340626555,0.0244488027226135,-1.84905941401016e-07,0.00796782026638499,-7.03576152262218e-06,441.156416551645,439.938592869146,438.703207429539,439.938580679954
2.01,0.10930155354894,0,-0.303309998724932,-6.41027431702193e-08,0.999714305340365,-9.56818196521914e-06,-0.000817889764896045,0.0257205645851955,-1.84203535510126e-07,0.00783597566946061,-7.00894582438125e-06,441.064297550343,439.939698544584,438.797591239047,439.939687289015
2.011,0.120051927097603,0,-0.303271439494708,-6.42415537107553e-08,0.999714202698752,-1.0373006887042e-05,-0.000791558070413274,0.026932759997043,-1.83500482670937e-07,0.00770383079698035,-6.98219087397784e-06,440.967924790471,439.940832165444,438.896224374492,439.940821865151
2.012,0.130748269365343,0,-0.303232804719682,-6.43790922725183e-08,0.999714099376937,-1.11509041502303e-05,-0.000764044643326185,0.028083770708684,-1.82796917127512e-07,0.007571411497583,-6.95549870908818e-06,440.867491811019,439.941990877883,438.998902837877,439.941981552753
2.013,0.141385278236729,0,-0.303194095697986,-6.45153547007718e-08,0.999713995430615,-1.19007228683187e-05,-0.000735411424314399,0.029172106168395,-1.82092976329693e-07,0.00743874469465879,-6.92887153004367e-06,440.763190783168,439.943171895398,439.105424529042,439.943163563571
2.014,0.151957669440853,0,-0.303155313730188,-6.46503369015807e-08,0.999713890915907,-1.26213748193265e-05,-0.000705721780146621,0.0301964049702315,-1.81388800570165e-07,0.00730585833408575,-6.90231169150245e-06,440.655212488471,439.944372499266,439.215589271925,439.944365177152
2.015,0.16246017921702,0,-0.303116460119016,-6.47840348424488e-08,0.999713785889263,-1.33118358070635e-05,-0.000675040373915004,0.0311554360520998,-1.80684532621958e-07,0.00717278133240338,-6.87582169318374e-06,440.54374629606,439.94559003901,439.329198840816,439.945583741309
2.016,0.172887566980479,0,-0.30307753616908,-6.49164445529646e-08,0.999713680407368,-1.39711468921134e-05,-0.000643433034196318,0.0320480996441711,-1.79980317378087e-07,0.00703954352543011,-6.84940416977738e-06,440.428980138922,439.946821932882,439.446056986589,439.946816672609
2.017,0.183234617986603,0,-0.303038543186577,-6.50475621254533e-08,0.999713574527053,-1.45984154915452e-05,-0.00061096662338923,0.0328734279683918,-1.79276301494791e-07,0.00690617561733129,-6.82306188013545e-06,440.311100489246,439.948065668365,439.565969462865,439.948061456866
2.018,0.193496145992477,0,-0.30299948247899,-6.51773837156322e-08,0.999713468305209,-1.51928163466534e-05,-0.000577708905476054,0.0336305856902918,-1.78572633039831e-07,0.00677270913014452,-6.79679769584825e-06,440.190292332895,439.949318802669,439.688744052117,439.949315649646
2.019,0.203666995914288,0,-0.302960355354782,-6.53059055432667e-08,0.99971336179871,-1.57535923582759e-05,-0.000543728413455867,0.0343188701247312,-1.77869461147103e-07,0.00663917635376898,-6.77061458930215e-06,440.066739143001,439.950578963237,439.814190591659,439.950576876774
2.02,0.213742046479305,0,-0.30292116312308,-6.54331238928251e-08,0.999713255064336,-1.6280055289482e-05,-0.000509094316694073,0.0349377111976578,-1.77166935678741e-07,0.00650561029642611,-6.74451562131195e-06,439.940622852734,439.95184384824,439.942120999518,439.951842834827
2.021,0.223716212871006,0,-0.30288190709335,-6.55590351141304e-08,0.999713148158704,-1.67715863356698e-05,-0.000473876288431174,0.0354866711663731,-1.76465206895768e-07,0.00637204463559853,-6.71850392841608e-06,439.812123827269,439.95311122706,440.072349300164,439.953111291619
2.022,0.233584449366026,0,-0.302842588575067,-6.5683635623006e-08,0.999713041138198,-1.72276365623522e-05,-0.000438144373690828,0.0359654441012207,-1.75764425138231e-07,0.00623851366945446,-6.69258270991834e-06,439.681420834978,439.95437894076,440.204691650068,439.954380086671
2.023,0.243341751961516,0,-0.302803208877382,-6.58069219019141e-08,0.999712934058908,-1.76477272111497e-05,-0.000401968857824138,0.0363738551320158,-1.75064740515665e-07,0.00610505226876511,-6.66675521475559e-06,439.548691017881,439.955644902524,440.338966363073,439.955647131655
2.024,0.252983160991618,0,-0.302763769308776,-6.59288905005851e-08,0.999712826976571,-1.80314498747422e-05,-0.000365420135923611,0.0367118594629302,-1.74366302608619e-07,0.00597169582932223,-6.64102472826661e-06,439.414109861394,439.956907098077,440.474993935563,439.956910410813
2.025,0.262503763731518,0,-0.302724271176716,-6.60495380366359e-08,0.999712719946513,-1.83784665417666e-05,-0.000328568583336312,0.0369795411599353,-1.73669260181883e-07,0.00583848022486346,-6.61539455893302e-06,439.277851163408,439.958163586067,440.612597071393,439.958167981339
2.026,0.271898696987907,0,-0.302684715787304,-6.61688611961762e-08,0.999712613023596,-1.86885095128701e-05,-0.000291484427501443,0.0371771117152762,-1.72973760909941e-07,0.00570544176051294,-6.58986802515946e-06,439.140087002729,439.95941249841,440.751600706585,439.95941797373
2.027,0.281163149674292,0,-0.30264510444492,-6.62868567344005e-08,0.99971250626217,-1.89613811893559e-05,-0.000254237621332936,0.0373049083938152,-1.72279951115121e-07,0.00557261712674482,-6.56444844215584e-06,439.000987706923,439.960652040602,440.891832033745,439.960658592088
2.028,0.290292365369899,0,-0.30260543845186,-6.64035214761654e-08,0.999712399716027,-1.91969537360743e-05,-0.000216897718362619,0.0373633923664291,-1.71587975518779e-07,0.00544004335387725,-6.53913910898088e-06,438.860721819598,439.961880491971,441.033120526203,439.961888114387
2.029,0.299281644860697,0,-0.302565719107978,-6.65188523165502e-08,0.999712293438353,-1.93951686204245e-05,-0.000179533749854169,0.0373531466359866,-1.70897977005803e-07,0.00530775776710467,-6.5139432958024e-06,438.719456067174,439.963096205892,441.175297961852,439.963104892676
2.03,0.30812634866127,0,-0.302525947710315,-6.66328462214011e-08,0.999712187481693,-1.95560360295415e-05,-0.000142214104092377,0.0372748737617498,-1.70210096402625e-07,0.00517579794207598,-6.48886423142601e-06,438.577355325162,439.964297609942,441.318198446663,439.964307353246
2.031,0.316821899516045,0,-0.302486125552734,-6.67455002278556e-08,0.999712081897908,-1.9679634167943e-05,-0.000105006408046241,0.0371293933883578,-1.69524472268856e-07,0.00504420166102641,-6.46390509114037e-06,438.434582584007,439.965483206002,441.461658437866,439.965493996724
2.032,0.325363784878638,0,-0.302446253925547,-6.68568114448492e-08,0.999711976738141,-1.97661084381065e-05,-6.79774115981195e-05,0.0369176395858432,-1.68841240702589e-07,0.0049130068694708,-6.43906898492359e-06,438.291298914538,439.966651570298,441.605516766782,439.966663398117
2.033,0.3337475593678,0,-0.302406334115145,-6.69667770536015e-08,0.999711872052782,-1.98156705066364e-05,-3.11928745245438e-05,0.0366406580074122,-1.68160535159347e-07,0.00478225163346608,-6.41435894605203e-06,438.147663433057,439.967801353378,441.749614661286,439.967814206793
2.034,0.341968847198764,0,-0.302366367403621,-6.70753943080816e-08,0.99971176789144,-1.98285972588621e-05,5.28254359252593e-06,0.0362996028719887,-1.67482486284573e-07,0.00465197409745075,-6.38977792014948e-06,438.003833266117,439.968931280026,441.893795767887,439.968945146391
2.035,0.350023344588512,0,-0.302326355068401,-6.71826605354531e-08,0.999711664302912,-1.9805229644885e-05,4.13853903523838e-05,0.0358957337787653,-1.66807221759529e-07,0.00452221244266892,-6.36532875471114e-06,437.859963515033,439.970040149108,442.037906173414,439.97005501467
2.036,0.357906822133644,0,-0.302286298381864,-6.72885731364966e-08,0.999711561335155,-1.9745971420258e-05,7.70535242559256e-05,0.035430412361247,-1.66134866160367e-07,0.00439300484618687,-6.34101418913411e-06,437.71620722017,439.971126833347,442.181794426295,439.971142683287
2.037,0.365615127159567,0,-0.302246198610973,-6.73931295860111e-08,0.999711459035265,-1.96512877846439e-05,0.000112226215002983,0.0349050987884839,-1.65465540830145e-07,0.00426438944050966,-6.31683684528272e-06,437.572715325054,439.97219027903,442.325311557404,439.972207097494
2.038,0.373144186039578,0,-0.302206057016894,-6.74963274331929e-08,0.99971135744945,-1.95217039219502e-05,0.000146844240217771,0.0343213481213977,-1.6479936376346e-07,0.00413640427380544,-6.2927992186141e-06,437.429636640344,439.973229505633,442.468311100487,439.973247275779
2.039,0.380490006482547,0,-0.302165874854627,-6.75981643019914e-08,0.999711256623014,-1.93578034455834e-05,0.000180849978461574,0.0336808065322871,-1.64136449503345e-07,0.00400908727074516,-6.26890366988656e-06,437.287117807728,439.974243605385,442.610649112129,439.974262309417
2.04,0.387648679787956,0,-0.302125653372636,-6.76986378914433e-08,0.999711156600333,-1.91602267526022e-05,0.000214187498399955,0.0329852073957712,-1.63476909050046e-07,0.00388247619396511,-6.24515241747039e-06,437.14530326377,439.975231742745,442.752184191267,439.975251361951
2.041,0.394616383066831,0,-0.302085393812473,-6.77977459759836e-08,0.99971105742484,-1.89296692906796e-05,0.000246802644000128,0.0322363672595781,-1.62820849781235e-07,0.00375660860615992,-6.22154753027811e-06,437.00433520377,439.976193153806,442.892777498237,439.976213668601
2.042,0.401389381427417,0,-0.30204509740841,-6.78954864057333e-08,0.999710959139011,-1.86668797418998e-05,0.000278643115642601,0.0314361817037236,-1.62168375383216e-07,0.0036315218328132,-6.19809092132835e-06,436.864353545678,439.977127145623,443.032292773336,439.977148535587
2.043,0.407964030124236,0,-0.302004765387078,-6.79918571067655e-08,0.999710861784348,-1.8372658127532e-05,0.000309658547039788,0.0305866210967441,-1.61519585792637e-07,0.00350725292557342,-6.17478434195512e-06,436.725495894104,439.978033095467,443.170596354898,439.978055339379
2.044,0.414336776669254,0,-0.301964398967098,-6.80868560813482e-08,0.999710765401369,-1.80478538380241e-05,0.000339800577863042,0.029689726257747,-1.60874577148174e-07,0.00338383862628204,-6.15162937667155e-06,436.587897504488,439.978910449988,443.307557196873,439.978933525874
2.045,0.420504162903934,0,-0.30192399935872,-6.81804814081643e-08,0.999710670029595,-1.76933635925517e-05,0.000369022921988318,0.0287476040331283,-1.60233441751694e-07,0.00326131533166116,-6.128627438695e-06,436.451691247455,439.979758724322,443.443046885896,439.979782609485
2.046,0.426462827030887,0,-0.30188356776347,-6.82727312425099e-08,0.999710575707543,-1.73101293325475e-05,0.000397281431279612,0.0277624227968743,-1.595962680383e-07,0.00313971905866775,-6.1057797661378e-06,436.317007573426,439.980577501099,443.576939657842,439.980602172164
2.047,0.432209505603894,0,-0.301843105373793,-6.83636038164703e-08,0.999710482472714,-1.68991360537076e-05,0.000424534154838222,0.026736407883415,-1.58963140554745e-07,0.00301908541052125,-6.0830874188658e-06,436.183974477513,439.981366429391,443.709112413862,439.981391862339
2.048,0.437741035475121,0,-0.301802613372705,-6.84530974390735e-08,0.999710390361591,-1.64614095810428e-05,0.000450741393654887,0.0256718369620297,-1.58334139945635e-07,0.00289944954341147,-6.06055127602475e-06,436.052717464756,439.982125223574,443.839444735882,439.982151393783
2.049,0.443054355698251,0,-0.301762092933446,-6.85412104964229e-08,0.99971029940963,-1.59980142915996e-05,0.000475865750610871,0.0245710353618239,-1.57709342946849e-07,0.00278084613389349,-6.0381720342323e-06,435.923359515749,439.982853662124,443.967818901572,439.982880544405
2.05,0.448146509386438,0,-0.301721545219141,-6.86279414518077e-08,0.999710209651257,-1.55100507895234e-05,0.000499872175783065,0.0234363713562956,-1.57088822385572e-07,0.00266330934697598,-6.01595020643137e-06,435.7960210527,439.983551586333,444.094119898769,439.983579154967
2.051,0.45301464552382,0,-0.301680971382465,-6.8713288845793e-08,0.999710121119865,-1.49986535381815e-05,0.000522728007017198,0.0222702514164942,-1.56472647186404e-07,0.00254687280490952,-5.99388612139897e-06,435.670819905965,439.984218898957,444.218235439351,439.984247127731
2.052,0.457656020729509,0,-0.301640372565312,-6.87972512962888e-08,0.999710033847812,-1.44649884540893e-05,0.000544403005742252,0.0210751154417412,-1.55860882382977e-07,0.00243156955668097,-5.97197992390219e-06,435.54787128112,439.984855562791,444.340055972561,439.984884425038
2.053,0.462068000972907,0,-0.301599749898469,-6.8879827498598e-08,0.999709947866419,-1.39102504674097e-05,0.000564869388008086,0.019853431976837,-1.552535891345e-07,0.00231743204822024,-5.95023157549184e-06,435.427287726597,439.985461599184,444.459474697766,439.985491067814
2.054,0.466248063239213,0,-0.301559104501301,-6.89610162254453e-08,0.999709863205971,-1.33356610538077e-05,0.000584101850737221,0.0186076934246086,-1.54650824746698e-07,0.00220449209332524,-5.92864085592209e-06,435.309179101942,439.986037086477,444.576387576659,439.986067134013
2.055,0.470193797144058,0,-0.301518437481435,-6.9040816326985e-08,0.999709779895722,-1.27424657424461e-05,0.000602077593190486,0.0173404112625797,-1.54052642696597e-07,0.00209278084531085,-5.90720736518298e-06,435.193652546733,439.986582158385,444.690693344887,439.986612756998
2.056,0.473902906496193,0,-0.301477749934457,-6.91192267307907e-08,0.999709697963889,-1.21319316049059e-05,0.000618776333655031,0.0160541112724438,-1.53459092660654e-07,0.00198232876938749,-5.88593052613129e-06,435.080812450212,439.987097002318,444.802293523112,439.98712812386
2.057,0.477373210807139,0,-0.301437042943609,-6.9196246441824e-08,0.999709617437663,-1.15053447298004e-05,0.000634180321371789,0.0147513287909162,-1.528702205457e-07,0.00187316561577477,-5.86480958770342e-06,434.970760421659,439.987581857638,444.911092427493,439.987613473677
2.058,0.480602646746848,0,-0.301396317579501,-6.92718745423863e-08,0.999709538343208,-1.0864007687832e-05,0.000648274343727999,0.013434603990412,-1.52286068522231e-07,0.00176532039355548,-5.84384362869289e-06,434.863595261567,439.988037013869,445.016997179593,439.988069095718
2.059,0.483589269544292,0,-0.301355574899823,-6.93461101920501e-08,0.99970946070567,-1.02092369920101e-05,0.000661045728748801,0.0121064771978638,-1.51706675059589e-07,0.00165882134527484,-5.82303156207353e-06,434.759412933646,439.988462808847,445.119917715703,439.988495327595
2.06,0.486331254332047,0,-0.301314815949071,-6.94189526275734e-08,0.999709384549179,-9.54236055771043e-06,0.000672484342930113,0.0107694842598347,-1.51132074962594e-07,0.0015536959222901,-5.80237213984845e-06,434.658306537708,439.988859626824,445.219766795579,439.98889255337
2.061,0.488826897433901,0,-0.301274041758274,-6.94904011627953e-08,0.999709309896858,-8.86471516721061e-06,0.000682582584463116,0.00942615196192162,-1.50562299409197e-07,0.00144997076087492,-5.78186395840328e-06,434.560366283466,439.989227896527,445.316460010594,439.989261201607
2.062,0.491074617594546,0,-0.301233253344732,-6.95604551885135e-08,0.999709236770829,-8.177643943281e-06,0.000691335371908544,0.00807899351026306,-1.49997375988795e-07,0.00134767165908318,-5.76150546434169e-06,434.46567946529,439.989568089174,445.409915791302,439.989601743389
2.063,0.49307295715046,0,-0.301192451711766,-6.96291141723454e-08,0.999709165192222,-7.4824938363496e-06,0.000698740128386724,0.0067305040827737,-1.49437328740827e-07,0.00124682355437631,-5.7412949607797e-06,434.37433043796,439.989880716445,445.500055414408,439.989914690293
2.064,0.494820583141102,0,-0.301151637848472,-6.96963776585702e-08,0.999709095181184,-6.78061312968856e-06,0.00070479676135681,0.00538315645752758,-1.48882178193344e-07,0.00114745050201835,-5.72123061407458e-06,434.286400593442,439.99016632843,445.586803009143,439.990200592329
2.065,0.496316288359534,0,-0.301110812729483,-6.97622452679553e-08,0.999709026756887,-6.07334896699349e-06,0.000709507638065992,0.00403939672549481,-1.48331941401221e-07,0.00104957565424236,-5.70131046096346e-06,434.201968338739,439.990425511532,445.670085563046,439.990460035848
2.066,0.497558992341696,0,-0.301069977314741,-6.98267166975648e-08,0.999708959937539,-5.36204490664235e-06,0.000712877556756532,0.00270164009461233,-1.47786631983769e-07,0.000953221240191885,-5.68153241608559e-06,434.121109074843,439.990658886353,445.749832927147,439.990693641426
2.067,0.498547742293495,0,-0.301029132549283,-6.98897917205511e-08,0.999708894740394,-4.64803850682911e-06,0.000714913713725358,0.00137226679193312,-1.472462601615e-07,0.00085840854664089,-5.66189427986199e-06,434.043895176821,439.990867105547,445.82597782055,439.990902061716
2.068,0.499281713954946,0,-0.300988279363028,-6.99514701859306e-08,0.999708831181765,-3.93265894566959e-06,0.00071562566633757,5.3618070351887e-05,-1.46710832791828e-07,0.000765157899495145,-5.64239374670525e-06,433.970395975068,439.991050851662,445.898455834411,439.991085979287
2.069,0.499760212400647,0,-0.300947418670578,-7.00117520183417e-08,0.999708769277034,-3.21722468027227e-06,0.000715025292101564,-0.00125200767384982,-1.46180353403539e-07,0.000673488646078084,-5.6230284135319e-06,433.900677737765,439.991210834957,445.967205435322,439.991246104446
2.07,0.499982672775852,0,-0.300906551371027,-7.00706372177871e-08,0.999708709040663,-2.50304114865588e-06,0.000713126743919623,-0.00254235866666044,-1.45654822229877e-07,0.000583419138203748,-5.60379578854928e-06,433.834803654565,439.991347791218,446.032167968077,439.991383173043
2.071,0.499948660967472,0,-0.300865678347786,-7.01281258593589e-08,0.999708650486211,-1.79139851827918e-06,0.000709946401633626,-0.00381523339949111,-1.45134236240125e-07,0.000494966716039233,-5.58469330028845e-06,433.772833821532,439.991462479555,446.093287657839,439.991497944278
2.072,0.499657874209365,0,-0.300824800468406,-7.01842180929482e-08,0.999708593626344,-1.08356948482533e-06,0.000705502819991146,-0.00506848414439836,-1.44618589169592e-07,0.000408147692758817,-5.56571830685431e-06,433.714825227375,439.991555680202,446.150511611695,439.991591198497
2.073,0.499110141621277,0,-0.300783918584419,-7.02389141429376e-08,0.999708538472848,-3.8080712475596e-07,0.000699816673162427,-0.00630002033623835,-1.44107871547952e-07,0.000322977339991689,-5.54686810536402e-06,433.660831740991,439.991628192319,446.203789819601,439.991663734988
2.074,0.498305424680873,0,-0.300743033531193,-7.02922143078771e-08,0.999708485036646,3.15657194983536e-07,0.000692910695943784,-0.00750781181690766,-1.43602070725897e-07,0.000239469874064946,-5.52813994154452e-06,433.610904100339,439.991680831797,446.253075154707,439.991716369792
2.075,0.497243817628285,0,-0.300702146127786,-7.03441189601449e-08,0.999708433327809,1.00461584686355e-06,0.000684809621787619,-0.00868989193712603,-1.4310117090012e-07,0.000157638443043281,-5.5095310194599e-06,433.565089902682,439.991714429069,446.298323373073,439.99174993351
2.076,0.495925547802669,0,-0.30066125717682,-7.03946285455903e-08,0.999708383355575,1.68488690917316e-06,0.000675540117803666,-0.00984436051152079,-1.4260515313662e-07,7.74951145665162e-05,-5.4910385113393e-06,433.523433596205,439.991729826939,446.339493112757,439.991765269131
2.077,0.49435097591028,0,-0.300620367464362,-7.04437435831612e-08,0.999708335128359,2.35531606597177e-06,0.000665130716880148,-0.0109693866230831,-1.42113995392403e-07,-9.49135514126639e-07,-5.47265956747627e-06,433.48597647304,439.991727878426,446.376545892292,439.991763229878
2.078,0.492520596223622,0,-0.300579477759817,-7.04914646645148e-08,0.999708288653772,3.01477843778515e-06,0.000653611747077317,-0.0120632112733793,-1.41627672535643e-07,-7.76844337003683e-05,-5.45439132617033e-06,433.452756663707,439.991709444632,446.409446108526,439.991744677072
2.079,0.49043503671124,0,-0.300538588815829,-7.05377924536118e-08,0.999708243938637,3.66218034039608e-06,0.000641015258449288,-0.013124149875219,-1.41146156364399e-07,-0.000152702018611469,-5.43623092368191e-06,433.423809132999,439.991675392633,446.438161033838,439.991710478026
2.08,0.488095059097776,0,-0.300497701368196,-7.05827276862945e-08,0.999708200989,4.29646096923717e-06,0.000627374947453232,-0.0141505945848005,-1.40669415623985e-07,-0.000225994249948974,-5.41817550417195e-06,433.399165677315,439.9916265934,446.462660812722,439.991661503962
2.081,0.485501558853971,0,-0.300456816135793,-7.06262711698475e-08,0.999708159810153,4.91659400705384e-06,0.000612726079107811,-0.0151410164706768,-1.40197416023164e-07,-0.000297554616661764,-5.4002222295979e-06,433.378854923468,439.991563919756,446.482918457733,439.991598627969
2.082,0.482655565116238,0,-0.300415933820513,-7.0668423782543e-08,0.999708120406645,5.52158915266876e-06,0.000597105407065211,-0.0160939675172115,-1.39730120249288e-07,-0.000367377744311869,-5.38236828953803e-06,433.362902328973,439.991488244367,446.498909844789,439.991522722995
2.083,0.479558240535602,0,-0.300375055107207,-7.0709186473168e-08,0.999708082782302,6.11049356884446e-06,0.000580551091763335,-0.0170080824605149,-1.39267487982554e-07,-0.000435459401641731,-5.3646109109166e-06,433.35133018383,439.991400437779,446.510613707833,439.99143465988
2.084,0.476210881055714,0,-0.30033418066365,-7.07485602605361e-08,0.999708046940239,6.6823932474083e-06,0.000563102616826528,-0.0178820804551805,-1.38809475909582e-07,-0.000501796506343923,-5.3469473676028e-06,433.344157613804,439.991301366493,446.518011632836,439.991335305436
2.085,0.472614915619766,0,-0.300293311140504,-7.07865462329816e-08,0.999708012882884,7.23641428997317e-06,0.000544800703884748,-0.018714766570465,-1.38356037736475e-07,-0.000566387130034575,-5.329374989857e-06,433.341400585232,439.991191891097,446.521088051151,439.991225520572
2.086,0.468771905806128,0,-0.300252447171303,-7.08231455478377e-08,0.999707980611987,7.77172410275779e-06,0.000525687225982272,-0.0195050331148787,-1.37907124201608e-07,-0.000629230502432056,-5.31189117359842e-06,433.343071911333,439.991072864445,446.519830232197,439.991106158475
2.087,0.464683545392598,0,-0.300211589372442,-7.0858359430897e-08,0.999707950128644,8.28753250418224e-06,0.000505805119747922,-0.02025186078848,-1.37462683088331e-07,-0.000690327014742729,-5.29449338946904e-06,433.349181260055,439.990945129889,446.51422827548,439.990978062848
2.088,0.46035165984913,0,-0.300170738343186,-7.08921891758558e-08,0.999707921433309,8.78309274408617e-06,0.000485198296499316,-0.0209543196624845,-1.37022659237818e-07,-0.000749678222255884,-5.27717919166911e-06,433.359735163448,439.990809519578,446.504275101937,439.990842066197
2.089,0.455778205759065,0,-0.300129894665678,-7.09246361437414e-08,0.999707894525815,9.25770243359042e-06,0.000463911552453896,-0.0216115699861214,-1.36586994562277e-07,-0.000807286846150248,-5.25994622654075e-06,433.374737028568,439.990666852809,446.489966444591,439.990698988192
2.09,0.450965270168764,0,-0.300089058904974,-7.09557017623229e-08,0.999707869405388,9.71070438479492e-06,0.000441990478219382,-0.0222228628209845,-1.36155628058763e-07,-0.000863156774514717,-5.24279224087647e-06,433.394187149917,439.990517934452,446.471300838526,439.990549634087
2.091,0.445915069865737,0.519432577242945,-0.300048231609072,-7.09853875255046e-08,0.999707846070666,1.01414873596785e-05,0.000491832115041171,0.409349433059298,-1.35728495823808e-07,-0.000917293062586299,-5.22571508993077e-06,433.418082723418,439.990363553436,446.448279610157,439.990394793203
2.092,0.440629950585299,0.727185611987723,-0.300007667685621,-7.10136949936022e-08,0.999707824513138,1.08662497972691e-05,0.000985480620517212,0.576211745822937,-1.35310969153032e-07,-0.000968662093815953,-5.20872619198771e-06,433.651462038256,439.990199483694,446.218336618464,439.990228243212
2.093,0.435112386145846,0.924775932762063,-0.299967597484259,-7.10406257957534e-08,0.999707804692823,1.21662929620843e-05,0.00164053919069476,0.731936348297617,-1.34907653646923e-07,-0.00101637227768931,-5.19184743840917e-06,433.964776551746,439.990030338791,445.907616226223,439.990055845686
2.094,0.42936497751294,1.11081384978052,-0.299928153122024,-7.10661816286982e-08,0.999707786536365,1.41972308130266e-05,0.00244519488521597,0.875198002807723,-1.34520870528227e-07,-0.0010599638095623,-5.17510877972817e-06,434.351406815555,439.989857396467,445.521787494927,439.989878939393
2.095,0.423390451792316,1.28405390106044,-0.299889458981988,-7.10903642554012e-08,0.999707769934519,1.71022273536285e-05,0.00338638662658666,1.00482696780285,-1.34152647421447e-07,-0.00109902840175441,-5.15855312865533e-06,434.804437678657,439.989681649159,445.066991418658,439.989698581461
2.096,0.417191661152102,1.44340249986638,-0.299851630879361,-7.1113175503491e-08,0.999707754739606,2.10108274683043e-05,0.00444996430066075,1.11981592319015,-1.33804709188524e-07,-0.0011332109308987,-5.1422373011371e-06,435.31673005357,439.989503797606,444.549780594456,439.989515540305
2.097,0.410771581674466,1.5879239618239,-0.299814775329286,-7.11346172632228e-08,0.999707740765249,2.60379500373364e-05,0.00562085392910843,1.21932518716038,-1.33478472927648e-07,-0.00116221058258728,-5.12623210249305e-06,435.88099035295,439.98932425795,443.977054512937,439.989330302055
2.098,0.404133312136985,1.71684489937619,-0.299778988920348,-7.1154691485039e-08,0.999707727788193,3.22830485472019e-05,0.00688322720265448,1.30268622178374,-1.33175047214995e-07,-0.00118578149640686,-5.11062164033205e-06,436.489837246876,439.989143180705,443.35599104411,439.989143088857
2.099,0.397280072724126,1.82955698661436,-0.299744357796722,-7.11734001768117e-08,0.999707715551915,3.98294427029403e-05,0.00822067366913416,1.3694034405319,-1.32895235519658e-07,-0.0012037329190241,-5.09550196443032e-06,437.135865470372,439.988960479729,442.693974809039,439.988953887201
2.1,0.390215203669168,1.92561811243099,-0.29971095725083,-7.11907454008647e-08,0.999707703771743,4.87438228524711e-05,0.00961637389129012,1.41915434621673,-1.32639543576861e-07,-0.00121592887733585,-5.08097914789126e-06,437.811706476573,439.98877586911,441.99852323865,439.988762484165
2.101,0.382942163826973,2.0047519542759,-0.299678851427247,-7.12067292708759e-08,0.999707692141142,5.90759273644076e-05,0.0110532719251023,1.45178804247748,-1.32408190373681e-07,-0.00122228738780515,-5.0671669334831e-06,438.510085784426,439.988588905773,441.277211220458,439.988568509393
2.102,0.375464529178177,2.06684601845395,-0.299648093137591,-7.12213539487695e-08,0.999707680338818,7.08583914756231e-05,0.0125142455195799,1.46732217581051,-1.32201122293465e-07,-0.00122277922192531,-5.05418407399323e-06,439.22387691227,439.988399035569,440.537595316119,439.988371480579
2.103,0.367785991265122,2.11194820576304,-0.299618723785057,-7.12346216417014e-08,0.99970766803631,8.41067645564448e-05,0.0139822725024922,1.4659383780908,-1.32018029886031e-07,-0.00121742625126212,-5.04215149581594e-06,439.946151821176,439.988205640653,439.787138591707,439.988170850251
2.104,0.35991035556021,2.14026197327994,-0.29959077339631,-7.12465345992434e-08,0.99970765490572,9.88196912428479e-05,0.0154405918925476,1.44797629152925,-1.31858366683891e-07,-0.00120629939869439,-5.0311894110143e-06,440.670227815999,439.988008086086,439.033137133513,439.987966051801
2.105,0.351841539767225,2.1521401741321,-0.29956426075749,-7.12570951108576e-08,0.999707640627276,0.000114979250468369,0.0168728583660215,1.41392626892452,-1.31721369471649e-07,-0.00118951622528797,-5.02141449511582e-06,441.389710868767,439.987805763738,438.282649321614,439.987756542852
2.106,0.343583572056178,2.14807766711585,-0.299539193650198,-7.12663055037438e-08,0.999707624896448,0.000132551445104568,0.0182632888036909,1.36442085186793,-1.31606079434369e-07,-0.00116723818468475,-5.01293723639067e-06,442.098535339676,439.987598131864,437.542428899547,439.987541844318
2.107,0.335140589232422,2.12870279695157,-0.299515569182521,-7.12741681411259e-08,0.999707607430366,0.000151486833697544,0.0195967997509962,1.30022513817085,-1.31511363657718e-07,-0.00113966757896193,-5.00585954790503e-06,442.791000076505,439.987384748936,436.81886281163,439.987321573766
2.108,0.32651683484068,2.09476785377275,-0.299493374209383,-7.12806854210261e-08,0.999707587973348,0.00017172129467784,0.0208591347394178,1.22222615717374,-1.31435936522382e-07,-0.00110704425161407,-5.00027271691421e-06,443.461800874879,439.987165300697,436.117914681916,439.987095472037
2.109,0.317716657204709,2.04713862706095,-0.299472585835853,-7.12858597755549e-08,0.999707566301383,0.000193176912429485,0.0220369805388828,1.1314213777079,-1.31378380621011e-07,-0.00106964205463648,-4.9962557478923e-06,444.106059280438,439.986939619671,435.44507468474,439.986863422376
2.11,0.308744507403456,1.98678317468635,-0.299453171996388,-7.12896936707272e-08,0.999707542225466,0.000215762973736945,0.0231180715383123,1.02890647833777,-1.31337166920445e-07,-0.00102776512764921,-4.99387413644748e-06,444.719347710473,439.986707696761,434.805316411974,439.986625461699
2.111,0.299604937184415,1.91475993189269,-0.299435092102534,-7.12921896067916e-08,0.999707515593751,0.000239377062391365,0.0240912815829292,0.915862513030447,-1.31310673987975e-07,-0.000981744027605997,-4.99317909230189e-06,445.297710867961,439.986469684861,434.20306118317,439.986381783928
2.112,0.290302596815089,1.83220528806926,-0.299418297751081,-7.12933501190456e-08,0.999707486292504,0.00026390623913308,0.0249467027313211,0.793542607667191,-1.31297206190995e-07,-0.000931931747894359,-4.99420721113965e-06,445.837683415894,439.986225894744,433.64215007914,439.986132735664
2.113,0.28084223287351,1.74032076087521,-0.299402733484405,-7.12931777790881e-08,0.99970745424591,0.000289228293638284,0.0256757105312556,0.663258323746599,-1.31295010859114e-07,-0.000878699665562989,-4.9969805780985e-06,446.336303875271,439.98597678378,433.125823814168,439.985878804743
2.114,0.271228685978588,1.64035989782925,-0.299388337594377,-7.12916751964508e-08,0.999707419414823,0.000315213054924942,0.0262710155495389,0.526365825333256,-1.3130229446207e-07,-0.000822433455025644,-5.00150727056057e-06,446.791124706828,439.985722938282,432.656710403894,439.985620602481
2.115,0.26146688846144,1.53361503478789,-0.299375042961094,-7.12888450205368e-08,0.999707381794572,0.000341723746356119,0.0267267010265895,0.384251983737796,-1.31317237902983e-07,-0.000763529005898896,-5.00778221513277e-06,447.200218535351,439.985465050478,432.236820440327,439.985358840609
2.116,0.251561861978569,1.42140403889911,-0.299362777917571,-7.12846899427869e-08,0.999707341411973,0.000368618371356407,0.0270382466596032,0.238320551666481,-1.31338011053496e-07,-0.000702388381648458,-5.01578834362445e-06,447.562180476991,439.985203891298,431.867549657002,439.985094304067
2.117,0.241518715067971,1.3050571606347,-0.299351467131515,-7.12792126989923e-08,0.999707298321713,0.000395751116026276,0.027202538648066,0.0899785346667498,-1.31362786665469e-07,-0.000639415854458375,-5.02549798562493e-06,447.876126535085,439.984940280218,431.54968835892,439.984827820913
2.118,0.231342640649337,1.18590411543774,-0.299341032495392,-7.12724160716702e-08,0.999707252602281,0.00042297375503606,0.027217866260781,-0.0593771173091383,-1.31389753785063e-07,-0.000575014050212276,-5.03687443102511e-06,448.141688039273,439.98467505349,431.283437205125,439.98456023067
2.119,0.22103891346928,1.06526151042989,-0.299331394016142,-7.12643028924197e-08,0.999707204351626,0.000450137047500883,0.0270839053034679,-0.208372381428055,-1.31417130772159e-07,-0.000509580235699945,-5.04987359446562e-06,448.359002116794,439.984409032071,431.06842876703,439.984292352406
2.12,0.210612887492935,0.944420725556751,-0.299322470696125,-7.12548760441857e-08,0.999707153682724,0.000477092109974182,0.0268016889793685,-0.355668486782394,-1.31443177994605e-07,-0.000443502778149947,-5.06444571506787e-06,448.528698204163,439.9841429905,430.9037542419,439.984024953812
2.121,0.200069993243023,0.824636351597842,-0.299314181397199,-7.12441384633587e-08,0.999707100719215,0.000503691754243526,0.0263735667412398,-0.499973590527327,-1.31466210227004e-07,-0.000377157804955597,-5.08053702866241e-06,448.651880632426,439.983877627882,430.787994676752,439.983758722415
2.122,0.189415735087564,0.707115279708829,-0.299306445680189,-7.12320931416557e-08,0.999707045591258,0.000529791778260388,0.0258031518308125,-0.640053712028146,-1.31484608741613e-07,-0.000310906089024437,-5.09809135574223e-06,448.730107349857,439.983613541995,430.719256050985,439.983494239947
2.123,0.178655688477574,0.593006528675141,-0.299299184612445,-7.12187431277299e-08,0.999706988431742,0.000555252199276745,0.0250952582905075,-0.774742841016491,-1.31496833038224e-07,-0.000245090182559868,-5.11705155615204e-06,448.765364882402,439.983351207364,430.695207573697,439.983231960709
2.124,0.167795497136055,0.483391886954774,-0.299292321536688,-7.12040915284753e-08,0.999706929372956,0.000579938419086517,0.0242558283113003,-0.902952145642639,-1.31501432124027e-07,-0.000180031819299189,-5.13736081065452e-06,448.760039673858,439.98309095796,430.713122571184,439.982972194575
2.125,0.156840870199447,0.379277436941092,-0.299285782794885,-7.11881415099975e-08,0.999706868543785,0.000603722312169132,0.023291850849589,-1.02367821668839,-1.31497055225796e-07,-0.000116029602308993,-5.15896369954766e-06,448.716885994156,439.982832974951,430.769921368735,439.982715095077
2.126,0.145797579313152,0.281586018834516,-0.299279498401478,-7.11708962982368e-08,0.999706806067502,0.000626483228495422,0.0222112725043149,-1.13601029492266,-1.31482461797202e-07,-5.33569914030589e-05,-5.1818070589973e-06,448.638990654224,439.982577279765,430.862215606087,439.982460652805
2.127,0.134671455682243,0.191150681127131,-0.299273402660927,-7.11523591792386e-08,0.999706742060164,0.000648108903771999,0.021022901693132,-1.23913643957404,-1.31456530674272e-07,7.7393988719367e-06,-5.20584060626121e-06,448.529734818347,439.982323732455,430.986353465478,439.982208694141
2.128,0.123468387079029,0.108709154145149,-0.299267434725185,-7.11325334990747e-08,0.999706676629611,0.000668496270958217,0.0197363072028936,-1.33234860699804,-1.31418268232232e-07,6.70411829106973e-05,-5.23101733511034e-06,448.392753258211,439.982072035225,431.1384653331,439.981958885141
2.129,0.112194314808757,0.0348993726396644,-0.299261539087416,-7.11114226634294e-08,0.999706609875043,0.000687552167978719,0.0183617122151373,-1.4150466195793,-1.31366815405991e-07,0.000124359264723695,-5.25729369209913e-06,448.23189327756,439.981821740625,431.314507595351,439.981710740102
2.13,0.100855230635025,0,-0.299255666008947,-7.10890301368676e-08,0.999706541887121,0.000705193937663431,0.0169140097986496,-1.46199565036945,-1.31301453452446e-07,0.000179534573709868,-5.28462955247136e-06,448.051174146153,439.98157226328,431.510303815302,439.981463633652
2.131,0.0894571736663942,0,-0.299249791481354,-7.10653594417362e-08,0.999706472749116,0.000721374336635651,0.0154442937203977,-1.47696255436934,-1.31222035442206e-07,0.00023251913611598,-5.31298865533116e-06,447.866386866712,439.981321002971,431.709827887222,439.981214808775
2.132,0.078006227205763,0,-0.299243914675525,-7.10404141565386e-08,0.999706402540612,0.000736078010060616,0.0139610324285337,-1.48908667606313,-1.31128919990712e-07,0.000283361953783514,-5.34233708431091e-06,447.691392204851,439.981065363741,431.899071650131,439.980961530353
2.133,0.066508515564025,0,-0.299238035092855,-7.10141979142244e-08,0.999706331340834,0.000749292833301051,0.0124670660476927,-1.49837418819552,-1.31022459521144e-07,0.000332111273332327,-5.37264099540421e-06,447.52595568163,439.980804987715,432.078279791979,439.98070344058
2.134,0.0549702008397364,0,-0.299232152255261,-7.09867144007429e-08,0.999706259229078,0.000761009517903034,0.0109652259680098,-1.50483637583566,-1.30902990721251e-07,0.000378812747103051,-5.40386643152401e-06,447.369843375562,439.980539569205,432.247696121791,439.980440233906
2.135,0.0433974796662287,0,-0.299226265704736,-7.09579673535716e-08,0.999706186284467,0.000771221600316882,0.00945832976780475,-1.50848956492566,-1.30770834858136e-07,0.00042350949625908,-5.43597940887189e-06,447.222821965989,439.980268852365,432.407563552447,439.980171654689
2.136,0.0317965799280193,0,-0.299220375002924,-7.09279605601388e-08,0.999706112585734,0.000779925425577873,0.00794917621197942,-1.5093550423459,-1.30626298106218e-07,0.000466242173704693,-5.46894599663022e-06,447.084658777243,439.979992628944,432.558124082117,439.979897494947
2.137,0.0201737574480951,0,-0.299214479730726,-7.08966978561474e-08,0.999706038211014,0.000787120126026726,0.00644054033449545,-1.50745896772729,-1.30469671885486e-07,0.000507049026810271,-5.50273239028422e-06,446.955121823519,439.979710736153,432.699618774349,439.979617592218
2.138,0.00853529264777828,0,-0.299208579487922,-7.0864183123806e-08,0.999705963237659,0.000792807595157985,0.0049351686130656,-1.50283227725363,-1.30301233207404e-07,0.000545965959935284,-5.53730497887282e-06,446.833979854425,439.979423054629,432.832287736822,439.979331827527
2.139,0,0,-0.299202673892822,-7.08304202899747e-08,0.999705887742074,0.000796992456692505,0.00343577424394204,-1.49551057970901,-1.3012124502622e-07,0.000583026596739531,-5.57263040645795e-06,446.721002401142,439.979129506493,432.956370098775,439.979040123437
2.14,0,0,-0.299196762581934,-7.07954133242361e-08,0.999705811799518,0.000799682028977965,0.0019450325244238,-1.48553404503717,-1.29929956826791e-07,0.000618262421804812,-5.60867564704831e-06,446.614189591652,439.978831026306,433.073904482633,439.978743424951
2.141,0,0,-0.299190845209659,-7.07591662369254e-08,0.999705735483695,0.00080088628482881,0.000465576350433767,-1.47294728569049,-1.29727606546878e-07,0.000651703373569097,-5.64540817636797e-06,446.508515830237,439.978530530378,433.19000851761,439.978444676191
2.142,0,0,-0.299184921447996,-7.07216830771278e-08,0.999705658866222,0.000800617806924276,-0.00100000816376791,-1.45779923105683,-1.2951442368939e-07,0.000683378829468552,-5.68279620934485e-06,446.403973935781,439.978228340772,433.304696451943,439.978144199073
2.143,0,0,-0.299178990986251,-7.06829679305964e-08,0.999705582016554,0.00079889173889002,-0.00244918593695988,-1.4401429952621,-1.29290630230543e-07,0.000713317830438428,-5.72080873792222e-06,446.300556664469,439.977924766556,433.417982435401,439.977842302586
2.144,0,0,-0.29917305353076,-7.06430249176472e-08,0.999705505002052,0.000795725732195545,-0.00387947703695361,-1.42003573865563,-1.29056440876203e-07,0.000741549083695723,-5.75941551417237e-06,446.198256713386,439.977620104165,433.529880519126,439.977539283143
2.145,0,0,-0.299167108804601,-7.06018581910551e-08,0.999705427888037,0.000791139889005904,-0.00528846065504537,-1.3975385232937,-1.28812063311545e-07,0.000768100965518583,-5.79858703377811e-06,446.097066724008,439.977314637748,433.640404655491,439.977235424931
2.146,0,0,-0.29916115654732,-7.05594719339531e-08,0.99970535073785,0.000785156701132159,-0.0066737789330852,-1.37271616274477,-1.28557698444175e-07,0.000793001524021888,-5.83829451987365e-06,445.996979285621,439.977008639515,433.749568697988,439.976931000247
2.147,0,0.12956538950591,-0.299155196514656,-7.05158703577425e-08,0.999705273612907,0.000777800985230788,-0.00801509546668533,-1.23784636033467,-1.2829354064079e-07,0.000816278481928478,-5.87850990723674e-06,445.897986938641,439.976702370068,433.857386401129,439.976626269834
2.148,0,0.205163271070287,-0.299149294386625,-7.04710576999056e-08,0.999705196573713,0.000769181891525155,-0.00920798332322973,-1.14711757533858,-1.28021374530945e-07,0.000838230527501831,-5.9192086411004e-06,445.85079401671,439.976383003596,433.912309572288,439.976307848532
2.149,0,0.284632551394865,-0.299143521030017,-7.04250382217034e-08,0.999705119682897,0.000759416047227649,-0.0103078639006874,-1.05199032141476,-1.27743066843483e-07,0.000859167232225697,-5.96036549327141e-06,445.832863080369,439.976056507916,433.937112506689,439.975981947943
2.15,0,0.367080583781204,-0.299137929169073,-7.03778162067523e-08,0.999705043002923,0.00074859849961853,-0.0113108166200146,-0.953421929949489,-1.2746000919892e-07,0.00087931396442453,-6.00195431511515e-06,445.844863689529,439.975722816458,433.930996015457,439.975648489867
2.151,0,0.451605161534669,-0.299132573521087,-7.03293959596945e-08,0.999704966594251,0.000736827736729266,-0.0122138813378968,-0.852374402679128,-1.27173613183014e-07,0.000898896316956417,-6.04394971830707e-06,445.887084562228,439.975381948036,433.893536415933,439.975307485469
2.152,0,0.53730334740416,-0.299127510193216,-7.02797818049532e-08,0.999704890513993,0.000724204726102615,-0.0130150584361193,-0.749805290656801,-1.26885296241984e-07,0.000918137518561114,-6.08632754861481e-06,445.959442822631,439.975034004081,433.824681885068,439.97495903254
2.153,0,0.623280078238768,-0.299122796078814,-7.02289780856292e-08,0.999704814814603,0.000710831957979543,-0.0137132999260452,-0.646658858503071,-1.26596467657273e-07,0.000937255941550036,-6.12906534666148e-06,446.061496787524,439.974679164871,433.724745655937,439.974603311713
2.154,0,0.708656469768948,-0.299118488259048,-7.01769891625306e-08,0.999704739542676,0.000696812501742393,-0.0143084918916827,-0.543857609470104,-1.26308514711612e-07,0.000956462727106692,-6.17214277155044e-06,446.19246196182,439.974317685133,433.594396109915,439.974240582016
2.155,0,0.792577751285775,-0.299114643415351,-7.01238194133226e-08,0.999704664737894,0.000682249084083404,-0.0148014286676679,-0.442294241404748,-1.26022789158063e-07,0.000975959547753295,-6.2155419654749e-06,446.351229895223,439.973949889346,433.434643838968,439.973871176098
2.156,0,0.87422076537666,-0.299111317258015,-7.00694732317872e-08,0.9997045904322,0.000667243196937254,-0.0151937792156497,-0.342824097747919,-1.2574059410297e-07,0.000995936524689709,-6.25924784056428e-06,446.536389541952,439.973576167053,433.246825776695,439.973495495417
2.157,0,0.952800973698771,-0.299108563975948,-7.001395502718e-08,0.99970451664921,0.000651894242721815,-0.0154880462235421,-0.246258171338931,-1.25463171411744e-07,0.00101657031574618,-6.30324827306135e-06,446.746250762408,439.973196968409,433.032586523189,439.973114005642
2.158,0,1.02757891601843,-0.299106435712282,-6.99572692236724e-08,0.999704443403915,0.00063629872387904,-0.0156875185065268,-0.153356712030948,-1.25191689743094e-07,0.00103802238763384,-6.34753419429125e-06,446.978869608978,439.972812800144,432.793857017064,439.972727232428
2.159,0,1.09786607628291,-0.299104982070135,-6.98994202598655e-08,0.999704370702674,0.000620549483104716,-0.0157962173362041,-0.0648234820941818,-1.24927233312461e-07,0.00106043748404925,-6.39209957257386e-06,447.232075046668,439.972424222056,432.532830737733,439.972335757702
2.16,0,1.163030116286,-0.299104249652483,-6.98404125883675e-08,0.999704298543511,0.000604735000008599,-0.0158188373646492,0.0186993038690616,-1.24670791479026e-07,0.00108394229901336,-6.43694128504199e-06,447.50349677198,439.972031844071,432.251937651691,439.971940216478
2.161,0,1.22249944448797,-0.299104281639608,-6.97802506754203e-08,0.999704226916699,0.000588938749262583,-0.0157606828431633,0.0966353251902067,-1.24423249242863e-07,0.00110864436262413,-6.4820588830604e-06,447.790593809401,439.971636323848,431.953816147277,439.971541294202
2.162,0,1.27576709461537,-0.299105117407201,-6.97189390005679e-08,0.999704155805623,0.000573238624581333,-0.0156275998610895,0.16847776572459,-1.24185378729896e-07,0.00113463114419658,-6.52745425940722e-06,448.090683583101,439.971238364858,431.641283232431,439.971139724537
2.163,0,1.32239389582862,-0.299106792187702,-6.96564820563551e-08,0.999704085187863,0.000557706432144796,-0.0154259053481658,0.233792174406718,-1.23957831732517e-07,0.0011619693755761,-6.57313122941148e-06,448.400971181174,439.970838714789,431.31730329828,439.970736287466
2.164,0,1.36201092333748,-0.299109336777001,-6.95928843480503e-08,0.999704015036495,0.000542407456322536,-0.0151623135945526,0.292218568802111,-1.23741133363507e-07,0.00119070459526061,-6.61909504169037e-06,448.718578550283,439.970438164121,430.984955776965,439.970331807541
2.165,0,1.39432122537387,-0.299112777288134,-6.95281503933806e-08,0.999703945321519,0.000527400099803509,-0.0148438610459747,0.343472781964873,-1.23535676870463e-07,0.00122086091187334,-6.66535183688098e-06,449.040573379274,439.970037544661,430.647402043934,439.969927152078
2.166,0,1.41910082930911,-0.29911713495314,-6.94622847222749e-08,0.999703876011389,0.000512735599478726,-0.0144778301275641,0.387347059988902,-1.23341719647727e-07,0.00125244098350962,-6.71190807472396e-06,449.363997450769,439.969637727812,430.307851931943,439.969523229083
2.167,0,1.43619903636249,-0.299122425973726,-6.93952918766039e-08,0.999703807074583,0.000498457818675561,-0.0140716728391594,0.423709924455143,-1.2315938047302e-07,0.00128542620755347,-6.75876995097848e-06,449.685894259524,439.969239622364,429.969530235356,439.969120984686
2.168,0,1.44553802074795,-0.299128661420963,-6.93271764099111e-08,0.999703738481139,0.000484603115607877,-0.013632934847342,0.45250532048227,-1.2298863798671e-07,0.00131977711373954,-6.80594282590726e-06,450.003335715212,439.968844171586,429.635643588248,439.968721399873
2.169,0,1.44711175519808,-0.299135847183727,-6.9257942887125e-08,0.999703670204121,0.000471200287192267,-0.0131691807756711,0.473751077235958,-1.22829330422928e-07,0.00135543395153485,-6.85343068548214e-06,450.31344776509,439.968452349417,429.309348097775,439.968325486327
2.17,0,1.44098429052693,-0.299143983965169,-6.91875958842438e-08,0.99970360222095,0.000458270586693651,-0.012687921364828,0.487536713482358,-1.22681156593534e-07,0.00139231746134577,-6.90123565507005e-06,450.613434788567,439.968065155604,428.993718104968,439.96793428121
2.171,0,1.4272874222011,-0.299153067326055,-6.91161399879839e-08,0.999703534514552,0.000445827813008933,-0.012196543139114,0.494020626042348,-1.22543678118131e-07,0.00143032981762859,-6.94935758324213e-06,450.900602631113,439.967683609666,428.691716428549,439.967548840777
2.172,0,1.40621778179059,-0.29916308777343,-6.9043579795381e-08,0.99970346707429,0.000433878468780747,-0.0117022411754458,0.493426703815244,-1.22416322885479e-07,0.00146935573070393,-6.99779371060616e-06,451.172380159132,439.96730874359,428.406166423814,439.967170232749
2.173,0,1.3780333955431,-0.299174030892639,-6.89699199133331e-08,0.999703399896648,0.000422421983959241,-0.011211955526156,0.486040414288869,-1.22298389723683e-07,0.00150926369295433,-7.04653843531687e-06,451.426339230513,439.966941593275,428.139726158617,439.966799527426
2.174,0,1.34304975624051,-0.299185877520414,-6.88951649580752e-08,0.99970333298563,0.000411451000902632,-0.0107323117980662,0.472204413192928,-1.22189054248106e-07,0.00154990735412436,-7.09558318330669e-06,451.66021298772,439.966583188731,427.894864972851,439.966437787591
2.175,0,1.30163545786526,-0.299198603956389,-6.88193195545736e-08,0.999703266352887,0.000400951716630686,-0.0102695663380242,0.452313731111699,-1.22087375846732e-07,0.00159112700964688,-7.14491638744879e-06,451.871912391528,439.966234543154,427.673842647533,439.966086057302
2.176,0,1.25420744541872,-0.299212182210133,-6.87423883358278e-08,0.999703200017547,0.000390904277422448,-0.00982955641994276,0.426810593440542,-1.21992305752646e-07,0.00163275118529012,-7.19452357596416e-06,452.059540924181,439.965896641019,427.478691365855,439.965745349717
2.177,0,1.20122593451461,-0.299226580280509,-6.86643759420712e-08,0.999703134005776,0.000381283220583057,-0.00941765577094546,0.396178932069362,-1.2190269614225e-07,0.00167459830095786,-7.24438756656224e-06,452.221407400837,439.965570425398,427.311200602559,439.965416634187
2.178,0,1.1431890570582,-0.299241762463964,-6.85852870198576e-08,0.999703068350068,0.00037205795789632,-0.00903873571510124,0.360938648556258,-1.21817310185812e-07,0.00171647839617865,-7.29448875919916e-06,452.356036838091,439.965256784767,427.172905031133,439.965100822845
2.179,0,1.08062729047254,-0.299257689688172,-6.85051262210268e-08,0.999703003088312,0.000363193295031276,-0.00869713215301397,0.321639689366588,-1.21734832964183e-07,0.00175819489968771,-7.34480551707343e-06,452.462179338076,439.964956539577,427.065075491714,439.964798756998
2.18,0,1.01409772848554,-0.299274319867291,-6.84238982015399e-08,0.999702938262651,0.000354649980983073,-0.00839661853480642,0.278855993950378,-1.21653883152326e-07,0.00179954642553395,-7.39531462266346e-06,452.538816956602,439.96467042892,426.988713017491,439.96451119364
2.181,0,0.944178251513361,-0.299291608275013,-6.83416076201803e-08,0.999702873918195,0.000346385281501278,-0.00814038492339837,0.233179376076109,-1.21573025356949e-07,0.00184032857832994,-7.44599179333019e-06,452.585168533891,439.964399097622,426.94454587485,439.96423879242
2.182,0,0.87146165414916,-0.299309507931492,-6.82582591371153e-08,0.999702810101605,0.00033835357039192,-0.00793102318497403,0.185213397922186,-1.21490782982772e-07,0.00188033575060029,-7.49681223932432e-06,452.600692477151,439.964143084107,426.93302953326,439.963982103412
2.183,0,0.796549786179935,-0.299327970000235,-6.81738574123172e-08,0.999702746859622,0.000330506932572217,-0.00777051828472447,0.135567294948127,-1.21405651490055e-07,0.0019193628956665,-7.5477512459883e-06,452.585087495423,439.963902809362,426.95434944575,439.963741556019
2.184,0,0.720047762022191,-0.299346944191024,-6.80884071038469e-08,0.999702684237576,0.000322795772807516,-0.00766024560886148,0.0848500076266614,-1.21316111895844e-07,0.00195720726012898,-7.59878476154254e-06,452.538291299058,439.96367856734,427.008426490169,439.96351744934
2.185,0,0.642558291395174,-0.299366379165,-6.80019128660008e-08,0.999702622277926,0.000315169424166694,-0.00760097417901514,0.0336643736471913,-1.21220644363301e-07,0.001993670060759,-7.64988997208148e-06,452.460477288911,439.963470517072,427.094924895527,439.963309944277
2.186,0,0.564676181565311,-0.299386222938114,-6.79143793473306e-08,0.999702561018874,0.000307576750392417,-0.00759287557292096,-0.0173984686857961,-1.21117741718114e-07,0.00202855809148904,-7.70104584624604e-06,452.352049273861,439.96327867675,427.213262456724,439.963119057648
2.187,0,0.486983058585121,-0.299406423279271,-6.7825811188542e-08,0.999702500493102,0.000299966736593653,-0.00763553831620166,-0.0677644184387461,-1.21005922728708e-07,0.00206168524717701,-7.75223363343155e-06,452.213634269571,439.96310291999,427.362622824728,439.962944658502
2.188,0,0.410042351658053,-0.299426928099626,-6.77362130202859e-08,0.999702440726668,0.000292289062926074,-0.00772798746443464,-0.116881447671745,-1.20883744988191e-07,0.0020928739519097,-7.80343730126488e-06,452.046073446538,439.962942974428,427.541969647705,439.962786466797
2.189,0,0.334394581129216,-0.299447685829684,-6.76455894608525e-08,0.999702381738083,0.00028449465622807,-0.00786870905292231,-0.164224294947893,-1.20749817240565e-07,0.00212195648079084,-7.85464390035837e-06,451.850411311114,439.962798422733,427.750062331223,439.962644054519
2.19,0,0.260552986686648,-0.299468645781051,-6.75539451137855e-08,0.999702323537602,0.000276536214921811,-0.0080556790539409,-0.209298781245039,-1.2060281100206e-07,0.00214877616541784,-7.90584384692818e-06,451.627883219378,439.96266870608,427.985473182237,439.962516849297
2.191,0,0.188999528173777,-0.299489758489909,-6.74612845654306e-08,0.999702266126753,0.000268368702866035,-0.0082863964480047,-0.251645717296204,-1.20441471340115e-07,0.00217318847457576,-7.95703111665258e-06,451.379901340086,439.962553130053,428.246605701617,439.962404140453
2.192,0,0.120181287038801,-0.29951097603954,-6.73676123824359e-08,0.999702209498096,0.00025994980825542,-0.0085579199870282,-0.290844376065654,-1.20264626687204e-07,0.00219506196305379,-8.00820334603918e-06,451.108039199224,439.962450872875,428.531713792955,439.962305087421
2.193,0,0.0545072919061205,-0.299532252359491,-6.72729331092218e-08,0.999702153635226,0.000251240364095851,-0.00886690820337955,-0.326515508886832,-1.20071197584113e-07,0.00221427908290453,-8.05936184046996e-06,450.814014954595,439.962360995829,428.838921660966,439.962218730364
2.194,0,0,-0.299553543499263,-6.71772512654375e-08,0.999702098513015,0.000242204727240835,-0.00920860342325262,-0.351955965709004,-1.19860204266587e-07,0.00223073685290552,-8.11051149090309e-06,450.499673564044,439.962282455654,429.166244180453,439.962144002791
2.195,0,0,-0.299574817865656,-6.70805713433975e-08,0.999702044098327,0.000232823564552631,-0.00955028659289289,-0.331340335750894,-1.19631109525569e-07,0.0022443889369027,-8.16166117402457e-06,450.169999773187,439.962212640112,429.508570322617,439.962078221752
2.196,0,0,-0.29959607022281,-6.69828978053438e-08,0.999701990353397,0.000223111094803659,-0.00987115101541527,-0.310325496985888,-1.19384283707273e-07,0.00225530211085406,-8.21282338550122e-06,449.847092345202,439.962140625851,429.843722066573,439.962010133753
2.197,0,0,-0.299617300463703,-6.68842350804724e-08,0.999701937243363,0.000213088329305879,-0.0101708186102728,-0.288953750958051,-1.1912025985166e-07,0.00226356356925198,-8.26400989156632e-06,449.530839444215,439.96206641324,430.171822851226,439.96193974191
2.198,0,0,-0.29963850850731,-6.67845875627646e-08,0.9997018847378,0.00020277663625935,-0.0104489537201656,-0.267267629273818,-1.18839553844417e-07,0.002269258693356,-8.31523078632979e-06,449.221130810279,439.96199001168,430.492994262519,439.961867058282
2.199,0,0,-0.299659694297771,-6.66839596091597e-08,0.999701832810458,0.000192197698227277,-0.0107052633011347,-0.245309813738662,-1.18542664857228e-07,0.00227247108170603,-8.36649459060213e-06,448.917857739713,439.961911438714,430.807356056986,439.961792102996
2.2,0,0,-0.299680857803563,-6.65823555378776e-08,0.999701781439002,0.000181373469460826,-0.0109394970330396,-0.223123057014453,-1.18230075800003e-07,0.00227328258019818,-8.41780834625766e-06,448.620913065727,439.961830719206,431.115026185138,439.961714903425
2.201,0,0,-0.299701999016705,-6.6479779626884e-08,0.999701730604775,0.000170326133153018,-0.0111514473510137,-0.200750103937062,-1.17902253782127e-07,0.00227177331172824,-8.46917770631213e-06,448.330191139297,439.961747884576,431.416120814651,439.961635493433
2.202,0,0,-0.299723117951969,-6.63762361124946e-08,0.999701680292566,0.000159078058700384,-0.0113409493986229,-0.178233613631142,-1.17559650580125e-07,0.00226802170540816,-8.52060702088363e-06,448.045587810315,439.961662972085,431.710754353391,439.961553912661
2.203,0,0,-0.299744214646113,-6.62717291881101e-08,0.999701630490391,0.000147651759050265,-0.0115078809035949,-0.155616082556204,-1.17202703109356e-07,0.0022621045253603,-8.57209941919953e-06,447.767000408978,439.961576024173,431.99903947223,439.961470205877
2.204,0,0,-0.299765289157126,-6.61662630030789e-08,0.999701581189281,0.000136069848210669,-0.0116521619771137,-0.13293976861509,-1.16831833897625e-07,0.00225409689909474,-8.62365688780643e-06,447.494327727432,439.96148708785,432.281087127686,439.961384422359
2.205,0,0,-0.299786341563495,-6.60598416616818e-08,0.999701532383085,0.000124354998998604,-0.0117737548378087,-0.110246616452687,-1.16447451558759e-07,0.00224407234547452,-8.67528034513429e-06,447.227470001652,439.961396214119,432.557006584357,439.961296615334
2.206,0,0,-0.299807371963481,-6.59524692222351e-08,0.999701484068276,0.000112529901101545,-0.0118726634616884,-0.0875781840692823,-1.1604995126445e-07,0.00223210280227373,-8.72696971256085e-06,446.966328893553,439.961303457457,432.826905437167,439.961206841452
2.207,0,0,-0.299828380474417,-6.58441496963078e-08,0.999701436243777,0.000100617219525438,-0.0119489331593954,-0.0649755708693478,-1.1563971521281e-07,0.00221825865333346,-8.7787239821165e-06,446.710807473336,439.961208875324,433.090889633406,439.961115160305
2.208,0,0,-0.299849367232016,-6.57348870480485e-08,0.999701388910781,8.86395535011583e-05,-0.0120026500822778,-0.0424793472626787,-1.15217113092302e-07,0.00220260875532039,-8.83054128096538e-06,446.460810202054,439.961112527715,433.349063494566,439.961021633976
2.209,0,0,-0.299870332389698,-6.562468519362e-08,0.99970134207259,7.66193959198371e-05,-0.0120339406588836,-0.0201294859308652,-1.14782502539818e-07,0.00218522046409293,-8.88241893279296e-06,446.216242914388,439.96101447675,433.601529737984,439.960926326633
2.21,0,0,-0.299891276117927,-6.55135480007366e-08,0.99970129573446,6.45790933657574e-05,-0.0120429709636011,0.00203470513212257,-1.14336229591835e-07,0.00216615966067966,-8.93435351622599e-06,445.977012801648,439.960914786289,433.848389498266,439.960829304144
2.211,0,0,-0.299912198603568,-6.54014792883019e-08,0.999701249903452,5.25408068137878e-05,-0.01202994601927,0.0239746477007555,-1.13878629127763e-07,0.00214549077687477,-8.98634092040595e-06,445.743028394973,439.960813521583,434.08974234851,439.960730633735
2.212,0,0,-0.299933100049256,-6.52884828261439e-08,0.99970120458829,4.05264730564169e-05,-0.0119951090356928,0.0456525564201635,-1.1341002530464e-07,0.00212327682045537,-9.03837639783251e-06,445.514199548741,439.960710748956,434.325686321323,439.960630383666
2.213,0,0,-0.299953980672775,-6.51745623348443e-08,0.999701159799229,2.85577669234859e-05,-0.0119387405860735,0.0670314998343446,-1.12930731982517e-07,0.00209957940002518,-9.09045461458963e-06,445.290437424165,439.960606535513,434.556317929626,439.960528622941
2.214,0,0,-0.299974840706457,-6.50597214856589e-08,0.999701115547926,1.66560643556404e-05,-0.0118611577235032,0.0880754592496912,-1.12441053139924e-07,0.00207445874948926,-9.14256969806232e-06,445.071654473103,439.960500948869,434.781732187244,439.960425421045
2.215,0,0,-0.299995680396592,-6.49439639005276e-08,0.99970107184732,4.84240639035571e-06,-0.0117627130396997,0.108749385348012,-1.11941283278933e-07,0.00204797375216453,-9.19471528224844e-06,444.85776442204,439.960394056908,435.002022629294,439.960320847695
2.216,0,0,-0.300016500002848,-6.48272931521696e-08,0.999701028711519,-6.86253588285595e-06,-0.0116437936682943,0.129019252468179,-1.11431707819428e-07,0.00202018196453035,-9.24688455076577e-06,444.648682256272,439.960285927563,435.217281332354,439.960214972625
2.217,0,0,-0.300037299797709,-6.47097127642629e-08,0.999700986155689,-1.84384953437823e-05,-0.0115048202350337,0.148852110480605,-1.10912603482247e-07,0.00199113963962393,-9.29907027765101e-06,444.44432420426,439.960176628614,435.427598934423,439.960107865383
2.218,0,0,-0.300058080065925,-6.45912262117037e-08,0.999700944195954,-2.98656417875225e-05,-0.0113462457573409,0.168216134183867,-1.10384238660933e-07,0.00196090175008493,-9.35126486604374e-06,444.244607722173,439.96006622751,435.633064654667,439.959999595153
2.219,0,0,-0.30007884110397,-6.44718369209451e-08,0.999700902849297,-4.11246137457834e-05,-0.0111685544957459,0.187080670158062,-1.0984687378193e-07,0.00192952201085359,-9.4034603848447e-06,444.049451478605,439.959954791205,435.833766312957,439.959890230595
2.22,0,0,-0.300099583219518,-6.43515482704118e-08,0.999700862133467,-5.21965491366099e-05,-0.0109722607597598,0.205416281014717,-1.09300761653077e-07,0.00189705290152704,-9.45564860343478e-06,443.858775339463,439.959842386013,436.02979034919,439.959779839696
2.221,0,0,-0.300120306730925,-6.42303635909874e-08,0.999700822066895,-6.3063114698307e-05,-0.0107579076708244,0.223194786988474,-1.08746147800339e-07,0.00186354568837776,-9.5078210245373e-06,443.672500353026,439.959729077481,436.221221842395,439.959668489642
2.222,0,0,-0.300141011966734,-6.41082861665735e-08,0.999700782668608,-7.37065341659635e-05,-0.010526065885019,0.240389304821123,-1.08183270792737e-07,0.00182905044603889,-9.55996891530362e-06,443.490548735175,439.959614930271,436.408144529638,439.959556246706
2.223,0,0,-0.300161699265174,-6.39853192347177e-08,0.999700743958154,-8.41096151516985e-05,-0.0102773322782562,0.256974283894009,-1.07612362555511e-07,0.00179361607886036,-9.61208333669858e-06,443.312843854777,439.959500008062,436.590640824708,439.959443176145
2.224,0,0,-0.300182368973688,-6.38614659873066e-08,0.99970070595553,-9.42557746925007e-05,-0.0100123285967376,0.272925539570294,-1.07033648671571e-07,0.00175729034194022,-9.66415517125968e-06,443.139310219244,439.959384373458,436.768791836587,439.959329342111
2.225,0,0,-0.300203021448465,-6.37367295713241e-08,0.999700668681106,-0.000104129063432321,-0.00973170007547571,0.288220283714013,-1.0644734867132e-07,0.00172011986183529,-9.71617514930093e-06,442.969873460239,439.959268087918,436.942677387724,439.959214807576
2.226,0,0,-0.300223657053976,-6.36111130896702e-08,0.999700632155567,-0.000113714188407903,-0.00943611402772064,0.302837152358362,-1.05853676310967e-07,0.00168215015695531,-9.76813387362966e-06,442.804460319548,439.959151211682,437.112376032084,439.959099634269
2.227,0,0,-0.300244276162535,-6.34846196020395e-08,0.99970059639985,-0.000122996534410683,-0.00912625840815283,0.316756230501113,-1.05252839839507e-07,0.00164342565764469,-9.82002184284183e-06,442.642998635097,439.959033803723,437.277965073,439.958983882612
2.228,0,0,-0.300264879153861,-6.33572521258556e-08,0.999700561435082,-0.000131962183899964,-0.0088028403527244,0.329959074010511,-1.04645042254524e-07,0.00160398972595589,-9.87182947325903e-06,442.485417327127,439.958915921694,437.439520580811,439.958867611685
2.229,0,0,-0.300285466414652,-6.32290136372607e-08,0.999700527282534,-0.000140597935445468,-0.00846658469804405,0.342428728630466,-1.04030481547012e-07,0.00156388467511846,-9.92354711956771e-06,442.331646384518,439.958797621895,437.597117410291,439.958750879176
2.23,0,0,-0.30030603833817,-6.30999070721568e-08,0.99970049396356,-0.000148891320680247,-0.00811823248320977,0.354149746079218,-1.03409350935429e-07,0.00152315178870782,-9.97516509421901e-06,442.181616851257,439.958678959242,437.75082921788,439.958633741362
2.231,0,0,-0.300326595323838,-6.29699353272965e-08,0.999700461499557,-0.000156830619747867,-0.00775853943699659,0.365108197241056,-1.02781839089232e-07,0.00148183133951753,-1.00266736856451e-05,442.035260813052,439.95855998724,437.900728478701,439.958516253079
2.232,0,0,-0.300347137776844,-6.28391012614209e-08,0.999700429911917,-0.000164404875230665,-0.00738827445330428,0.375291682455928,-1.02148130342123e-07,0.0014399626081392,-1.0078063175346e-05,441.892511384095,439.958440757973,438.046886503381,439.958398467707
2.233,0,0,-0.300367666107754,-6.2707407696443e-08,0.999700399221987,-0.000171603904548793,-0.00700821805776243,0.384689338917079,-1.01508404895257e-07,0.00139758390125359,-1.01293238538984e-05,441.753302693957,439.958321322089,438.189373454663,439.958280437162
2.234,0,0,-0.300388180732141,-6.25748574186733e-08,0.999700369451028,-0.000178418310822652,-0.00661916086837785,0.393291845191974,-1.0086283901068e-07,0.00135473256963712,-1.01804460359358e-05,441.617569874632,439.958201728796,438.328258363819,439.95816221189
2.235,0,0,-0.300408682070215,-6.24414531800856e-08,0.999700340620179,-0.000184839492194181,-0.00622190205309097,0.401091422886908,-1.00211605195271e-07,0.00131144502588718,-1.02314200741492e-05,441.48524904771,439.958082025864,438.463609146866,439.958043840866
2.236,0,0,-0.300429170546466,-6.23071976996209e-08,0.999700312750424,-0.00019085964960535,-0.00581724778708555,0.408081835480664,-9.95548723754812e-08,0.00126775676187026,-1.02822363723514e-05,441.356277311695,439.957962259627,438.595492620581,439.957925371599
2.237,0,0,-0.300449646589317,-6.21720936645274e-08,0.99970028586256,-0.000196471793035017,-0.00540600971266769,0.414258384357541,-9.88928060631278e-08,0.00122370236589646,-1.03328853976517e-05,441.230592729451,439.957842474992,438.723974518313,439.957806850143
2.238,0,0,-0.300470110630787,-6.20361437317333e-08,0.999700259977167,-0.000201669746198097,-0.00498900340449778,0.419617902074822,-9.82255685125389e-08,0.00117931553962417,-1.03833576917815e-05,441.108134315782,439.957722715454,438.849119505611,439.957688321107
2.239,0,0,-0.300490563106156,-6.18993505292509e-08,0.999700235114585,-0.000206448149713802,-0.00456704684292128,0.424158742904517,-9.75533188693386e-08,0.00113462911469835,-1.04336438816113e-05,440.988842025147,439.957603023108,438.970991195648,439.957569827671
2.24,0,0,-0.300511004453644,-6.17617166576101e-08,0.99970021129488,-0.000210802462752377,-0.00414095889810239,0.427880770693716,-9.68762133111527e-08,0.00108967506912627,-1.04837346888994e-05,440.872656739503,439.957483438668,439.089652164458,439.957451411605
2.241,0,0,-0.300531435114102,-6.16232446913182e-08,0.999700188537831,-0.000214728963172487,-0.00371155782761787,0.430785344092404,-9.61944051805307e-08,0.00104448454339399,-1.05336209393073e-05,440.759520256273,439.95736400149,439.205163965974,439.95733311329
2.242,0,0,-0.300551855530699,-6.14839371803443e-08,0.999700166862903,-0.00021822474616401,-0.00327965979011736,0.432875299201859,-9.55080451103547e-08,0.000999087856327321,-1.05832935707201e-05,440.649375276449,439.957244749594,439.317587146888,439.957214971743
2.243,0,0,-0.300572266148633,-6.13437966516259e-08,0.999700146289229,-0.000221287721413601,-0.00284607737760126,0.434154929700948,-9.48172811420494e-08,0.000953514520700543,-1.06327436409036e-05,440.54216539281,439.957125719687,439.426981261311,439.95709702464
2.244,0,0,-0.300592667414833,-6.12028256105962e-08,0.999700126835593,-0.000223916608812868,-0.00241161816880807,0.434629964511672,-9.41222588368464e-08,0.000907793258596487,-1.06819623345338e-05,440.437835078279,439.957006947194,439.533404885255,439.956979308344
2.245,0,0,-0.300613059777685,-6.10610265427293e-08,0.999700108520412,-0.000226110932731515,-0.00197708330613939,0.434307543069172,-9.34231213803883e-08,0.000861952016521269,-1.07309409696273e-05,440.336329674388,439.956888466284,439.636915630924,439.956861857934
2.246,0,0,-0.300633443686752,-6.09184019151014e-08,0.999700091361723,-0.000227871014880165,-0.00154326609848424,0.433196188265145,-9.27200096809522e-08,0.000816017980277083,-1.07796710034054e-05,440.237595379876,439.956770309897,439.737570160829,439.956744707234
2.247,0,0,-0.30065381959251,-6.07749541779659e-08,0.999700075377171,-0.000229197965789909,-0.00111095065223314,0.431305777137165,-9.20130624615495e-08,0.000770017589596368,-1.08281440376194e-05,440.141579239405,439.956652509779,439.835424201713,439.956627888846
2.248,0,0,-0.30067418794609,-6.06306857663408e-08,0.999700060583992,-0.000230093674937896,-0.000680910532698403,0.428647509379794,-9.13024163461842e-08,0.000723976552540634,-1.08763518233653e-05,440.048229132391,439.956535096512,439.930532558302,439.956511434179
2.249,0,0,-0.300694549199021,-6.04855991016064e-08,0.999700046999011,-0.00023056079955044,-0.000253907458079644,0.425233873756603,-9.0588205940508e-08,0.000677919859667202,-1.09242862654144e-05,439.957493761963,439.956418099545,440.022949126877,439.956395373483
2.25,0,0,-0.300714903802992,-6.03396965931101e-08,0.999700034638623,-0.000230602752117222,0.00016930997196732,0.421078612495234,-8.98705639071452e-08,0.00063187179796707,-1.09719394260851e-05,439.869322644031,439.956301547226,440.112726908666,439.956279735881
2.251,0,0,-0.300735252209606,-6.01929806397787e-08,0.999700023518794,-0.000230223686652196,0.000588007511183468,0.416196683750525,-8.91496210359257e-08,0.000585855964577086,-1.10193035286807e-05,439.783666096473,439.956185466835,440.199918023069,439.956164549404
2.252,0,0,-0.300755594870154,-6.00454536317343e-08,0.999700013655047,-0.000229428483738716,0.00100146646309314,0.410604222223381,-8.84255063092613e-08,0.000539895280269557,-1.10663709605164e-05,439.700475228441,439.956069884619,440.284573720699,439.95604984102
2.253,0,0,-0.300775932235388,-5.98971179519131e-08,0.99970000506246,-0.000228222734398263,0.00140898483712487,0.404318498025567,-8.76983469629146e-08,0.000494012002722421,-1.11131342755569e-05,439.619701929779,439.955954825822,440.366744396262,439.955935636672
2.254,0,0,-0.300796264755303,-5.97479759776847e-08,0.99969999775566,-0.000226612722823906,0.00180987846275831,0.397357873882912,-8.69682685423778e-08,0.000448227739573031,-1.11595861966879e-05,439.541298860551,439.955840314721,440.446479601263,439.955821961311
2.255,0,0,-0.300816592878924,-5.9598030082471e-08,0.999699991748818,-0.000224605408021271,0.00220348206008306,0.3897417607715,-8.62353949550825e-08,0.000402563461258599,-1.12057196176396e-05,439.465219440686,439.955726374654,440.523828056542,439.955708838924
2.256,0,0,-0.300836917054102,-5.94472826373621e-08,0.999699987055648,-0.00022220840440139,0.00258915026525016,0.381490572083379,-8.54998485186738e-08,0.000357039513646299,-1.12515276045837e-05,439.391417839735,439.955613028058,440.598837664651,439.955596292575
2.257,0,0,-0.300857237727314,-5.92957360127282e-08,0.999699983689402,-0.000219429961371239,0.00296625860939502,0.372625676419989,-8.47617500055452e-08,0.000311675630455982,-1.12970033974218e-05,439.319848966737,439.955500296496,440.671555522057,439.95548434443
2.258,0,0,-0.300877555343468,-5.91433925798255e-08,0.99969998166287,-0.000216278941969188,0.00333420444970907,0.363169349113087,-8.40212186838157e-08,0.000266490945478452,-1.13421404107823e-05,439.250468460191,439.955388200693,440.742027931193,439.955373015794
2.259,0,0,-0.300897870345716,-5.89902547123956e-08,0.999699980988381,-0.0002127648005938,0.00369240785143825,0.35314472257425,-8.32783723549822e-08,0.00022150400459218,-1.13869322347448e-05,439.183232678142,439.955276760563,440.810300412338,439.955262327139
2.26,0,0,-0.300918183175274,-5.88363247882544e-08,0.999699981677797,-0.000208897559875652,0.00404031241968773,0.342575735575151,-8.25333273884164e-08,0.00017673277758134,-1.14313726353062e-05,439.118098688376,439.955165995244,440.876417715349,439.955152298138
2.261,0,0,-0.300938494271241,-5.86816051908728e-08,0.99969998374252,-0.000204687786742873,0.0043773860800153,0.33148708156178,-8.17861987528863e-08,0.000132194669757964,-1.14754555546052e-05,439.055024258715,439.955055923123,440.940423831224,439.955042947695
2.262,0,0,-0.300958804070434,-5.85260983109443e-08,0.999699987193491,-0.000200146567732078,0.00470312180689926,0.319904156106485,-8.10371000452717e-08,8.7906533391048e-05,-1.15191751109201e-05,438.993967847426,439.954946561869,441.002362003519,439.954934293974
2.263,0,0,-0.300979113007218,-5.83698065479399e-08,0.999699992041189,-0.000195285483597243,0.00501703829927059,0.307853003602239,-8.02861435166725e-08,4.38846789453363e-05,-1.15625255984541e-05,438.934888593729,439.954837928461,441.062274739607,439.954826354427
2.264,0,0,-0.300999421513348,-5.82127323116496e-08,0.999699998295636,-0.000190116583269803,0.00531868060240439,0.295360263303929,-7.95334400960388e-08,1.44886132537852e-07,-1.16055014869204e-05,438.877746308412,439.954730039213,441.120203821784,439.954719145825
2.265,0,0,-0.301019730017814,-5.80548780237069e-08,0.999700005966399,-0.000184652357223952,0.00560762067556958,0.28245311482155,-7.8779099411505e-08,-4.32975852223454e-05,-1.16480974209422e-05,438.822501464553,439.954622909804,441.176190318228,439.954612684282
2.266,0,0,-0.30104003894669,-5.7896246119098e-08,0.999700015062593,-0.000178905710301607,0.00588345790494165,0.269159223170196,-7.80232298095493e-08,-8.6427984496908e-05,-1.16903082192781e-05,438.769115188338,439.954516555305,441.230274593805,439.954506985287
2.267,0,0,-0.301060348722993,-5.77368390476523e-08,0.999700025592886,-0.000172889934052003,0.00614581956138729,0.255506683481466,-7.7265938372147e-08,-0.000129232059766818,-1.17321288738853e-05,438.717549249987,439.9544109902,441.282496320733,439.954402063723
2.268,0,0,-0.301080659766538,-5.75766592755141e-08,0.9997000375655,-0.000166618678641195,0.00639436120283464,0.241523965480511,-7.6507330932042e-08,-0.000171696047478284,-1.17735545488318e-05,438.667766054779,439.954306228416,441.332894489098,439.954297933899
2.269,0,0,-0.301100972493806,-5.74157092865945e-08,0.999700050988218,-0.000160105924386968,0.00662876702104659,0.227239857832309,-7.57475120862747e-08,-0.000213806662294945,-1.18145805790689e-05,438.619728634173,439.954202283341,441.381507417224,439.954194609569
2.27,0,0,-0.301121287317813,-5.72539915840021e-08,0.999700065868388,-0.000153365952974818,0.00684875013271784,0.212683412459988,-7.49865852081007e-08,-0.000255551087116639,-1.18552024690719e-05,438.573400637038,439.954099167852,441.428372761908,439.954092103959
2.271,0.0112483088874413,0,-0.301141604647986,-5.70915086914516e-08,0.999700082212926,-0.00014641331841066,0.00705405281491877,0.197883888937023,-7.42246524573893e-08,-0.000296916963267564,-1.18954158913621e-05,438.528746320976,439.953996894335,441.473527528508,439.953990429786
2.272,0.0235155680267956,0,-0.301161924890036,-5.69282631546571e-08,0.999700100028235,-0.000139262817765883,0.00724444668501052,0.182870699054014,-7.34618164913337e-08,-0.000337892093275923,-1.19352167135186e-05,438.479233805426,439.953893634012,441.523416458654,439.953887835357
2.273,0.0357733553281669,0,-0.301182248445845,-5.67642575427475e-08,0.999700119319843,-0.000131929461770151,0.00741973282525551,0.167673351659389,-7.26981873294635e-08,-0.000378463273953459,-1.19746011110722e-05,438.424450685958,439.953788772079,441.578440813685,439.953783711134
2.274,0.0480142571215899,0,-0.30120257571333,-5.65994944497177e-08,0.999700140092271,-0.000124428445307128,0.00757974185244653,0.152321397871937,-7.19338844056925e-08,-0.000418615948930394,-1.20135656045464e-05,438.364594084974,439.953681867436,441.638400594509,439.953677614088
2.275,0.0602308557382151,0,-0.301222907086301,-5.64339764959529e-08,0.999700162349007,-0.000116775117867884,0.00772433393297447,0.136844376761377,-7.11690364186246e-08,-0.000458334234784213,-1.20521070602199e-05,438.299861184112,439.953572503825,441.703096061355,439.953569126007
2.276,0.0724157340123318,0,-0.301243242954309,-5.62677063298335e-08,0.999700186092504,-0.000108984954016309,0.00785339874384996,0.1212717615914,-7.04037810232958e-08,-0.000497600973679823,-1.20902226866755e-05,438.230449169146,439.953460290191,441.772327803207,439.953457853865
2.277,0.0845614797984862,0,-0.301263583702472,-5.61006866294195e-08,0.999700211324169,-0.000101073523920274,0.00796685538028806,0.105632906717622,-6.96382645212635e-08,-0.000536397785967824,-1.21279100297933e-05,438.15655517334,439.953344861068,441.845896807564,439.953343430202
2.278,0.0966606905011172,0,-0.3012839297113,-5.59329201042124e-08,0.999700238044371,-9.30564640016443e-05,0.0080646522105559,0.0899569952307889,-6.88726415493416e-08,-0.000574705122724028,-1.21651669663091e-05,438.078376219307,439.953225876969,441.92360453047,439.953225513516
2.279,0.108705977613908,0,-0.301304281356498,-5.57644094969911e-08,0.999700266252442,-8.49494477574808e-05,0.0081467666788731,0.0742729874333172,-6.81070747672809e-08,-0.000612502318213142,-1.22019916960576e-05,437.996109159398,439.953103024776,442.005252966758,439.953103788657
2.28,0.120689971266092,0,-0.301324639008769,-5.55951575857208e-08,0.999700295946693,-7.67681568039577e-05,0.00821320505724116,0.0586095702348442,-6.73417345446334e-08,-0.00064976764225927,-1.22383827330163e-05,437.909950614656,439.952976018138,442.090644720449,439.952977967215
2.281,0.132605324772946,0,-0.301345003033595,-5.54251671855312e-08,0.999700327124422,-6.85282521935876e-05,0.00826400214716259,0.0429951075499514,-6.65767986470535e-08,-0.000686478352505697,-1.22743388952624e-05,437.820096912365,439.952844597845,442.179583075247,439.952847787908
2.282,0.144444719187728,0,-0.301365373791018,-5.5254441150761e-08,0.99970035978194,-6.02453460553526e-05,0.00829922093229266,0.0274575917785532,-6.58124519222707e-08,-0.000722610746546176,-1.23098592939517e-05,437.726744022247,439.952708532207,442.271872065081,439.952713016952
2.283,0.156200867852091,0,-0.301385751635406,-5.50829823770671e-08,0.999700393914588,-5.19349736062519e-05,0.00831895218314519,0.0120245964466766,-6.50488859859414e-08,-0.0007581402139098,-1.23449433214278e-05,437.630087491339,439.952567617402,442.367316544622,439.952573448411
2.284,0.167866520942371,0,-0.301406136915212,-5.49107938035943e-08,0.999700429516763,-4.36125655816214e-05,0.00832331401505078,-0.0032767699175353,-6.42862989075646e-08,-0.000793041287881291,-1.2379590638563e-05,437.530322377601,439.95242167781,442.465722259747,439.952428904533
2.285,0.179434470008736,0,-0.301426529972723,-5.47378784152025e-08,0.999700466581951,-3.52934211303414e-05,0.00831245140063862,-0.0184199086007603,-6.35248948966421e-08,-0.000827287697138446,-1.24138011614318e-05,437.427643182299,439.952270566312,442.56689591787,439.952279236051
2.286,0.190897552504422,0,-0.301446931143804,-5.45642392447491e-08,0.999700505102753,-2.69926812197452e-05,0.00828653563818371,-0.0333787741456375,-6.27648839892337e-08,-0.00086085241718828,-1.2447575047414e-05,437.322243781209,439.952114164562,442.670645258103,439.952124322455
2.287,0.202248656302245,0,-0.301467340757631,-5.43898793754222e-08,0.999700545070923,-1.87253025936629e-05,0.00824576377722825,-0.0481279163505671,-6.20064817350499e-08,-0.000893707721583273,-1.2480912680821e-05,437.214317354708,439.951952383225,442.77677912119,439.951964072226
2.288,0.213480724195432,0,-0.301487759136422,-5.42148019431225e-08,0.999700586477402,-1.05060323255956e-05,0.00819035800295001,-0.0626425207659082,-6.12499088852107e-08,-0.000925825232899058,-1.25138146581356e-05,437.104056316789,439.951785162168,442.885107519166,439.951798423036
2.289,0.224586758379992,0,-0.301508186595155,-5.4039010138889e-08,0.999700629312357,-2.3493830075115e-06,0.008120564980811,-0.0768984476276723,-6.04953910807725e-08,-0.000957175973454694,-1.25462817729528e-05,436.991652243076,439.951612470606,442.99544170469,439.95162734189
2.29,0.235559824915773,0,-0.301528623441287,-5.38625072113661e-08,0.999700673565224,5.73039138680705e-06,0.00803665516307691,-0.0908722691732487,-5.97431585420868e-08,-0.000987730415756674,-1.25783150007045e-05,436.877295797879,439.951434307209,443.107594239997,439.951450825234
2.291,0.246393058163215,0,-0.301549069974463,-5.36852964693088e-08,0.999700719224746,1.37193189265549e-05,0.00793892205885163,-0.1045413052872,-5.89934457590916e-08,-0.00101745853264766,-1.26099154832499e-05,436.761176660369,439.951250700144,443.221379065438,439.951268899001
2.292,0.25707966519313,0,-0.301569526486221,-5.35073812841213e-08,0.999700766279019,2.16037324011913e-05,0.00782768146932127,-0.11788365742873,-5.82464911825912e-08,-0.00104632984714096,-1.26410845134087e-05,436.643483449923,439.95106170707,443.336611567546,439.951081618605
2.293,0.267612930166466,0,-0.301589993259693,-5.3328765092426e-08,0.999700814715538,2.93702912162991e-05,0.00770327068994868,-0.130878240796035,-5.75025369165431e-08,-0.00107431348192158,-1.26718235195089e-05,436.524403650717,439.950867415071,443.453108646588,439.950889068873
2.294,0.277986218681295,0,-0.301610470569306,-5.31494513986596e-08,0.999700864521241,3.70060024758561e-05,0.00756604768140245,-0.143504814686427,-5.67618284114103e-08,-0.00110137820849492,-1.2702134050023e-05,436.404123535623,439.950667940525,443.570688783567,439.950691363924
2.295,0.288192982084205,0,-0.30163095868047,-5.29694437776921e-08,0.999700915682556,4.44982412205602e-05,0.00741639021104365,-0.155744011014797,-5.6024614158589e-08,-0.00112749249596376,-1.27320177583571e-05,436.282828089491,439.950463428915,443.689172106618,439.950488646967
2.296,0.298226761743148,0,-0.301651457849272,-5.2788745877465e-08,0.999700968185452,5.18347697936937e-05,0.00725469496682917,-0.16757736095673,-5.52911453859024e-08,-0.00115262455941471,-1.27614763878572e-05,436.160700931882,439.950254054564,443.808380456769,439.950281090052
2.297,0.308081193278981,0,-0.301671968322166,-5.2607361421645e-08,0.999701022015482,5.90037563078854e-05,0.00708137664552219,-0.178987319686345,-5.4561675754172e-08,-0.00117674240789477,-1.27905117570945e-05,436.037924239326,439.950040020307,443.928137453023,439.950068893735
2.298,0.31775001075292,0,-0.301692490335655,-5.24252942122896e-08,0.999701077157835,6.59937921880358e-05,0.00689686701712856,-0.189957289182685,-5.38364610548607e-08,-0.00119981389195916,-1.28191257454839e-05,435.914678667184,439.94982155709,444.04826855672,439.949852286678
2.299,0.327227050807005,0,-0.301713024115979,-5.22425481325212e-08,0.999701133597384,7.27939087675996e-05,0.00670161396750193,-0.200471639082285,-5.31157589087398e-08,-0.00122180675077125,-1.28473202792921e-05,435.791143271184,439.949598923498,444.168601135147,439.949631525183
2.3,0.336506256754884,0,-0.301733569878798,-5.20591271492044e-08,0.999701191318735,7.93935929173756e-05,0.00649608052108124,-0.210515725559334,-5.23998284655786e-08,-0.00124268865873582,-1.28750973180835e-05,435.667495428718,439.949372405204,444.288964524359,439.949406892639
2.301,0.345581682620059,0,-0.301754127828875,-5.18750353156246e-08,0.999701250306278,8.57828016879245e-05,0.00628074384574044,-0.220075908218599,-5.16889301048187e-08,-0.00126242727164668,-1.2902458841651e-05,435.543910759975,439.94914231435,444.409190091172,439.949178698905
2.302,0.354447497118901,0,-0.301774698159759,-5.16902767741631e-08,0.999701310544229,9.19519759487225e-05,0.00605609424174378,-0.229139564990096,-5.09833251372025e-08,-0.00128099027232994,-1.29294068374761e-05,435.420563048985,439.948908988844,444.529111294311,439.94894727961
2.303,0.363097987585725,0,-0.301795281053467,-5.15048557589649e-08,0.999701372016687,9.78920530091573e-05,0.00582263411680865,-0.237695105018208,-5.02832755073215e-08,-0.00129834541576438,-1.29559432887567e-05,435.297624164671,439.94867279159,444.648563744657,439.948712995381
2.304,0.371527563837126,0,-0.301815876680169,-5.13187765985955e-08,0.999701434707674,0.000103594478208477,0.00558087694928382,-0.245731979541713,-4.95890434970358e-08,-0.00131446057366028,-1.29820701630405e-05,435.175263981973,439.948434109633,444.767385264586,439.948476230993
2.305,0.379730761972968,0,-0.301836485197875,-5.11320437186834e-08,0.999701498601187,0.000109051215463812,0.00533134624145216,-0.253240690764844,-4.89008914297589e-08,-0.00132930377847844,-1.30077894014967e-05,435.053650303144,439.948193353232,444.885415946366,439.948237394443
2.306,0.387702248111406,0,-0.301857106752117,-5.0944661644544e-08,0.99970156368124,0.000114254756767399,0.00507457446496548,-0.260212798723219,-4.82190813755811e-08,-0.00134284326687124,-1.30331029088557e-05,434.932948779289,439.947950954859,445.002498209573,439.947996915948
2.307,0.395436822055161,0,-0.301877741475641,-5.07566350037807e-08,0.999701629931914,0.000119198130626138,0.00481110200041294,-0.266640926152049,-4.75438748571919e-08,-0.00135504752252761,-1.3058012544045e-05,434.813322832246,439.94770736812,445.118476857519,439.947755246867
2.308,0.40292942088668,0,-0.301898389488098,-5.05679685288613e-08,0.999701697337399,0.000123874909438622,0.00454147607301577,-0.272518761367631,-4.68755325565968e-08,-0.00136588531840423,-1.30825201115425e-05,434.69493357687,439.947463066599,445.233199132657,439.947512858553
2.309,0.410175122489401,0,-0.301919050895736,-5.03786670596637e-08,0.999701765882035,0.000128279215806738,0.00426624968642791,-0.277841059176633,-4.62143140226342e-08,-0.00137532575832515,-1.3106627353469e-05,434.577939743841,439.947218542638,445.346514770939,439.947270241126
2.31,0.41716914899273,0,-0.301939725791099,-5.01887355459888e-08,0.999701835550356,0.000132405727780956,0.00398598055660612,-0.282603639831148,-4.55604773792891e-08,-0.00138333831793267,-1.31303359424372e-05,434.462497603041,439.946974306042,445.458276055119,439.947027902182
2.311,0.423906870138226,0,-0.301960414252727,-4.99981790500366e-08,0.999701906327134,0.000136249683040319,0.00370123004769338,-0.286803386050852,-4.49142790348197e-08,-0.00138989288497215,-1.31536474751696e-05,434.348760887622,439.946730882707,445.568337866961,439.946786365428
2.312,0.430383806564454,0,-0.301981116344861,-4.98070027488408e-08,0.99970197819741,0.000139806882010133,0.00341256211183654,-0.290438238136943,-4.42759733917442e-08,-0.0013949597988938,-1.31765634668975e-05,434.236880718817,439.946488813197,445.676557738358,439.946546169251
2.313,0.4365956330082,0,-0.302001832117152,-4.96152119366608e-08,0.999702051146539,0.000143073689922233,0.00312054223483246,-0.293507187205752,-4.3645812557731e-08,-0.00139850988975505,-1.31990853465487e-05,434.127005531609,439.946248651244,445.782795901318,439.946307865228
2.314,0.442538181419641,0,-0.302022561604373,-4.94228120273246e-08,0.999702125160223,0.00014604703782458,0.00282573638946811,-0.296010266573079,-4.3024046057464e-08,-0.00140051451640676,-1.32212144527283e-05,434.019281001318,439.946010962191,445.88691533683,439.946072016564
2.315,0.448207443989068,0,-0.302043304826145,-4.92298085565209e-08,0.999702200224546,0.000148724422548822,0.0025287099983867,-0.297948541323374,-4.24109205455483e-08,-0.00140094560394745,-1.32429520304945e-05,433.913849971205,439.945776321379,445.988781822566,439.945839196483
2.316,0.45359957608301,0,-0.302064061786653,-4.90362071840371e-08,0.999702276326006,0.00015110390564622,0.00223002690827699,-0.29932409610084,-4.18066795205824e-08,-0.00139977568042971,-1.32642992289299e-05,433.810852381165,439.945545312473,446.088263979434,439.945609986556
2.317,0.458710899087418,0,-0.302084832474383,-4.88420136959382e-08,0.999702353451544,0.000153184111304173,0.00193024837714393,-0.300140021162424,-4.12115630405093e-08,-0.00139697791280315,-1.32852570995021e-05,433.710425197601,439.945318525741,446.185233316948,439.94538497498
2.318,0.463537903155752,0,-0.302105616861857,-4.86472340066847e-08,0.999702431588578,0.000154964223257264,0.00162993207637775,-0.300400396735428,-4.06258074393934e-08,-0.00139252614207891,-1.33058265952097e-05,433.612702344553,439.945096556286,446.279564277413,439.945164754812
2.319,0.468077249859867,0,-0.302126414905375,-4.84518741611862e-08,0.999702510725025,0.000156443980708472,0.00132963110929421,-0.300110275725141,-4.00496450457791e-08,-0.00138639491770082,-1.3326008570503e-05,433.517814636165,439.94488000223,446.371134278916,439.944949922152
2.32,0.47232577474156,0,-0.302147226544768,-4.82559403367855e-08,0.999702590849328,0.000157623673277846,0.00102989304777245,-0.299275664820442,-3.94833039028386e-08,-0.00137855953110874,-1.33458037819692e-05,433.42588971056,439.944669462859,446.459823757115,439.944741074297
2.321,0.476280489762748,0,-0.302168051703154,-4.80594388451728e-08,0.999702671950478,0.000158504134997518,0.000731258988567272,-0.297903504047788,-3.89270074905076e-08,-0.00136899604847994,-1.33652128897666e-05,433.337051965222,439.944465536738,446.545516205807,439.944538807846
2.322,0.479938585652385,0,-0.302188890286705,-4.78623761342247e-08,0.999702754018038,0.000159086737373508,0.000434262630821348,-0.296001644826312,-3.83809744498383e-08,-0.00135768134263479,-1.33842364597925e-05,433.251422493931,439.944268819793,446.628098216285,439.94434371679
2.323,0.483297434148049,0,-0.30220974218442,-4.76647587897654e-08,0.999702837042155,0.000159373381536257,0.000139429376249047,-0.293578826578961,-3.78454183098253e-08,-0.00134459312409333,-1.34028749665661e-05,433.169119025346,439.944079903359,446.70745951546,439.944156390562
2.324,0.486354590130483,0,-0.302230607267903,-4.7466593537248e-08,0.999702921013583,0.000159366489503264,-0.000152724546592638,-0.290644651956724,-3.73205472169902e-08,-0.00132970997126977,-1.34211287968044e-05,433.090255863306,439.943899372222,446.783493002759,439.943977412078
2.325,0.489107793649193,0,-0.302251485391158,-4.72678872433516e-08,0.999703005923694,0.000159068994578618,-0.000441692932588415,-0.287209560734915,-3.68065636680173e-08,-0.00131301135979224,-1.34389982536706e-05,433.014943828909,439.943727802634,446.856094785779,439.943807355753
2.326,0.491554971837387,0,-0.302272376390386,-4.7068646917492e-08,0.99970309176449,0.000158484330915501,-0.0007269804236066,-0.283284802442353,-3.6303664245764e-08,-0.00129447769093575,-1.34564835616663e-05,432.943290204446,439.943565760323,446.925164214703,439.943646785512
2.327,0.493694240714601,0,-0.30229328008379,-4.68688797132435e-08,0.999703178528615,0.000157616422269044,-0.00100810330406264,-0.278882407785954,-3.58120393589931e-08,-0.00127409031915627,-1.34735848721452e-05,432.875398679256,439.943413798496,446.990603915466,439.943496252798
2.328,0.495523906875362,0,-0.302314196271397,-4.66685929296683e-08,0.999703266209358,0.000156469669968094,-0.0012845902673316,-0.274015158934857,-3.53318729861656e-08,-0.0012518315787149,-1.34903022694152e-05,432.811369297565,439.94327245584,447.052319821684,439.94335629457
2.329,0.497042469062346,0,-0.302335124734881,-4.64677940125513e-08,0.999703354800664,0.000155048940135619,-0.00155598315190176,-0.268696558729618,-3.48633424237157e-08,-0.00122768480938094,-1.35066357774029e-05,432.751298408365,439.943142254536,447.110221205314,439.943227431319
2.33,0.498248619622582,0,-0.302356065237402,-4.62664905555377e-08,0.999703444297133,0.000153359550188511,-0.00182183764622779,-0.262940798883326,-3.44066180391707e-08,-0.00120163438120344,-1.35225853668444e-05,432.695278617409,439.943023698279,447.164220706074,439.943110165091
2.331,0.499141245845226,0,-0.302377017523451,-4.6064690301171e-08,0.99970353469402,0.000151407254648608,-0.00208172396130927,-0.256762727242689,-3.39618630295409e-08,-0.00117366571834115,-1.35381509629738e-05,432.643398741356,439.942917270315,447.214234359598,439.943004977524
2.332,0.499719431179634,0,-0.302397981318706,-4.58624011418289e-08,0.999703625987239,0.000149198230297647,-0.00233522747008906,-0.250177814178128,-3.35292331853955e-08,-0.00114376532194123,-1.355333245367e-05,432.595743764149,439.942823431505,447.260181624335,439.942912327912
2.333,0.499982456332392,0,-0.302418956329905,-4.56596311205544e-08,0.999703718173351,0.000146739060709762,-0.00258194931283534,-0.243202118172878,-3.31088766610898e-08,-0.00111192079205759,-1.356812969803e-05,432.552394795651,439.942742618412,447.301985407187,439.9428326513
2.334,0.499929800242151,0,-0.302439942244718,-4.54563884317813e-08,0.999703811249564,0.000144036720195936,-0.00282150696774171,-0.235852250681799,-3.27009337515906e-08,-0.00107812084860009,-1.35825425353295e-05,432.513429032606,439.942675241432,447.339572087882,439.942766356604
2.335,0.499561140931117,0,-0.302460938731639,-4.52526814219503e-08,0.999703905213722,0.000141098557195523,-0.00305353478605072,-0.228145340331284,-3.23055366763259e-08,-0.00104235535130639,-1.35965707943336e-05,432.478919721971,439.942621682954,447.372871542082,439.942713824785
2.336,0.498876356232138,0,-0.302481945439889,-4.50485185900151e-08,0.999704000064297,0.00013793227715066,-0.00327768449107773,-0.2200989965321,-3.1922809370562e-08,-0.00100461531872871,-1.36102143029191e-05,432.44893612666,439.942582295575,447.401817163221,439.942675407054
2.337,0.497875524390429,0,-0.302502961999321,-4.48439085878356e-08,0.999704095800371,0.000134545924899935,-0.00349362564058412,-0.211731272577373,-3.15528672847672e-08,-0.00096489294622811,-1.36234728979685e-05,432.423543493739,439.942557400359,447.426345883081,439.942651423144
2.338,0.496558924539011,0,-0.302523988020353,-4.46388602204576e-08,0.999704192421626,0.000130947866628201,-0.00370104605202133,-0.203060628298155,-3.11958171924345e-08,-0.000923181622969599,-1.36363464354959e-05,432.402803025117,439.942547285163,447.44639819108,439.942642159626
2.339,0.494927037047062,0,-0.302545023093893,-4.44333824462768e-08,0.999704289928325,0.000127146771409896,-0.00389965219023942,-0.194105892349081,-3.08517570068247e-08,-0.000879475947911609,-1.36488348009645e-05,432.386771850774,439.942552203015,447.461918152298,439.942647868297
2.34,0.492980543740407,0,-0.302566066791294,-4.4227484377085e-08,0.999704388321293,0.000123151592383552,-0.00408916951732648,-0.18488622419658,-3.0520775607113e-08,-0.000833771744784111,-1.36609379197537e-05,432.375503004545,439.942572370571,447.472853424215,439.94266876463
2.341,0.490720327993515,0,-0.302587118664309,-4.4021175277999e-08,0.999704487601894,0.00011897154759552,-0.00426934280431776,-0.175421075881943,-3.02029526743789e-08,-0.000786066076049963,-1.36726557677361e-05,432.369045402507,439.942607966635,447.479155272165,439.942705026305
2.342,0.488147474692392,0,-0.302608178245062,-4.38144645672684e-08,0.999704587772013,0.00011461610055113,-0.00443993640458524,-0.16573015363122,-2.98983585379178e-08,-0.000736357255844663,-1.36839883819222e-05,432.367443823984,439.942659130766,447.480778583509,439.942756791807
2.343,0.485263270067863,0,-0.302629245046033,-4.36073618159644e-08,0.999704688834023,0.000110094940511669,-0.00460073448879041,-0.155833379383489,-2.96070540322978e-08,-0.000684644861890153,-1.36949358711312e-05,432.370738895213,439.942725961966,447.4776818805,439.942824159124
2.344,0.482069201398841,0,-0.302650318560054,-4.33998767475453e-08,0.999704790790765,0.000105417962575651,-0.00475154124135397,-0.145750852308488,-2.93290903655943e-08,-0.000630929746378857,-1.37054984266476e-05,432.378967075667,439.942808517453,447.469827331867,439.942907184515
2.345,0.478566956585239,0,-0.302671398260313,-4.31920192373011e-08,0.999704893645515,0.000100595247582855,-0.00489218101846735,-0.135502810383894,-2.90645089992217e-08,-0.000575214045824598,-1.3715676332822e-05,432.392160647083,439.942906811537,447.457180763075,439.94300588139
2.346,0.47475842359023,0,-0.302692483600383,-4.29837993116737e-08,0.999704997401955,9.56370418795332e-05,-0.00502249846774019,-0.125109592101742,-2.88133415397435e-08,-0.000517501189877595,-1.37254699775753e-05,432.410347705198,439.943020814582,447.439711665286,439.943120219274
2.347,0.470645689751767,0,-0.302713574014246,-4.27752271474548e-08,0.999705102064138,9.05537369831005e-05,-0.00514235860964746,-0.114591598372543,-2.85756096430249e-08,-0.000457795909101227,-1.37348798627667e-05,432.433552154202,439.94315045208,447.417393202987,439.943250122877
2.348,0.466231040963154,0,-0.302734668916346,-4.25663130708594e-08,0.999705207636459,8.53558491843752e-05,-0.00525164688100774,-0.103969254694611,-2.83513249310838e-08,-0.00039610424170879,-1.37439066143854e-05,432.461793703935,439.943295603822,447.390202220301,439.943395471275
2.349,0.461516960722802,0,-0.302755767701648,-4.2357067556475e-08,0.999705314123614,8.00539991252075e-05,-0.0053502691407911,-0.0932629736549695,-2.81404889219462e-08,-0.00033243353925898,-1.37525509925271e-05,432.495087869819,439.943456103193,447.358119245942,439.943556097197
2.35,0.456506129053135,0,-0.302776869745703,-4.21475012260876e-08,0.999705421530567,7.46588913889861e-05,-0.00543815163862091,-0.0824931178269322,-2.79430929728123e-08,-0.000266792471309357,-1.37608139011176e-05,432.533445975554,439.943631736562,447.321128496837,439.943731786423
2.351,0.451201421288868,0,-0.302797974404744,-4.19376248473831e-08,0.999705529862507,6.91812941411193e-05,-0.0055152409463981,-0.071679963128071,-2.77591182367702e-08,-0.000199191029027589,-1.37686963973452e-05,432.57687515855,439.943822242807,447.279217880371,439.943922277303
2.352,0.445605906734951,0,-0.302819081015773,-4.17274493325254e-08,0.999705639124814,6.36320188561287e-05,-0.00558150385353969,-0.0608436627008391,-2.75885356332666e-08,-0.000129640527760781,-1.37761997007665e-05,432.625378378131,439.944027312947,447.232378995266,439.944127260397
2.353,0.439722847194416,0,-0.302840188896681,-4.15169857366115e-08,0.999705749323012,5.80219001674696e-05,-0.0056369272263845,-0.050004211376516,-2.74313058325565e-08,-5.81536085637439e-05,-1.37833252020507e-05,432.678954426475,439.944246589904,447.180607131071,439.944346378233
2.354,0.433555695366654,0,-0.302861297346363,-4.13062452560037e-08,0.99970586046273,5.23617758756087e-05,-0.00568151783237926,-0.03918141078149,-2.72873792542639e-08,1.52557613124329e-05,-1.37900744713266e-05,432.737597942314,439.944479668386,447.123901266246,439.944579225195
2.355,0.427108093116596,0,-0.302882405644865,-4.10952392265404e-08,0.999705972549658,4.66624671492478e-05,-0.00571530212971595,-0.0283948351431282,-2.71566960801352e-08,9.05722889695705e-05,-1.37964492661018e-05,432.801299427367,439.944726094902,447.062264064834,439.944825347534
2.356,0.420383869615406,0,-0.302903513053524,-4.08839791216259e-08,0.999706085589503,4.09347589538853e-05,-0.00573832602314814,-0.0176637978506416,-2.70391862810856e-08,0.000167779357446922,-1.38024515387206e-05,432.870045265504,439.9449853679,446.995701871696,439.94508424351
2.357,0.41338703935335,0,-0.302924618815137,-4.06724765502002e-08,0.999706199587942,3.51893807411461e-05,-0.00575065458676791,-0.0070073188244221,-2.69347696585529e-08,0.000246859028338025,-1.3808083443333e-05,432.943817744633,439.945256938042,446.924224706291,439.945355363667
2.358,0.406121800025696,0,-0.302945722154138,-4.04607432545909e-08,0.999706314550579,2.94369874315108e-05,-0.00575237175457795,0.00355590725467641,-2.68433559001271e-08,0.000327792045436366,-1.38133473423435e-05,433.02259508128,439.945540208604,446.847846254997,439.945638111233
2.359,0.398592530292394,0,-0.302966822276781,-4.02487911082469e-08,0.999706430482895,2.36881407222069e-05,-0.00574357997974357,0.0140075418067231,-2.67648446493979e-08,0.000410557839405781,-1.38182458123155e-05,433.106351447865,439.945834536018,446.766583861932,439.945931842664
2.36,0.390803787412629,0,-0.302987918371346,-4.0036632113358e-08,0.999706547390204,1.79532907511225e-05,-0.00572439986345779,0.0243296322575199,-2.66991255899081e-08,0.000495134533470981,-1.38227816493043e-05,433.195057002636,439.946139230535,446.680458518279,439.946235868306
2.361,0.382760304755124,0,-0.303009009608353,-3.98242783983586e-08,0.999706665277601,1.22427581466413e-05,-0.0056949697543987,0.0345046409418112,-2.6646078543059e-08,0.000581498950123055,-1.38269578735966e-05,433.288677922252,439.946453557036,446.58949485007,439.946549453203
2.362,0.374466989185474,0,-0.303030095140789,-3.96117422153213e-08,0.999706784149918,6.56671649229987e-06,-0.00565544531980237,0.0445154729621406,-2.66055735797594e-08,0.00066962661883423,-1.38307777338337e-05,433.387176436981,439.946776735957,446.493721104429,439.946871818034
2.363,0.365928918331645,0,-0.303051174104347,-3.93990359372387e-08,0.999706904011674,9.35175234122012e-07,-0.00560599908921602,0.0543455029629366,-2.65774711455851e-08,0.000759491784775669,-1.38342447104996e-05,433.490510868493,439.947107944367,446.393169134236,439.947202140178
2.364,0.357151337728895,0,-0.30307224561768,-3.91861720551981e-08,0.999707024867024,-4.64203694259807e-06,-0.00554681997203543,0.0639786007817841,-2.65616221991401e-08,0.00085106741853148,-1.38373625187553e-05,433.598635670215,439.947446317165,446.287874381204,439.947539554913
2.365,0.348139657845617,0,-0.303093308782668,-3.89731631754498e-08,0.999707146719715,-1.01552882414167e-05,-0.00547811274996741,0.0733991559422713,-2.65578683632785e-08,0.000944325226801615,-1.38401351106044e-05,433.711501470217,439.947790948404,446.177875857326,439.947883156752
2.366,0.338899450991497,0,-0.30311436268469,-3.87600220163725e-08,0.999707269573032,-1.55951593632744e-05,-0.00540009754559257,0.0825921009552621,-2.65660420888226e-08,0.00103923566408577,-1.38425666763746e-05,433.829055116604,439.948140892758,446.063216124687,439.948232000896
2.367,0.329436448109503,0,-0.303135406392919,-3.85467614053374e-08,0.999707393429754,-2.09524585721449e-05,-0.0053130092682355,0.091542933397954,-2.65859668303328e-08,0.00113576794533982,-1.38446616455053e-05,433.951239725361,439.948495167102,445.943941273609,439.948585104818
2.368,0.319756535453502,0,-0.303156438960623,-3.83333942754735e-08,0.999707518292103,-2.62182361957213e-05,-0.00521709703837876,0.10023773674261,-2.6617457233465e-08,0.00123389005959585,-1.38464246866291e-05,434.077994730631,439.948852752222,445.820100899096,439.948941449976
2.369,0.30986575115302,0,-0.303177459425478,-3.8119933662338e-08,0.999707644161698,-3.13837985403139e-05,-0.00511262359188413,0.108663199909417,-2.66603193333938e-08,0.00133356878453618,-1.38478607069417e-05,434.209255937379,439.949212594644,445.691748075573,439.94929998364
2.37,0.299770281667107,0,-0.303198466809895,-3.79063927004932e-08,0.999707771039504,-3.64407212004087e-05,-0.00499986466530852,0.116806635520501,-2.67143507637871e-08,0.00143476970201136,-1.38489748508531e-05,434.344955576401,439.949573608584,445.558939329872,439.949659620841
2.371,0.289476458129161,0,-0.303219460121355,-3.76927846199937e-08,0.999707898925789,-4.13808617446332e-05,-0.00487910836362397,0.124655996834734,-2.67793409757279e-08,0.00153745721449144,-1.38497724979171e-05,434.485022361634,439.949934678012,445.421734612453,439.95001924643
2.372,0.278990752584639,0,-0.303240438352763,-3.74791227427868e-08,0.999708027820077,-4.61963717611976e-05,-0.00475065451166993,0.132199893345562,-2.68550714659526e-08,0.00164159456243945,-1.38502592600386e-05,434.62938154972,439.950294658823,445.280197266839,439.950377717259
2.373,0.268319774123696,0,-0.303261400482807,-3.72654204790285e-08,0.999708157721099,-5.0879708247214e-05,-0.00461481399068261,0.139427605026718,-2.69413160137692e-08,0.00174714384259518,-1.38504409779577e-05,434.777955001793,439.950652381123,445.134393997218,439.950733864455
2.374,0.257470264911039,0,-0.303282345476329,-3.70516913233193e-08,0.999708288626753,-5.54236443276489e-05,-0.00447190806125996,0.146329095213289,-2.70378409259831e-08,0.00185406602715716,-1.38503237170154e-05,434.930661247408,439.951006651608,444.984394834215,439.951086495804
2.375,0.246449096114893,0,-0.303303272284706,-3.68379488508624e-08,0.999708420534059,-5.98212792910288e-05,-0.00432226767413229,0.152895022108209,-2.71444052891159e-08,0.00196232098384992,-1.38499137622053e-05,435.087415550598,439.951356256047,444.830273098789,439.951434398232
2.376,0.235263263737779,0,-0.30332417984625,-3.66242067135474e-08,0.999708553439116,-6.4066047930394e-05,-0.00416623277011666,0.159116748906889,-2.72607612281712e-08,0.00207186749686329,-1.38492176125185e-05,435.248129977984,439.951699961858,444.672105364236,439.95177634038
2.377,0.223919884351058,0,-0.303345067086607,-3.64104786359639e-08,0.999708687337058,-6.81517291793742e-05,-0.00400415157063976,0.16498635253525,-2.73866541712275e-08,0.00218266328864963,-1.38482419745905e-05,435.412713468887,439.952036520767,444.509971416282,439.952111075259
2.378,0.212426190735962,0,-0.303365932919176,-3.61967784113466e-08,0.99970882222202,-7.20724540346507e-05,-0.00383637986021702,0.17049663099903,-2.75218231190833e-08,0.00229466504256485,-1.38469937556638e-05,435.581071907396,439.952364671549,444.343954211232,439.952437342996
2.379,0.200789527433526,0,-0.303386776245529,-3.59831198974576e-08,0.999708958087095,-7.58227127574539e-05,-0.00366328026227671,0.175641109344766,-2.76660009191633e-08,0.00240782842633802,-1.38454800558761e-05,435.753108196331,439.952683142852,444.174139832161,439.952753873648
2.38,0.189017346205952,0,-0.303407595955854,-3.57695170124073e-08,0.999709094924297,-7.93973613481351e-05,-0.00348522150971609,0.180414044235409,-2.78189145429084e-08,0.00252210811635413,-1.38437081598936e-05,435.928722333037,439.952990656079,444.000617443125,439.953059390089
2.381,0.177117201412197,0,-0.303428390929391,-3.55559837304187e-08,0.999709232724529,-8.27916272892378e-05,-0.00330257771157251,0.184810427145994,-2.79802853658592e-08,0.00263745782273417,-1.38416855279042e-05,436.107811486958,439.953285928344,443.823479241367,439.95335261096
2.382,0.165096745300372,0,-0.303449160034894,-3.53425340775382e-08,0.999709371477543,-8.60011145538706e-05,-0.00311572761718552,0.188825986187285,-2.81498294496274e-08,0.00275383031519564,-1.38394197859909e-05,436.290270078931,439.953567675474,443.642820407509,439.953632253675
2.383,0.152963723219818,0,-0.303469902131089,-3.51291821272963e-08,0.999709511171914,-8.90218078775584e-05,-0.00292505387921728,0.192457186567697,-2.83272578249785e-08,0.00287117744967677,-1.38369187159074e-05,436.475989862127,439.953834615071,443.458739053705,439.953897037473
2.384,0.140725968755767,0,-0.303490616067152,-3.49159419963217e-08,0.999709651795007,-9.18500762931082e-05,-0.00273094231688659,0.195701229706231,-2.85122767752194e-08,0.00298945019570667,-1.38341902442788e-05,436.664860004591,439.954085469607,443.271336169741,439.954145686518
2.385,0.12839139878938,0,-0.303511300683186,-3.47028278399131e-08,0.999709793332946,-9.44826759293753e-05,-0.00253378118075841,0.198556051011439,-2.87045881191214e-08,0.00310859866450351,-1.38312424312519e-05,436.856767173304,439.954318969561,443.080715567079,439.95437693303
2.386,0.115968008486288,0,-0.303531954810711,-3.44898538475705e-08,0.999709935770592,-9.69167520761498e-05,-0.00233396042041416,0.20102031634375,-2.89038894926212e-08,0.0032285721377819,-1.38280834586229e-05,437.051595619714,439.954533856579,442.886983820812,439.954589520444
2.387,0.103463866216642,0,-0.303552577273166,-3.42770342384916e-08,0.999710079091518,-9.91498405187002e-05,-0.0021318709563101,0.203093417180718,-2.91098746285431e-08,0.00334931909725071,-1.38247216174705e-05,437.249227266653,439.954728886656,442.690250209541,439.954782206591
2.388,0.090887108409748,0,-0.30357316688641,-3.40643832570349e-08,0.999710223277983,-0.000101179868146805,-0.0019279039571099,0.204775464506907,-2.93222336336321e-08,0.00347078725478161,-1.38211652953239e-05,437.449541796598,439.954902833333,442.490626653162,439.954953766889
2.389,0.0782459343465143,0,-0.303593722459237,-3.38519151681543e-08,0.999710368310916,-0.000103005152844381,-0.00172245012375524,0.20606728145225,-2.95406532621942e-08,0.00359292358322825,-1.38174229628987e-05,437.652416741179,439.955054490892,442.288227648547,439.955102997539
2.39,0.065548600892957,0,-0.303614242793899,-3.36396442528076e-08,0.999710514169897,-0.000104624402667072,-0.00151589898151311,0.206970394704763,-2.97648171856673e-08,0.00371567434787577,-1.38135031604321e-05,437.857727571887,439.95518267755,442.083170203125,439.955228718718
2.391,0.052803417177896,0,-0.30363472668663,-3.34275848033428e-08,0.99971066083314,-0.000106036714316375,-0.00130863818121165,0.207487024725471,-2.99944062575091e-08,0.00383898513849952,-1.38094144836529e-05,438.06534779191,439.955286238651,441.875573766372,439.955329777762
2.392,0.0400187392185059,0,-0.303655172928182,-3.32157511188651e-08,0.999710808277483,-0.000107241570920094,-0.00110105281084767,0.207620074795315,-3.02290987727651e-08,0.00396280090201171,-1.38051655694213e-05,438.275149029007,439.955364049819,441.665560159186,439.955405052324
2.393,0.0272029644966654,0,-0.303675580304364,-3.30041575005882e-08,0.999710956478373,-0.000108238839130064,-0.000893524718718189,0.207373118925632,-3.04685707217907e-08,0.00408706597567398,-1.38007650810757e-05,438.487001129385,439.955415020104,441.453253501185,439.955453453511
2.394,0.0143645264899681,0,-0.30369594759659,-3.27928182471731e-08,0.999711105409862,-0.000109028765549243,-0.000686431849195819,0.206750388665571,-3.07124960375855e-08,0.00421172412085385,-1.3796221693524e-05,438.700772252472,439.955438095076,441.238780135911,439.955473928981
2.395,0.00151188916060502,0,-0.303716273582431,-3.25817476500566e-08,0.9997112550446,-0.000109611972501352,-0.000480147592233801,0.205756758841484,-3.09605468362873e-08,0.00433671855730213,-1.37915440781186e-05,438.916328966535,439.955432259888,441.022268553962,439.955465465997
2.396,0,0,-0.303736557036172,-3.23709599887738e-08,0.999711405353829,-0.000109989453157322,-0.000275040147650422,0.204397732264929,-3.12123936503896e-08,0.00446199199792835,-1.37867408873542e-05,439.133536345073,439.955396542275,440.80384931407,439.955427094431
2.397,0,0,-0.303756796729372,-3.21604695262943e-08,0.999711556307952,-0.000110162566033841,-7.14719052053e-05,0.202679423447428,-3.1467707046651e-08,0.00458748697424465,-1.37818206052311e-05,439.345859149136,439.955357271539,440.59027897345,439.955385235494
2.398,0,0,-0.303776991431413,-3.19502905044436e-08,0.999711707878793,-0.000110133028880279,0.000130201158558912,0.200608541361589,-3.17261634885629e-08,0.00471314705235413,-1.37767910017394e-05,439.552525907767,439.955317938122,440.382361275119,439.955343390699
2.399,0,0,-0.303797139910055,-3.17404371393769e-08,0.999711860040318,-0.000109902911971231,0.000329630065776118,0.198192371289495,-3.19874473096421e-08,0.00483891725870704,-1.37716589774498e-05,439.75364510919,439.955278390847,440.1799897269,439.955301407565
2.4,0,0,-0.303817240931971,-3.15309236171557e-08,0.999712012768548,-0.000109474630822819,0.000526473404125936,0.195438755800576,-3.22512506728663e-08,0.00496474409089845,-1.37664306025289e-05,439.949323462081,439.955238485934,439.983059500701,439.955259141004
2.401,0,0,-0.303837293263272,-3.13217640894471e-08,0.999712166041412,-0.00010885093835178,0.000720397874263471,0.192356074902296,-3.25172733518482e-08,0.00509057548961343,-1.37611111712354e-05,440.139665921539,439.955198086763,439.791467410634,439.955216453083
2.402,0,0,-0.303857295670019,-3.11129726693443e-08,0.999712319838604,-0.000108034916497176,0.000911078817004673,0.188953225408109,-3.27852225236345e-08,0.00521636081102209,-1.37557052536739e-05,440.324775714743,439.955157063652,439.60511189139,439.955173212801
2.403,0,0,-0.303877246918718,-3.0904563427305e-08,0.999712474141445,-0.000107029967325362,0.00109820071950716,0.185239599568093,-3.30548125726688e-08,0.00534205079961849,-1.37502167449232e-05,440.504754366279,439.955115293642,439.423892976847,439.955129295882
2.404,0,0,-0.303897145776804,-3.06965503872036e-08,0.999712628932762,-0.00010583980363958,0.00128145769973228,0.181225063008574,-3.33257649054538e-08,0.00546759756149711,-1.37446489116546e-05,440.679701723157,439.9550726603,439.247712278917,439.955084584569
2.405,0,0,-0.303916991013111,-3.04889475224943e-08,0.999712784196759,-0.00010446843911622,0.0014605539685209,0.176919932027861,-3.3597807775439e-08,0.00559295453806091,-1.37390044363491e-05,440.849715979504,439.955029053522,439.076472966631,439.955038967439
2.406,0,0,-0.303936781398329,-3.02817687524817e-08,0.999712939918909,-0.000102920177990468,0.00163520426866286,0.172334950295896,-3.38706761176668e-08,0.00571807648015497,-1.37332854592198e-05,441.014893700947,439.954984369356,438.910079745451,439.954992339222
2.407,0,0,-0.303956515705447,-3.00750279386958e-08,0.999713096085843,-0.000101199604314622,0.00180513429038822,0.167481265006257,-3.41441113926968e-08,0.00584291942261962,-1.37274936179399e-05,441.175329848682,439.954938509822,438.748438836814,439.954944600625
2.408,0,0,-0.303976192710182,-2.98687388813676e-08,0.99971325268525,-9.931157081293e-05,0.00197008106275706,0.162370402529468,-3.44178614393557e-08,0.0059674406592575,-1.37216300852737e-05,441.331117803237,439.954891382754,438.591457957898,439.954895658169
2.409,0,0,-0.303995811191405,-2.96629153160045e-08,0.99971340970578,-9.72611873572876e-05,0.00212979332047377,0.157014243616956,-3.46916803358407e-08,0.00609159871820839,-1.37156956047043e-05,441.48234938792,439.954842901636,438.439046301613,439.954845424034
2.41,0,0,-0.304015369931542,-2.94575709100598e-08,0.999713567136953,-9.50538090885848e-05,0.00228403184570133,0.151424998205392,-3.49653282687186e-08,0.00621535333772636,-1.37096905241483e-05,441.629114891971,439.954792985449,438.291114516811,439.954793815902
2.411,0,0,-0.304034867716968,-2.92527192596972e-08,0.999713724969075,-9.26950242089006e-05,0.00243256978450096,0.145615179871308,-3.52385714093685e-08,0.00633866544235346,-1.37036148278414e-05,441.771503093408,439.954741558529,438.147574688712,439.954740756821
2.412,0,0,-0.304054303338397,-2.90483738866442e-08,0.999713883193156,-9.01906414700812e-05,0.00257519293757231,0.139597579986092,-3.55111817974456e-08,0.00646149711948424,-1.36974681664803e-05,441.909601281572,439.954688550423,438.008340319552,439.954686175057
2.413,0,0,-0.304073675591247,-2.88445482351353e-08,0.999714041800837,-8.75466773845441e-05,0.00271170002501982,0.133385241621466,-3.57829372309176e-08,0.00658381159631585,-1.36912498856986e-05,442.043495279379,439.954633895758,437.873326309431,439.954630003964
2.414,0,0,-0.304092983276007,-2.864125566894e-08,0.999714200784315,-8.47693431843982e-05,0.00284190292492053,0.126991433255525,-3.60536211622694e-08,0.0067055732171779,-1.36849590529522e-05,442.173269465272,439.954577534103,437.742448937383,439.954572181854
2.415,0,0,-0.30411222519858,-2.8438509468476e-08,0.999714360136282,-8.18650315551712e-05,0.0029656268855192,0.120429622329289,-3.63230226004691e-08,0.00682674742123697,-1.36785944828901e-05,442.299006794893,439.954519409849,437.615625842647,439.954512651869
2.416,0,0,-0.30413140017063,-2.82363228280031e-08,0.999714519849858,-7.88403031705807e-05,0.0030827107109258,0.113713448703473,-3.65909360183101e-08,0.00694730072057026,-1.36721547612768e-05,442.420788822452,439.954459472086,437.492776006146,439.954451361863
2.417,0,0,-0.304150507009904,-2.80347088528981e-08,0.999714679918536,-7.5701873054891e-05,0.00319300692024062,0.106856698064894,-3.68571612647515e-08,0.0070672006786031,-1.36656382675366e-05,442.538695721821,439.95439767448,437.373819732169,439.954388264282
2.418,0,0,-0.304169544540555,-2.78336805570078e-08,0.999714840336125,-7.24565967994438e-05,0.00329638188008092,0.0998732753315044,-3.71215034818897e-08,0.00718641588890527,-1.36590431959829e-05,442.652806307344,439.95433397516,437.258678630258,439.954323316047
2.419,0,0,-0.304188511593447,-2.76332508600777e-08,0.999715001096699,-6.91114566599531e-05,0.00339271591053229,0.0927771781045912,-3.73837730262079e-08,0.00730491595434069,-1.36523675757945e-05,442.763198054357,439.954268336606,437.147275597286,439.954256478446
2.42,0,0,-0.304207407006456,-2.74334325852565e-08,0.999715162194553,-6.56735475611096e-05,0.00348190336459566,0.0855824702160776,-3.76437853937852e-08,0.00742267146656573,-1.36456092897981e-05,442.869947119447,439.954200725537,437.039534799744,439.954187717022
2.421,0,0,-0.304226229624756,-2.72342384566733e-08,0.999715323624155,-6.21500630349421e-05,0.00356385268124908,0.0783032554182364,-3.79013611491266e-08,0.00753965398587077,-1.3638766092114e-05,442.973128360426,439.954131112804,436.935381656214,439.954117001466
2.422,0,0,-0.304244978301101,-2.70356810970873e-08,0.999715485380107,-5.85482811192432e-05,0.00363848641228965,0.0709536512623826,-3.81563258573328e-08,0.00765583602136032,-1.36318356247193e-05,443.07281535603,439.954059473288,436.834742820041,439.954044305513
2.423,0,0,-0.304263651896092,-2.6837773025607e-08,0.999715647457106,-5.48755502421759e-05,0.00370574122316791,0.06354776321231,-3.84085100192963e-08,0.00777119101146664,-1.36248154329811e-05,443.169080425365,439.953985785792,436.737546162198,439.953969606839
2.424,0,0,-0.304282249278443,-2.66405266554795e-08,0.99971580984991,-5.11392751189448e-05,0.00376556786807169,0.0560996590373486,-3.86577490096701e-08,0.00788569330479204,-1.36177029802089e-05,443.261994647073,439.953910032942,436.643720754337,439.953892886963
2.425,0,0,-0.304300769325223,-2.64439542919472e-08,0.999715972553303,-4.73469026861347e-05,0.00381793113956118,0.0486233435289684,-3.89038830173258e-08,0.00799931814127505,-1.36104956612745e-05,443.351627878238,439.953832201087,436.553196852031,439.953814131141
2.426,0,0,-0.304319210922112,-2.62480681301711e-08,0.99971613556207,-4.35059080989961e-05,0.00386280979310031,0.041132733583823,-3.91467569880699e-08,0.00811204163367586,-1.36031908153464e-05,443.438048773042,439.953752280202,436.465905878208,439.953733328275
2.427,0,0,-0.304337572963623,-2.60528802532201e-08,0.999716298870963,-3.96237808165921e-05,0.00390019644687187,0.0336416336950335,-3.93862205693906e-08,0.00822384074937614,-1.359578573778e-05,443.521324801151,439.953670263793,436.38178040676,439.953650470815
2.428,0,0,-0.304355854353337,-2.58584026301242e-08,0.99971646247468,-3.57080107993111e-05,0.00393009745730498,0.0261637118923539,-3.96221280569987e-08,0.00833469329248881,-1.35882776912084e-05,443.601522265856,439.953586148796,436.300754146343,439.95356555466
2.429,0,0,-0.304374054004117,-2.5664647113992e-08,0.999716626367844,-3.1766074842802e-05,0.00395253277078367,0.0187124761706337,-3.98543383429558e-08,0.00844457788627314,-1.35806639158718e-05,443.678706321959,439.95349993549,436.222761924361,439.953478579073
2.43,0,0,-0.304392170838319,-2.54716254401897e-08,0.999716790544975,-2.78054230719007e-05,0.00396753575204402,0.0113012514447111,-4.00827148652247e-08,0.00855347395585062,-1.3572941639226e-05,443.752940993414,439.9534116274,436.147739671124,439.953389546577
2.431,0,0,-0.304410203787992,-2.52793492245825e-08,0.999716955000477,-2.38334656175893e-05,0.00397515298980477,0.00394315706753273,-4.03071255584365e-08,0.00866136171121732,-1.3565108084865e-05,443.824289190719,439.953321231208,436.07562440419,439.953298462875
2.432,0,0,-0.304428151795078,-2.50878299618358e-08,0.999717119728621,-1.98575594994678e-05,0.00397544408021252,-0.00334891505310088,-4.05274428057049e-08,0.00876822213054814,-1.35571604807943e-05,443.892812728071,439.953228756658,436.006354212885,439.953205336751
2.433,0,0,-0.304446013811589,-2.48970790237772e-08,0.999717284723526,-1.58849957356176e-05,0.00396848138871714,-0.0105623217052057,-4.07435433913334e-08,0.00887403694378879,-1.35490960670875e-05,443.958572340277,439.953134216473,435.939868242995,439.953110179983
2.434,0,0,-0.304463788799797,-2.47071076578165e-08,0.999717449979149,-1.19229867011058e-05,0.00395434979102642,-0.0176846889582368,-4.09553084542942e-08,0.00897878861653113,-1.35409121029599e-05,444.021627699428,439.953037626259,435.876106681636,439.953013007256
2.435,0,0,-0.304481475732399,-2.45179269854247e-08,0.999717615489269,-7.9786537557128e-06,0.0039331463938206,-0.0247039320527326,-4.11626234423146e-08,0.00908246033416774,-1.35326058732881e-05,444.082037431346,439.952939004424,435.8150107423,439.95291383607
2.436,0,0,-0.304499073592685,-2.43295480006691e-08,0.999717781247482,-4.05901516077022e-06,0.00390498023593752,-0.0316082745646298,-4.13653780664631e-08,0.00918503598632138,-1.35241746946064e-05,444.139859131794,439.952838372083,435.756522650066,439.952812686658
2.437,0,0,-0.304516581374695,-2.41419815688068e-08,0.999717947247188,-1.70974304271982e-07,0.00386997197076772,-0.0383862668165118,-4.15634662561104e-08,0.00928650015154543,-1.35156159206077e-05,444.195149382456,439.952735752979,435.700585626988,439.952709581894
2.438,0,0,-0.304533998083371,-2.39552384249328e-08,0.999718113481582,3.67869174733341e-06,0.00382825353062577,-0.0450268035097023,-4.17567861141813e-08,0.00938683808229111,-1.35069269471758e-05,444.247963766703,439.952631173393,435.647143877648,439.952604547211
2.439,0,0,-0.304551322734702,-2.37693291726832e-08,0.999718279943654,7.48334335303863e-06,0.00377996777388942,-0.0515191405527983,-4.19452398725783e-08,0.0094860356901375,-1.34981052169743e-05,444.298356885124,439.95252466206,435.59614257488,439.952497610514
2.44,0,0,-0.304568554355863,-2.35842642829942e-08,0.999718446626175,1.1236489040035e-05,0.00372526811572135,-0.0578529110639443,-4.21287338477113e-08,0.00958407953128043,-1.34891482236177e-05,444.346382370842,439.952416250086,435.547527845658,439.952388802096
2.441,0,0,-0.304585691985345,-2.34000540929135e-08,0.9997186135217,1.49317958693308e-05,0.00366431814321077,-0.0640181405258809,-4.23071783960457e-08,0.0096809567922763,-1.34800535154468e-05,444.392092904618,439.952305970862,435.50124675715,439.952278154556
2.442,0,0,-0.304602734673081,-2.32167088044658e-08,0.999718780622561,1.85630994090778e-05,0.00359729121579152,-0.0700052610745579,-4.24804878696052e-08,0.00977665527603701,-1.34708186989322e-05,444.435540229735,439.952193859984,435.457247302937,439.952165702713
2.443,0,0,-0.304619681480569,-2.30342384835701e-08,0.999718947920868,2.21244133013176e-05,0.00352437005181218,-0.0758051249038706,-4.26485805713556e-08,0.00987116338807212,-1.3461441441725e-05,444.476775166669,439.952079955168,435.41547838939,439.952051483525
2.444,0,0,-0.304636531480981,-2.28526530590097e-08,0.999719115408504,2.56099384087452e-05,0.00344574630214999,-0.0814090167708661,-4.28113787104429e-08,0.00996447012297453,-1.34519194753783e-05,444.515847627559,439.95196429617,435.375889822219,439.951935536009
2.445,0,0,-0.304653283759274,-2.26719623214528e-08,0.999719283077126,2.90140715289861e-05,0.00336162011177516,-0.0868086655875594,-4.29688083572144e-08,0.0100565650511461,-1.34422505977549e-05,444.552806630466,439.951846924709,435.338432293164,439.951817901157
2.446,0,0,-0.304669937412294,-2.2492175922524e-08,0.99971945091817,3.2331413664795e-05,0.00327219967018511,-0.0919962550873085,-4.31207993979705e-08,0.0101474383057591,-1.34324326751434e-05,444.587700313424,439.951727884378,435.303057366866,439.951698621858
2.447,0,0,-0.304686491548868,-2.23133033739256e-08,0.999719618922844,3.55567778395111e-05,0.00317770075163952,-0.0969644335554988,-4.32672854894453e-08,0.0102370805699509,-1.34224636440978e-05,444.620575948301,439.951607220575,435.269717467875,439.951577742819
2.448,0,0,-0.3047029452899,-2.21353540466088e-08,0.999719787082136,3.86851964480407e-05,0.00307834624613598,-0.101706322616101,-4.34082040129724e-08,0.0103254830642463,-1.34123415130183e-05,444.651479954454,439.951484980417,435.238365867828,439.951455310483
2.449,0,0,-0.304719297768452,-2.19583371699927e-08,0.999719955386816,4.171192813458e-05,0.00297436568207412,-0.106215525067471,-4.35434960283007e-08,0.0104126375342071,-1.34020643634895e-05,444.68045791219,439.951361212665,435.208956672779,439.951331372954
2.45,0,0,-0.304735548129834,-2.17822618312328e-08,0.999720123827437,4.46324641892433e-05,0.00286599474156133,-0.110486131762559,-4.36731062270541e-08,0.0104985362383022,-1.33916303513902e-05,444.707554576033,439.951235967648,435.181444810675,439.951205979918
2.451,0,0,-0.304751695531668,-2.16071369745357e-08,0.999720292394341,4.74425344567163e-05,0.00275347476931742,-0.114512727530487,-4.37969828858185e-08,0.0105831719359969,-1.33810377077909e-05,444.732813887804,439.951109297187,435.155786018994,439.95107918257
2.452,0,0,-0.304767739143971,-2.14329714005217e-08,0.999720461077662,5.01381127510139e-05,0.00263705227613761,-0.118290396138235,-4.39150778188357e-08,0.0106665378760571,-1.33702847396511e-05,444.75627898951,439.950981254515,435.131936832527,439.950951033532
2.453,0,0,-0.304783678149211,-2.12597737656336e-08,0.999720629867331,5.27154217713796e-05,0.0025169784378737,-0.121814724292933,-4.40273463303168e-08,0.010748627785066,-1.33593698303303e-05,444.777992236044,439.950851894209,435.109854571316,439.950821586784
2.454,0,0,-0.304799511742376,-2.10875525815905e-08,0.999720798753082,5.51709375153244e-05,0.00239350859089168,-0.125081804687012,-4.41337471663712e-08,0.0108294358561482,-1.33482914399255e-05,444.797995207714,439.950721272111,435.089497328733,439.950690897588
2.455,0,0,-0.304815239131027,-2.09163162148878e-08,0.999720967724457,5.75013931857603e-05,0.00226690172496131,-0.128088238090174,-4.42342424665161e-08,0.0109089567379006,-1.33370481054459e-05,444.816328722574,439.95058944526,435.070823959711,439.950559022413
2.456,0,0,-0.304830859535351,-2.07460728863411e-08,0.999721136770813,5.97037825901356e-05,0.00213741997452788,-0.130831134493861,-4.43287977148145e-08,0.0109871855235239,-1.33256384408377e-05,444.83303284859,439.950456471816,435.05379406912,439.950426018865
2.457,0,0,-0.304846372188212,-2.05768306706738e-08,0.999721305881328,6.17753630304263e-05,0.00200532810931036,-0.133308113315552,-4.44173816906374e-08,0.011064117740154,-1.33140611368676e-05,444.848146915628,439.950322410989,435.038368000291,439.950291945615
2.458,0,0,-0.30486177633519,-2.04085974961488e-08,0.999721475045006,6.37136576837793e-05,0.00187089302516166,-0.135517302671879,-4.44999664190385e-08,0.0111397493383892,-1.3302314960877e-05,444.861709527261,439.950187322973,435.024506823674,439.95015686233
2.459,0,0,-0.304877071234623,-2.02413811442419e-08,0.999721644250687,6.55164574745335e-05,0.00173438323611697,-0.137457337731148,-4.45765271207842e-08,0.0112140766820099,-1.32903987564157e-05,444.873758572411,439.950051268872,435.012172325648,439.9500208296
2.46,0,0,-0.304892256157647,-2.00751892493579e-08,0.999721813487052,6.7181822439265e-05,0.00159606836854491,-0.139127358157435,-4.46470421620386e-08,0.0112870965378877,-1.32783114427639e-05,444.884331236826,439.949914310636,435.001326997469,439.949883908874
2.461,0,0,-0.304907330388218,-1.9910029298588e-08,0.999721982742633,6.87080825874103e-05,0.00145621865830314,-0.14052700465995,-4.47114930037149e-08,0.0113588060660823,-1.32660520143519e-05,444.893464014375,439.94977651099,434.991934024354,439.949746162387
2.462,0,0,-0.30492229322315,-1.97459086315077e-08,0.999722152005818,7.00938382609186e-05,0.00131510445178569,-0.141656414662874,-4.47698641505158e-08,0.0114292028101212,-1.32536195400851e-05,444.901192718197,439.949637933369,434.98395727471,439.949607653099
2.463,0,0,-0.304937143972132,-1.95828344400155e-08,0.999722321264859,7.13379599972606e-05,0.00117299571173334,-0.142516217112311,-4.48221430996883e-08,0.0114982846874604,-1.32410131625822e-05,444.907552491676,439.949498641857,434.977361289494,439.949468444626
2.464,0,0,-0.30495188195775,-1.94208137682103e-08,0.999722490507883,7.24395879009863e-05,0.00103016152866106,-0.143107526438419,-4.48683202894982e-08,0.0115660499801238,-1.32282320973343e-05,444.912577819258,439.949358701115,434.972111271713,439.949328601178
2.465,0,0,-0.304966506515508,-1.92598535123084e-08,0.999722659722898,7.33981305298665e-05,0.00088686963873765,-0.143431935692132,-4.49083890474667e-08,0.0116324973255171,-1.32152756317913e-05,444.916302537112,439.949218176325,434.96817307606,439.949188187493
2.466,0,0,-0.304981016993836,-1.90999604205985e-08,0.999722828897799,7.42132633024821e-05,0.00074338594893277,-0.143491508877211,-4.49423455383856e-08,0.0116976257074143,-1.32021431243824e-05,444.918759843635,439.949077133124,434.965513198676,439.949047268776
2.467,0,0,-0.3049954127541,-1.89411410934343e-08,0.999722998020384,7.48849264349243e-05,0.000599974070225201,-0.143288772499613,-4.49701887121214e-08,0.0117614344471141,-1.31888340034767e-05,444.919982309799,439.948935637544,434.964098767058,439.948905910639
2.468,0,0,-0.305009693170613,-1.87834019832641e-08,0.999723167078352,7.54133224150573e-05,0.000456894859643402,-0.142826706357372,-4.49919202512559e-08,0.0118239231947625,-1.3175347766291e-05,444.920001889355,439.948793755954,434.963897530081,439.94876417904
2.469,0,0,-0.305023857630636,-1.86267493946968e-08,0.99972333605932,7.5798913023549e-05,0.000314405971885848,-0.142108733595365,-4.50075445185734e-08,0.0118850919208407,-1.31616839777477e-05,444.918849928879,439.948651554998,434.964877848167,439.948622140222
2.47,0,0,-0.305037905534375,-1.84711894846033e-08,0.999723504950828,7.60424159116148e-05,0.000172761421243607,-0.141138710050397,-4.50170685044157e-08,0.0119449409078138,-1.31478422692908e-05,444.916557177674,439.948509101541,434.96700868357,439.948479860658
2.471,0,0,-0.305051836294985,-1.83167282622538e-08,0.999723673740349,7.61448007461264e-05,3.22111545216549e-05,-0.139920912913115,-4.5020501773955e-08,0.0120034707419386,-1.31338223376632e-05,444.913153797526,439.94836646261,434.970259590796,439.948337406994
2.472,0,0,-0.305065649338558,-1.81633715894883e-08,0.999723842415295,7.61072849334208e-05,-0.000106999364371531,-0.138460028734223,-4.50178564143846e-08,0.0120606823052284,-1.31196239436507e-05,444.908669372319,439.948223705341,434.974600707146,439.948194845993
2.473,0,0,-0.305079344104117,-1.80111251809215e-08,0.999724010963027,7.59313289338023e-05,-0.00024462955752455,-0.136761140803392,-4.50091469820669e-08,0.0121165767675711,-1.31052469107968e-05,444.903132917503,439.948080896921,434.980002743385,439.948052244479
2.474,0,0,-0.305092920043603,-1.78599946041808e-08,0.999724179370867,7.56186311793548e-05,-0.000380444123201071,-0.13482971593014,-4.49943904496779e-08,0.0121711555789987,-1.30906911240915e-05,444.896572889428,439.94793810454,434.986436974534,439.947909669287
2.475,0,0,-0.305106376621863,-1.77099852801769e-08,0.9997243476261,7.5171122608282e-05,-0.000514213412512182,-0.132671590656728,-4.49736061533442e-08,0.0122244204621064,-1.30759565286406e-05,444.889017194539,439.947795395336,434.99387523079,439.947767187209
2.476,0,0,-0.305119713316633,-1.75611024834053e-08,0.999724515715989,7.45909608295593e-05,-0.000645713792030451,-0.130292956933888,-4.49468157398211e-08,0.0122763734046179,-1.30610431283154e-05,444.880493198427,439.947652836348,435.002289888558,439.947624864944
2.477,0,0,-0.305132929618514,-1.74133513422798e-08,0.999724683627776,7.38805239322199e-05,-0.000774727991824214,-0.127700347290828,-4.49140431137401e-08,0.012327016652094,-1.30459509843894e-05,444.871027734764,439.947510494461,435.011653861614,439.947482769049
2.478,0,0,-0.305146025030955,-1.72667368394964e-08,0.9997248513487,7.30424039541011e-05,-0.000901045438422358,-0.124900619531628,-4.48753143849499e-08,0.0123763527007848,-1.30306802141634e-05,444.860647114085,439.947368436363,435.021940592377,439.947340965889
2.479,0,0,-0.305158999070226,-1.71212638124263e-08,0.999725018865996,7.20794000253534e-05,-0.00102446257225226,-0.121900940990625,-4.48306578159495e-08,0.0124243842906194,-1.30152309895823e-05,444.849377132455,439.947226728497,435.03312404331,439.947199521591
2.48,0,0,-0.305171851265392,-1.6976936953539e-08,0.99972518616691,7.09945112024525e-05,-0.00114478314912638,-0.118708772379899,-4.47801037694812e-08,0.0124711143983342,-1.2999603535847e-05,444.837243080001,439.947085437014,435.045178688425,439.947058501999
2.481,0,0,-0.305184581158282,-1.6833760810853e-08,0.999725353238704,6.97909290088654e-05,-0.00126181852538637,-0.11533185126239,-4.47236846562884e-08,0.0125165462307355,-1.29837981300227e-05,444.824269749319,439.94694462773,435.05807950492,439.946917972629
2.482,0,0,-0.305197188303458,-1.66917397884149e-08,0.999725520068662,6.8472029698894e-05,-0.00137538792634715,-0.111778175184501,-4.46614348830601e-08,0.0125606832180948,-1.29678150996476e-05,444.810481443753,439.946804366081,435.071801964911,439.946777998622
2.483,0,0,-0.305209672268185,-1.65508781468058e-08,0.999725686644104,6.70413662615598e-05,-0.00148531869771763,-0.10805598450235,-4.45933908005928e-08,0.0126035290076746,-1.29516548213429e-05,444.795901985557,439.946664717083,435.086322027295,439.946638644709
2.484,0,0,-0.305222032632388,-1.64111800036733e-08,0.999725852952389,6.55026601817032e-05,-0.00159144653970879,-0.104173744936035,-4.45195906521841e-08,0.0126450874573827,-1.2935317719427e-05,444.780554723929,439.946525745291,435.101616129717,439.946499975163
2.485,0,0,-0.305234268988622,-1.6272649334291e-08,0.999726018980922,6.38597929757372e-05,-0.00169361572357437,-0.100140129886441,-4.4440074522286e-08,0.0126853626295525,-1.29188042645349e-05,444.764462542927,439.946387514759,435.117661180643,439.946362053764
2.486,0,0,-0.305246380942024,-1.61352899721413e-08,0.999726184717168,6.21167975197379e-05,-0.00179167929036414,-0.0959640025492114,-4.43548842854538e-08,0.0127243587848477,-1.29021149722465e-05,444.74764786927,439.946250088999,435.134434551558,439.946224943757
2.487,0,0,-0.305258368110278,-1.59991056095248e-08,0.99972635014865,6.0277849187754e-05,-0.0018854992317041,-0.091654397860508,-4.42640635555886e-08,0.0127620803762886,-1.28852504017226e-05,444.73013268002,439.94611353095,435.151914069256,439.946088707819
2.488,0,0,-0.305270230123567,-1.58640997981918e-08,0.999726515262966,5.8347256818387e-05,-0.00197494665245275,-0.087220504309182,-4.41676576354983e-08,0.0127985320433985,-1.28682111543529e-05,444.711938510144,439.945977902937,435.170078008247,439.945953408019
2.489,0,0,-0.30528196662453,-1.57302759499987e-08,0.999726680047789,5.63294535278273e-05,-0.0020599019151172,-0.0826716456498447,-4.40657134668169e-08,0.0128337186064685,-1.28509978724157e-05,444.693086459976,439.945843266638,435.18890508327,439.945819105784
2.49,0,0,-0.305293577268212,-1.55976373375858e-08,0.999726844490876,5.42289873876291e-05,-0.00214025476594702,-0.0780172625511832,-4.39582795802864e-08,0.0128676450609377,-1.28336112377509e-05,444.673597202552,439.945709683052,435.20837444191,439.945685861867
2.491,0,0,-0.305305061722018,-1.54661870950783e-08,0.999727008580079,5.20505119855747e-05,-0.00221590444265828,-0.0732668942136374,-4.38454060464191e-08,0.0129003165718877,-1.2816051970448e-05,444.653490990843,439.945577212462,435.228465657317,439.945553736314
2.492,0,0,-0.305316419665658,-1.53359282188077e-08,0.999727172303344,4.97987768880061e-05,-0.00228675976377412,-0.06843015999027,-4.37271444265538e-08,0.0129317384686495,-1.27983208275499e-05,444.632787664879,439.945445914411,435.24915872103,439.945422788432
2.493,0,0,-0.305327650791099,-1.52068635680551e-08,0.999727335648725,4.74786180220014e-05,-0.00235273919960168,-0.063516741044319,-4.36035477243456e-08,0.0129619162395199,-1.27804186017728e-05,444.611506658765,439.945315847665,435.270434035905,439.945293076758
2.494,0,0,-0.305338754802509,-1.50789958658133e-08,0.999727498604386,4.50949479957347e-05,-0.00241377092489876,-0.0585363620765259,-4.3474670337687e-08,0.0129908555265871,-1.27623461202442e-05,444.58966700759,439.945187070189,435.29227240914,439.945164659033
2.495,0,0,-0.305349731416202,-1.49523276995701e-08,0.99972766115861,4.26527463752904e-05,-0.00246979285331633,-0.0534987731548692,-4.33405680110749e-08,0.013018562120662,-1.27441042432592e-05,444.567287354232,439.94505963912,435.314655045404,439.945037592173
2.496,0,0,-0.305360580360579,-1.48268615221095e-08,0.999727823299802,4.01570499360989e-05,-0.00252075265373535,-0.0484137316788279,-4.32012977884413e-08,0.0130450419563151,-1.27256938630557e-05,444.544385956062,439.944933610734,435.337563540056,439.944911932241
2.497,0,0,-0.305371301376074,-1.47025996523314e-08,0.999727985016499,3.76129429070269e-05,-0.00256660774864832,-0.0432909845097327,-4.30569179664718e-08,0.0130703011070153,-1.27071159026095e-05,444.520980691546,439.94480904043,435.360979872476,439.944787734424
2.498,0,0,-0.305381894215091,-1.45795442760895e-08,0.99972814629737,3.5025547224989e-05,-0.00260732529476715,-0.0381402502981416,-4.29074880484072e-08,0.0130943457803705,-1.26883713144493e-05,444.497089066744,439.944685982698,435.384886399477,439.944665053006
2.499,0,0,-0.305392358641943,-1.44576974470461e-08,0.99972830713123,3.24000128177524e-05,-0.00264288214606953,-0.0329712020385174,-4.27530686983643e-08,0.0131171823134676,-1.2669461079493e-05,444.472728221717,439.9445644911,435.409265848823,439.944543941349
2.5,0,0,-0.305402694432792,-1.43370610875437e-08,0.999728467507036,2.97415079323746e-05,-0.00267326479952597,-0.0277934498807604,-4.2593721696166e-08,0.01313881716831,-1.26503862059048e-05,444.447914936828,439.944444618248,435.434101312834,439.944424451867
2.501,0,0,-0.305412901375583,-1.42176369894922e-08,0.999728627413902,2.70552095264631e-05,-0.00269846932377889,-0.0226165242273934,-4.24295098927109e-08,0.013159256927351,-1.26311477279739e-05,444.422665638956,439.944326415782,435.459376242093,439.944306636006
2.502,0,0,-0.305422979269982,-1.40994268152724e-08,0.999728786841094,2.43462937391558e-05,-0.00271850127107339,-0.0174498591443851,-4.22604971658712e-08,0.0131785082891222,-1.26117467050152e-05,444.396996407611,439.944209934351,435.485074439233,439.944190544227
2.503,0,0,-0.305432927927307,-1.39824320986537e-08,0.999728945778044,2.16199264584097e-05,-0.00273337557276695,-0.0123027761127482,-4.20867483769354e-08,0.0131965780639535,-1.25921842202919e-05,444.370922980952,439.944095223594,435.511180052829,439.944076225982
2.504,0,0,-0.305442747170464,-1.38666542457262e-08,0.999729104214349,1.88812540008435e-05,-0.00274311641877216,-0.00718446814715813,-4.19083293276257e-08,0.0132134731697855,-1.25724613799604e-05,444.344460761724,439.943982332123,435.537677571367,439.943963729702
2.505,0,0,-0.305452436833878,-1.37520945358471e-08,0.99972926213978,1.61353939200147e-05,-0.00274775712131215,-0.00210398430690547,-4.17253067176838e-08,0.0132292006280705,-1.2552579312038e-05,444.317624823093,439.943871307505,435.564551817308,439.943853102776
2.506,0,0,-0.305461996763423,-1.36387541225997e-08,0.999729419544281,1.33874259586167e-05,-0.00274733996339332,0.00292978537646933,-4.1537748103015e-08,0.0132437675597618,-1.25325391653927e-05,444.290429914399,439.943762196249,435.591787941243,439.943744391539
2.507,0,0,-0.305471426816353,-1.35266340347659e-08,0.999729576417978,1.06423831596667e-05,-0.00274191603242379,0.00790812453151571,-4.13457218544212e-08,0.0132571811813897,-1.25123421087562e-05,444.262890466818,439.943655043789,435.619371416128,439.943637641255
2.508,0,0,-0.305480726861234,-1.34157351773099e-08,0.999729732751183,7.90524315131614e-06,-0.00273154503942893,0.0128225046168764,-4.11492971169354e-08,0.0132694488012218,-1.24919893297586e-05,444.235020598936,439.943549894471,435.64728803161,439.943532896102
2.509,0,0,-0.305489896777865,-1.33060583323746e-08,0.999729888534395,5.18091961944998e-06,-0.00271629512433686,0.0176645986077103,-4.09485437697327e-08,0.0132805778155072,-1.24714820339869e-05,444.206834122242,439.943446791542,435.675523888434,439.943430199165
2.51,0,0,-0.305498936457213,-1.31976041602886e-08,0.999730043758306,2.47425398176084e-06,-0.00269624264782784,0.0224262941783835,-4.07435323866469e-08,0.0132905757048028,-1.24508214440653e-05,444.178344546531,439.943345777139,435.704065392938,439.943329592417
2.511,0,0,-0.305507845801336,-1.30903732005837e-08,0.999730198413803,-2.09992723521203e-07,-0.00267147197026078,0.0270997063623967,-4.05343341972949e-08,0.0132994500303794,-1.24300087987586e-05,444.149565085228,439.943246892273,435.732899251624,439.943231116715
2.512,0,0,-0.305516624723307,-1.2984365873023e-08,0.999730352491976,-2.8671477215848e-06,-0.00264207521820871,0.0316771896716592,-4.03210210488114e-08,0.0133072084307075,-1.24090453520972e-05,444.120508660629,439.943150176826,435.76201246582,439.943134811787
2.513,0,0,-0.305525273147145,-1.28795824786385e-08,0.999730505984113,-5.49263414556161e-06,-0.00260815203915229,0.0361513496583859,-4.01036653681869e-08,0.013313858618021,-1.23879323725256e-05,444.091187909056,439.943055669539,435.791392326417,439.943040716221
2.514,0,0,-0.30553379100773,-1.27760232007777e-08,0.999730658881713,-8.08197843005802e-06,-0.00256980934489672,0.0405150539040736,-3.98823401252195e-08,0.0133194083749561,-1.2366671142072e-05,444.061615185943,439.942963408004,435.821026408683,439.942948867463
2.515,0.00445707554708196,0,-0.305542178250738,-1.26736881061591e-08,0.999730811176482,-1.06308174427065e-05,-0.00252716104429206,0.0447614424212159,-3.9657118796097e-08,0.0133238655512664,-1.23452629555404e-05,444.031802570834,439.942873428658,435.850902567161,439.942859301806
2.516,0.0178781336267756,0,-0.305550434832551,-1.25725771459634e-08,0.999730962860557,-1.31349053433362e-05,-0.00248032776585105,0.0488839374546269,-3.94280761328291e-08,0.0133272381745588,-1.23237091273721e-05,443.999254626403,439.942817775054,435.883616664947,439.942804094228
2.517,0.031291007248458,0,-0.305558560720166,-1.2472690157077e-08,0.999731113927806,-1.5590120160962e-05,-0.0024294365708708,0.0528762526704717,-3.91952929523035e-08,0.0133295351246191,-1.23020110395068e-05,443.959019613629,439.942859835987,435.924312048521,439.942846695617
2.518,0.0446860021660153,0,-0.30556655589108,-1.23740268634646e-08,0.999731264375702,-1.79924700794043e-05,-0.00237462065767609,0.0567324017223355,-3.89588633372889e-08,0.0133307671252051,-1.22801702249845e-05,443.911355647986,439.942996475932,435.972710019733,439.942983966802
2.519,0.0580534200608809,0,-0.305574420333181,-1.22765868774476e-08,0.999731414205575,-2.03380994229743e-05,-0.00231601905761205,0.0604467061849067,-3.87188960486786e-08,0.0133309469058489,-1.22581884028925e-05,443.856520922465,439.943224552913,436.028532222692,439.943212762162
2.52,0.0713835655737236,0,-0.305582154044627,-1.21803697010458e-08,0.999731563422425,-2.2623294334291e-05,-0.00225377632342283,0.0640138028470952,-3.84755142602301e-08,0.0133300891307601,-1.22360674956164e-05,443.794773638961,439.943540919265,436.091500744182,439.943529930391
2.521,0.0846667533561958,0,-0.305589757033706,-1.2085374727438e-08,0.999731712034744,-2.48444881369389e-05,-0.00218804221066036,0.0674286503576583,-3.82288552403307e-08,0.0133282103277886,-1.2213809642208e-05,443.7263719371,439.94394242257,436.16133821495,439.943932315429
2.522,0.0978933151375412,0,-0.30559722931867,-1.19916012425306e-08,0.999731860054351,-2.69982663763192e-05,-0.00211897135277367,0.0706865352176553,-3.79790699842972e-08,0.0133253288174685,-1.21914172081196e-05,443.651573820562,439.944425906742,436.23776791175,439.944416757559
2.523,0.111053606800958,0,-0.305604570927566,-1.18990484266317e-08,0.999732007496224,-2.90813715327045e-05,-0.00204672293053416,0.0737830771152999,-3.77263228006844e-08,0.0133214646421658,-1.21688927915509e-05,443.570637080935,439.944988213276,436.320513860038,439.944980094647
2.524,0.124138015464699,0,-0.305611781898035,-1.18077153562217e-08,0.999732154378356,-3.10907074011608e-05,-0.00197146033645632,0.0767142336000247,-3.74707908550557e-08,0.0133166394953532,-1.21462392266465e-05,443.483819219156,439.945626182623,436.409300937208,439.945619163526
2.525,0.137136966562479,0,-0.305618862277104,-1.17176010058171e-08,0.999732300721604,-3.30233431336638e-05,-0.00189335083487558,0.0794763040938062,-3.72126636746827e-08,0.0133108766510358,-1.21234595837764e-05,443.39137736459,439.9463366557,436.503854976257,439.946330801503
2.526,0.150040930918229,0,-0.305625812120961,-1.16287042499192e-08,0.999732446549556,-3.48765169393981e-05,-0.00181256521834651,0.0820659332390282,-3.69521426175809e-08,0.0133042008933514,-1.21005571671269e-05,443.29356819181,439.947116475505,436.603902869778,439.947111847983
2.527,0.162840431809804,0,-0.30563263149471,-1.15410238650433e-08,0.999732591888395,-3.66476394398907e-05,-0.00172927746102482,0.0844801135833811,-3.66894403092443e-08,0.0132966384463706,-1.20775355098207e-05,443.190647835131,439.947962488849,436.709172674178,439.947959146196
2.528,0.175526052016489,0,-0.30563932047212,-1.14545585318218e-08,0.999732736766781,-3.83342966762952e-05,-0.00164366436969522,0.0867161876034934,-3.64247800504118e-08,0.0132882169041199,-1.20543983667824e-05,443.082871800987,439.948871548169,436.819393714008,439.948869545013
2.529,0.188088440845023,0,-0.305645879135353,-1.13693068371763e-08,0.999732881215723,-3.99342527668011e-05,-0.00155590523310519,0.0887718490701872,-3.6158395199129e-08,0.0132789651608555,-1.20311497055556e-05,442.970494878193,439.949840513426,436.934296686321,439.949839900849
2.53,0.200518321128893,0,-0.305652307574682,-1.12852672765516e-08,0.999733025268472,-4.1445452212804e-05,-0.00146618147026094,0.0906451437594168,-3.58905285303332e-08,0.0132689133416111,-1.20077936952746e-05,442.853771046199,439.950866254074,437.05361376494,439.950867079633
2.531,0.212806496195588,0,-0.305658605888202,-1.12024382562074e-08,0.999733168960406,-4.28660218531246e-05,-0.00137467627833758,0.0923344695141043,-3.56214315760873e-08,0.0132580927330458,-1.19843346939849e-05,442.732953381391,439.951945651087,437.177078704561,439.951947958835
2.532,0.224943856796653,0,-0.305664774181518,-1.11208180955619e-08,0.999733312328927,-4.41942724662142e-05,-0.00128157428084932,0.0938385756632193,-3.53513639495288e-08,0.0132465357146202,-1.19607772345027e-05,442.608293961549,439.953075599032,437.304426944567,439.953079429543
2.533,0.236921387995146,0,-0.305670812567434,-1.10404050295809e-08,0.99973345541336,-4.54287000209275e-05,-0.00118706117671896,0.0951565618055567,-3.50805926555477e-08,0.013234275690124,-1.19371260089951e-05,442.480043768524,439.954253008184,437.435395712499,439.95425839858
2.534,0.248730176005371,0,-0.305676721165625,-1.09611972112087e-08,0.999733598254851,-4.65679865770772e-05,-0.00109132339087769,0.0962878759667518,-3.4809391391068e-08,0.0132213470195841,-1.19133858524587e-05,442.348452589254,439.95547480666,437.569724127053,439.955481790641
2.535,0.26036141497957,0,-0.305682500102301,-1.08831927138346e-08,0.999733740896278,-4.7611000837614e-05,-0.00099454772701737,0.0972323121391327,-3.4538039837744e-08,0.0132077849515785,-1.18895617252643e-05,442.213768915197,439.956737942582,437.707153300547,439.956746550453
2.536,0.271806413736347,0,-0.305688149509863,-1.08063895337895e-08,0.999733883382153,-4.85567983548897e-05,-0.000896921023107084,0.0979900072150354,-3.42668229497854e-08,0.0131936255559842,-1.18656586949333e-05,442.076239840293,439.958039386233,437.847426440756,439.95804964494
2.537,0.283056602425699,0,-0.305693669526552,-1.07307855928692e-08,0.999734025758536,-4.94046213940706e-05,-0.000798629810274879,0.0985614373252115,-3.39960302395153e-08,0.0131789056571843,-1.18416819173012e-05,441.936110957551,439.959376132221,437.990288952035,439.959388065384
2.538,0.294103539125388,0,-0.305699060296088,-1.06563787408778e-08,0.999734168072948,-5.01538984573602e-05,-0.000699859975643334,0.098947413594927,-3.37259550631441e-08,0.0131636627677639,-1.18176366172192e-05,441.793626254387,439.960745201625,438.135488535652,439.96075882958
2.539,0.304938916363509,0,-0.305704321967301,-1.05831667581882e-08,0.999734310374284,-5.08042434732757e-05,-0.000600796429694578,0.0991490773312846,-3.34568939091615e-08,0.0131479350227196,-1.17935280689372e-05,441.6490280068,439.962143644127,438.282775289253,439.962158983959
2.54,0.315554567562206,0,-0.305709454693765,-1.05111473583132e-08,0.999734452712727,-5.13554546557884e-05,-0.000501622778726401,0.0991678946562095,-3.31891456916142e-08,0.0131317611142119,-1.17693615763059e-05,441.502556672521,439.963568540103,438.431901805377,439.963585605692
2.541,0.325942473397351,0,-0.305714458633411,-1.04403181904849e-08,0.999734595139673,-5.18075130386941e-05,-0.000402521002946204,0.0990056506004013,-3.29230110504179e-08,0.0131151802268866,-1.17451424529283e-05,441.354450783252,439.965017002692,438.582623268964,439.965035804752
2.542,0.33609476806922,0,-0.30571933394815,-1.03706768422357e-08,0.999734737707641,-5.21605806911185e-05,-0.000303671140733818,0.0986644426743888,-3.26587916607273e-08,0.0130982319737933,-1.17208760023848e-05,441.2049468361,439.966486179803,438.734697553765,439.966506725934
2.543,0.346003745479129,0,-0.305724080803486,-1.03022208419794e-08,0.999734880470201,-5.24149986205851e-05,-0.000205250979587704,0.0981466739336165,-3.23967895532911e-08,0.0130809563329277,-1.16965674986488e-05,441.054279184355,439.967973256085,438.887885317604,439.967995550815
2.544,0.355661865307043,0,-0.305728699368119,-1.02349476615858e-08,0.999735023481889,-5.25712843705787e-05,-0.000107435754251706,0.0974550455552446,-3.21373064475742e-08,0.0130633935844255,-1.16722221668045e-05,440.902679927714,439.969475454827,439.041950096423,439.969499499664
2.545,0.365061758985362,0,-0.305733189813559,-1.01688547189467e-08,0.999735166798132,-5.2630129320026e-05,-1.03978525015137e-05,0.0965925489450629,-3.1880643099287e-08,0.0130455842484349,-1.16478451641699e-05,440.750378802102,439.970990039797,439.196658397041,439.97101583328
2.546,0.374196235563909,0,-0.305737552313724,-1.01039393805284e-08,0.999735310475168,-5.25923956925863e-05,8.56934709487688e-05,0.0955624573935873,-3.16270986638879e-08,0.0130275690236949,-1.16234415619242e-05,440.597603069203,439.972514317006,439.351779788577,439.972541854759
2.547,0.383058287461426,0,-0.305741787044543,-1.00401989639082e-08,0.999735454569969,-5.2459113284092e-05,0.000180672371978924,0.094368317301046,-3.13769700774544e-08,0.0130093887268458,-1.15990163273291e-05,440.444577405846,439.9740456364,439.507086992483,439.974074911184
2.548,0.391641096098797,0,-0.305745894183559,-9.97763074029038e-09,0.999735599140162,-5.22314759169143e-05,0.000274376685612788,0.0930139389915484,-3.11305514562313e-08,0.0129910842324997,-1.15745743066295e-05,440.291523793378,439.975581393461,439.662355971118,439.975612395235
2.549,0.399938037409387,0,-0.305749873909527,-9.91623193699853e-09,0.999735744243953,-5.19108376304381e-05,0.00036664818518584,0.0915033871372781,-3.08881335159899e-08,0.0129726964140966,-1.15501202087111e-05,440.138661407154,439.97711903073,439.817366014833,439.977151746708
2.55,0.407942687221895,0,-0.305753726402015,-9.85599973994173e-09,0.99973588994005,-5.14987086172182e-05,0.000457332831750874,0.089840970814058,-3.06500030122782e-08,0.012954266085573,-1.15256585895876e-05,439.98620650629,439.978656039232,439.971899827504,439.978690453943
2.551,0.415648826511201,0,-0.305757451841006,-9.79693129605071e-09,0.999736036287581,-5.09967509147623e-05,0.000546281013363982,0.088031233210091,-3.04164422024821e-08,0.012935833943869,-1.15011938377809e-05,439.834372323814,439.980189959814,440.12574361047,439.980226055161
2.552,0.423050446512782,0,-0.305761050406495,-9.73902371568138e-09,0.99973618334602,-5.04067738632271e-05,0.000633347773915121,0.0860789410100984,-3.01877283305054e-08,0.0129174405122998,-1.14767301606549e-05,439.683368957352,439.981718384373,440.278687144847,439.981756139701
2.553,0.430141753696373,0,-0.305764522278101,-9.68227407498299e-09,0.999736331175107,-4.97307293396446e-05,0.000718393031189905,0.0839890734774494,-2.99641331347548e-08,0.0128991260848174,-1.14522715717548e-05,439.533403260491,439.983238956999,440.430523872152,439.983278349156
2.554,0.436917174594576,0,-0.305767867634664,-9.62667941822812e-09,0.999736479834767,-4.89707067795919e-05,0.000801281783872066,0.0817668112571978,-2.9745922380058e-08,0.0128809306711869,-1.14278218791979e-05,439.384678734953,439.984749375002,440.581050973227,439.984790378406
2.555,0.443371360482284,0,-0.305771086653859,-9.57223676010203e-09,0.999736629385033,-4.81289279975012e-05,0.000881884307219059,0.0794175249232282,-2.95333554139626e-08,0.0128628939431036,-1.14033846751572e-05,439.237395423735,439.986247389846,440.73006944541,439.986289976551
2.556,0.449499191902803,0,-0.305774179511807,-9.51894308794896e-09,0.999736779885967,-4.720774181706e-05,0.000960076337166629,0.0769467632929437,-2.93266847478061e-08,0.0128450551812742,-1.13789633264712e-05,439.091749805331,439.987730807968,440.877384177925,439.987774947732
2.557,0.455295783036727,0,-0.30577714638269,-9.46679536397306e-09,0.999736931397575,-4.62096185233855e-05,0.00103573924264167,0.0743602415331235,-2.91261556628536e-08,0.0128274532234868,-1.1354560966409e-05,438.947934689199,439.9891974915,441.022804025462,439.989243151855
2.558,0.460756485909677,0,-0.305779987438371,-9.41579052739172e-09,0.999737083979728,-4.51371441488651e-05,0.00110876018588641,0.0716638290807219,-2.89320058416803e-08,0.0128101264136938,-1.13301804876127e-05,438.806139112589,439.990645358882,441.166141879917,439.990692505201
2.559,0.465876894435132,0,-0.305782702848019,-9.3659254965394e-09,0.999737237692083,-4.39930146047394e-05,0.00117903227062086,0.0688635374024804,-2.87444650248914e-08,0.0127931125521301,-1.13058245362347e-05,438.666548238887,439.992072385366,441.307214740271,439.992120980938
2.56,0.470652848288655,0,-0.30578529277774,-9.31719717091982e-09,0.999737392593995,-4.27800296706682e-05,0.0012464546778942,0.065965507617283,-2.85637546932126e-08,0.0127764488464901,-1.12814955072803e-05,438.529343257602,439.993476603421,441.44584378057,439.993526609518
2.561,0.47508043661002,0,-0.305787757390212,-9.26960243320477e-09,0.999737548744439,-4.15010868546523e-05,0.00131093278949988,0.0629759980051971,-2.83900877748705e-08,0.0127601718641857,-1.12571955411627e-05,438.394701286126,439.994856103032,441.581854416002,439.994907478984
2.562,0.479156001529759,0,-0.305790096844328,-9.22313815117778e-09,0.999737706201924,-4.01591751358028e-05,0.0013723782988531,0.0599013714271075,-2.82236683781299e-08,0.0127443174857066,-1.12329265214701e-05,438.262795273414,439.996209031898,441.715076367037,439.996261735164
2.563,0.482876141516787,0,-0.305792311294845,-9.17780117962102e-09,0.999737865024408,-3.87573686025344e-05,0.0014307093092531,0.056748082678782,-2.80646915487732e-08,0.0127289208591055,-1.12086900739411e-05,438.133793905697,439.99753359553,441.845343721617,439.997587581771
2.564,0.486237714543962,0,-0.30579440089204,-9.13358836214382e-09,0.999738025269216,-3.72988199988272e-05,0.0014858504194767,0.0535226658030829,-2.79133430522477e-08,0.012714016355627,-1.11844875666383e-05,438.007861514373,439.998828057252,441.972494995372,439.998883280405
2.565,0.489237841068443,0,-0.305796365781374,-9.09049653295145e-09,0.999738186992951,-3.57867541912436e-05,0.00153773279667286,0.0502317213838847,-2.77697991801353e-08,0.0126996375265029,-1.11603201113067e-05,437.885157986185,440.000090738109,442.09637318986,440.00014715046
2.566,0.491873906823939,0,-0.305798206103164,-9.04852251855269e-09,0.999738350251414,-3.4224461569403e-05,0.00158629423655182,0.0468819038450539,-2.76342265805683e-08,0.0126858170609307,-1.11361885658977e-05,437.765838675827,440.001320016682,442.216825848799,440.001377568941
2.567,0.494143565421994,0,-0.305799921992263,-9.007663139405e-09,0.999738515099511,-3.26152913926145e-05,0.00163147921088536,0.0434799087776063,-2.7506782112122e-08,0.0126725867452572,-1.11120935382347e-05,437.650054321086,440.00251432882,442.333705112293,440.002572970193
2.568,0.496044740759636,0,-0.305801513577748,-8.9679152114961e-09,0.999738681591173,-3.09626450953384e-05,0.00167323890235784,0.0400324603178754,-2.73876127207189e-08,0.0126599774233832,-1.10880353907936e-05,437.537950960641,440.003672167283,442.446867769022,440.003731845549
2.569,0.497575629230835,0,-0.305802980982623,-8.9292755478607e-09,0.999738849779265,-2.92699695640959e-05,0.00171153122683031,0.036546298599206,-2.72768553389893e-08,0.0126480189584084,-1.1064014246567e-05,437.429669854641,440.004792081311,442.556175306404,440.004852742893
2.57,0.498734701739352,0,-0.305804324323521,-8.89174096003156e-09,0.999739019715503,-2.75407503983737e-05,0.00174632084310236,0.0330281672993282,-2.7174636807538e-08,0.0126367401955339,-1.10400299959749e-05,437.325347408155,440.005872676117,442.661493958707,440.005934266159
2.571,0.499520705510696,0,-0.305805543710425,-8.85530825942375e-09,0.999739191450364,-2.57785051679751e-05,0.00177757915027815,0.0294848013051728,-2.70810738174826e-08,0.0126261689262372,-1.10160823047843e-05,437.225115097627,440.00691261231,442.762694753095,440.006975074749
2.572,0.499932665701068,0,-0.305806639246398,-8.81997425865128e-09,0.999739365033001,-2.39867766791496e-05,0.00180528427286508,0.0259229145164568,-2.69962728736706e-08,0.0126163318537374,-1.09921706229945e-05,437.129099400419,440.007910605253,442.859653553608,440.007973882894
2.573,0.499969886801297,0,-0.305807611027318,-8.78573577277529e-09,0.999739540511155,-2.21691262616966e-05,0.00182942103375392,0.0223491878089047,-2.69203302778892e-08,0.0126072545597642,-1.0968294194642e-05,437.03742172755,440.008865424367,442.95225110307,440.008929458955
2.574,0.499631953833934,0,-0.305808459141631,-8.75258962048308e-09,0.99973971793107,-2.03291270890785e-05,0.00184998091525068,0.0187702571774706,-2.68533321313921e-08,0.0125989614726467,-1.09444520684769e-05,436.950198359727,440.009775892371,443.040373062897,440.009840624667
2.575,0.498918733341805,0,-0.305809183670113,-8.72053262519723e-09,0.999739897337407,-1.84703575433972e-05,0.00186696200834987,0.0151927020793963,-2.6795354356062e-08,0.0125914758367334,-1.09206431094581e-05,436.867540386771,440.010640884486,443.123910050816,440.010706254339
2.576,0.497830374166493,0,-0.305809784685639,-8.6895616161143e-09,0.999740078773157,-1.65963946368906e-05,0.00188036895045884,0.0116230339963778,-2.67464627334619e-08,0.012584819683159,-1.08968660110139e-05,436.789553650499,440.011459327588,443.202757676466,440.011525274008
2.577,0.496367308015362,0,-0.305810262252972,-8.65967342917243e-09,0.999740262279556,-1.47108075013847e-05,0.00189021285180163,0.00806768523452227,-2.67067129610923e-08,0.012579013801968,-1.08731193080108e-05,436.716338691176,440.012230199329,443.276816574894,440.012296660559
2.578,0.494530249815889,0,-0.305810616428557,-8.6308649079476e-09,0.999740447896001,-1.28171509568994e-05,0.00189651121074924,0.00453299798015655,-2.66761507250891e-08,0.0125740777156085,-1.08494013903724e-05,436.647990697599,440.012952527228,443.345992437912,440.013019440815
2.579,0.492320197856245,0,-0.305810847260334,-8.60313290447787e-09,0.999740635659968,-1.09189591703527e-05,0.00189928781834093,0.001025213628904,-2.66548117886274e-08,0.0125700296538045,-1.08257105172873e-05,436.584599460896,440.013625387732,443.410196043315,440.013692690602
2.58,0.489738433711196,0,-0.305810954787554,-8.57647428001544e-09,0.999740825606924,-9.01973941502955e-06,0.00189857265227819,-0.0024495375952277,-2.6642722095305e-08,0.01256688652982,-1.0802044831944e-05,436.526249332096,440.014247905269,443.469343281959,440.014315533796
2.581,0.486786521952585,0,-0.305810939040622,-8.55088590570627e-09,0.999741017770252,-7.12296594119824e-06,0.00189440176068955,-0.00588524671469877,-2.66398978867168e-08,0.0125646639181203,-1.07784023767293e-05,436.473019183565,440.014819251279,443.523355182661,440.014887141357
2.582,0.483466309643797,0,-0.305810800040937,-8.52636466319697e-09,0.999741212181165,-5.23207396794589e-06,0.00188681713598003,-0.00927603575189953,-2.66463458335191e-08,0.012563376033442,-1.07547811088251e-05,436.424982374334,440.015338643248,443.572157934933,440.01540673036
2.583,0.479779925617791,0,-0.305810537800761,-8.50290744516883e-09,0.999741408868631,-3.35045380598588e-06,0.00187586657909384,-0.0126161671466309,-2.66620631792005e-08,0.0125630357112777,-1.07311789161382e-05,436.382206719402,440.015805343732,443.615682909519,440.01587356302
2.584,0.475729779538413,0,-0.305810152323088,-8.48051115579906e-09,0.99974160785929,-1.48144512085357e-06,0.00186160355453343,-0.0159000528237694,-2.66870378958239e-08,0.0125636543897819,-1.07075936334966e-05,436.344754463057,440.016218659395,443.653866676736,440.016286945733
2.585,0.471318560744924,0,-0.305809643601536,-8.45917271114904e-09,0.999741809177382,3.71668654443099e-07,0.00184408703649132,-0.0191222628980589,-2.6721248851019e-08,0.0125652420931054,-1.06840230590454e-05,436.312682256252,440.01657794006,443.686651022578,440.016646228117
2.586,0.466549236879793,0,-0.305809011620247,-8.43888903947993e-09,0.999742012844673,2.20566574861454e-06,0.00182338134646362,-0.0222775340037628,-2.67646659854494e-08,0.0125678074161623,-1.06604649707747e-05,436.286041138099,440.016882577769,443.713982962595,440.016950802082
2.587,0.461425052299984,0,-0.305808256353808,-8.41965708149549e-09,0.999742218880378,4.01739131479307e-06,0.0017995559827263,-0.025360777237717,-2.68172505000469e-08,0.012571357510834,-1.06369171431137e-05,436.264876521498,440.017132005875,443.735814753506,440.017200100916
2.588,0.45594952627216,0,-0.305807377767177,-8.40147379051261e-09,0.999742427301093,5.80376251880703e-06,0.00177268544206625,-0.0283670857051421,-2.68789550522993e-08,0.012575898073614,-1.06133773635227e-05,436.24922818294,440.017325698157,443.752103902537,440.017393598399
2.589,0.450126450952382,0,-0.305806375815629,-8.38433613255969e-09,0.999742638120729,7.56177344548049e-06,0.00174284903416917,-0.031291741658406,-2.69497239608458e-08,0.0125814333346957,-1.05898434490175e-05,436.239130256523,440.017463167973,443.762813174455,440.017530807958
2.59,0.443959889150992,0,-0.305805250444717,-8.36824108640332e-09,0.99974285135044,9.28849981582048e-06,0.00171013068907605,-0.0341302232197647,-2.70294934176762e-08,0.0125879660485057,-1.05663132625598e-05,436.234611232179,440.01754396745,443.767910596287,440.017611281855
2.591,0.437454171883671,0,-0.305804001590247,-8.35318564350368e-09,0.999743066998563,1.09811035083696e-05,0.00167461875812832,-0.0368782106799609,-2.71181917072307e-08,0.0125954974856824,-1.05427847292499e-05,436.235693958153,440.017567686717,443.767369459681,440.017634610419
2.592,0.430613895709679,0,-0.305802629178261,-8.33916680789926e-09,0.999743285070556,1.26368368784264e-05,0.00163640580882958,-0.0395315923654109,-2.72157394317051e-08,0.012604027426501,-1.05192558522564e-05,436.242395647734,440.017533953187,443.761168320912,440.017600421329
2.593,0.423443919858565,0,-0.305801133125044,-8.32618159602151e-09,0.99974350556894,1.42530468692662e-05,0.00159558841405847,-0.0420864700675728,-2.732204974188e-08,0.0126135541557435,-1.04957247284216e-05,436.254727890246,440.017442430891,443.749290998466,440.017508378948
2.594,0.415949363146759,0,-0.305799513337143,-8.31422703644e-09,0.999743728493242,1.5827178909934e-05,0.00155226693607352,-0.0445391640289476,-2.7437028572759e-08,0.012624074459012,-1.04721895634817e-05,436.272696666305,440.017292819873,443.731726568217,440.017358183711
2.595,0.408135600685615,0,-0.305797769711394,-8.30330016953906e-09,0.999743953839942,1.7356780594624e-05,0.00150654530575561,-0.0468862174810334,-2.75605748833623e-08,0.0126355836204834,-1.04486486868415e-05,436.296302367342,440.017084855633,443.708469356135,440.017149571578
2.596,0.400008260382683,0,-0.305795902134974,-8.29339804712667e-09,0.999744181602425,1.8839505139107e-05,0.00145853079753815,-0.0491244007304111,-2.76925809000224e-08,0.0126480754221008,-1.04251005658482e-05,436.325539819378,440.01681830865,443.679518928506,440.016882313545
2.597,0.391573219238133,0,-0.30579391048546,-8.2845177319765e-09,0.999744411770932,2.02731146101219e-05,0.00140833380047837,-0.0512507147900073,-2.78329323625035e-08,0.0126615421441985,-1.04015438195069e-05,436.360398311045,440.016492983952,443.644880079635,440.016556215224
2.598,0.382836599438358,0,-0.305791794630906,-8.27665629730425e-09,0.999744644332519,2.16554829240975e-05,0.00135606758592567,-0.0532623945534355,-2.79815087722861e-08,0.0126759745675549,-1.03779772315864e-05,436.400861625833,440.016108720775,443.60456281699,440.016171116493
2.599,0.373804764249146,0,-0.305789554429937,-8.26981082617928e-09,0.999744879271017,2.29845986120329e-05,0.00130184807224462,-0.0551569115111732,-2.81381836423898e-08,0.0126913619768667,-1.03543997630646e-05,436.446908078546,440.015665392275,443.558582343759,440.015726891212
2.6,0.364484313710707,0,-0.305787189731847,-8.26397841087283e-09,0.999745116566995,2.42585673478189e-05,0.00124579358705113,-0.0569319760081792,-2.83028247480905e-08,0.0127076921656385,-1.0330810563864e-05,436.498510555937,440.015162905323,443.506959038782,440.015223447014
2.601,0.354882080137185,0,-0.305784700376729,-8.25915615214404e-09,0.999745356197726,2.54756142377427e-05,0.00118802462742006,-0.0585855390433955,-2.84752943778988e-08,0.012724951442479,-1.03072089838345e-05,436.555636561495,440.01460120037,443.44971843382,440.014660725173
2.602,0.345005123423476,0,-0.305782086195603,-8.25534115846513e-09,0.999745598137164,2.66340858693777e-05,0.00112866361852191,-0.0601157936124116,-2.86554495841909e-08,0.0127431246387946,-1.0283594582939e-05,436.618248264345,440.013980251391,443.386891188125,440.014038700543
2.603,0.334860726162152,0,-0.305779347010568,-8.25253054518719e-09,0.999745842355911,2.77324521185136e-05,0.00106783467114447,-0.0615211755953863,-2.8843142432881e-08,0.0127621951178726,-1.02599671406035e-05,436.686302552222,440.013300065898,443.318513060274,440.013357381572
2.604,0.324456388573633,0,-0.305776482634966,-8.25072143364813e-09,0.999746088821205,2.87693077132399e-05,0.00100566333855265,-0.062800364193133,-2.90382202515278e-08,0.0127821447853408,-1.02363266641947e-05,436.759751088488,440.012560685033,443.244624877226,440.012616810398
2.605,0.31379982325286,0,-0.305773492873559,-8.24991095022428e-09,0.999746337496895,2.97433735547464e-05,0.000942276373136739,-0.0639522819150692,-2.92405258752791e-08,0.0128029541009945,-1.02126733965928e-05,436.838540373116,440.011762183737,443.165272500567,440.011817063008
2.606,0.302898949735735,0,-0.30577037752272,-8.25009622532734e-09,0.999746588343436,3.06534977948518e-05,0.000877801483294849,-0.0649760941235102,-2.94498978900861e-08,0.0128246020919761,-1.01890078228293e-05,436.922611807621,440.010904670991,443.080506789902,440.010958249486
2.607,0.291761888889051,0,-0.305767136370644,-8.25127439234847e-09,0.999746841317876,3.14986566707159e-05,0.000812367090990827,-0.0658712081395542,-2.96661708726252e-08,0.0128470663672963,-1.01653306757632e-05,437.011901763855,440.009988290134,442.990383563348,440.010040514326
2.608,0.280396957127465,0,-0.305763769197562,-8.2534425865512e-09,0.999747096373852,3.22779550976293e-05,0.000746102090422956,-0.06663727191655,-2.98891756263473e-08,0.0128703231336807,-1.01416429407729e-05,437.106341656621,440.009013219246,442.894963555106,440.009064036816
2.609,0.268812660461438,0,-0.305760275775978,-8.25659794391511e-09,0.999747353461594,3.29906270212061e-05,0.000679135608232651,-0.067274172287871,-3.01187394131383e-08,0.0128943472127279,-1.01179458594453e-05,437.205858020036,440.007979671612,442.79431237006,440.008029031498
2.61,0.257017688380089,0,-0.305756655870916,-8.26073759993208e-09,0.999747612527929,3.36360355307316e-05,0.00061159676567516,-0.0677820327964262,-3.03546861800504e-08,0.0129191120593628,-1.00942409322451e-05,437.310372587573,440.006887896242,442.688500435368,440.006935748691
2.611,0.245020907573177,0,-0.30575290924018,-8.26585868835723e-09,0.999747873516288,3.42136727358347e-05,0.000543614443166527,-0.0681612111140288,-3.05968367805931e-08,0.0129445897815675,-1.00705299201529e-05,437.41980237571,440.005738178465,442.57760294901,440.005784475078
2.612,0.232831355496431,0,-0.305749035634628,-8.27195833991644e-09,0.999748136366721,3.47231594090647e-05,0.00047531704761262,-0.0684122960594115,-3.08450091901243e-08,0.0129707511613732,-1.00468148452636e-05,437.534059771112,440.004530840579,442.461699825258,440.00457553436
2.613,0.220458233784718,0,-0.305745034798458,-8.27903368097252e-09,0.999748401015921,3.51642443973539e-05,0.000406832282916926,-0.0685361042243182,-3.10990187148241e-08,0.0129975656770934,-1.00230979903415e-05,437.653052621266,440.003266242563,442.340875637038,440.003309287961
2.614,0.207910901517524,0,-0.305740906469511,-8.28708183215223e-09,0.999748667397238,3.55368038057393e-05,0.000338286924054038,-0.0685336762177291,-3.13586781938215e-08,0.0130250015267789,-9.99938189732891e-06,437.776684328475,440.001944782836,442.215219555138,440.001986135795
2.615,0.195198868341602,0,-0.305736650379577,-8.29609990693618e-09,0.999748935440717,3.58408399570971e-05,0.000269806595085449,-0.0684062725388659,-3.16237981940498e-08,0.0130530256528754,-9.97566936481325e-06,437.904853947147,440.000566899079,442.084825284242,440.000606517072
2.616,0.182331787455485,0,-0.305732266254724,-8.30608501021384e-09,0.999749205073122,3.60764801320186e-05,0.000201515551483293,-0.0681553690902004,-3.18941871974322e-08,0.0130816037680595,-9.95196344445834e-06,438.03745628426,439.999133069086,441.949790995765,439.999170911161
2.617,0.169319448460886,0,-0.305727753815633,-8.31703423680581e-09,0.999749476217981,3.624397509331e-05,0.000133536467116196,-0.0677826523422304,-3.21696517800218e-08,0.0131107003822347,-9.92826743640976e-06,438.174382002934,439.997643811666,441.810219257452,439.997679838483
2.618,0.156171770086114,0,-0.305723112777946,-8.3289446699556e-09,0.999749748795625,3.63436973999538e-05,6.59902262393662e-05,-0.0672900141623089,-3.24499967827557e-08,0.0131402788306611,-9.90458488368875e-06,438.315517728998,439.996099687577,441.666216959719,439.996133861445
2.619,0.142898792786643,0,-0.305718342852624,-8.34181337979316e-09,0.999750022723233,3.63761395156989e-05,-1.00427918146642e-06,-0.0666795463203,-3.27350254735008e-08,0.0131703013031962,-9.8809195655917e-06,438.460746160454,439.994501300489,441.517895238725,439.994533585398
2.62,0.129510671228243,0,-0.305713443746318,-8.35563742177227e-09,0.999750297914888,3.63419117177754e-05,-6.73303464956866e-05,-0.0659535346842981,-3.30245397001198e-08,0.0132007288746223,-9.85727549011646e-06,438.609946179752,439.992849297964,441.365369396148,439.992879659623
2.621,0.116017666658138,0,-0.305708415161754,-8.37041383508421e-09,0.999750574281631,3.62417398115348e-05,-0.000132873653439854,-0.0651144531200819,-3.33183400343146e-08,0.0132315215360346,-9.83365688543985e-06,438.762992968741,439.991144372466,441.208758815653,439.991172778332
2.622,0.102430139169587,0,-0.305703256798119,-8.38613964104979e-09,0.999750851731522,3.60764626571162e-05,-0.000197522442966935,-0.064164957108377,-3.36162259060378e-08,0.0132626382272628,-9.81006819047433e-06,438.919758126216,439.989387262368,441.048186876037,439.989413681672
2.623,0.0887585398658182,0,-0.305697968351468,-8.40281184149201e-09,0.999751130169707,3.58470295145206e-05,-0.000261167701557707,-0.0631078770943774,-3.39179957283194e-08,0.0132940368703009,-9.78651404453494e-06,439.080109787938,439.98757875297,440.883780861062,439.987603156747
2.624,0.0750134029289321,0,-0.305692549515135,-8.42042741709156e-09,0.999751409498487,3.55544972137411e-05,-0.000323703330753968,-0.0619462115843189,-3.42234470123804e-08,0.0133256744037147,-9.76299927615099e-06,439.243912749017,439.985719677509,440.715671865944,439.985742038624
2.625,0.06120533759961,0,-0.305686999980153,-8.4389833257274e-09,0.999751689617392,3.52000271568517e-05,-0.000385026311668121,-0.0606831200042135,-3.45323764729533e-08,0.0133575068180005,-9.73952889105999e-06,439.411028588535,439.983810918168,440.543994700532,439.983831211333
2.626,0.0473450200737545,0,-0.305681319435687,-8.45847650080438e-09,0.999751970423263,3.47848821591958e-05,-0.000445036862238986,-0.0593219153361358,-3.48445801237702e-08,0.013389489191864,-9.71610805942415e-06,439.581315796316,439.981853407054,440.368887789152,439.981871608854
2.627,0.0334431853220135,0,-0.305675507569472,-8.47890384957028e-09,0.999752251810334,3.43104231370352e-05,-0.000503638587019172,-0.0578660565477061,-3.51598533632479e-08,0.0134215757293894,-9.69274210231294e-06,439.754629901695,439.979848127162,440.190493067158,439.979864216069
2.628,0.0195106188383657,0,-0.305669564068263,-8.5002622514242e-09,0.999752533670319,3.37781056492292e-05,-0.000560738619295143,-0.0563191408306355,-3.54779910504267e-08,0.0134537197980686,-9.66943647749749e-06,439.930823604191,439.977796113303,440.008955874178,439.977810069694
2.629,0.00555814832403181,0,-0.305663488618292,-8.52254855621836e-09,0.999752815892506,3.31894763007053e-05,-0.000616247755357038,-0.0546848956643894,-3.57987875712777e-08,0.013485873967657,-9.64619676460563e-06,440.109746905945,439.975698452991,439.824424844096,439.975710259159
2.63,0,0,-0.305657280905728,-8.54575958255536e-09,0.99975309836385,3.2546169015654e-05,-0.000670080580751465,-0.0529671707211843,-3.61220368955421e-08,0.0135179900498249,-9.62302864968821e-06,440.291247245817,439.973556287285,439.637051791793,439.973565927452
2.631,0,0,-0.305650940617143,-8.56989211614721e-09,0.999753380969763,3.18499011885436e-05,-0.000722155588366766,-0.0511699296286623,-3.64475325093487e-08,0.0135500193535213,-9.59993782435548e-06,440.470472798974,439.971432050587,439.45194162067,439.971439557318
2.632,0,0,-0.305644467439946,-8.59494290841666e-09,0.999753663597348,3.11024697211899e-05,-0.000772395288216637,-0.0492972416066819,-3.67750670396486e-08,0.0135819137138834,-9.57692958936018e-06,440.644320035325,439.969365859906,439.272366293131,439.969371296563
2.633,0,0,-0.305637861062818,-8.62090867507028e-09,0.999753946137781,3.03057469542429e-05,-0.000820726308804484,-0.0473532729947338,-3.71044322145342e-08,0.0136136262691511,-9.55400857835823e-06,440.812895990067,439.967356112111,439.098216406825,439.967359541043
2.634,0,0,-0.305631121176169,-8.64778609455881e-09,0.999754228486583,2.94616765015608e-05,-0.000867079489967386,-0.045342278686521,-3.74354192397845e-08,0.0136451115764497,-9.53117874983281e-06,440.976305928562,439.96540125729,438.929384334094,439.96540273983
2.635,0,0,-0.305624247472588,-8.67557180658967e-09,0.999754510543427,2.85722689960377e-05,-0.000911389967115126,-0.0432685934882511,-3.77678192259042e-08,0.0136763255835119,-9.50844343396814e-06,441.134653371853,439.963499796973,438.765764197384,439.963499393436
2.636,0,0,-0.305617239647274,-8.70426241073127e-09,0.999754792211958,2.76395977555219e-05,-0.000953597246796248,-0.041136623417161,-3.81014235873957e-08,0.0137072256008657,-9.48580537704829e-06,441.28804012189,439.961650282424,438.607251844957,439.961648052102
2.637,0,0,-0.30561009739846,-8.7338544651056e-09,0.999755073399625,2.66657943775287e-05,-0.000993645273539625,-0.0389508369567396,-3.84360244156991e-08,0.013737770274482,-9.46326678349253e-06,441.436566286451,439.959851312979,438.4537448269,439.959847314144
2.638,0,0,-0.305602820427816,-8.76434448516557e-09,0.999755354017513,2.56530442714873e-05,-0.00103148248793643,-0.036715756285029,-3.87714148272043e-08,0.013767919558874,-9.44082935563411e-06,441.580330303759,439.958101534446,438.305142371409,439.958095824346
2.639,0,0,-0.30559540844085,-8.79572894255387e-09,0.999755633980193,2.46035821372956e-05,-0.00106706187594371,-0.0344359484922715,-3.91073892876002e-08,0.013797634690644,-9.41849433134514e-06,441.719428966806,439.956399637556,438.161345361372,439.956392272418
2.64,0,0,-0.305587861147282,-8.82800426403993e-09,0.99975591320557,2.35196873989616e-05,-0.00110034100940706,-0.0321160168040256,-3.94437439137843e-08,0.0138268781624687,-9.39626251960603e-06,441.853957447374,439.954744356466,438.022256311222,439.954735391495
2.641,0,0,-0.30558017826142,-8.86116683053199e-09,0.999756191614742,2.24036796021074e-05,-0.00113128207781572,-0.0297605918257064,-3.97802767544746e-08,0.0138556136975189,-9.3741343341139e-06,441.984009319765,439.953134467305,437.887779344069,439.95312395669
2.642,0,0,-0.305572359502513,-8.89521297616135e-09,0.999756469131869,2.12579137840913e-05,-0.00115985191131958,-0.0273743228243049,-4.01167880506041e-08,0.0138838062243062,-9.35210982502075e-06,442.109676584236,439.951568786779,437.757820169111,439.951556783691
2.643,0,0,-0.305564404595099,-8.93013898743574e-09,0.99975674568404,2.00847758254625e-05,-0.0011860219950529,-0.0249618690628189,-4.0453080476536e-08,0.0139114218519499,-9.330188708888e-06,442.231049690141,439.950046170808,437.632286059307,439.950032727409
2.644,0,0,-0.305556313269337,-8.9659411024592e-09,0.999757021201158,1.88866777914155e-05,-0.00120976847482529,-0.0225278912026755,-4.07889593630683e-08,0.0139384278458601,-9.30837039694093e-06,442.348217558787,439.94856551322,437.51108582932,439.948550680665
2.645,0,0,-0.305548085261331,-9.00261551021579e-09,0.999757295615817,1.76660532718383e-05,-0.00123107215425528,-0.0200770427891507,-4.11242329031325e-08,0.0139647926038283,-9.28665402170289e-06,442.461267606,439.947125744474,437.394129813724,439.947109572917
2.646,0,0,-0.30553972031344,-9.0401583499146e-09,0.999757568863198,1.64253527284688e-05,-0.00124991848343698,-0.0176139618344895,-4.14587123410773e-08,0.0139904856325221,-9.26503846208571e-06,442.570285764404,439.945725830439,437.281329845472,439.945708369039
2.647,0,0,-0.305531218174578,-9.0785657103936e-09,0.999757840880958,1.51670388575748e-05,-0.00126629753924476,-0.0151432625131063,-4.17922121463324e-08,0.0140154775243754,-9.24352236700979e-06,442.67535650542,439.944364771197,437.172599234615,439.944346068126
2.648,0,0,-0.305522578600506,-9.11783362958005e-09,0.999758111609138,1.38935819764619e-05,-0.00128020399739493,-0.0126695269828975,-4.21245501722723e-08,0.0140397399348718,-9.22210417762421e-06,442.776562860986,439.943041599896,437.067852747285,439.943021702346
2.649,0,0,-0.305513801354105,-9.15795809400524e-09,0.999758380990062,1.26074554419853e-05,-0.00129163709639765,-0.0101972973463298,-4.24555478009927e-08,0.0140632455602112,-9.20078214819406e-06,442.873986444988,439.941755381636,436.967006584918,439.941734335826
2.65,0,0,-0.305504886205654,-9.19893503837141e-09,0.999758648968251,1.13111311091048e-05,-0.00130060059354519,-0.0077310677645736,-4.27850300747155e-08,0.0140859681153581,-9.1795543657198e-06,442.96770747443,439.940505212387,436.869978363736,439.940483063571
2.651,0,0,-0.30549583293308,-9.24076034516888e-09,0.999758915490333,1.00070748373678e-05,-0.00130710271309637,-0.00527527673754392,-4.31128258145019e-08,0.0141078823124627,-9.15841876835007e-06,443.057804790318,439.939290217944,436.776687094467,439.939267010424
2.652,0,0,-0.305486641322212,-9.28342984434139e-09,0.999759180504967,8.69774205303717e-06,-0.00131115608682907,-0.00283429956227746,-4.34387677269217e-08,0.0141289638396517,-9.13737316264753e-06,443.144355878277,439.938109552919,436.687053162312,439.938085330051
2.653,0,0,-0.305477311167017,-9.32693931299784e-09,0.999759443962763,7.38557337440794e-06,-0.00131277768714542,-0.000412440981627059,-4.37626924992472e-08,0.0141491893401817,-9.11641523976399e-06,443.227436888901,439.936962399759,436.60099830715,439.936937203964
2.654,0,0,-0.305467842269834,-9.37128447516862e-09,0.999759705816209,6.07299030765998e-06,-0.00131198875292555,0.00198607196521217,-4.40844408837986e-08,0.0141685363919502,-9.09554259057936e-06,443.307122657831,439.935847967798,436.518445603982,439.935821840573
2.655,0,0,-0.305458234441592,-9.4164610016049e-09,0.999759966019601,4.76239102039722e-06,-0.00130881470833746,0.00435709687931308,-4.44038577719649e-08,0.0141869834873603,-9.07475271985612e-06,443.383486725576,439.934765492335,436.439319443614,439.934738474264
2.656,0,0,-0.305448487502021,-9.46246450961921e-09,0.999760224528978,3.45614619980837e-06,-0.00130328507482113,0.00669658271522932,-4.4720792258449e-08,0.014204510013531,-9.05404305945905e-06,443.456601357065,439.933714233751,436.363545513562,439.933686364514
2.657,0,0,-0.305438601279855,-9.50929056296577e-09,0.999760481302058,2.15659500216167e-06,-0.00129543337647525,0.00900057626078944,-4.50350976962185e-08,0.0142210962328512,-9.03341098068764e-06,443.526537560947,439.93269347664,436.291050779201,439.932664795029
2.658,0,0,-0.305428575613031,-9.55693467175915e-09,0.999760736298181,8.66041100112634e-07,-0.00128529703908491,0.0112652283739759,-4.53466317426583e-08,0.0142367232638697,-9.01285380576667e-06,443.593365108632,439.93170252898,436.221763465131,439.931673072904
2.659,0,0,-0.305418410348865,-9.60539229242984e-09,0.999760989478249,-4.1325116593903e-07,-0.00127291728303759,0.0134867999679308,-4.56552563973854e-08,0.0142513730625171,-8.99236881853834e-06,443.657152553075,439.930740721319,436.155613036775,439.930710527824
2.66,0,0,-0.305408105344242,-9.65465882771522e-09,0.999761240804676,-1.67906052645904e-06,-0.00125833901038364,0.015661667735678,-4.59608380321584e-08,0.0142650284036556,-8.97195327439746e-06,443.717967247314,439.929807405997,436.0925301822,439.929776511271
2.661,0,0,-0.305397660465774,-9.70472962668498e-09,0.999761490241335,-2.92921240563064e-06,-0.00124161068630543,0.0177863296067105,-4.62632474133117e-08,0.0142776728629498,-8.95160440950945e-06,443.775875362756,439.928901956384,436.032446794156,439.928870395772
2.662,0,0,-0.305387075589968,-9.75559998479936e-09,0.99976173775351,-4.16158242299321e-06,-0.00122278421526706,0.0198574099281581,-4.65623597171024e-08,0.0142892907990553,-8.931319449349e-06,443.830941907221,439.928023766145,435.975295952335,439.927991574164
2.663,0,0,-0.305376350603379,-9.8072651439994e-09,0.999761983307851,-5.37409976868673e-06,-0.00120191481212344,0.0218716643638267,-4.68580545383762e-08,0.0142998673361195,-8.91109561659562e-06,443.883230742738,439.92717224853,435.92101190585,439.927139458877
2.664,0,0,-0.305365485402757,-9.85972029282771e-09,0.999762226872332,-6.56475044740363e-06,-0.00117906086847398,0.0238259845049798,-4.71502158928999e-08,0.01430938834659,-8.89093013842067e-06,443.9328046031,439.926346835682,435.869530055926,439.926313481249
2.665,0,0,-0.305354479895182,-9.91296056657903e-09,0.999762468416206,-7.73158038643764e-06,-0.00115428381455194,0.0257174021873217,-4.74387322137358e-08,0.0143178404343265,-8.87082025319901e-06,443.979725111188,439.92554697797,435.820786938803,439.925513090858
2.666,0,0,-0.305343333998202,-9.96698104747922e-09,0.999762707909971,-8.87269840351319e-06,-0.00112764797694576,0.0275430935092317,-4.77234963419777e-08,0.0143252109180105,-8.85076321667662e-06,444.024052796053,439.924772143343,435.774720208852,439.924737754872
2.667,0,0,-0.30533204763995,-1.00217767648919e-08,0.99976294532533,-9.98627903037729e-06,-0.00109922043245344,0.0293003825468928,-4.80044055121806e-08,0.0143314878148494,-8.83075630762447e-06,444.065847109765,439.924021816699,435.731268621896,439.923986957422
2.668,0,0,-0.305320620759271,-1.00773426955518e-08,0.999763180635156,-1.10705651884393e-05,-0.00106907085837489,0.0309867447625543,-4.82813613327967e-08,0.0143366598245696,-8.81079683300718e-06,444.105166444037,439.923295499282,435.690372018743,439.923260198997
2.669,0,0,-0.305309053305827,-1.01336737638234e-08,0.999763413813462,-1.21238707130504e-05,-0.00103727137955079,0.032599810102767,-4.85542697619229e-08,0.0143407163136949,-8.79088213269411e-06,444.142068146615,439.922592708091,435.651971308914,439.922556995857
2.67,0,0,-0.305297345240202,-1.01907648419849e-08,0.999763644835365,-1.31445827233248e-05,-0.00100389641245934,0.0341373657840222,-4.88230410786281e-08,0.0143436473001054,-8.77100958373871e-06,444.176608537448,439.921912975311,435.616008454588,439.921876879456
2.671,0,0,-0.305285496534002,-1.02486107505359e-08,0.999763873677061,-1.41311638347175e-05,-0.000969022506684483,0.0355973587638268,-4.90875898501485e-08,0.0143454434378725,-8.75117660425121e-06,444.208842924635,439.921255847761,435.582426454732,439.921219395897
2.672,0,0,-0.305273507169947,-1.03072062585279e-08,0.999764100315793,-1.50821542118868e-05,-0.000932728184071,0.0369778978958358,-4.93478348952183e-08,0.0143460960023667,-8.73138065688844e-06,444.238825620147,439.920620886359,435.551169329439,439.920584105394
2.673,0,0,-0.305261377141957,-1.03665460839178e-08,0.999764324729827,-1.59961734596879e-05,-0.000895093775882722,0.038277255768255,-4.96036992437784e-08,0.0143455968756322,-8.7116192519832e-06,444.266609955337,439.920007665604,435.522182104462,439.919970581756
2.674,0,0,-0.30524910645523,-1.0426624893942e-08,0.999764546898425,-1.68719223504575e-05,-0.000856201258280855,0.0394938702253139,-4.98551100933048e-08,0.0143439385320262,-8.69188995033484e-06,444.292248296237,439.919415773075,435.495410795937,439.919378411883
2.675,0,0,-0.305236695126317,-1.04874373055122e-08,0.999764766801821,-1.77081843860693e-05,-0.000816134086439152,0.0406263455721852,-5.01019987619902e-08,0.0143411140241174,-8.67219036568165e-06,444.315792058635,439.918844808945,435.47080239531,439.918807195281
2.676,0,0,-0.305224143183191,-1.05489778856309e-08,0.999764984421202,-1.85038271935548e-05,-0.000774977027612067,0.0416734534643045,-5.03443006390144e-08,0.0143371169688402,-8.65251816687435e-06,444.337291722949,439.918294385511,435.44830485444,439.918256543593
2.677,0,0,-0.305211450665312,-1.06112411518259e-08,0.999765199738679,-1.92578037534001e-05,-0.000732815993470786,0.042634133482608,-5.05819551320949e-08,0.0143319415339006,-8.63287107976949e-06,444.35679684889,439.917764126738,435.427867070906,439.917726080143
2.678,0,0,-0.305198617623677,-1.06742215726041e-08,0.999765412737273,-1.99691534599425e-05,-0.000689737872020213,0.0435074933967634,-5.08149056125515e-08,0.0143255824244302,-8.61324688886027e-06,444.374356089926,439.917253667821,435.409438873492,439.917215439494
2.679,0,0,-0.305185644120882,-1.07379135679231e-08,0.999765623400895,-2.06370030136056e-05,-0.000645830359407662,0.0442928091190203,-5.10430993580495e-08,0.0143180348698831,-8.59364343866171e-06,444.390017207534,439.916762654754,435.392971007862,439.916724267021
2.68,0,0,-0.305172530231162,-1.08023115096798e-08,0.999765831714323,-2.12605671450158e-05,-0.000601181791931089,0.0449895243518398,-5.12664874932188e-08,0.0143092946111744,-8.57405863486602e-06,444.403827085264,439.916290743919,435.378415122414,439.916252218502
2.681,0,0,-0.305159276040434,-1.08674097222166e-08,0.999766037663189,-2.18391491713546e-05,-0.000555880978551294,0.0455972499329964,-5.14850249283526e-08,0.0142993578880537,-8.55449044528349e-06,444.415831742594,439.915837601687,435.365723754323,439.91579895971
2.682,0,0,-0.305145881646338,-1.09332024828427e-08,0.999766241233961,-2.23721413856008e-05,-0.000510017034208552,0.0461157628823536,-5.16986702963171e-08,0.0142882214267118,-8.53493690058317e-06,444.426076348601,439.915402904029,435.354850315759,439.915364166034
2.683,0,0,-0.305132347158265,-1.09996840223718e-08,0.999766442413926,-2.2859025279614e-05,-0.000463679214239686,0.0465450051550224,-5.19073858878764e-08,0.0142758824276163,-8.51539609484718e-06,444.434605235432,439.914986336146,435.345749080287,439.9149475221
2.684,0,0,-0.305118672697386,-1.10668485256745e-08,0.999766641191178,-2.32993716023079e-05,-0.000416956750186654,0.0468850821060977,-5.21111375855703e-08,0.0142623385535728,-8.4958661859515e-06,444.441461911585,439.9145875921,435.338375169436,439.914548721411
2.685,0,0,-0.305104858396676,-1.11346901322447e-08,0.999766837554599,-2.3692840254447e-05,-0.000369938687282259,0.0471362606726422,-5.23098947963002e-08,0.0142475879180073,-8.47634539578564e-06,444.446689075011,439.914206374471,435.332684539458,439.914167465993
2.686,0,0,-0.305090904400931,-1.12032029367808e-08,0.999767031493849,-2.40391800218839e-05,-0.000322713723892723,0.0472989672790476,-5.2503630382759e-08,0.0142316290734676,-8.45683201032295e-06,444.450328626018,439.913842394011,435.328633968243,439.91380346606
2.687,0,0,-0.305076810866784,-1.12723809897789e-08,0.999767222999352,-2.4338228149332e-05,-0.000275370053190484,0.0473737854723468,-5.26923205938529e-08,0.0142144610003387,-8.43732437955244e-06,444.452421680001,439.913495369324,435.326181042417,439.913456439685
2.688,0,0,-0.305062577962715,-1.134221829814e-08,0.999767412062283,-2.4589909757038e-05,-0.00022799520732381,0.0473614532944744,-5.28759449942536e-08,0.014196083095771,-8.41782091728283e-06,444.453008579989,439.913165026542,435.325284144608,439.913126112481
2.689,0,0,-0.305048205869056,-1.14127088257888e-08,0.999767598674557,-2.47942371029802e-05,-0.000180675904342608,0.0472628603988898,-5.30544863931845e-08,0.0141764951628145,-8.3983201008286e-06,444.452128909013,439.912851099022,435.325902440876,439.912812217297
2.69,0,0,-0.305033694777993,-1.14838464943046e-08,0.999767782828816,-2.49513086934762e-05,-0.000133497898132187,0.0470790449193615,-5.32279307725853e-08,0.0141556973997602,-8.37882047058759e-06,444.449821502294,439.912553327052,435.327995868315,439.912514493919
2.691,0,0,-0.305019044893567,-1.15556251835627e-08,0.999767964518421,-2.50613082453299e-05,-8.65458315987747e-05,0.0468111900990926,-5.33962672147573e-08,0.0141336903896804,-8.35932062951889e-06,444.446124459269,439.912271457561,435.331525122814,439.912232688789
2.692,0,0,-0.305004256431664,-1.16280387323879e-08,0.999768143737438,-2.51245035028892e-05,-3.99030933421833e-05,0.0464606206887188,-5.35594878295939e-08,0.0141104750901698,-8.33981924252954e-06,444.441075155429,439.912005243845,435.336451646987,439.911966554721
2.693,0,0,-0.30498932962001,-1.17010809392168e-08,0.99976832048063,-2.51412449136138e-05,6.34832195762867e-06,0.0460287991220491,-5.37175876815026e-08,0.0140860528232793,-8.32031503577797e-06,444.434710254001,439.911754445298,435.342737618261,439.911715850641
2.694,0,0,-0.304974264698155,-1.17747455627711e-08,0.999768494743447,-2.51119641659782e-05,5.21279492224295e-05,0.0455173214787357,-5.38705647161188e-08,0.0140604252656435,-8.30080679590159e-06,444.427065717456,439.911518827157,435.350345937125,439.911480341323
2.695,0,0,-0.304959061917458,-1.18490263227397e-08,0.999768666522018,-2.50371725937455e-05,9.7356984517659e-05,0.0449279132433568,-5.40184196869133e-08,0.0140335944387962,-8.28129336917582e-06,444.418176818851,439.911298160252,435.359240215535,439.911259797147
2.696,0,0,-0.304943721541069,-1.19239169004695e-08,0.999768835813137,-2.49174594508528e-05,0.000141958412255719,0.044262424870673,-5.41611560817654e-08,0.0140055626996718,-8.26177366061092e-06,444.408078153013,439.911092220764,435.369384765481,439.911053993849
2.697,0,0,-0.304928243843902,-1.19994109396653e-08,0.999769002614263,-2.47534900613417e-05,0.000185857127871773,0.0435228271670753,-5.42987800496e-08,0.0139763327312892,-8.24224663299328e-06,444.396803647561,439.910900789995,435.380744587702,439.9108627123
2.698,0,0,-0.304912629112614,-1.20755020470973e-08,0.999769166923502,-2.45460038489507e-05,0.000228980055793346,0.0427112064984761,-5.44313003271633e-08,0.0139459075336165,-8.22271130587672e-06,444.384386573761,439.910723654145,435.393285360561,439.910685738271
2.699,0,0,-0.304896877645569,-1.2152183793316e-08,0.999769328739605,-2.42958122511633e-05,0.0002712562625354,0.0418297598351121,-5.45587281660178e-08,0.0139142904146112,-8.20316675452972e-06,444.370859557236,439.910560604094,435.406973429067,439.910522862227
2.7,0,0,-0.304880989752814,-1.22294497133747e-08,0.99976948806196,-2.40037965226633e-05,0.000312617064763093,0.0408807896439185,-5.46810772597964e-08,0.0138814849814357,-8.18361210884353e-06,444.356254588514,439.910411435195,435.421775794048,439.910373879112
2.701,0,0,-0.304864965756036,-1.23072933075587e-08,0.99976964489058,-2.36709054333054e-05,0.000352996132175215,0.0398666986393077,-5.47983636718406e-08,0.0138474951318428,-8.16404655220633e-06,444.340603033426,439.910275947074,435.437660101476,439.910238588151
2.702,0,0,-0.304848805988529,-1.23857080421204e-08,0.9997697992261,-2.32981528658493e-05,0.000392329585072165,0.0387899844033353,-5.49106057632312e-08,0.0138123250457307,-8.14446932034785e-06,444.323935643351,439.910153943436,435.454594631936,439.910116792658
2.703,0,0,-0.304832510795152,-1.24646873500208e-08,0.999769951069767,-2.28866153188364e-05,0.00043055608648342,0.0376532338863659,-5.50178241213054e-08,0.0137759791768626,-8.12487970015889e-06,444.306282565313,439.910045231881,435.472548290239,439.910008299847
2.704,0,0,-0.304816080532283,-1.25442246316767e-08,0.999770100423435,-2.2437429320107e-05,0.00046761692874059,0.036459117799457,-5.51200414887069e-08,0.0137384622447501,-8.10527702848989e-06,444.287673351936,439.90994962372,435.491490595183,439.909912920654
2.705,0,0,-0.304799515567777,-1.26243132557121e-08,0.999770247289554,-2.19517887565646e-05,0.000503456114393423,0.0352103849097676,-5.52172826930168e-08,0.0136997792266959,-8.08566069093208e-06,444.268136971245,439.909866933809,435.511391669453,439.909830469563
2.706,0,0,-0.304782816280912,-1.27049465597159e-08,0.999770391671168,-2.14309421258916e-05,0.000538020431377464,0.03390985625036,-5.53095745770046e-08,0.0136599353499946,-8.0660301205851e-06,444.247701816332,439.909796980378,435.532222229667,439.909760764443
2.707,0,0,-0.304765983062346,-1.27861178510025e-08,0.999770533571905,-2.08761897160052e-05,0.000571259522353471,0.0325604192558082,-5.53969459295797e-08,0.0136189360842886,-8.04638479681404e-06,444.226395714875,439.909739584873,435.55395357655,439.909703626386
2.708,0,0,-0.304749016314052,-1.28678204073774e-08,0.999770672995971,-2.0288880718117e-05,0.000603125948150103,0.0311650218350468,-5.54794274174453e-08,0.0135767871340759,-8.02672424399939e-06,444.204245938526,439.909694571801,435.576557585262,439.909658879553
2.709,0,0,-0.304731916449276,-1.29500474779062e-08,0.999770809948144,-1.96704102793225e-05,0.000633575245252843,0.0297266663928962,-5.55570515175107e-08,0.0135334944313682,-8.00704803028241e-06,444.18127921215,439.909661768587,435.600006695846,439.909626351026
2.71,0,0,-0.304714683892465,-1.3032792283687e-08,0.999770944433766,-1.90222165006981e-05,0.000662565977293547,0.0282484038116777,-5.56298524501286e-08,0.0134890641284958,-7.98735576630879e-06,444.15752172294,439.909641005427,435.624273903824,439.90960587067
2.711,0,0,-0.304697319079218,-1.31160480186257e-08,0.999771076458739,-1.83457773869227e-05,0.000690059780506387,0.0267333274042945,-5.56978661131423e-08,0.0134435025910584,-7.96764710397313e-06,444.132999129388,439.909632115155,435.649332750918,439.90959727099
2.712,0,0,-0.304679822456218,-1.31998078502139e-08,0.999771206029516,-1.76426077534708e-05,0.00071602140312733,0.0251845668500898,-5.57611300167993e-08,0.0133968163910168,-7.94792173516634e-06,444.107736570136,439.909634933111,435.675157315904,439.909600387007
2.713,0,0,-0.304662194481169,-1.32840649203095e-08,0.999771333153096,-1.69142560974387e-05,0.000740418738725547,0.0236052821247155,-5.58196832195521e-08,0.0133490122999268,-7.92817939052831e-06,444.081758672683,439.909649297016,435.701722205601,439.90961505613
2.714,0,0,-0.304644435622728,-1.33688123459185e-08,0.999771457837017,-1.6162301438075e-05,0.000763222853466337,0.0219986574351408,-5.58735662647887e-08,0.0133000972823087,-7.90841983820764e-06,444.055089561974,439.909675046854,435.729002545983,439.909641118034
2.715,0,0,-0.304626546360441,-1.34540432199796e-08,0.99977158008935,-1.53883501330776e-05,0.000784408007316226,0.0203678951708134,-5.59228211185029e-08,0.0132500784891537,-7.88864288263038e-06,444.027752868857,439.909712024752,435.756973973423,439.909678414546
2.716,0,0,-0.30460852718467,-1.35397506121494e-08,0.999771699918694,-1.45940326767065e-05,0.000803951669211838,0.0187162098818435,-5.59674911079147e-08,0.0131989632515628,-7.86884836327934e-06,443.999771738419,439.909760074876,435.785612626058,439.909726789537
2.717,0,0,-0.304590378596522,-1.36259275695883e-08,0.999771817334166,-1.37810004857323e-05,0.00082183452622493,0.0170468222949266,-5.60076208610869e-08,0.0131467590745169,-7.84903615348553e-06,443.971168838193,439.90981904332,435.814895135285,439.909786088812
2.718,0,0,-0.304572101107773,-1.37125671177484e-08,0.999771932345399,-1.29509226792048e-05,0.000838040486766628,0.0153629533775425,-5.60432562475331e-08,0.0130934736307749,-7.82920615923317e-06,443.94196636625,439.909888778009,435.844798617372,439.909856160015
2.719,0,0,-0.304553695240799,-1.37996622611607e-08,0.999772044962533,-1.2105482857975e-05,0.000852556677884304,0.0136678184607778,-5.60744443198514e-08,0.0130391147548997,-7.80935831797947e-06,443.912186059165,439.909969128599,435.8753006652,439.909936852524
2.72,0,0,-0.304535161528494,-1.38872059842232e-08,0.999772155196211,-1.12463758898487e-05,0.000865373436714838,0.0119646214309076,-5.61012332563888e-08,0.0129836904374065,-7.78949259749033e-06,443.881849199866,439.910059946388,435.906379340117,439.910028017368
2.721,0,0,-0.304516500514193,-1.39751912519884e-08,0.999772263057569,-1.03753047061778e-05,0.000876484296167967,0.0102565489996463,-5.61236723049314e-08,0.0129272088190354,-7.76960899469311e-06,443.85097662537,439.910161084228,435.938013163914,439.910129507131
2.722,0,0,-0.304497712751594,-1.40636110109508e-08,0.999772368558233,-9.49397711561852e-06,0.000885885964923262,0.00854676506273467,-5.61418117274511e-08,0.0128696781851424,-7.74970753454726e-06,443.819588734398,439.910272396439,435.970181110919,439.910241175876
2.723,0,0,-0.304478798804674,-1.41524581898336e-08,0.999772471710312,-8.60410264069843e-06,0.000893578301833796,0.00683840515627582,-5.61557027459187e-08,0.0128111069602099,-7.72978826893374e-06,443.787705494881,439.910393738729,436.00286260021,439.910362879055
2.724,0,0,-0.30445975924761,-1.42417257003747e-08,0.999772572526391,-7.70738938273315e-06,0.000899564284838836,0.00513457101995574,-5.61653974891782e-08,0.0127515037024718,-7.70985127556396e-06,443.75534645135,439.910524968121,436.036037487932,439.910494473444
2.725,0,0,-0.304440594664693,-1.43314064381109e-08,0.999772671019525,-6.80554092053048e-06,0.000903849974496905,0.0034383252760035,-5.61709489408842e-08,0.0126908770986539,-7.68989665690888e-06,443.722530732217,439.910665942878,436.069686059743,439.91063581706
2.726,0,0,-0.304421305650244,-1.44214932831618e-08,0.999772767203233,-5.90025324820134e-06,0.000906444472259248,0.00175268623244331,-5.61724108885241e-08,0.0126292359588259,-7.66992453914888e-06,443.689277056949,439.910816522433,436.103789023356,439.910786769102
2.727,0,0,-0.304401892808526,-1.45119791010111e-08,0.999772861091489,-4.99321175727392e-06,0.000907359873612138,8.06228188808096e-05,-5.61698378735085e-08,0.0125665892113629,-7.64993507114481e-06,443.655603743128,439.910976567329,436.138327501203,439.910947189876
2.728,0,0,-0.304382356753658,-1.46028567432866e-08,0.999772952698719,-4.08608826817461e-06,0.000906611216224562,-0.00157495033725883,-5.61632851423405e-08,0.0125029458980162,-7.62992842343078e-06,443.621528713414,439.911145939151,436.173283023206,439.91111694074
2.729,0,0,-0.30436269810953,-1.46941190485376e-08,0.999773042039795,-3.18053811599865e-06,0.000904216423245532,-0.00321117768645779,-5.61528085988683e-08,0.0124383151690897,-7.60990478722897e-06,443.587069502391,439.91132450047,436.208637519649,439.911295884043
2.73,0,0,-0.304342917509704,-1.47857588430106e-08,0.999773129130023,-2.27819729534582e-06,0.000900196241902719,-0.00482526737755986,-5.61384647576045e-08,0.0123727062787211,-7.58986437348672e-06,443.552243263324,439.911512114788,436.244373314167,439.911483883069
2.731,0,0,-0.304323015597334,-1.48777689414219e-08,0.999773213985142,-1.38067966884094e-06,0.000894574177561163,-0.0064144957160699,-5.61203106981225e-08,0.0123061285802657,-7.56980741193619e-06,443.517066774802,439.911708646485,436.280473116833,439.911680801983
2.732,0,0,-0.304302993025068,-1.4970142147728e-08,0.999773296621315,-4.89574243797023e-07,0.000887376423407475,-0.0079762114537802,-5.60984040205255e-08,0.0122385915217808,-7.54973415017681e-06,443.481556447283,439.911913960768,436.316920017351,439.911886505786
2.733,0,0,-0.304282850454957,-1.50628712558922e-08,0.999773377055124,3.93557478689983e-07,0.00087863178593134,-0.00950783990357837,-5.60728028019726e-08,0.0121701046416095,-7.52964485278049e-06,443.445728329546,439.912127923629,436.353697478353,439.912100860263
2.734,0,0,-0.304262588558363,-1.51559490506495e-08,0.99977345530356,1.26718407810028e-06,0.000868371606382033,-0.0110068868736708,-5.6043565554265e-08,0.0121006775640621,-7.50953980041989e-06,443.40959811504,439.912350401792,436.390789328796,439.912323731942
2.735,0,0,-0.304242208015862,-1.52493683082665e-08,0.999773531384019,2.12980670836957e-06,0.000856629678383262,-0.0124709424158435,-5.6010751182491e-08,0.0120303199951921,-7.4894192890195e-06,443.373181148135,439.912581262684,436.42817975746,439.912554988052
2.736,0,0,-0.304221709517153,-1.53431217972988e-08,0.999773605314295,2.97996150754072e-06,0.000843442161894826,-0.0138976843827729,-5.59744189447149e-08,0.0119590417186677,-7.46928362892989e-06,443.336492430278,439.912820374385,436.465853306545,439.912794496485
2.737,0,0,-0.304201093760959,-1.54372022793449e-08,0.999773677112572,3.81622191963085e-06,0.000828847493714366,-0.0152848817898002,-5.59346284126999e-08,0.0118868525917338,-7.44913314412464e-06,443.299546626063,439.913067605599,436.503794865363,439.913042125759
2.738,0,0,-0.30418036145493,-1.55316025097952e-08,0.99977374679742,4.63720092535241e-06,0.000812886294716873,-0.0166303979769815,-5.58914394336615e-08,0.0118137625412663,-7.42896817142031e-06,443.262358069198,439.913322825618,436.541989664133,439.913297744984
2.739,0,0,-0.30415951331555,-1.5626315238578e-08,0.999773814387783,5.44155317852647e-06,0.000795601274033594,-0.0179321935676345,-5.58449120930426e-08,0.0117397815599142,-7.40878905971893e-06,443.224940768383,439.913585904289,436.580423267864,439.913561223831
2.74,0.00219910776741874,0,-0.304138550068035,-1.57213332109009e-08,0.999773879902978,6.22797704523008e-06,0.000777037130375572,-0.0191883292200109,-5.57951066782971e-08,0.0116649197023298,-7.38859616927317e-06,443.187308413106,439.913856711989,436.619081570336,439.913832432502
2.741,0.0166811171793368,0,-0.304117472446235,-1.58166491679904e-08,0.999773943362773,6.9952165429261e-06,0.000757240450710194,-0.0203969681691331,-5.57420839058144e-08,0.0115891871376839,-7.36838987566423e-06,443.148232829355,439.914148948717,436.659232021668,439.914125080148
2.742,0.0311538308050362,0,-0.304096281192525,-1.59122558478526e-08,0.999774004788239,7.742063177034e-06,0.00073625960650191,-0.0215563785562481,-5.56859074138372e-08,0.0115125946810727,-7.34817061723223e-06,443.10082899297,439.91453859095,436.707970792365,439.914515194639
2.743,0.0456050754477739,0,-0.304074977057675,-1.60081459860854e-08,0.999774064203736,8.46735767261238e-06,0.000714144647730582,-0.0226649355437619,-5.56266498599769e-08,0.0114351550708515,-7.32793901938762e-06,443.045376118053,439.915021296277,436.764994573427,439.91499843101
2.744,0.0600226761878001,0,-0.304053560800719,-1.61043123166923e-08,0.999774121637183,9.16999159903824e-06,0.000690947194902907,-0.0237211232139325,-5.55643942549412e-08,0.0113568832104809,-7.30769594190228e-06,442.982154509863,439.915592751393,436.82999954219,439.915570473393
2.745,0.0743944666554599,0,-0.304032033188818,-1.62007475729489e-08,0.999774177119812,9.84890888578466e-06,0.00066672032927382,-0.0247235362500101,-5.549923377407e-08,0.0112777960911342,-7.28744249779194e-06,442.91144546339,439.91624867389,436.902681507564,439.916227036815
2.746,0.088708299327035,0,-0.304010394997096,-1.6297444488335e-08,0.999774230685936,1.05031072276156e-05,0.000641518481495937,-0.0256708813989213,-5.54312715097171e-08,0.0111979127141256,-7.26718006764354e-06,442.833531158033,439.916984814215,436.982736056835,439.916963869152
2.747,0.102952055834777,0,-0.303988647008452,-1.63943957975257e-08,0.999774282372724,1.11316393777353e-05,0.000615397318915753,-0.0265619787150056,-5.53606201695783e-08,0.01111725401319,-7.24691030967035e-06,442.748694548466,439.917796957786,437.069858703875,439.917776753251
2.748,0.117113657282258,0,-0.303966790013365,-1.64915942374388e-08,0.99977433222,1.17336143276487e-05,0.000588413631735643,-0.0273957625847124,-5.52874017260025e-08,0.0110358427766511,-7.22663516577297e-06,442.657219251751,439.918680927241,437.163745038578,439.91866150918
2.749,0.131181074556379,0,-0.303944824809666,-1.65890325483315e-08,0.999774380270039,1.23081983727077e-05,0.000560625218260561,-0.0281712825325697,-5.52117470211729e-08,0.0109537035695092,-7.20635686387983e-06,442.559389430755,439.919632584822,437.26409087734,439.919613996609
2.75,0.145142338627232,0,-0.303922752202307,-1.66867034749449e-08,0.999774426567386,1.28546160625375e-05,0.000532090769447867,-0.0288877038091307,-5.51337953329296e-08,0.010870862655485,-7.18607791683571e-06,442.455489673976,439.920647834853,437.370592414424,439.920630117297
2.751,0.15898555082692,0,-0.303900573003102,-1.67845997676886e-08,0.999774471158676,1.33721510357555e-05,0.000502869752977772,-0.0295443077619962,-5.50536939058547e-08,0.0107873479190544,-7.16580111810186e-06,442.345804871841,439.921722626316,437.48294637403,439.921705817667
2.752,0.172698893098597,0,-0.303878288030455,-1.68827141838632e-08,0.999774514092475,1.38601467386107e-05,0.000473022297060623,-0.0301404919913925,-5.49715974521633e-08,0.0107031887875115,-7.1455295345259e-06,442.230620089583,439.922852955509,437.600850162907,439.92283709146
2.753,0.186270638206787,0,-0.303855898109079,-1.69810394889159e-08,0.999774555419116,1.43180070273879e-05,0.000442609074195567,-0.0306757702921669,-5.48876676267526e-08,0.0106184161530955,-7.12526649643436e-06,442.110220436804,439.92403486875,437.724002023337,439.924019982451
2.754,0.199689159900155,0,-0.303833404069688,-1.70795684577244e-08,0.999774595190553,1.47451966546361e-05,0.00041169118509311,-0.0311497723844307,-5.4802072480598e-08,0.0105330622952186,-7.10501558529484e-06,441.984890933818,439.925264465137,437.85210118633,439.925250587203
2.755,0.212942943017937,0,-0.303810806748688,-1.71782938759057e-08,0.999774633460224,1.51412416394877e-05,0.000380330042971627,-0.0315622434354437,-5.47149858965966e-08,0.0104471608028344,-7.08478061918921e-06,441.854916374912,439.926537899331,437.98484802487,439.92652505786
2.756,0.22602059353106,0,-0.303788106987849,-1.72772085411448e-08,0.999774670282918,1.55057295225483e-05,0.000348587258435163,-0.0319130433756902,-5.46265870117077e-08,0.0103607464969841,-7.06456563633294e-06,441.720581188633,439.927851384362,438.121944207055,439.927839604946
2.757,0.238910848509212,0,-0.303765305633961,-1.73763052645414e-08,0.999774705714646,1.58383095060407e-05,0.000316524525136702,-0.0322021460124416,-5.45370596291427e-08,0.0102738553535581,-7.04437487686962e-06,441.582169295245,439.92920119442,438.263092848975,439.929190500166
2.758,0.251602586005099,0,-0.30374240353849,-1.74755768719686e-08,0.999774739812528,1.61386924800875e-05,0.000284203506427625,-0.0324296379444367,-5.44465916241249e-08,0.0101865244263151,-7.02421276316313e-06,441.43996396149,439.930583667645,438.407998667176,439.930574079193
2.759,0.264084834847028,0,-0.303719401557208,-1.75750162054415e-08,0.999774772634678,1.64066509362196e-05,0.000251685723190298,-0.0325957172816389,-5.43553743466037e-08,0.0100987917701949,-7.00408387880344e-06,441.294247652805,439.93199520888,438.556368130565,439.931986744428
2.76,0.276346784331161,0,-0.303696300549827,-1.76746161244912e-08,0.999774804240097,1.66420187693887e-05,0.000219032443046597,-0.0327006921743452,-5.42636020241023e-08,0.0100106963649675,-6.98399294653508e-06,441.145301883141,439.933432292387,438.707909611614,439.933424967712
2.761,0.288377793804769,0,-0.303673101379619,-1.77743695075424e-08,0.999774834688578,1.6844690969955e-05,0.000186304571130747,-0.032744979156225,-5.4171471167666e-08,0.00992227803925662,-6.96394480531053e-06,440.99340706256,439.934891464499,438.862333536719,439.934885292988
2.762,0.300167402131815,0,-0.303649804913021,-1.78742692532893e-08,0.999774864040603,1.70146232073073e-05,0.00015356254261014,-0.0327291013061648,-5.40791799837323e-08,0.00983357739497886,-6.94394438666329e-06,440.838842342757,439.936369346213,439.019352535575,439.93636433889
2.763,0.311705337032413,0,-0.303626412019242,-1.7974308282069e-08,0.999774892357258,1.71518313069517e-05,0.000120866217132775,-0.0326536862340725,-5.39869277945196e-08,0.00974463573223907,-6.92399669058849e-06,440.6818854607,439.937862635697,439.178681589451,439.937858801256
2.764,0.322981524287633,0,-0.303602923569858,-1.80744795372277e-08,0.999774919700144,1.72563906230838e-05,8.82747753746528e-05,-0.0325194638960669,-5.38949144693367e-08,0.00965549497472192,-6.90410676111104e-06,440.522812580553,439.939368110704,439.34003817821,439.939365455543
2.765,0.333986096801187,0,-0.303579340438405,-1.81747759864781e-08,0.999774946131293,1.7328435308829e-05,5.58466178549429e-05,-0.0323272642447359,-5.38033398690457e-08,0.00956619759562084,-6.88427966171387e-06,440.361898134077,439.940882630889,439.503142425985,439.940881159144
2.766,0.344709403509882,0,-0.303555663499957,-1.82751906232449e-08,0.999774971713095,1.73681574864984e-05,2.36392661808883e-05,-0.0320780147203893,-5.37124033056522e-08,0.0094767865441449,-6.86452045079113e-06,440.199414659695,439.942403140004,439.667717245355,439.94240285359
2.767,0.355142018134432,0,-0.303531893630712,-1.83757164679967e-08,0.999774996508217,1.73758063203711e-05,-8.29073312159029e-06,-0.0317727375894645,-5.36223030188784e-08,0.0093873051726443,-6.84483415728295e-06,440.035632640415,439.943926667977,439.833488479938,439.943927566626
2.768,0.36527474776263,0,-0.303508031707563,-1.84763465695606e-08,0.99977502057953,1.73516869946615e-05,-3.9887902041922e-05,-0.0314125471364603,-5.35332356713312e-08,0.00929779716439531,-6.82522575664087e-06,439.870820340821,439.945450332854,440.000185045272,439.945452414161
2.769,0.375098641256856,0,-0.303484078607675,-1.85770740064189e-08,0.999775043990046,1.72961595994807e-05,-7.10979216403452e-05,-0.0309986467159779,-5.34453958636942e-08,0.00920830646208498,-6.80570014726447e-06,439.705243643318,439.946971342605,440.167539067882,439.946974602068
2.77,0.384604997478068,0,-0.303460035208051,-1.86778918879859e-08,0.999775066802845,1.72096379277388e-05,-0.000101867719588274,-0.0305323256716383,-5.33589756711946e-08,0.00911887719703634,-6.78626212754169e-06,439.539165883862,439.948486996775,440.335286022438,439.948491427844
2.771,0.393785373318506,0,-0.303435902385101,-1.87787933558614e-08,0.999775089081012,1.70925881860686e-05,-0.000132145554563905,-0.03001495612882,-5.32741642024051e-08,0.00902955361921406,-6.76691637361719e-06,439.37284768737,439.949994687987,440.503164866905,439.950000282112
2.772,0.402631591535492,0,-0.303411681014208,-1.8879771585061e-08,0.999775110887575,1.69455276229778e-05,-0.000161881097380431,-0.0294479896683216,-5.3191147181251e-08,0.00894038002805086,-6.74766741800433e-06,439.206546803032,439.951491903279,440.670918175579,439.951498649959
2.773,0.411135748378837,0,-0.303387371969298,-1.89808197852209e-08,0.999775132285444,1.67690230775547e-05,-0.000191025508731391,-0.028832953888203,-5.31101065529435e-08,0.00885140070413417,-6.72851962914853e-06,439.040517939745,439.952976225275,440.83829226995,439.95298411211
2.774,0.419290221004601,0,-0.3033629761224,-1.90819312017762e-08,0.99977515333735,1.65636894521655e-05,-0.000219531513445024,-0.0281714488611866,-5.3031220114364e-08,0.00876265984179268,-6.70947719204061e-06,438.875012601881,439.954445333186,441.00503734728,439.954454345928
2.775,0.427087674667931,0,-0.303338494343219,-1.91830991171105e-08,0.999775174105789,1.63301881126852e-05,-0.000247353471146924,-0.0274651434951203,-5.29546611692911e-08,0.00867420148262165,-6.69054408997104e-06,438.710278925621,439.955897003633,441.170907606838,439.955907126244
2.776,0.434521069688037,0,-0.303313927498699,-1.9284316851677e-08,0.999775194652965,1.60692252199003e-05,-0.000274447443237856,-0.0267157718041053,-5.28805982086728e-08,0.00858606944998591,-6.67172408750681e-06,438.546561516069,439.957329111296,441.335661373706,439.957340325999
2.777,0.44158366817846,0,-0.303289276452599,-1.93855777650894e-08,0.999775215040734,1.57815499958128e-05,-0.00030077125610123,-0.0259251290979778,-5.28091946160406e-08,0.00849830728453845,-6.65302071476474e-06,438.38410128538,439.958739629377,441.499061220088,439.958751916716
2.778,0.448269040535908,0,-0.303264542065063,-1.94868752571815e-08,0.99977523533055,1.54679529286539e-05,-0.000326284560462467,-0.0250950680979075,-5.27406083979852e-08,0.00841095818079262,-6.63443725304642e-06,438.223135292114,439.960126629882,441.660874084066,439.960139968777
2.779,0.454571071681287,0,-0.303239725192197,-1.95882027690351e-08,0.999775255583408,1.51292639204926e-05,-0.000350948886830275,-0.0242274949859336,-5.26749919395138e-08,0.00832406492478506,-6.61597672189146e-06,438.063896582057,439.961488283725,441.820871385726,439.961502651532
2.78,0.460483967046524,0,-0.303214826685653,-1.96895537839755e-08,0.999775275859796,1.47663503813873e-05,-0.000374727696957713,-0.0233243653962996,-5.26124917839748e-08,0.0082376698328659,-6.59764186759777e-06,437.906614030716,439.962822860638,441.978829140605,439.962838233207
2.781,0.466002258301131,0,-0.303189847392208,-1.97909218285337e-08,0.999775296219638,1.43801152740906e-05,-0.000397586431268768,-0.0223876803564783,-5.25532484371107e-08,0.0081518146916525,-6.579435153249e-06,437.751512187726,439.964128728912,442.134528070408,439.964145080647
2.782,0.471120808812634,0,-0.303164788153361,-1.98923004733751e-08,0.999775316722245,1.39714951133632e-05,-0.000419492552204096,-0.0214194821857916,-5.24973961947211e-08,0.00806654069918195,-6.56135875028148e-06,437.598811123382,439.965404354943,442.287753710935,439.965421658861
2.783,0.475834818835147,0,-0.303139649804924,-1.99936833341939e-08,0.999775337426259,1.35414579239999e-05,-0.000440415583447479,-0.0204218503595251,-5.24450629933133e-08,0.00798188840729718,-6.5434145316147e-06,437.44872627752,439.96664830261,442.43829651718,439.966666530405
2.784,0.480139830420626,0,-0.303114433176629,-2.00950640725735e-08,0.999775358389605,1.30910011617011e-05,-0.000460327145002427,-0.0193968973464277,-5.23963702830352e-08,0.00789789766530057,-6.52560406636172e-06,437.301468310971,439.967859232471,442.585951965553,439.96787835457
2.785,0.484031732047545,0,-0.303089139091733,-2.01964363968114e-08,0.999775379669439,1.26211496009524e-05,-0.000479200984096249,-0.0183467644274503,-5.23514329221106e-08,0.00781460756490857,-6.50792861612816e-06,437.157242959785,439.969035900788,442.730520653188,439.969055886415
2.786,0.487506762961974,0,-0.303063768366639,-2.02977940627097e-08,0.999775401322095,1.21329531940939e-05,-0.000497013001896736,-0.0172736175035381,-5.23103590919391e-08,0.00773205638653955,-6.4903891329007e-06,437.016250892464,439.970177158385,442.87180839429,439.970197975621
2.787,0.490561517226266,0,-0.303038321810517,-2.03991308743296e-08,0.999775423403036,1.16274849057681e-05,-0.000513741276034407,-0.0161796429002308,-5.22732502319573e-08,0.00765028154696675,-6.47298625851886e-06,436.878687570394,439.971281949339,443.009626313505,439.97130356518
2.788,0.493192947470762,0,-0.303012800224941,-2.05004406847117e-08,0.999775445966802,1.11058385269446e-05,-0.000529366078930953,-0.0150670431767556,-5.22402009933231e-08,0.00756931954836707,-6.45572032571665e-06,436.744743111685,439.972349309516,443.143790936259,439.972371689938
2.789,0.495398368344216,0,-0.302987204403526,-2.06017173965587e-08,0.999775469066959,1.05691264727087e-05,-0.000543869891942197,-0.0139380329472107,-5.22112992104337e-08,0.00748920592879576,-6.43859136071353e-06,436.614602158626,439.973378364955,443.274124276048,439.973401474971
2.79,0.497175459658876,0,-0.302961535131585,-2.07029549628844e-08,0.99977549275605,1.00184775679944e-05,-0.000557237415331411,-0.0127948347213423,-5.21866258892782e-08,0.00740997521411596,-6.42159908732777e-06,436.488443748953,439.974368330103,443.400453918648,439.974392133823
2.791,0.498522269226361,0,-0.302935793185786,-2.08041473876254e-08,0.999775517085541,9.45503482541879e-06,-0.000569455574096294,-0.0116396747723048,-5.21662552115919e-08,0.0073316608714113,-6.40474293257843e-06,436.366441191107,439.975318505918,443.522613103213,439.97534296661
2.792,0.499437215380805,0,-0.302909979333828,-2.09052887262175e-08,0.999775542105775,8.87995321935099e-06,-0.000580513519680233,-0.0104747790386745,-5.21502545537712e-08,0.00725429526390863,-6.38802203373637e-06,436.248761943686,439.976228277834,443.640440800249,439.97625335798
2.793,0.499919089185928,0,-0.302884094334118,-2.10063730861359e-08,0.999775567865918,8.29439746031149e-06,-0.000590402627605682,-0.00930236906784758,-5.21386845195267e-08,0.00717790960743727,-6.37143524677853e-06,436.135567499267,439.977097113609,443.753781786423,439.977122774964
2.794,0.499967056323019,0,-0.302858138935472,-2.11073946273992e-08,0.999775594413911,7.69953977375897e-06,-0.000599116491074552,-0.0081246580078126,-5.21315989852311e-08,0.00710253392844962,-6.35498115619413e-06,436.027013272768,439.977924561057,443.862486716192,439.977950764708
2.795,0.499580658657032,0,-0.302832113876815,-2.12083475630377e-08,0.99977562179642,7.09655768727189e-06,-0.000606650910587411,-0.00694384665412436,-5.21290451569152e-08,0.00702819702362766,-6.33865808608615e-06,435.923248494522,439.978710245671,443.966412190237,439.978736952091
2.796,0.498759815478301,0,-0.302806019886899,-2.13092261595244e-08,0.999775650058784,6.48663183007733e-06,-0.000613003879640044,-0.00576211955874134,-5.21310636379131e-08,0.00695492642109808,-6.32246411250652e-06,435.824416108228,439.979453868156,444.065420820665,439.979481037262
2.797,0.497504824417653,0,-0.302779857684036,-2.1410024737171e-08,0.999775679244971,5.87094374881774e-06,-0.000618175566562485,-0.00458164120720768,-5.21376885061802e-08,0.00688274834327818,-6.30639707695852e-06,435.730652673933,439.980155201873,444.159381292967,439.980182793078
2.798,0.495816362032951,0,-0.302753627975838,-2.15107376704865e-08,0.999775709397522,5.25067374337787e-06,-0.000622168292572042,-0.00340455227047234,-5.21489474003173e-08,0.00681168767137358,-6.29045460099571e-06,435.642088276193,439.980814090201,444.248168424714,439.980842062472
2.799,0.493695484065417,0,-0.302727331458976,-2.16113593884998e-08,0.999775740557511,4.62699872651955e-06,-0.000624986506117999,-0.00223296593743918,-5.21648616133757e-08,0.00674176791154721,-6.27463410184267e-06,435.55884643756,439.981430443841,444.331663220954,439.981458755747
2.8,0.491143625364345,0,-0.302700968818945,-2.17118843750452e-08,0.999775772764491,4.00109011099133e-06,-0.000626636753601696,-0.00106896433413381,-5.21854461935557e-08,0.00667301116277845,-6.25893280895914e-06,435.481044037514,439.982004238052,444.409752926308,439.982032847823
2.801,0.488162599479096,0,-0.30267454072985,-2.18123071690123e-08,0.99977580605645,3.37411172769329e-06,-0.000627127646561467,8.5404964843637e-05,-5.22107100509394e-08,0.00660543808642993,-6.24334778146573e-06,435.408791236993,439.982535509852,444.482331073728,439.982564375424
2.802,0.484754597917598,0,-0.302648047854203,-2.19126223645576e-08,0.999775840469764,2.74721777838511e-06,-0.000626469825417434,0.00122813232713497,-5.22406560694702e-08,0.00653906787753803,-6.22787592634664e-06,435.342191408615,439.983024355173,444.549297529894,439.983053434241
2.803,0.480922189070794,0,-0.302621490842735,-2.20128246112807e-08,0.999775876039152,2.12155082632779e-06,-0.000624675919876546,0.00235724935049784,-5.22752812234147e-08,0.00647391823784247,-6.21251401734202e-06,435.281341072713,439.983470925993,444.610558537238,439.983500176062
2.804,0.476668316802856,0,-0.302594870334221,-2.21129086143624e-08,0.999775912797632,1.49823982814654e-06,-0.000621760506103288,0.00347083204276423,-5.23145766975711e-08,0.0064100053505688,-6.19725871444053e-06,435.226329839292,439.983875427453,444.666026752555,439.983904805883
2.805,0.471996298707211,0,-0.302568186955321,-2.22128691346662e-08,0.999775950776476,8.7839821009428e-07,-0.000617740060766378,0.0045670038891576,-5.23585280106059e-08,0.00634734385697637,-6.18210658388079e-06,435.177240355995,439.984238114967,444.715621282179,439.984267579025
2.806,0.466909824028764,0,-0.302541441320439,-2.23127009888025e-08,0.999775990005173,2.6312199178285e-07,-0.000612632912076336,0.0056439388024948,-5.24071151408599e-08,0.0062859468346834,-6.16705411856887e-06,435.13414826216,439.98455929134,444.759267713704,439.984588798242
2.807,0.461412951252981,0,-0.302514634031591,-2.24123990491552e-08,0.999776030511382,-3.46512039668384e-07,-0.000606459187933173,0.0066998639520571,-5.24603126540853e-08,0.00622582577777913,-6.15209775881801e-06,435.097122149067,439.984839303892,444.796898144205,439.984868810853
2.808,0.455510105362772,0,-0.302487765678294,-2.25119582438715e-08,0.999776072320897,-9.49448102237857e-07,-0.000599240761307544,0.00773306246717818,-5.2518089832591e-08,0.00616699057873221,-6.13723391331594e-06,435.066223526414,439.985078541616,444.828451204939,439.985108005893
2.809,0.449206074764496,0,-0.30246083683747,-2.26113735568129e-08,0.999776115457608,-1.54465313565784e-06,-0.00059100119298249,0.00874187601186428,-5.25804108053387e-08,0.00610944951210275,-6.1224589802249e-06,435.041506795116,439.985277432366,444.853872082493,439.985306811303
2.81,0.442506007884592,0,-0.302433848073362,-2.27106400274703e-08,0.999776159943465,-2.13111845954685e-06,-0.000581765671786481,0.00972470722703404,-5.26472346785637e-08,0.00605320922006459,-6.10776936831944e-06,435.023019226451,439.985436440088,444.873112536332,439.985465691157
2.811,0.435415409438719,0,-0.302406799937469,-2.28097527508393e-08,0.999776205798447,-2.70786137057645e-06,-0.00057156095245173,0.0106800220372408,-5.27185156665501e-08,0.00599827469974267,-6.09316151806758e-06,435.010800947616,439.985556062101,444.886130912728,439.985585142951
2.812,0.427940136375579,0,-0.302379692968499,-2.29087068772598e-08,0.999776253040524,-3.27392667636591e-06,-0.000560415291234742,0.0116063518190183,-5.27942032222236e-08,0.00594464929236942,-6.07863192256153e-06,435.004884933725,439.98563682645,444.892892155015,439.985665694941
2.813,0.420086393497876,0,-0.302352527692336,-2.3007497612216e-08,0.999776301685632,-3.82838816393672e-06,-0.000548358379438799,0.012502295428272,-5.28742421672975e-08,0.00589233467426246,-6.06417714820545e-06,435.005297006261,439.985679289313,444.893367810138,439.985707903562
2.814,0.411860728763131,0,-0.302325304622019,-2.31061202160999e-08,0.999776351747645,-4.37035000069959e-06,-0.000535421274980488,0.0133665210844208,-5.29585728217122e-08,0.00584133084962483,-6.04979385506911e-06,435.012055838028,439.985684032499,444.887536031453,439.985712350921
2.815,0.403270028267491,0,-0.302298024257749,-2.32045700039361e-08,0.999776403238345,-4.89894806609009e-06,-0.000521636332144573,0.0141977681092776,-5.30471311321486e-08,0.00579163614516746,-6.03547881681815e-06,435.025172964586,439.985651661027,444.875381577734,439.985679642371
2.816,0.394321510915772,0,-0.302270687086896,-2.33028423450696e-08,0.999776456167405,-5.41335121211417e-06,-0.000507037129673343,0.0149948485189427,-5.31398487994611e-08,0.00574324720655231,-6.0212289401338e-06,435.044652802179,439.985582800795,444.856895808335,439.985610404186
2.817,0.38502272278145,0,-0.302243293584041,-2.34009326628153e-08,0.999776510542364,-5.91276245121171e-06,-0.000491658397338168,0.0157566484672698,-5.32366534048796e-08,0.0056961589966533,-6.00704128353743e-06,435.07049267216,439.985478096349,444.832076674472,439.985505281327
2.818,0.375381531160574,0,-0.30221584421102,-2.34988364340705e-08,0.999776566368611,-6.39642006999483e-06,-0.000475535941142307,0.0164821295397469,-5.33374685348496e-08,0.00565036479563068,-5.99291307553806e-06,435.102682831875,439.985338208762,444.800928706557,439.985364935318
2.819,0.365406118323648,0,-0.30218833941699,-2.35965491888896e-08,0.999776623649372,-6.86359866756713e-06,-0.000458706567304993,0.017170329896923,-5.34422139044289e-08,0.00560585620281334,-5.97884173202398e-06,435.141206512002,439.985163813618,444.763462997562,439.985190042233
2.82,0.355104974970229,0,-0.302160779638511,-2.36940665100226e-08,0.999776682385693,-7.31361011728037e-06,-0.00044120800517758,0.0178203652667898,-5.35508054791858e-08,0.00556262314038188,-5.96482487282328e-06,435.186039960299,439.984955599115,444.719697182323,439.984981290796
2.821,0.344486893390858,0,-0.302133165299648,-2.37913840324156e-08,0.999776742576436,-7.74580445093647e-06,-0.00042307882924297,0.0184314297858132,-5.36631555955215e-08,0.00552065385884418,-5.95086033736126e-06,435.23715249172,439.984714264286,444.669655412776,439.984739380602
2.822,0.333560960341452,0,-0.302105496812082,-2.38884974426759e-08,0.999776804218271,-8.1595706645935e-06,-0.000404358380349703,0.0190027966885851,-5.37791730793887e-08,0.00547993494429375,-5.93694619934727e-06,435.294506544862,439.984440517349,444.613368329032,439.984465020468
2.823,0.32233654963557,0,-0.302077774575241,-2.39854024785007e-08,0.999776867305671,-8.55433744528625e-06,-0.000385086686332001,0.0195338188463448,-5.38987633634041e-08,0.0054404513274396,-5.9230807804271e-06,435.358057744668,439.984135074176,444.550873026261,439.984158926898
2.824,0.310823314460079,0,-0.302049998976454,-2.40820949280695e-08,0.999776931830917,-8.92957381812269e-06,-0.000365304382166641,0.0200239291548913,-5.40218286022998e-08,0.00540218629439531,-5.90926266274165e-06,435.427754971335,439.983798656903,444.482213017325,439.983821822697
2.825,0.299031179420195,0,-0.302022170391105,-2.41785706294027e-08,0.999776997784099,-9.28478971336833e-06,-0.000345052629816906,0.0204726407726777,-5.41482677867134e-08,0.00536512149921329,-5.89549070033754e-06,435.503540435341,439.98343199266,444.407438191104,439.983454435695
2.826,0.286970332320063,0,-0.301994289182822,-2.42748254696846e-08,0.999777065153125,-9.61953645328033e-06,-0.000324373037912924,0.0208795472101432,-5.42779768553485e-08,0.00532923697814901,-5.88176402937944e-06,435.585349758524,439.983035812445,444.326604766463,439.983057497625
2.827,0.27465121568525,0,-0.301966355703665,-2.43708553845531e-08,0.999777133923729,-9.93340715860198e-06,-0.000303307581416509,0.0212443222716021,-5.44108488054661e-08,0.00529451116563867,-5.86808207711962e-06,435.673112061109,439.982610850123,444.239775241808,439.98263174312
2.828,0.262084518033908,0,-0.301938370294344,-2.44666563573555e-08,0.999777204079491,-1.02260370747754e-05,-0.000281898521417202,0.0215667198512602,-5.45467738016989e-08,0.00526092091197208,-5.85444456958479e-06,435.766750054601,439.982157841568,444.147018340172,439.982177908852
2.829,0.249281164903482,0,-0.301910333284438,-2.45622244183728e-08,0.999777275601848,-1.04971038180763e-05,-0.000260188325204471,0.0218465735851846,-5.4685639283216e-08,0.00522844150264169,-5.84085153794607e-06,435.866180140426,439.981677523928,444.048408949799,439.981696732802
2.83,0.236252309640236,0,-0.301882244992645,-2.46575556440113e-08,0.999777348470122,-1.0746327542019e-05,-0.000238219586759119,0.0220837963612926,-5.48273300691969e-08,0.00519704667934677,-5.82730332354276e-06,435.971312514223,439.981170635034,443.944028060151,439.981188953659
2.831,0.22300932395895,0,-0.301854105727035,-2.47526461559641e-08,0.999777422661543,-1.09734710245207e-05,-0.000216034947804741,0.0222783796896687,-5.49717284626268e-08,0.00516670866263071,-5.81380058153683e-06,436.08205127566,439.980637912926,443.833962693309,439.980655310356
2.832,0.20956378828047,0,-0.301825915785322,-2.48474921203422e-08,0.999777498151275,-1.11783396764557e-05,-0.000193677019557653,0.0224303929357453,-5.51187143523669e-08,0.00513739817612812,-5.80034428317984e-06,436.198294543657,439.98008009552,443.718305830726,439.980096541729
2.833,0.195927481855057,0,-0.301797675455154,-2.49420897467772e-08,0.999777574912458,-1.13607814723649e-05,-0.00017118830531106,0.022539982419113,-5.52681653134879e-08,0.00510908447239675,-5.78693571668038e-06,436.319934576878,439.97949792039,443.597156335275,439.979513386298
2.834,0.182112372679665,0,-0.301769385014409,-2.50364352874953e-08,0.999777652916234,-1.15206868042225e-05,-0.000148611123986376,0.0226073703809384,-5.54199567058413e-08,0.00508173536030822,-5.77357648666528e-06,436.446857899358,439.978892124675,443.470618868563,439.978906582179
2.835,0.168130607217357,0,-0.301741044731515,-2.5130525036365e-08,0.999777732131795,-1.16579882592914e-05,-0.000125987534781493,0.0226328538231826,-5.55739617708057e-08,0.00505531723397001,-5.76026851223388e-06,436.578945431125,439.978263445103,443.338803803486,439.978276867099
2.836,0.153994499927667,0,-0.30171265486578,-2.52243553279188e-08,0.999777812526425,-1.17726603232287e-05,-0.000103359263042529,0.0226168032230112,-5.57300517261802e-08,0.00502979510315009,-5.74701402361011e-06,436.716072623663,439.977612618125,443.201827131971,439.977624978537
2.837,0.139716522616409,0,-0.301684215667729,-2.53179225363502e-08,0.999777894065547,-1.18647190097255e-05,-8.07676274820839e-05,0.0225596611259842,-5.58880958591758e-08,0.00500513262517392,-5.73381555740317e-06,436.858109600066,439.976940380154,443.059810367909,439.976951653956
2.838,0.125309293614066,0,-0.301655727379465,-2.54112230744872e-08,0.999777976712776,-1.19342214180888e-05,-5.82534688633494e-05,0.0224619406217964,-5.60479616174385e-08,0.00498129213826262,-5.72067595049278e-06,437.004921299719,439.976247467911,442.912880445227,439.976257631151
2.839,0.110785566791899,0,-0.301627190235039,-2.55042533927437e-08,0.999778060429975,-1.19812652202884e-05,-3.58570802655675e-05,0.0223242237065177,-5.62095146980354e-08,0.00495823469627964,-5.70759833256107e-06,437.156367627343,439.975534618857,442.761169611109,439.975543648678
2.84,0.0961582204249923,0,-0.301598604460828,-2.55970099780495e-08,0.999778145177312,-1.2005988079106e-05,-1.36181390422877e-05,0.0221471595354506,-5.63726191343554e-08,0.00493592010485209,-5.69458611729818e-06,437.312303606233,439.974802571718,442.604815314345,439.974810446377
2.841,0.0814402459119105,0,-0.301569970275928,-2.56894893527605e-08,0.999778230913322,-1.20085669991349e-05,8.42435942031441e-06,0.0219314625708775,-5.65371373808528e-08,0.00491430695883153,-5.68164299231446e-06,437.472579535521,439.974052067084,442.443960088808,439.974058765975
2.842,0.0666447363605762,0,-0.301541287892566,-2.57816880735507e-08,0.999778317594978,-1.19892176124803e-05,3.02321660421511e-05,0.0216779106291257,-5.6702930395589e-08,0.00489335268105803,-5.66877290779718e-06,437.637041151278,439.97328384809,442.278751432052,439.973289351758
2.843,0.0517848750501381,0,-0.301512557516512,-2.58736027302863e-08,0.999778405177753,-1.19481934011138e-05,5.17678403865536e-05,0.0213873428315097,-5.68698577204983e-08,0.00487301356239002,-5.65598006395486e-06,437.805529791271,439.972498661147,442.10934167906,439.972502951308
2.844,0.0368739237790207,0,-0.301483779347507,-2.59652299448841e-08,0.999778493615698,-1.18857848579306e-05,7.29948109024369e-05,0.0210606574638485,-5.70377775593137e-08,0.00485324480296114,-5.64326889729731e-06,437.977882563199,439.971697256743,441.935887871143,439.971700316296
2.845,0.0219252111091078,0,-0.301454953579706,-2.60565663701552e-08,0.999778582861515,-1.18023185886496e-05,9.38774329822689e-05,0.0206988097493682,-5.72065468531197e-08,0.00483400055462447,-5.63064406580424e-06,438.153932516213,439.97088039028,441.758551620024,439.970882203321
2.846,0.00695212051640523,0,-0.301426080402123,-2.61476086886346e-08,0.999778672866639,-1.16981563567822e-05,0.000114381044751684,0.0203028095399172,-5.73760213534868e-08,0.00481523396454314,-5.61811043303982e-06,438.333508815531,439.970048822957,441.577498967133,439.970049374792
2.847,0,0,-0.301397159999093,-2.62383536113991e-08,0.999778763581315,-1.15736940739797e-05,0.000134472020511555,0.019873718930514,-5.75460556931732e-08,0.00479689721988546,-5.6056730512752e-06,438.516436919943,439.969203322675,441.392900238166,439.969202599828
2.848,0,0,-0.301368192550736,-2.63287978768625e-08,0.999778854955058,-1.14293607381432e-05,0.00015411782175841,0.0194126498023451,-5.77165036413328e-08,0.00477894179889254,-5.59333706256228e-06,438.6979965741,439.968365428121,441.209601533959,439.96836344417
2.849,0,0,-0.301339178233428,-2.64189382495253e-08,0.999778946938506,-1.12656173217524e-05,0.000173287045714228,0.0189207612994038,-5.78872191157706e-08,0.0047613195030197,-5.58110730007946e-06,438.874230600664,439.967552984555,441.031673364829,439.967549775637
2.85,0,0,-0.301310117220258,-2.65087715187551e-08,0.999779039484993,-1.10829556129376e-05,0.000191949471301892,0.0183992572440333,-5.80580571888183e-08,0.0047439833714971,-5.568987955676e-06,439.045245443192,439.966765218576,440.859009466431,439.966760820237
2.851,0,0,-0.301281009681494,-2.65982944976544e-08,0.99977913255072,-1.08818970118769e-05,0.000210076102507843,0.0178493834966959,-5.82288744356211e-08,0.00472688783377448,-5.55698255644668e-06,439.211145778081,439.966001388232,440.691505292172,439.965995835428
2.852,0,0,-0.301251855785031,-2.66875040219909e-08,0.999779226094601,-1.06629912851608e-05,0.000227639209078859,0.0172724252653395,-5.83995291032283e-08,0.00470998868176516,-5.54509401058288e-06,439.372034540155,439.96526078172,440.529057989524,439.965254108825
2.853,0,0,-0.301222655696819,-2.6776396949177e-08,0.999779320078114,-1.04268152808116e-05,0.00024461236450525,0.0166697043697687,-5.85698812640806e-08,0.00469324304254625,-5.53332465081653e-06,439.528012947939,439.964542716144,440.371566376619,439.964534956944
2.854,0,0,-0.301193409581292,-2.68649701572982e-08,0.999779414465169,-1.01739716066954e-05,0.000260970481248191,0.0160425764664596,-5.87397929550092e-08,0.00467660935150851,-5.52167627556509e-06,439.679180528638,439.96384653631,440.218930919128,439.963837724013
2.855,0,0,-0.301164117601773,-2.69532205441875e-08,0.999779509221967,-9.90508727509987e-06,0.000276689843174364,0.0153924282392728,-5.89091283027863e-08,0.00466004732594941,-5.51015018788126e-06,439.825635142805,439.963171613578,440.071053707423,439.963161780813
2.856,0,0,-0.301134779920867,-2.70411450265447e-08,0.999779604316885,-9.62081231628676e-06,0.000291748135166537,0.014720674561527,-5.90777536371855e-08,0.0046435179391033,-5.49874723230689e-06,439.967473008717,439.96251734476,439.927838434008,439.962506523581
2.857,0,0,-0.30110539670085,-2.71287405390991e-08,0.99977969972035,-9.32181836385725e-06,0.000306124469884176,0.0140287556348965,-5.92455375924263e-08,0.00462698339460219,-5.48746782972664e-06,440.104788726442,439.961883151053,439.789190371222,439.96187137294
2.858,0,0,-0.301075968104037,-2.72160040338139e-08,0.99977979540473,-9.00879721479031e-06,0.000319799411653638,0.0133181341105792,-5.94123511978392e-08,0.0046104071013612,-5.47631201031305e-06,440.237675301622,439.961268477023,439.655016349212,439.961255772887
2.859,0,0,-0.301046494293143,-2.73029324791299e-08,0.999779891344228,-8.68245936703249e-06,0.000332754997472924,0.0125902921981637,-5.95780679585154e-08,0.00459375364888251,-5.46527944465074e-06,440.366224168944,439.960672789625,439.52522473417,439.96065918981
2.86,0,0,-0.301016975431626,-2.73895228592489e-08,0.999779987514778,-8.34353253752996e-06,0.000344974755121403,0.0118467287675909,-5.97425639266447e-08,0.00457698878297172,-5.45436947312423e-06,440.490525215337,439.96009557726,439.399725406825,439.960081111547
2.861,0,0,-0.300987411684033,-2.74757721734532e-08,0.999780083893953,-7.99276016360036e-06,0.000356443718370282,0.0110889564495645,-5.99057177641906e-08,0.0045600793818609,-5.44358113365012e-06,440.61066680286,439.959536348871,439.2784297412,439.959521046483
2.862,0,0,-0.300957803216316,-2.75616774354611e-08,0.999780180460873,-7.63089989054345e-06,0.000367148439294912,0.0103184987397139,-6.00674107975256e-08,0.0045429934327322,-5.43291318783103e-06,440.726735791312,439.958994633079,439.161250583613,439.95897852268
2.863,0,0,-0.300928150196151,-2.76472356728172e-08,0.999780277196116,-7.25872204838622e-06,0.000377076997695333,0.00953688711175473,-6.02275270645766e-08,0.00452570000863645,-5.42236414560577e-06,440.83881756055,439.958469977339,439.048102231941,439.958453087045
2.864,0,0,-0.30089845279324,-2.77324439263146e-08,0.999780374081644,-6.87700812064863e-06,0.000386219007636631,0.00874565814482284,-6.03859533550059e-08,0.00450816924580089,-5.4119322884668e-06,440.946996032526,439.957961947149,438.938900415121,439.957944304526
2.865,0,0,-0.300868711179608,-2.78172992494501e-08,0.999780471100719,-6.48654920800239e-06,0.000394565621125844,0.00794635067007929,-6.05425792439289e-08,0.00449037232132045,-5.40161569131321e-06,441.051353693039,439.957470125268,438.833562272901,439.957451757343
2.866,0,0,-0.30083892552988,-2.79017987079088e-08,0.999780568237835,-6.08814448967567e-06,0.000402109528947205,0.00714050294160002,-6.06972971196089e-08,0.00447228143122695,-5.39141224300477e-06,441.151971613206,439.956994110986,438.732006335834,439.956975044245
2.867,0,0,-0.30080909602156,-2.79859393790786e-08,0.999780665478648,-5.6825996854324e-06,0.000408844958682467,0.00632964983646807,-6.08500022055593e-08,0.00445386976893072,-5.3813196656794e-06,441.248929470659,439.956533519405,438.634152505505,439.956513779804
2.868,0,0,-0.30077922283529,-2.80697183515931e-08,0.999780762809912,-5.27072552092584e-06,0.000414767669947934,0.00551532008888469,-6.10005925774257e-08,0.00443511150402927,-5.37133553289426e-06,441.34230557046,439.956087980758,438.539922035002,439.956067593724
2.869,0,0,-0.300749306155105,-2.8153132724901e-08,0.999780860219415,-4.85333619919169e-06,0.000419874946884578,0.00469903356300564,-6.11489691750376e-08,0.00441598176147748,-5.36145728664784e-06,441.432176865755,439.95565713975,438.449237509614,439.955636130191
2.87,0,0,-0.300719346168678,-2.82361796088624e-08,0.999780957695925,-4.43124788100771e-06,0.000424165587942272,0.00388229856909141,-6.12950358099356e-08,0.00439645660111411,-5.35168225333799e-06,441.518618978142,439.955240654932,438.362022827766,439.955219047237
2.871,0,0,-0.300689343067555,-2.83188561233696e-08,0.999781055229134,-4.00527717680323e-06,0.000427639893003696,0.00306660922743562,-6.14386991687292e-08,0.00437651299753942,-5.34200765870862e-06,441.601706217787,439.954838198085,438.278203182182,439.954816016137
2.872,0,0,-0.300659297047381,-2.84011593979924e-08,0.999781152809605,-3.57623965275425e-06,0.000430299647897871,0.00225344288440407,-6.15798688125639e-08,0.00435612882033857,-5.33243064183536e-06,441.68151160326,439.954449453645,438.197705041264,439.954426720821
2.873,0,0,-0.300629208308114,-2.84830865716469e-08,0.999781250428728,-3.14494835364782e-06,0.000432148106357543,0.0014442575847789,-6.17184571729514e-08,0.00433528281464586,-5.32294826819848e-06,441.758106881121,439.954074118138,438.120456130711,439.95405085732
2.874,0,0,-0.300599077054241,-2.85646347922864e-08,0.999781348078669,-2.71221234504293e-06,0.000433189969478753,0.00064048960445785,-6.18543795442451e-08,0.00431395458204462,-5.31355754188918e-06,441.831562545237,439.953711899644,438.046385415349,439.95368813322
2.875,0,0,-0.300568903494971,-2.86458012166142e-08,0.999781445752331,-2.27883527719499e-06,0.00043343136274492,-0.000156448952591719,-6.19875540729985e-08,0.00429212456179789,-5.30425541699328e-06,441.901947855846,439.953362517277,437.97542308118,439.953338267154
2.876,0,0,-0.300538687844429,-2.87265830098174e-08,0.999781543443311,-1.84561397314646e-06,0.00043287981068157,-0.00094517248938053,-6.21179017444163e-08,0.00426977401240487,-5.29503880819461e-06,441.969330858365,439.95302570069,437.907500517651,439.953000988296
2.877,0,0,-0.300508430321845,-2.88069773453202e-08,0.999781641145863,-1.4133370433186e-06,0.000431544209211514,-0.00172432417936438,-6.22453463661143e-08,0.00424688499347827,-5.2859046006384e-06,442.033778401942,439.952701189595,437.842550300139,439.952676035888
2.878,0,0,-0.300478131151723,-2.88869814045578e-08,0.999781738854865,-9.82783528867378e-07,0.000429434795783784,-0.00249257815491432,-6.23698145493886e-08,0.00422344034793796,-5.27684965909319e-06,442.095356157768,439.952388733308,437.78050617264,439.952363158781
2.879,0,0,-0.300447790564012,-2.89665923767677e-08,0.999781836565779,-5.54721575991724e-07,0.000426563117352952,-0.0032486416175447,-6.24912356881819e-08,0.00419942368451585,-5.26787083644816e-06,442.154128637129,439.952088090302,437.721303030682,439.952062114992
2.88,0,0,-0.30041740879427,-2.90458074588003e-08,0.999781934274627,-1.29907143304208e-07,0.000422941996288633,-0.00399125686682861,-6.26095419359016e-08,0.00417481936056766,-5.25896498158103e-06,442.210159209223,439.951799027788,437.66487690443,439.951772671283
2.881,0,0,-0.300386986083814,-2.91246238549462e-08,0.999782031977954,2.90917255707277e-07,0.000418585494297937,-0.00471920324510938,-6.27246681802609e-08,0.00414961246518676,-5.25012894663025e-06,442.263510118734,439.951521321305,437.611164942012,439.95149460275
2.882,0,0,-0.300356522679866,-2.92030387767808e-08,0.999782129672805,7.07023773182297e-07,0.000413508874446454,-0.00543129899529876,-6.28365520163149e-08,0.00412378880261557,-5.24135959370349e-06,442.314242503162,439.951254754333,437.560105393037,439.951227692436
2.883,0,0,-0.300326018835696,-2.92810494430255e-08,0.9997822273567,1.11770040849755e-06,0.000407728561365951,-0.00612640302923836,-6.29451337177948e-08,0.00409733487595009,-5.23265380105314e-06,442.36241640992,439.950999117913,437.51163759232,439.950971730956
2.884,0,0,-0.300295474810751,-2.93586530794239e-08,0.999782325027604,1.52225214921528e-06,0.000401262099739408,-0.00680341660428875,-6.30503562069093e-08,0.00407023787113302,-5.22400846874817e-06,442.408090813199,439.950754210288,437.46570194381,439.95072651613
2.885,0,0,-0.300264890870782,-2.94358469186342e-08,0.999782422683908,1.92000206969393e-06,0.000394128111156256,-0.00746128490600143,-6.31521650227281e-08,0.00404248564123122,-5.21542052387013e-06,442.451323630598,439.950519836559,437.422239904712,439.950491852645
2.886,0,0,-0.300234267287965,-2.95126282001362e-08,0.999782520324407,2.31029238577872e-06,0.00038634624943272,-0.00809899853492153,-6.32505082882532e-08,0.00401406669099299,-5.20688692526001e-06,442.492171739525,439.950295808348,437.381193969802,439.950267551718
2.887,0,0,-0.300203604341009,-2.95889941701519e-08,0.999782617948282,2.69248546408527e-06,0.000377937154494036,-0.00871559489576336,-6.33453366763082e-08,0.00398497016168118,-5.19840466784143e-06,442.530690993378,439.950081943484,437.342507655942,439.950053430775
2.888,0,0,-0.300172902315269,-2.96649420815813e-08,0.999782715555075,3.06596478448734e-06,0.000368922404916966,-0.00931015948739645,-6.34366033743372e-08,0.00395518581617766,-5.18997078654433e-06,442.566936237493,439.949878065691,437.306125486788,439.949849313149
2.889,0,0,-0.300142161502842,-2.97404691939507e-08,0.999782813144679,3.43013585451883e-06,0.000359324469232494,-0.00988182709227612,-6.35242640482331e-08,0.00392470402435512,-5.18158235985223e-06,442.600961324882,439.949684004299,437.271992977679,439.949655027785
2.89,0,0,-0.300111382202663,-2.98155727733742e-08,0.999782910717315,3.78442707450066e-06,0.000349166656089872,-0.0104297828641499,-6.36082768052679e-08,0.00389351574871217,-5.17323651299521e-06,442.632819131742,439.94949959396,437.240056620726,439.949470408955
2.891,0,0,-0.300080564720593,-2.98902500925282e-08,0.999783008273522,4.12829055230494e-06,0.000338473063384228,-0.010953263313068,-6.36886021562285e-08,0.00386161253026748,-5.16493042080936e-06,442.662561572759,439.949324674376,437.210263870079,439.949295295989
2.892,0,0,-0.300049709369503,-2.99644984306379e-08,0.99978310581414,4.4612028667714e-06,0.000327268526450848,-0.0114515571869227,-6.37652029768399e-08,0.00382898647470923,-5.15666131028294e-06,442.690239616187,439.949159090041,437.182563127385,439.949129533018
2.893,0,0,-0.300018816469352,-3.00383150734756e-08,0.999783203340295,4.78266577889471e-06,0.0003155785654299,-0.0119240062489393,-6.38380444685494e-08,0.00379563023879571,-5.14842646280807e-06,442.715903298729,439.949002689992,437.156903727423,439.948972968718
2.894,0,0,-0.299987886347256,-3.01116973133707e-08,0.999783300853391,5.0922068900052e-06,0.000303429331905858,-0.0123700059507348,-6.39070941187466e-08,0.00376153701700334,-5.14022321615607e-06,442.739601740199,439.948855327569,437.133235923926,439.94882545608
2.895,0,0,-0.29995691933756,-3.01846424492308e-08,0.999783398355096,5.3893802462698e-06,0.000290847554926173,-0.0127890060007564,-6.39723216605047e-08,0.00372670052841818,-5.13204896619383e-06,442.761383157987,439.948716860187,437.111510875579,439.948686852173
2.896,0,0,-0.299925915781895,-3.02571477865737e-08,0.999783495847328,5.67376688894502e-06,0.000277860486503821,-0.0131805108281041,-6.4033699031885e-08,0.0036911150038672,-5.12390116835737e-06,442.781294881313,439.948587149119,437.091680632196,439.948557017932
2.897,0,0,-0.299894876029235,-3.03292106375697e-08,0.999783593332252,5.94497534991784e-06,0.00026449584670826,-0.013544079941932,-6.40912003349008e-08,0.00365477517328556,-5.11577733889832e-06,442.799383365291,439.948466059281,437.07369812107,439.948435817941
2.898,0,0,-0.299863800435954,-3.04008283210942e-08,0.999783690812264,6.20264209217531e-06,0.000250781768449049,-0.0138793281868119,-6.41448017941767e-08,0.00361767625331623,-5.10767505591807e-06,442.81569420478,439.948353459036,437.057517133507,439.948323120237
2.899,0,0,-0.299832689365865,-3.04719981627903e-08,0.999783788289987,6.44643189494735e-06,0.000236746742055891,-0.014185925894629,-6.41944817153673e-08,0.00357981393513828,-5.09959196020363e-06,442.830272148054,439.948249219996,437.043092311519,439.948218796115
2.9,0,0,-0.299801543190269,-3.05427174951406e-08,0.999783885768258,6.67603818337075e-06,0.000222419559758203,-0.0144635989337617,-6.42402204433941e-08,0.00354118437252033,-5.0915257558786e-06,442.843161110272,439.948153216844,437.030379134695,439.948122719944
2.901,0,0,-0.299770362287989,-3.06129836575487e-08,0.999783983250125,6.89118330262523e-06,0.000207829260166494,-0.0147121286564779,-6.4282000320544e-08,0.00350178417009555,-5.08347421088191e-06,442.854404186756,439.948065327153,437.019333907245,439.948034768989
2.902,0,0,-0.299739147045405,-3.06827939964291e-08,0.999784080738839,7.09161873659395e-06,0.000193005072856773,-0.0149313517456566,-6.4319805644493e-08,0.00346161037185481,-5.07543515728638e-06,442.86404366608,439.947985431218,437.009913745206,439.947954823245
2.903,0,0.390337044932402,-0.299707897856484,-3.07521458653065e-08,0.999784178237843,7.27712527120171e-06,0.000232346275787098,0.309616011688594,-6.43536226262784e-08,0.0034206604498544,-5.06740649146846e-06,442.872121042982,439.947913411896,437.002076563812,439.947882765275
2.904,0,0.553325087011553,-0.299676807019361,-3.08210366251481e-08,0.999784275746944,7.68647397505564e-06,0.000608218796861319,0.440930182253412,-6.43874598973266e-08,0.00337972957426133,-5.05939536467108e-06,443.032088142314,439.947763426468,436.838395648114,439.947731297224
2.905,0,0.709477369777143,-0.299646051540112,-3.08894636454957e-08,0.999784373248183,8.53610256158391e-06,0.00111161092931312,0.564465510824917,-6.44248720066537e-08,0.0033395188779986,-5.05141397921786e-06,443.250053421744,439.94759175251,436.614220587482,439.947557578525
2.906,0,0.857663965831762,-0.29961573585151,-3.09574243047803e-08,0.999784470705139,9.94945579847723e-06,0.00173419233807648,0.679137379181829,-6.44678006640101e-08,0.00330040556164194,-5.04347785819356e-06,443.521456500644,439.947401972975,436.333750731029,439.947365232616
2.907,0,0.996859724230932,-0.299585959071039,-3.10249159903192e-08,0.999784568061678,1.20411245048163e-05,0.00246660441515605,0.783974997782053,-6.45180219316446e-08,0.0032627299577099,-5.03560932102079e-06,443.84144974907,439.947197563053,436.001577310469,439.947157778352
2.908,0,1.12615096858961,-0.299556814314498,-3.10919360981954e-08,0.999784665240535,1.49158752781039e-05,0.00329857731074218,0.878127596040728,-6.45771395678802e-08,0.00322679393863863,-5.02783804290892e-06,444.204952562588,439.946981856188,435.622635675602,439.946938595519
2.909,0,1.24474096757418,-0.299528388084227,-3.11584820329705e-08,0.999784762143143,1.86678001317953e-05,0.00421905250689518,0.960869314334577,-6.46465789063615e-08,0.0031928597146813,-5.02020114440956e-06,444.606704924278,439.946758018106,435.202154247801,439.946710898361
2.91,0,1.35195415994135,-0.299500759735611,-3.12245512072465e-08,0.999784858650641,2.33795909344352e-05,0.00521630962907853,1.03160278694721,-6.47275815026346e-08,0.00316114902211326,-5.0127428495251e-06,445.041319847333,439.946529028422,434.745600668545,439.946477716674
2.911,0,1.44723912836443,-0.299474001024691,-3.12901410410953e-08,0.999784954625888,2.91219422334976e-05,0.00627809618631649,1.08986141767912,-6.48212007691327e-08,0.00313184269842924,-5.00551376305175e-06,445.503334351015,439.946297669175,434.258625692712,439.94624188384
2.912,0,1.53017032809917,-0.299448175738863,-3.13552489613787e-08,0.999785049916347,3.59530847407014e-05,0.00739175893858594,1.13531036200549,-6.49282987966568e-08,0.00310508063766969,-4.99856982762296e-06,445.987258676029,439.946066519485,433.747005443906,439.946006030989
2.913,0,1.60044858794496,-0.29942333941183,-3.14198724009833e-08,0.999785144357646,4.39184504631001e-05,0.00854437560982128,1.16774624134024,-6.50495445285867e-08,0.00308096211564127,-4.99197102804727e-06,446.487623492283,439.945837955391,433.216582707919,439.945772586348
2.914,0,1.65790041191321,-0.299399539123123,-3.14840087979982e-08,0.999785237777621,5.30504691972801e-05,0.00972288569608465,1.18709562610515,-6.51854134167635e-08,0.00305954647162924,-4.98577991489178e-06,446.99902489271,439.94561415386,432.67320798717,439.945543778774
2.915,0,1.70247612037872,-0.299376813381744,-3.1547655594863e-08,0.999785330000659,6.33684948736818e-05,0.010914219160451,1.19341233477601,-6.53361886483634e-08,0.00304085413026123,-4.98006002083708e-06,447.516167001484,439.945397099919,432.122681070466,439.945321644431
2.916,0,1.73424687924247,-0.299355192092663,-3.16108102375158e-08,0.999785420852118,7.48788590548491e-05,0.0121054218582734,1.1868736058521,-6.55019639938591e-08,0.00302486794449339,-4.9748742422014e-06,448.033902054056,439.945188595887,431.570693886148,439.945108035581
2.917,0,1.7534006746527,-0.299334696604194,-3.16734701745667e-08,0.999785510162677,8.75750477650871e-05,0.0132837765979988,1.16777520866127,-6.56826482892207e-08,0.0030115348382683,-4.97028325437687e-06,448.547267830387,439.944990271708,431.022775400893,439.944904630507
2.918,0,1.76023729911883,-0.299315339833548,-3.17356328565229e-08,0.999785597772411,0.000101437996768524,0.014436918812758,1.13652556706248,-6.58779715323785e-08,0.00300076772525031,-4.96634402399713e-06,449.05152234222,439.944803595522,430.484239300286,439.944712943685
2.919,0,1.75516242227761,-0.299297126467206,-3.17972957350858e-08,0.999785683534473,0.00011643649942607,0.0155529458957029,1.09363897732651,-6.60874925451696e-08,0.00299244767818922,-4.96310847279442e-06,449.542175690716,439.94462988367,429.960135141151,439.944534335437
2.92,0,1.73868082615883,-0.299280053232145,-3.18584562625385e-08,0.99978576731824,0.000132527720356477,0.0166205193365799,1.03972800777968,-6.63106081276819e-08,0.00298642632190015,-4.96062233869744e-06,450.015019023011,439.944470309514,429.455203600727,439.944370020421
2.921,0,1.7113888904856,-0.299264109233388,-3.19191118912357e-08,0.99978584901184,0.000149657807308895,0.0176289588873568,0.97549517313146,-6.654656361185e-08,0.00298252842157918,-4.9589242691998e-06,450.466150525752,439.94432591059,428.973836366618,439.944221074485
2.922,0,1.67396641828055,-0.299249276352846,-3.19792600732017e-08,0.999785928523995,0.000167762592929403,0.0185683280798928,0.901723980730961,-6.67944647043865e-08,0.00298055463719914,-4.95804517084888e-06,450.891998401161,439.944197593775,428.520041117059,439.944088439588
2.923,0,1.62716789586422,-0.299235529703984,-3.20388982598417e-08,0.999786005785139,0.000186768377476135,0.0194295105176366,0.81926944933757,-6.70532904951012e-08,0.00298028441404405,-4.9580078273255e-06,451.289340777221,439.944086138333,428.097411937265,439.943972926616
2.924,0,1.57181328417417,-0.299222838136454,-3.20980239017598e-08,0.99978608074782,0.000206592783010414,0.0202042764651665,0.729048203307715,-6.73219074944069e-08,0.00298147897903796,-4.95882678744868e-06,451.655322508758,439.943992196829,427.70910540859,439.943875216127
2.925,0,1.50877844020881,-0.299211164784546,-3.21566344486791e-08,0.999786153386388,0.000227145669166744,0.0208853393630242,0.632028246404737,-6.7599084552531e-08,0.00298388441239807,-4.96050851395654e-06,451.987468831206,439.943916294101,427.35782249701,439.943795857178
2.926,0,1.4389852683294,-0.299200467653033,-3.22147273494497e-08,0.99978622369605,0.000248330100284233,0.0214664019997457,0.529218519755953,-6.78835085023319e-08,0.00298723476428283,-4.96305177444563e-06,452.283695834063,439.943858824558,427.045796260005,439.943735264527
2.927,0,1.36339170113925,-0.299190700233826,-3.22723000521321e-08,0.999786291691326,0.000270043353466059,0.0219421921772577,0.421658347822355,-6.81738003573096e-08,0.00299125518650496,-4.96644824769462e-06,452.54231772724,439.943820048216,426.774785289788,439.943693714609
2.928,0,1.28298160869507,-0.299181812146728,-3.23293500041383e-08,0.999786357404032,0.000292177957021497,0.0223084878089511,0.310406874616967,-6.84685318865929e-08,0.00299566505002535,-4.97068331198397e-06,452.762050880984,439.943800085958,426.546072718809,439.943671340772
2.929,0,1.19875473299216,-0.299173749797547,-3.23858746524114e-08,0.999786420880857,0.000314622748735059,0.0225621314907861,0.196532589904668,-6.87662423797341e-08,0.00300018101982715,-4.97573697710575e-06,452.94201462939,439.943798914542,426.36047053279,439.943668128306
2.93,0,1.11171674193093,-0.29916645704682,-3.24418714436276e-08,0.999786482180672,0.000337263943496977,0.0227010346838891,0.0811030416924236,-6.90654554067022e-08,0.00300452005987593,-4.98158491861325e-06,453.081728839092,439.943816361939,426.218328868529,439.943683909827
2.931,0,1.02286949348742,-0.299159875882493,-3.24973378244e-08,0.999786541371671,0.000359986200015231,0.0227241717413701,-0.0348251728687717,-6.93646953732627e-08,0.0030084023421914,-4.98819957149468e-06,453.1811082589,439.943852103551,426.119549919213,439.943718361576
2.932,0,0.933201596488388,-0.299153947090056,-3.25522712414696e-08,0.999786598528453,0.000382673676607282,0.0226315641017786,-0.15021605105748,-6.96625036698605e-08,0.00301155403557351,-4.99555124080309e-06,453.240453683112,439.943905659836,426.06360602874,439.94377100116
2.933,0,0.843679349418128,-0.299148610913799,-3.26066691418669e-08,0.999786653729169,0.000405211066434746,0.0224242550559471,-0.264063381174731,-6.99574542139469e-08,0.00301370995122733,-5.00360918871055e-06,453.260439981264,439.943976395824,426.049561528328,439.943841187211
2.934,0,0.755238133016322,-0.299143807703139,-3.2660528973032e-08,0.99978670705282,0.000427484602990694,0.0221042755723195,-0.375399417025866,-7.02481681920382e-08,0.00301461602440034,-5.0123426608033e-06,453.242101070088,439.944063522923,426.076097852296,439.943928121349
2.935,0,0.668774326197608,-0.299139478538254,-3.27138481828825e-08,0.99978675857679,0.000449383027170787,0.0216746017376016,-0.483302962024452,-7.05333278190736e-08,0.00301403161316638,-5.02172181897614e-06,453.186811929435,439.944166103308,426.141541464102,439.94403085277
2.936,0,0.585137808080002,-0.299135565829616,-3.27666242198213e-08,0.999786808374703,0.000470798507849234,0.0211391044342001,-0.586906801998928,-7.08116889490051e-08,0.00301173159764327,-5.03171855377421e-06,453.096267792524,439.944283057101,426.243894127128,439.944148285636
2.937,0,0.50512510172186,-0.299132013886409,-3.28188545326789e-08,0.999786856514645,0.000491627508531199,0.0205024919329918,-0.685404433535566,-7.10820923918191e-08,0.00300750826519613,-5.04230715520067e-06,452.972460671803,439.944413172429,426.380865065593,439.944279189352
2.938,0,0.42947320764233,-0.299128769449237,-3.28705365705866e-08,0.999786903057791,0.000511771593357092,0.0197702461291227,-0.778056042743955,-7.13434738176841e-08,0.00300117296953473,-5.05346482758781e-06,452.81765341422,439.944555118313,426.549904577974,439.944422211715
2.939,0,0.358854167375793,-0.299125782183009,-3.29216677827808e-08,0.999786948057464,0.000531138166483034,0.0189485531895204,-0.864193697634272,-7.15948721580622e-08,0.00299255755403724,-5.06517204084488e-06,452.634351513151,439.944707460261,426.748238686802,439.944575894752
2.94,0,0.293870389322178,-0.299123005126356,-3.29722456183375e-08,0.999786991558627,0.000549641139647493,0.0180442294134062,-0.943225725719318,-7.18354364450688e-08,0.00298151553210189,-5.07741271699095e-06,452.425272937675,439.944868678291,426.972904433459,439.944738693027
2.941,0,0.23505076103682,-0.299120395094456,-3.30222675258416e-08,0.999787033597793,0.000567201523548159,0.0170646431312315,-1.01464025695326,-7.20644310630183e-08,0.00296792301981636,-5.09017425711471e-06,452.193316272256,439.945037187049,427.220785453335,439.944908994038
2.942,0,0.18284756396916,-0.299117913032667,-3.30717309529924e-08,0.999787074203321,0.000583747939487047,0.0160176334831189,-1.07800792058314,-7.22812394184825e-08,0.00295167941871846,-5.10344741956626e-06,451.941527490117,439.945211357582,427.488647494569,439.945085140279
2.943,0,0.137634198586322,-0.299115524318907,-3.31206333461525e-08,0.999787113396067,0.000599217048587249,0.0149114269251177,-1.1329836928392,-7.24853660659667e-08,0.00293270784887456,-5.11722606509783e-06,451.673065710464,439.945389540277,427.773173571539,439.945265452482
2.944,0,0.0997037198690636,-0.299113199013256,-3.31689721498439e-08,0.999787151190325,0.00061355389673321,0.0137545523105592,-1.17930790055892,-7.26764373542912e-08,0.00291095533490043,-5.13150678869224e-06,451.391168312153,439.945570088421,428.070998471912,439.94544825347
2.945,0,0.0692681754203416,-0.299110912053803,-3.32167448061986e-08,0.99978718759501,0.000626712174229813,0.0125557553847189,-1.21680639375156,-7.28542006826749e-08,0.00288639274986737,-5.14628846084807e-06,451.099115793221,439.945751381809,428.378742362646,439.94563189208
2.946,0,0.0464587310043264,-0.299108643398304,-3.32639487543702e-08,0.999787222615006,0.000638654390005983,0.0113239135141883,-1.24538990764925,-7.30185224746723e-08,0.00285901452425333,-5.16157170307147e-06,450.800196776077,439.945931849859,428.693043265764,439.94581476657
2.947,0,0.0313265611904569,-0.299106378111725,-3.33105814299144e-08,0.999787256252625,0.000649351960998455,0.0100679514481728,-1.26505264198685,-7.3169384991875e-08,0.00282883812919065,-5.17735832324065e-06,450.497673561329,439.946109993645,429.010588198513,439.945995346958
2.948,0,0.0238444761031563,-0.29910410640027,-3.33566402641447e-08,0.999787288509096,0.000658785218133535,0.00879675887781607,-1.27587009193701,-7.33068821174809e-08,0.00279590334521159,-5.19365073638496e-06,450.194748628648,439.946284406363,429.328142794856,439.946172195783
2.949,0,0.0239092490417898,-0.299101823592997,-3.34021226834733e-08,0.999787319386022,0.000666943331072521,0.00751911052207488,-1.27799617131888,-7.34312142425543e-08,0.0027602713294807,-5.21045139531924e-06,449.894532470628,439.946453791747,429.642579245773,439.946343986802
2.95,0.00589034996837482,0.0313446039931299,-0.29909953007256,-3.34470261087438e-08,0.999787348886761,0.00067382415459372,0.00624358942518659,-1.27165967434608,-7.35426823855052e-08,0.00272202349611539,-5.22776225359352e-06,449.600013125379,439.946616980044,429.950902414917,439.946509521243
2.951,0.0213586851045508,0.0459043947789037,-0.299097231157074,-3.34913479545758e-08,0.999787377017464,0.000679434000119459,0.00497851398848913,-1.25716047778815,-7.36416823181456e-08,0.0026812603760747,-5.24558437533885e-06,449.310663131791,439.946781579965,430.25366890449,439.94667639769
2.952,0.036811262731141,0.0672758751901833,-0.299094936935213,-3.35350856287752e-08,0.999787403787119,0.000683787336169092,0.00373186882420411,-1.23486557522689,-7.37287010521142e-08,0.00263810100867927,-5.26391802870751e-06,449.023778934272,439.946960005479,430.55362595426,439.946857032149
2.953,0.0522332480708111,0.0950843727354019,-0.299092662056797,-3.35782365317985e-08,0.999787429207219,0.000686906421792533,0.0025112400778713,-1.20520386345219,-7.38043137153131e-08,0.00259268244370035,-5.28276295384715e-06,448.742115794599,439.947150060328,430.848015530367,439.947049202494
2.954,0.0676098131439963,0.128898991368587,-0.299090425481997,-3.36207980562195e-08,0.999787453292478,0.000688820878191959,0.00132375661836818,-1.16866001672845,-7.38691759293349e-08,0.00254515820751011,-5.30211808653568e-06,448.468213780759,439.947349672507,431.134300119156,439.947250812749
2.955,0.0829261510548922,0.168238201583551,-0.299088250192869,-3.36627675862662e-08,0.999787476061683,0.000689567204555063,0.000176037269110508,-1.12576841305576,-7.39240147875801e-08,0.00249569642132322,-5.32198119391707e-06,448.204379076488,439.947556903968,431.410178009689,439.947459902985
2.956,0.0981674902963213,0.212575761444016,-0.29908616287102,-3.37041424974565e-08,0.999787497538333,0.000689188244209983,-0.000925855729063771,-1.07710675589098,-7.39696196134378e-08,0.00244447784090038,-5.34234858932784e-06,447.952668372968,439.947769957813,431.673596128419,439.947674656676
2.957,0.113319109059521,0.261346903563882,-0.299084193545355,-3.37449201563378e-08,0.999787517751055,0.000687732607474454,-0.00197645675300211,-1.02328945986991,-7.40068325784082e-08,0.00239169383830646,-5.36321493001335e-06,447.714876434585,439.947987182983,431.922760393651,439.947893405535
2.958,0.128366349535062,0.313954722331056,-0.299082375214043,-3.37850979203394e-08,0.999787536733803,0.000685254057807721,-0.00297093012877956,-0.964960869417147,-7.40365392472778e-08,0.00233754434628857,-5.38457309761661e-06,447.492526881414,439.948207076538,432.156143570357,439.948114631904
2.959,0.14329463219099,0.369776695588811,-0.29908074344499,-3.38246731377429e-08,0.999787554525856,0.000681810868040858,-0.00390509662690039,-0.902788378815226,-7.40596591067423e-08,0.00228223578561102,-5.40641415779511e-06,447.286866183333,439.948428283669,432.372490619001,439.948336968864
2.96,0.158089470014356,0.428171275547196,-0.299079335959166,-3.38636431477754e-08,0.999787571171611,0.000677465153559789,-0.00477545305653069,-0.83745552133831,-7.40771361256932e-08,0.00222597899526323,-5.42872739229226e-06,447.098860815673,439.948649595651,432.570821545434,439.948559198247
2.961,0.172736482702003,0.488484484835422,-0.299078192201212,-3.39020052808306e-08,0.999787586720227,0.00067228218934636,-0.00557918496100048,-0.769655093495471,-7.40899293898109e-08,0.00216898718485499,-5.45150039433811e-06,446.929197484833,439.948869945979,432.750431772814,439.948780246813
2.962,0.187221410786877,0.550056455350196,-0.299077352901734,-3.39397568588212e-08,0.999787601225121,0.000666329717747876,-0.00631417248182902,-0.700082378260985,-7.40990038501645e-08,0.00211147392774204,-5.47471921643e-06,446.778286295281,439.949088404958,432.910890071042,439.94899918085
2.963,0.201530129685774,0.612227849803778,-0.299076859635654,-3.39768951956634e-08,0.99978761474337,0.000659677253746767,-0.00697898952110299,-0.629428528488228,-7.41053212249385e-08,0.0020536512124978,-5.49836855837049e-06,446.646266697128,439.949304173035,433.052034094409,439.94921519949
2.964,0.215648663654639,0.674346108651018,-0.299076754380927,-3.40134175978972e-08,0.999787627335042,0.000652395394342131,-0.00757289639167339,-0.558374168501326,-7.41098310947101e-08,0.00199572756927892,-5.52243198291223e-06,446.533016026467,439.949516573163,433.173963594081,439.949427627037
2.965,0.229563199637635,0.735771468303861,-0.299077079081795,-3.40493213654388e-08,0.999787639062487,0.000644555138437015,-0.0080958262008435,-0.487583268206208,-7.4113462234531e-08,0.00193790628643731,-5.54689214644533e-06,446.43816042893,439.949725042485,433.277031388715,439.949635904587
2.966,0.243260100995956,0.795882700170474,-0.299077875220607,-3.40846037924665e-08,0.999787649989637,0.000636227223353123,-0.00854836526556466,-0.41769734001635,-7.41171142296205e-08,0.00188038373142646,-5.57173103281056e-06,446.361087940381,439.949929123604,433.361832193746,439.949839581207
2.967,0.25672592110277,0.854082524093092,-0.299079183402045,-3.41192621684367e-08,0.999787660181318,0.000627481483772214,-0.00893172790526933,-0.349330004452121,-7.41216494253785e-08,0.00182334778865063,-5.59693017945794e-06,446.300963487114,439.950128455677,433.429189427598,439.950038304931
2.968,0.269947416790597,0.909802654065635,-0.299081042953378,-3.4153293779225e-08,0.999787669702627,0.000618386238535127,-0.00924772600199618,-0.283061965573075,-7.41278852659454e-08,0.001766976425429,-5.62247088670848e-06,446.256745560969,439.950322765558,433.480140131044,439.950231813766
2.969,0.282911561637373,0.962508438734222,-0.299083491544121,-3.41866959083904e-08,0.999787678618371,0.000609007710320006,-0.00949873375614965,-0.219436432413329,-7.41365870782805e-08,0.00171143639570958,-5.6483344027196e-06,446.227204322036,439.950511859149,433.515918153852,439.9504199269
2.97,0.295605559077873,1.01170306400817,-0.299086564828198,-3.42194658385543e-08,0.999787686992595,0.000599409482775686,-0.00968764809983323,-0.158955017416949,-7.41484613602635e-08,0.00165688208958611,-5.67450207879898e-06,446.210940882549,439.950695613105,433.537935780398,439.950602536251
2.971,0.308016855327022,1.05693129009419,-0.299090296111432,-3.42516008528906e-08,0.9997876948882,0.000589651999209673,-0.00981784525804577,-0.102074137558788,-7.41641496313372e-08,0.00160345453506245,-5.70095549185272e-06,446.206407529642,439.950873966993,433.547763982691,439.950779598435
2.972,0.320133152101853,1.09778270039037,-0.299094716046848,-3.42830982367182e-08,0.999787702366667,0.000579792106427893,-0.00989313397101349,-0.0492019384156924,-7.41842229025849e-08,0.00155128055688825,-5.72767653288971e-06,446.211928651366,439.951046915946,433.547111504827,439.950951127245
2.973,0.331942419129015,1.13389444485309,-0.299099852359971,-3.43139552791904e-08,0.999787709487866,0.000569882646800923,-0.00991770590846935,-0.000695756006087178,-7.42091768197947e-08,0.00150047209567366,-5.75464746254018e-06,446.225722139182,439.95121450386,433.537802996793,439.951117186635
2.974,0.343432906424939,1.16495346564386,-0.299105729605952,-3.4344169275072e-08,0.999787716309954,0.00055997210109406,-0.00989608381879114,0.0431398742186806,-7.42394275280639e-08,0.00145112568889385,-5.78185093639692e-06,446.245921050579,439.951376817094,433.52175642739,439.951277884215
2.975,0.354593156335721,1.190698198049,-0.299112368960013,-3.43737375265981e-08,0.999787722889351,0.000550104284051922,-0.00983306796259095,0.082054657238223,-7.42753082999675e-08,0.00140332211383036,-5.80927000458061e-06,446.270595327084,439.951533978659,433.500960015286,439.951433365219
2.976,0.365412015324422,1.21091974473627,-0.299119788042341,-3.4402657345405e-08,0.999787729280776,0.000540318094177548,-0.00973368138170519,0.115853428438444,-7.43170669616249e-08,0.00135712619098032,-5.83688809120781e-06,446.297773375355,439.95168614281,433.477448923582,439.951583806876
2.977,0.375878645493083,1.22546252640134,-0.299128000778224,-3.44309260545274e-08,0.999787735537316,0.000530647318596502,-0.00960311455070129,0.144396500081209,-7.43648641421697e-08,0.00131258674500741,-5.86468896036113e-06,446.325463331898,439.951833489998,433.453281966332,439.951729413132
2.978,0.385982535827524,1.2342244166546,-0.299137017293857,-3.44585409904516e-08,0.999787741710531,0.000521120493353405,-0.0094466699491593,0.167599475555851,-7.44187723626879e-08,0.00126973671892241,-5.8926566757011e-06,446.351673844973,439.951976222055,433.430518575022,439.951870409613
2.979,0.395713513152812,1.2371563736148,-0.299146843847917,-3.44854995052196e-08,0.999787747850553,0.000511760818956472,-0.00926970707934346,0.185432547385568,-7.44787759708111e-08,0.00122859343587691,-5.92077556101214e-06,446.374434220249,439.95211455757,433.411196268868,439.952007038763
2.98,0.40506175278779,1.23426158502707,-0.299157482798648,-3.45117989685738e-08,0.999787754006167,0.00050258613046977,-0.00907758843567783,0.197919299351429,-7.4544771917129e-08,0.0011891590017397,-5.94903016875016e-06,446.391813789553,439.952248727333,433.397308864909,439.952139555075
2.981,0.414017788887199,1.22559414783797,-0.299168932605889,-3.45374367701368e-08,0.999787760224868,0.000493608920957372,-0.00887562691000005,0.205135037209791,-7.46165713597419e-08,0.00115142084051006,-5.97740526308248e-06,446.401940374445,439.952378969801,433.390785652342,439.952268220328
2.982,0.422572524460094,1.21125730692754,-0.299181187867167,-3.45624103216177e-08,0.999787766552862,0.000484836416612467,-0.00866903509018995,0.207204676218662,-7.46939020736884e-08,0.00111535235361266,-6.00588582302085e-06,446.403017728416,439.952505526518,433.393471740479,439.952393298799
2.983,0.430717241053746,1.19140128117945,-0.299194239386664,-3.45867170590381e-08,0.999787773035002,0.000476270701461613,-0.00846287687981559,0.204300217101409,-7.47764116330256e-08,0.00108091369322034,-6.03445707009578e-06,446.393341853067,439.952628637447,433.407109771467,439.952515052384
2.984,0.438443608092366,1.16622070816943,-0.299208074275606,-3.461035444497e-08,0.999787779714666,0.000467908889122979,-0.00826202183327894,0.196637845081851,-7.48636713248775e-08,0.00104805263896853,-6.06310452366473e-06,446.371316094759,439.952748536204,433.433323167843,439.952633735641
2.985,0.445743691860251,1.13595174149264,-0.299222676082379,-3.46333199707796e-08,0.999787786633549,0.000459743338720731,-0.0080711025649654,0.184474689238851,-7.49551807471366e-08,0.00101670556676155,-6.0918140854534e-06,446.335464938967,439.952865445186,433.473601061584,439.952749590735
2.986,0.452609964119417,1.10086883709566,-0.299238024950402,-3.46556111588694e-08,0.999787793831386,0.000451761911718205,-0.00789447555252185,0.168105281621557,-7.50503730346143e-08,0.000986798497829552,-6.12057215336717e-06,446.284446429932,439.952979570643,433.529285026108,439.952862842335
2.987,0.459035310351942,1.06128126694267,-0.299254097801631,-3.46772255649125e-08,0.999787801345604,0.000443948266132439,-0.00773618561402061,0.147857757349626,-7.51486206523483e-08,0.000958248215775063,-6.14936576304799e-06,446.217063153288,439.953091097725,433.601557706244,439.952973692511
2.988,0.465013037617698,1.01752939987188,-0.299270868543347,-3.46981607800725e-08,0.999787809210907,0.000436282184333698,-0.00759993429684277,0.124089838249885,-7.52492416894988e-08,0.000930963439052474,-6.17818275415587e-06,446.132271729244,439.953200185585,433.691433414102,439.953082315696
2.989,0.470536882018429,0.969980790648022,-0.299288308295747,-3.47184144332034e-08,0.999787817458809,0.000428739930417286,-0.00748905237306409,0.0971846435056345,-7.53515065828535e-08,0.000904846036149083,-6.20701195698737e-06,446.029190773635,439.953306962642,433.799750731709,439.953188853822
2.99,0.475601015759484,0.919026118926587,-0.299306385637713,-3.47379841930234e-08,0.999787826117135,0.000421294632961949,-0.00740647659237963,0.0675463712657134,-7.54546451953311e-08,0.000879792270682758,-6.23584339385774e-06,445.907107293974,439.95341152208,433.927167134622,439.953293411724
2.991,0.480200053800922,0.865075020165242,-0.299325066868051,-3.47568677702579e-08,0.99978783520949,0.000413916688860149,-0.00735473079958878,0.0355958952233162,-7.55578541721317e-08,0.000855694063695129,-6.26466848871546e-06,445.765481497423,439.953513917732,434.074155625215,439.953396052932
2.992,0.484329060090066,0.808551850433199,-0.299344316279405,-3.47750629197468e-08,0.999787844754739,0.000406574183820462,-0.00733591147979898,0.00176631982147494,-7.56603044952618e-08,0.000832440260597415,-6.29348027776226e-06,445.603949997617,439.953614160447,434.241003340224,439.953496795973
2.993,0.487983553367919,0.749891426585504,-0.299364096442011,-3.47925674425113e-08,0.999787854766492,0.000399233325100854,-0.00735167775119112,-0.0335014630184017,-7.57611491561468e-08,0.000809917890514256,-6.32227361344071e-06,445.42232741752,439.953712215067,434.4278120749,439.953595611302
2.994,0.491159512542323,0.689534782423683,-0.299384368494446,-3.48093791877768e-08,0.999787865252638,0.000391858882033076,-0.00740324578283216,-0.0697631738792488,-7.58595308658706e-08,0.000788013406164021,-6.35104535403832e-06,445.220606395971,439.953807998129,434.63450064603,439.953692418982
2.995,0.493853381621099,0.627924980244738,-0.299405092438532,-3.48254960549494e-08,0.999787876214928,0.000384414629941548,-0.00749138757397728,-0.10657546228245,-7.5954589723443e-08,0.000766613892906395,-6.37979453134011e-06,444.998956016454,439.953901376402,434.860808998339,439.953787087206
2.996,0.496062074198807,0.565503015638977,-0.299426227435586,-3.48409159955412e-08,0.99978788764864,0.000376863793143512,-0.00761643399193138,-0.143500101144643,-7.60454707641327e-08,0.000745608236172903,-6.40852248923094e-06,444.75771868777,439.953992166335,435.106303943565,439.953879431763
2.997,0.497782977491255,0.502703851517592,-0.299447732101287,-3.48556370150445e-08,0.999787899542338,0.000369169482839015,-0.00777828192816863,-0.180108022991847,-7.61313313126487e-08,0.000724888237166425,-6.43723298688186e-06,444.497405517781,439.954080134495,435.370386408735,439.95396921651
2.998,0.499013955912189,0.439952615198469,-0.299469564796497,-3.48696571747514e-08,0.999787911877731,0.000361295125857351,-0.00797640539733769,-0.21598316409971,-7.62113480695259e-08,0.000704349667463665,-6.46593226112158e-06,444.218690233137,439.954164999045,435.652300060042,439.954056154894
2.999,0.499753354187174,0.377660990875853,-0.299491683911503,-3.48829745935194e-08,0.999787924629656,0.000353204880418461,-0.00820987037102807,-0.250726084660353,-7.6284723862375e-08,0.000683893253643182,-6.49462904354624e-06,443.922409164202,439.954246427393,435.951133857572,439.95413990763
3,0.5,0.316223835816041,-0.299514048141255,-3.48955874494798e-08,0.999787937766193,0.000344864035291478,-0.00847735310779187,-0.283957337109757,-7.63506939965652e-08,0.000663425583283326,-6.52333452880042e-06,443.60954530558,439.954324044921,436.265840095144,439.954220091556
3.001,0,0.256016044933321,-0.299536616749343,-3.4907493981691e-08,0.999787951248902,0.00033623938898409,-0.00877716171555797,-0.315320558537484,-7.6408532153126e-08,0.00064285992655776,-6.55206229302616e-06,443.281217627754,439.954397440029,436.595246948281,439.95429628478
3.002,0,0.197423566258745,-0.299559349820252,-3.49186924907856e-08,0.999787965046333,0.000327299607923196,-0.00910725155389763,-0.344457127104595,-7.64575125393825e-08,0.000622104800199556,-6.5808227948772e-06,443.213525977369,439.954301804104,436.666540063308,439.954201876504
3.003,0,0.140823975476412,-0.299582208517261,-3.49291813371368e-08,0.99978797917292,0.000318015584585533,-0.00946521825167904,-0.371023076326343,-7.64967881963696e-08,0.000601028855109962,-6.60960752246661e-06,443.127026208868,439.954210293006,436.756602309542,439.954111832865
3.004,0,0.0865405335780793,-0.299605155332089,-3.49389589432814e-08,0.999787993651963,0.000308360777306967,-0.00984834297522573,-0.394727550662115,-7.65255286767005e-08,0.000579499001074314,-6.63840429794335e-06,443.022891327892,439.954122667399,436.864200042169,439.954025901062
3.005,0,0.0348647999161779,-0.299628154303231,-3.49480237939268e-08,0.999788008503399,0.000298311503024167,-0.0102536330842905,-0.415314091437919,-7.65429678631046e-08,0.000557393227106686,-6.66720233079139e-06,442.902379867419,439.954038671031,436.988021561404,439.95394381014
3.006,0,0,-0.299651171211433,-3.49563744350474e-08,0.999788023743683,0.000287847193599344,-0.0106759235550568,-0.420960619381563,-7.65484079133809e-08,0.000534601066025618,-6.69599227106359e-06,442.766823058934,439.953958032821,437.126690779916,439.953865273226
3.007,0,0,-0.299674185117797,-3.49640094729264e-08,0.999788039385953,0.000276964775670874,-0.0110849061572802,-0.3969196938238,-7.65415368217603e-08,0.000511070856340089,-6.72476677635754e-06,442.622402549126,439.953879497938,437.274028984636,439.953788955014
3.008,0,0,-0.299697194012635,-3.49709275731134e-08,0.999788055441259,0.000265685478452949,-0.0114696013511051,-0.372394030319357,-7.65225784231724e-08,0.000486831452244515,-6.75352035312168e-06,442.481387544618,439.953800588964,437.417854137678,439.95371221555
3.009,0,0,-0.299720198133629,-3.49771274593574e-08,0.999788071920519,0.000254033823477438,-0.0118295491476199,-0.347433184899105,-7.64918163132181e-08,0.000461920619155417,-6.78224767913419e-06,442.343717201458,439.953721334324,437.558230487642,439.953635084296
3.01,0,0,-0.299743197725046,-3.49826079126995e-08,0.999788088834919,0.000242034767433074,-0.0121643392721113,-0.322087014239523,-7.64495283293855e-08,0.000436375222048974,-6.81094332503142e-06,442.209331588946,439.953641762445,437.695221270892,439.953557590697
3.011,0,0,-0.299766193037379,-3.49873677706417e-08,0.999788106195872,0.000229713652316614,-0.0124736114177073,-0.296405581736719,-7.63959867089841e-08,0.000410231241768259,-6.83960177021905e-06,442.078171678009,439.953561901682,437.828888725584,439.953479764108
3.012,0,0,-0.299789184326989,-3.49914059263599e-08,0.999788124014976,0.000217096155377224,-0.0127570554053595,-0.270439064137983,-7.63314582422335e-08,0.000383523791079999,-6.86821741787512e-06,441.950179329691,439.953481780261,437.959294105533,439.95340163374
3.013,0,0,-0.299812171855768,-3.49947213279575e-08,0.999788142303978,0.000204208238947458,-0.0130144112508038,-0.244237658895636,-7.62562044205252e-08,0.000356287130484118,-6.89678460908514e-06,441.825297283772,439.953401426223,438.086497693921,439.953323228595
3.014,0,0,-0.299835155890796,-3.49973129777606e-08,0.99978816107474,0.000191076100253454,-0.0132454691393045,-0.217851492404954,-7.6170481579931e-08,0.00032855468377936,-6.92529763614803e-06,441.703469147517,439.953320867369,438.210558816851,439.953244577427
3.015,0,0,-0.29985813670402,-3.49991799316521e-08,0.999788180339205,0.000177726121296101,-0.013450069309144,-0.191330529284746,-7.60745410399957e-08,0.000300359053388174,-6.95375075509002e-06,441.584639384536,439.953240131227,438.331535856736,439.953165708688
3.016,0,0,-0.299881114571929,-3.50003212984443e-08,0.999788200109367,0.000164184818893888,-0.0136281018449795,-0.164724482855666,-7.59686292378855e-08,0.000271732035444077,-6.9821381974222e-06,441.468753303772,439.953159245004,438.449486265543,439.9530866505
3.017,0,0,-0.299904089775242,-3.50007362392876e-08,0.99978822039724,0.000150478794976929,-0.0137795063823396,-0.138082726967639,-7.58529878579854e-08,0.000242704634644631,-7.01045418117608e-06,441.355757048602,439.953078235558,438.564466577869,439.953007430614
3.018,0,0,-0.299927062598611,-3.50004239671154e-08,0.999788241214835,0.000136634687220341,-0.0139042717246853,-0.111454209323771,-7.57278539570183e-08,0.000213307078873169,-7.03869292125014e-06,441.245597586065,439.952997129366,438.676532423874,439.952928076384
3.019,0,0,-0.299950033330314,-3.49993837461233e-08,0.999788262574131,0.000122679120103633,-0.0140024353746021,-0.0848873664439717,-7.55934600847779e-08,0.000183568833592343,-7.06684863909902e-06,441.138222696195,439.952915952502,438.785738542049,439.952848614744
3.02,0,0,-0.299973002261974,-3.49976148912811e-08,0.999788284487055,0.000108638656481122,-0.0140740829808343,-0.0584300404070474,-7.54500344005634e-08,0.000153518616012561,-7.09491557179571e-06,441.033580961474,439.952834730614,438.892138791844,439.952769072181
3.021,0,0,-0.299995969688277,-3.49951167678768e-08,0.999788306965455,9.45397497466407e-05,-0.0141193477030062,-0.0321293975054458,-7.52978007854317e-08,0.000123184409038333,-7.12288798049609e-06,440.931621756401,439.952753488907,438.995786166132,439.952689474726
3.022,0,0,-0.300018935906692,-3.49918887910913e-08,0.999788330021087,8.04086966738528e-05,-0.0141384094960092,-0.00603184894197172,-7.51369789503799e-08,9.25934749954986e-05,-7.15076015833371e-06,440.832295237168,439.952672252127,439.096732803535,439.952609847931
3.023,0,0,-0.300041901217209,-3.49879304256025e-08,0.999788353665589,6.6271591011482e-05,-0.0141314943161574,0.0198170263071907,-7.49677845405404e-08,6.17723691423246e-05,-7.1785264377718e-06,440.735552331455,439.952591044552,439.195030000586,439.952530216864
3.024,0,0,-0.300064865922075,-3.49832411852175e-08,0.999788377910468,5.21542779105764e-05,-0.0140988732513409,0.0453725563440186,-7.47904292355235e-08,3.07469529673642e-05,-7.20618119743836e-06,440.641344728321,439.95250988998,439.290728223758,439.952450606094
3.025,0,0,-0.300087830325544,-3.49778206325319e-08,0.999788402767083,3.80823092586499e-05,-0.014040861577516,0.0705910488009684,-7.46051208460104e-08,-4.57592723008045e-07,-7.23371886846905e-06,440.549624868221,439.952428811725,439.383877121334,439.952371039693
3.026,0,0,-0.300110794733628,-3.49716683786149e-08,0.999788428246628,2.40808999931456e-05,-0.0139578177439898,0.0954298607857979,-7.44120634067012e-08,-3.18167549245344e-05,-7.26113394038173e-06,440.460345933119,439.952347832609,439.474525535138,439.952291541221
3.027,0,0,-0.300133759453854,-3.49647840827193e-08,0.999788454360122,1.01748854641573e-05,-0.0138501422900557,0.119847466216269,-7.42114572657501e-08,-6.33066757596538e-05,-7.28842096650542e-06,440.373461836711,439.952266974966,439.562721512114,439.952212133732
3.028,0,0,-0.300156724795035,-3.49571674520143e-08,0.999788481118392,-3.61132008626548e-06,-0.01371827669564,0.143803520447887,-7.40034991707929e-08,-9.4904140003927e-05,-7.31557456898564e-06,440.288927214754,439.952186260632,439.648512315774,439.952132839771
3.029,0,0,-0.300179691067039,-3.49488182413418e-08,0.999788508532066,-1.72537638636076e-05,-0.0135627021687126,0.16725892210374,-7.37883823516725e-08,-0.000126586562811539,-7.34258944338691e-06,440.206697415499,439.952105710954,439.731944437489,439.952053681372
3.03,0,0,-0.300202658580569,-3.49397362529925e-08,0.999788536611561,-3.0728993617351e-05,-0.0133839383723024,0.190175872021501,-7.35662966000001e-08,-0.000158331977637147,-7.36946036291283e-06,440.126728490229,439.952025346789,439.813063607645,439.951974680065
3.031,0,0,-0.300225627646946,-3.49299213365035e-08,0.99978856536707,-4.40140954354704e-05,-0.0131825420940401,0.212517929238763,-7.33374283456463e-08,-0.000190119024351365,-7.39618218226274e-06,440.048977183897,439.951945188506,439.891914806665,439.951895856876
3.032,0,0,-0.300248598577902,-3.49193733884739e-08,0.99978859480856,-5.70867301809812e-05,-0.0129591058612271,0.23425006394407,-7.31019607302664e-08,-0.000221926937547214,-7.42274984114362e-06,439.973400925871,439.951865255993,439.968542275878,439.951817232334
3.033,0,0,-0.300271571685372,-3.49080923523988e-08,0.99978862494576,-6.99251685175958e-05,-0.0127142565044986,0.255338707327245,-7.28600736779983e-08,-0.000253735535034899,-7.44915836745477e-06,439.899957820767,439.951785568661,440.042989528268,439.951738826477
3.034,0,0,-0.300294547281301,-3.48960782185201e-08,0.999788655788155,-8.25083244746414e-05,-0.0124486536732115,0.275751798268957,-7.26119439634247e-08,-0.000285525206522287,-7.47540288016247e-06,439.828606639403,439.951706145451,440.115299359069,439.951660658854
3.035,0,0,-0.300317525677449,-3.48833310236931e-08,0.99978868734498,-9.48157875045557e-05,-0.0121629883057464,0.295458826815816,-7.23577452768926e-08,-0.000317276902478518,-7.50147859188056e-06,439.75930680983,439.951627004842,440.18551385624,439.951582748541
3.036,0,0,-0.300340507185204,-3.48698508512677e-08,0.999788719625216,-0.000106827852989488,-0.0118579810579615,0.314430874393676,-7.20976482873196e-08,-0.000348972123178184,-7.52738081117276e-06,439.692018408473,439.951548164856,440.253674410797,439.951505114138
3.037,0,0,-0.300363492115401,-3.48556378309839e-08,0.999788752637582,-0.000118525551156796,-0.0115343806930811,0.332640650718271,-7.18318207025869e-08,-0.000380592907923561,-7.55310494459147e-06,439.626702151369,439.951469643071,440.319821727014,439.951427773789
3.038,0,0,-0.300386480778146,-3.48406921388796e-08,0.999788786390536,-0.000129890674366535,-0.0111929624363399,0.350062527368713,-7.15604273276002e-08,-0.000412121824442385,-7.57864649846732e-06,439.563319385499,439.951391456623,440.383995832497,439.951350745181
3.039,0,0,-0.300409473482646,-3.48250139972104e-08,0.99978882089227,-0.000140905802737353,-0.0108345262977339,0.36667256799582,-7.12836301201362e-08,-0.000443541958458732,-7.60400108046313e-06,439.501832080212,439.951313622221,440.446236088126,439.95127404556
3.04,0,0,-0.30043247053704,-3.48086036743803e-08,0.999788856150703,-0.000151554328080616,-0.0104598953662549,0.382448555143678,-7.10015882445593e-08,-0.000474836903434532,-7.62916440090534e-06,439.442202818751,439.951236156155,440.506581197864,439.951197691737
3.041,0,0,-0.300455472248241,-3.47914614848829e-08,0.999788892173487,-0.0001618204761159,-0.010069914079004,0.397370013669191,-7.07144581235057e-08,-0.000505990750479343,-7.6541322739053e-06,439.384394789868,439.951159074303,440.565069218444,439.951121700098
3.042,0,0,-0.30047847892178,-3.47735877892508e-08,0.999788928967997,-0.000171689326944476,-0.00966544646858961,0.411418230750769,-7.04223934876325e-08,-0.000536988078425972,-7.67890061828249e-06,439.328371779531,439.951082392142,440.621737568932,439.951046086617
3.043,0,0,-0.300501490861651,-3.47549829940135e-08,0.999788966541337,-0.000181146833760742,-0.0092473743922241,0.424576272483601,-7.01255454235119e-08,-0.000567813944069625,-7.70346545830091e-06,439.27409816273,439.951006124758,440.676623040156,439.950970866863
3.044,0,0,-0.300524508370169,-3.47356475516636e-08,0.999789004900334,-0.000190179839785034,-0.00881659574593054,0.436828997065201,-6.98240624197487e-08,-0.000598453872568231,-7.72782292422966e-06,439.221538895365,439.950930286859,440.729761804022,439.950896056008
3.045,0,0,-0.300547531747826,-3.47155819606279e-08,0.999789044051542,-0.000198776093404609,-0.00837402266726476,0.448163064581098,-6.95180904114015e-08,-0.000628893848001663,-7.75196925273805e-06,439.170659506231,439.950854892777,440.781189422702,439.950821668845
3.046,0,0,-0.300570561293154,-3.46947867652459e-08,0.99978908400124,-0.000206924261513031,-0.00792057972994535,0.458566943406678,-6.92077728228226e-08,-0.00065912030408759,-7.77590078713525e-06,439.121426089093,439.950779956484,440.830940857701,439.950747719787
3.047,0,0,-0.300593597302589,-3.4673262555752e-08,0.999789124755434,-0.000214613941041539,-0.00745720213376474,0.468030913247136,-6.88932506089499e-08,-0.000689120115051698,-7.79961397746386e-06,439.073805294848,439.950705491601,440.879050478808,439.950674222888
3.048,0,0,-0.300616640070348,-3.46510099682627e-08,0.999789166319854,-0.000221835668679368,-0.00698483389312999,0.476547064843475,-6.8574662295148e-08,-0.00071888058665009,-7.82310538045661e-06,439.027764323775,439.950631511405,440.925552072926,439.950601191843
3.049,0,0,-0.3006396898883,-3.46280296847667e-08,0.999789208699962,-0.000228580928783309,-0.00650442602755062,0.484109296378239,-6.82521440156664e-08,-0.00074838944734166,-7.84637165936472e-06,438.983270917874,439.95055802884,440.970478852785,439.950528640003
3.05,0,0,-0.300662747045845,-3.46043224331185e-08,0.999789251900948,-0.000234842159480097,-0.00601693475735482,0.490713306620393,-6.79258295507845e-08,-0.00077763483960829,-7.86940958366621e-06,438.940293353293,439.950485056524,441.013863465542,439.950456580386
3.051,0,0,-0.300685811829801,-3.45798889870334e-08,0.999789295927736,-0.000240612756968485,-0.00552331970787252,0.496356584854282,-6.7595850362707e-08,-0.000806605311420727,-7.89221602866207e-06,438.898800432839,439.950412606763,441.055738001262,439.95038502568
3.052,0,0,-0.300708884524292,-3.45547301660843e-08,0.999789340784983,-0.000245887078031062,-0.00502454212527688,0.501038397643049,-6.72623356302694e-08,-0.000835289807848041,-7.91478797496767e-06,438.858761478575,439.950340691551,441.096134001292,439.950313988255
3.053,0,0,-0.300731965410633,-3.45288468356993e-08,0.999789386477083,-0.000250660440769051,-0.004521563107222,0.504759772482147,-6.69254122825317e-08,-0.000863677662808572,-7.93712250790676e-06,438.820146324505,439.95026932259,441.135082466515,439.950243480176
3.054,0,0,-0.300755054767236,-3.45022399071591e-08,0.99978943300817,-0.000254929123576437,-0.00401534185135709,0.507523478403705,-6.65852050313083e-08,-0.000891758590960313,-7.9592168168146e-06,438.782925309337,439.950198511285,441.172613865503,439.950173513203
3.055,0,0,-0.300778152869497,-3.44749103375948e-08,0.99978948038212,-0.000258690362372794,-0.00350683392473358,0.509334003597459,-6.62418364026751e-08,-0.000919522679728696,-7.98106819425698e-06,438.747069269334,439.950128268764,441.208758142552,439.950104098805
3.056,0,0,-0.30080125998971,-3.4446859129984e-08,0.999789528602555,-0.000261942346117212,-0.00299698955705389,0.510197530118761,-6.58954267675425e-08,-0.000946960381469779,-8.00267403517108e-06,438.712549531251,439.950058605877,441.243544725616,439.950035248168
3.057,0,0,-0.300824376396965,-3.44180873331455e-08,0.999789577672846,-0.000264684210628581,-0.0024867519606375,0.510121905758773,-6.55460943713216e-08,-0.000974062505766836,-8.02403183593422e-06,438.679337905341,439.949989533208,441.277002534126,439.949966972198
3.058,0,0,-0.300847502357063,-3.43885960417328e-08,0.999789627596118,-0.000266916030740378,-0.0019770556799028,0.509116613156388,-6.51939553627358e-08,-0.00100082021185842,-8.04513919336592e-06,438.64740667846,439.949921061078,441.309159986711,439.949899281533
3.059,0,0,-0.300870638132425,-3.43583863962237e-08,0.99978967837525,-0.000268638810820829,-0.0014688249730814,0.507192736235667,-6.4839123821823e-08,-0.00102722500119594,-8.06599380366871e-06,438.616728607238,439.949853199557,441.340045008813,439.949832186547
3.06,0,0,-0.300893783982014,-3.43274595829083e-08,0.999789730012881,-0.000269854473691994,-0.000962972228795801,0.504362924056614,-6.44817117871929e-08,-0.00105326871012885,-8.08659346131273e-06,438.587276911339,439.949785958465,441.369685040193,439.949765697358
3.061,0,0,-0.300916940161249,-3.42958168338725e-08,0.999789782511417,-0.000270565847983936,-0.000460396420041589,0.500641352170965,-6.41218292825675e-08,-0.00107894350271558,-8.10693605786875e-06,438.559025266792,439.949719347381,441.398107042341,439.949699823834
3.062,0,0,-0.300940106921933,-3.42634594269786e-08,0.999789835873027,-0.000270776653962584,3.80184019782059e-05,0.496043681578289,-6.37595843426353e-08,-0.00110424186365832,-8.12701958079447e-06,438.531947799415,439.949653375649,441.425337505787,439.949634575598
3.063,0,0,-0.300963284512177,-3.42303886858408e-08,0.999789890099658,-0.000270491487872355,0.000531404571816063,0.490587015381157,-6.33950830382735e-08,-0.00112915659135988,-8.14684211217809e-06,438.506019078297,439.949588052381,441.451402457301,439.949569962036
3.064,0,0,-0.300986473176328,-3.41966059797969e-08,0.999789945193028,-0.000269715804836844,0.00101891222928995,0.484289853241314,-6.30284295011742e-08,-0.00115368079110068,-8.16640182744343e-06,438.481214109376,439.949523386465,441.47632746701,439.949505992299
3.065,0,0,-0.301009673154905,-3.4162112723874e-08,0.999790001154639,-0.000268455900363135,0.00149971069239358,0.477172043741811,-6.2659725947917e-08,-0.00117780786833427,-8.18569699402052e-06,438.457508329082,439.949459386568,441.500137655407,439.94944267531
3.066,0,0,-0.301032884684531,-3.41269103787499e-08,0.999790057985778,-0.000266718890497357,0.00197298978156662,0.469254734762821,-6.22890727034942e-08,-0.00120153152209945,-8.20472596998518e-06,438.434877598061,439.949396061141,441.522857700264,439.949380019772
3.067,0,0,-0.301056107997874,-3.40910004507081e-08,0.999790115687519,-0.000264512690681097,0.00243796109339328,0.460560321981411,-6.19165682243511e-08,-0.00122484573854728,-8.22348720267122e-06,438.413298194973,439.949333418423,441.544511843456,439.949318034164
3.068,0,0,-0.301079343323583,-3.40543844915874e-08,0.999790174260733,-0.000261845993360164,0.00289385922190964,0.451112395607871,-6.15423091209608e-08,-0.00124774478458136,-8.24197922725846e-06,438.392746810364,439.949271466444,441.565123897688,439.949256726754
3.069,0,0,-0.301102590886241,-3.40170640987248e-08,0.999790233706089,-0.000258728244398958,0.00333994292581316,0.440935685473292,-6.1166390179944e-08,-0.00127022320160951,-8.2602006653398e-06,438.373200540613,439.949210213033,441.584717253129,439.949196105599
3.07,0,0,-0.301125850906299,-3.39790409148922e-08,0.999790294024058,-0.000255169618355344,0.00377549623998394,0.430056004584957,-6.07889043857954e-08,-0.00129227579940532,-8.27815022347007e-06,438.354636881955,439.949149665815,441.603314883951,439.949136178546
3.071,0,0,-0.301149123600037,-3.39403166282263e-08,0.999790355214919,-0.000251180992672467,0.00419982952984451,0.418500191267744,-6.04099429422137e-08,-0.00131389765007781,-8.29582669169976e-06,438.337033724568,439.949089832218,441.620939354788,439.949076953241
3.072,0,0,-0.301172409179508,-3.39008929721514e-08,0.999790417278766,-0.000246773920845363,0.00461228048720375,0.406296050011128,-6.00295952930714e-08,-0.00133508408214766,-8.31322894209597e-06,438.320369346745,439.949030719477,441.637612827092,439.949018437128
3.073,0,0,-0.301195707852495,-3.38607717252953e-08,0.999790480215507,-0.000241960604621497,0.00501221506635088,0.39347229114257,-5.96479491430563e-08,-0.00135583067472823,-8.33035592725318e-06,438.304622409127,439.948972334633,441.65335706541,439.948960637453
3.074,0,0,-0.301219019822467,-3.38199547113977e-08,0.999790544024873,-0.000236753865295554,0.00539902835928679,0.380058469448981,-5.92650904779781e-08,-0.00137613325181005,-8.34720667879617e-06,438.289771949012,439.948914684539,441.668193443574,439.948903561267
3.075,0,0,-0.301242345288538,-3.37784437992111e-08,0.999790608706421,-0.000231167114159845,0.00577214540910179,0.366084921868697,-5.88811035847875e-08,-0.00139598787664688,-8.36378030587729e-06,438.275797374731,439.948857775857,441.682142950797,439.948847215428
3.076,0,0,-0.301265684445431,-3.37362409023937e-08,0.999790674259542,-0.000225214322172631,0.0061310219606318,0.351582704376839,-5.84960710713058e-08,-0.00141539084624203,-8.38007599367007e-06,438.262678460095,439.948801615068,441.695226197693,439.948791606603
3.077,0,0,-0.301289037483436,-3.36933479793952e-08,0.999790740683458,-0.000218909988907471,0.00647514514764792,0.336583528187217,-5.81100738857024e-08,-0.00143433868593335,-8.39609300186127e-06,438.250395338917,439.948746208466,441.707463422206,439.94873674127
3.078,0,0,-0.301312404588381,-3.36497670333341e-08,0.999790807977236,-0.000212269110847368,0.00680403411595748,0.321119695393933,-5.77231913357321e-08,-0.0014528281440753,-8.41183066314291e-06,438.238928499588,439.948691562163,441.718874495461,439.948682625721
3.079,0,0,-0.301335785941599,-3.36055001118668e-08,0.999790876139784,-0.000205307149088082,0.00711724058191778,0.305224034175639,-5.73355011077467e-08,-0.00147085618681668,-8.42728838170634e-06,438.228258779738,439.948637682092,441.729478927532,439.948629266061
3.08,0,0,-0.301359181719895,-3.35605493070493e-08,0.999790945169864,-0.000198039996515377,0.00741434932598656,0.288929833684992,-5.69470792854799e-08,-0.00148841999297255,-8.44246563173968e-06,438.218367360947,439.948584574003,441.739295873124,439.948576668211
3.081,0,0,-0.301382592095523,-3.35149167551898e-08,0.999791015066087,-0.000190483944521314,0.00769497862105524,0.27227077874519,-5.65580003686342e-08,-0.00150551694898887,-8.45736195593017e-06,438.20923576354,439.948532243471,441.748344137184,439.948524837909
3.082,0,0,-0.301406017236159,-3.34686046366937e-08,0.999791085826928,-0.000182655649324877,0.00795878059543279,0.255280884474613,-5.61683372912857e-08,-0.00152214464399836,-8.47197696397295e-06,438.200845841432,439.94848069589,441.756642180424,439.948473780711
3.083,0,0,-0.301429457304874,-3.34216151758997e-08,0.999791157450721,-0.000174572097962303,0.00820544153046834,0.237994430959538,-5.5778161440108e-08,-0.00153830086496635,-8.48631033108744e-06,438.193179777046,439.948429936479,441.764208124772,439.948423501992
3.084,0,0,-0.301452912460117,-3.33739506409081e-08,0.99979122993567,-0.000166250574012426,0.00843468209291996,0.220445898093581,-5.53875426724333e-08,-0.00155398359192499,-8.50036179654254e-06,438.186220076298,439.948379970279,441.771059758747,439.948374006947
3.085,0,0,-0.301476382855692,-3.33256133433999e-08,0.999791303279851,-0.000157708623122195,0.00864625750229522,0.202669900701072,-5.49965493341587e-08,-0.00156919099329463,-8.51413116219187e-06,438.179949563642,439.948330802156,441.777214542751,439.94832530059
3.086,0,0,-0.301499868640741,-3.32766056384484e-08,0.999791377481215,-0.000148964018397222,0.00883995763350527,0.184701124059854,-5.46052482775078e-08,-0.00158392142129092,-8.52761829102002e-06,438.174351377175,439.9482824368,441.782689614293,439.948277387757
3.087,0,0,-0.30152336995973,-3.32269299243215e-08,0.999791452537595,-0.00014003472572184,0.00901560705528886,0.166574259937151,-5.42137048786585e-08,-0.00159817340741625,-8.5408231057007e-06,438.169408963815,439.948234878723,441.787501793136,439.948230273103
3.088,0,0,-0.30154688695243,-3.31765886422763e-08,0.999791528446708,-0.000130938869072612,0.00917306500497534,0.148323943250036,-5.38219830552363e-08,-0.00161194565803443,-8.55374558716788e-06,438.165106074529,439.948188132266,441.79166758637,439.948183961107
3.089,0,0,-0.301570419753909,-3.31255842763445e-08,0.999791605206163,-0.00012169469588864,0.00931222530026609,0.129984689459846,-5.34301452836859e-08,-0.00162523705002693,-8.5663857732006e-06,438.161426759636,439.948142201592,441.795203193415,439.948138456068
3.09,0,0,-0.301593968494516,-3.30739193531102e-08,0.999791682813458,-0.000112320542561246,0.00943301618882194,0.111590832807398,-5.30382526165385e-08,-0.0016380466265298,-8.57874375702217e-06,438.158355364155,439.948097090687,441.798124510952,439.948093762105
3.091,0,0,-0.301617533299878,-3.30215964414789e-08,0.999791761265992,-0.000102834800104806,0.0095354001365498,0.0931764654933123,-5.26463646995654e-08,-0.00165037359274967,-8.59081968591456e-06,438.155876523232,439.948052803366,441.800447137783,439.948049883162
3.092,0,0,-0.301641114290886,-3.29686181524382e-08,0.999791840561063,-9.32558800695296e-05,0.0096193735555846,0.0747753779049583,-5.22545397888273e-08,-0.00166221731185782,-8.60261375984863e-06,438.153975157608,439.948009343263,441.802186379621,439.948006823
3.093,0,0,-0.301664711583693,-3.29149871388104e-08,0.999791920695878,-8.36021807559647e-05,0.00968496647306272,0.0564209999886414,-5.18628347676271e-08,-0.0016735773009609,-8.61412623013057e-06,438.152636469162,439.94796671384,441.803357253815,439.947964585206
3.094,0,0,-0.301688325289707,-3.28607060949968e-08,0.999792001667549,-7.38920537898305e-05,0.00973224214188007,0.0381463438625553,-5.14713051633687e-08,-0.00168445322714722,-8.62535739806534e-06,438.151845936501,439.94792491838,441.803974493999,439.947923173184
3.095,0,0,-0.301711955515589,-3.28057777567139e-08,0.999792083473104,-6.41437711145755e-05,0.00976129659472223,0.0199839477628328,-5.10800051643344e-08,-0.00169484490360734,-8.63630761363738e-06,438.151589310616,439.947883959991,441.804052554688,439.947882590161
3.096,0,0,-0.30173560236325,-3.27502049007218e-08,0.999792166109489,-5.43754924576945e-05,0.00977225814274434,0.00196582141166327,-5.06889876363698e-08,-0.00170475228582778,-8.64697727420908e-06,438.151852610593,439.947843841604,441.803605615791,439.947842839185
3.097,0,0,-0.301759265929851,-3.26939903445441e-08,0.999792249573568,-4.46052333254358e-05,0.00976528682036591,-0.0158766071070269,-5.02983041394931e-08,-0.00171417546785671,-8.65736682323741e-06,438.152622119376,439.947804565971,441.802647587076,439.947803923123
3.098,0,0,-0.301782946307806,-3.26371369461803e-08,0.99979233386213,-3.48508335790132e-05,0.00974057377772944,-0.033512542882437,-4.99080049444145e-08,-0.00172311467864042,-8.66747674900902e-06,438.153884379596,439.947766135668,441.801192112556,439.947765844662
3.099,0,0,-0.301806643584779,-3.25796476038108e-08,0.999792418971895,-2.51299266438525e-05,0.00969834062245152,-0.050911874044119,-4.95181390489888e-08,-0.0017315702784295,-8.67730758339405e-06,438.155626189445,439.947728553091,441.799252574821,439.947728606309
3.1,0,0,-0.301830357843694,-3.25215252554934e-08,0.99979250489951,-1.54599094017331e-05,0.00963883871237177,-0.068045219887207,-4.91287541946002e-08,-0.00173954275525359,-8.68685990061893e-06,438.157834598616,439.947691820458,441.796842099305,439.947692210391
3.101,0,0,-0.301854089162736,-3.24627728788528e-08,0.999792591641561,-5.85791281394405e-06,0.00956234840107703,-0.0848839771852062,-4.87398968824584e-08,-0.00174703272146347,-8.69613431605851e-06,438.160496904287,439.947655939809,441.793973558487,439.947656659053
3.102,0,0,-0.301877837615357,-3.24033934907629e-08,0.99979267919457,3.65922667823874e-06,0.0094691782380468,-0.101400364623906,-4.83516123898373e-08,-0.00175404091033968,-8.7051314850474e-06,438.163600647168,439.947620913002,441.79065957604,439.947621954258
3.103,0,0,-0.301901603270284,-3.2343390147021e-08,0.999792767555002,1.30749949313238e-05,0.00935966412533044,-0.117567465294065,-4.79639447862393e-08,-0.00176056817276628,-8.71385210171103e-06,438.167133607595,439.947586741717,441.786912530911,439.947588097788
3.104,0,0,-0.301925386191527,-3.22827659420155e-08,0.999792856719265,2.23732270131381e-05,0.00923416843272664,-0.133359267184686,-4.75769369494978e-08,-0.00176661547396891,-8.72229689781619e-06,438.17108380168,439.947553427453,441.782744561344,439.947555091243
3.105,0,0,-0.301949186438391,-3.22215240083867e-08,0.999792946683718,3.15381332116335e-05,0.009093079073492,-0.148750701622915,-4.7190630581802e-08,-0.00177218389031602,-8.73046664164146e-06,438.175439477516,439.947520971527,441.778167568849,439.947522936041
3.106,0,0,-0.30197300406548,-3.21596675166796e-08,0.999793037444668,4.05543241005303e-05,0.00893680854265732,-0.163717679610879,-4.68050662256678e-08,-0.00177727460618226,-8.73836213686733e-06,438.180189111423,439.947489375075,441.773193222106,439.947491633415
3.107,0,0,-0.301996839122718,-3.20971996749913e-08,0.999793128998379,4.94068346254658e-05,0.00876579292007759,-0.17823712601413,-4.64202832798333e-08,-0.00178188891087299,-8.74598422148616e-06,438.185321404262,439.947458639054,441.767832960818,439.947461184416
3.108,0,0,-0.302020691655353,-3.20341237286109e-08,0.999793221341071,5.80811471764606e-05,0.00858049084038508,-0.192287011560695,-4.6036320015089e-08,-0.00178602819560896,-8.75333376673201e-06,438.190825277783,439.947428764235,441.762097999503,439.947431589913
3.109,0,0,-0.302044561703975,-3.19704429596534e-08,0.999793314468924,6.65632136147091e-05,0.00838138243205343,-0.205846382614168,-4.56532135900433e-08,-0.00178969395057011,-8.76041167603027e-06,438.196689871036,439.94739975121,441.755999331234,439.94740285059
3.11,0,0,-0.302068449304531,-3.19061606866864e-08,0.999793408378081,7.48394762239226e-05,0.00816896822781521,-0.218895388688677,-4.52710000668267e-08,-0.00179288776199758,-8.76721888396703e-06,438.202904536823,439.947371600387,441.749547731322,439.947374966947
3.111,0,0,-0.302092354488337,-3.18412802643522e-08,0.999793503064651,8.28968875587116e-05,0.00794376804870539,-0.231415307678025,-4.48897144267142e-08,-0.00179561130935293,-8.77375635527826e-06,438.209458838202,439.947344311992,441.742753760945,439.947347939302
3.112,0,0,-0.3021162772821,-3.17758050829821e-08,0.999793598524711,9.0722929164782e-05,0.00770631986402835,-0.243388568775717,-4.45093905857057e-08,-0.00179786636253362,-8.78002508385852e-06,438.216342545043,439.947317886068,441.735627770724,439.947321767786
3.113,0,0,-0.302140217707931,-3.17097385682063e-08,0.999793694754309,9.83056291480252e-05,0.00745717862956753,-0.254798773067055,-4.41300614100262e-08,-0.00179965477914388,-8.78602609178936e-06,438.223545630626,439.947292322476,441.728179904248,439.94729645235
3.114,0,0,-0.302164175783363,-3.16430841805569e-08,0.999793791749467,0.000105633578571911,0.00719691510637314,-0.265630711778902,-4.37517587315548e-08,-0.00180097850181996,-8.79176042838706e-06,438.231058268289,439.947267620893,441.720420101541,439.947271992757
3.115,0,0,-0.302188151521373,-3.15758454150667e-08,0.999793889506182,0.000112695946664938,0.00692611466247553,-0.275870382177142,-4.33745133631862e-08,-0.00180183955560894,-8.79722916926974e-06,438.238870828124,439.947243780812,441.712358102487,439.947248388589
3.116,0,0,-0.302212144930401,-3.15080258008609e-08,0.99979398802043,0.000119482494822236,0.00664537605987984,-0.285505001106231,-4.29983551141184e-08,-0.00180224004540017,-8.80243341544367e-06,438.246973873721,439.947220801547,441.704003450195,439.947225639242
3.117,0,0,-0.302236156014369,-3.14396289007456e-08,0.999794087288169,0.000125983589387792,0.00635531022920072,-0.294523016169626,-4.26233128050825e-08,-0.00180218215340842,-8.80737429240856e-06,438.25535815895,439.947198682226,441.695365494321,439.94720374393
3.118,0,0,-0.302260184772703,-3.13706583107892e-08,0.999794187305337,0.000132190213206111,0.0060565390342951,-0.302914114554155,-4.22494142834888e-08,-0.00180166813670799,-8.81205294928179e-06,438.264014624799,439.947177421797,441.686453394335,439.947182701683
3.119,0,0,-0.302284231200357,-3.13011176599007e-08,0.99979428806786,0.000138093975934491,0.00574969402924569,-0.31066922950569,-4.18766864385054e-08,-0.00180070032481679,-8.81647055794134e-06,438.272934396249,439.947157019022,441.677276122745,439.947162511348
3.12,0,0,-0.302308295287834,-3.1231010609402e-08,0.99979438957165,0.000143687123109429,0.00543541521003853,-0.317780544467672,-4.15051552160632e-08,-0.00179928111732963,-8.82062831218712e-06,438.282108779194,439.947137472486,441.667842468269,439.947143171589
3.121,0,0,-0.30233237702121,-3.11603408525966e-08,0.99979449181261,0.000148962543963031,0.00511434976326424,-0.324241494898199,-4.11348456337741e-08,-0.00179741298159992,-8.82452742692081e-06,438.291529257412,439.947118780589,441.658161038959,439.947124680889
3.122,0,0,-0.302356476382157,-3.10891121143329e-08,0.999794594786632,0.00015391377798759,0.00478715081415481,-0.330046767785464,-4.07657817957962e-08,-0.00179509845046883,-8.82816913734365e-06,438.301187489571,439.947100941552,441.648240265283,439.947107037546
3.123,0,0,-0.302380593347972,-3.10173281505647e-08,0.999794698489603,0.000158535020248835,0.00445447617624598,-0.335192298885323,-4.03979869076012e-08,-0.00179234012004127,-8.83155469817225e-06,438.31107530628,439.947083953415,441.638088403158,439.947090239681
3.124,0,0,-0.302404727891596,-3.0944992747906e-08,0.999794802917406,0.000162821125450584,0.00411698710492972,-0.339675267708702,-4.00314832906701e-08,-0.00178914064750779,-8.83468538287208e-06,438.321184707184,439.947067814037,441.627713536932,439.947074285232
3.125,0,0,-0.302428879981646,-3.08721097231833e-08,0.999794908065919,0.000166767610755847,0.00377534705713126,-0.343494090290366,-3.96662923971081e-08,-0.00178550274901163,-8.83756248290839e-06,438.331507858102,439.947052521099,441.617123582335,439.947059171956
3.126,0,0,-0.302453049582438,-3.07986829229837e-08,0.999795013931021,0.000170370657371568,0.00343022045931227,-0.346648409774331,-3.93024348241703e-08,-0.0017814291975602,-8.84018730701439e-06,438.342037088203,439.947038072105,441.60632628937,439.947044897434
3.127,0,0,-0.302477236654017,-3.0724716223199e-08,0.999795120508591,0.000173627110906451,0.0030822714859641,-0.349139084854801,-3.89399303287062e-08,-0.00177692282098017,-8.8425611804765e-06,438.352764887223,439.947024464378,441.59532924517,439.947031459065
3.128,0,0,-0.302501441152182,-3.06502135285675e-08,0.999795227794509,0.000176534480513399,0.00273216285071493,-0.350968176115048,-3.8578797841528e-08,-0.00177198649991547,-8.84468544443632e-06,438.363683902726,439.947011695067,441.584139876812,439.947018854074
3.129,0,0,-0.302525663028516,-3.05751787722114e-08,0.999795335784662,0.00017909093683025,0.00238055461213001,-0.352138930310091,-3.82190554816856e-08,-0.00176662316586745,-8.84656145520912e-06,438.374786937403,439.946999761145,441.572765454081,439.947007079508
3.13,0,0,-0.302549902230413,-3.04996159151723e-08,0.999795444474939,0.00018129530873449,0.00202810299623702,-0.352655762642269,-3.78607205706491e-08,-0.00176083579927644,-8.84819058361865e-06,438.386066946405,439.946988659408,441.561213092203,439.946996132239
3.131,0,0,-0.302574158701109,-3.0423528945943e-08,0.999795553861238,0.000183147078929701,0.00167545923775776,-0.352524237082029,-3.75038096464119e-08,-0.00175462742764406,-8.84957421434801e-06,438.397517034727,439.946978386482,441.549489754523,439.946986008964
3.132,0,0,-0.302598432379713,-3.03469218799967e-08,0.999795663939464,0.000184646378383383,0.0013232684419735,-0.351751044789271,-3.71483384775002e-08,-0.00174800112369553,-8.85071374530625e-06,438.40913045462,439.946968938817,441.537602255158,439.946976706207
3.133,0,0,-0.302622723201233,-3.02697987593144e-08,0.999795774705534,0.000185793979637752,0.000972168469094506,-0.35034398069349,-3.67943220768936e-08,-0.00174096000358127,-8.85161058701054e-06,438.420900603041,439.946960312695,441.525557261596,439.946968220323
3.134,0,0,-0.30264703109661,-3.01921636519091e-08,0.999795886155372,0.000186591289016907,0.000622788842944783,-0.348311918293777,-3.6441774715839e-08,-0.00173350722511717,-8.85226616198363e-06,438.432821019153,439.946952504226,441.513361297263,439.946960547492
3.135,0,0,-0.302671355992746,-3.01140206513479e-08,0.999795998284918,0.00018704033775558,0.000275749685710392,-0.345664782742333,-3.60907099375816e-08,-0.00172564598606284,-8.85268190416632e-06,438.444885381843,439.946945509352,441.501020744048,439.946953683728
3.136,0,0,-0.302695697812541,-3.00353738762726e-08,0.999796111090125,0.000187143772076363,-6.83393195649396e-05,-0.342413522277682,-3.57411405709884e-08,-0.00171737952243707,-8.8528592583447e-06,438.457087507296,439.946939323849,441.488541844789,439.946947624878
3.137,0,0,-0.302720056474917,-2.99562274699179e-08,0.999796224566959,0.000186904842243983,-0.000408879937120734,-0.338570078076095,-3.53930787440879e-08,-0.00170871110687006,-8.85279967959189e-06,438.469421346588,439.946933943325,441.475930705727,439.94694236662
3.138,0,0,-0.302744431894856,-2.98765855996277e-08,0.999796338711402,0.000186327390626769,-0.000745286355710606,-0.33414735259197,-3.50465358975062e-08,-0.00169964404699152,-8.85250463272406e-06,438.481880983329,439.946929363227,441.463193298909,439.946937904469
3.139,0,0,-0.30276882398343,-2.97964524563707e-08,0.999796453519454,0.000185415838796951,-0.00107698613344819,-0.329159176459929,-3.47015227977954e-08,-0.00169018168385426,-8.85197559177045e-06,438.494460631332,439.946925578838,441.450335464571,439.946934233779
3.14,0,0,-0.302793232647834,-2.97158322542535e-08,0.999796568987133,0.000184175173702906,-0.00140342110886709,-0.323620274033324,-3.43580495506683e-08,-0.00168032739039247,-8.85121403945711e-06,438.50715463232,439.946922585282,441.437362913468,439.94693134974
3.141,0,0,-0.302817657791421,-2.96347292300331e-08,0.999796685110473,0.00018261093294778,-0.00172404827686926,-0.317546227635571,-3.40161256141246e-08,-0.00167008456991412,-8.85022146670409e-06,438.51995745367,439.946920377521,441.424281229183,439.946929247384
3.142,0,0,-0.302842099313732,-2.95531476426282e-08,0.999796801885532,0.000180729189210248,-0.00203834062831368,-0.310953440602318,-3.36757598114813e-08,-0.00165945665462691,-8.84899937213598e-06,438.532863686184,439.946918950365,441.411095870386,439.946927921587
3.143,0,0,-0.302866557110531,-2.94710917726289e-08,0.999796919308385,0.000178536533844353,-0.00234578795207554,-0.303859099193892,-3.3336960344286e-08,-0.00164844710419715,-8.84754926160525e-06,438.545868041902,439.946918298464,441.39781217307,439.946927367066
3.144,0,0,-0.302891031073841,-2.93885659218069e-08,0.99979703737513,0.000176040059696512,-0.00264589759848668,-0.296281133458738,-3.29997348051373e-08,-0.00163705940434098,-8.84587264772848e-06,438.558965351945,439.946918416319,441.384435352747,439.946927578389
3.145,0,0,-0.302915521091976,-2.93055744126235e-08,0.999797156081887,0.000173247343178805,-0.00293819520314897,-0.288238177129654,-3.26640901903864e-08,-0.00162529706544738,-8.84397104943495e-06,438.572150564384,439.946919298277,441.370970506607,439.946928549968
3.146,0,0,-0.302940027049575,-2.92221215877377e-08,0.9997972754248,0.000170166425638668,-0.0032222253701948,-0.27974952663561,-3.23300329127365e-08,-0.00161316362123235,-8.84184599152748e-06,438.585418742154,439.946920938538,441.35742261565,439.946930276069
3.147,0,0,-0.302964548827638,-2.91382118095145e-08,0.999797395400034,0.00016680579406594,-0.00349755231415199,-0.270835099312704,-3.19975688137175e-08,-0.00160066262742372,-8.83949900425527e-06,438.598765060989,439.946923331154,441.34379654678,439.946932750808
3.148,0,0,-0.302989086303561,-2.90538494595317e-08,0.999797516003781,0.000163174361179076,-0.0037637604596542,-0.26151539089843,-3.16667031760661e-08,-0.00158779766047611,-8.83693162289842e-06,438.612184807396,439.946926470034,441.330097054869,439.946935968159
3.149,0,0,-0.303013639351171,-2.89690389380877e-08,0.999797637232256,0.000159281444933003,-0.00402045499832263,-0.251811432393946,-3.13374407360005e-08,-0.00157457231631538,-8.83414538736395e-06,438.625673376653,439.946930348942,441.316328784784,439.946939921949
3.15,0,0,-0.303038207840759,-2.88837846637083e-08,0.9997977590817,0.000155136747491765,-0.00426726240222929,-0.241744746379277,-3.10097856953593e-08,-0.00156099020911209,-8.83114184179313e-06,438.639226270845,439.946934961504,441.302496273391,439.946944605869
3.151,0,0,-0.30306279163912,-2.87980910726547e-08,0.999797881548382,0.000150750333709619,-0.00450383089343749,-0.231337302866594,-3.06837417336368e-08,-0.00154705497008349,-8.82792253417967e-06,438.652839096927,439.946940301208,441.288603951519,439.946950013469
3.152,0,0,-0.303087390609582,-2.87119626184306e-08,0.999798004628596,0.000146132609164739,-0.00472983086920007,-0.220611474776687,-3.03593120199119e-08,-0.00153277024632345,-8.8244890159988e-06,438.666507564813,439.946946361407,441.274656145897,439.946956138163
3.153,0,0,-0.30311200461205,-2.86254037712905e-08,0.999798128318661,0.000141294297790026,-0.00494495528248108,-0.20958999312357,-3.00364992246545e-08,-0.00151813969965984,-8.82084284184683e-06,438.680227485501,439.946953135319,441.260657081058,439.946962973233
3.154,0,0,-0.303136633503035,-2.85384190177484e-08,0.999798252614927,0.000136246419145856,-0.0051489199775515,-0.198295901991887,-2.97153055314186e-08,-0.0015031670055389,-8.81698556909104e-06,438.693994769228,439.946960616034,441.246610881218,439.946970511829
3.155,0,0,-0.303161277135693,-2.84510128600866e-08,0.99979837751377,0.00013100026537975,-0.0053414639804938,-0.186752513391271,-2.93957326484073e-08,-0.00148785585193601,-8.8129187575296e-06,438.707805423642,439.946968796513,441.232521572121,439.946978746973
3.156,0,0,-0.30318593535986,-2.83631898158661e-08,0.999798503011595,0.00012556737791814,-0.00552234974453423,-0.174983362071249,-2.90777818199383e-08,-0.00147220993829253,-8.80864396906137e-06,438.721655552019,439.946977669591,441.218393082855,439.946987671561
3.157,0,0,-0.303210608022092,-2.82749544174368e-08,0.999798629104836,0.000119959523935377,-0.00569136335020476,-0.163012160379477,-2.87614538377788e-08,-0.00145623297447803,-8.80416276736536e-06,438.735541351494,439.946987227982,441.204229247641,439.946997278366
3.158,0,0,-0.303235294965695,-2.81863112114497e-08,0.999798755789953,0.000114188672645138,-0.00584831466041919,-0.150862753245228,-2.84467490523576e-08,-0.00143992867977765,-8.7994767175895e-06,438.749459111328,439.946997464277,441.190033807592,439.94700756004
3.159,0,0,-0.303259996030768,-2.80972647583697e-08,0.999798883063438,0.000108266971459234,-0.00599303743062899,-0.138559073368973,-2.81336673838693e-08,-0.00142330078190397,-8.79458738604874e-06,438.763405211201,439.947008370953,441.175810412443,439.947018509117
3.16,0,0,-0.303284711054233,-2.80078196319892e-08,0.999799010921813,0.000102206722058621,-0.00612538937430517,-0.126125096697753,-2.782220833325e-08,-0.00140635301603296,-8.78949633993197e-06,438.777376119526,439.94701994037,441.161562622261,439.947030118016
3.161,0,0,-0.303309439869879,-2.79179804189439e-08,0.999799139361627,9.60203564211325e-05,-0.00624525218407098,-0.1135847982647,-2.75123709930325e-08,-0.00138908912386365,-8.78420514701788e-06,438.791368391799,439.947032164775,441.147293909112,439.947042379044
3.162,0,0,-0.303334182308392,-2.78277517182293e-08,0.99979926837946,8.97204128500947e-05,-0.00635253150888841,-0.100962108469623,-2.72041540580903e-08,-0.001371512852701,-8.77871537539924e-06,438.805378668967,439.947045036309,441.133007658721,439.947055284397
3.163,0,0,-0.303358938197396,-2.77371381407189e-08,0.999799397971923,8.33195120475263e-05,-0.00644715688777728,-0.0882808698760253,-2.6897555836249e-08,-0.0013536279545615,-8.77302859321563e-06,438.819403675826,439.947058547003,441.118707172087,439.947068826164
3.164,0,0,-0.303383707361488,-2.76461443086842e-08,0.999799528135655,7.68303332751278e-05,-0.00652908164062028,-0.0755647945981981,-2.65925742587747e-08,-0.00133543818530122,-8.7671463683943e-06,438.833440219446,439.947072688787,441.104395667087,439.947082996331
3.165,0,0,-0.303408489622275,-2.75547748553161e-08,0.999799658867327,7.02655906456652e-05,-0.00659828271668017,-0.0628374223502511,-2.62892068907515e-08,-0.0013169473037657,-8.76107026839899e-06,438.847485187615,439.947087453488,441.09007628004,439.947097786781
3.166,0,0,-0.303433284798411,-2.74630344242482e-08,0.99979979016364,6.36380095866918e-05,-0.00665476050152623,-0.0501220792270059,-2.59874509413277e-08,-0.00129815907096138,-8.75480185998655e-06,438.861535547314,439.947102832835,441.075752067262,439.9471131893
3.167,0,0,-0.303458092705635,-2.73709276690823e-08,0.999799922021324,5.69603035178232e-05,-0.00669853858313591,-0.0374418372846501,-2.56873032738366e-08,-0.00127907724924824,-8.74834270897112e-06,438.875588343215,439.947118818465,441.06142600658,439.947129195577
3.168,0,0,-0.303482913156805,-2.72784592529153e-08,0.99980005443714,5.02451507819788e-05,-0.00672966347800447,-0.0248194749869165,-2.53887604157947e-08,-0.00125970560155295,-8.74169437999571e-06,438.889640696199,439.947135401918,441.047100998831,439.947145797209
3.169,0,0,-0.303507745961939,-2.71856338478685e-08,0.99980018740788,4.35051718701377e-05,-0.00674820431816014,-0.0122774385803177,-2.50918185687791e-08,-0.00124004789060257,-8.73485843631101e-06,438.903689801906,439.947152574647,441.032779869336,439.947162985703
3.17,0,0,-0.303532590928249,-2.70924561346192e-08,0.999800320930367,3.67529069782301e-05,-0.00675425250004473,0.000162195540358787,-2.47964736181862e-08,-0.001220107878178,-8.72783643956121e-06,438.917732929298,439.94717032802,441.018465369344,439.947180752479
3.171,0,0,-0.303557447860177,-2.69989308019346e-08,0.999800455001451,3.00007939337921e-05,-0.00674792129627929,0.0124777574175074,-2.45027211428669e-08,-0.00119988932438701,-8.7206299495767e-06,438.931767419255,439.947188653319,441.004160177461,439.947199088872
3.172,0,0,-0.303582316559436,-2.69050625462069e-08,0.999800589618016,2.32611465289662e-05,-0.00672934543139259,0.0246480190108212,-2.42105564246313e-08,-0.00117939598695656,-8.71324052417346e-06,438.945790683187,439.947207541746,440.989866901048,439.947217986137
3.173,0,0,-0.303607196825041,-2.68108560709927e-08,0.999800724776974,1.65461332953223e-05,-0.00669868062264451,0.0366522285183543,-2.39199744576243e-08,-0.00115863162054373,-8.70566971895893e-06,438.959800201675,439.947226984427,440.975588077602,439.947237435451
3.174,0,0,-0.303632088453353,-2.67163160865534e-08,0.999800860475267,9.86775675481546e-06,-0.00665610308712934,0.0484701434874651,-2.36309699575881e-08,-0.00113759997606525,-8.69791908714428e-06,438.973793523125,439.947246972409,440.96132617611,439.947257427915
3.175,0,0,-0.30365699123811,-2.66214473093983e-08,0.999800996709869,3.23783317998933e-06,-0.00660180901639344,0.0600820626672873,-2.33435373709924e-08,-0.00111630480004501,-8.68999017936283e-06,438.987768262453,439.947267496673,440.947083598382,439.947277954558
3.176,0,0,-0.303681904970464,-2.65262544618312e-08,0.999801133477782,-3.33202710472854e-06,-0.0065360140198488,0.071468856557157,-2.30576708840452e-08,-0.00109474983397935,-8.68188454349451e-06,439.001722099788,439.947288548127,440.932862680366,439.94729900634
3.177,0,0,-0.303706829439023,-2.64307422714987e-08,0.999801270776037,-9.83043885009286e-06,-0.00645895253830809,0.0826119966082511,-2.27733644315759e-08,-0.00107293881371969,-8.67360372449621e-06,439.015652779193,439.947310117615,440.918665693433,439.947320574154
3.178,0,0,-0.303731764429881,-2.63349154709418e-08,0.999801408601696,-1.62462604082707e-05,-0.0063708772290082,0.0934935830385784,-2.24906117058033e-08,-0.00105087546887226,-8.66514926423778e-06,439.029558107414,439.947332195918,440.904494845649,439.94734264883
3.179,0,0,-0.303756709726658,-2.62387787971503e-08,0.999801546951849,-2.25686116304236e-05,-0.00627205832352768,0.104096371224387,-2.22094061649767e-08,-0.00102856352221445,-8.65652270134371e-06,439.043435952645,439.947354773757,440.890352283024,439.947365221139
3.18,0,0,-0.303781665110538,-2.61423369911195e-08,0.999801685823618,-2.87868911092526e-05,-0.00616278296003873,0.114403796634017,-2.19297410418849e-08,-0.00100600668912765,-8.64772557104014e-06,439.05728424331,439.947377841795,440.876240090732,439.947388281791
3.181,0,0,-0.303806630360301,-2.60455947974109e-08,0.999801825214149,-3.48907927415754e-05,-0.00604335449136728,0.124399998273228,-2.16516093522587e-08,-0.000983208677046032,-8.63875940500716e-06,439.071100966878,439.947401390642,440.862160294325,439.947411821446
3.182,0,0,-0.303831605252365,-2.59485569637147e-08,0.999801965120621,-4.08703215874932e-05,-0.00591409177036368,0.134069840614041,-2.13750039030313e-08,-0.00096017318492113,-8.62962573123628e-06,439.08488416868,439.947425410859,440.848114860915,439.947435830709
3.183,0,0,-0.303856589560815,-2.58512282404164e-08,0.99980210554024,-4.67158090042185e-05,-0.00577532841411334,0.143398933982201,-2.1099917300481e-08,-0.000936903902701848,-8.6203260738929e-06,439.098631950761,439.947449892955,440.834105700344,439.947460300138
3.184,0,0,-0.303881583057446,-2.5753613380166e-08,0.999802246470238,-5.24179270341808e-05,-0.00562741204853982,0.152373653381396,-2.08263419582526e-08,-0.000913404510829546,-8.61086195318356e-06,439.112342470745,439.947474827398,440.820134666325,439.947485220245
3.185,0,0,-0.303906585511797,-2.56557171374502e-08,0.999802387907877,-5.79677020285855e-05,-0.00547070353497327,0.160981155735473,-2.05542701052688e-08,-0.000889678679747969,-8.60123488522807e-06,439.126013940714,439.94750020461,440.806203557575,439.947510581501
3.186,0,0,-0.303931596691185,-2.5557544268168e-08,0.999802529850448,-6.33565274891858e-05,-0.00530557618027433,0.169209395532917,-2.02836937934998e-08,-0.000865730069427672,-8.59144638193609e-06,439.139644626117,439.947526014977,440.792314118924,439.947536374333
3.187,0,0,-0.303956616360743,-2.54590995292101e-08,0.999802672295265,-6.85761761126248e-05,-0.00513241493211782,0.17704713886099,-2.00146049056299e-08,-0.000841562328904679,-8.58149795088831e-06,439.153232844688,439.947552248847,440.7784680424,439.947562589137
3.188,0,0,-0.303981644283454,-2.53603876780406e-08,0.999802815239674,-7.36188110233135e-05,-0.00495161556105158,0.184483975819924,-1.97469951625941e-08,-0.000817179095833072,-8.5713910952219e-06,439.166776965385,439.947578896535,440.764666968305,439.947589216269
3.189,0,0,-0.304006680220189,-2.52614134722826e-08,0.999802958681042,-7.84769961824313e-05,-0.00476358383095391,0.191510331310663,-1.94808561309888e-08,-0.00079258399605123,-8.56112731352025e-06,439.18027540735,439.947605948326,440.750912486268,439.947616246059
3.19,0,0,-0.304031723929741,-2.51621816693075e-08,0.999803102616768,-8.3143705962262e-05,-0.00456873465951811,0.198117474192662,-1.92161792303649e-08,-0.000767780643161448,-8.5507080997068e-06,439.193726638882,439.947633394476,440.737206136279,439.947643668807
3.191,0,0,-0.304056775168862,-2.5062697025827e-08,0.999803247044272,-8.76123338767069e-05,-0.00436749127039448,0.204297524811241,-1.89529557404072e-08,-0.000742772638122648,-8.54013494294287e-06,439.20712917643,439.947661225217,440.723549409709,439.947671474785
3.192,0,0,-0.304081833692294,-2.49629642974893e-08,0.999803391961004,-9.18767004604482e-05,-0.0041602843386193,0.210043460897015,-1.86911768079916e-08,-0.000717563568855929,-8.5294093275294e-06,439.220481583605,439.94768943076,440.709943750308,439.947699654248
3.193,0,0,-0.304106899252809,-2.48629882384781e-08,0.999803537364435,-9.5931060290862e-05,-0.00394755113095621,0.215349121842809,-1.84308334541234e-08,-0.000692157009862686,-8.51853273281247e-06,439.233782470202,439.947718001295,440.69639055519,439.947728197426
3.194,0,0,-0.304131971601244,-2.4762773601116e-08,0.999803683252064,-9.97701081484036e-05,-0.00372973464276851,0.220209211366425,-1.81719165807474e-08,-0.00066655652185503,-8.50750663309248e-06,439.247030491246,439.947746926997,440.682891175803,439.947757094535
3.195,0,0,-0.304157050486533,-2.46623251354704e-08,0.999803829621414,-0.000103388984312802,-0.00350728273303132,0.22461929857045,-1.7914416977461e-08,-0.000640765651398266,-8.4963324975369e-06,439.260224346054,439.947776198027,440.669446918872,439.947786335776
3.196,0,0,-0.30418213565574,-2.45616475889642e-08,0.999803976470031,-0.000106783278994001,-0.00328064725907959,0.22857581741313,-1.76583253280884e-08,-0.000614787930565178,-8.48501179009651e-06,439.273362777306,439.947805804536,440.656059047339,439.947815911339
3.197,0,0,-0.304207226854102,-2.44607457059893e-08,0.999804123795485,-0.000109949035898377,-0.00305028321267285,0.232076064607086,-1.74036322171503e-08,-0.000588626876601861,-8.473545969425e-06,439.28644457014,439.947835736665,440.64272878128,439.947845811406
3.198,0,0,-0.304232323825055,-2.43596242275237e-08,0.99980427159537,-0.000112882754932332,-0.00281664785893938,0.235118195965336,-1.71503281362155e-08,-0.000562285991604874,-8.46193648880184e-06,439.299468551258,439.947865984551,440.629457298802,439.947876026151
3.199,0,0,-0.304257426310272,-2.42582878907533e-08,0.999804419867303,-0.000115581394046912,-0.00258019987974152,0.237701221216754,-1.68984034901456e-08,-0.00053576876220947,-8.45018479605834e-06,439.31243358805,439.947896538329,440.616245736934,439.947906545747
3.2,0,0,-0.304282534049696,-2.41567414286963e-08,0.999804568608923,-0.000118042370228636,-0.00234139852298067,0.239824997315639,-1.66478486032101e-08,-0.000509078659288659,-8.43829233350676e-06,439.325338587733,439.947927388131,440.6030951925,439.947937360366
3.201,0,0,-0.304307646781576,-2.40549895698316e-08,0.99980471781789,-0.000120263559643224,-0.00210070275933439,0.241490220272588,-1.63986537250905e-08,-0.0004822191376629,-8.42626053787251e-06,439.338182496501,439.947958524096,440.590006722965,439.94796846018
3.202,0,0,-0.3043327642425,-2.39530370377319e-08,0.999804867491889,-0.000122243296940388,-0.00185857044788981,0.242698415536275,-1.61508090367814e-08,-0.000455193635820161,-8.41409084022913e-06,439.350964298696,439.947989936363,440.576981347288,439.947999835367
3.203,0,0,-0.304357886167426,-2.38508885506988e-08,0.999805017628622,-0.000123980373729303,-0.00161545751210652,0.243451926958121,-1.59043046563642e-08,-0.000428005575646159,-8.40178466593623e-06,439.36368301599,439.948021615084,440.564020046739,439.948031476114
3.204,0,0,-0.304383012289721,-2.37485488214038e-08,0.999805168225816,-0.000125474036235794,-0.00137181712750921,0.243753904374047,-1.5659130644681e-08,-0.00040065836216454,-8.38934343458007e-06,439.37633770658,439.948053550417,440.551123765715,439.948063372615
3.205,0,0,-0.304408142341188,-2.36460225565313e-08,0.999805319281216,-0.000126723982153643,-0.00112809892247489,0.243608289839761,-1.54152770108989e-08,-0.000373155383286792,-8.37676855991683e-06,439.388927464402,439.948085732536,440.538293412536,439.948095515077
3.206,0,0,-0.304433276052105,-2.35433144564265e-08,0.999805470792587,-0.000127730356703796,-0.000884748193442164,0.243019802558047,-1.51727337179579e-08,-0.000345500009571684,-8.36406144981853e-06,439.401451418354,439.948118151627,440.525529860227,439.948127893723
3.207,0,0,-0.304458413151256,-2.3440429214747e-08,0.999805622757715,-0.000128493747916517,-0.000642205135830367,0.241993922538585,-1.49314906879054e-08,-0.000317695593994016,-8.35122350622136e-06,439.413908731534,439.948150797897,440.512833947293,439.948160498791
3.208,0,0,-0.30448355336596,-2.33373715181179e-08,0.999805775174403,-0.000129015181152847,-0.000400904091915028,0.240536873032704,-1.46915378071323e-08,-0.000289745471722489,-8.3382561250765e-06,439.426298600495,439.94818366157,440.500206478468,439.948193320541
3.209,0,0,-0.30450869642211,-2.32341460457909e-08,0.999805928040475,-0.000129296112882916,-0.000161272816862763,0.238655601787306,-1.44528649314868e-08,-0.00026165295990648,-8.32516069630326e-06,439.438620254507,439.948216732896,440.487648225461,439.948226349253
3.21,0,0,-0.304533842044203,-2.31307574693081e-08,0.999806081353771,-0.000129338423739848,7.62682359164109e-05,0.236357761163891,-1.42154618912935e-08,-0.00023342135747154,-8.31193860374459e-06,439.450872954838,439.948250002147,440.475159927686,439.948259575233
3.211,0,0,-0.304558989955371,-2.3027210452168e-08,0.99980623511215,-0.000129144410869157,0.000311306608988096,0.233651687170241,-1.39793184962632e-08,-0.000205053944923418,-8.29859122512469e-06,439.463055994043,439.948283459623,440.462742292975,439.948292988811
3.212,0,0,-0.304584139877413,-2.29235096494971e-08,0.999806389313489,-0.000128716779594567,0.000543438513620928,0.23054637745383,-1.37444245403006e-08,-0.000176553984160414,-8.28511993200888e-06,439.475168695273,439.948317095655,440.450395998287,439.94832658035
3.213,0,0,-0.304609291530831,-2.28196597077248e-08,0.999806543955681,-0.000128058634422284,0.000772269480009237,0.227051468307428,-1.35107698062031e-08,-0.000147924718293896,-8.27152608976551e-06,439.487210411585,439.948350900602,440.438121690392,439.94836034024
3.214,0,0,-0.304634444634856,-2.27156652642615e-08,0.999806699036635,-0.000127173469406698,0.000997414984028929,0.223177210738657,-1.32783440702546e-08,-0.000119169371476769,-8.25781105752986e-06,439.499180525275,439.948384864862,440.425919986555,439.948394258907
3.215,0,0,-0.304659598907486,-2.26115309471819e-08,0.999806854554277,-0.000126065157901447,0.00121850104961692,0.218934445656484,-1.30471371067166e-08,-9.02911487397475e-05,-8.24397618817011e-06,439.511078447218,439.948418978864,440.413791475202,439.948428326813
3.216,0,0,-0.30468475406551,-2.25072613749113e-08,0.999807010506549,-0.000124737941720643,0.00143516482591803,0.214334578228665,-1.28171386922179e-08,-6.12932358352338e-05,-8.2300228282551e-06,439.522903616223,439.948453233079,440.401736716569,439.948462534455
3.217,0,0,-0.304709909824547,-2.24028611559162e-08,0.999807166891405,-0.000123196419735906,0.00164705513839761,0.209389551465185,-1.25883386100487e-08,-3.21787990886396e-05,-8.21595231802399e-06,439.534655498392,439.948487618017,440.389756243351,439.948496872372
3.218,0,0,-0.304735065899072,-2.22983348883988e-08,0.999807323706817,-0.000121445535935621,0.00185383301317399,0.204111819083565,-1.23607266543533e-08,-2.95098525697968e-06,-8.20176599135771e-06,439.546333586504,439.948522124231,440.377850561328,439.948531331145
3.219,0,0,-0.304760222002447,-2.21936871599952e-08,0.999807480950771,-0.000119490566973533,0.0020551721738806,0.198514317712672,-1.21342926342132e-08,2.63870786054292e-05,-8.1874651757521e-06,439.557937399395,439.948556742316,440.366020149989,439.948565901398
3.22,0,0,-0.304785377846955,-2.20889225474782e-08,0.999807638621264,-0.00011733710923449,0.00225075951042508,0.192610438492314,-1.19090263776387e-08,5.58322852743279e-05,-8.1730511922928e-06,439.569466481363,439.948591462917,440.354265463133,439.948600573802
3.221,0,0,-0.304810533143826,-2.19840456164629e-08,0.999807796716309,-0.000114991065445713,0.00244029551906995,0.18641399812644,-1.16849177354754e-08,8.53815474760922e-05,-8.1585253556317e-06,439.580920401574,439.948626276726,440.342586929473,439.948635339073
3.222,0,0,-0.304835687603271,-2.18790609211175e-08,0.999807955233932,-0.000112458630862548,0.00262349471331747,0.179939209448163,-1.14619565851998e-08,0.000115031798001686,-8.14388897396501e-06,439.592298753484,439.948661174484,440.330984953218,439.948670187982
3.223,0,0,-0.304860840934512,-2.17739730038768e-08,0.999808114172169,-0.000109746279058125,0.00280008600513987,0.173200651555163,-1.12401328346087e-08,0.000144779989814147,-8.1291433490128e-06,439.60360115427,439.948696146986,440.319459914651,439.948705111346
3.224,0,0,-0.304885992845807,-2.16687863951609e-08,0.999808273529069,-0.000106860747346776,0.00296981305615465,0.166213239574209,-1.1019436425438e-08,0.000174623096149747,-8.11428977600013e-06,439.614827244272,439.94873118508,440.308012170688,439.948740100041
3.225,0,0,-0.304911143044488,-2.15635056130965e-08,0.999808433302695,-0.000103809021871461,0.00313243459840346,0.158992194113643,-1.07998573368786e-08,0.000204558110612996,-8.09932954363945e-06,439.625976686447,439.948766279671,440.29664205544,439.948775144994
3.226,0,0,-0.30493629123698,-2.14581351632431e-08,0.999808593491117,-0.000100598322385722,0.00328772472445191,0.151553010462638,-1.05813855890003e-08,0.000234582047265608,-8.08426393411458e-06,439.637049165828,439.948801421721,440.285349880749,439.948810237191
3.227,0,0,-0.304961437128842,-2.13526795383226e-08,0.999808754092419,-9.72360867609832e-05,0.00343547314658662,0.143911427595936,-1.03640112460818e-08,0.000264691940709599,-8.06909422306581e-06,439.648044388998,439.94883660225,440.274135936729,439.948845367677
3.228,0,0,-0.304986580424786,-2.12471432179532e-08,0.999808915104692,-9.37299552501672e-05,0.00357548542494398,0.136083397042533,-1.01477244198485e-08,0.000294884846164642,-8.05382167957656e-06,439.658962083574,439.948871812342,440.263000492283,439.948880527558
3.229,0,0,-0.305011720828711,-2.11415306683864e-08,0.999809076526041,-9.00877545387709e-05,0.00370758316446389,0.128085051676441,-9.93251527263033e-09,0.000325157839539818,-8.03844756616104e-06,439.669801997696,439.948907043141,440.251943795622,439.948915708
3.23,0,0,-0.305036858043731,-2.10358463422487e-08,0.999809238354577,-8.63174816145939e-05,0.00383160418061936,0.119932674487229,-9.71837402041744e-09,0.000355508017499907,-8.0229731387533e-06,439.680563899531,439.948942285856,440.240966074768,439.948950900236
3.231,0,0,-0.305061991772204,-2.09300946782868e-08,0.99980940058842,-8.24272874873503e-05,0.00394740263393034,0.111642667387505,-9.50529093583529e-09,0.000385932497526344,-8.00739964669744e-06,439.691247576783,439.948977531764,440.230067538049,439.948986095563
3.232,0,0,-0.305087121715758,-2.08242801011167e-08,0.999809563225701,-7.84254607893478e-05,0.00405484913332714,0.103231520113866,-9.29325635103969e-09,0.000416428417972973,-7.99172833273888e-06,439.701852836212,439.949012772206,440.219248374581,439.949021285343
3.233,0,0,-0.30511224757532,-2.07184070209766e-08,0.999809726264557,-7.43204112883325e-05,0.00415383080848478,0.0947157792770951,-9.0822606605175e-09,0.000446992938116728,-7.97596043301682e-06,439.712379503165,439.949047998595,440.208508754751,439.94905646101
3.234,0,0,-0.305137369051147,-2.06124798334835e-08,0.999809889703133,-7.01206533434405e-05,0.00424425135130509,0.0861120176165901,-8.87229432380387e-09,0.000477623238203364,-7.96009717705771e-06,439.722827421115,439.949083202412,440.197848830679,439.949091614065
3.235,0,0,-0.305162485842847,-2.05065029193939e-08,0.999810053539582,-6.58347893350009e-05,0.00432603102677795,0.0774368035130555,-8.66334786811409e-09,0.000508316519488369,-7.94413978776983e-06,439.733196451204,439.949118375212,440.187268736679,439.949126736083
3.236,0,0,-0.305187597649415,-2.04004806443683e-08,0.999810217772062,-6.14714930986703e-05,0.00439910665350648,0.0687066708124975,-8.45541189089882e-09,0.000539070004273162,-7.92808948143877e-06,439.743486471803,439.949153508622,440.176768589708,439.949161818709
3.237,0,0,-0.305212704169252,-2.02944173587387e-08,0.999810382398741,-5.70394933940728e-05,0.00446343155423358,0.0599380890134645,-8.24847706232304e-09,0.000569880935936713,-7.91194746772396e-06,439.753697378075,439.949188594342,440.166348489807,439.949196853664
3.238,0,0,-0.305237805100196,-2.01883173972815e-08,0.999810547417789,-5.2547557437752e-05,0.00451897547675846,0.0511474338682941,-8.04253412764399e-09,0.000600746578962693,-7.89571494965614e-06,439.763829081546,439.949223624152,440.156008520534,439.949231832744
3.239,0,0,-0.305262900139552,-2.0082185078992e-08,0.999810712827384,-4.8004474529831e-05,0.00456572448568227,0.0423509584478676,-7.8375739095284e-09,0.000631664218962263,-7.87939312363562e-06,439.773881509688,439.949258589905,440.145748749388,439.949266747822
3.24,0,0,-0.305287988984111,-1.99760247068648e-08,0.999810878625709,-4.34190398033114e-05,0.00460368082547015,0.0335647647180362,-7.63358731028501e-09,0.00066263116269263,-7.8629831794316e-06,439.783854605506,439.949293483534,440.135569228225,439.949301590847
3.241,0,0,-0.305313071330183,-1.98698405676762e-08,0.999811044810951,-3.88000381244303e-05,0.00463286275536526,0.0248047756744696,-7.43056531401825e-09,0.000693644738071455,-7.8464863001822e-06,439.793748327137,439.949328297052,440.125469993668,439.94933635385
3.242,0,0,-0.305338146873619,-1.97636369317713e-08,0.999811211381303,-3.41562281719373e-05,0.00465330435673572,0.0160867080811944,-7.22849898870251e-09,0.00072470229418725,-7.82990366239533e-06,439.803562647454,439.949363022553,440.115451067503,439.94937102894
3.243,0,0,-0.305363215309841,-1.96574180528542e-08,0.999811378334961,-2.94963267225493e-05,0.00466505531348019,0.00742604585653843,-7.02737948818497e-09,0.000755801201305843,-7.81323643595042e-06,439.813297553675,439.94939765221,440.105512457077,439.949405608308
3.244,0,0,-0.305388276333864,-1.95511881677825e-08,0.999811545670124,-2.48289931691935e-05,0.00466818066616078,-0.00116198585141961,-6.82719805412014e-09,0.00078693885087303,-7.79648578410082e-06,439.82295304699,439.949432178283,440.095654155676,439.949440084228
3.245,0,0,-0.305413329640323,-1.94449514963649e-08,0.999811713384996,-2.01628142979597e-05,0.004662760540573,-0.00966244585947047,-6.6279460178204e-09,0.000818112655513513,-7.77965286347705e-06,439.832529142184,439.949466593113,440.085876142908,439.949474449058
3.246,0,0,-0.305438374923499,-1.93387122411625e-08,0.999811881477782,-1.55062893489532e-05,0.00464888985150232,-0.0180607013752758,-6.42961480204175e-09,0.000849320049026216,-7.76273882409065e-06,439.842025867271,439.949500889126,440.07617838507,439.949508695238
3.247,0,0,-0.305463411877344,-1.92324745872938e-08,0.999812049946693,-1.08678153854715e-05,0.00462667798245445,-0.0263424516178468,-6.23219592269925e-09,0.000880558486376089,-7.74574480933882e-06,439.851443263139,439.949535058836,440.066560835512,439.949542815297
3.248,0,0,-0.305488440195504,-1.91262427022433e-08,0.999812218789939,-6.25567299512296e-06,0.0045962484421826,-0.0344937505974339,-6.03568099050245e-09,0.000911825443682482,-7.72867195600967e-06,439.860781383198,439.949569094841,440.05702343499,439.949576801847
3.249,0,0,-0.305513459571349,-1.9020020735674e-08,0.999812388005733,-1.67801234566254e-06,0.00455773849886902,-0.0425010290216422,-5.84006171252601e-09,0.000943118418204192,-7.71152139428815e-06,439.870040293037,439.94960298983,440.047566112014,439.94961064759
3.25,0,0,-0.305538469697989,-1.89138128192423e-08,0.999812557592289,2.8571603825495e-06,0.00451129879285052,-0.0503511152965126,-5.64532989371122e-09,0.000974434928321273,-7.69429424776257e-06,439.879220070085,439.949636736578,440.038188783193,439.949644345315
3.251,0,0,-0.305563470268307,-1.88076230664181e-08,0.999812727547824,7.34199616646879e-06,0.00445709292880758,-0.0580312555932686,-5.45147743830869e-09,0.00100577251351369,-7.67699163343175e-06,439.888320803281,439.94967032795,440.028891353567,439.949677887899
3.252,0,0,-0.305588460974979,-1.87014555723066e-08,0.999812897870554,1.1768815892603e-05,0.00439529704836544,-0.0655291329534266,-5.25849635124715e-09,0.00103712873433694,-7.65961466171277e-06,439.897342592755,439.949703756901,440.019673716933,439.949711268312
3.253,0,0,-0.305613441510496,-1.85953144134752e-08,0.999813068558696,1.61301226724601e-05,0.00432609938408148,-0.0728328854069916,-5.06637873943571e-09,0.00106850117239465,-7.64216443644921e-06,439.906285549503,439.949737016479,440.01053575617,439.94974447961
3.254,0,0,-0.305638411567192,-1.84892036477827e-08,0.999813239610469,2.04186137030918e-05,0.00424969979581764,-0.0799311230805114,-4.87511681299827e-09,0.00109988743030832,-7.62464205492004e-06,439.915149795085,439.949770099821,440.001477343551,439.949777514945
3.255,0,0,-0.305663370837266,-1.83831273142125e-08,0.999813411024089,2.46271916556274e-05,0.00416630929051872,-0.0868129442738374,-4.68470288645436e-09,0.00113128513168428,-7.60704860784893e-06,439.923935461313,439.949803000157,439.99249834105,439.949810367558
3.256,0,0,-0.305688319012802,-1.8277089432709e-08,0.999813582797773,2.87489755757209e-05,0.00407614952643765,-0.0934679504865315,-4.49512937983215e-09,0.00116269192107786,-7.58938517941414e-06,439.932642689959,439.94983571081,439.983598600648,439.949843030783
3.257,0,0,-0.305713255785799,-1.81710940040174e-08,0.999813754929738,3.27773112808881e-05,0.00397945230286664,-0.0998862603769613,-4.30638881972613e-09,0.00119410546395499,-7.57165284725887e-06,439.941271632457,439.949868225199,439.974777964626,439.949875498048
3.258,0,0,-0.305738180848187,-1.8065145009527e-08,0.9998139274182,3.67057812407748e-05,0.00387645903644919,-0.106058522639246,-4.11847384029225e-09,0.00122552344665115,-7.5538526825021e-06,439.949822449624,439.949900536833,439.966036265857,439.949907762875
3.259,0,0,-0.305763093891852,-1.79592464111176e-08,0.999814100261371,4.05282139274804e-05,0.00376742022516158,-0.11197592778533,-3.93137718417692e-09,0.0012569435763279,-7.53598574974984e-06,439.958295311373,439.949932639319,439.957373328086,439.949939818878
3.26,0,0,-0.305787994608662,-1.78534021510094e-08,0.999814273457465,4.42386926241565e-05,0.00365259490106427,-0.117630218821596,-3.74509170339376e-09,0.00128836358092696,-7.51805310710689e-06,439.966690396442,439.949964526358,439.948788966211,439.94997165977
3.261,0,0,-0.305812882690484,-1.7747616151616e-08,0.999814447004692,4.7831563681203e-05,0.00353225007293305,-0.123013700811536,-3.55961036013633e-09,0.00131978120912196,-7.50005580618896e-06,439.975007892127,439.949996191746,439.940282986556,439.950003279356
3.262,0,0,-0.305837757829208,-1.7641892315401e-08,0.99981462090126,5.1301444210501e-05,0.00340666015988711,-0.128119249318123,-3.3749262275392e-09,0.00135119423026789,-7.48199489213526e-06,439.983247994014,439.950027629378,439.931855187133,439.950034671538
3.263,0,0,-0.305862619716772,-1.75362345247374e-08,0.999814795145376,5.46432292092402e-05,0.0032761064171369,-0.132940317721643,-3.191032490391e-09,0.00138260043434839,-7.46387140362143e-06,439.991410905725,439.950058833242,439.92350535791,439.950065830314
3.264,0,0,-0.305887468045178,-1.74306466417705e-08,0.999814969735242,5.78520981060226e-05,0.00314087635497734,-0.137470943410815,-3.00792244578006e-09,0.00141399763192089,-7.44568637287289e-06,439.999496838666,439.950089797425,439.915233281059,439.950096749779
3.265,0,0,-0.305912302506517,-1.73251325082839e-08,0.999815144669059,6.09235207230516e-05,0.00300126315215334,-0.141705752847128,-2.82558950368999e-09,0.00144538365405966,-7.42744082567852e-06,440.007506011777,439.950120516111,439.907038731213,439.950127424126
3.266,0,0,-0.305937122792991,-1.72196959455686e-08,0.999815319945023,6.38532626493422e-05,0.00285756506472374,-0.145639965504365,-2.64402718754773e-09,0.00147675635229691,-7.40913578140478e-06,440.015438651293,439.950150983582,439.898921475704,439.950157847643
3.267,0,0,-0.305961928596933,-1.71143407542956e-08,0.999815495561329,6.66373900210129e-05,0.00271008483154647,-0.149269396687322,-2.46322913471459e-09,0.00150811359856192,-7.39077225301003e-06,440.023294990507,439.950181194217,439.89088127481,439.950188014717
3.268,0,0,-0.305986719610824,-1.70090707143907e-08,0.999815671516166,6.92722737058384e-05,0.00255912907750298,-0.152590459235734,-2.28318909692329e-09,0.00153945328511828,-7.37235124705933e-06,440.031075269537,439.950211142494,439.882917881983,439.950217919833
3.269,0,0,-0.306011495527322,-1.69038895849137e-08,0.999815847807719,7.17545928903609e-05,0.00240500771557294,-0.155600164121391,-2.10390094068232e-09,0.00157077332449941,-7.35387376373946e-06,440.038779735101,439.95024082299,439.875031044083,439.950247557574
3.27,0,0,-0.306036256039274,-1.67988011039393e-08,0.999816024434172,7.40813380689597e-05,0.00224803334886113,-0.158296119948371,-1.92535864761352e-09,0.00160207164944221,-7.33534079687429e-06,440.046408640293,439.950270230379,439.867220501601,439.950276922622
3.271,0,0,-0.306061000839743,-1.6693808988442e-08,0.999816201393699,7.62498134353796e-05,0.00208852067366768,-0.160676531368206,-1.74755631474409e-09,0.00163334621281912,-7.31675333394042e-06,440.05396224437,439.950299359435,439.859485988879,439.950306009755
3.272,0,0,-0.306085729622024,-1.65889169341839e-08,0.999816378684475,7.82576386783013e-05,0.00192678588468012,-0.162740196423687,-1.57048815475936e-09,0.00166459498756846,-7.29811235608313e-06,440.061440812534,439.950328205031,439.851827234325,439.950334813853
3.273,0,0,-0.306110442079663,-1.64841286156046e-08,0.999816556304666,8.01027501836078e-05,0.00176314608335081,-0.164486502836789,-1.39414849620164e-09,0.00169581596662331,-7.2794188381326e-06,440.068844615729,439.950356762139,439.844243960624,439.950363329894
3.274,0,0,-0.306135137906481,-1.63794476857154e-08,0.999816734252436,8.1783401647059e-05,0.00159791869050736,-0.165915423258015,-1.21853178362904e-09,0.00172700716283873,-7.26067374862036e-06,440.076173930436,439.95038502583,439.836735884942,439.950391552953
3.275,0,0,-0.306159816796591,-1.62748777759951e-08,0.999816912525941,8.32981641021225e-05,0.00143142086422513,-0.167027509496143,-1.04363257773062e-09,0.00175816660891764,-7.24187804979605e-06,440.083429038475,439.950412991275,439.82930271913,439.950419478205
3.276,0,0,-0.306184478444417,-1.61704224962899e-08,0.999817091123333,8.46459253687291e-05,0.00126396892397116,-0.167823885749048,-8.69445555391832e-10,0.00178929235733522,-7.2230326976444e-06,440.090610226807,439.950440653742,439.82194416992,439.950447100926
3.277,0,0,-0.306209122544713,-1.60660854347151e-08,0.999817270042759,8.5825888929721e-05,0.0010958777820076,-0.168306240857898,-6.95965509720025e-10,0.00182038248026193,-7.20413864190243e-06,440.09771778735,439.950468008601,439.814659939115,439.950474416488
3.278,0,0,-0.306233748792583,-1.59618701575606e-08,0.999817449282358,8.68375722427362e-05,0.000927460383019409,-0.168476819608544,-5.23187350034216e-10,0.00185143506948531,-7.18519682607688e-06,440.104752016788,439.950495051321,439.807449723781,439.950501420363
3.279,0,0,-0.3062583568835,-1.58577802091982e-08,0.999817628840265,8.7680804496225e-05,0.000759027152906438,-0.168338413105477,-3.51106101807178e-10,0.00188244823633041,-7.1662081874619e-06,440.11171321639,439.950521777469,439.80031321643,439.950528108125
3.28,0,0,-0.306282946513322,-1.57538191119928e-08,0.999817808714608,8.83557238192239e-05,0.000590885457654309,-0.16789434824512,-1.79716906569736e-10,0.0019134201115791,-7.14717365715691e-06,440.118601691835,439.950548182712,439.793250105198,439.950554475442
3.281,0,0,-0.306307517378314,-1.56499903662155e-08,0.999817988903508,8.88627739554089e-05,0.000423339073170578,-0.167148476316622,-9.01502177685726e-12,0.00194434884538817,-7.12809416008466e-06,440.125417753035,439.950574262816,439.786260074024,439.950580518084
3.282,0,0,-0.306332069175161,-1.55462974499597e-08,0.99981816940508,8.92027004128277e-05,0.000256687666944146,-0.166105160759626,1.61004179368005e-10,0.00197523260720629,-7.10897061500953e-06,440.132161713968,439.950600013645,439.779342802819,439.950606231919
3.283,0,0,-0.306356601600993,-1.54427438190601e-08,0.999818350217432,8.93765461015486e-05,9.12262923556676e-05,-0.164769264109729,3.30345208123075e-10,0.00200606958568995,-7.08980393455596e-06,440.138833892508,439.950625431164,439.772497967637,439.950631612914
3.284,0,0,-0.306381114353396,-1.53393329070142e-08,0.999818531338666,8.93856464722784e-05,-7.27551035646002e-05,-0.163146134163531,4.99012460455857e-10,0.00203685798861836,-7.07059502522707e-06,440.145434610267,439.950650511436,439.765725240836,439.950656657134
3.285,0,0,-0.306405607130434,-1.52360681249067e-08,0.999818712766876,8.92316241697812e-05,-0.000234972158167479,-0.161241589396257,6.67010217328579e-10,0.00206759604280734,-7.05134478742353e-06,440.151964192435,439.950675250621,439.759024291241,439.950681360743
3.286,0,0,-0.306430079630665,-1.51329528613358e-08,0.999818894500149,8.89163832156796e-05,-0.00039514655627362,-0.15906190366601,8.3434264501166e-10,0.00209828199402224,-7.03205411546247e-06,440.158422967622,439.950699644978,439.7523947843,439.950705720002
3.287,0,0,-0.306454531553156,-1.5029990482343e-08,0.999819076536565,8.84421027359273e-05,-0.00055300647762435,-0.156613790239623,1.00101379544668e-09,0.00212891410689009,-7.01272389759667e-06,440.164811267711,439.950723690867,439.745836382238,439.950729731271
3.288,0,0,-0.306478962597504,-1.49271843313454e-08,0.999819258874197,8.78112302489289e-05,-0.000708287028034102,-0.153904385176029,1.16702760662415e-09,0.0021594906648107,-6.99335501603381e-06,440.171129427709,439.950747384742,439.739348744204,439.950753391006
3.289,0,0,-0.30650337246385,-1.48245377290694e-08,0.999819441511109,8.70264745309158e-05,-0.00086073065362022,-0.15094123010381,1.33238790300141e-09,0.0021900099698671,-6.97394834695591e-06,440.177377785601,439.950770723156,439.732931526421,439.950776695764
3.29,0,0,-0.306527760852898,-1.47220539734886e-08,0.999819624445358,8.60907980758021e-05,-0.00101008753752299,-0.147732254430407,1.49709839595271e-09,0.00222047034273511,-6.95450476053895e-06,440.18355668221,439.95079370276,439.726584382324,439.950799642195
3.291,0,0,-0.306552127465928,-1.4619736339763e-08,0.999819807674995,8.50074091673037e-05,-0.00115611597856655,-0.144285757021058,1.66116268425074e-09,0.00225087012259219,-6.93502512097253e-06,440.189666461058,439.950816320301,439.720306962705,439.950822227047
3.292,0,0,-0.306576472004816,-1.45175880801812e-08,0.99981999119806,8.37797535816423e-05,-0.00129858275134971,-0.14061038738618,1.82458425458245e-09,0.00228120766702558,-6.91551028647973e-06,440.195707468235,439.950838572623,439.714098915842,439.950844447166
3.293,0,0,-0.306600794172047,-1.44156124241046e-08,0.999820175012586,8.24115059396408e-05,-0.00143726344729469,-0.136715126416395,1.98736648209014e-09,0.00231148135193976,-6.89596110933711e-06,440.201680052262,439.950860456668,439.707959887639,439.950866299494
3.294,0,0,-0.306625093670734,-1.43138125779146e-08,0.9998203591166,8.09065607274738e-05,-0.00157194279622119,-0.132609266704823,2.14951263093814e-09,0.00234168957146328,-6.87637843589475e-06,440.20758456397,439.95088196947,439.701889521752,439.950887781066
3.295,0,0,-0.30664937020463,-1.42121917249619e-08,0.999820543508119,7.92690230057454e-05,-0.00170241496805309,-0.128302392496669,2.31102585490757e-09,0.002371830737855,-6.85676310659648e-06,440.213421356368,439.950903108164,439.695887459714,439.950908889016
3.296,0,0,-0.306673623478148,-1.41107530255179e-08,0.999820728185151,7.75031988269441e-05,-0.00182848385430509,-0.123804359306347,2.4719091980284e-09,0.00240190328140972,-6.83711595600021e-06,440.219190784524,439.950923869975,439.68995334106,439.95092962057
3.297,0,0,-0.306697853196371,-1.4009499616729e-08,0.999820913145696,7.56135853816521e-05,-0.00194996332903717,-0.119125273242657,2.63216559523086e-09,0.0024319056503633,-6.81743781279829e-06,440.224893205447,439.950944252225,439.68408680345,439.95094997305
3.298,0,0,-0.306722059065075,-1.39084346125726e-08,0.999821098387748,7.36048608941806e-05,-0.0020666774890051,-0.114275470082614,2.79179787301412e-09,0.0024618363107973,-6.79772949983809e-06,440.230528977968,439.950964252332,439.678287482783,439.950969943873
3.299,0,0,-0.306746240790734,-1.38075611038161e-08,0.999821283909289,7.14818742885558e-05,-0.00217846087277614,-0.109265494134591,2.95080875015294e-09,0.00249169374654306,-6.77799183414256e-06,440.236098462628,439.950983867806,439.672555013311,439.950989530549
3.3,0,0,-0.306770398080544,-1.37068821579775e-08,0.999821469708295,6.92496346459862e-05,-0.00228515865861939,-0.104106076931447,3.10920083842702e-09,0.00252147645908545,-6.75822562693096e-06,440.24160202157,439.951003096249,439.666889027754,439.95100873068
3.301,0,0,-0.306794530642432,-1.36064008192884e-08,0.999821655782732,6.69133004751177e-05,-0.00238662684102125,-0.0988081157941699,3.26697664336954e-09,0.00255118296746612,-6.73843168363968e-06,440.247040018424,439.951021935359,439.661289157407,439.951027541962
3.302,0,0,-0.306818638185074,-1.35061201086596e-08,0.999821842130557,6.44781688165066e-05,-0.00248273238571655,-0.09338265230643,3.42413856503919e-09,0.00258081180818635,-6.71861080394305e-06,440.25241281821,439.951040382925,439.655755032246,439.951045962183
3.303,0,0,-0.306842720417905,-1.34060430236482e-08,0.99982202874972,6.19496642028351e-05,-0.00257335336316643,-0.0878408507402001,3.58068889882516e-09,0.00261036153510967,-6.69876378177436e-06,440.257720787229,439.951058436828,439.650286281032,439.951063989223
3.304,0,0,-0.30686677705114,-1.33061725384279e-08,0.999822215638161,5.93333274964384e-05,-0.00265837906045407,-0.0821939764722631,3.73662983625678e-09,0.00263983071936395,-6.67889140534684e-06,440.262964292967,439.95107609504,439.644882531412,439.951081621053
3.305,0,0,-0.306890807795779,-1.32065116037598e-08,0.999822402793811,5.66348046257251e-05,-0.00273771007160872,-0.0764533744310755,3.89196346584003e-09,0.0026692179492434,-6.65899445717478e-06,440.268143703996,439.951093355623,439.639543410017,439.951098855734
3.306,0,0,-0.306914812363631,-1.31070631469674e-08,0.999822590214591,5.38598352420397e-05,-0.00281125836640812,-0.0706304476129916,4.04669177392261e-09,0.0026985218301101,-6.63907371409474e-06,440.273259389879,439.951110216732,439.634268542559,439.951115691419
3.307,0,0,-0.30693879046732,-1.30078300719116e-08,0.999822777898417,5.10142413184486e-05,-0.00287894733774789,-0.0647366357063436,4.20081664557087e-09,0.00272774098429541,-6.61912994728671e-06,440.278311721077,439.95112667661,439.629057553922,439.951132126348
3.308,0,0,-0.306962741820299,-1.29088152589693e-08,0.999822965843193,4.81039157118214e-05,-0.00294071182770466,-0.0587833938612927,4.35433986546364e-09,0.00275687405100111,-6.59916392229549e-06,440.28330106886,439.951142733589,439.623910068254,439.951148158853
3.309,0,0,-0.306986666136868,-1.28100215650133e-08,0.999823154046813,4.51348107094357e-05,-0.00299649813245762,-0.0527821716427225,4.50726311880701e-09,0.00278591968620029,-6.57917639905197e-06,440.28822780522,439.951158386089,439.618825709057,439.951163787351
3.31,0,0,-0.307010563132185,-1.27114518233943e-08,0.999823342507165,4.21129265811485e-05,-0.0030462639862697,-0.0467443922027419,4.65958799226639e-09,0.00281487656253812,-6.55916813189461e-06,440.293092302782,439.951173632618,439.61380409927,439.951179010349
3.311,0,0,-0.307034432522277,-1.26131088439251e-08,0.999823531222127,3.90443001579591e-05,-0.00308997852476594,-0.0406814317085989,4.81131597492572e-09,0.00284374336923245,-6.53913986959086e-06,440.297894934723,439.951188471774,439.608844861357,439.95119382644
3.312,0,0,-0.307058274024055,-1.25149954128664e-08,0.999823720189566,3.5934993457533e-05,-0.00312762222778225,-0.034604599060988,4.96244845924635e-09,0.00287251881197425,-6.51909235535869e-06,440.302636074692,439.951202902238,439.603947617383,439.951208234305
3.313,0,0,-0.307082087355324,-1.2417114292915e-08,0.999823909407344,3.27910823769645e-05,-0.00315918684209173,-0.0285251159368511,5.11298674205729e-09,0.00290120161282795,-6.49902632688817e-06,440.307316096729,439.951216922779,439.599111989101,439.951222232709
3.314,0,0,-0.307105872234802,-1.23194682231932e-08,0.99982409887331,2.96186454727345e-05,-0.00318467528435006,-0.0224540971898459,5.26293202555311e-09,0.00292979051013167,-6.47894251636304e-06,440.311935375189,439.95123053225,439.59433759802,439.951235820503
3.315,0,0,-0.307129628382125,-1.22220599192413e-08,0.999824288585306,2.64237528474573e-05,-0.00320410152463359,-0.0164025316406691,5.41228541830193e-09,0.00295828425839743,-6.45884165048238e-06,440.316494284668,439.95124372959,439.589624065489,439.951248996623
3.316,0,0,-0.307153355517862,-1.21248920730102e-08,0.999824478541166,2.32124551626273e-05,-0.00321749045097564,-0.0103812632883935,5.56104793627681e-09,0.00298668162821123,-6.4387244504823e-06,440.320993199928,439.951256513821,439.584971012765,439.951261760089
3.317,0,0,-0.307177053363529,-1.20279673528579e-08,0.999824668738712,1.99907727961478e-05,-0.00322487771533735,-0.00440097297289751,5.70922050390002e-09,0.00301498140613316,-6.41859163215764e-06,440.325432495832,439.951268884049,439.580378061084,439.951274110003
3.318,0,0,-0.307200721641597,-1.19312884035458e-08,0.99982485917576,1.67646851629807e-05,-0.00322630956147852,0.00152783948265392,5.85680395508697e-09,0.00304318239459743,-6.39844390588374e-06,440.329812547265,439.951280839461,439.575844831732,439.951286045549
3.319,0,0,-0.307224360075508,-1.18348578462383e-08,0.999825049850115,1.35401202167688e-05,-0.00322184263522262,0.00739487262148338,6.00379903431999e-09,0.00307128341181249,-6.37828197663824e-06,440.334133729079,439.951292379329,439.571370946111,439.951297565995
3.32,0,0,-0.307247968389683,-1.17386782785036e-08,0.999825240759575,1.03229441497816e-05,-0.00321154377763722,0.0131900401684392,6.15020639772148e-09,0.00309928329166109,-6.35810654402289e-06,440.338396416021,439.951303503003,439.566956025805,439.951308670689
3.321,0,0,-0.307271546309536,-1.16427522743158e-08,0.999825431901928,7.1189513079949e-06,-0.00319548980167692,0.0189034872854452,6.29602661415353e-09,0.00312718088360043,-6.33791830228535e-06,440.342600982668,439.951314209915,439.562599692644,439.951319359059
3.322,0,0,-0.307295093561485,-1.15470823840598e-08,0.999825623274953,3.93385433755917e-06,-0.00317376725286092,0.0245256062430841,6.44126016631418e-09,0.0031549750525623,-6.31771794034115e-06,440.346747803374,439.951324499575,439.55830156876,439.951329630612
3.323,0,0,-0.307318609872959,-1.14516711345367e-08,0.99982581487642,7.73274578326209e-07,-0.00314647215458042,0.0300470514855395,6.58590745184707e-09,0.0031826646788534,-6.2975061417955e-06,440.350837252203,439.951334371575,439.554061276655,439.951339484935
3.324,0,0,-0.307342094972415,-1.13565210289719e-08,0.999826006704092,-2.3572672805033e-06,-0.00311370973865336,0.0354587540674563,6.72996878446475e-09,0.00321024865805563,-6.27728358496523e-06,440.354869702874,439.951343825583,439.549878439254,439.951348921692
3.325,0,0,-0.307365548589347,-1.1261634547024e-08,0.999826198755721,-5.45236026817563e-06,-0.00307559416176488,0.0407519354426375,6.87344439507382e-09,0.00323772590092656,-6.25705094290075e-06,440.358845528705,439.951352861344,439.545752679959,439.951357940626
3.326,0,0,-0.307388970454293,-1.1167014144796e-08,0.999826391029051,-8.50671190983638e-06,-0.0030322482084509,0.0459181205858757,7.01633443292422e-09,0.00326509533329998,-6.23680888340793e-06,440.362765102557,439.951361478681,439.541683622711,439.951366541556
3.327,0,0,-0.307412360298851,-1.10726622548477e-08,0.99982658352182,-1.15151567005188e-05,-0.00298380298130059,0.0509491504306238,7.15863896675513e-09,0.00329235589598659,-6.21655806907016e-06,440.366628796784,439.951369677491,439.537670892035,439.951374724374
3.328,0,0,-0.307435717855685,-1.09785812862101e-08,0.999826776231753,-1.4472664263232e-05,-0.00293039757907002,0.0558371936066255,7.30035798594821e-09,0.00331950654467486,-6.19629915727023e-06,440.370436983179,439.95137745775,439.533714113095,439.951382489052
3.329,0,0,-0.307459042858538,-1.08847736244005e-08,0.99982696915657,-1.73743471794121e-05,-0.0028721787634141,0.0605747574630633,7.44149140169192e-09,0.00334654624983199,-6.17603280021237e-06,440.374190032927,439.951384819504,439.529812911744,439.951389835632
3.33,0,0,-0.307482335042241,-1.07912416314403e-08,0.99982716229398,-2.02154684807151e-05,-0.00280930061495831,0.0651546983642275,7.58203904814604e-09,0.00337347399660511,-6.15575964494426e-06,440.377888316552,439.951391762874,439.52596691457,439.951396764231
3.331,0,0,-0.307505594142723,-1.06979876458735e-08,0.999827355641687,-2.29914487918558e-05,-0.00274192417944313,0.0695702312461669,7.72200068362663e-09,0.00340028878472261,-6.13548033337901e-06,440.381532203878,439.951398288055,439.522175748945,439.95140327504
3.332,0,0,-0.30752881989702,-1.0605013982787e-08,0.999827549197384,-2.56978731149374e-05,-0.00267021710468581,0.0738149384242434,7.86137599178459e-09,0.00342698962839572,-6.11519550231715e-06,440.385122063975,439.951404395312,439.518439043069,439.951409368319
3.333,0,0,-0.307552012043286,-1.05123229338322e-08,0.999827742958756,-2.83304972464657e-05,-0.00259435326911264,0.0778827776429801,8.00016458279367e-09,0.00345357555622023,-6.09490578346872e-06,440.388658265122,439.951410084983,439.514756426012,439.951415044401
3.334,0,0,-0.307575170320804,-1.04199167672483e-08,0.999827936923481,-3.08852538189967e-05,-0.00251451240262329,0.0817680893610601,8.13836599454925e-09,0.00348004561107851,-6.07461180347523e-06,440.392141174762,439.951415357474,439.511127527758,439.95142030369
3.335,0,0,-0.30759829446999,-1.03277977278871e-08,0.999828131089228,-3.33582579601354e-05,-0.00243087970055506,0.0854656032657989,8.27597969386093e-09,0.00350639885004171,-6.05431418393168e-06,440.39557115946,439.951420213263,439.507551979245,439.951425146657
3.336,0,0,-0.307621384232409,-1.02359680372385e-08,0.999828325453658,-3.57458125623701e-05,-0.00234364543151965,0.088970444012875,8.41300507765649e-09,0.00353263434427219,-6.03401354140865e-06,440.398948584867,439.951424652895,439.504029412407,439.951429573843
3.337,0,0,-0.307644439350779,-1.01444298934585e-08,0.999828520014425,-3.80444131580027e-05,-0.00225300453988886,0.0922781361885602,8.54944147419157e-09,0.00355875117892627,-6.01371048747425e-06,440.402273815676,439.951428676983,439.500559460207,439.951433585857
3.338,0,0,-0.307667459568981,-1.00531854713977e-08,0.999828714769176,-4.02507523942142e-05,-0.00215915624370737,0.0953846084931332,8.68528814425589e-09,0.00358474845305718,-5.99340562871617e-06,440.40554721559,439.951432286208,439.497141756679,439.951437183374
3.339,0,0,-0.307690444632071,-9.96223692263135e-09,0.999828909715547,-4.23617241040808e-05,-0.00206230362881155,0.098286197145597,8.82054428238905e-09,0.00361062527951831,-5.97309956676372e-06,440.408769147284,439.951435481316,439.493775936959,439.951440367137
3.34,0,0,-0.307713394286284,-9.87158637549122e-09,0.999829104851169,-4.43744269701355e-05,-0.00196265323993227,0.100979648511238,8.95520901810009e-09,0.00363638078486674,-5.95279289830979e-06,440.41193997237,439.951438263118,439.490461637323,439.951443137952
3.341,0,0,-0.307736308279047,-9.78123593509806e-09,0.999829300173666,-4.62861677778489e-05,-0.00186041466955763,0.103462120954966,9.08928141708141e-09,0.00366201410926705,-5.93248621513291e-06,440.415060051365,439.951440632492,439.487198495219,439.95144549669
3.342,0,0,-0.307759186358983,-9.69118768339582e-09,0.999829495680653,-4.80944642571738e-05,-0.0017558001453277,0.105731185924762,9.22276048242953e-09,0.00368752440639546,-5.91218010411921e-06,440.418129743656,439.951442590376,439.483986149295,439.951447444287
3.343,0,0,-0.307782028275925,-9.60144367918702e-09,0.999829691369739,-4.97970475110709e-05,-0.00164902411672838,0.107784828270914,9.3556451558771e-09,0.00371291084334425,-5.89187514728444e-06,440.421149407474,439.951444137775,439.480824239437,439.95144898174
3.344,0,0,-0.307804833780916,-9.51200595816933e-09,0.999829887238524,-5.13918640306951e-05,-0.00154030284184534,0.109621445808061,9.48793431900311e-09,0.00373817260052651,-5.87157192179593e-06,440.424119399859,439.951445275752,439.477712406792,439.95145011011
3.345,0,0,-0.307827602626226,-9.42287653297349e-09,0.999830083284602,-5.28770772976802e-05,-0.00142985397493107,0.111239848128391,9.61962679445994e-09,0.00376330887158121,-5.85127099999456e-06,440.427040076633,439.951446005433,439.4746502938,439.951450830517
3.346,0,0,-0.307850334565355,-9.33405739320235e-09,0.999830279505562,-5.42510689747069e-05,-0.00131789615552917,0.112639254675588,9.75072134720589e-09,0.0037883188632786,-5.83097294941673e-06,440.429911792372,439.951446328005,439.471637544218,439.951451144142
3.347,0,0,-0.307873029353038,-9.24555050547115e-09,0.999830475898982,-5.55124396862809e-05,-0.00120464859988987,0.113819292090414,9.88121668572259e-09,0.00381320179542599,-5.81067833281632e-06,440.432734900382,439.951446244714,439.468673803151,439.951451052227
3.348,0,0,-0.307895686745261,-9.15735781344895e-09,0.999830672462437,-5.66600093923734e-05,-0.00109033069539917,0.11477999084001,1.00111114632434e-08,0.00383795690077378,-5.79038770818656e-06,440.435509752669,439.951445756863,439.465758717074,439.951450556069
3.349,0,0,-0.307918306499262,-9.06948123790128e-09,0.999830869193494,-5.76928173582935e-05,-0.000975161598731321,0.115521781144185,1.01404042789777e-08,0.00386258342492198,-5.77010162878201e-06,440.438236699915,439.951444865814,439.462891933856,439.951449657026
3.35,0,0,-0.307940888373538,-8.98192267673389e-09,0.999831066089714,-5.86101217248654e-05,-0.000859359838420542,0.116045488213125,1.02690936793325e-08,0.00388708062622696,-5.74982064314043e-06,440.440916091457,439.951443572986,439.460073102784,439.951448356511
3.351,0,0,-0.307963432127856,-8.89468400503758e-09,0.99983126314865,-5.9411398683672e-05,-0.000743142922532928,0.116352326812061,1.03971781591404e-08,0.00391144777570865,-5.72954529510469e-06,440.443548275262,439.951441879854,439.457301874585,439.951446655995
3.352,0,0,-0.307985937523259,-8.80776707513425e-09,0.99983146036785,-6.00963412627973e-05,-0.000626726952103311,0.116443895169495,1.05246561628759e-08,0.0039356841569581,-5.70927612384457e-06,440.446133597908,439.951439787948,439.454577901448,439.951444557001
3.353,0,0,-0.308008404322073,-8.72117371662393e-09,0.999831657744857,-6.06648577291591e-05,-0.000510326240984807,0.11632216824664,1.06515260858769e-08,0.00395978906604536,-5.68901366387866e-06,440.448672404557,439.951437298851,439.451900837044,439.951442061109
3.354,0,0,-0.308030832287911,-8.63490573643294e-09,0.999831855277206,-6.11170696141609e-05,-0.000394152942740591,0.115989490386701,1.07777862755619e-08,0.00398376181142784,-5.66875844509621e-06,440.451165038941,439.951434414203,439.449270336543,439.951439169951
3.355,0,0,-0.308053221185684,-8.54896491886305e-09,0.999832052962428,-6.14533093700119e-05,-0.000278416685188358,0.115448567363572,1.09034350326408e-08,0.00400760171385898,-5.64851099277883e-06,440.453611843342,439.951431135692,439.446686056637,439.951435885212
3.356,0,0,-0.308075570781606,-8.46335302564178e-09,0.999832250798048,-6.1674117664664e-05,-0.00016332421318788,0.114702457850429,1.10284706123329e-08,0.00403130810629734,-5.6282718276224e-06,440.45601315857,439.951427465062,439.444147655554,439.951432208629
3.357,0,0,-0.308097880843199,-8.37807179597355e-09,0.999832448781583,-6.1780240323897e-05,-4.90790402411603e-05,0.113754564329556,1.11528912255832e-08,0.00405488033381609,-5.60804146575872e-06,440.45836932395,439.951423404104,439.441654793076,439.951428141991
3.358,0,0,-0.308120151139303,-8.29312294659203e-09,0.999832646910548,-6.17726249296389e-05,6.41188905470333e-05,0.112608623465534,1.12766950402591e-08,0.00407831775351294,-5.58782041877732e-06,440.4606806773,439.951418954662,439.439207130557,439.951423687133
3.359,0,0,-0.308142381440078,-8.20850817181328e-09,0.99983284518245,-6.16524170841467e-05,0.000176073535623034,0.111268695964705,1.13998801823588e-08,0.00410161973442038,-5.56760919374714e-06,440.462947554923,439.951414118629,439.436804330932,439.951418845944
3.36,0,0,-0.308164571517013,-8.12422914359002e-09,0.999833043594794,-6.14209563501868e-05,0.000286593069750539,0.109739155944504,1.15224447372166e-08,0.00412478565741645,-5.54740829323822e-06,440.465170291583,439.951408897944,439.434446058741,439.951413620359
3.361,0,0,-0.308186721142932,-8.04028751156674e-09,0.999833242145077,-6.10797718778423e-05,0.000395490193911224,0.108024679836932,1.16443867506926e-08,0.00414781491513583,-5.52721821534336e-06,440.467349220497,439.951403294596,439.432131980133,439.951408012359
3.362,0,0,-0.308208830092,-7.95668490313579e-09,0.999833440830793,-6.06305777290435e-05,0.000502582431886256,0.106130234851051,1.17657042303672e-08,0.0041707069118814,-5.50703945369977e-06,440.469484673321,439.951397310619,439.429861762885,439.951402023976
3.363,0,0,-0.308230898139725,-7.8734229234944e-09,0.99983363964943,-6.00752679113549e-05,0.000607692415090366,0.104061067019914,1.1886395146722e-08,0.00419346106353623,-5.48687249751065e-06,440.471576980132,439.951390948094,439.427635076412,439.951395657283
3.364,0,0,-0.308252925062971,-7.79050315570255e-09,0.999833838598472,-5.94159111329718e-05,0.000710648155255872,0.10182268885789,1.20064574343269e-08,0.00421607679747594,-5.4667178315668e-06,440.473626469421,439.951384209146,439.425451591778,439.951388914401
3.365,0,0,-0.308274910639957,-7.70792716074181e-09,0.9998340376754,-5.8654745291265e-05,0.000811283304590201,0.0994208666547504,1.21258889930205e-08,0.00423855355248156,-5.44657593626811e-06,440.47563346808,439.951377095945,439.42331098171,439.951381797494
3.366,0,0,-0.308296854650265,-7.62569647757494e-09,0.999834236877689,-5.77941717075783e-05,0.000909437403057019,0.0968616074333233,1.22446876890827e-08,0.00426089077865277,-5.42644728764518e-06,440.47759830139,439.951369610703,439.421212920601,439.951374308769
3.367,0,0,-0.308318756874847,-7.54381262320645e-09,0.999834436202811,-5.68367491213193e-05,0.0010049561124581,0.0941511455978378,1.23628513564059e-08,0.00428308793732162,-5.40633235738071e-06,440.479521293014,439.951361755675,439.419157084529,439.951366450477
3.368,0,0,-0.308340617096027,-7.46227709274396e-09,0.999834635648233,-5.57851874566917e-05,0.00109769143702028,0.0912959293003987,1.24803777976535e-08,0.0043051445009666,-5.38623161283101e-06,440.481402764982,439.951353533159,439.417143151257,439.951358224909
3.369,0,0,-0.30836243509751,-7.38109135946032e-09,0.999834835211419,-5.46423413757009e-05,0.00118750193021954,0.0883026065532562,1.25972647854222e-08,0.00432705995312729,-5.36614551704742e-06,440.483243037689,439.951344945492,439.415170800246,439.951349634397
3.37,0,0,-0.308384210664383,-7.30025687485667e-09,0.99983503488983,-5.34112036313186e-05,0.00127425288760176,0.0851780111147331,1.27135100633851e-08,0.00434883378831931,-5.34607452879771e-06,440.485042429878,439.951335995052,439.413239712662,439.951340681313
3.371,0,0,-0.308405943583121,-7.21977506872619e-09,0.999835234680922,-5.20948982349179e-05,0.00135781652538796,0.0819291481768032,1.28291113474417e-08,0.00437046551194983,-5.3260191025874e-06,440.486801258643,439.951326684254,439.411349571382,439.95133136807
3.372,0,0,-0.308427633641597,-7.13964734921864e-09,0.99983543458215,-5.06966734522888e-05,0.00143807214467964,0.0785631798823998,1.29440663268588e-08,0.00439195464023343,-5.30597968868116e-06,440.488519839411,439.951317015555,439.409500060998,439.951321697116
3.373,0,0,-0.308449280629078,-7.05987510290571e-09,0.999835634590963,-4.92198946427143e-05,0.00151490628110794,0.0750874107005635,1.30583726654045e-08,0.00441330070010848,-5.28595673312404e-06,440.490198485944,439.951306991446,439.407690867831,439.951311670938
3.374,0,0,-0.308470884336237,-6.98045969484712e-09,0.999835834704811,-4.76680369557305e-05,0.00158821283979869,0.071509272687519,1.31720280024627e-08,0.00443450322915392,-5.26595067776276e-06,440.491837510328,439.951296614457,439.405921679924,439.951301292061
3.375,0,0,-0.308492444555152,-6.90140246865738e-09,0.999836034921136,-4.60446779003063e-05,0.00165789321555306,0.0678363106616975,1.32850299541583e-08,0.00445556177550655,-5.24596196026693e-06,440.493437222968,439.951285887151,439.404192187059,439.951290563044
3.376,0,0,-0.308513961079317,-6.82270474657334e-09,0.999836235237383,-4.43534898012655e-05,0.00172385639817191,0.0640761673206011,1.33973761144667e-08,0.00447647589777869,-5.22599101415022e-06,440.494997932586,439.95127481213,439.402502080751,439.951279486481
3.377,0,0,-0.308535433703638,-6.74436782952247e-09,0.99983643565099,-4.25982321578334e-05,0.00178601906287945,0.0602365683272334,1.35090640563243e-08,0.00449724516497639,-5.20603826879152e-06,440.496519946213,439.951263392027,439.40085105426,439.951268065003
3.378,0,0,-0.308556862224445,-6.66639299719175e-09,0.999836636159395,-4.07827439192166e-05,0.00184430564582964,0.0563253073936007,1.36200913327195e-08,0.004517869156418,-5.18610414945608e-06,440.498003569186,439.95125162951,439.399238802588,439.95125630127
3.379,0,0,-0.308578246439492,-6.58878150809728e-09,0.999836836760034,-3.8910935692133e-05,0.00189864840470588,0.0523502313885183,1.37304554777881e-08,0.00453834746165327,-5.16618907731655e-06,440.499449105144,439.951239527279,439.397665022484,439.951244197978
3.38,0,0,-0.30859958614796,-6.51153459965463e-09,0.999837037450341,-3.69867818951802e-05,0.00194898746445202,0.0483192254966435,1.38401540078965e-08,0.00455867968038287,-5.14629346947402e-06,440.500856856029,439.951227088066,439.396129412447,439.951231757854
3.381,0,0,-0.308620881150465,-6.43465348824967e-09,0.999837238227747,-3.50143128748818e-05,0.00199527084819899,0.0442401984552934,1.39491844227156e-08,0.00457886542237835,-5.12641773897904e-06,440.502227122077,439.951214314633,439.394631672727,439.951218983655
3.382,0,0,-0.308642131249059,-6.35813936931024e-09,0.999837439089683,-3.2997606998172e-05,0.00203745449347813,0.0401210678952006,1.40575442062869e-08,0.00459890430740265,-5.10656229485255e-06,440.503560201819,439.951201209774,439.393171505327,439.95120587817
3.383,0,0,-0.308663336247233,-6.28199341737831e-09,0.999837640033577,-3.09407827359762e-05,0.00207550225383794,0.0359697458109104,1.4165230828083e-08,0.00461879596513093,-5.08672754210685e-06,440.504856392081,439.951187776311,439.391748614001,439.951192444216
3.384,0,0,-0.308684495949924,-6.20621678618278e-09,0.999837841056858,-2.88479907524153e-05,0.00210938588600656,0.0317941241860291,1.42722417440589e-08,0.00463854003507195,-5.06691388176641e-06,440.506115987979,439.951174017097,439.390362704259,439.95117868464
3.385,0,0,-0.308705610163514,-6.13081060871293e-09,0.999838042156952,-2.67234060140048e-05,0.00213908502276729,0.0276020607980026,1.43785743976947e-08,0.00465813616648993,-5.04712171088875e-06,440.507339282919,439.951159935009,439.389013483363,439.951164602315
3.386,0,0,-0.308726678695839,-6.05577599729241e-09,0.999838243331284,-2.45712199330446e-05,0.00216458713173865,0.0234013652265286,1.44842262210279e-08,0.00467758401832678,-5.02735142258523e-06,440.508526568599,439.951145532955,439.387700660331,439.951150200144
3.387,0,0,-0.308747701356185,-5.98111404365381e-09,0.99983844457728,-2.23956325591862e-05,0.00218588746027452,0.0191997850890961,1.45891946356759e-08,0.00469688325912484,-5.00760340604181e-06,440.509678135006,439.951130813867,439.386423945931,439.951135481053
3.388,0,0,-0.3087686779553,-5.90682581901382e-09,0.999838645892364,-2.02008448329423e-05,0.00220298896672295,0.0150049925264979,1.46934770538472e-08,0.00471603356695014,-4.98787804653976e-06,440.510794270418,439.951115780703,439.385183052685,439.951120447996
3.389,0,0,-0.30878960830539,-5.83291237414892e-09,0.99983884727396,-1.79910509146496e-05,0.00221590223830469,0.0108245709604775,1.47970708793589e-08,0.00473503462931596,-4.9681757254763e-06,440.511875261402,439.951100436446,439.383977694863,439.951105103951
3.39,0,0,-0.308810492220125,-5.7593747394716e-09,0.999839048719493,-1.57704306021273e-05,0.00222464539589442,0.00666600214495579,1.48999735086446e-08,0.00475388614310703,-4.94849682038527e-06,440.512921392819,439.951084784104,439.382807588487,439.951089451921
3.391,0,0,-0.308831329514642,-5.68621392510716e-09,0.999839250226386,-1.35431418499754e-05,0.00222924398600868,0.00253665353153479,1.50021823317394e-08,0.00477258781450404,-4.92884170495768e-06,440.513932947819,439.951068826707,439.381672451322,439.951073494932
3.392,0,0,-0.308852120005547,-5.61343092097093e-09,0.999839451792063,-1.13133134031495e-05,0.0022297308603247,-0.0015562340308063,1.5103694733258e-08,0.00479113935890873,-4.90921074906228e-06,440.514910207851,439.951052567309,439.380572002878,439.951057236031
3.393,0,0,-0.30887286351092,-5.54102669684609e-09,0.999839653413949,-9.08503755710726e-06,0.00222614604307414,-0.00560555824271139,1.52045080933629e-08,0.00480954050086932,-4.88960431876602e-06,440.515853452656,439.951036008984,439.379505964408,439.951040678289
3.394,0,0,-0.308893559850314,-5.46900220246192e-09,0.999839855089469,-6.86236305647425e-06,0.00221853658667397,-0.00960436692987022,1.53046197887331e-08,0.00482779097400651,-4.87002277635451e-06,440.516762960276,439.951019154828,439.378474058901,439.951023824797
3.395,0,0,-0.308914208844761,-5.39735836757257e-09,0.999840056816048,-4.64928814380209e-06,0.00220695641597517,-0.0135458692294478,1.54040271935204e-08,0.00484589052093984,-4.85046648035243e-06,440.517639007053,439.951002007959,439.377476011082,439.951006678668
3.396,0,0,-0.308934810316772,-5.32609610203627e-09,0.999840258591114,-2.44975376960444e-06,0.00219146616152631,-0.0174234463709883,1.55027276802922e-08,0.00486383889321457,-4.8309357855439e-06,440.518481867633,439.950984571512,439.376511547407,439.950989243033
3.397,0,0,-0.308955364090341,-5.25521629589499e-09,0.999840460412093,-2.67636974450136e-07,0.00217213298226562,-0.0212306620361643,1.5600718620962e-08,0.004881635851229,-4.81143104299274e-06,440.519291814967,439.950966848642,439.375580396058,439.950971521042
3.398,0,0,-0.308975869990948,-5.18471981945462e-09,0.999840662276416,1.89325554652784e-06,0.00214903037806997,-0.0249612722826674,1.56979973877238e-08,0.00489928116416218,-4.79195260006279e-06,440.520069120317,439.950948842524,439.374682286942,439.950953515864
3.399,0,0,-0.30899632784556,-5.11460752336545e-09,0.999840864181511,4.02919368678485e-06,0.00212223799260373,-0.0286092350184762,1.57945613539612e-08,0.00491677460990222,-4.7725008004381e-06,440.52081405326,439.950930556348,439.373816951683,439.950935230687
3.4,0,0,-0.309016737482632,-5.04488023870324e-09,0.999841066124811,6.13652996970541e-06,0.00209184140692353,-0.0321687190136952,1.58904078951578e-08,0.00493411597497488,-4.75307598414312e-06,440.521526881688,439.950911993322,439.372984123621,439.950916668712
3.401,0,0,-0.309037098732111,-4.97553877705056e-09,0.999841268103749,8.21170537912133e-06,0.00205793192430735,-0.0356341124381293,1.59855343897904e-08,0.00495130505447272,-4.73367848756279e-06,440.522207871816,439.95089315667,439.372183537802,439.95089783316
3.402,0,0,-0.309057411425439,-4.90658393057862e-09,0.999841470115762,1.02512549704707e-05,0.00202060634678778,-0.0390000309137408,1.60799382202175e-08,0.00496834165198467,-4.71430864346263e-06,440.522857288183,439.950874049632,439.371414930978,439.950878727266
3.403,0,0,-0.309077675395552,-4.83801647212948e-09,0.999841672158287,1.22518132545459e-05,0.00197996674387947,-0.0422613250721289,1.61736167735549e-08,0.00498522557952605,-4.69496678100877e-06,440.523475393661,439.950854675462,439.370678041598,439.95085935428
3.404,0,0,-0.309097890476882,-4.7698371552986e-09,0.999841874228763,1.42101193462741e-05,0.00193612021400035,-0.0454130876081727,1.62665674425474e-08,0.00500195665746902,-4.67565322578792e-06,440.524062449454,439.950835037428,439.369972609805,439.950839717465
3.405,0,0,-0.309118056505363,-4.70204671451781e-09,0.999842076324634,1.61230218714769e-05,0.00188917863909444,-0.0484506598219855,1.63587876264229e-08,0.00501853471447351,-4.65636829982731e-06,440.524618715108,439.950815138813,439.369298377428,439.950819820101
3.406,0,0,-0.309138173318428,-4.63464586513864e-09,0.999842278443345,1.79874836250684e-05,0.00183925843297148,-0.0513696376423401,1.64502747317318e-08,0.00503495958741854,-4.63711232161455e-06,440.525144448514,439.950794982911,439.368655087975,439.950799665476
3.407,0,0,-0.309158240755013,-4.56763530351598e-09,0.999842480582343,1.98005859746676e-05,0.00178648028388477,-0.0541658771257383,1.65410261731946e-08,0.00505123112133407,-4.61788560611746e-06,440.525639905913,439.950774573029,439.368042486632,439.950779256893
3.408,0,0,-0.309178258655556,-4.5010157070921e-09,0.99984268273908,2.15595330041282e-05,0.0017309688918743,-0.0568354994263113,1.66310393745272e-08,0.00506734916933316,-4.59868846480385e-06,440.526105341901,439.950753912485,439.36746032025,439.950758597666
3.409,0,0,-0.309198226862003,-4.43478773448098e-09,0.99984288491101,2.32616553920143e-05,0.00167285270140603,-0.0593748952327531,1.67203117692582e-08,0.0050833135925447,-4.57952120566126e-06,440.526541009439,439.950733004608,439.366908337344,439.950737691121
3.41,0,0,-0.309218145217805,-4.36895202555301e-09,0.99984308709559,2.49044140205866e-05,0.00161226362984209,-0.0617807286694963,1.68088408015284e-08,0.00509912426004653,-4.5603841332166e-06,440.526947159854,439.950711852738,439.366386288082,439.950716540593
3.411,0,0,-0.309238013567921,-4.30350920151995e-09,0.999843289290281,2.64854033113977e-05,0.00154933679227836,-0.064049940660346,1.68966239268881e-08,0.00511478104879893,-4.54127754855582e-06,440.527324042846,439.950690460224,439.365893924279,439.950695149426
3.412,0,0,-0.309257831758818,-4.23845986502025e-09,0.999843491492549,2.80023542841329e-05,0.00148421022328756,-0.066179751753786,1.69836586130975e-08,0.00513028384357866,-4.52220174934345e-06,440.527671906498,439.950668830422,439.365430999392,439.950673520973
3.413,0,0,-0.309277599638477,-4.17380460020462e-09,0.999843693699861,2.94531373358709e-05,0.00141702459610624,-0.0681676644101591,1.70699423408908e-08,0.00514563253691335,-4.50315702984214e-06,440.527990997276,439.9506469667,439.36499726851,439.950651658597
3.414,0,0,-0.309297317056386,-4.1095439728219e-09,0.999843895909691,3.0835764738478e-05,0.00134792293980307,-0.070011464751907,1.7155472604746e-08,0.00516082702901636,-4.4841436809321e-06,440.528281560043,439.95062487243,439.36459248835,439.950629565668
3.415,0,0,-0.309316983863547,-4.04567853030524e-09,0.999844098119516,3.21483928523839e-05,0.00127705035496463,-0.0717092237790167,1.7240246913634e-08,0.00517586722772201,-4.46516199013055e-06,440.52854383806,439.950602550995,439.364216417246,439.950607245563
3.416,0,0,-0.309336599912475,-3.98220880185851e-09,0.999844300326816,3.33893240555253e-05,0.00120455372843179,-0.0732592980527811,1.73242627917632e-08,0.00519075304842135,-4.44621224161108e-06,440.528778072995,439.95058000578,439.36386881514,439.950584701664
3.417,0,0,-0.309356165057201,-3.91913529854295e-09,0.999844502529078,3.45570083867717e-05,0.00113058144761665,-0.0746603298519145,1.74075177793259e-08,0.00520548441399823,-4.42729471622291e-06,440.52898450493,439.950557240179,439.363549443581,439.950561937361
3.418,0,0,-0.309375679153267,-3.85645851336418e-09,0.999844704723793,3.56500449036766e-05,0.00105528311492498,-0.0759112468059903,1.74900094332171e-08,0.00522006125476586,-4.40840969151024e-06,440.529163372369,439.95053425759,439.36325806571,439.950538956048
3.419,0,0,-0.309395142057734,-3.79417892135932e-09,0.999844906908455,3.66671827549228e-05,0.000978809262804355,-0.0770112610120687,1.75717353277487e-08,0.00523448350840379,-4.38955744173135e-06,440.529314912243,439.950511061416,439.362994446255,439.950515761125
3.42,0,0,-0.309414553629176,-3.7322969796844e-09,0.999845109080567,3.76073219683407e-05,0.000901311069931122,-0.0779598676412692,1.76526930553488e-08,0.00524875111989531,-4.37073823787784e-06,440.52943935992,439.950487655065,439.362758351522,439.950492355996
3.421,0,0,-0.309433913727685,-3.67081312770205e-09,0.999845311237632,3.84695139558956e-05,0.00082294007904278,-0.0787568430429031,1.77328802272609e-08,0.00526286404146522,-4.35195234769366e-06,440.52953694921,439.950464041946,439.36254954939,439.950468744066
3.422,0,0,-0.309453222214871,-3.60972778706931e-09,0.999845513377164,3.9252961737538e-05,0.000743847916913921,-0.0794022423546255,1.78122944742244e-08,0.00527682223251806,-4.33320003569418e-06,440.529607912375,439.950440225474,439.362367809295,439.950444928746
3.423,0,0,-0.309472478953861,-3.54904136182573e-09,0.999845715496678,3.99570198863052e-05,0.000664186016965188,-0.0798963966278781,1.78909334471411e-08,0.00529062565957678,-4.31448156318518e-06,440.529652480134,439.950416209065,439.36221290223,439.950420913449
3.424,0,0,-0.309491683809297,-3.48875423848162e-09,0.999845917593698,4.05811941975497e-05,0.000584105344984979,-0.080239909478691,1.79687948177458e-08,0.00530427429622172,-4.29579718828177e-06,440.529670881674,439.950391996135,439.362084600731,439.950396701588
3.425,0,0,-0.309510836647343,-3.42886678610654e-09,0.999846119665751,4.11251410856408e-05,0.000503756128433191,-0.0804336532746734,1.80458762792578e-08,0.0053177681230301,-4.27714716592727e-06,440.529663344656,439.950367590105,439.36198267887,439.950372296579
3.426,0,0,-0.309529937335679,-3.36937935641791e-09,0.999846321710374,4.15886667119526e-05,0.000423287589785085,-0.080478764869764,1.8122175547019e-08,0.00533110712751588,-4.25853174791203e-06,440.529630095221,439.950342994394,439.361906912247,439.950347701839
3.427,0,0,-0.309548985743504,-3.31029228386989e-09,0.999846523725106,4.19717258484029e-05,0.000342847684361434,-0.0803766408990197,1.81976903591286e-08,0.00534429130406999,-4.23995118289221e-06,440.529571358004,439.950318212422,439.361857077978,439.950322920784
3.428,0,0,-0.309567981741535,-3.25160588574235e-09,0.999846725707494,4.22744204812455e-05,0.000262582843078494,-0.0801289326464017,1.82724184770638e-08,0.00535732065390102,-4.22140571640847e-06,440.529487356136,439.950293247609,439.361832954691,439.95029795683
3.429,0,0,-0.309586925202008,-3.19332046223004e-09,0.999846927655094,4.24969981602491e-05,0.000182637720538037,-0.0797375404991703,1.83463576862917e-08,0.00537019518497627,-4.20289559090461e-06,440.529378311255,439.950268103373,439.361834322513,439.950272813394
3.43,0,0,-0.309605815998677,-3.13543629653194e-09,0.999847129565465,4.26398500988055e-05,0.000103154948863791,-0.0792046080031146,1.84195057968641e-08,0.00538291491196319,-4.18442104574623e-06,440.529244443515,439.950242783132,439.361860963062,439.950247493888
3.431,0,0,-0.309624654006813,-3.07795365494067e-09,0.999847331436175,4.27035090309117e-05,2.42748976760762e-05,-0.0785325155334323,1.84918606440036e-08,0.00539547985617129,-4.16598231723919e-06,440.529085971592,439.950217290302,439.36191265944,439.950222001726
3.432,0,0,-0.309643439103206,-3.02087278693217e-09,0.999847533264799,4.26886468313532e-05,-5.38645594186405e-05,-0.0777238735966279,1.85634200886879e-08,0.00540789004549429,-4.14757963864816e-06,440.528903112696,439.950191628296,439.361989196219,439.950196340318
3.433,0,0,-0.309662171166165,-2.9641939252554e-09,0.999847735048917,4.25960719057853e-05,-0.000131128271462201,-0.0767815157793178,1.86341820182259e-08,0.00542014551435286,-4.12921324021501e-06,440.528696082574,439.950165800524,439.362090359437,439.95017051307
3.434,0,0,-0.309680850075514,-2.90791728602223e-09,0.999847936786121,4.24267263577625e-05,-0.000207384029558271,-0.0757084913603153,1.87041443468084e-08,0.00543224630363756,-4.11088334917718e-06,440.528465095524,439.950139810392,439.362215936587,439.950144523387
3.435,0,0,-0.309699475712595,-2.85204306879746e-09,0.999848138474005,4.21816829401025e-05,-0.000282502778736576,-0.0745080576028222,1.8773305016062e-08,0.00544419246065228,-4.09259018978604e-06,440.528210364403,439.950113661305,439.362365716605,439.950118374669
3.436,0,0,-0.309718047960267,-2.79657145668887e-09,0.999848340110176,4.18621417982908e-05,-0.000356358821956549,-0.0731836717439677,1.88416619955832e-08,0.00545598403905806,-4.07433398332507e-06,440.52793210063,439.95008735666,439.362539489864,439.950092070311
3.437,0,0,-0.309736566702903,-2.7415026164375e-09,0.999848541692244,4.14694270139352e-05,-0.000428830015956516,-0.0717389826993161,1.89092132834628e-08,0.0054676210988172,-4.05611494812813e-06,440.527630514203,439.950060899852,439.362737048164,439.950065613703
3.438,0,0,-0.309755031826393,-2.68683669850792e-09,0.99984874321783,4.10049829565642e-05,-0.000499797958672347,-0.0701778225003109,1.89759569068183e-08,0.00547910370613785,-4.03793329959753e-06,440.5273058137,439.950034294269,439.362958184722,439.950039008233
3.439,0,0,-0.309773443218142,-2.63257383717866e-09,0.999848944684562,4.04703704523303e-05,-0.00056914816796763,-0.0685041974829293,1.90418909222969e-08,0.00549043193341894,-4.0197892502222e-06,440.526958206295,439.950007543294,439.36320269416,439.95001225728
3.44,0,0,-0.309791800767068,-2.5787141506327e-09,0.999849146090078,3.98672627784278e-05,-0.000636770251435808,-0.0667222792460928,1.91070134165646e-08,0.00550160585919544,-4.00168300959563e-06,440.526587897758,439.949980650304,439.363470372502,439.949985364217
3.441,0,0,-0.309810104363602,-2.52525774104808e-09,0.999849347432022,3.91974414922652e-05,-0.000702558067053437,-0.0648363953986184,1.91713225068045e-08,0.00551262556808407,-3.98361478443388e-06,440.526195092475,439.949953618668,439.363761017157,439.949958332412
3.442,0,0,-0.309828353899689,-2.47220469468849e-09,0.999849548708047,3.84627921046442e-05,-0.000766409874482555,-0.0628510201136887,1.92348163411938e-08,0.00552349115072931,-3.96558477859347e-06,440.525779993446,439.949926451749,439.364074426915,439.949931165226
3.443,0,0,-0.309846549268783,-2.41955508199405e-09,0.999849749915817,3.76652996063883e-05,-0.000828228476839261,-0.0607707645099859,1.92974930993711e-08,0.00553420270374983,-3.94759319308925e-06,440.5253428023,439.949899152903,439.364410401936,439.949903866009
3.444,0,0,-0.30986469036585,-2.36730895767206e-09,0.999849951053002,3.6807043858039e-05,-0.000887921352764775,-0.0586003668787572,1.93593509928927e-08,0.00554476032968524,-3.92964022611217e-06,440.524883719304,439.949871725477,439.364768743737,439.949876438109
3.445,0,0,-0.309882777087366,-2.31546636078785e-09,0.999850152117284,3.58901948523907e-05,-0.000945400778654604,-0.0563446827761703,1.94203882656762e-08,0.00555516413694319,-3.911726073047e-06,440.524402943369,439.94984417281,439.365149255189,439.949848884859
3.446,0,0,-0.309900809331315,-2.26402731485568e-09,0.99985035310635,3.49170078597698e-05,-0.00100058394092079,-0.0540086750003702,1.94806031944462e-08,0.00556541423974694,-3.89385092649004e-06,440.523900672061,439.949816498232,439.365551740501,439.94982120959
3.447,0,0,-0.309918786997188,-2.21299182792964e-09,0.999850554017901,3.38898184660807e-05,-0.00105339303818164,-0.051597403472665,1.95399940891612e-08,0.00557551075808311,-3.8760149762667e-06,440.52337710161,439.949788705064,439.365976005214,439.949793415618
3.448,0,0,-0.309936709985982,-2.16235989269466e-09,0.999850754849644,3.28110375137341e-05,-0.00110375537329284,-0.0491160150422508,1.959855929343e-08,0.00558545381764993,-3.85821840944906e-06,440.522832426916,439.949760796617,439.366421856192,439.949765506253
3.449,0,0,-0.309954578200199,-2.11213148655751e-09,0.999850955599298,3.16831459556528e-05,-0.00115160343515313,-0.0465697332338322,1.96562971849205e-08,0.00559524354980577,-3.84046141037338e-06,440.522266841563,439.949732776192,439.366889101608,439.949737484793
3.45,0,0,-0.309972391543846,-2.0623065717378e-09,0.99985115626459,3.05086896326048e-05,-0.00119687497023697,-0.0439638479574057,1.97132061757637e-08,0.00560488009151807,-3.8227441606575e-06,440.521680537824,439.949704647081,439.36737755094,439.949709354527
3.451,0,0,-0.309990149922431,-2.01288509535908e-09,0.999851356843257,2.92902739841528e-05,-0.00123951304382626,-0.0413037051993509,1.97692847129437e-08,0.00561436358531252,-3.80506683921824e-06,440.521073706672,439.949676412562,439.367887014957,439.949681118732
3.452,0,0,-0.310007853242962,-1.96386698953986e-09,0.999851557333047,2.80305587035274e-05,-0.00127946609093151,-0.0385946967138185,1.98245312786756e-08,0.00562369417922272,-3.78742962228873e-06,440.520446537787,439.949648075906,439.368417305713,439.949652780676
3.453,0,0,-0.310025501413949,-1.91525217148473e-09,0.999851757731717,2.67322523467305e-05,-0.00131668795691254,-0.035842249733214,1.9878944390777e-08,0.00563287202674004,-3.76983268343561e-06,440.519799219568,439.949619640369,439.368968236534,439.949624343614
3.454,0,0,-0.310043094345397,-1.86704054357543e-09,0.999851958037036,2.53981069061581e-05,-0.00135113792782689,-0.0330518167163543,1.99325226030209e-08,0.00564189728676395,-3.75227619357627e-06,440.519131939139,439.949591109197,439.369539622011,439.949595810787
3.455,0,0,-0.310060631948811,-1.81923199346192e-09,0.999852158246781,2.40309123589908e-05,-0.00138278075055289,-0.0302288651526209,1.99852645054969e-08,0.00565077012355258,-3.73476032099597e-06,440.518444882359,439.949562485622,439.370131277989,439.949567185428
3.456,0,0,-0.310078114137186,-1.77182639415349e-09,0.999852358358742,2.26334912005489e-05,-0.00141158664275241,-0.0273788674401489,2.00371687249547e-08,0.00565949070667368,-3.71728523136491e-06,440.517738233833,439.949533772865,439.370743021559,439.949538470754
3.457,0,0,-0.310095540825015,-1.72482360410982e-09,0.999852558370718,2.12086929727303e-05,-0.00143753129275622,-0.0245072908557767,2.00882339251353e-08,0.00566805921095587,-3.69985108775525e-06,440.517012176917,439.949504974133,439.371374671046,439.949509669972
3.458,0,0,-0.310112911928279,-1.678223467332e-09,0.999852758280519,1.97593887975606e-05,-0.00146059584947241,-0.021619587634137,2.01384588070967e-08,0.00567647581644029,-3.68245805065806e-06,440.51626689373,439.94947609262,439.372026046003,439.949480786272
3.459,0,0,-0.31013022736445,-1.63202581345362e-09,0.999852958085966,1.82884659257751e-05,-0.00148076690243562,-0.0187211851728981,2.01878421095178e-08,0.00568474070833245,-3.6651062780002e-06,440.515502565161,439.949447131507,439.372696967198,439.949451822833
3.46,0,0,-0.310147487052487,-1.58623045783173e-09,0.999853157784892,1.67988223102261e-05,-0.00149803645213151,-0.015817476380766,2.02363826090134e-08,0.00569285407695454,-3.64779592516116e-06,440.514719370881,439.949418093959,439.373387256607,439.949422782819
3.461,0,0,-0.310164690912836,-1.54083720163785e-09,0.99985335737514,1.52933612137651e-05,-0.00151240187074733,-0.0129138101844293,2.02840791204291e-08,0.00570081611769798,-3.63052714498984e-06,440.513917489349,439.949388983129,439.374096737403,439.949393669381
3.462,0,0,-0.310181838867426,-1.49584583194888e-09,0.999853556854565,1.37749858610934e-05,-0.00152386585351555,-0.0100154822101825,2.03309304971286e-08,0.00570862703097631,-3.61330008782124e-06,440.513097097819,439.949359802153,439.374825233947,439.949364485654
3.463,0,0,-0.310198930839669,-1.45125612183805e-09,0.999853756221032,1.22465941438968e-05,-0.00153243636083278,-0.00712772565548293,2.03769356312715e-08,0.00571628702217842,-3.59611490149313e-06,440.512258372356,439.949330554154,439.37557257178,439.949335234758
3.464,0,0,-0.310215966754456,-1.40706783046573e-09,0.999853955472419,1.07110733883917e-05,-0.00153812655135143,-0.00425570236520374,2.04220934540838e-08,0.00572379630162203,-3.57897173136261e-06,440.511401487837,439.949301242239,439.376338577613,439.949305919799
3.465,0,0,-0.310232946538157,-1.36328070317027e-09,0.999854154606616,9.17129519420633e-06,-0.00154095470625587,-0.00140449412681958,2.04664029361143e-08,0.00573115508450758,-3.56187072032265e-06,440.510526617965,439.949271869499,439.377123079316,439.949276543866
3.466,0,0,-0.310249870118617,-1.31989447155873e-09,0.999854353621523,7.63011035329946e-06,-0.00154094414494901,0.00142090580177437,2.05098630874933e-08,0.00573836359087231,-3.54481200881857e-06,440.509633935274,439.949242439008,439.37792590591,439.949247110032
3.467,0,0,-0.310266737425156,-1.27690885359764e-09,0.999854552515053,6.09034385738821e-06,-0.00153812313238851,0.00421560091867334,2.05524729581679e-08,0.00574542204554479,-3.52779573486442e-06,440.508723611141,439.949212953828,439.378746887559,439.949217621356
3.468,0,0,-0.310283548388563,-1.23432355370354e-09,0.999854751285131,4.55479000211051e-06,-0.00153252477832473,0.0069747994460447,2.05942316381373e-08,0.00575233067809961,-3.51082203405932e-06,440.507795815794,439.949183416999,439.379585855559,439.949188080878
3.469,0,0,-0.310300302941098,-1.19213826283364e-09,0.999854949929694,3.02620759588893e-06,-0.00152418692870475,0.00969382202791782,2.06351382576852e-08,0.00575908972281247,-3.49389103960377e-06,440.506850718319,439.949153831548,439.380442642331,439.949158491623
3.47,0,0,-0.310317001016489,-1.15035265857627e-09,0.99985514844669,1.50731528119304e-06,-0.00151315204951852,0.0123681091463313,2.06751919875878e-08,0.00576569941861555,-3.47700288231585e-06,440.505888486671,439.949124200484,439.381317081407,439.949128856598
3.471,0,0,-0.310333642549925,-1.10896640524132e-09,0.999855346834082,7.86975615205252e-10,-0.00149946710337414,0.0149932282451135,2.07143920393272e-08,0.00577216000905315,-3.46015769064734e-06,440.504909287679,439.949094526798,439.382209007427,439.949099178793
3.472,0,0,-0.310350227478062,-1.06797915395057e-09,0.999855545089843,-1.49075256011683e-06,-0.00148318341909986,0.0175648805512128,2.0752737665292e-08,0.00577847174223765,-3.44335559069991e-06,440.503913287059,439.949064813464,439.383118256127,439.949069461182
3.473,0,0,-0.310366755739012,-1.02739054272798e-09,0.999855743211958,-2.96473202037043e-06,-0.00146435655467983,0.0200789075841441,2.07902281589716e-08,0.00578463487080575,-3.42659670624106e-06,440.502900649421,439.949035063439,439.384044664329,439.949039706717
3.474,0,0,-0.310383227272345,-9.87200196589842e-10,0.999855941198428,-4.4186377125726e-06,-0.00144304615384009,0.022531297344784,2.08268628551295e-08,0.00579064965187503,-3.40988115872014e-06,440.501871538275,439.949005279659,439.384988069936,439.949009918337
3.475,0,0,-0.310399642019088,-9.47407727634873e-10,0.999856139047264,-5.8500175687206e-06,-0.00141931579660948,0.0249181901754159,2.08626411299819e-08,0.00579651634700077,-3.39320906728425e-06,440.500826116043,439.948975465045,439.385948311917,439.948980098959
3.476,0,0,-0.310415999921716,-9.08012735134202e-10,0.999856336756489,-7.25648500457923e-06,-0.00139323284418799,0.0272358842836084,2.08975624013653e-08,0.00580223522213302,-3.37658054879411e-06,440.499764544066,439.948945622498,439.386925230304,439.948950251484
3.477,0,0,-0.310432300924158,-8.69014805621263e-10,0.999856534324142,-8.63572262104134e-06,-0.00136486827846213,0.0294808409231971,2.09316261289032e-08,0.00580780654757406,-3.3599957178398e-06,440.498686982612,439.948915754899,439.38791866618,439.948920378792
3.478,0,0,-0.310448544971788,-8.30413512981581e-10,0.999856731748272,-9.98548574247121e-06,-0.00133429653651338,0.0316496892263311,2.09648318141533e-08,0.00581323059793606,-3.34345468675654e-06,440.497593590885,439.948885865113,439.388928461672,439.948890483745
3.479,0,0,-0.310464732011423,-7.92208418542454e-10,0.999856929026944,-1.13036057871992e-05,-0.00130159534047125,0.0337392306812443,2.099717900075e-08,0.005818507652099,-3.32695756564031e-06,440.496484527032,439.948855955982,439.389954459939,439.948860569186
3.48,0,0,-0.310480861991324,-7.54399071162527e-10,0.999857126158233,-1.258799346569e-05,-0.00126684552306767,0.0357464432511084,2.10286672745405e-08,0.00582363799316896,-3.31050446236348e-06,440.495359948155,439.948826030332,439.390996505168,439.948830637939
3.481,0,0,-0.310496934861189,-7.16985007321249e-10,0.999857323140229,-1.38366418022667e-05,-0.0012301308492537,0.037668485130026,2.10592962637093e-08,0.00582862190843659,-3.29409548259034e-06,440.494220010314,439.948796090966,439.392054442563,439.948800692806
3.482,0,0,-0.310512950572152,-6.79965751208214e-10,0.999857519971036,-1.50476289766339e-05,-0.00119153783424302,0.0395026981329257,2.10890656388978e-08,0.00583345968933592,-3.27773072979258e-06,440.493064868539,439.948766140669,439.393128118335,439.948770736572
3.483,0,0,-0.31052890907678,-6.43340814812385e-10,0.999857716648771,-1.62191209818109e-05,-0.0011511555583497,0.041246610716817,2.11179751133112e-08,0.0058381516314034,-3.26141030526471e-06,440.491894676836,439.948736182206,439.394217379696,439.948740772
3.484,0,0,-0.310544810329072,-6.07109698011191e-10,0.999857913171563,-1.73493740954541e-05,-0.00110907547898976,0.0428979406315634,2.11460244428288e-08,0.0058426980342372,-3.24513430813941e-06,440.490709588199,439.948706218321,439.39532207485,439.948710801833
3.485,0,0,-0.310560654284453,-5.71271888659497e-10,0.999858109537557,-1.84367371619167e-05,-0.00106539124021779,0.0444545971990251,2.11732134260981e-08,0.00584709920145687,-3.22890283540281e-06,440.489509754611,439.948676251738,439.396442052984,439.948680828795
3.486,0,0,-0.31057644089977,-5.35826862678442e-10,0.99985830574491,-1.94796536827683e-05,-0.00102019848017043,0.0459146832201129,2.11995419046227e-08,0.00585135544066308,-3.21271598190974e-06,440.488295327059,439.948646285158,439.397577164258,439.948650855586
3.487,0,0,-0.310592170133295,-5.00774084144148e-10,0.999858501791793,-2.04766637138661e-05,-0.000973594636788729,0.0472764965099751,2.12250097628474e-08,0.00585546706339786,-3.19657384039891e-06,440.487066455538,439.948616321265,439.398727259802,439.948620884889
3.488,0,0,-0.310607841944716,-4.66113005376288e-10,0.999858697676392,-2.14264055674423e-05,-0.000925678752190977,0.0485385310622207,2.12496169282336e-08,0.00585943438510486,-3.18047650150797e-06,440.485823289061,439.948586362719,439.399892191701,439.948590919363
3.489,0,0,-0.310623456295136,-4.31843067026515e-10,0.999858893396906,-2.23276173180448e-05,-0.000876551276066127,0.0496994778437435,2.12733633713273e-08,0.00586325772509005,-3.16442405378861e-06,440.484565975665,439.94855641216,439.401071812992,439.948560961647
3.49,0,0,-0.31063901314707,-3.97963698166747e-10,0.999859088951548,-2.31791381115346e-05,-0.000826313868456198,0.0507582252223753,2.12962491058165e-08,0.0058669374064826,-3.14841658372151e-06,440.48329466242,439.948526472205,439.402265977655,439.948531014359
3.491,0,0,-0.310654512464444,-3.64474316377309e-10,0.999859284338545,-2.39799092767123e-05,-0.000775069202293449,0.0517138590302403,2.13182741885852e-08,0.00587047375619597,-3.13245417573126e-06,440.482009495436,439.948496545451,439.403474540603,439.948501080094
3.492,0,0,-0.310669954212586,-3.3137432783492e-10,0.999859479556139,-2.47289752395115e-05,-0.000722920766054903,0.0525656622663201,2.13394387197528e-08,0.00587386710488935,-3.11653691220122e-06,440.480710619872,439.948466634473,439.404697357673,439.948471161427
3.493,0,0,-0.310685338358229,-2.98663127400532e-10,0.999859674602586,-2.54254842400542e-05,-0.000669972666893009,0.0533131144423627,2.13597428427233e-08,0.00587711778692931,-3.10066487348836e-06,440.479398179942,439.948436741824,439.405934285623,439.948441260909
3.494,0,0,-0.310700664869503,-2.66340098707013e-10,0.999859869476155,-2.60686888532225e-05,-0.000616329434596771,0.0539558905768757,2.13791867442178e-08,0.00588022614035161,-3.08483813793793e-06,440.478072318925,439.948406870034,439.407185182121,439.948411381072
3.495,0,0,-0.310715933715936,-2.34404614246673e-10,0.999860064175132,-2.66579463137539e-05,-0.000562095826732639,0.0544938598425419,2.13977706542882e-08,0.00588319250682342,-3.06905678189816e-06,440.476733179169,439.948377021612,439.408449905736,439.948381524422
3.496,0,0,-0.310731144868446,-2.02856035458623e-10,0.999860258697815,-2.71927186472088e-05,-0.000507376635308839,0.0549270838729712,2.14154948463414e-08,0.00588601723160563,-3.05332087973489e-06,440.475380902102,439.948347199043,439.409728315933,439.948351693446
3.497,0,0,-0.310746298299342,-1.71693712815982e-10,0.999860453042516,-2.76725726085067e-05,-0.000452276495300601,0.0552558147352683,2.14323596371498e-08,0.0058887006635155,-3.03763050384611e-06,440.474015628237,439.948317404792,439.411020273063,439.948321890607
3.498,0,0,-0.310761393982317,-1.40916985912905e-10,0.999860647207565,-2.80971794300552e-05,-0.00039689969536701,0.0554804925754379,2.14483653868582e-08,0.0058912431548895,-3.02198572467643e-06,440.472637497182,439.9482876413,439.412325638356,439.948292118345
3.499,0,0,-0.310776431892447,-1.1052518355145e-10,0.999860841191304,-2.84663143818269e-05,-0.000341349991082904,0.0556017429441783,2.14635124989803e-08,0.00589364506154641,-3.00638661073151e-06,440.471246647644,439.948257910984,439.413644273916,439.948262379078
3.5,0,0,-0.310791412006186,-8.05176238282707e-11,0.99986103499209,-2.8779856146058e-05,-0.000285730421001454,0.0556203738111209,2.14778014203922e-08,0.00589590674275062,-2.99083322859246e-06,440.469843217439,439.948228216239,439.414976042708,439.948232675201
