time_s,contact_force_n,target_x_m,uav_x_m,pitch_rad
0.0,0.0,0.0,-0.3,-0.0
0.001,0.0,0.0,-0.3,-0.0
0.002,0.0,0.0,-0.3,4.0227086553905126e-11
0.003,0.0,0.0,-0.2999999999999994,3.5951850632813445e-10
0.004,0.0,0.0,-0.29999999999999466,1.4289131043207599e-09
0.005,0.0,0.0,-0.2999999999999748,3.944609733333086e-09
0.006,0.0,0.0,-0.29999999999991434,8.821062604108213e-09
0.007,0.0,0.0,-0.29999999999976457,1.7184211338881492e-08
0.008,0.0,0.0,-0.2999999999994424,3.03648435226494e-08
0.009000000000000001,0.0,0.0,-0.2999999999988172,4.9892087577635725e-08
0.01,0.0,0.0,-0.2999999999976962,7.74870338172695e-08
0.011,0.0,0.0,-0.2999999999958072,1.150564815664314e-07
0.012,0.0,0.0,-0.29999999999278,1.6468681026478067e-07
0.013000000000000001,0.0,0.0,-0.2999999999881261,2.286379724997094e-07
0.014,0.0,0.0,-0.29999999998121635,3.0933760694485036e-07
0.015,0.0,0.0,-0.29999999997125726,4.093752692090279e-07
0.016,0.0,0.0,-0.29999999995726556,5.314967786292126e-07
0.017,0.0,0.0,-0.2999999999380412,6.785986790693529e-07
0.018000000000000002,0.0,0.0,-0.2999999999121392,8.537228118148809e-07
0.019,0.0,0.0,-0.2999999998778396,1.0600509986803457e-06
0.02,0.0,0.0,-0.2999999998331162,1.3008998334748747e-06
0.021,0.0,0.0,-0.2999999997756043,1.5797155799971e-06
0.022,0.0,0.0,-0.2999999997025668,1.9000691747578016e-06
0.023,0.0,0.0,-0.299999999610859,2.2656513326548046e-06
0.024,0.0,0.0,-0.2999999994968927,2.680267753850593e-06
0.025,0.0,0.0,-0.2999999993565987,3.1478344301287557e-06
0.026000000000000002,0.0,0.0,-0.29999999918538844,3.672373049030662e-06
0.027,0.0,0.0,-0.2999999989781146,4.258006494098789e-06
0.028,0.0,0.0,-0.29999999872903055,4.908954439577768e-06
0.029,0.0,0.0,-0.29999999843174924,5.629529037948572e-06
0.03,0.0,0.0,-0.29999999807920064,6.424130698695372e-06
0.031,0.0,0.0,-0.2999999976635887,7.2972439567283255e-06
0.032,0.0,0.0,-0.29999999717634734,8.253433428908975e-06
0.033,0.0,0.0,-0.2999999966080958,9.297339857148132e-06
0.034,0.0,0.0,-0.29999999594859295,1.0433676236568983e-05
0.035,0.0,0.0,-0.2999999951866913,1.1667224027250688e-05
0.036000000000000004,0.0,0.0,-0.2999999943102899,1.3002829448090078e-05
0.037,0.0,0.0,-0.2999999933062869,1.4445399851340956e-05
0.038,0.0,0.0,-0.2999999921605315,1.5999900176412323e-05
0.039,0.0,0.0,-0.2999999908577752,1.767134948152821e-05
0.04,0.0,0.0,-0.2999999893816224,1.9464817551872963e-05
0.041,0.0,0.0,-0.29999998771448116,2.1385421582866754e-05
0.042,0.0,0.0,-0.29999998583751253,2.3438322937236575e-05
0.043000000000000003,0.0,0.0,-0.2999999837305802,2.5628723974568445e-05
0.044,0.0,0.0,-0.29999998137219935,2.796186495204663e-05
0.045,0.0,0.0,-0.2999999787394855,3.0443020995105326e-05
0.046,0.0,0.0,-0.29999997580810234,3.307749913673798e-05
0.047,0.0,0.0,-0.2999999725522102,3.5870635424228656e-05
0.048,0.0,0.0,-0.29999996894441344,3.882779209208883e-05
0.049,0.0,0.0,-0.2999999649557078,4.195435480000198e-05
0.05,0.0,0.0,-0.2999999605554278,4.52557299345965e-05
0.051000000000000004,0.0,0.0,-0.29999995571119364,4.87373419738863e-05
0.052000000000000005,0.0,0.0,-0.29999995038885785,5.2404630913235936e-05
0.053,0.0,0.0,-0.29999994455245227,5.626304975172534e-05
0.054,0.0,0.0,-0.29999993816413423,6.0318062037806615e-05
0.055,0.0,0.0,-0.2999999311841332,6.457513947316266e-05
0.056,0.0,0.0,-0.29999992357069705,6.903975957369469e-05
0.057,0.0,0.0,-0.2999999152800384,7.371740338658225e-05
0.058,0.0,0.0,-0.2999999062662807,7.861355326237637e-05
0.059000000000000004,0.0,0.0,-0.29999989648140474,8.373369068110254e-05
0.06,0.0,0.0,-0.2999998858751946,8.908329413136694e-05
0.061,0.0,0.0,-0.2999998743951842,9.466783704147435e-05
0.062,0.0,0.0,-0.29999986198660344,0.00010049278576158323
0.063,0.0,0.0,-0.2999998485923246,0.00010656359759593769
0.064,0.0,0.0,-0.2999998341528089,0.00011288571888423274
0.065,0.0,0.0,-0.2999998186060531,0.00011946458313118287
0.066,0.0,0.0,-0.2999998018875362,0.00012630560918338029
0.067,0.0,0.0,-0.29999978393016624,0.00013341419945254304
0.068,0.0,0.0,-0.29999976466422734,0.00014079573818426782
0.069,0.0,0.0,-0.29999974401732693,0.0001484555897714171
0.07,0.0,0.0,-0.29999972191434315,0.00015639909711128344
0.07100000000000001,0.0,0.0,-0.2999996982773725,0.00016463158000568897
0.07200000000000001,0.0,0.0,-0.2999996730256775,0.00017315833360319018
0.073,0.0,0.0,-0.29999964607563495,0.00018198462688257346
0.074,0.0,0.0,-0.29999961734068414,0.00019111570117683854
0.075,0.0,0.0,-0.2999995867312756,0.00020055676873688145
0.076,0.0,0.0,-0.29999955415481966,0.00021031301133410027
0.077,0.0,0.0,-0.2999995195156361,0.00022038957890116177
0.078,0.0,0.0,-0.2999994827149032,0.0002307915882101767
0.079,0.0,0.0,-0.2999994436506079,0.0002415241215875471
0.08,0.0,0.0,-0.29999940221749566,0.00025259222566475825
0.081,0.0,0.0,-0.29999935830702135,0.0002640009101644035
0.082,0.0,0.0,-0.2999993118072997,0.00027575514672073737
0.083,0.0,0.0,-0.29999926260305687,0.00028785986773406945
0.084,0.0,0.0,-0.2999992105755818,0.00030031996525831854
0.085,0.0,0.0,-0.2999991556026786,0.00031314028992106117
0.08600000000000001,0.0,0.0,-0.29999909755861853,0.00032632564987541756
0.08700000000000001,0.0,0.0,-0.29999903631409325,0.00033988080978313094
0.088,0.0,0.0,-0.29999897173616785,0.000353810489828206
0.089,0.0,0.0,-0.2999989036882347,0.0003681193647604834
0.09,0.0,0.0,-0.29999883202996735,0.0003828120629685376
0.091,0.0,0.0,-0.2999987566172756,0.00039789316558129625
0.092,0.0,0.0,-0.29999867730226004,0.0004133672055977896
0.093,0.0,0.0,-0.2999985939331681,0.0004292386670444475
0.094,0.0,0.0,-0.29999850635434955,0.00044551198415937335
0.095,0.0,0.0,-0.2999984144062135,0.0004621915406030323
0.096,0.0,0.0,-0.2999983179251851,0.00047928166869480295
0.097,0.0,0.0,-0.29999821674366317,0.0004967866486748493
0.098,0.0,0.0,-0.29999811068997817,0.00051471070799078
0.099,0.0,0.0,-0.29999799958835077,0.0005330580206085714
0.1,0.0,0.0,-0.2999978832588509,0.0005518327063472394
0.101,0.0,0.0,-0.2999977615173574,0.0005710388302367571
0.10200000000000001,0.0,0.0,-0.29999763417551806,0.0005906804018987175
0.10300000000000001,0.0,0.0,-0.2999975010407103,0.0006107613749492565
0.10400000000000001,0.0,0.0,-0.29999736191600257,0.0006312856464237563
0.105,0.0,0.0,-0.2999972166001158,0.0006522570562228581
0.106,0.0,0.0,-0.29999706488738603,0.0006736793865793237
0.107,0.0,0.0,-0.29999690656772715,0.0006955563615452879
0.108,0.0,0.0,-0.2999967414265945,0.0007178916464994604
0.109,0.0,0.0,-0.2999965692449488,0.0007406888476738364
0.11,0.0,0.0,-0.2999963897992208,0.0007639515116994875
0.111,0.0,0.0,-0.2999962028612765,0.0007876831251710086
0.112,0.0,0.0,-0.29999600819838307,0.0008118871142292096
0.113,0.0,0.0,-0.299995805573175,0.0008365668441616414
0.114,0.0,0.0,-0.29999559474362136,0.000861725619020559
0.115,0.0,0.0,-0.2999953754629932,0.0008873666812579279
0.116,0.0,0.0,-0.29999514747983175,0.00091349321137709
0.117,0.0,0.0,-0.2999949105379173,0.0009401083276007107
0.11800000000000001,0.0,0.0,-0.2999946643762386,0.0009672150855546345
0.11900000000000001,0.0,0.0,-0.2999944087289629,0.0009948164779672874
0.12,0.0,0.0,-0.29999414332540636,0.0010229154343842693
0.121,0.0,0.0,-0.29999386789000576,0.0010515148208977807
0.122,0.0,0.0,-0.29999358214229,0.0010806174398905464
0.123,0.0,0.0,-0.2999932857968527,0.0011102260297938939
0.124,0.0,0.0,-0.2999929785633254,0.0011403432648596553
0.125,0.0,0.0,-0.2999926601463513,0.001170971754945573
0.126,0.0,0.0,-0.29999233024555955,0.0012021140453138818
0.127,0.0,0.0,-0.2999919885555405,0.0012337726164427616
0.128,0.0,0.0,-0.29999163476582114,0.0012659498838503518
0.129,0.0,0.0,-0.29999126856084146,0.0012986481979310263
0.13,0.0,0.0,-0.2999908896199314,0.0013318698438036318
0.131,0.0,0.0,-0.2999904976172885,0.001365617041171406
0.132,0.0,0.0,-0.29999009222195605,0.0013998919441932847
0.133,0.0,0.0,-0.2999896730978018,0.0014346966413663253
0.134,0.0,0.0,-0.2999892399034977,0.0014700331554189715
0.135,0.0,0.0,-0.2999887922925,0.0015059034432148891
0.136,0.0,0.0,-0.29998832991302987,0.0015423093956671195
0.137,0.0,0.0,-0.29998785240805503,0.001579252837662282
0.138,0.0,0.0,-0.2999873594152718,0.001616735527994582
0.139,0.0,0.0,-0.29998685056708774,0.001654759159309377
0.14,0.0,0.0,-0.29998632549060505,0.001693325358056051
0.14100000000000001,0.0,0.0,-0.2999857838076047,0.001732435684449974
0.14200000000000002,0.0,0.0,-0.299985225134531,0.001772091632443301
0.14300000000000002,0.0,0.0,-0.2999846490824771,0.0018122946297043905
0.14400000000000002,0.0,0.0,-0.2999840552571706,0.0018530460376056167
0.145,0.0,0.0,-0.2999834432589606,0.0018943471512193593
0.146,0.0,0.0,-0.2999828126828047,0.001936199199321956
0.147,0.0,0.0,-0.29998216311825704,0.001978603344405407
0.148,0.0,0.0,-0.2999814941494569,0.002021560682696626
0.149,0.0,0.0,-0.29998080535511784,0.002065072244184045
0.15,0.0,0.0,-0.29998009630851763,0.0021091389926513617
0.151,0.0,0.0,-0.2999793665774887,0.002153761825718249
0.152,0.0,0.0,-0.29997861572440937,0.0021989415748878394
0.153,0.0,0.0,-0.2999778433061957,0.002244679005600782
0.154,0.0,0.0,-0.2999770488742939,0.002290974817295721
0.155,0.0,0.0,-0.29997623197467344,0.002337829643475989
0.156,0.0,0.0,-0.2999753921478209,0.0023852440517823648
0.157,0.0,0.0,-0.2999745289287342,0.0024332185440717143
0.158,0.0,0.0,-0.2999736418469179,0.0024817535565013547
0.159,0.0,0.0,-0.29997273042637856,0.002530849459618978
0.16,0.0,0.0,-0.2999717941856214,0.002580506558457976
0.161,0.0,0.0,-0.2999708326376471,0.0026307250926380166
0.162,0.0,0.0,-0.29996984528994947,0.0026815052364707074
0.163,0.0,0.0,-0.29996883164451366,0.0027328470990702217
0.164,0.0,0.0,-0.29996779119781514,0.0027847507244687106
0.165,0.0,0.0,-0.29996672344081915,0.0028372160917363976
0.166,0.0,0.0,-0.2999656278589809,0.0028902431151061826
0.167,0.0,0.0,-0.29996450393224644,0.0029438316441026463
0.168,0.0,0.0,-0.29996335113505407,0.0029979814636753063
0.169,0.0,0.0,-0.2999621689363363,0.003052692294336009
0.17,0.0,0.0,-0.2999609567995228,0.0031079637923003235
0.171,0.0,0.0,-0.29995971418254336,0.003163795549632819
0.17200000000000001,0.0,0.0,-0.29995844053783227,0.0032201870943961023
0.17300000000000001,0.0,0.0,-0.2999571353123327,0.003277137890803506
0.17400000000000002,0.0,0.0,-0.29995579794750193,0.003334647339375301
0.17500000000000002,0.0,0.0,-0.29995442787931714,0.0033927147770983386
0.176,0.0,0.0,-0.29995302453828204,0.0034513394775889973
0.177,0.0,0.0,-0.2999515873494338,0.0035105206512593395
0.178,0.0,0.0,-0.2999501157323508,0.003570257445486371
0.179,0.0,0.0,-0.29994860910116106,0.003630548944784306
0.18,0.0,0.0,-0.2999470668645509,0.0036913941709797262
0.181,0.0,0.0,-0.2999454884257749,0.0037527920833895652
0.182,0.0,0.0,-0.2999438731826657,0.0038147415790017953
0.183,0.0,0.0,-0.29994222052764496,0.0038772414926587445
0.184,0.0,0.0,-0.2999405298477348,0.003940290597242953
0.185,0.0,0.0,-0.29993880052456956,0.004003887603865476
0.186,0.0,0.0,-0.2999370319344086,0.004068031162056554
0.187,0.0,0.0,-0.2999352234481496,0.0041327198599585765
0.188,0.0,0.0,-0.299933374431342,0.004197952224521242
0.189,0.0,0.0,-0.2999314842442018,0.004263726721698854
0.19,0.0,0.0,-0.29992955224162626,0.004330041756649669
0.191,0.0,0.0,-0.2999275777732097,0.004396895673937227
0.192,0.0,0.0,-0.2999255601832597,0.004464286757733594
0.193,0.0,0.0,-0.2999234988108137,0.004532213232024446
0.194,0.0,0.0,-0.29992139298965653,0.004600673260815924
0.195,0.0,0.0,-0.29991924204833836,0.0046696649483432065
0.196,0.0,0.0,-0.2999170453101932,0.004739186339280727
0.197,0.0,0.0,-0.2999148020933581,0.004809235418953977
0.198,0.0,0.0,-0.2999125117107928,0.004879810113552836
0.199,0.0,0.0,-0.2999101734703002,0.004950908290346373
0.2,0.0,0.0,-0.2999077866745469,0.0050225277578990635
0.201,0.0,0.0,-0.2999053506210849,0.005094666266288366
0.202,0.0,0.0,-0.2999028646023738,0.0051673215073235945
0.203,0.0,0.0,-0.29990032790580295,0.005240491114766079
0.20400000000000001,0.0,0.0,-0.2998977398137149,0.005314172664550509
0.20500000000000002,0.0,0.0,-0.2998950996034292,0.005388363675007439
0.20600000000000002,0.0,0.0,-0.2998924065472664,0.005463061607086932
0.20700000000000002,0.0,0.0,-0.2998896599125732,0.0055382638645832495
0.20800000000000002,0.0,0.0,-0.2998868589617479,0.005613967794360594
0.209,0.0,0.0,-0.299884002952266,0.005690170686579821
0.21,0.0,0.0,-0.2998810911367073,0.005766869774926116
0.211,0.0,0.0,-0.2998781227627824,0.005844062236837574
0.212,0.0,0.0,-0.2998750970733609,0.005921745193734659
0.213,0.0,0.0,-0.29987201330649915,0.0059999157112504975
0.214,0.0,0.0,-0.2998688706954693,0.006078570799461984
0.215,0.0,0.0,-0.2998656684687885,0.00615770741312165
0.216,0.0,0.0,-0.29986240585024865,0.006237322451890302
0.217,0.0,0.0,-0.29985908205894685,0.00631741276057033
0.218,0.0,0.0,-0.2998556963093163,0.006397975129339734
0.219,0.0,0.0,-0.2998522478111578,0.006479006293986797
0.22,0.0,0.0,-0.2998487357696717,0.006560502936145386
0.221,0.0,0.0,-0.2998451593854903,0.006642461683530856
0.222,0.0,0.0,-0.299841517854711,0.006724879110176547
0.223,0.0,0.0,-0.29983781036893015,0.006807751736670829
0.224,0.0,0.0,-0.29983403611527654,0.006891076030394695
0.225,0.0,0.0,-0.2998301942764466,0.006974848405759858
0.226,0.0,0.0,-0.29982628403073913,0.007059065224447367
0.227,0.0,0.0,-0.29982230455209125,0.007143722795646683
0.228,0.0,0.0,-0.29981825501011444,0.007228817376295236
0.229,0.0,0.0,-0.2998141345701313,0.007314345171318411
0.23,0.0,0.0,-0.29980994239321257,0.007400302333869985
0.231,0.0,0.0,-0.29980567763621513,0.007486684965572974
0.232,0.0,0.0,-0.29980133945182,0.007573489116760881
0.233,0.0,0.0,-0.2997969269885712,0.007660710786719345
0.234,0.0,0.0,-0.2997924393909148,0.007748345923928168
0.23500000000000001,0.0,0.0,-0.2997878757992389,0.007836390426303717
0.23600000000000002,0.0,0.0,-0.2997832353499135,0.007924840141441684
0.23700000000000002,0.0,0.0,-0.29977851717533166,0.008013690866860207
0.23800000000000002,0.0,0.0,-0.29977372040395034,0.008102938350243333
0.23900000000000002,0.0,0.0,-0.2997688441603322,0.008192578289684817
0.24,0.0,0.0,-0.299763887565188,0.008282606333932262
0.241,0.0,0.0,-0.29975884973541894,0.008373018082631589
0.242,0.0,0.0,-0.29975372978416004,0.008463809086571815
0.243,0.0,0.0,-0.29974852682082365,0.00855497484793019
0.244,0.0,0.0,-0.29974323995114377,0.008646510820517591
0.245,0.0,0.0,-0.29973786827722043,0.008738412410024295
0.246,0.0,0.0,-0.2997324108975648,0.008830674974266034
0.247,0.0,0.0,-0.2997268669071449,0.00892329382343036
0.248,0.0,0.0,-0.2997212353974313,0.009016264220323344
0.249,0.0,0.0,-0.29971551545644387,0.009109581380616577
0.25,0.0,0.0,-0.29970970616879866,0.009203240473094485
0.251,0.0,0.0,-0.2997038066157552,0.00929723661990198
0.252,0.0,0.0,-0.2996978158752644,0.009391564896792411
0.253,0.0,0.0,-0.29969173302201696,0.009486220333375863
0.254,0.0,0.0,-0.29968555712749206,0.00958119791336775
0.255,0.0,0.0,-0.2996792872600066,0.00967649257483778
0.256,0.0,0.0,-0.29967292248476485,0.009772099210459238
0.257,0.0,0.0,-0.2996664618639086,0.009868012667758623
0.258,0.0,0.0,-0.29965990445656776,0.009964227749365619
0.259,0.0,0.0,-0.29965324931891135,0.010060739213263444
0.26,0.0,0.0,-0.29964649550419886,0.010157541773039555
0.261,0.0,0.0,-0.29963964206283233,0.010254630098136729
0.262,0.0,0.0,-0.2996326880424085,0.010351998814104516
0.263,0.0,0.0,-0.29962563248777163,0.010449642502851096
0.264,0.0,0.0,-0.2996184744410667,0.01054755570289553
0.265,0.0,0.0,-0.29961121294179305,0.010645732909620424
0.266,0.0,0.0,-0.2996038470268583,0.010744168575525003
0.267,0.0,0.0,-0.299596375730633,0.01084285711047864
0.268,0.0,0.0,-0.29958879808500544,0.010941792881974798
0.269,0.0,0.0,-0.2995811131194368,0.011040970215385443
0.27,0.0,0.0,-0.2995733198610171,0.011140383394215934
0.271,0.0,0.0,-0.29956541733452124,0.011240026660360372
0.272,0.0,0.0,-0.29955740456246555,0.011339894214357443
0.273,0.0,0.0,-0.2995492805651646,0.011439980215646788
0.274,0.0,0.0,-0.29954104436078893,0.011540278782825866
0.275,0.0,0.0,-0.2995326949654224,0.011640783993907371
0.276,0.0,0.0,-0.2995242313931205,0.011741489886577184
0.277,0.0,0.0,-0.2995156526559691,0.011842390458452897
0.278,0.0,0.0,-0.2995069577641431,0.01194347966734291
0.279,0.0,0.0,-0.299498145725966,0.012044751431506127
0.28,0.0,0.0,-0.29948921554796953,0.012146199629912249
0.281,0.0,0.0,-0.2994801662349538,0.012247818102502717
0.28200000000000003,0.0,0.0,-0.29947099679004796,0.012349600650452278
0.28300000000000003,0.0,0.0,-0.29946170621477075,0.012451541036431216
0.28400000000000003,0.0,0.0,-0.29945229350909214,0.012553632984868248
0.28500000000000003,0.0,0.0,-0.2994427576714948,0.012655870182214146
0.28600000000000003,0.0,0.0,-0.2994330976990362,0.012758246277206044
0.28700000000000003,0.0,0.0,-0.2994233125874109,0.012860754881132471
0.28800000000000003,0.0,0.0,-0.29941340133101346,0.012963389568099152
0.289,0.0,0.0,-0.29940336292300157,0.013066143875295562
0.29,0.0,0.0,-0.2993931963553595,0.01316901130326228
0.291,0.0,0.0,-0.2993829006189619,0.013271985316159116
0.292,0.0,0.0,-0.2993724747036382,0.013375059342034097
0.293,0.0,0.0,-0.29936191759823716,0.013478226773093271
0.294,0.0,0.0,-0.2993512282906916,0.013581480965971384
0.295,0.0,0.0,-0.299340405768084,0.013684815242003438
0.296,0.0,0.0,-0.29932944901671193,0.013788222887497155
0.297,0.0,0.0,-0.29931835702215404,0.01389169715400635
0.298,0.0,0.0,-0.2993071287693365,0.01399523125860526
0.299,0.0,0.0,-0.2992957632425997,0.014098818384163835
0.3,0.0,0.0,-0.2992842594257651,0.014202451679623997
0.301,0.0,0.0,-0.2992726163022026,0.014306124260276932
0.302,0.0,0.0,-0.29926083285489835,0.014409829208041383
0.303,0.0,0.0,-0.2992489080665227,0.014513559571743008
0.304,0.0,0.0,-0.2992368409194985,0.014617308367394785
0.305,0.0,0.0,-0.2992246303960696,0.014721068578478543
0.306,0.0,0.0,-0.2992122754783703,0.014824833156227556
0.307,0.0,0.0,-0.29919977514849416,0.014928595019910312
0.308,0.0,0.0,-0.2991871283885638,0.015032347057115432
0.309,0.0,0.0,-0.29917433418080097,0.015136082124037735
0.31,0.0,0.0,-0.2991613915075965,0.015239793045765539
0.311,0.0,0.0,-0.29914829935158116,0.015343472616569166
0.312,0.0,0.0,-0.29913505669569623,0.015447113600190692
0.313,0.0,0.0,-0.29912166252326483,0.015550708730134975
0.314,0.0,0.0,-0.2991081158180633,0.01565425070996194
0.315,0.0,0.0,-0.2990944155643929,0.01575773221358023
0.316,0.0,0.0,-0.29908056074715206,0.015861145885542122
0.317,0.0,0.0,-0.29906655035190843,0.01596448434133987
0.318,0.0,0.0,-0.29905238336497175,0.016067740167703376
0.319,0.0,0.0,-0.2990380587734665,0.016170905922899277
0.32,0.0,0.0,-0.2990235755654053,0.01627397413703147
0.321,0.0,0.0,-0.29900893272976226,0.016376937312343073
0.322,0.0,0.0,-0.2989941292565467,0.016479787923519864
0.323,0.0,0.0,-0.2989791641368773,0.016582518417995195
0.324,0.0,0.0,-0.2989640363630562,0.01668512121625645
0.325,0.0,0.0,-0.29894874492864354,0.016787588712153027
0.326,0.0,0.0,-0.2989332888285325,0.016889913273205864
0.327,0.0,0.0,-0.29891766705902406,0.016992087240918604
0.328,0.0,0.0,-0.2989018786179025,0.017094102931090316
0.329,0.0,0.0,-0.298885922504511,0.01719595263412987
0.33,0.0,0.0,-0.29886979771982736,0.017297628615371964
0.331,0.0,0.0,-0.29885350326654003,0.01739912311539482
0.332,0.0,0.0,-0.2988370381491246,0.017500428350339606
0.333,0.0,0.0,-0.2988204013739202,0.017601536512231553
0.334,0.0,0.0,-0.2988035919492064,0.017702439769302823
0.335,0.0,0.0,-0.2987866088852802,0.017803130266317156
0.336,0.0,0.0,-0.2987694511945332,0.017903600124896325
0.337,0.0,0.0,-0.29875211789152917,0.01800384144384835
0.338,0.0,0.0,-0.2987346079930818,0.018103846299497607
0.339,0.0,0.0,-0.29871692051833265,0.018203606746016773
0.34,0.0,0.0,-0.298699054488829,0.018303114815760652
0.341,0.0,0.0,-0.29868100892860266,0.018402362519601912
0.342,0.0,0.0,-0.2986627828642482,0.018501341847268756
0.343,0.0,0.0,-0.2986443753250019,0.018600044767684513
0.34400000000000003,0.0,0.0,-0.29862578534282064,0.018698463229309244
0.34500000000000003,0.0,0.0,-0.2986070119524612,0.018796589160483317
0.34600000000000003,0.0,0.0,-0.2985880541915595,0.018894414469772993
0.34700000000000003,0.0,0.0,-0.2985689111007102,0.018991931046318078
0.34800000000000003,0.0,0.0,-0.2985495817235466,0.019089130760181608
0.34900000000000003,0.0,0.0,-0.2985300651068205,0.019186005462701643
0.35000000000000003,0.0,0.0,-0.2985103603004823,0.01928254698684512
0.35100000000000003,0.0,0.0,-0.2984904663577612,0.0193787471475639
0.352,0.0,0.0,-0.29847038233524614,0.0194745977421529
0.353,0.0,0.0,-0.29845010729296584,0.01957009055061042
0.354,0.0,0.0,-0.2984296402944701,0.019665217336000677
0.355,0.0,0.0,-0.29840898040691066,0.01975996984481851
0.356,0.0,0.0,-0.2983881267011222,0.01985433980735635
0.357,0.0,0.0,-0.29836707825170383,0.01994831893807345
0.358,0.0,0.0,-0.29834583413710053,0.020041898935967317
0.359,0.1554566801112641,0.0,-0.2983243934396847,0.020135071484947566
0.36,0.2217596866396671,9.53328216827176e-08,-0.298302831802265,0.02022816601963097
0.361,0.2862045632608086,3.733101232775785e-07,-0.2982812194914979,0.02032147551039334
0.362,0.3483087409527301,8.850009495518625e-07,-0.29825959852909817,0.020415158822175462
0.363,0.4076259414342804,1.6786015550563918e-06,-0.29823800937483697,0.020509361473443403
0.364,0.46374940787372165,2.799006344007206e-06,-0.2982164906277798,0.020604214745210514
0.365,0.5163146706034282,4.287421836945627e-06,-0.29819507875398077,0.020699834945003402
0.366,0.5650018344644252,6.181026231817892e-06,-0.29817380784248443,0.02079632282843392
0.367,0.6095373790490042,8.512676622139427e-06,-0.2981527093911642,0.02089376317904752
0.368,0.6496954669916517,1.131066542388157e-05,-0.29813181212360285,0.020992224546251183
0.369,0.6852987608885333,1.4598527050041112e-05,-0.29811114183789034,0.021091759140147482
0.37,0.7162187546063264,1.839489536286829e-05,-0.2980907212878846,0.021192402880175543
0.371,0.742375628878172,2.271341193352966e-05,-0.29807057009715787,0.021294175592938457
0.372,0.7637376453620904,2.7562684651932622e-05,-0.29805070470553136,0.021397081353307992
0.373,0.7803200973417538,3.2946295759801205e-05,-0.2980311383477928,0.021501108961700856
0.374,0.7921838389861172,3.886285793187739e-05,-0.2980118810638948,0.021606232549324454
0.375,0.7994334185211248,4.530611660702665e-05,-0.29799293973964897,0.021712412302201403
0.376,0.802214843757972,5.226509637641656e-05,-0.2979743181766673,0.021819595293906962
0.377,0.8007130111708586,5.972428887281446e-05,-0.29795601719005477,0.021927716416196622
0.378,0.7951488321139527,6.766387927604281e-05,-0.29793803473213254,0.022036699396066957
0.379,0.7857760917411661,7.606000825697243e-05,-0.2979203660402682,0.02214645788728146
0.38,0.7728780778365326,8.488506592795371e-05,-0.2979030038067109,0.022256896624008888
0.381,0.7567640179484005,9.410801415270783e-05,-0.2978859383681747,0.02236791262396138
0.382,0.7377653640703952,0.0001036947333944235,-0.2978691579127854,0.02247939642828494
0.383,0.7162319645108197,0.00011360839014773251,-0.29785264870190453,0.022591233365441936
0.384,0.6925281626606965,0.00012380982090854736,-0.2978363953042669,0.022703304826431788
0.385,0.6670288619921394,0.00013425792858523183,-0.2978203808398218,0.022815489538918265
0.386,0.6401155959477601,0.00014491008724463265,-0.2978045872306428,0.022927664828164104
0.387,0.6121726402929109,0.00015572255111615966,-0.2977889954562762,0.02303970785311139
0.388,0.5835832041217034,0.0001666508638450358,-0.2977735858109255,0.023151496806481923
0.389,0.5547257340051897,0.00017765026409038886,-0.2977583381599226,0.0232629120683995
0.39,0.5259703637714099,0.0001886760837030558,-0.29774323219301135,0.023373837303746627
0.391,0.4976755401586949,0.0001996841348895709,-0.2977282476720682,0.023484160494254867
0.392,0.47018485209364025,0.0002106310829703099,-0.29771336467100024,0.023593774897180265
0.393,0.4438240886621957,0.00022147480156843756,-0.2976985638056994,0.023702579923324963
0.394,0.41889854827271267,0.00023217470731925775,-0.2976838264520835,0.0238104819280207
0.395,0.3956906181563729,0.00024269207146392665,-0.2976691349504229,0.023917394909457674
0.396,0.3744576398048907,0.0002529903059837513,-0.2976544727943337,0.024023241110333788
0.397,0.3554300733500263,0.00026303522223794924,-0.2976398248030085,0.024127951519829872
0.398,0.3388099706342186,0.0002727952603857874,-0.2976251772754568,0.02423146627376887
0.399,0.3247697634147484,0.00028224168820010766,-0.29761051812573336,0.024333734951816795
0.4,0.31345136992172995,0.0002913487682099764,-0.2975958369983441,0.02443471677160698
0.401,0.3049656198420617,0.00030009389244224746,-0.2975811253632318,0.024534380680669182
0.402,0.29939199471271044,0.00030845768436196525,-0.2975663765899577,0.02463270534801214
0.403,0.29677867775693145,0.00031642406793662913,-0.2975515860009056,0.024729679058132552
0.404,0.29714290435770097,0.00032398030406638966,-0.2975367509035419,0.024825299511098242
0.405,0.30047160170271864,0.00033111699492841576,-0.29752187060196833,0.024919573533170376
0.406,0.30672230365075615,0.00033782805707629576,-0.2975069463881934,0.025012516703181605
0.40700000000000003,0.3158243245914809,0.00034411066441196236,-0.29749198151373824,0.025104152900569773
0.40800000000000003,0.32768017400233956,0.00034996516240602617,-0.29747698114236076,0.02519451378157329
0.40900000000000003,0.3421671915871226,0.0003553949551805649,-0.29746195228484645,0.025283638190621863
0.41000000000000003,0.35913938129030576,0.0003604063672846014,-0.2974469037169601,0.025371571514400948
0.41100000000000003,0.3784294211548154,0.0003650084821852219,-0.2974318458817862,0.025458364986428336
0.41200000000000003,0.3998508249208826,0.00036921295966532025,-0.29741679077780403,0.025544074950254684
0.41300000000000003,0.4232002304541767,0.0003730338344613533,-0.2974017518341428,0.025628762089587247
0.41400000000000003,0.4482597895418391,0.0003764872985905854,-0.2973867437745505,0.025712490633736464
0.41500000000000004,0.4747996336433597,0.0003795914699066989,-0.2973717824716742,0.025795327546697333
0.41600000000000004,0.5025803898202277,0.0003823661494854409,-0.2973568847933031,0.025877341707855658
0.417,0.531355720831712,0.0003848325704780174,-0.2973420684422577,0.025958603092686734
0.418,0.5608748643371544,0.0003870131410793512,-0.2973273517916249,0.026039181961676025
0.419,0.590885146908797,0.0003889311842420088,-0.29731275371703814,0.02611914806520624
0.42,0.6211344493620736,0.00039061067672551997,-0.2972982934276853,0.026198569871748574
0.421,0.6513736010153323,0.00039207599000595154,-0.29728399029769376,0.026277513826274218
0.422,0.6813586817909976,0.0003933516354832403,-0.2972698636994945,0.026356043645324605
0.423,0.7108532125258882,0.00039446201631537786,-0.29725593284070645,0.02643421965465204
0.424,0.7396302154696008,0.00039543118808069676,-0.2972422166060061,0.02651209817477288
0.425,0.7674741286859498,0.0003962826303239902,-0.2972287334053608,0.026589730959169444
0.426,0.7941825599201514,0.0003970390308808861,-0.29721550102990774,0.026667164689242316
0.427,0.819567867431357,0.0003977220846997756,-0.2972025365166508,0.026744440529457514
0.428,0.84345855728299,0.0003983523086937187,-0.2971898560230343,0.02682159374546068
0.429,0.8657004886446157,0.00039894887395823596,-0.2971774747123276,0.026898653387250348
0.43,0.8861578807145551,0.0003995294564868974,-0.2971654066506269,0.026975642038819934
0.431,0.9047141169719861,0.0004001101073072932,-0.29715366471614907,0.027052575635001682
0.432,0.9212723444998617,0.0004007051427474821,-0.29714226052135384,0.027129463345580185
0.433,0.9357558681809969,0.0004013270553294781,-0.29713120434829654,0.0272063075260956
0.434,0.9481083415157844,0.0004019864455738471,-0.29712050509747434,0.027283103734131828
0.435,0.9582937577318549,0.00040269197479003954,-0.2971101702502937,0.027359840809289385
0.436,0.9662962466700847,0.00040345033872262994,-0.2971002058451525,0.027436501014479763
0.437,0.9721196846384904,0.00040426626172598336,-0.2970906164670015,0.027513060235653773
0.438,0.975787126049127,0.0004051425109507484,-0.29708140525012255,0.027589488236593303
0.439,0.9773400670945513,0.00040607992984656525,-0.2970725738937439,0.02766574896495838
0.44,0.9768375530943171,0.00040707749011792914,-0.2970641226899994,0.027741800905391863
0.441,0.9743551422967623,0.00040813236111555636,-0.29705605056363305,0.027817597475144985
0.442,0.9699837399801664,0.0004092399955050044,-0.2970483551227566,0.027893087457400358
0.443,0.9638283175569027,0.0004103942299286742,-0.2970410327198782,0.027968215467235567
0.444,0.956006532102563,0.00041158739926747194,-0.2970340785223449,0.028042922444991854
0.445,0.9466472622732212,0.0004128104630149652,-0.29702748659127565,0.028117146171688152
0.446,0.9358890769433567,0.00041405314220029294,-0.2970212499680029,0.028190821801050397
0.447,0.923878653113158,0.0004153040652366556,-0.2970153607669994,0.02826388240271004
0.448,0.9107691596730522,0.00041655092103003833,-0.29700981027422985,0.028336259511161137
0.449,0.8967186234942652,0.0004177806176578461,-0.29700458904984517,0.02840788367515217
0.45,0.8818882940482301,0.00041897944491912985,-0.29699968703412677,0.02847868500232334
0.451,0.8664410223286722,0.00042013323906668084,-0.29699509365558463,0.028548593694081515
0.452,0.8505396692892649,0.0004212275480559336,-0.2969907979401249,0.028617540565928603
0.453,0.8343455583208005,0.00042224779568567484,-0.2969867886202208,0.028685457548723536
0.454,0.818016985469507,0.00042317944306021176,-0.29698305424305166,0.02875227816665837
0.455,0.8017078001726938,0.0004240081458709762,-0.2969795832766118,0.02881793798806225
0.456,0.7855660682628292,0.0004247199060765143,-0.29697636421284035,0.028882375045508585
0.457,0.7697328278870269,0.0004253012166523036,-0.29697338566687587,0.028945530222087908
0.458,0.7543409477824622,0.00042573919818465154,-0.2969706364716039,0.029007347601114532
0.459,0.7395140961355958,0.0004260217261947866,-0.29696810576673244,0.02906777477695866
0.46,0.725365826927389,0.0004261375481988332,-0.2969657830817062,0.029126763125128862
0.461,0.711998789370722,0.0004260763896352948,-0.2969636584118469,0.02918426803017104
0.462,0.6995040646892374,0.00042582904792257375,-0.29696172228719175,0.029240249070393146
0.463,0.6879606331439586,0.0004253874740435269,-0.296959965833585,0.02929467015886659
0.464,0.6774349728758502,0.00042474484119069594,-0.29695838082566733,0.029347499640590472
0.465,0.6679807908143456,0.0004238956001432853,-0.2969569597314932,0.02939871034613018
0.466,0.6596388846105918,0.00042283552118383213,-0.2969556957485979,0.02944827960245275
0.467,0.6524371333321084,0.0004215617224975167,-0.29695458283142023,0.029496189202074915
0.468,0.6463906134439498,0.0004200726851289455,-0.29695361571007606,0.029542425332011756
0.46900000000000003,0.6415018355156018,0.00041836825469880736,-0.2969527899005601,0.029586978464362035
0.47000000000000003,0.637761096018155,0.00041644963020494514,-0.2969521017065347,0.029629843210686718
0.47100000000000003,0.6351469376442094,0.000414319340348063,-0.29695154821294045,0.029671018142628965
0.47200000000000003,0.6336267106914117,0.00041198120793056476,-0.2969511272717384,0.02971050558148321
0.47300000000000003,0.6331572272891446,0.00040944030297704656,-0.2969508374801581,0.029748311359647457
0.47400000000000003,0.6336854995750671,0.0004067028853160038,-0.29695067815189097,0.029784444557084545
0.47500000000000003,0.6351495523506723,0.00040377633744372645,-0.29695064928172205,0.02981891721607428
0.47600000000000003,0.6374793002978074,0.000400669088562624,-0.2969507515041448,0.029851744037657585
0.47700000000000004,0.640597479476591,0.0003973905307469319,-0.2969509860465461,0.029882942063258016
0.47800000000000004,0.6444206225920451,0.0003939509282386076,-0.29695135467758454,0.029912530345012036
0.47900000000000004,0.6488600673709309,0.0003903613209150453,-0.2969518596514159,0.02994052960835145
0.48,0.6538229873811374,0.00038663342299794613,-0.2969525036484391,0.029966961910357554
0.481,0.6592134346866497,0.00038277951808932386,-0.2969532897132543,0.02999185029734907
0.482,0.664933383920566,0.00037881235162633695,-0.29695422119053,0.03001521846507675
0.483,0.6708837676303648,0.00037474502184167203,-0.2969553016594781,0.030037090424777424
0.484,0.6769654931130117,0.0003705908703008961,-0.29695653486763,0.030057490178191936
0.485,0.6830804314058501,0.00036636337306298787,-0.29695792466459453,0.03007644140447702
0.486,0.6891323696318035,0.0003620760334756555,-0.2969594749364587,0.03009396716174282
0.487,0.6950279184881136,0.00035774227757365523,-0.2969611895414699,0.030110089605728547
0.488,0.7006773673362928,0.00035337535299679787,-0.2969630722476057,0.03012482972789116
0.489,0.7059954800575499,0.0003489882322853893,-0.2969651266726045,0.03013820711492842
0.49,0.7109022256070556,0.0003445935213452738,-0.2969673562269885,0.030150239731492286
0.491,0.7153234379951596,0.00034020337380325264,-0.2969697640605691,0.0301609437275727
0.492,0.7191914012484462,0.00033582941189727605,-0.2969723530128754,0.030170333271749967
0.493,0.7224453557627194,0.0003314826544653409,-0.29697512556789785,0.030178420411227556
0.494,0.7250319233025098,0.00032717345251335057,-0.2969780838134853,0.030185214959270686
0.495,0.726905448772923,0.00032291143275620544,-0.29698122940568034,0.030190724410390748
0.496,0.7280282577526935,0.0003187054494389865,-0.2969845635382215,0.030194953883335582
0.497,0.7283708295951241,0.0003145635446571529,-0.29698808691738404,0.03019790609167236
0.498,0.7279118867527922,0.0003104929173070591,-0.29699179974227574,0.030199581341486655
0.499,0.7266384017509173,0.0003064999007116461,-0.29699570169064726,0.030199977555469378
0.5,0.7245455240030078,0.0003025899488816744,-0.2969997919102212,0.030199090322426517
0.501,0.7216364293681891,0.0002987676312911033,-0.29700406901549126,0.030196912971024465
0.502,0.717922096022096,0.0002950366359669014,-0.29700853108989067,0.03019343666638039
0.503,0.7134210108204848,0.0002913997806193463,-0.2970131756931793,0.030188650527922245
0.504,0.7081588108957932,0.00028785903146935177,-0.2970179998738535,0.030182541766778623
0.505,0.7021678657154821,0.0002844155293650787,-0.2970230001863382,0.030175095840815774
0.506,0.6954868052678024,0.0002810696227215236,-0.2970281727126817,0.030166296625318487
0.507,0.6881600004004759,0.00027782090676433963,-0.29703351308843723,0.030156126597213194
0.508,0.6802370016392788,0.0002746682685131639,-0.2970390165323831,0.03014456703065693
0.509,0.6717719430257343,0.0002716099369004736,-0.2970446778797064,0.030131598201763785
0.51,0.6628229176962097,0.000268643537389653,-0.2970504916182504,0.03011719960021172
0.511,0.6534513319785815,0.0002657661504306565,-0.2970564519274085,0.0301013501454663
0.512,0.643721244838021,0.00026297437307343924,-0.29706255271923127,0.03008402840537384
0.513,0.6336986994292291,0.00026026438304818113,-0.2970687876813058,0.030065212814913662
0.514,0.623451053417201,0.00025763200461716135,-0.29707515032095855,0.030044881892956853
0.515,0.6130463145483095,0.00025507277550579767,-0.29708163401033466,0.030023014454955654
0.516,0.6025524877363662,0.00025258201422962844,-0.29708823203190793,0.029999589819582766
0.517,0.5920369396223111,0.0002501548871496196,-0.2970949376239855,0.02997458800745109
0.518,0.5815657862610898,0.00024778647460978984,-0.2971017440257809,0.029947989930171604
0.519,0.5712033091804501,0.00024547183553839404,-0.29710864452164687,0.029919777568146483
0.52,0.5610114046611955,0.00024320606992636482,-0.2971156324840761,0.029889934135647014
0.521,0.5510490706199881,0.00024098437863392995,-0.29712270141510155,0.029858444231887465
0.522,0.5413719349955187,0.0002388021200178039,-0.2971298449857539,0.02982529397697581
0.523,0.5320318290280964,0.00023665486291657708,-0.2971370570732593,0.02979047113179868
0.524,0.5230764082991176,0.00023453843558035465,-0.29714433179569283,0.02975396520107823
0.525,0.5145488238551903,0.00023244897018177317,-0.2971516635438334,0.029715767519021774
0.526,0.5064874451871004,0.00023038294259867745,-0.297159047010001,0.02967587131716857
0.527,0.49892563629367515,0.00022833720721340172,-0.2971664772136903,0.029634271774220865
0.528,0.49189158550998574,0.00022630902652919857,-0.29717394952385096,0.02959096604782568
0.529,0.48540818923784024,0.00022429609546033204,-0.29718145967770127,0.02954595328844899
0.53,0.4794929891980964,0.0002222965602081474,-0.29718900379599705,0.02949923463565279
0.531,0.47415816231760455,0.0002203090316905129,-0.2971965783947143,0.029450813197246732
0.532,0.4694105618766042,0.00021833259354589075,-0.29720418039313873,0.029400694011938202
0.533,0.4652518080885771,0.0002163668047854428,-0.29721180711838996,0.029348883996246775
0.534,0.46167842586522573,0.00021441169721656044,-0.2972194563064413,0.029295391876579476
0.535,0.45868202711013156,0.00021246776780860398,-0.2972271260997274,0.029240228107481607
0.536,0.45624953455223866,0.00021053596621605687,-0.2972348150414617,0.029183404777183244
0.537,0.4543634437930199,0.00020861767771540205,-0.29724252206681434,0.029124935501652495
0.538,0.4530021199794355,0.00020671470184950415,-0.29725024649112497,0.029064835308444205
0.539,0.4521401252744247,0.00020482922710687477,-0.2972579879953505,0.029003120511694715
0.54,0.45174857311410976,0.00020296380199269053,-0.297265746608966,0.028939808579661424
0.541,0.45179550508737126,0.00020112130287365607,-0.2972735226905561,0.028874917996237908
0.542,0.4522462861750107,0.00019930489899963385,-0.29728131690635073,0.028808468117894042
0.543,0.45306401404129043,0.00019751801512131822,-0.2972891302069671,0.02874047902749321
0.544,0.454209938028017,0.00019576429213508545,-0.29729696380263504,0.02867097138642832
0.545,0.4556438835696217,0.00019404754619351038,-0.29730481913718354,0.028599966286493823
0.546,0.4573246777741699,0.00019237172672296253,-0.2973126978610749,0.02852748510287307
0.547,0.4592105720616669,0.00019074087378827574,-0.2973206018037695,0.028453549349571287
0.548,0.4612596578645614,0.0001891590752388598,-0.2973285329457057,0.02837818053856234
0.549,0.46343027160497574,0.0001876304240609619,-0.297336493390172,0.028301400043846466
0.55,0.46568124986169807,0.0001861589763390958,-0.29734448533533137,0.02822322901571836
0.551,0.46797204563075145,0.00018474871010618684,-0.2973525110465494,0.028143688493477016
0.552,0.47026309548232686,0.00018340348527268277,-0.29736057282914213,0.02806279956968687
0.553,0.4725163092789981,0.00018212700499812957,-0.29736867300181724,0.02798058332457874
0.554,0.47469539470589217,0.00018092277894144227,-0.29737681387109477,0.027897060706749563
0.555,0.4767661545816789,0.00017979408871859046,-0.2973849977069259,0.027812252423885797
0.556,0.47869675488265506,0.00017874395585506134,-0.297393226719709,0.02772617884408468
0.557,0.48045796172847904,0.00017777511248879188,-0.297401503038883,0.027638859908230548
0.558,0.48202334594986007,0.00017688997504599613,-0.2974098286932561,0.0275503150537659
0.559,0.48336945419617117,0.00017609062107782245,-0.2974182055932076,0.027460563150078478
0.56,0.4844759458907054,0.00017537876941042306,-0.2974266355148771,0.027369622445609983
0.561,0.48532569570103207,0.00017475576372516925,-0.29743512008643314,0.027277510526677175
0.562,0.4859048615252596,0.00017422255964975983,-0.2974436607764897,0.027184244287886215
0.5630000000000001,0.48620291832724466,0.00017377971540519688,-0.2974522588847164,0.027089839913914428
0.5640000000000001,0.48621265847634926,0.00017342738601838038,-0.29746091553466525,0.02699431287233274
0.5650000000000001,0.48593015954841223,0.00017316532107572354,-0.29746963166881407,0.026897677917047606
0.5660000000000001,0.4853547208333817,0.00017299286596002245,-0.29747840804580533,0.026799949101852637
0.5670000000000001,0.4844887700607095,0.00017290896648111104,-0.29748724523983805,0.026701139803500393
0.5680000000000001,0.4833377420921561,0.00017291217678085628,-0.29749614364215016,0.02660126275363181
0.5690000000000001,0.48190993156103046,0.00017300067036504573,-0.2975051034645108,0.026500330078837196
0.5700000000000001,0.4802163216292589,0.00017317225408889557,-0.29751412474462346,0.026398353348067553
0.5710000000000001,0.4782703911883592,0.00017342438489945675,-0.2975232073533257,0.0262953436265694
0.5720000000000001,0.4760879030016235,0.00017375418911727084,-0.297532351003457,0.0261913115354795
0.5730000000000001,0.4736866753661387,0.00017415848402136535,-0.2975415552602518,0.026086267316189096
0.5740000000000001,0.471086339976494,0.0001746338014861711,-0.29755081955310664,0.025980220898569394
0.5750000000000001,0.4683080887328396,0.0001751764134062721,-0.2975601431885584,0.025873181972141918
0.5760000000000001,0.46537441224688825,0.00017578235863509838,-0.29756952536430403,0.025765160059277956
0.577,0.4623088328211057,0.0001764474711567599,-0.2975789651840884,0.025656164589520896
0.578,0.4591356346400288,0.00017716740920618081,-0.2975884616732796,0.025546204974143647
0.579,0.4558795938654435,0.0001779376850514844,-0.2975980137949532,0.025435290680079114
0.58,0.4525657112495011,0.00017875369515413535,-0.2976076204663035,0.02532343130239582
0.581,0.4492189497932908,0.0001796107504265711,-0.2976172805752037,0.025210636634531255
0.582,0.44586397983835896,0.00018050410631383814,-0.2976269929967393,0.02509691673554305
0.583,0.44252493385929026,0.00018142899243494854,-0.2976367566095444,0.024982281993690972
0.584,0.4392251730626371,0.00018238064153113854,-0.2976465703117767,0.024866743185720835
0.585,0.43598706771512064,0.00018335431748176426,-0.29765643303657524,0.024750311531284097
0.586,0.43283179295403373,0.00018434534216402632,-0.29766634376685397,0.024632998741993168
0.587,0.42977914162296316,0.0001853491209498707,-0.2976763015492948,0.024514817064681383
0.588,0.4268473554719316,0.00018636116665205775,-0.29768630550741476,0.024395779318508323
0.589,0.4240529758532162,0.00018737712175130217,-0.29769635485359436,0.024275898925623464
0.59,0.42141071481027237,0.00018839277875734093,-0.29770644889996795,0.024155189935174882
0.591,0.41893334725845294,0.0001894040985785498,-0.297716587068089,0.024033667040523083
0.592,0.4166316247074719,0.00019040722679707526,-0.29772676889729943,0.02391134558959242
0.593,0.41451421078298406,0.00019139850776914356,-0.29773699405174414,0.02378824158836393
0.594,0.4125876385662911,0.00019237449649302758,-0.29774726232598875,0.02366437169758231
0.595,0.41085628957294884,0.00019333196820987275,-0.2977575736492115,0.02353975322281638
0.596,0.40932239398841525,0.00019426792572499048,-0.29776792808795594,0.023414404098075124
0.597,0.4079860515778247,0.00019517960445911617,-0.2977783258474439,0.02328834286324083
0.598,0.4068452725182175,0.00019606447526030322,-0.29778876727146364,0.02316158863563621
0.599,0.4058960372128425,0.0001969202450274063,-0.2977992528408603,0.023034161076092116
0.6,0.4051323740128371,0.0001977448552153201,-0.29780978317066853,0.02290608034992861
0.601,0.40454645361618224,0.00019853647831013886,-0.2978203590059401,0.02277736708330162
0.602,0.40412869878578106,0.00019929351237904261,-0.29783098121632917,0.022648042315402246
0.603,0.4038679079377325,0.00020001457381488153,-0.29784165078950886,0.02251812744702454
0.604,0.40375139103700985,0.0002006984884090149,-0.2978523688235023,0.022387644186040532
0.605,0.403765116176134,0.00020134428089788205,-0.2978631365180189,0.022256614490338486
0.606,0.40389386515792497,0.00020195116313897126,-0.2978739551648937,0.022125060508791365
0.607,0.4041213963513278,0.00020251852108026046,-0.297884826137735,0.021993004520828252
0.608,0.4044306130798031,0.00020304590069380307,-0.29789575088088804,0.021860468875180908
0.609,0.4048037357971761,0.00020353299304890732,-0.2979067308978287,0.02172747592837188
0.61,0.4052224763050862,0.0002039796187033183,-0.29791776773910167,0.021594047983499592
0.611,0.40566821231713796,0.00020438571159197893,-0.29792886298992,0.02146020722985958
0.612,0.4061221606961349,0.0002047513025923593,-0.2979400182575432,0.02132597568391992
0.613,0.4065655477647497,0.00020507650294306033,-0.2979512351585494,0.021191375132144
0.614,0.4069797751627892,0.00020536148768848277,-0.29796251530611584,0.021056427076123988
0.615,0.4073465797961323,0.0002056064793168977,-0.29797386029741874,0.020921152680455458
0.616,0.4076481865345387,0.00020581173175234597,-0.2979852717012594,0.02078557272374764
0.617,0.4078674524099181,0.00020597751485254597,-0.297996751046019,0.020649707553124237
0.618,0.4079880011977477,0.0002061040995555144,-0.2980082998080387,0.02051357704252903
0.619,0.4079943473608537,0.00020619174380703318,-0.2980199194005145,0.0203772005551069
0.62,0.4078720084972046,0.0002062406793895504,-0.29803161116299043,0.020240596909886378
0.621,0.4076076055423871,0.00020625109976073333,-0.2980433763515254,0.020103784352944493
0.622,0.40718895011789424,0.00020622314899683045,-0.2980552161295999,0.01996678053318866
0.623,0.4066051185713924,0.00020615691192239394,-0.29806713155982223,0.019829602482844287
0.624,0.40584651237385816,0.00020605240549390947,-0.29807912359648253,0.019692266602691456
0.625,0.404904904688517,0.0002059095714906235,-0.29809119307899606,0.019554788652049203
0.626,0.40377347306617506,0.00020572827055148862,-0.2981033407262663,0.01941718374346261
0.627,0.40244681834055884,0.00020550827758280917,-0.2981155671319898,0.01927946634200604
0.628,0.4009209699438669,0.0002052492785469973,-0.29812787276091535,0.019141650269076264
0.629,0.39919337796944776,0.0002049508686289733,-0.2981402579460615,0.019003748710511466
0.63,0.39726289243650326,0.00020461255176328945,-0.29815272288688643,0.018865774228837458
0.631,0.39512973031799553,0.00020423374149214032,-0.2981652676483962,0.018727738779410343
0.632,0.3927954309813416,0.0002038137631121519,-0.2981778921611702,0.018589653730195874
0.633,0.3902628008074227,0.0002033518570563157,-0.29819059622227306,0.018451529884900137
0.634,0.38753584780938327,0.00020284718344674375,-0.298203379497016,0.018313377509143844
0.635,0.3846197071591899,0.00020229882774414328,-0.2982162415215242,0.018175206359353855
0.636,0.3815205585866717,0.00020170580741111311,-0.29822918170606044,0.01803702571403033
0.637,0.3782455366653395,0.0002010670794986045,-0.2982421993390487,0.01789884440703651
0.638,0.3748026350388704,0.00020038154905821458,-0.29825529359173897,0.01776067086255014
0.639,0.3712006056672457,0.00019964807827742176,-0.2982684635234481,0.01762251313131141
0.64,0.36744885419494633,0.00019886549623045053,-0.29828170808730986,0.01748437892780151
0.641,0.3635573325367516,0.00019803260913418252,-0.2982950261364638,0.017346275667988912
0.642,0.35953642979075323,0.0001971482109964079,-0.2983084164306111,0.017208210507286038
0.643,0.35539686255085207,0.00019621109454272408,-0.2983218776428645,0.017070190378368936
0.644,0.3511495656855393,0.00019522006230851782,-0.2983354083668185,0.016932222028524267
0.645,0.3468055846014535,0.00019417393778367747,-0.29834900712376733,0.016794312056203232
0.646,0.342375969977481,0.0001930715764999343,-0.2983626723699979,0.016656466946479705
0.647,0.33787167589118117,0.00019191187695397587,-0.2983764025040877,0.016518693105129576
0.648,0.3333034622182585,0.00019069379126364822,-0.29839019587413923,0.01638099689107057
0.649,0.32868180210197073,0.00018941633545960812,-0.2984040507848857,0.016243384646925384
0.65,0.3240167952324996,0.00018807859932062467,-0.2984179655046061,0.016105862727496444
0.651,0.31931808758972485,0.00018667975566728475,-0.2984319382717915,0.0159684375259672
0.652,0.31459479823386494,0.00018521906903604877,-0.29844596730150874,0.015831115497672195
0.653,0.30985545362987565,0.00018369590366334502,-0.2984600507914129,0.015693903181306527
0.654,0.30510792992448676,0.00018210973071759186,-0.2984741869273642,0.015556807217473744
0.655,0.3003594034861749,0.00018046013472561103,-0.2984883738886107,0.01541983436449989
0.656,0.2956163099525789,0.00017874681914874585,-0.29850260985250393,0.015282991511469893
0.657,0.29088431192501957,0.00017696961107303738,-0.29851689299871975,0.015146285688470455
0.658,0.28616827536919376,0.0001751284649869461,-0.2985312215129632,0.015009724074050983
0.659,0.281472254699007,0.00017322346562924728,-0.2985455935901409,0.014873313999940286
0.66,0.2767994864368384,0.00017125482989879118,-0.29856000743699174,0.014737062953082289
0.661,0.27215239126115826,0.00016922290782671407,-0.29857446127417114,0.014600978575077476
0.662,0.26753258418215425,0.00016712818262034246,-0.2985889533377902,0.014465068659139366
0.663,0.26294089251659736,0.00016497126979636592,-0.2986034818804166,0.014329341144695645
0.664,0.25837738126095233,0.00016275291542880023,-0.2986180451715499,0.014193804109782477
0.665,0.2538413854085393,0.000160473993544754,-0.298632641497587,0.01405846576139701
0.666,0.2493315487065844,0.00015813550270799096,-0.29864726916130047,0.013923334423987917
0.667,0.24484586828805022,0.00015573856183669706,-0.29866192648085477,0.01378841852627608
0.668,0.2403817445889595,0.00015328440530766498,-0.2986766117883911,0.013653726586607795
0.669,0.23593603591605872,0.00015077437740427068,-0.29869132342821375,0.013519267197050962
0.67,0.2315051170082823,0.00014820992617009372,-0.2987060597546142,0.013385049006450178
0.671,0.22708494091418524,0.0001455925967338121,-0.29872081912937276,0.013251080702660355
0.672,0.22267110349756025,0.00014292402417406217,-0.29873559991897897,0.013117370994179563
0.673,0.2182589098725384,0.00014020592599528616,-0.29875040049161333,0.012983928591400826
0.674,0.2138434420714298,0.00013744009428719249,-0.2987652192139357,0.012850762187699764
0.675,0.20941962726130725,0.00013462838764133117,-0.2987800544477247,0.01271788044056968
0.676,0.20498230583310417,0.00013177272289845353,-0.29879490454641483,0.012585291953008972
0.677,0.20052629870574876,0.0001288750667997948,-0.2988097678515756,0.012453005255356918
0.678,0.196046473223673,0.00012593742761421895,-0.2988246426893787,0.012321028787763559
0.679,0.19153780703957154,0.0001229618468113254,-0.29883952736709674,0.012189370883467613
0.68,0.18699544942857116,0.00011995039084817158,-0.29885442016967656,0.012058039753043127
0.681,0.18241477950445,0.00011690514313425412,-0.29886931935642774,0.011927043469761164
0.682,0.1777914608612961,0.0001138281962358596,-0.29888422315786567,0.011796389956197657
0.683,0.17312149220796014,0.00011072164437689029,-0.2988991297727456,0.011666086972202122
0.684,0.16840125360992025,0.00010758757628884162,-0.2989140373653212,0.011536142104325343
0.685,0.16362754801737284,0.00010442806845781054,-0.2989289440628589,0.011406562756786687
0.686,0.1587976377846641,0.00010124517881130463,-0.2989438479534359,0.01127735614404415
0.687,0.15390927598476434,9.80409408822529e-05,-0.2989587470840455,0.01114852928501258
0.6880000000000001,0.1489607323252009,9.481735848205585e-05,-0.29897363945903177,0.01102008899895787
0.6890000000000001,0.14395081357696382,9.157640090880364e-05,-0.29898852303886975,0.010892041903077455
0.6900000000000001,0.13887887844870522,8.831999871100432e-05,-0.2990033957393058,0.010764394411760423
0.6910000000000001,0.13374484690511676,8.505004002134876e-05,-0.2990182554308674,0.01063715273750414
0.6920000000000001,0.12854920398742578,8.176836746925406e-05,-0.29903309993874877,0.010510322893448335
0.6930000000000001,0.12329299823066947,7.847677567522678e-05,-0.2990479270430748,0.010383910697472678
0.6940000000000001,0.11797783482905781,7.517700932452152e-05,-0.2990627344795426,0.010257921777789763
0.6950000000000001,0.1126058637490562,7.187076181218944e-05,-0.2990775199404352,0.010132361579952382
0.6960000000000001,0.10717976302162865,6.855967444645924e-05,-0.2990922810760004,0.010007235375182036
0.6970000000000001,0.10170271749965337,6.524533619251381e-05,-0.2991070154961829,0.00988254826991495
0.6980000000000001,0.09617839337950355,6.192928393415799e-05,-0.29912172077269583,0.009758305216452446
0.6990000000000001,0.0906109088470663,5.861300322664817e-05,-0.2991363944414144,0.009634511024594408
0.7000000000000001,0.08500480120446038,5.529792951010781e-05,-0.29915103400507176,0.009511170374127884
0.7010000000000001,0.07936499088379717,5.198544974950651e-05,-0.29916563693623616,0.00938828782803757
0.7020000000000001,0.07369674274919859,4.8676904464156856e-05,-0.2991802006805437,0.009265867846300953
0.7030000000000001,0.06800562512830131,4.537359010709923e-05,-0.299194722660162,0.009143914800128505
0.704,0.06229746699656024,4.2076761752614656e-05,-0.29920920027745695,0.009022432986508061
0.705,0.056578313766193614,3.878763604843279e-05,-0.29922363091883364,0.00890142664291292
0.706,0.05085438212181313,3.550739438799318e-05,-0.2992380119587225,0.0087808999620347
0.707,0.04513201434243959,3.223718625736979e-05,-0.29925234076367957,0.008660857106404875
0.708,0.03941763254233299,2.8978132711176374e-05,-0.2992666146965712,0.008541302222772927
0.709,0.033717693257613715,2.5731329931924017e-05,-0.29928083112081183,0.008422239456114344
0.71,0.028038642783948728,2.2497852827885316e-05,-0.29929498740462507,0.008303672963147829
0.711,0.02238687365680396,1.9278758625520737e-05,-0.29930908092529757,0.008185606925248452
0.712,0.016768682638715275,1.6075090413914417e-05,-0.2993231090733973,0.008068045560651445
0.713,0.011190230566117928,1.2887880600428132e-05,-0.2993370692569274,0.007950993135850275
0.714,0.005657504365560707,9.718154238886168e-06,-0.299350958905389,0.007834453976102223
0.715,0.0001762815345715315,6.566932194021964e-06,-0.29936477547372814,0.007718432474964653
0.716,0.0,3.4359388300746258e-06,-0.29937851701133755,0.007602935508652265
0.717,0.0,3.2983249836491084e-07,-0.2993921839652152,0.007487980004862197
0.718,0.0,-2.745969150375824e-06,-0.2994057774629424,0.007373585244255773
0.719,0.0,-5.786157641599429e-06,-0.2994192986266058,0.007259769844275826
0.72,0.0,-8.785542276447809e-06,-0.299432748572615,0.007146551770012724
0.721,0.0,-1.17390584272764e-05,-0.29944612841152557,0.0070339483480441325
0.722,0.0,-1.4641775520692213e-05,-0.29945943924786966,0.0069219762800360515
0.723,0.0,-1.7488904696655324e-05,-0.2994726821799915,0.006810651656108639
0.724,0.0,-2.0275806132897443e-05,-0.2994858582998898,0.006699989967970373
0.725,0.0,-2.299799602462859e-05,-0.2994989686930653,0.006590006121823935
0.726,0.0,-2.565115321023138e-05,-0.29951201443837483,0.006480714451047298
0.727,0.0,-2.82311254343807e-05,-0.29952499660789006,0.006372128728653347
0.728,0.0,-3.073393524077302e-05,-0.2995379162667627,0.00626426217953136
0.729,0.0,-3.31557854874029e-05,-0.2995507744730942,0.0061571274924736566
0.73,0.0,-3.549306447808308e-05,-0.29956357227781144,0.006050736831990619
0.731,0.0,-3.774235070466698e-05,-0.29957631072454705,0.0059451018499173044
0.732,0.0,-3.990041719519795e-05,-0.299588990849525,0.0058402336968148205
0.733,0.0,-4.1964235463975486e-05,-0.29960161368145105,0.005736143033169538
0.734,0.0,-4.393097906029496e-05,-0.299614180241408,0.005632840040393258
0.735,0.0,-4.579802671338146e-05,-0.2996266915427557,0.005530334431627342
0.736,0.0,-4.756296507179953e-05,-0.2996391485910354,0.00542863546235382
0.737,0.0,-4.9223591036377507e-05,-0.29965155238387914,0.005327751940816411
0.738,0.0,-5.0777913686435835e-05,-0.29966390391092274,0.005227692238254399
0.739,0.0,-5.2224155799852884e-05,-0.2996762041537239,0.005128464298952206
0.74,0.0,-5.35607549682371e-05,-0.299688454085684,0.005030075650107564
0.741,0.0,-5.478636430920035e-05,-0.2997006546719739,0.00493253341152101
0.742,0.0,-5.589985277844212e-05,-0.2997128068694641,0.004835844305109543
0.743,0.0,-5.690030508505747e-05,-0.29972491162665876,0.004740014664247118
0.744,0.0,-5.778702121417099e-05,-0.2997369698836332,0.004645050442934709
0.745,0.0,-5.8559515561674806e-05,-0.29974898257197546,0.0045509572248025685
0.746,0.0,-5.921751568650831e-05,-0.29976095061473135,0.004457740231947312
0.747,0.0,-5.976096068656094e-05,-0.2997728749263531,0.004365404333606431
0.748,0.0,-6.018999920490517e-05,-0.2997847564126513,0.004273954054672755
0.749,0.0,-6.0504987073674575e-05,-0.2997965959707507,0.0041833935840514015
0.75,0.0,-6.070648460348968e-05,-0.2998083944890487,0.004093726782861685
0.751,0.0,-6.079525352690245e-05,-0.2998201528471775,0.004004957192486432
0.752,0.0,-6.077225360487685e-05,-0.29983187191596905,0.00391708804247113
0.753,0.0,-6.06386389058478e-05,-0.29984355255742345,0.0038301222582752636
0.754,0.0,-6.0395753767403156e-05,-0.2998551956246801,0.003744062468878232
0.755,0.0,-6.004512845111222e-05,-0.2998668019619916,0.0036589110142421096
0.756,0.0,-5.958847450147924e-05,-0.299878372404701,0.0035746699526335774
0.757,0.0,-5.9027679820430834e-05,-0.29988990777922125,0.003491341067807265
0.758,0.0,-5.836480346915153e-05,-0.2999014089030177,0.003408925876052713
0.759,0.0,-5.760207020946136e-05,-0.29991287658459304,0.00332742563310717
0.76,0.0,-5.6741864797283254e-05,-0.2999243116234751,0.00324684134093636
0.761,0.0,-5.5786726041075145e-05,-0.2999357148102067,0.0031671737543853755
0.762,0.0,-5.473934063840245e-05,-0.29994708692633826,0.003088423387701775
0.763,0.0,-5.360253680409999e-05,-0.2999584287444227,0.003010590520932973
0.764,0.0,-5.2379277703718786e-05,-0.2999697410280125,0.002933675206199957
0.765,0.0,-5.1072654706172084e-05,-0.29998102453165926,0.002857677273849347
0.766,0.0,-4.968588046968618e-05,-0.29999228000091516,0.0027825963384857794
0.767,0.0,-4.822228187532539e-05,-0.3000035081723368,0.0027084318048865813
0.768,0.0,-4.6685292822496405e-05,-0.3000147097734909,0.0026351828738006575
0.769,0.0,-4.5078446900945975e-05,-0.300025885522962,0.0025628485476334923
0.77,0.0,-4.3405369953846246e-05,-0.30003703613036237,0.002491427636020148
0.771,0.0,-4.166977254661601e-05,-0.3000481622963435,0.0024209187612880996
0.772,0.0,-3.98754423561519e-05,-0.30005926471260963,0.002351320363811737
0.773,0.0,-3.802623649514298e-05,-0.3000703440619329,0.0022826307072603197
0.774,0.0,-3.6126073786114445e-05,-0.3000814010181705,0.0022148478837411703
0.775,0.0,-3.417892699979217e-05,-0.3000924362462832,0.002147969818839834
0.776,0.0,-3.218881507229967e-05,-0.3001034504023557,0.002081994276558936
0.777,0.0,-3.0159795315593338e-05,-0.3001144441336187,0.0020169188641574274
0.778,0.0,-2.8095955635410748e-05,-0.300125418078472,0.0019527410368918874
0.779,0.0,-2.6001406770851097e-05,-0.3001363728665097,0.001889458102661536
0.78,0.0,-2.3880274569526906e-05,-0.3001473091185465,0.001827067226558571
0.781,0.0,-2.173669231202256e-05,-0.3001582274466454,0.001765565435325431
0.782,0.0,-1.9574793099168593e-05,-0.3001691284541471,0.0017049496217205612
0.783,0.0,-1.7398702315391724e-05,-0.30018001273570016,0.0016452165487942337
0.784,0.0,-1.5212530181129892e-05,-0.3001908808772929,0.0015863628540759487
0.785,0.0,-1.3020364407009863e-05,-0.30020173345628637,0.0015283850536749288
0.786,0.0,-1.082626296217304e-05,-0.30021257104144844,0.0014712795462951869
0.787,0.0,-8.634246968803676e-06,-0.30022339419298916,0.0014150426171666312
0.788,0.0,-6.4482937345635345e-06,-0.30023420346259716,0.0013596704418936526
0.789,0.0,-4.272329934269088e-06,-0.30024499939347726,0.001305159090222611
0.79,0.0,-2.1102249517623416e-06,-0.3002557825203889,0.0012515045297296166
0.791,0.0,3.421560747481067e-08,-0.3002665533696858,0.0011987026294299923
0.792,0.0,2.1572562228291443e-06,-0.30027731245935624,0.0011467491633107662
0.793,0.0,4.255237574484781e-06,-0.3002880602990649,0.0010956398137875387
0.794,0.0,6.324582459513332e-06,-0.30029879739019494,0.001045370175087036
0.795,0.0,8.36180149932347e-06,-0.30030952422589124,0.0009959357565566488
0.796,0.0,1.0363498630136017e-05,-0.30032024129110463,0.0009473319859022375
0.797,0.0,1.2326376368629285e-05,-0.3003309490626365,0.0008995542123554587
0.798,0.0,1.4247240845387687e-05,-0.3003416480091847,0.0008525977097718529
0.799,0.0,1.6123006599283384e-05,-0.30035233859138966,0.0008064576796609157
0.8,0.0,1.7950701126425183e-05,-0.3003630212618816,0.0007611292541493578
0.801,0.0,1.972746917781986e-05,-0.3003736964653282,0.0007166074988787295
0.802,0.0,2.1450576800407665e-05,-0.3003843646384833,0.0006728874158385848
0.803,0.0,2.3117415116655022e-05,-0.3003950262102355,0.0006299639461363279
0.804,0.0,2.4725503838412046e-05,-0.3004056816016582,0.0005878319727048759
0.805,0.0,2.6272494511270107e-05,-0.30041633122605954,0.0005464863229492477
0.806,0.0,2.7756173486183488e-05,-0.3004269754890333,0.0005059217713331806
0.807,0.0,2.9174464615648962e-05,-0.3004376147885101,0.0004661330419068455
0.808,0.0,3.052543167226632e-05,-0.30044824951480925,0.0004271148107767354
0.809,0.0,3.180728048803102e-05,-0.3004588800506909,0.00038886170851876216
0.81,0.0,3.30183608132357e-05,-0.30046950677140877,0.00035136832253559775
0.811,0.0,3.41571678943802e-05,-0.30048013004476337,0.00031462919935927315
0.812,0.0,3.52223437710078e-05,-0.3004907502311553,0.0002786388469000324
0.8130000000000001,0.0,3.621267829189926e-05,-0.30050136768363933,0.0002433917366424256
0.8140000000000001,0.0,3.7127109851563595e-05,-0.3005119827479785,0.00020888230578960674
0.8150000000000001,0.0,3.796472584846528e-05,-0.30052259576269896,0.00017510495935679036
0.8160000000000001,0.0,3.8724762866921045e-05,-0.30053320705914455,0.00014205407221480347
0.8170000000000001,0.0,3.9406606585083915e-05,-0.30054381696153226,0.00010972399108465467
0.8180000000000001,0.0,4.0009791411907846e-05,-0.30055442578700753,7.810903648403038e-05
0.8190000000000001,0.0,4.053399985645177e-05,-0.30056503384570005,4.720350462660973e-05
0.8200000000000001,0.0,4.097906163333668e-05,-0.30057564144077986,1.7001669275079213e-05
0.8210000000000001,0.0,4.134495250861263e-05,-0.3005862488685133,-1.2502216451288269e-05
0.8220000000000001,0.0,4.163179289072366e-05,-0.3005968564183197,-4.131391831363752e-05
0.8230000000000001,0.0,4.183984617167694e-05,-0.3006074643728276,-6.943921923428062e-05
0.8240000000000001,0.0,4.19695168239272e-05,-0.3006180730079318,-9.68839176203665e-05
0.8250000000000001,0.0,4.202134825887825e-05,-0.30062868259285025,-0.00012365382572965966
0.8260000000000001,0.0,4.1996020453279474e-05,-0.3006392933901808,-0.0001497547680776284
0.8270000000000001,0.0,4.1894347350156026e-05,-0.3006499056559587,-0.00017519257988505782
0.8280000000000001,0.0,4.171727404125662e-05,-0.3006605196397137,-0.0001999731055654136
0.8290000000000001,0.0,4.1465873738331906e-05,-0.30067113558452735,-0.00022410219725119636
0.8300000000000001,0.0,4.114134454086867e-05,-0.3006817537270906,-0.0002475857133585384
0.8310000000000001,0.0,4.074500600820059e-05,-0.3006923742977612,-0.00027042951718930585
0.8320000000000001,0.0,4.027829554419417e-05,-0.3007029975206211,-0.000292639475569983
0.833,0.0,3.9742764602968925e-05,-0.30071362361353426,-0.000314221457526626
0.834,0.0,3.9140074724352826e-05,-0.30072425278820414,-0.00033518133299518415
0.835,0.0,3.847199340799833e-05,-0.3007348852502313,-0.00035552497156650164
0.836,0.0,3.7740389835289546e-05,-0.3007455211991709,-0.0003752582412653189
0.837,0.0,3.694723044835795e-05,-0.3007561608285906,-0.00039438700736260966
0.838,0.0,3.609457439569198e-05,-0.3007668043261276,-0.00041291713122059527
0.839,0.0,3.518456885397469e-05,-0.3007774518735468,-0.0004308544691697925
0.84,0.0,3.4219444235913726e-05,-0.3007881036467977,-0.0004482048714174607
0.841,0.0,3.32015092939384e-05,-0.30079875981607207,-0.00046497418098682286
0.842,0.0,3.213314612973055e-05,-0.3008094205458613,-0.0004811682326864493
0.843,0.0,3.101680511962836e-05,-0.3008200859950136,-0.0004967928521091991
0.844,0.0,2.985499976599583e-05,-0.3008307563167911,-0.0005118538546601261
0.845,0.0,2.865030148468526e-05,-0.3008414316589272,-0.0005263570446127676
0.846,0.0,2.740533433873586e-05,-0.30085211216368307,-0.0005403082141932405
0.847,0.0,2.612276972844876e-05,-0.30086279796790494,-0.0005537131426915819
0.848,0.0,2.4805321047957344e-05,-0.30087348920308044,-0.0005665775955997805
0.849,0.0,2.345573831837228e-05,-0.30088418599539546,-0.0005789073237759522
0.85,0.0,2.207680280752301e-05,-0.30089488846579043,-0.0005907080626341258
0.851,0.0,2.0671321646242256e-05,-0.30090559673001666,-0.0006019855313591104
0.852,0.0,1.9242122451047342e-05,-0.30091631089869236,-0.0006127454321459301
0.853,0.0,1.7792047962962552e-05,-0.3009270310773587,-0.0006229934494633115
0.854,0.0,1.6323950712100187e-05,-0.30093775736653555,-0.0006327352493407306
0.855,0.0,1.4840687717475442e-05,-0.30094848986177714,-0.0006419764786785216
0.856,0.0,1.3345115231371605e-05,-0.30095922865372726,-0.000650722764580569
0.857,0.0,1.184008353739814e-05,-0.3009699738281748,-0.0006589797137091044
0.858,0.0,1.0328431811195331e-05,-0.3009807254661085,-0.0006667529116611445
0.859,0.0,8.812983052535789e-06,-0.3009914836437718,-0.0006740479223661101
0.86,0.0,7.296539097355841e-06,-0.30100224843271767,-0.0006808702875041758
0.861,0.0,5.7818757180191555e-06,-0.3010130198998625,-0.0006872255259449068
0.862,0.0,4.271737819871366e-06,-0.3010237981075408,-0.0006931191332057504
0.863,0.0,2.7688347418887004e-06,-0.30103458311355874,-0.0006985565809299512
0.864,0.0,1.275835668956081e-06,-0.301045374971248,-0.0007035433163834734
0.865,0.0,-2.0463483696839675e-07,-0.30105617372951915,-0.000708084761970515
0.866,0.0,-1.6700011798347614e-06,-0.30106697943291494,-0.0007121863147672091
0.867,0.0,-3.1177409399592616e-06,-0.3010777921216632,-0.000715853346073118
0.868,0.0,-4.5453889455983565e-06,-0.3010886118317294,-0.0007190912009801199
0.869,0.0,-5.950541199594305e-06,-0.3010994385948695,-0.0007219051979583157
0.87,0.0,-7.330858655372533e-06,-0.3011102724386816,-0.0007243005585217815
0.871,0.0,-8.684070836902638e-06,-0.30112111338665726,-0.0007262820567318683
0.872,0.0,-1.0007979297573114e-05,-0.30113196145822774,-0.0007278536664285347
0.873,0.0,-1.1300460913273914e-05,-0.30114281666880305,-0.0007290185123848982
0.874,0.0,-1.2559471005330215e-05,-0.3011536790298028,-0.0007297788971156499
0.875,0.0,-1.3783046289284394e-05,-0.30116454854867847,-0.0007301363272468104
0.876,0.0,-1.4969307645880734e-05,-0.3011754252289285,-0.0007300915394528456
0.877,0.0,-1.611646271096792e-05,-0.3011863090701054,-0.0007296445259670797
0.878,0.0,-1.7222808281397338e-05,-0.30119720006781586,-0.0007287945596712537
0.879,0.0,-1.828673253435991e-05,-0.3012080982137134,-0.0007275402187699941
0.88,0.0,-1.9306717057969877e-05,-0.30121900349548475,-0.0007258794110558735
0.881,0.0,-2.028133869127003e-05,-0.301229915896829,-0.0007238093977706621
0.882,0.0,-2.1209271172198686e-05,-0.3012408353974311,-0.0007213268170682851
0.883,0.0,-2.2089286592423416e-05,-0.3012517619729287,-0.0007184277070849231
0.884,0.0,-2.29202566583098e-05,-0.3012626955948735,-0.000715107528621608
0.885,0.0,-2.3701153757654218e-05,-0.30127363623068665,-0.0007113611874445963
0.886,0.0,-2.4431051832167797e-05,-0.3012845838436088,-0.000707183056208711
0.887,0.0,-2.5109127056052917e-05,-0.30129553839264495,-0.0007025669960087787
0.888,0.0,-2.5734658321364074e-05,-0.30130649983250435,-0.0006975063775642034
0.889,0.0,-2.6307027531190334e-05,-0.30131746811353544,-0.0006919941020416465
0.89,0.0,-2.6825719702036846e-05,-0.3013284431816563,-0.0006860226215207099
0.891,0.0,-2.729032287711721e-05,-0.3013394249782806,-0.0006795839591074384
0.892,0.0,-2.7700527852596267e-05,-0.30135041344023944,-0.000672669728700395
0.893,0.0,-2.8056127719143848e-05,-0.3013614084996991,-0.0006652711544139822
0.894,0.0,-2.8357017221473288e-05,-0.301372410084075,-0.0006573790896636147
0.895,0.0,-2.860319193884398e-05,-0.3013834181159421,-0.0006489840359172812
0.896,0.0,-2.879474728980407e-05,-0.3013944325129417,-0.0006400761611179615
0.897,0.0,-2.8931877364737415e-05,-0.30140545318768497,-0.0006306453177812929
0.898,0.0,-2.9014873590057525e-05,-0.3014164800476537,-0.0006206810607728227
0.899,0.0,-2.904412322816001e-05,-0.30142751299509757,-0.0006101726647691072
0.9,0.0,-2.9020107717503747e-05,-0.3014385519269292,-0.0005991091414068567
0.901,0.0,-2.894340085743906e-05,-0.3014495967346164,-0.0005874792561242607
0.902,0.0,-2.8814666842638433e-05,-0.30146064730407196,-0.000575271544698564
0.903,0.0,-2.8634658152211272e-05,-0.3014717035155412,-0.0005624743294838983
0.904,0.0,-2.8404213298798713e-05,-0.30148276524348755,-0.0005490757353533191
0.905,0.0,-2.812425444314717e-05,-0.3014938323564761,-0.0005350637053489235
0.906,0.0,-2.779578487984996e-05,-0.30150490471705527,-0.0005204260160438807
0.907,0.0,-2.74198864001247e-05,-0.30151598218163717,-0.0005051502926201322
0.908,0.0,-2.699771653766005e-05,-0.3015270646003761,-0.0004892240236654696
0.909,0.0,-2.653050570371867e-05,-0.3015381518170458,-0.00047263457569363284
0.91,0.0,-2.6019554217823628e-05,-0.3015492436689158,-0.0004553692073910249
0.911,0.0,-2.5466229240482997e-05,-0.3015603399866262,-0.00043741508359356694
0.912,0.0,-2.4871961614521853e-05,-0.30157144059406205,-0.00041875928899717953
0.913,0.0,-2.4238242621692198e-05,-0.3015825453082266,-0.0003993888416053063
0.914,0.0,-2.356662066131947e-05,-0.30159365393911397,-0.0003792907059168535
0.915,0.0,-2.2858697857819285e-05,-0.30160476628958144,-0.00035845180585785584
0.916,0.0,-2.211612660397976e-05,-0.30161588215522106,-0.0003368590374601371
0.917,0.0,-2.134060604695335e-05,-0.30162700132423126,-0.00031449928129017175
0.918,0.0,-2.0533878523937488e-05,-0.30163812357728814,-0.00029135941463131055
0.919,0.0,-1.969772595454569e-05,-0.3016492486874168,-0.0002674263234224817
0.92,0.0,-1.883396619688005e-05,-0.3016603764198629,-0.00024268691395642458
0.921,0.0,-1.7944449374312558e-05,-0.3016715065319638,-0.000217128124340472
0.922,0.0,-1.703105417996633e-05,-0.30168263877302093,-0.0001907369357228437
0.923,0.0,-1.6095684165858957e-05,-0.30169377288417193,-0.00016350038328736917
0.924,0.0,-1.51402640236289e-05,-0.3017049085982635,-0.00013540556701950934
0.925,0.0,-1.4166735863712337e-05,-0.3017160456397249,-0.00010643966224650429
0.926,0.0,-1.3177055499772332e-05,-0.30172718372444207,-7.658992995442558e-05
0.927,0.0,-1.2173188745104998e-05,-0.30173832255963295,-4.5843726884869964e-05
0.928,0.0,-1.1157107727658494e-05,-0.3017494618437232,-1.4188515413986707e-05
0.929,0.0,-1.0130787230200808e-05,-0.30176060126622334,1.838812678351209e-05
0.93,0.0,-9.096201062061273e-06,-0.30177174050760697,5.18984972827506e-05
0.931,0.0,-8.055318468749344e-06,-0.30178287923919006,8.635475966693216e-05
0.932,0.0,-7.0101005856222905e-06,-0.3017940171230117,0.00012176893449290082
0.933,0.0,-5.962496941631731e-06,-0.3018051538117161,0.00015815289046153665
0.934,0.0,-4.914442019027611e-06,-0.3018162889484362,0.0001955183357905394
0.935,0.0,-3.867851874737646e-06,-0.30182742216667907,0.00023387680978719454
0.936,0.0,-2.824620828970879e-06,-0.3018385530902123,0.0002732396746187518
0.937,0.0,-1.786618226416183e-06,-0.30184968133295276,0.00031361810727808793
0.9380000000000001,0.0,-7.556852752206793e-07,-0.301860806498857,0.0003550230917423564
0.9390000000000001,0.0,2.6636803126040024e-07,-0.30187192818181335,0.00039746541132237054
0.9400000000000001,0.0,1.277765905151521e-06,-0.3018830459655363,0.0004409556412004941
0.9410000000000001,0.0,2.2767696625988157e-06,-0.3018941594234624,0.00048550414115485483
0.9420000000000001,0.0,3.2616805257963736e-06,-0.3019052681186492,0.0005311210484677288
0.9430000000000001,0.0,4.230842324346536e-06,-0.3019163716036752,0.000577816271015975
0.9440000000000001,0.0,5.18264409202877e-06,-0.3019274694205429,0.0006255994805414353
0.9450000000000001,0.0,6.115522555281542e-06,-0.30193856110058387,0.0006744801060992502
0.9460000000000001,0.0,7.0279645099358615e-06,-0.3019496461643663,0.0007244673276820641
0.9470000000000001,0.0,7.918509082977453e-06,-0.30196072412160474,0.0007755700700181366
0.9480000000000001,0.0,8.785749876356268e-06,-0.30197179447107253,0.0008277969965413954
0.9490000000000001,0.0,9.628336990106843e-06,-0.30198285670051694,0.0008811565035315122
0.9500000000000001,0.0,1.0444978922290392e-05,-0.3019939102865766,0.0009356567144220911
0.9510000000000001,0.0,1.1234444343518917e-05,-0.3020049546947017,0.0009913054742751138
0.9520000000000001,0.0,1.1995563744072697e-05,-0.30201598937907725,0.0010481103444197905
0.9530000000000001,0.0,1.272723095187466e-05,-0.30202701378254854,0.0011060785972540111
0.9540000000000001,0.0,1.3428404519837956e-05,-0.30203802733654994,0.0011652172112066135
0.9550000000000001,0.0,1.4098108981356108e-05,-0.3020490294610362,0.001225532865858702
0.9560000000000001,0.0,1.4735435972957812e-05,-0.30206001956441697,0.0012870319372222997
0.9570000000000001,0.0,1.5339545223400495e-05,-0.30207099704349427,0.001349720493174622
0.9580000000000001,0.0,1.5909665408727565e-05,-0.30208196128340264,0.001413604289046288
0.9590000000000001,0.0,1.644509487306347e-05,-0.30209291165755275,0.001478688763361829
0.96,0.0,1.6945202215167843e-05,-0.30210384752757796,0.0015449790337308546
0.961,0.0,1.740942674101462e-05,-0.302114768243284,0.0016124798928882724
0.962,0.0,1.7837278782903723e-05,-0.30212567314260175,0.0016811958048819893
0.963,0.0,1.8228339885851308e-05,-0.3021365615515436,0.0017511309014065209
0.964,0.0,1.8582262862239228e-05,-0.30214743278416273,0.001822288978280986
0.965,0.0,1.8898771715934853e-05,-0.3021582861425155,0.0018946734920699713
0.966,0.0,1.9177661437318473e-05,-0.30216912091662773,0.0019682875568457696
0.967,0.0,1.9418797670876586e-05,-0.30217993638446405,0.0020431339410905205
0.968,0.0,1.9622116257235368e-05,-0.3021907318119004,0.0021192150647368177
0.969,0.0,1.978762265171897e-05,-0.3022015064527005,0.002196532996345339
0.97,0.0,1.991539122172172e-05,-0.302212259548495,0.0022750894504180923
0.971,0.0,2.0005564425381588e-05,-0.30222299032876493,0.0023548857848459015
0.972,0.0,2.0058351874234042e-05,-0.30223369801082806,0.0024359229984887458
0.973,0.0,2.0074029282710332e-05,-0.3022443817998291,0.002518201728887609
0.974,0.0,2.0052937307522152e-05,-0.3022550408887331,0.0026017222501065105
0.975,0.0,1.99954802801452e-05,-0.302265674458323,0.00268648447070339
0.976,0.0,1.9902124835777156e-05,-0.3022762816771999,0.0027724879318285676
0.977,0.0,1.977339844230086e-05,-0.30228686170178787,0.0028597318054494726
0.978,0.0,1.9609887832930687e-05,-0.3022974136763418,0.0029482148927004073
0.979,0.0,1.941223734635924e-05,-0.30230793673295886,0.003037935622356075
0.98,0.0,1.9181147178352152e-05,-0.3023184299915941,0.003128892049427655
0.981,0.0,1.891737154886106e-05,-0.302328892560079,0.0032210818538802007
0.982,0.0,1.8621716788838425e-05,-0.30233932353414456,0.003314502339470164
0.983,0.0,1.8295039351042624e-05,-0.3023497219974472,0.003409150432701866
0.984,0.0,1.7938243749217794e-05,-0.302360087021599,0.0035050226819017287
0.985,0.0,1.7552280430119854e-05,-0.30237041766620143,0.0036021152564091265
0.986,0.0,1.713814358293816e-05,-0.3023807129788827,0.0037004239458827046
0.987,0.0,1.669686889073113e-05,-0.302390971995339,0.0037999441597210437
0.988,0.0,1.6229531228554062e-05,-0.30240119373937946,0.0039006709265965345
0.989,0.0,1.5737242313007914e-05,-0.30241137722297473,0.004002598894101385
0.99,0.0,1.5221148307979523e-05,-0.3024215214463094,0.004105722328504662
0.991,0.0,1.4682427391376043e-05,-0.30243162539783813,0.004210035114619263
0.992,0.0,1.4122287287679834e-05,-0.30244168805434546,0.004315530755777787
0.993,0.0,1.3541962771164287e-05,-0.3024517083810096,0.004422202373916223
0.994,0.0,1.2942713144616449e-05,-0.3024616853314696,0.004530042709764435
0.995,0.0,1.2325819698408779e-05,-0.3024716178478967,0.004639044123142375
0.996,0.0,1.169258315474999e-05,-0.30248150486106906,0.004749198593361027
0.997,0.0,1.104432110192393e-05,-0.3024913452904503,0.00486049771972708
0.998,0.0,1.0382365423295874e-05,-0.3025011380442719,0.004972932722150281
0.999,0.0,9.708059725827566e-06,-0.30251088201961945,0.00508649444185252
1.0,0.0,9.022756772796067e-06,-0.30252057610252214,0.005201173342177649
1.0010000000000001,0.0,8.32781592535711e-06,-0.3025302191680464,0.005316959509501027
1.002,0.0,7.624600597531332e-06,-0.3025398100803931,0.005433842654237899
1.0030000000000001,0.0,6.914475729121715e-06,-0.30254934769299857,0.005551812111949557
1.004,0.0,6.19880528099301e-06,-0.30255883084863894,0.005670856844546413
1.0050000000000001,0.0,5.478949757059051e-06,-0.30256825837953866,0.005790965441586997
1.006,0.0,4.756263757231901e-06,-0.3025776291074823,0.005912126121671948
1.0070000000000001,0.0,4.032093565487973e-06,-0.3025869418439302,0.006034326733932108
1.008,0.0,3.3077747771008797e-06,-0.3025961953901376,0.006157554759609734
1.0090000000000001,0.0,2.584629968979029e-06,-0.3026053885372776,0.006281797313731975
1.01,0.0,1.863966416928182e-06,-0.3026145200665675,0.006407041146875683
1.0110000000000001,0.0,1.1470738635355846e-06,-0.302623588749399,0.006533272647022646
1.012,0.0,4.3522234024318244e-07,-0.3026325933474715,0.006660477841504357
1.0130000000000001,0.0,-2.703399529569154e-07,-0.3026415326129296,0.00678864239903544
1.014,0.0,-9.68388706910808e-07,-0.3026504052885035,0.006917751631834854
1.0150000000000001,0.0,-1.6577254986249835e-06,-0.3026592101076535,0.0070477904978339416
1.016,0.0,-2.3371797195204696e-06,-0.3026679457947174,0.007178743602970536
1.0170000000000001,0.0,-3.005610433769318e-06,-0.3026766110650618,0.007310595203568182
1.018,0.0,-3.6619081640196524e-06,-0.3026852046252367,0.0074433292087996445
1.0190000000000001,0.0,-4.304996601974774e-06,-0.30269372517313353,0.007576929183233841
1.02,0.0,-4.9338342414540665e-06,-0.30270217139814665,0.00771137834946532
1.0210000000000001,0.0,-5.5474159317284576e-06,-0.30271054198133784,0.00784665959082548
1.022,0.0,-6.144774349090563e-06,-0.30271883559560486,0.0079827554541746
1.0230000000000001,0.0,-6.724981384789064e-06,-0.3027270509058526,0.008119648152773933
1.024,0.0,-7.287149447628026e-06,-0.30273518656916804,0.008257319569236943
1.025,0.0,-7.830432679704432e-06,-0.302743241234998,0.00839575125855887
1.026,0.0,-8.3540280839308e-06,-0.3027512135453307,0.008534924451223806
1.027,0.0,-8.857176562164144e-06,-0.3027591021348799,0.00867482005638841
1.028,0.0,-9.339163862937277e-06,-0.3027669056312728,0.008815418665141447
1.029,0.0,-9.79932143796337e-06,-0.3027746226552405,0.008956700553838343
1.03,0.0,-1.0237027206759261e-05,-0.30278225182081225,0.00909864568750987
1.031,0.0,-1.0651706228907176e-05,-0.3027897917355119,0.009241233723344167
1.032,0.0,-1.1042831283647683e-05,-0.30279724100055827,0.009384444014241296
1.033,0.0,-1.1409923356668857e-05,-0.302804598211068,0.009528255612439446
1.034,0.0,-1.1752552034127168e-05,-0.3028118619562613,0.009672647273211992
1.035,0.0,-1.2070335804104527e-05,-0.3028190308196713,0.009817597458634591
1.036,0.0,-1.2362942265872654e-05,-0.30282610337935534,0.009963084341421487
1.037,0.0,-1.2630088247500432e-05,-0.3028330782081098,0.010109085808830154
1.038,0.0,-1.287153983250174e-05,-0.3028399538736875,0.010255579466633545
1.039,0.0,-1.3087112296380225e-05,-0.3028467289390182,0.010402542643159022
1.04,0.0,-1.3276669954083292e-05,-0.30285340196243116,0.010549952393393187
1.041,0.0,-1.3440125919530003e-05,-0.302859971497881,0.01069778550315183
1.042,0.0,-1.3577441778526383e-05,-0.30286643609517616,0.010846018493314055
1.043,0.0,-1.3688627176526495e-05,-0.3028727943002096,0.010994627624119858
1.044,0.0,-1.3773739322838495e-05,-0.30287904465519244,0.011143588899530292
1.045,0.0,-1.3832882413011324e-05,-0.30288518569889017,0.011292878071649373
1.046,0.0,-1.3866206971269685e-05,-0.30289121596686086,0.011442470645206886
1.047,0.0,-1.3873909114992174e-05,-0.30289713399169643,0.011592341882101292
1.048,0.0,-1.385622974334979e-05,-0.3029029383032659,0.011742466806001883
1.049,0.0,-1.3813453652339277e-05,-0.30290862742896113,0.011892820207009314
1.05,0.0,-1.3745908578557825e-05,-0.30291419989394486,0.012043376646373706
1.051,0.0,-1.3653964174172198e-05,-0.3029196542214011,0.012194110461269463
1.052,0.0,-1.353803091563653e-05,-0.3029249889327875,0.012344995769625947
1.053,0.0,-1.3398558948808375e-05,-0.3029302025480902,0.012496006475013165
1.054,0.0,-1.3236036873202303e-05,-0.30293529358608046,0.012647116271581608
1.055,0.0,-1.3050990468204028e-05,-0.30294026056457357,0.012798298649055385
1.056,0.0,-1.284398136414588e-05,-0.30294510200068975,0.012949526897777798
1.057,0.0,-1.2615605661216082e-05,-0.302949816411117,0.013100774113808472
1.058,0.0,-1.2366492499239914e-05,-0.30295440231237586,0.013252013204071187
1.059,0.0,-1.2097302581430179e-05,-0.3029588582210859,0.013403216891551535
1.06,0.0,-1.1808726655257567e-05,-0.30296318265423444,0.013554357720543501
1.061,0.0,-1.150148395363832e-05,-0.3029673741294463,0.01370540806194413
1.062,0.0,-1.1176320599677224e-05,-0.30297143116525616,0.01385634011859534
1.063,0.0,-1.0834007978238148e-05,-0.30297535228138184,0.014007125930672028
1.064,0.0,-1.0475341077642352e-05,-0.3029791359989995,0.014157737381115528
1.065,0.0,-1.0101136804816379e-05,-0.3029827808410204,0.014308146201111595
1.066,0.0,-9.712232277226764e-06,-0.30298628533236904,0.0144583239756119
1.067,0.0,-9.309483094947902e-06,-0.3029896480002626,0.014608242148898205
1.068,0.0,-8.893761596212347e-06,-0.3029928673744924,0.014757872030188291
1.069,0.0,-8.465955099789645e-06,-0.30299594198770563,0.01490718479928264
1.07,0.0,-8.026964137530515e-06,-0.30299887037568946,0.015056151512251065
1.071,0.0,-7.5777006803979185e-06,-0.30300165107765553,0.015204743107158218
1.072,0.0,-7.119086361285411e-06,-0.30300428263652596,0.015352930409827126
1.073,0.0,-6.652050697896167e-06,-0.30300676359922046,0.015500684139639788
1.074,0.0,-6.177529318923405e-06,-0.30300909251694436,0.015647974915373834
1.075,0.0,-5.696462196734664e-06,-0.3030112679454776,0.01579477326107434
1.076,0.0,-5.2097918897186534e-06,-0.3030132884454648,0.015941049611959808
1.077,0.0,-4.718461797404352e-06,-0.3030151525827061,0.01608677432036129
1.078,0.0,-4.2234144314077875e-06,-0.3030168589284486,0.01623191766169383
1.079,0.0,-3.7255897052026617e-06,-0.30301840605967895,0.01637644984045897
1.08,0.0,-3.2259232456468395e-06,-0.30301979255941625,0.016520340996277614
1.081,0.0,-2.725344729127868e-06,-0.3030210170170058,0.016663561209952056
1.082,0.0,-2.2247762451172903e-06,-0.3030220780284133,0.016806080509556225
1.083,0.0,-1.7251306898457824e-06,-0.3030229741965195,0.016947868876553134
1.084,0.0,-1.227310192729206e-06,-0.30302370413141544,0.0170888962519385
1.085,0.0,-7.322045780897763e-07,-0.30302426645069785,0.017229132542409528
1.086,0.0,-2.406898646268417e-07,-0.3030246597797651,0.01736854762655777
1.087,0.0,2.4637319500149305e-07,-0.30302488275211326,0.017507111361085067
1.088,0.0,7.281405322213266e-07,-0.3030249340096322,0.017644793587041515
1.089,0.0,1.2037861360457516e-06,-0.3030248122029023,0.017781564136084345
1.09,0.0,1.6725033799755011e-06,-0.3030245159914905,0.017917392836756744
1.091,0.0,2.1335063003409917e-06,-0.30302404404424704,0.018052249520785397
1.092,0.0,2.586030824237338e-06,-0.3030233950396018,0.018186104029395873
1.093,0.0,3.029335945314242e-06,-0.3030225676658604,0.01831892621964458
1.094,0.0,3.462704845795066e-06,-0.3030215606215004,0.018450685970766267
1.095,0.0,3.8854459632136514e-06,-0.30302037261546694,0.018581353190536
1.096,0.0,4.296894000473296e-06,-0.3030190023674684,0.018710897821644434
1.097,0.0,4.696410877949598e-06,-0.3030174486082715,0.018839289848085364
1.098,0.0,5.083386626477263e-06,-0.3030157100799956,0.01896649930155428
1.099,0.0,5.45724022018037e-06,-0.3030137855364073,0.01909249626785694
1.1,0.0,5.817420348225637e-06,-0.30301167374321364,0.01921725089332672
1.101,0.0,6.163406124698798e-06,-0.30300937347835527,0.019340733391249712
1.102,0.0,6.494707735925035e-06,-0.30300688353229843,0.019462914048296233
1.103,0.0,6.810867024675227e-06,-0.3030042027083265,0.019583763230957753
1.104,0.0,7.11145801082048e-06,-0.3030013298228307,0.01970325139198804
1.105,0.0,7.396087348117655e-06,-0.30299826370559957,0.01982134907684726
1.106,0.0,7.664394716928264e-06,-0.302995003200108,0.019938026930147932
1.107,0.0,7.916053152791906e-06,-0.3029915471638047,0.02005325570210158
1.108,0.0,8.150769310893237e-06,-0.3029878944683989,0.020167006254964752
1.109,0.0,8.368283666577947e-06,-0.30298404400014595,0.02027924956948338
1.11,0.0,8.568370652188368e-06,-0.30297999466013137,0.02038995675133413
1.111,0.0,8.750838730602744e-06,-0.30297574536455407,0.02049909903756162
1.112,0.0,8.915530405973862e-06,-0.30297129504500775,0.020606647803010213
1.113,0.0,9.062322172272327e-06,-0.3029666426487613,0.02071257456674929
1.114,0.0,9.191124400347175e-06,-0.3029617871390374,0.020816850998490576
1.115,0.0,9.301881164321601e-06,-0.30295672749528985,0.020919448924996482
1.116,0.0,9.394570008244061e-06,-0.30295146271347917,0.021020340336478083
1.117,0.0,9.469201654014806e-06,-0.30294599180634646,0.021119497392981575
1.118,0.0,9.525819651704915e-06,-0.3029403138036857,0.021216892430761875
1.119,0.0,9.564499973478805e-06,-0.3029344277526141,0.021312497968642208
1.12,0.0,9.585350552422023e-06,-0.3029283327178409,0.02140628671435835
1.121,0.0,9.588510767663672e-06,-0.30292202778192834,0.021498231635168202
1.122,0.0,9.574150877266932e-06,-0.3029155120455245,0.021588306327986178
1.123,0.0,9.542471400441761e-06,-0.3029087846275788,0.021676485514875804
1.124,0.0,9.493702450710823e-06,-0.30290184466558123,0.02176274512824198
1.125,0.0,9.428103021732907e-06,-0.3028946913157995,0.021847062283840042
1.1260000000000001,0.0,9.345960227557516e-06,-0.30288732375350447,0.021929415254261415
1.127,0.0,9.247588499149748e-06,-0.3028797411731841,0.0220097834428885
1.1280000000000001,0.0,9.133328739086063e-06,-0.30287194278874635,0.022088147358311723
1.129,0.0,9.003547436378913e-06,-0.30286392783371097,0.022164488589201527
1.1300000000000001,0.0,8.858635743441432e-06,-0.3028556955613909,0.02223878977962835
1.131,0.0,8.699008517252461e-06,-0.30284724524506307,0.022311034604823685
1.1320000000000001,0.0,8.525103326826938e-06,-0.3028385761781292,0.022381207747375346
1.133,0.0,8.337379429137227e-06,-0.3028296876742666,0.022449294873850306
1.1340000000000001,0.0,8.13631671566713e-06,-0.3028205790675691,0.02251528261183836
1.135,0.0,7.9224146318122e-06,-0.30281124971267886,0.02257915852741016
1.1360000000000001,0.0,7.696191071367457e-06,-0.3028016989849087,0.022640911102983167
1.137,0.0,7.4581812483667625e-06,-0.3027919262803555,0.022700529715589043
1.1380000000000001,0.0,7.208936548556873e-06,-0.3027819310160046,0.022758004615536377
1.139,0.0,6.949023362803634e-06,-0.3027717126298259,0.022813326905462367
1.1400000000000001,0.0,6.6790219047378595e-06,-0.3027612705808614,0.022866488519767577
1.141,0.0,6.399525014954239e-06,-0.3027506043493045,0.022917482204427488
1.1420000000000001,0.0,6.111136954078111e-06,-0.30273971343657147,0.022966301497175125
1.143,0.0,5.814472187012212e-06,-0.302728597365365,0.023012940708048775
1.1440000000000001,0.0,5.510154160668609e-06,-0.3027172556797302,0.023057394900299087
1.145,0.0,5.198814077479945e-06,-0.3027056879451031,0.023099659871649875
1.1460000000000001,0.0,4.881089666969017e-06,-0.30269389374835237,0.02313973213590686
1.147,0.0,4.557623957636551e-06,-0.30268187269781316,0.023177608904909077
1.1480000000000001,0.0,4.229064051404005e-06,-0.30266962442331485,0.023213288070817257
1.149,0.0,3.896059902821276e-06,-0.30265714857620185,0.023246768188733873
1.1500000000000001,0.0,3.559263105218524e-06,-0.3026444448293477,0.02327804845964964
1.151,0.0,3.219325685946998e-06,-0.3026315128771631,0.023307128713711118
1.1520000000000001,0.0,2.8768989128157815e-06,-0.30261835243559765,0.02333400939380429
1.153,0.0,2.5326321137900425e-06,-0.3026049632421354,0.023358691539449052
1.154,0.0,2.1871715119715918e-06,-0.3025913450557851,0.023381176770999643
1.155,0.0,1.8411590778345965e-06,-0.3025774976570639,0.02340146727414596
1.156,0.0,1.495231400638183e-06,-0.3025634208479761,0.023419565784710984
1.157,0.0,1.150018580883568e-06,-0.3025491144519867,0.023435475573739536
1.158,0.0,8.06143145626388e-07,-0.30253457831398883,0.023449200432873483
1.159,0.0,4.642189883951964e-07,-0.30251981230026703,0.023460744660008886
1.16,0.0,1.2485033540479684e-07,-0.3025048162984548,0.023470113045230504
1.161,0.0,-2.1136926031168624e-07,-0.302489590217488,0.023477310857018863
1.162,0.0,-5.438578952951721e-07,-0.3024741339875529,0.023482343828725796
1.163,0.0,-8.72046261089851e-07,-0.30245844756003026,0.023485218145313742
1.164,0.0,-1.195378557292977e-06,-0.30244253090743456,0.023485940430354714
1.165,0.0,-1.5133133708820779e-06,-0.3024263840233492,0.023484517733284367
1.166,0.0,-1.825324520551308e-06,-0.3024100069223573,0.023480957516907215
1.167,0.0,-2.1309018648651067e-06,-0.3023933996399687,0.023475267645148807
1.168,0.0,-2.4295520731151796e-06,-0.30237656223254283,0.0234674563710505
1.169,0.0,-2.7207993578459326e-06,-0.30235949477720797,0.023457532325003246
1.17,0.0,-3.004186168093696e-06,-0.30234219737177653,0.023445504503215937
1.171,0.0,-3.27927384246623e-06,-0.3023246701346571,0.023431382256414803
1.172,0.0,-3.5456432212709463e-06,-0.30230691320476266,0.02341517527876974
1.173,0.0,-3.802895216982843e-06,-0.3022889267414159,0.023396893597043805
1.174,0.0,-4.0506513424261956e-06,-0.3022707109242507,0.02337654755996228
1.175,0.0,-4.288554196127398e-06,-0.30225226595311094,0.023354147827797392
1.176,0.0,-4.51626790437986e-06,-0.30223359204794625,0.02332970536216522
1.177,0.0,-4.7334785196454e-06,-0.30221468944870444,0.023303231416031127
1.178,0.0,-4.939894374999934e-06,-0.3021955584152214,0.0232747375239202
1.179,0.0,-5.1352463944143515e-06,-0.30217619922710814,0.023244235492329207
1.18,0.0,-5.319288358744097e-06,-0.30215661218363526,0.02321173739033666
1.181,0.0,-5.491797127383017e-06,-0.30213679760361484,0.02317725554040759
1.182,0.0,-5.652572815618351e-06,-0.3021167558252797,0.023140802509389765
1.183,0.0,-5.80143892780415e-06,-0.30209648720616045,0.023102391099697892
1.184,0.0,-5.9382424465498576e-06,-0.3020759921229602,0.023062034340682883
1.185,0.0,-6.062853878199024e-06,-0.3020552709714271,0.02301974548018266
1.186,0.0,-6.17516725495013e-06,-0.30203432416622455,0.022975537976251646
1.187,0.0,-6.275100094047069e-06,-0.30201315214079966,0.022929425489065673
1.188,0.0,-6.362593314540882e-06,-0.3019917553472494,0.022881421872999328
1.189,0.0,-6.437611112196748e-06,-0.3019701342561854,0.02283154116887286
1.19,0.0,-6.500140793190834e-06,-0.3019482893565961,0.02277979759636539
1.191,0.0,-6.550192567310396e-06,-0.3019262211557081,0.022726205546591913
1.192,0.0,-6.587799301437249e-06,-0.3019039301788451,0.022670779574840934
1.193,0.0,-6.613016234159425e-06,-0.30188141696928555,0.02261353439347
1.194,0.0,-6.625920652418332e-06,-0.3018586820881189,0.02255448486495647
1.195,0.0,-6.6266115311589294e-06,-0.30183572611410003,0.022493645995100595
1.196,0.0,-6.615209137008288e-06,-0.30181254964350274,0.02243103292637839
1.197,0.0,-6.591854597063332e-06,-0.3017891532899714,0.02236666093144154
1.198,0.0,-6.556709433921416e-06,-0.3017655376843718,0.022300545406761827
1.199,0.0,-6.509955068137698e-06,-0.3017417034746406,0.02223270186641732
1.2,0.0,-6.45179228934089e-06,-0.30171765132563333,0.0221631459360181
1.201,0.0,-6.382440697283889e-06,-0.3016933819189721,0.022091893346768754
1.202,0.0,-6.302138114147911e-06,-0.3016688959528915,0.022018959929665283
1.203,0.0,-6.211139969458077e-06,-0.3016441941420837,0.021944361609824086
1.204,0.0,-6.109718659004835e-06,-0.30161927721754317,0.021868114400940556
1.205,0.0,-5.998162879199126e-06,-0.30159414592640976,0.021790234399874917
1.206,0.0,-5.876776938319838e-06,-0.30156880103181155,0.021710737781363103
1.207,0.0,-5.74588004613968e-06,-0.30154324331270665,0.021629640792850385
1.208,0.0,-5.605805583440289e-06,-0.30151747356372455,0.02154695974944537
1.209,0.0,-5.4569003529490214e-06,-0.30149149259500646,0.021462711028992477
1.21,0.0,-5.299523813248511e-06,-0.3014653012320453,0.02137691106726037
1.211,0.0,-5.134047297225705e-06,-0.3014389003155251,0.021289576353244476
1.212,0.0,-4.960853216639705e-06,-0.30141229070116,0.021200723424581413
1.213,0.0,-4.7803342543973226e-06,-0.30138547325953224,0.021110368863073253
1.214,0.0,-4.592892546131899e-06,-0.3013584488759305,0.02101852929031959
1.215,0.0,-4.398938852684543e-06,-0.3013312184501873,0.020925221363455437
1.216,0.0,-4.198891725087647e-06,-0.30130378289651627,0.020830461770992962
1.217,0.0,-3.993176663648278e-06,-0.301276143143349,0.020734267228765195
1.218,0.0,-3.782225272723921e-06,-0.30124830013317183,0.02063665447596963
1.219,0.0,-3.5664744127750495e-06,-0.3012202548223622,0.020537640271310144
1.22,0.0,-3.3463653512682143e-06,-0.3011920081810249,0.020437241389235035
1.221,0.0,-3.1223429139897655e-06,-0.30116356119282817,0.020335474616269687
1.222,0.0,-2.894854638314057e-06,-0.30113491485483984,0.02023235674744184
1.223,0.0,-2.664349929951059e-06,-0.301106070177363,0.02012790458279786
1.224,0.0,-2.4312792246767776e-06,-0.30107702818377197,0.020022134924008186
1.225,0.0,-2.196093156525839e-06,-0.3010477899103481,0.019915064571060348
1.226,0.0,-1.959241733899089e-06,-0.3010183564061157,0.019806710319037742
1.227,0.0,-1.7211735250101592e-06,-0.3009887287326779,0.019697088954982737
1.228,0.0,-1.482334854063762e-06,-0.3009589079640527,0.0195862172548422
1.229,0.0,-1.2431690095250308e-06,-0.300928895186509,0.019474111980494188
1.23,0.0,-1.004115465803652e-06,-0.30089869149840276,0.019360789876853895
1.231,0.0,-7.656091196388974e-07,-0.3008682980100136,0.01924626766905762
1.232,0.0,-5.280795424320437e-07,-0.30083771584338126,0.019130562059723015
1.233,0.0,-2.9195024973119385e-07,-0.3008069461321425,0.019013689726284273
1.234,0.0,-5.763798903022443e-08,-0.30077599002136807,0.01889566731840066
1.235,0.0,1.744479530013693e-07,-0.3007448486674001,0.018776511455437146
1.236,0.0,4.039064227875169e-07,-0.30071352323768963,0.01865623872401541
1.237,0.0,6.303450505913298e-07,-0.3006820149106348,0.018534865675634175
1.238,0.0,8.533808787648245e-07,-0.30065032487541876,0.018412408824357244
1.239,0.0,1.0726409665805764e-06,-0.30061845433184875,0.018288884644568005
1.24,0.0,1.287762970775152e-06,-0.30058640449019475,0.01816430956878902
1.241,0.0,1.4983957009871305e-06,-0.3005541765710292,0.018038699985565527
1.242,0.0,1.7041996493264412e-06,-0.3005217718050666,0.01791207223741133
1.243,0.0,1.9048474933665253e-06,-0.30048919143300423,0.01778444261881611
1.244,0.0,2.100024571906351e-06,-0.3004564367053625,0.017655827374312646
1.245,0.0,2.2894293329054775e-06,-0.3004235088823264,0.01752624269660293
1.246,0.0,2.472773753052051e-06,-0.3003904092335874,0.017395704724741903
1.247,0.0,2.6497837284807334e-06,-0.3003571390381855,0.01726422954237759
1.248,0.0,2.8201994362149907e-06,-0.3003236995843523,0.01713183317604655
1.249,0.0,2.9837756659657923e-06,-0.3002900921693541,0.016998531593523474
1.25,0.0,3.140282121976512e-06,-0.3002563180993361,0.016864340702223826
1.2510000000000001,0.0,3.2895036946615324e-06,-0.3002223786891669,0.01672927634765838
1.252,0.0,3.4312407018436613e-06,-0.3001882752622834,0.01659335431193867
1.2530000000000001,0.0,3.5653090994528666e-06,-0.30015400915053697,0.016456590312332195
1.254,0.0,3.6915406616058888e-06,-0.3001195816940394,0.016318999999866357
1.2550000000000001,0.0,3.809783130042954e-06,-0.30008499424101026,0.01618059895798019
1.256,0.0,3.919900332953921e-06,-0.3000502481476243,0.016041402701222708
1.2570000000000001,0.0,4.021772273281723e-06,-0.3000153447778601,0.01590142667399714
1.258,0.0,4.115295186645739e-06,-0.2999802855033488,0.015760686249349717
1.2590000000000001,0.0,4.200381569081748e-06,-0.29994507170322404,0.015619196727802452
1.26,0.0,4.27696017484819e-06,-0.2999097047639721,0.01547697333622866
1.2610000000000001,0.0,4.344975984600584e-06,-0.29987418607928346,0.015334031226770475
1.262,0.0,4.4043901442869955e-06,-0.2998385170499043,0.015190385475797388
1.2630000000000001,0.0,4.455179875167325e-06,-0.2998026990834891,0.015046051082904922
1.264,0.0,4.497338355407866e-06,-0.2997667335944543,0.014901042969952599
1.2650000000000001,0.0,4.530874573749924e-06,-0.29973062200383205,0.014755375980140317
1.266,0.0,4.555813155797251e-06,-0.29969436573912517,0.014609064877122267
1.2670000000000001,0.0,4.572194163511597e-06,-0.2996579662341628,0.014462124344157615
1.268,0.0,4.58007286854865e-06,-0.2996214249289568,0.01431456898329711
1.2690000000000001,0.0,4.579519500108086e-06,-0.299584743269559,0.014166413314604841
1.27,0.0,4.5706189680112055e-06,-0.29954792270791886,0.014017671775414272
1.2710000000000001,0.0,4.55347056175775e-06,-0.2995109647017427,0.013868358719617906
1.272,0.0,4.528187626349778e-06,-0.2994738707143531,0.013718488416989761
1.2730000000000001,0.0,4.494897215705073e-06,-0.2994366422145492,0.013568075052539888
1.274,0.0,4.45373972451519e-06,-0.299399280676468,0.01341713272590025
1.2750000000000001,0.0,4.404868499434098e-06,-0.2993617875794465,0.013265675450741235
1.276,0.0,4.348449430512239e-06,-0.29932416440788445,0.013113717154218087
1.2770000000000001,0.0,4.284660523817751e-06,-0.2992864126511083,0.012961271676446529
1.278,0.0,4.213691456211554e-06,-0.29924853380323546,0.01280835277000701
1.2790000000000001,0.0,4.135743113265924e-06,-0.29921052936303993,0.012654974099476794
1.28,0.0,4.0510271113370815e-06,-0.2991724008338186,0.012501149240989304
1.281,0.0,3.959765304821156e-06,-0.2991341497232581,0.012346891681820021
1.282,0.0,3.862189279639693e-06,-0.2990957775433031,0.012192214819998416
1.283,0.0,3.758539834015551e-06,-0.29905728581002505,0.01203713196394516
1.284,0.5462349979888408,3.649066447612683e-06,-0.29901867604349197,0.011881656332134128
1.285,0.7918717116493601,3.870879822058062e-06,-0.29898022027364224,0.011726960055357014
1.286,1.0273289591605252,4.739390432147025e-06,-0.2989421768565219,0.011574111451946461
1.287,1.2508753352070374,6.441658628235536e-06,-0.29890470416580434,0.011423715478807099
1.288,1.4609392213979735,9.15149795466323e-06,-0.29886795261996957,0.011276318876301704
1.289,1.6561190233705911,1.3027987802309454e-05,-0.2988320636298032,0.011132407683338971
1.29,1.8351915218985573,1.8214168569193898e-05,-0.2987971686596972,0.010992405371134967
1.291,1.9971183128866847,2.4835926813527958e-05,-0.2987633884083427,0.010856671595086777
1.292,2.1410503296452075,3.300107587948061e-05,-0.2987308321131258,0.010725501558283735
1.293,2.2663304588263053,4.279863547621938e-05,-0.2986995969812529,0.010599125974517142
1.294,2.3724942787473364,5.429831171403797e-05,-0.2986697677493593,0.01047771161329112
1.295,2.4592689654423614,6.755017716533893e-05,-0.298641416372094,0.010361362404335979
1.296,2.526570427434825,8.258454863977648e-05,-0.2986146018389507,0.010250121074526226
1.297,2.5744987449364425,9.941205855782564e-05,-0.2985893701174274,0.010143971285944218
1.298,2.603332002736606,0.00011802391409016125,-0.29856575421946213,0.010042840240134087
1.299,2.613518618445364,0.00013839233661500446,-0.298543774387017,0.00994660171037808
1.3,2.6056682788819265,0.00016047117254422758,-0.29852343839167594,0.009855079461105866
1.301,2.580541607206439,0.00018419666519232917,-0.2985047419421885,0.009768051011318387
1.302,2.5390386918480927,0.00020948837611979858,-0.29848766919304354,0.009685251697162379
1.303,2.482186615323219,0.0002362502432818161,-0.2984721933463934,0.009606378987517246
1.304,2.411126126658914,0.00026437176236111234,-0.29845827733898106,0.00953109700563356
1.305,2.3270976053280195,0.00029372927686506045,-0.2984458746051477,0.00945904120947113
1.306,2.23142646734086,0.0003241873619250955,-0.29843492990652565,0.009389823183402307
1.307,2.1255081654558183,0.00035560028625323013,-0.2984253802186467,0.009323035494350049
1.308,2.010792935366727,0.00038781353638616257,-0.29841715566442567,0.009258256566199474
1.309,1.8887704382371562,0.0004206653871811714,-0.2984101804843082,0.00919505552743645
1.31,1.7609544471168295,0.0004539885025171627,-0.29840437403280246,0.009132996988409288
1.311,1.628867720628597,0.0004876115502950028,-0.29839965179114536,0.009071645706363918
1.312,1.4940272019469611,0.0005213608161184399,-0.29839592638597795,0.009010571098453405
1.313,1.3579296745390417,0.0005550618004640537,-0.2983931086041235,0.008949351565255207
1.314,1.2220379984881593,0.0005885407847081843,-0.29839110839386784,0.008887578589927947
1.315,1.0877680426032805,0.0006216263520620061,-0.29838983584353074,0.008824860580987418
1.316,0.956476417956055,0.0006541508502632048,-0.2983892021285823,0.00876082642975953
1.317,0.8294491081823644,0.000685951783773592,-0.2983891204190961,0.008695128756853965
1.318,0.7078910808558267,0.0007168731242252219,-0.2983895067399318,0.008627446825470796
1.319,0.5929169527015531,0.0007467665289313186,-0.2983902807766951,0.008557489102974365
1.32,0.4855427694234099,0.0007754924584202328,-0.29839136662123084,0.008484995455911271
1.321,0.38667894863322916,0.0008029211851480537,-0.29839269345115027,0.008409738967476568
1.322,0.2971244219259671,0.0008289336867854744,-0.2983941961386726,0.008331527370305642
1.323,0.21756199965843576,0.0008534224187440637,-0.29839581578486296,0.00825020409134745
1.324,0.14855496958520167,0.0008762919618932759,-0.2983975001761694,0.008165648909416096
1.325,0.09054492835163927,0.0008974595427095552,-0.29839920416098475,0.008077778229779743
1.326,0.04385083298284359,0.0009168554243802882,-0.2984008899447866,0.007986544983786413
1.327,0.008669248129089646,0.0009344231686460689,-0.2984025273032238,0.007891938165006267
1.328,0.0,0.0009501210363639403,-0.2984040947302442,0.007793986348256035
1.329,0.0,0.0009639297646685874,-0.29840558574396026,0.007692782913529781
1.33,0.0,0.0009758429646383826,-0.2984070013362015,0.007588451538426945
1.331,0.0,0.0009858577683887026,-0.2984083425294329,0.007481113410756406
1.332,0.0,0.0009939747990905965,-0.29840961037556574,0.0073708871156158125
1.333,0.031829174219144316,0.0010001981350975927,-0.29841080595480113,0.007257888679927433
1.334,0.07252443984924714,0.0010045582079112496,-0.2984119487918754,0.007142309317390845
1.335,0.12233879775017094,0.0010071034547776065,-0.29841307045922794,0.007024385947435681
1.336,0.18055256430525518,0.0010078885461369798,-0.2984142052817345,0.006904361006087243
1.337,0.24637863715757527,0.0010069777772008495,-0.29841539320065313,0.006782494175525738
1.338,0.31897192418852427,0.0010044442029763466,-0.2984166792468773,0.006659059445203176
1.339,0.39743893035920724,0.0010003687178592336,-0.2984181129753992,0.006534342051316893
1.34,0.4808475442114734,0.0009948390899785471,-0.298419747867408,0.006408635393748119
1.341,0.568236925907746,0.0009879489606112507,-0.29842164070657096,0.0062822379608607724
1.342,0.6586274005151913,0.0009797968190305227,-0.29842385093611445,0.0061554502915667705
1.343,0.7510302629597023,0.0009704849630974692,-0.2984264400033229,0.006028572002820369
1.344,0.8444574045416149,0.0009601184557564106,-0.29842947069801656,0.005901898909227285
1.345,0.9379306751706626,0.0009488040873525704,-0.29843300649144844,0.005775720259767621
1.346,1.0304909003879819,0.0009366493533628601,-0.2984371108818836,0.005650316114758287
1.347,1.1212064777820367,0.0009237614567210445,-0.2984418467528938,0.0055259548841456
1.348,1.2091814834795174,0.0009102463434340205,-0.29844727575011787,0.005402891046046865
1.349,1.2935632259473402,0.000896207779632928,-0.29845345768191117,0.005281363062176466
1.35,1.3735491912681974,0.0008817464775884308,-0.29846044994893756,0.005161591504422718
1.351,1.4483933313306805,0.0008669592775512533,-0.2984683070073491,0.005043777404412089
1.352,1.5174116538573512,0.0008519383915646933,-0.2984770798697604,0.004928100835432369
1.353,1.579987080873859,0.0008367707146433346,-0.29848681564775614,0.004814719733610757
1.354,1.6355735499723159,0.0008215372079296493,-0.2984975571391814,0.004703768962780534
1.355,1.6836993404989529,0.000806312357635777,-0.2985093424629576,0.004595359625044104
1.356,1.7239696145161312,0.0007911637127595975,-0.29852220474364766,0.004489578616672347
1.357,1.7560681699863172,0.0007761515037403272,-0.2985361718474694,0.004386488426691101
1.358,1.779758411037813,0.000761328343397098,-0.29855126617092836,0.0042861271733139845
1.359,1.7948835473223554,0.0007467390106819534,-0.2985675044827175,0.004188508871303492
1.36,1.8013660413476438,0.0007324203169837251,-0.2985848978190154,0.0040936239213952
1.361,1.799206329134267,0.0007184010539483023,-0.29860345143181155,0.0040014398111156285
1.362,1.7884808456555572,0.0007047020210404104,-0.29862316478940043,0.0039119020146745195
1.363,1.7693393921321474,0.0006913361303682728,-0.2986440316277221,0.003824935078126225
1.364,1.7420018874025787,0.0006783085856310202,-0.2986660400507852,0.0037404438746796945
1.365,1.7067545502000394,0.0006656171314344749,-0.29868917267799766,0.0036583150138978435
1.366,1.6639455632353937,0.0006532523686584566,-0.29871340683584824,0.003578418387568519
1.367,1.613980273468196,0.0006411981310519036,-0.29873871479103653,0.003500608834252703
1.368,1.5573159858428982,0.0006294319177841387,-0.29876506402183844,0.0034247279039217333
1.369,1.49445641006192,0.0006179253762941632,-0.2987924175242221,0.0033506057036831664
1.37,1.4259458216474707,0.0006066448294569316,-0.2988207341489968,0.0032780628053623484
1.371,1.3523629996090403,0.000595551840827482,-0.2988499689660878,0.0032069121956505267
1.372,1.27431500350616,0.0005846038115313052,-0.29888007365187863,0.003136961249646201
1.373,1.192430852555721,0.0005737546022424845,-0.2989109968954572,0.003068013708898863
1.374,1.1073551687219652,0.0005629551736294296,-0.29894268481953484,0.002999871645507365
1.375,1.0197418444546724,0.0005521542386503052,-0.29897508141178486,0.002932337394421499
1.3760000000000001,0.9302477939218887,0.0005412989201448419,-0.29900812896236284,0.002865215436837027
1.377,0.8395268442741605,0.0005303354072938675,-0.29904176850342784,0.002798314218452528
1.3780000000000001,0.748223820671927,0.0005192096046998598,-0.29907594024657663,0.0027314478873609657
1.379,0.6569688755861008,0.0005078677680778951,-0.29911058401423357,0.0026644379374693994
1.3800000000000001,0.5663721092544451,0.0004962571208328889,-0.2991456396612019,0.002597114744564859
1.381,0.477018524184496,0.0004843264461319815,-0.2991810474827778,0.0025293189834608566
1.3820000000000001,0.38946335233099505,0.00047202664945593576,-0.2992167486060513,0.0024609029160539268
1.383,0.30422778900967284,0.0004593112870258437,-0.2992526853612685,0.0023917315415790306
1.3840000000000001,0.22179516367708685,0.0004461370559464361,-0.29928880163040117,0.002321683601575003
1.385,0.1426075721482917,0.0004324642423803391,-0.29932504317036307,0.0022506524328588205
1.3860000000000001,0.0670629882713562,0.0004182571245629355,-0.29936135790861995,0.0021785466647355647
1.387,0.0,0.0004034843279788372,-0.29939769620926227,0.0021052907589196464
1.3880000000000001,0.0,0.00038813108157125664,-0.2994340206958639,0.0020308652945413563
1.389,0.0,0.00037222268308731725,-0.29947032526265827,0.0019553841660377674
1.3900000000000001,0.0,0.00035579367200208877,-0.2995066106501346,0.001878987684622815
1.391,0.0,0.00033887919367205435,-0.29954287760772386,0.0018018129033108585
1.3920000000000001,0.0,0.0003215149292042292,-0.2995791268924581,0.001723993656068624
1.393,0.0,0.00030373702504592746,-0.29961535926766164,0.0016456605964751605
1.3940000000000001,0.0,0.00028558202242638024,-0.299651575501673,0.001566941235899132
1.395,0.0,0.00026708678678037076,-0.29968777636659727,0.0014879599812027064
1.3960000000000001,0.0,0.0002482884372827919,-0.2997239626370893,0.0014088381719811968
1.397,0.0,0.0002292242766215449,-0.2997601350891661,0.0013296941173475212
1.3980000000000001,0.0,0.000209931721134497,-0.2997962944990493,0.0012506431322704614
1.399,0.0,0.00019044823143429923,-0.2998324416420364,0.0011717975734756023
1.4000000000000001,0.0,0.0001708112436427452,-0.29986857729140104,0.0010932668749177527
1.401,0.0,0.00015105810135402893,-0.2999047022173218,0.0010151575828335336
1.4020000000000001,0.0,0.00013122598844374198,-0.299940817185839,0.0009375733903827545
1.403,0.0,0.00011135186283774597,-0.2999769229578393,0.0008606151718870785
1.4040000000000001,0.0,9.147239135216966e-05,-0.3000130202880678,0.0007843810166743985
1.405,0.0,7.162388571271911e-05,-0.30004910992416756,0.0007089662625372406
1.4060000000000001,0.0,5.184223985826226e-05,-0.30008519260574534,0.0006344635288134226
1.407,0.0,3.216286863026226e-05,-0.3001212690634645,0.000560962749097092
1.408,0.0,1.262064794609561e-05,-0.30015734001816363,0.0004885512035881777
1.409,0.0,-6.750143449390788e-06,-0.30019340618000145,0.00041731355108818213
1.41,0.0,-2.5915880563546997e-05,-0.300229468247627,0.0003473318606501551
1.411,0.0,-4.484364698021977e-05,-0.3002655269073751,0.0002786856428905776
1.412,0.0,-6.350128784615574e-05,-0.30030158283248726,0.00021145188097079778
1.413,0.0,-8.185746094115258e-05,-0.30033763668235647,0.00014570506125555262
1.414,0.0,-9.988168575787742e-05,-0.3003736891017972,8.151720365601344e-05
1.415,0.0,-0.00011754439052163896,-0.3004097407203389,1.8957891664691652e-05
1.416,0.0,-0.00013481695708485102,-0.3004457921515438,-4.190569791055838e-05
1.417,0.0,-0.00015167176363545064,-0.30048184399234795,-0.00010100876550630477
1.418,0.0,-0.00016808222516312592,-0.3005178968224253,-0.00015828885965003692
1.419,0.0,-0.00018402283163185617,-0.3005539512035754,-0.0002136858480864651
1.42,0.0,-0.0001994691838119639,-0.30059000767913324,-0.00026714188917678866
1.421,0.0,-0.00021439802672961172,-0.30062606677340165,-0.00031860140356420425
1.422,0.0,-0.00022878728069644194,-0.30066212899110595,-0.00036801104609902484
1.423,0.0,-0.0002426160698868415,-0.3006981948168705,-0.00041531967801688513
1.424,0.0,-0.00025586474843511094,-0.3007342647147166,-0.0004604783393636083
1.425,0.0,-0.00026851492402961565,-0.3007703391275821,-0.0005034402216604136
1.426,0.0,-0.00028054947898579135,-0.3008064184768618,-0.0005441606408032454
1.427,0.0,-0.0002919525887846538,-0.3008425031619688,-0.0005825970101901069
1.428,0.0,-0.00030270973806821876,-0.30087859355991653,-0.0006187088140703838
1.429,0.0,-0.0003128077340879623,-0.3009146900249207,-0.0006524575811102469
1.43,0.0,-0.0003222347176071348,-0.3009507928880218,-0.0006838068581683226
1.431,0.0,-0.0003309801712623785,-0.3009869024567269,-0.0007127221842759261
1.432,0.0,-0.0003390349253946783,-0.3010230190146715,-0.0007391710648162494
1.433,0.0,-0.0003463911613641906,-0.30105914282130025,-0.0007631229458970056
1.434,0.0,-0.00035304241236794055,-0.30109527411156684,-0.000784549188911125
1.435,0.0,-0.00035898356178374284,-0.30113141309565283,-0.0008034230452802054
1.436,0.0,-0.00036421083906798145,-0.30116755995870487,-0.0008197196313755243
1.437,0.0,-0.00036872181323906937,-0.30120371486059017,-0.000833415903611512
1.438,0.0,-0.0003725153839824975,-0.3012398779356703,-0.0008444906337066956
1.439,0.0,-0.00037559177041736146,-0.3012760492925925,-0.0008529243841072254
1.44,0.0,-0.0003779524975681241,-0.30131222901409876,-0.0008586994835681885
1.441,0.0,-0.0003796003805891216,-0.3013484171568522,-0.0008618000028880229
1.442,0.0,-0.00038053950679294647,-0.3013846137512804,-0.000862211730791446
1.443,0.0,-0.00038077521553733865,-0.301420818801436,-0.0008599221499564074
1.444,0.0,-0.0003803140760285768,-0.30145703228487347,-0.0008549204131806831
1.445,0.0,-0.0003791638631025866,-0.3014932541525425,-0.0008471973196838199
1.446,0.0,-0.0003773335310480605,-0.30152948432869764,-0.0008367452915402504
1.447,0.0,-0.0003748331855388165,-0.30156572271082355,-0.0008235583502394875
1.448,0.0,-0.00037167405374540196,-0.3016019691695764,-0.0008076320933694137
1.449,0.0,-0.00036786845269857354,-0.30163822354874026,-0.0007889636714187814
1.45,0.0,-0.00036342975597974947,-0.30167448566519933,-0.0007675517646951305
1.451,0.0,-0.00035837235881583526,-0.30171075530892455,-0.00074339656035444
1.452,0.0,-0.0003527116416579636,-0.30174703224297544,-0.0007164997295389218
1.453,0.0,-0.0003464639323256635,-0.30178331620351634,-0.0006868644046194621
1.454,0.0,-0.0003396464667997781,-0.301819606899847,-0.0006544951565393246
1.455,0.0,-0.0003322773487490879,-0.30185590401444745,-0.0006193979722558091
1.456,0.0,-0.0003243755078770581,-0.30189220720303644,-0.0005815802322766786
1.457,0.0,-0.0003159606571764234,-0.30192851609464394,-0.0005410506882882451
1.458,0.0,-0.00030705324918044104,-0.30196483029169685,-0.000497819440872117
1.459,0.0,-0.000297674431300589,-0.30200114937011796,-0.0004518979173076973
1.46,0.0,-0.0002878460003412609,-0.30203747287943816,-0.0004032988494576239
1.461,0.0,-0.00027759035628260723,-0.3020738003429212,-0.0003520362517334369
1.462,0.0,-0.00026693045542310165,-0.302110131257701,-0.0002981253991388555
1.463,0.0,-0.00025588976297366724,-0.3021464650949317,-0.00024158280538814109
1.464,0.0,-0.0002444922051952844,-0.3021828012999495,-0.00018242620109711936
1.465,0.0,-0.00023276212117191952,-0.30221913929244654,-0.00012067451204452877
1.466,0.0,-0.0002207242143103658,-0.3022554784666566,-5.634783750145766e-05
1.467,0.0,-0.0002084035036581734,-0.3022918181915524,1.053257137327245e-05
1.468,0.0,-0.00019582527513027124,-0.30232815781105365,7.994433307382813e-05
1.469,0.0,-0.00018301503273414774,-0.3023644966442471,0.00015186395722614396
1.47,0.0,-0.00016999844988256597,-0.30240083398561657,0.00022626686600662332
1.471,0.0,-0.0001568013208817439,-0.3024371691052844,0.000303127415502529
1.472,0.0,-0.00014344951268173555,-0.3024735012492628,0.00038241891701574013
1.473,0.0,-0.00012996891697440732,-0.30250982963971573,0.0004641136583114562
1.474,0.0,-0.00011638540272292028,-0.3025461534752308,0.000548182924813343
1.475,0.0,-0.00010272476920500736,-0.3025824719311009,0.0006345970207465166
1.476,0.0,-8.90126996505781e-05,-0.3026187841596157,0.0007233252902296738
1.477,0.0,-7.527471555229871e-05,-0.3026550892903623,0.0008143361383175873
1.478,0.0,-6.153613172578492e-05,-0.3026913864305352,0.0009075970519950871
1.479,0.0,-4.782201219391533e-05,-0.3027276746652554,0.0010030746211235674
1.48,0.0,-3.4157126967528707e-05,-0.30276395305789805,0.0011007345593409623
1.481,0.0,-2.0565909792414356e-05,-0.3028002206504289,0.0012005417249160426
1.482,0.0,-7.072416930046947e-06,-0.30283647646374917,0.0013024601415578042
1.483,0.0,6.299712963039603e-06,-0.30287271949804856,0.0014064530191806215
1.484,0.0,1.9527297794994066e-05,-0.30290894873316615,0.0015124827746257536
1.485,0.0,3.258764977799726e-05,-0.30294516312895914,0.0016205110523397049
1.486,0.0,4.5458611890528464e-05,-0.30298136162567935,0.0017304987450098485
1.487,0.0,5.811859300875184e-05,-0.30301754314435686,0.0018424060141576438
1.488,0.0,7.05466016561886e-05,-0.303053706587191,0.0019561923106896774
1.489,0.0,8.27222783238665e-05,-0.30308985083794815,0.0020718163954066846
1.49,0.0,9.462592631622141e-05,-0.30312597476236663,0.002189236359470611
1.491,0.0,0.00010623854108115947,-0.30316207720856775,0.002308409644829704
1.492,0.0,0.00011754183798586717,-0.3031981570074736,0.0024292930646015154
1.493,0.0,0.0001285182785031734,-0.30323421297323083,0.0025518428234136362
1.494,0.0,0.00013915109477651726,-0.30327024390364055,0.0026760145377018834
1.495,0.0,0.00014942431253484997,-0.30330624858059374,0.002801763255965582
1.496,0.0,0.0001593227723320945,-0.3033422257705127,0.0029290434789795137
1.497,0.0,0.0001688321490890951,-0.30337817422479735,0.0030578091799619883
1.498,0.0,0.00017793896991930358,-0.3034140926802773,0.0031880138246984527
1.499,0.0,0.00018663063022276782,-0.3034499798596683,0.0033196103916199537
1.5,0.0,0.00019489540803629816,-0.303485834472034,0.003452551391835668
1.5010000000000001,0.0,0.00020272247663099017,-0.303521655213252,0.0035867888891186884
1.502,0.0,0.00021010191535156543,-0.3035574407664844,0.0037222745198441085
1.5030000000000001,0.0,0.000217024718695255,-0.30359318980265276,0.0038589595128784428
1.504,0.0,0.0002234828036311829,-0.3036289009809166,0.003996794709419257
1.5050000000000001,0.0,0.00022946901516440705,-0.3036645729491563,0.004135730582783911
1.506,0.0,0.00023497713015193544,-0.3037002043444589,0.0042757172581461235
1.5070000000000001,0.0,0.00024000185938115022,-0.30373579379360827,0.004416704532219112
1.508,0.0,0.00024453884792413855,-0.3037713399135777,0.0045586418928838775
1.5090000000000001,0.0,0.0002485846737844385,-0.30380684131202584,0.004701478538761225
1.51,0.0,0.00025213684485565963,-0.3038422965877956,0.0048451633987259685
1.5110000000000001,0.0,0.0002551937942143218,-0.30387770433141553,0.0049896451513617365
1.512,0.0,0.0002577548737720732,-0.30391306312560384,0.005134872244354714
1.5130000000000001,0.0,0.0002598203463151893,-0.3039483715457745,0.005280792913824579
1.514,0.0,0.0002613913759619195,-0.3039836281605455,0.005427355203590866
1.5150000000000001,0.0,0.0002624700170708284,-0.30401883153224935,0.00557450698437283
1.516,0.0,0.0002630592016357757,-0.30405398021744445,0.005722195972920931
1.5170000000000001,0.0,0.00026316272520558227,-0.304089072767429,0.005870369751077917
1.518,0.0,0.00026278523136874515,-0.30412410772875553,0.0060189757847674535
1.5190000000000001,0.0,0.00026193219484577605,-0.30415908364374683,0.006167961442908183
1.52,0.0,0.00026060990323385736,-0.3041939990510128,0.00631727401625099
1.5210000000000001,0.0,0.00025882543745052124,-0.3042288524859681,0.006466860736137315
1.522,0.0,0.00025658665092496557,-0.30426364248135035,0.00661666879317612
1.5230000000000001,0.0,0.00025390214758742164,-0.3042983675677389,0.00676664535583723
1.524,0.0,0.0002507812587086785,-0.3043330262740721,0.006916737681064952
1.5250000000000001,0.0,0.0002472340186434482,-0.30436761712815724,0.007066893626642376
1.526,0.0,0.0002432711395327209,-0.3044021386571725,0.007217062262764338
1.5270000000000001,0.0,0.00023890398502160852,-0.3044365893881647,0.007367193980581637
1.528,0.0,0.00023414454305041043,-0.30447096784853594,0.007517240467481223
1.5290000000000001,0.0,0.00022900539777774844,-0.30450527256651805,0.00766715468275844
1.53,0.0,0.00022349970069561817,-0.3045395020716341,0.007816890833675972
1.5310000000000001,0.0,0.00021764114099708038,-0.3045736548951479,0.007966404351904216
1.532,0.0,0.00021144391525807594,-0.3046077295705017,0.00811565187033781
1.5330000000000001,0.0,0.00020492269649548665,-0.3046417246337415,0.008264591200283148
1.534,0.0,0.00019809260266408425,-0.30467563862393154,0.008413181309011772
1.5350000000000001,0.0,0.00019096916465540946,-0.304709470083557,0.008561382297674554
1.536,0.0,0.0001835682938619045,-0.30474321755891576,0.008709155379571686
1.537,0.0,0.00017590624936978538,-0.3047768796004993,0.008856462858773489
1.538,0.0,0.0001679996048441853,-0.3048104547633628,0.009003268109087196
1.539,0.0,0.00015986521517003018,-0.30484394160748474,0.009149535553364821
1.54,0.0,0.00015152018291192097,-0.3048773386981163,0.009295230643147369
1.541,0.0,0.00014298182465599825,-0.3049106446061206,0.009440319838640653
1.542,0.0,0.00013426763729635285,-0.3049438579083023,0.009584770589018014
1.543,0.0,0.00012539526432802544,-0.304976977187727,0.009728551313045385
1.544,0.0,0.00011638246220800804,-0.3050100010340315,0.00987163138002409
1.545,0.0,0.00010724706684492585,-0.3050429280437248,0.010013981091046871
1.546,0.0,9.800696027723884e-05,-0.30507575682047966,0.010155571660562721
1.547,0.0,8.868003759886381e-05,-0.3051084859754154,0.010296375198246083
1.548,0.0,7.928417419007984e-05,-0.3051411141273718,0.01043636469116608
1.549,0.0,6.98371933104476e-05,-0.30517363990317464,0.0105755139862515
1.55,0.0,6.035683410924861e-05,-0.3052060619378923,0.010713797773047238
1.551,0.0,5.086072010763602e-05,-0.30523837887508465,0.01085119156675804
1.552,0.0,4.136632820528947e-05,-0.30527058936704343,0.010987671691575402
1.553,0.0,3.1890958262884524e-05,-0.305302692075025,0.011123215264283517
1.554,0.0,2.245170331012622e-05,-0.30533468566947486,0.01125780017814022
1.555,0.0,1.3065420427460373e-05,-0.30536656883024516,0.01139140508702897
1.556,0.0,3.748702347868858e-06,-0.3053983402468041,0.011524009389877873
1.557,0.0,-5.482150176620052e-06,-0.3054299986184386,0.011655593215341908
1.558,0.0,-1.4611155200914176e-05,-0.30546154265444925,0.011786137406744442
1.559,0.0,-2.3622675564439125e-05,-0.30549297107433865,0.011915623507274301
1.56,0.0,-3.250144398137995e-05,-0.3055242826079927,0.012044033745434576
1.561,0.0,-4.1232587206649415e-05,-0.3055554759958552,0.01217135102073953
1.562,0.0,-4.98016492427027e-05,-0.30558654998909585,0.012297558889655868
1.563,0.0,-5.8194613554415064e-05,-0.30561750334977167,0.012422641551784826
1.564,0.0,-6.639792426137426e-05,-0.3056483348509823,0.012546583836281457
1.565,0.0,-7.439850627910943e-05,-0.30567904327701906,0.01266937118850763
1.566,0.0,-8.218378438297904e-05,-0.3057096274235079,0.012790989656915233
1.567,0.0,-8.974170117066636e-05,-0.3057400860975462,0.012911425880156174
1.568,0.0,-9.70607339014795e-05,-0.3057704181178345,0.013030667074415763
1.569,0.0,-0.00010412991019291856,-0.3058006223148016,0.01314870102096611
1.57,0.0,-0.00011093882255725079,-0.3058306975307247,0.013265516053936353
1.571,0.0,-0.00011747764176312261,-0.30586064261984414,0.013381101048296259
1.572,0.0,-0.00012373712900952887,-0.3058904564484723,0.01349544540805015
1.573,0.0,-0.0001297086469017524,-0.305920137895098,0.013608539054637898
1.574,0.0,-0.00013538416922117513,-0.30594968585048526,0.013720372415539852
1.575,0.0,-0.00014075628948314266,-0.30597909921776734,0.013830936413082627
1.576,0.0,-0.0001458182282793325,-0.3060083769125358,0.013940222453442676
1.577,0.0,-0.0001505638394033286,-0.30603751786292493,0.01404822241584466
1.578,0.0,-0.00015498761476033656,-0.3060665210096914,0.014154928641951604
1.579,0.0,-0.00015908468806418317,-0.3060953853062895,0.014260333925443918
1.58,0.0,-0.00016285083732692337,-0.3061241097189417,0.0143644315017844
1.581,0.0,-0.00016628248614852805,-0.3061526932267052,0.014467215038166344
1.582,0.0,-0.00016937670381623945,-0.3061811348215339,0.014568678623641923
1.583,0.0,-0.00017213120422525708,-0.3062094335083365,0.014668816759428091
1.584,0.0,-0.00017454434363445078,-0.3062375883050304,0.014767624349387243
1.585,0.0,-0.0001766151172727859,-0.3062655982425915,0.014865096690679895
1.586,0.0,-0.0001783431548140857,-0.3062934623651004,0.014961229464586775
1.587,0.0,-0.000179728714739645,-0.3063211797297849,0.015056018727497619
1.588,0.0,-0.00018077267761004346,-0.3063487494070583,0.015149460902064116
1.589,0.0,-0.00018147653826928325,-0.3063761704805547,0.0152415527685144
1.59,0.0,-0.00018184239700609435,-0.30640344204716036,0.0153322914561266
1.591,0.0,-0.00018187294969890426,-0.3064305632170417,0.015421674434858899
1.592,0.0,-0.0001815714769725601,-0.30645753311367036,0.015509699507133674
1.593,0.0,-0.00018094183239641338,-0.30648435087384424,0.01559636479977328
1.594,0.0,-0.00017998842975483156,-0.30651101564770605,0.01568166875608506
1.595,0.0,-0.00017871622942258386,-0.30653752659875844,0.01576561012809324
1.596,0.0,-0.0001771307238788579,-0.306563882903876,0.015848187968915385
1.597,0.0,-0.00017523792239489922,-0.3065900837533145,0.01592940162528107
1.598,0.0,-0.00017304433493142474,-0.30661612835071717,0.01600925073019054
1.599,0.0,-0.00017055695528304295,-0.3066420159131182,0.016087735195711113
1.6,0.0,-0.00016778324350791646,-0.30666774567094335,0.016164855205909122
1.601,0.0,-0.00016473110768182536,-0.30669331686800816,0.016240611209915184
1.602,0.0,-0.00016140888501663345,-0.3067187287615132,0.01631500391512073
1.603,0.0,-0.00015782532238391934,-0.30674398062203706,0.016388034280503585
1.604,0.0,-0.00015398955628521501,-0.3067690717335269,0.016459703510080585
1.605,0.0,-0.00014991109231089043,-0.3067940013932863,0.016530013046485135
1.606,0.0,-0.0001455997841302377,-0.30681876891196097,0.016598964564667727
1.607,0.0,-0.00014106581205574,-0.30684337361352226,0.016666559965717337
1.608,0.0,-0.00013631966122485886,-0.3068678148352483,0.0167328013708018
1.609,0.0,-0.00013137209944294042,-0.3068920919277028,0.01679769111522523
1.61,0.0,-0.00012623415473102535,-0.3069162042547123,0.01686123174260051
1.611,0.0,-0.00012091709262244958,-0.30694015119334084,0.016923425999134968
1.612,0.0,-0.00011543239325214446,-0.30696393213386286,0.01698427682802746
1.613,0.0,-0.00010979172828248645,-0.30698754647973414,0.017043787363974924
1.614,0.0,-0.00010400693770940796,-0.3070109936475609,0.017101960927786642
1.615,0.0,-9.809000659226458e-05,-0.307034273067067,0.017158801021104488
1.616,0.0,-9.205304175066007e-05,-0.3070573841810594,0.01721431132122723
1.617,0.0,-8.590824847106106e-05,-0.30708032644539185,0.017268495676037346
1.618,0.0,-7.96679072655893e-05,-0.30710309932892715,0.017321358099028593
1.619,0.0,-7.334435072486225e-05,-0.30712570231349734,0.017372902764432513
1.62,0.0,-6.694994050616481e-05,-0.3071481348938627,0.017423134002442428
1.621,0.0,-6.049704449757734e-05,-0.3071703965776691,0.017472056294533158
1.622,0.0,-5.399801419795987e-05,-0.3071924868854036,0.01751967426887485
1.623,0.0,-4.746516235190182e-05,-0.30721440535034933,0.01756599269583941
1.624,0.0,-4.0910740877892306e-05,-0.30723615151853795,0.017611016483597905
1.625,0.0,-3.4346919127050605e-05,-0.3072577249487018,0.01765475067380743
1.6260000000000001,0.0,-2.7785762508781992e-05,-0.3072791252122239,0.017697200437385888
1.627,0.0,-2.1239211518693044e-05,-0.3073003518930872,0.017738371070373224
1.6280000000000001,0.0,-1.47190612030152e-05,-0.3073214045878224,0.01777826798987764
1.629,0.0,-8.236941092648485e-06,-0.3073422829054548,0.01781689673010532
1.6300000000000001,0.0,-1.8042956387512846e-06,-0.30736298646744936,0.017854262938472185
1.631,0.0,4.5676348194304514e-06,-0.3073835149076557,0.017890372371796418
1.6320000000000001,0.0,1.0867832525077288e-05,-0.307403867872251,0.017925230892570195
1.633,0.0,1.7085520184553547e-05,-0.30742404501968257,0.017958844465309355
1.6340000000000001,0.0,2.3210178231662837e-05,-0.30744404602060904,0.01799121915297968
1.635,0.0,2.923156145004759e-05,-0.3074638705578407,0.018022361113498392
1.6360000000000001,0.0,3.513971492980126e-05,-0.307483518326279,0.018052276596309553
1.637,0.0,4.092498933581435e-05,-0.3075029890328551,0.018080971939032187
1.6380000000000001,0.0,4.657805546685433e-05,-0.30752228239646734,0.018108453564179717
1.639,0.0,5.2089918085882324e-05,-0.30754139814791825,0.018134727975949585
1.6400000000000001,0.0,5.745192900363238e-05,-0.30756033602985056,0.018159801757081775
1.641,0.0,6.265579939902018e-05,-0.30757909579668236,0.018183681565784964
1.6420000000000001,0.0,6.769361136150342e-05,-0.3075976772145418,0.018206374132729238
1.643,0.0,7.255782864208323e-05,-0.3076160800612007,0.01822788625810413
1.6440000000000001,0.0,7.724130660121187e-05,-0.30763430412600795,0.018248224808740783
1.645,0.0,8.173730134345344e-05,-0.3076523492098217,0.01826739671529716
1.6460000000000001,0.0,8.603947803032861e-05,-0.30767021512494147,0.018285408969505177
1.647,0.0,9.014191836435878e-05,-0.3076879016950393,0.018302268621478608
1.6480000000000001,0.0,9.403912723890581e-05,-0.3077054087550905,0.01831798277708077
1.649,0.0,9.772603854997938e-05,-0.3077227361513038,0.018332558595350705
1.6500000000000001,0.0,0.00010119802016774997,-0.3077398837410509,0.018346003285987122
1.651,0.0,0.0001044508780670611,-0.30775685139279574,0.01835832410688879
1.6520000000000001,0.0,0.00010748085961777501,-0.30777363898602317,0.018369528361750452
1.653,0.0,0.00011028465603731058,-0.3077902464111671,0.018379623397713322
1.6540000000000001,0.0,0.00011285940400923613,-0.30780667356953834,0.018388616603069063
1.655,0.0,0.00011520268647326324,-0.307822920373252,0.01839651540501633
1.6560000000000001,0.0,0.00011731253259344518,-0.3078389867451546,0.01840332726746895
1.657,0.0,0.00011918741691281492,-0.3078548726187506,0.018409059688914677
1.6580000000000001,0.0,0.00012082625770409984,-0.3078705779381289,0.01841372020032373
1.659,0.0,0.00012222841452752027,-0.3078861026578887,0.01841731636310612
1.6600000000000001,0.0,0.000123393685008016,-0.30790144674306524,0.018419855767116904
1.661,0.0,0.00012432230084554567,-0.3079166101690555,0.0184213460287084
1.6620000000000001,0.0,0.00012501492307336683,-0.3079315929215431,0.018421794788828584
1.663,0.0,0.00012547263658042816,-0.30794639499642323,0.018421209711164833
1.6640000000000001,0.0,0.00012569694391518642,-0.3079610163997278,0.018419598480331985
1.665,0.0,0.00012568975838929972,-0.3079754571475494,0.018416968800104114
1.666,0.0,0.00012545339650074164,-0.3079897172659662,0.018413328391689084
1.667,0.0,0.00012499056969692763,-0.30800379679096573,0.01840868499204501
1.668,0.0,0.0001243043754994441,-0.30801769576836907,0.01840304635223806
1.669,0.0,0.00012339828801292017,-0.3080314142537548,0.01839642023584052
1.67,0.0,0.00012227614784148105,-0.30804495231238266,0.018388814417368612
1.671,0.0,0.00012094215143706908,-0.3080583100191173,0.01838023668075915
1.672,0.0,0.00011940083990471348,-0.30807148745835194,0.018370694817884416
1.673,0.0,0.00011765708729057032,-0.30808448472393163,0.01836019662710438
1.674,0.0,0.00011571608837924106,-0.3080973019190769,0.018348749911855672
1.675,0.0,0.00011358334602750897,-0.3081099391563072,0.01833636247927653
1.676,0.0,0.00011126465806220854,-0.30812239655736406,0.018323042138867072
1.677,0.0,0.00010876610377046184,-0.30813467425313473,0.018308796701184182
1.678,0.0,0.00010609403001097877,-0.30814677238357524,0.018293633976570307
1.679,0.0,0.0001032550369755234,-0.308158691097634,0.018277561773915586
1.68,0.0,0.0001002559636299972,-0.3081704305531749,0.01826058789945262
1.681,0.0,9.710387286488144e-05,-0.3081819909169009,0.018242720155583154
1.682,0.0,9.380603638501492e-05,-0.3081933723642775,0.018223966339736226
1.683,0.0,9.036991936886058e-05,-0.3082045750794561,0.01820433424325701
1.684,0.0,8.680316492753492e-05,-0.3082155992551975,0.0181838316503258
1.685,0.0,8.31135783939378e-05,-0.3082264450927957,0.01816246633690653
1.686,0.0,7.930911147232896e-05,-0.3082371128020015,0.018140246069724288
1.687,0.0,7.539784627864927e-05,-0.30824760260094636,0.01811717860527114
1.688,0.0,7.138797930178319e-05,-0.30825791471606623,0.01809327168883979
1.689,0.0,6.728780531580248e-05,-0.3082680493820257,0.01806853305358452
1.69,0.0,6.310570127302148e-05,-0.30827800684164186,0.018042970419608735
1.691,0.0,5.88501102074328e-05,-0.308287787345809,0.018016591493078788
1.692,0.0,5.452952517777891e-05,-0.30829739115342253,0.017989403965363283
1.693,0.0,5.0152473279151665e-05,-0.308306818531304,0.01796141551219762
1.694,0.0,4.572749975159965e-05,-0.3083160697541254,0.017932633792873024
1.695,0.0,4.1263152213762503e-05,-0.30832514510433434,0.017903066449449716
1.696,0.0,3.676796504904482e-05,-0.30833404487207033,0.017872721288181192
1.697,0.0,3.225044397129027e-05,-0.30834276935505056,0.017841607057671828
1.698,0.0,2.7719050796320648e-05,-0.3083513188584659,0.01780973384200165
1.699,0.0,2.3182188445067086e-05,-0.3083596936948826,0.017777113075711098
1.7,0.0,1.864818620334205e-05,-0.30836789418413324,0.017743757496166048
1.701,0.0,1.4125285262583477e-05,-0.308375920653195,0.017709681096408855
1.702,0.0,9.621624565147838e-06,-0.3083837734360556,0.017674899078494313
1.703,0.0,5.1452269769388665e-06,-0.3083914528735669,0.017639427807309854
1.704,0.0,7.039858093348694e-07,-0.3083989593132874,0.017603284764879292
1.705,0.0,-3.6943482884780275e-06,-0.3084062931093136,0.017566488505149455
1.706,0.0,-8.04218004654499e-06,-0.30841345462210046,0.017529058609259407
1.707,0.0,-1.2332081881245924e-05,-0.308420444218272,0.017491015641291883
1.708,0.0,-1.6556805774095012e-05,-0.3084272622704223,0.017452381104506767
1.709,0.0,-2.0709294704832103e-05,-0.30843390915690655,0.017413177398056513
1.71,0.0,-2.4782693622387765e-05,-0.3084403852616242,0.01737342777418354
1.711,0.0,-2.8770359938310125e-05,-0.3084466909737928,0.017333156295899793
1.712,0.0,-3.2665873528265895e-05,-0.30845282668771423,0.017292387795148634
1.713,0.0,-3.646304622826843e-05,-0.30845879280253347,0.017251147831449456
1.714,0.0,-4.0155930813340004e-05,-0.30846458972198965,0.017209462651025405
1.715,0.0,-4.373882944738181e-05,-0.30847021785416084,0.01716735914641473
1.716,0.0,-4.720630159410146e-05,-0.30847567761120215,0.01712486481656644
1.717,0.0,-5.0553171379931536e-05,-0.3084809694090778,0.01708200772742086
1.718,0.0,-5.3774534400962715e-05,-0.30848609366728796,0.017038816472975896
1.719,0.0,-5.6865763967008306e-05,-0.30849105080858963,0.016995320136839857
1.72,0.0,-5.98225167770121e-05,-0.3084958412587134,0.016951548254271726
1.721,0.0,-6.264073802110638e-05,-0.30850046544607523,0.016907530774709866
1.722,0.0,-6.531666590571923e-05,-0.3085049238014846,0.01686329802479017
1.723,0.0,-6.784683559921845e-05,-0.3085092167578482,0.016818880671854806
1.724,0.0,-7.022808259666131e-05,-0.3085133447498711,0.016774309687952647
1.725,0.0,-7.245754550329317e-05,-0.30851730821375406,0.01672961631433267
1.726,0.0,-7.453266823750159e-05,-0.30852110758688883,0.0166848320264314
1.727,0.0,-7.645120165498434e-05,-0.30852474330755053,0.016639988499355895
1.728,0.0,-7.821120459692823e-05,-0.3085282158145886,0.01659511757386348
1.729,0.0,-7.981104436601779e-05,-0.30853152554711555,0.01655025122283959
1.73,0.0,-8.12493966350992e-05,-0.3085346729441948,0.016505421518275113
1.731,0.0,-8.252524479431088e-05,-0.3085376584445272,0.0164606605987447
1.732,0.0,-8.363787874345909e-05,-0.308540482486137,0.016416000637387428
1.733,0.0,-8.458689313736091e-05,-0.30854314550605766,0.016371473810391234
1.734,0.0,-8.537218509279818e-05,-0.30854564794001693,0.01632711226598272
1.735,0.0,-8.599395136662159e-05,-0.308547990222123,0.016282948093923652
1.736,0.0,-8.645268501541413e-05,-0.3085501727845505,0.016239013295515733
1.737,0.0,-8.674917154796491e-05,-0.30855219605722783,0.01619533975411515
1.738,0.0,-8.688448458261754e-05,-0.3085540604675253,0.01615195920615825
1.739,0.0,-8.685998102234028e-05,-0.3085557664399448,0.016108903212700042
1.74,0.0,-8.667729576111705e-05,-0.3085573143958111,0.01606620313146681
1.741,0.0,-8.633833593597774e-05,-0.30855870475296515,0.016023890089424342
1.742,0.0,-8.584527473967276e-05,-0.3085599379254597,0.015981994955863332
1.743,0.0,-8.520054480964848e-05,-0.30856101432325733,0.015940548316003257
1.744,0.0,-8.44068312095976e-05,-0.308561934351931,0.01589958044511615
1.745,0.0,-8.346706402043932e-05,-0.3085626984123682,0.015859121283171736
1.746,0.0,-8.238441055812907e-05,-0.30856330690047773,0.0158192004100052
1.747,0.0,-8.1162267236205e-05,-0.30856376020690035,0.01577984702100888
1.748,0.0,-7.980425109144818e-05,-0.30856405871672316,0.015741089903349346
1.749,0.0,-7.831419099146507e-05,-0.3085642028091977,0.015702957412710855
1.75,0.0,-7.669611854339385e-05,-0.3085641928574628,0.015665477450566605
1.7510000000000001,0.0,-7.495425872329031e-05,-0.3085640292282709,0.01562867744197883
1.752,0.0,-7.309302024606376e-05,-0.30856371228172036,0.015592584313928865
1.7530000000000001,0.0,-7.111698569610899e-05,-0.30856324237099125,0.015557224474178323
1.754,0.0,-6.90309014390163e-05,-0.30856261984208727,0.015522623790662287
1.7550000000000001,0.0,-6.683966733493814e-05,-0.3085618450335823,0.015488807571415504
1.756,0.0,-6.4548326274348e-05,-0.30856091827637283,0.015455800545032544
1.7570000000000001,0.0,-6.216205355704447e-05,-0.30855983989343566,0.015423626841662692
1.758,0.0,-5.968614613533219e-05,-0.30855861019959185,0.015392309974540348
1.7590000000000001,0.0,-5.7126011742350766e-05,-0.30855722950127645,0.0153618728220517
1.76,0.0,-5.448715792652327e-05,-0.3085556980963145,0.015332337610338219
1.7610000000000001,0.0,-5.1775181013058985e-05,-0.30855401627370355,0.015303725896437657
1.762,0.0,-4.899575501336934e-05,-0.30855218431340237,0.01527605855196296
1.7630000000000001,0.0,-4.615462050314369e-05,-0.3085502024861268,0.015249355747319539
1.764,0.0,-4.325757348968232e-05,-0.3085480710531522,0.015223636936461275
1.7650000000000001,0.0,-4.0310454288898524e-05,-0.3085457902661229,0.015198920842185522
1.766,0.0,-3.73191364321811e-05,-0.3085433603668691,0.015175225441967224
1.7670000000000001,0.0,-3.428951562305305e-05,-0.3085407815872306,0.01515256795433239
1.768,0.0,-3.122749876327323e-05,-0.3085380541488885,0.015130964825770789
1.7690000000000001,0.0,-2.813899306770536e-05,-0.30853517826320404,0.01511043171818794
1.77,0.0,-2.502989528692488e-05,-0.30853215413106516,0.015090983496896164
1.7710000000000001,0.0,-2.19060810561486e-05,-0.3085289819427413,0.015072634219144456
1.772,0.0,-1.8773394388656964e-05,-0.30852566187774555,0.015055397123186902
1.7730000000000001,0.0,-1.563763733143435e-05,-0.30852219410470516,0.015039284617889163
1.774,0.0,-1.2504559800280513e-05,-0.3085185787812401,0.015024308272872515
1.7750000000000001,0.0,-9.379849611147413e-06,-0.30851481605385,0.015010478809194875
1.776,0.0,-6.269122723930904e-06,-0.308510906057809,0.014997806090568026
1.7770000000000001,0.0,-3.177913714397913e-06,-0.30850684891706953,0.014986299115110298
1.778,0.0,-1.116664893575123e-07,-0.3085026447441741,0.014975966007633786
1.7790000000000001,0.0,2.9242747404096497e-06,-0.30849829364017606,0.014966814012465055
1.78,0.0,5.924674215563658e-06,-0.30849379569456864,0.014958849486798272
1.7810000000000001,0.0,8.88441309869326e-06,-0.30848915098522306,0.014952077894579514
1.782,0.0,1.1798497647265003e-05,-0.30848435957833503,0.014946503800920972
1.7830000000000001,0.0,1.4662067077087316e-05,-0.30847942152838037,0.014942130867043582
1.784,0.0,1.747040110502668e-05,-0.30847433687807924,0.014938961845746598
1.7850000000000001,0.0,2.0218927160410047e-05,-0.3084691056583696,0.014936998577402433
1.786,0.0,2.2903227255257165e-05,-0.30846372788838927,0.014936241986475059
1.7870000000000001,0.0,2.5519044504206734e-05,-0.30845820357546716,0.014936692078560078
1.788,0.0,2.8062289285730187e-05,-0.3084525327151237,0.01493834793794452
1.7890000000000001,0.0,3.052904503696481e-05,-0.30844671529107975,0.014941207725684299
1.79,0.0,3.2915573675242434e-05,-0.30844075127527526,0.014945268678197104
1.7910000000000001,0.0,3.521832064013972e-05,-0.30843464062789655,0.014950527106368483
1.792,0.0,3.743391955062959e-05,-0.30842838329741273,0.014956978395168631
1.793,0.0,3.9559196472669424e-05,-0.30842197922062137,0.014964617003777431
1.794,0.0,4.15911737933184e-05,-0.308415428322703,0.014973436466215025
1.795,0.0,4.352707369823313e-05,-0.3084087305172852,0.014983429392475258
1.796,0.0,4.536432125014522e-05,-0.30840188570651483,0.014994587470158994
1.797,0.0,4.710054706667634e-05,-0.30839489378114043,0.015006901466604394
1.798,0.0,4.87335895965932e-05,-0.3083877546206028,0.015020361231511055
1.799,0.0,5.026149699434635e-05,-0.30838046809313496,0.01503495570005467
1.8,0.0,5.1682528593471014e-05,-0.30837303405587096,0.015050672896488999
1.801,0.0,5.299515598015388e-05,-0.3083654523549638,0.015067499938231591
1.802,0.0,5.4198063668986246e-05,-0.30835772282571194,0.015085423040429655
1.803,0.0,5.5290149383629274e-05,-0.30834984529269494,0.01510442752100242
1.804,0.0,5.6270523945810615e-05,-0.30834181956991785,0.015124497806156144
1.805,0.0,5.713851077675209e-05,-0.3083336454609642,0.015145617436367711
1.806,0.0,5.78936450157941e-05,-0.30832532275915775,0.01516776907283291
1.807,0.0,5.853567226163331e-05,-0.3083168512477331,0.015190934504375012
1.808,0.0,5.906454694222455e-05,-0.3083082307000144,0.015215094654809417
1.809,0.0,5.948043032001491e-05,-0.3082994608796028,0.015240229590759923
1.81,0.0,5.978368813977689e-05,-0.30829054154057256,0.01526631852992195
1.811,0.0,5.997488792688691e-05,-0.30828147242767484,0.015293339849768068
1.812,0.0,6.0054795944455024e-05,-0.3082722532765504,0.015321271096691064
1.813,0.0,6.0024373818250334e-05,-0.30826288381394984,0.015350088995579401
1.814,0.0,5.988477483888338e-05,-0.3082533637579626,0.01537976945982022
1.815,0.0,5.9637339951201404e-05,-0.30824369281825303,0.015410287601724448
1.816,0.0,5.9283593441323786e-05,-0.30823387069630515,0.015441617743368845
1.817,0.0,5.8825238332192665e-05,-0.30822389708567455,0.015473733427849417
1.818,0.0,5.826415149893724e-05,-0.30821377167224834,0.015506607430940652
1.819,0.0,5.760237851574876e-05,-0.3082034941345122,0.0155402117731548
1.82,0.0,5.684212824633671e-05,-0.30819306414382525,0.015574517732195476
1.821,0.0,5.5985767190384e-05,-0.3081824813647017,0.015609495855799406
1.822,0.0,5.503581359874082e-05,-0.3081717454551004,0.015645115974960405
1.823,0.0,5.3994931370391426e-05,-0.30816085606672033,0.01568134721752925
1.824,0.0,5.286592374449692e-05,-0.308149812845304,0.01571815802218308
1.825,0.0,5.165172680105806e-05,-0.30813861543094706,0.015755516152757915
1.826,0.0,5.0355402783956736e-05,-0.3081272634584144,0.015793388712937624
1.827,0.0,4.898013326032163e-05,-0.3081157565574631,0.015831742161292572
1.828,0.0,4.752921213032349e-05,-0.3081040943531714,0.015870542326661165
1.829,0.0,4.600603850163778e-05,-0.30809227646627385,0.015909754423867245
1.83,0.0,4.441410944291769e-05,-0.30808030251350266,0.01594934306976625
1.831,0.0,4.275701263069851e-05,-0.30806817210793447,0.015989272299612854
1.832,0.0,4.1038418904205014e-05,-0.3080558848593432,0.016029505583742797
1.833,0.0,3.926207474255796e-05,-0.30804344037455833,0.016070005844561377
1.834,0.0,3.743179467887247e-05,-0.3080308382578282,0.016110735473830996
1.835,0.0,3.555145366571255e-05,-0.30801807811118886,0.01615165635025007
1.836,0.0,3.36249794063104e-05,-0.30800515953483787,0.016192729857315454
1.837,0.0,3.165634466587848e-05,-0.3079920821275126,0.016233916901460393
1.838,0.0,2.96495595772359e-05,-0.3079788454868736,0.016275177930459968
1.839,0.0,2.760866395483962e-05,-0.307965449209892,0.016316472952095828
1.84,0.0,2.553771963115546e-05,-0.3079518928932415,0.01635776155307191
1.841,0.0,2.3440802829124397e-05,-0.30793817613369445,0.016399002918172763
1.842,0.0,2.1321996584277038e-05,-0.30792429852852155,0.016440155849655892
1.843,0.0,1.918538322982371e-05,-0.3079102596758954,0.01648117878686959
1.844,0.0,1.7035036957800093e-05,-0.30789605917529783,0.016522029826087456
1.845,0.0,1.4875016469079558e-05,-0.30788169662792997,0.016562666740550767
1.846,0.0,1.2709357724773663e-05,-0.30786717163712607,0.016603047000709883
1.847,0.0,1.0542066811232926e-05,-0.3078524838087697,0.016643127794655457
1.848,0.0,8.377112930531105e-06,-0.30783763275171294,0.016682866048730545
1.849,0.0,6.21842152796925e-06,-0.30782261807819833,0.016722218448314233
1.85,0.0,4.0698675677709994e-06,-0.3078074394042824,0.01676114145876758
1.851,0.0,1.9352689677591775e-06,-0.307792096350262,0.0167995913465324
1.852,0.0,-1.8161979659357433e-07,-0.30777658854110235,0.016837524200373568
1.853,0.0,-2.277113908759745e-06,-0.3077609156068665,0.01687489595275504
1.854,0.0,-4.34760423884353e-06,-0.3077450771831383,0.016911662538482242
1.855,0.0,-6.389563173244687e-06,-0.3077290729114121,0.01694778058222586
1.856,0.0,-8.399550237637216e-06,-0.30771290243947974,0.016983208029816933
1.857,0.0,-1.0374217505063533e-05,-0.3076965654218378,0.01701790424691769
1.858,0.0,-1.231031478141839e-05,-0.30768006152008853,0.017051829989777664
1.859,0.0,-1.4204694561079606e-05,-0.30766339040332696,0.01708494737648198
1.86,0.0,-1.6054316745934066e-05,-0.30764655174851485,0.017117219858684658
1.861,0.0,-1.7856253121546086e-05,-0.3076295452408411,0.017148612193819735
1.862,0.0,-1.9607691584720475e-05,-0.30761237057406937,0.01717909041778329
1.863,0.0,-2.130594011722323e-05,-0.3075950274508733,0.017208621818079348
1.864,0.0,-2.2948430500937868e-05,-0.3075775155831589,0.017237174907422836
1.865,0.0,-2.4532721770254053e-05,-0.3075598346923751,0.017264719397792953
1.866,0.0,-2.6056503398006188e-05,-0.3075419845098126,0.017291226174930074
1.867,0.0,-2.7517598211802313e-05,-0.3075239647768909,0.017316667273269786
1.868,0.0,-2.891396503810684e-05,-0.30750577524543393,0.017341015851307505
1.869,0.0,-3.0243701071963407e-05,-0.30748741567793475,0.017364246167387232
1.87,0.0,-3.150504397076561e-05,-0.30746888584780946,0.01738633355590811
1.871,0.0,-3.2696373671002506e-05,-0.30745018553964015,0.017407254403942602
1.872,0.0,-3.381621392742174e-05,-0.30743131454940786,0.017426986128260068
1.873,0.0,-3.486323357456497e-05,-0.30741227268471516,0.01744550715274967
1.874,0.0,-3.583624751113715e-05,-0.30739305976499876,0.017462796886236566
1.875,0.0,-3.6734217408171995e-05,-0.3073736756217325,0.017478835700685584
1.8760000000000001,0.0,-3.7556252142450396e-05,-0.307354120098621,0.01749360490978631
1.877,0.0,-3.8301607957114954e-05,-0.30733439305178356,0.01750708674791407
1.8780000000000001,0.0,-3.8969688351902157e-05,-0.3073144943499295,0.01751926434946087
1.879,0.0,-3.956004370588277e-05,-0.3072944238745243,0.017530121728530915
1.8800000000000001,0.0,-4.0072370636060104e-05,-0.3072741815199473,0.017539643758994902
1.881,0.0,-4.050651109562425e-05,-0.3072537671936405,0.017547816154897852
1.8820000000000001,0.0,-4.086245121609757e-05,-0.3072331808162498,0.017554625451214896
1.883,0.0,-4.1140319898031414e-05,-0.30721242232175733,0.017560058984949806
1.8840000000000001,0.0,-4.134038715532669e-05,-0.3071914916576066,0.017564104876570976
1.885,0.0,-4.146306221864942e-05,-0.3071703887848195,0.017566752011779627
1.8860000000000001,0.0,-4.15088914037976e-05,-0.3071491136781059,0.01756799002360518
1.887,0.0,-4.147855575124613e-05,-0.30712766632596583,0.017567809274822724
1.8880000000000001,0.0,-4.137286844345178e-05,-0.3071060467307846,0.01756620084068761
1.889,0.0,-4.119277200684028e-05,-0.30708425490892094,0.017563156491982198
1.8900000000000001,0.0,-4.0939335305721186e-05,-0.3070622908907879,0.017558668678370033
1.891,0.0,-4.061375033568385e-05,-0.3070401547209276,0.017552730512052514
1.8920000000000001,0.0,-4.0217328824318216e-05,-0.3070178464580792,0.01754533575172351
1.893,0.0,-3.975149864737758e-05,-0.30699536617524054,0.017536478786817116
1.8940000000000001,0.0,-3.921780006875641e-05,-0.3069727139597235,0.017526154622044075
1.895,0.0,-3.861788181289415e-05,-0.3069498899132033,0.017514358862212264
1.8960000000000001,0.0,-3.7953496978436113e-05,-0.30692689415176244,0.017501087697326827
1.897,0.0,-3.722649880218408e-05,-0.3069037268059278,0.01748633788796557
1.8980000000000001,0.0,-3.6438836282552464e-05,-0.3068803880207032,0.017470106750925186
1.899,0.0,-3.559254967191043e-05,-0.306856877955596,0.01745239214513415
1.9000000000000001,0.0,-3.4689765847336224e-05,-0.3068331967846383,0.01743319245782797
1.901,0.0,-3.373269356943682e-05,-0.30680934469640303,0.017412506590982653
1.9020000000000001,0.0,-3.272361863899426e-05,-0.30678532189401536,0.01739033394800234
1.903,0.0,-3.166489896128913e-05,-0.3067611285951586,0.017366674420656956
1.9040000000000001,0.0,-3.055895952802217e-05,-0.30673676503207553,0.01734152837626596
1.905,0.0,-2.940828732680636e-05,-0.30671223145156534,0.01731489664512426
1.9060000000000001,0.0,-2.8215426188234992e-05,-0.30668752811497546,0.017286780508166327
1.907,0.0,-2.6982971580545255e-05,-0.3066626552981895,0.017257181684864828
1.9080000000000001,0.0,-2.571356536189296e-05,-0.3066376132916106,0.01722610232135983
1.909,0.0,-2.440989050023156e-05,-0.3066124024001407,0.017193544978815013
1.9100000000000001,0.0,-2.307466577074833e-05,-0.3065870229431557,0.017159512621997112
1.911,0.0,-2.1710640440752447e-05,-0.3065614752544765,0.017124008608075017
1.9120000000000001,0.0,-2.0320588951834217e-05,-0.3065357596823367,0.017087036675635013
1.913,0.0,-1.8907305609021793e-05,-0.30650987658934575,0.0170486009339085
1.9140000000000001,0.0,-1.7473599286552427e-05,-0.3064838263524493,0.01700870585220893
1.915,0.0,-1.602228815974909e-05,-0.3064576093628854,0.016967356249574364
1.9160000000000001,0.0,-1.455619447235139e-05,-0.3064312260261377,0.016924557284612386
1.917,0.0,-1.3078139348491934e-05,-0.306404676761885,0.016880314445544012
1.9180000000000001,0.0,-1.1590937658336457e-05,-0.3063779620039477,0.016834633540443403
1.919,0.0,-1.0097392946218414e-05,-0.3063510822002311,0.016787520687669966
1.92,0.0,-8.600292429896852e-06,-0.3063240378126659,0.01673898230648993
1.921,0.0,-7.102402079350831e-06,-0.3062968293171451,0.01668902510788405
1.922,0.0,-5.606461783294881e-06,-0.30626945720345883,0.016637656085538424
1.923,0.0,-4.115180611358508e-06,-0.30624192197522593,0.016584882507015425
1.924,0.0,-2.6312321796193025e-06,-0.3062142241498228,0.01653071190510172
1.925,0.0,-1.1572501269141421e-06,-0.30618636425831014,0.016475152069330323
1.926,0.0,3.0417629092293594e-07,-0.3061583428453565,0.016418211037673994
1.927,0.0,1.7505064820338254e-06,-0.30613016046915986,0.016359897088406867
1.928,0.0,3.179252668153933e-06,-0.30610181770136696,0.016300218732131652
1.929,0.0,4.587983896612697e-06,-0.30607331512698976,0.016239184703969546
1.93,0.0,5.974329908768795e-06,-0.30604465334432035,0.016176803955910136
1.931,0.0,7.3359848592528274e-06,-0.3060158329648433,0.016113085649318577
1.932,0.0,8.670710880718369e-06,-0.3059868546131462,0.016048039147597372
1.933,0.0,9.9763414891368e-06,-0.30595771892682805,0.01598167400900015
1.934,0.0,1.1250784825011543e-05,-0.305928426556406,0.01591399997959488
1.935,0.0,1.2492026726232626e-05,-0.30589897816521994,0.01584502698637383
1.936,0.0,1.3698133628642152e-05,-0.3058693744293355,0.01577476513050802
1.937,0.0,1.4867255290734568e-05,-0.3058396160374452,0.015703224680743363
1.938,0.0,1.599762733927201e-05,-0.3058097036907683,0.015630416066936426
1.939,0.0,1.708757363295364e-05,-0.3057796381029487,0.01555634987372704
1.94,0.0,1.8135508441638216e-05,-0.3057494199999515,0.015481036834345695
1.941,0.0,1.9139938438980507e-05,-0.3057190501199578,0.015404487824553234
1.942,0.0,2.0099464506703604e-05,-0.3056885292132589,0.015326713856710547
1.943,0.0,2.1012783349090653e-05,-0.3056578580421482,0.015247726073976122
1.944,0.0,2.1878688916639565e-05,-0.30562703738081237,0.015167535744629056
1.945,0.0,2.2696073638182982e-05,-0.3055960680152213,0.015086154256515518
1.946,0.0,2.3463929461132004e-05,-0.3055649507430167,0.01500359311161635
1.947,0.0,2.4181348699855548e-05,-0.30553368637339945,0.014919863920733769
1.948,0.0,2.4847524692557063e-05,-0.3055022757270163,0.014834978398295033
1.949,0.0,2.5461752267355975e-05,-0.30547071963584543,0.014748948357271053
1.95,0.0,2.6023428018622225e-05,-0.3054390189430805,0.014661785704207859
1.951,0.0,2.6532050394947905e-05,-0.3054071745030148,0.014573502434368989
1.952,0.0,2.6987219600469774e-05,-0.30537518718092344,0.014484110626986745
1.953,0.0,2.7388637311579808e-05,-0.30534305785294563,0.014393622440620478
1.954,0.0,2.7736106211377438e-05,-0.30531078740596557,0.014302050108619922
1.955,0.0,2.802952934452606e-05,-0.30527837673749286,0.0142094059346917
1.956,0.0,2.826890929547753e-05,-0.30524582675554235,0.014115702288567187
1.957,0.0,2.8454347193321025e-05,-0.3052131383785129,0.01402095160176988
1.958,0.0,2.8586041546796423e-05,-0.30518031253506606,0.013925166363480517
1.959,0.0,2.866428691328699e-05,-0.3051473501640039,0.013828359116498072
1.96,0.0,2.8689472405870894e-05,-0.30511425221414623,0.013730542453295077
1.961,0.0,2.866208004276594e-05,-0.3050810196442075,0.013631729012165337
1.962,0.0,2.8582682943746238e-05,-0.30504765342267326,0.013531931473462544
1.963,0.0,2.8451943378342972e-05,-0.3050141545276762,0.013431162555928005
1.964,0.0,2.827061067086406e-05,-0.3049805239468717,0.013329435013105928
1.965,0.0,2.8039518967478384e-05,-0.30494676267731297,0.013226761629844597
1.966,0.0,2.775958487080974e-05,-0.3049128717253263,0.013123155218881891
1.967,0.0,2.743180494767315e-05,-0.3048788521063854,0.013018628617513607
1.968,0.0,2.7057253115761442e-05,-0.3048447048449862,0.012913194684343019
1.969,0.0,2.6637077915253028e-05,-0.30481043097452093,0.012806866296110145
1.97,0.0,2.617249967146233e-05,-0.30477603153715205,0.012699656344599344
1.971,0.0,2.566480755479207e-05,-0.30474150758368634,0.012591577733623611
1.972,0.0,2.5115356544371693e-05,-0.3047068601734486,0.012482643376084327
1.973,0.0,2.4525564301878347e-05,-0.30467209037415544,0.01237286619110487
1.974,0.0,2.3896907962136008e-05,-0.3046371992617887,0.01226225910123687
1.975,0.0,2.3230920847174506e-05,-0.30460218792046934,0.01215083502973754
1.976,0.0,2.2529189110503333e-05,-0.3045670574423307,0.012038606897916934
1.977,0.0,2.1793348318415174e-05,-0.30453180892739234,0.011925587622553666
1.978,0.0,2.1025079975181143e-05,-0.3044964434834336,0.01181179011337785
1.979,0.0,2.0226107999033784e-05,-0.3044609622258672,0.011697227270619967
1.98,0.0,1.939819515585501e-05,-0.30442536627761335,0.011581911982624392
1.981,0.0,1.8543139457494504e-05,-0.3043896567689732,0.011465857123526322
1.982,0.0,1.766277053163967e-05,-0.30435383483750333,0.011349075550990927
1.983,0.0,1.6758945970141285e-05,-0.3043179016278896,0.011231580104013485
1.984,0.0,1.5833547662669523e-05,-0.30428185829182164,0.011113383600779334
1.985,0.0,1.4888478122533526e-05,-0.30424570598786765,0.010994498836582475
1.986,0.0,1.3925656811443786e-05,-0.30420944588134885,0.01087493858180167
1.987,0.0,1.2947016469931288e-05,-0.30417307914421476,0.010754715579932945
1.988,0.0,1.1954499460060075e-05,-0.30413660695491834,0.010633842545677364
1.989,0.0,1.0950054126981556e-05,-0.3041000304982917,0.010512332163082972
1.99,0.0,9.935631185779274e-06,-0.30406335096542186,0.0103901970837399
1.991,0.0,8.913180139942603e-06,-0.304026569553527,0.010267449925027481
1.992,0.0,7.88464573768708e-06,-0.303989687465833,0.010144103268412447
1.993,0.0,6.851964472208154e-06,-0.3039527059114501,0.01002016965779711
1.994,0.0,5.817061131814482e-06,-0.30391562610525047,0.009895661597916593
1.995,0.0,4.7818454057367145e-06,-0.30387844926774543,0.00977059155278405
1.996,0.0,3.748208551248541e-06,-0.30384117662496374,0.00964497194418298
1.997,0.0,2.7180201275688046e-06,-0.3038038094083299,0.009518815150205643
1.998,0.0,1.6931248018373207e-06,-0.30376634885454296,0.00939213350383666
1.999,0.0,6.753392322728771e-07,-0.3037287962054557,0.009264939291580877
2.0,0.0,-3.3355096656968564e-07,-0.30369115270795455,0.009137244752134569
2.001,0.0,-1.3317941717250926e-06,-0.3036534196138396,0.009009062075099137
2.0020000000000002,0.0,-2.317675608413021e-06,-0.30361559817970246,0.008880403680672881
2.003,0.0,-3.289520111001811e-06,-0.30357768966679216,0.008751283323717858
2.004,0.0,-4.245694784256275e-06,-0.30353969534087966,0.008621716322908007
2.005,0.0,-5.184611561007904e-06,-0.3035016164721098,0.008491719504794933
2.0060000000000002,0.0,-6.104729652613094e-06,-0.30346345433483846,0.008361311148260117
2.007,0.0,-7.0045578887967424e-06,-0.3034252102074552,0.008230510929358436
2.008,0.0,-7.882656943714158e-06,-0.3033868853721923,0.008099339866558074
2.009,0.0,-8.737641445303279e-06,-0.3033484811149202,0.0079678202663822
2.0100000000000002,0.0,-9.568181965241192e-06,-0.30330999872493025,0.007835975669457824
2.011,0.0,-1.0373006887063445e-05,-0.30327143949470553,0.00770383079697757
2.012,0.0,-1.1150904150251149e-05,-0.3032328047196795,0.007571411497580216
2.013,0.0,-1.1900722868338948e-05,-0.3031940956979839,0.007438744694656005
2.0140000000000002,0.0,-1.2621374819346057e-05,-0.30315531373018567,0.007305858334082978
2.015,0.0,-1.3311835807082375e-05,-0.30311646011901416,0.007172781332400614
2.016,0.0,-1.3971146892131548e-05,-0.30307753616907823,0.007039543525427341
2.017,0.0,-1.4598415491562527e-05,-0.30303854318657464,0.006906175617328533
2.0180000000000002,0.0,-1.5192816346669996e-05,-0.3029994824789875,0.006772709130141764
2.019,0.0,-1.5753592358291737e-05,-0.30296035535478,0.006639176353766228
2.02,0.0,-1.6280055289497007e-05,-0.30292116312307826,0.006505610296423366
2.021,0.0,-1.677158633568394e-05,-0.3028819070933481,0.006372044635595785
2.0220000000000002,0.0,-1.722763656236552e-05,-0.3028425885750654,0.006238513669451719
2.023,0.0,-1.7647727211162096e-05,-0.3028032088773798,0.0061050522687623714
2.024,0.0,-1.803144987475375e-05,-0.30276376930877347,0.005971695829319496
2.025,0.0,-1.8378466541777246e-05,-0.30272427117671374,0.005838480224860732
2.0260000000000002,0.0,-1.868850951287979e-05,-0.30268471578730205,0.005705441760510222
2.027,0.0,-1.8961381189364694e-05,-0.30264510444491766,0.005572617126742101
2.028,0.0,-1.919695373608217e-05,-0.30260543845185806,0.005440043353874536
2.029,0.0,-1.9395168620431403e-05,-0.3025657191079759,0.0053077577671019616
2.0300000000000002,0.0,-1.9556036029547452e-05,-0.3025259477103131,0.005175797942073281
2.031,0.0,-1.967963416794803e-05,-0.302486125552732,0.005044201661023714
2.032,0.0,-1.976610843811065e-05,-0.3024462539255451,0.0049130068694681036
2.033,0.0,-1.9815670506639617e-05,-0.3024063341151425,0.004782251633463393
2.0340000000000003,0.0,-1.98285972588644e-05,-0.30236636740361883,0.004651974097448065
2.035,0.0,-1.9805229644886326e-05,-0.3023263550683987,0.004522212442666239
2.036,0.0,-1.974597142025837e-05,-0.3022862983818624,0.004393004846184199
2.037,0.0,-1.9651287784643374e-05,-0.30224619861097074,0.004264389440506995
2.0380000000000003,0.0,-1.952170392194881e-05,-0.30220605701689146,0.004136404273802779
2.039,0.0,-1.935780344558107e-05,-0.30216587485462537,0.004009087270742498
2.04,0.0,-1.9160226752599075e-05,-0.30212565337263436,0.0038824761939624582
2.041,0.0,-1.8929669290675627e-05,-0.3020853938124707,0.003756608606157272
2.0420000000000003,0.0,-1.8666879741894913e-05,-0.30204509740840824,0.0036315218328105627
2.043,0.0,-1.837265812752632e-05,-0.30200476538707627,0.0035072529255707877
2.044,0.0,-1.8047853838017574e-05,-0.30196439896709554,0.0033838386262794074
2.045,0.0,-1.7693363592544434e-05,-0.30192399935871767,0.0032613153316585386
2.0460000000000003,0.0,-1.731012933253945e-05,-0.3018835677634678,0.003139719058665135
2.047,0.0,-1.6899136053698762e-05,-0.301843105373791,0.0030190854105186333
2.048,0.0,-1.646140958103332e-05,-0.3018026133727027,0.0028994495434088593
2.049,0.0,-1.5998014291589378e-05,-0.3017620929334435,0.002780846133890885
2.05,0.0,-1.551005078951254e-05,-0.3017215452191388,0.002663309346973391
2.051,0.0,-1.4998653538170007e-05,-0.301680971382463,0.002546872804906934
2.052,0.0,-1.4464988454077156e-05,-0.3016403725653098,0.0024315695566783876
2.053,0.0,-1.3910250467396976e-05,-0.3015997498984672,0.0023174320482176654
2.054,0.0,-1.3335661053794402e-05,-0.30155910450129925,0.002204492093322678
2.055,0.0,-1.2742465742432279e-05,-0.3015184374814334,0.0020927808453082924
2.056,0.0,-1.2131931604891567e-05,-0.30147774993445475,0.0019823287693849336
2.057,0.0,-1.1505344729785586e-05,-0.3014370429436066,0.0018731656157722246
2.058,0.0,-1.086400768781675e-05,-0.30139631757949853,0.001765320393552938
2.059,0.0,-1.0209236991994429e-05,-0.3013555748998212,0.0016588213452723097
2.06,0.0,-9.542360557694415e-06,-0.3013148159490693,0.001553695922287577
2.061,0.0,-8.864715167194252e-06,-0.30127404175827166,0.0014499707608724055
2.062,0.0,-8.177643943264337e-06,-0.3012332533447298,0.0013476716590806676
2.063,0.0,-7.482493836332666e-06,-0.30119245171176434,0.0012468235543738112
2.064,0.0,-6.78061312967138e-06,-0.3011516378484704,0.0011474505020158622
2.065,0.0,-6.073348966976106e-06,-0.30111081272948087,0.0010495756542398746
2.066,0.0,-5.3620449066247975e-06,-0.3010699773147393,0.000953221240189409
2.067,0.0,-4.648038506811416e-06,-0.30102913254928143,0.0008584085466384227
2.068,0.0,-3.932658945651793e-06,-0.3009882793630261,0.0007651578994926854
2.069,0.0,-3.217224680254395e-06,-0.30094741867057556,0.0006734886460756326
2.07,0.0,-2.503041148637973e-06,-0.3009065513710254,0.0005834191382013051
2.071,0.0,-1.7913985182612625e-06,-0.30086567834778427,0.0004949667160367987
2.072,0.0,-1.0835694848074404e-06,-0.30082480046840354,0.00040814769275639124
2.073,0.0,-3.808071247381345e-07,-0.300783918584417,0.00032297733998927144
2.074,0.0,3.1565719500126965e-07,-0.30074303353119075,0.000239469874062537
2.075,0.0,1.0046158468811571e-06,-0.30070214612778356,0.00015763844304088123
2.076,0.0,1.6848869091906201e-06,-0.3006612571768177,7.749511456412491e-05
2.077,0.0,2.3553160659890468e-06,-0.30062036746436027,-9.491355165092146e-07
2.078,0.0,3.0147784378022062e-06,-0.3005794777598154,-7.768443370274204e-05
2.079,0.0,3.662180340412893e-06,-0.30053858881582723,-0.00015270201861383433
2.08,0.0,4.296460969253712e-06,-0.30049770136819354,-0.00022599424995132969
2.081,0.0,4.916594007070081e-06,-0.3004568161357909,-0.000297554616664111
2.082,0.0,5.521589152684673e-06,-0.30041593382051046,-0.0003673777443142068
2.083,0.0,6.110493568860025e-06,-0.30037505510720525,-0.00043545940164405966
2.084,0.0,6.682393247423495e-06,-0.30033418066364825,-0.0005017965063462426
2.085,0.0,7.236414289987959e-06,-0.3002933111405023,-0.0005663871300368858
2.086,0.0,7.77172410277216e-06,-0.3002524471713008,-0.0006292305024343574
2.087,0.0,8.287532504196156e-06,-0.3002115893724402,-0.0006903270147450205
2.088,0.0,8.783092744099618e-06,-0.3001707383431837,-0.0007496782222581669
2.089,0.0,9.257702433603387e-06,-0.3001298946656763,-0.0008072868461525213
2.09,0.0,9.710704384807379e-06,-0.30008905890497156,-0.0008631567745169811
2.091,0.519432577254213,1.0141487359690478e-05,-0.30004823160906946,-0.0009172930625885543
2.092,0.7271856119984971,1.0866249797286768e-05,-0.30000766768561854,-0.0009686620938181799
2.093,0.9247759327723071,1.2166292962116568e-05,-0.29996759748425667,-0.001016372277691481
2.094,1.1108138497904785,1.419723081308192e-05,-0.2999281531220222,-0.0010599638095643807
2.095,1.2840539010700833,1.7102227353714844e-05,-0.2998894589819858,-0.0010990284017563887
2.096,1.443402499875127,2.101082746842915e-05,-0.2998516308793586,-0.0011332109309005421
2.097,1.5879239618320053,2.6037950037506538e-05,-0.2998147753292845,-0.0011622105825889676
2.098,1.7168448993839156,3.228304854742341e-05,-0.2997789889203462,-0.0011857814964083837
2.099,1.8295569866214125,3.982944270321873e-05,-0.29974435779672043,-0.0012037329190254414
2.1,1.9256181124373606,4.874382285281107e-05,-0.2997109572508279,-0.0012159288773369915
2.101,2.004751954281581,5.907592736481309e-05,-0.2996788514272455,-0.0012222873878060879
2.102,2.066846018458664,7.085839147609734e-05,-0.2996480931375895,-0.001222779221926043
2.103,2.1119482057667973,8.410676455699008e-05,-0.29961872378505516,-0.0012174262512626302
2.104,2.1402619732827475,9.881969124346576e-05,-0.2995907733963083,-0.0012062993986946939
2.105,2.152140174134249,0.00011497925046906004,-0.29956426075748854,-0.0011895162252880574
2.106,2.1480776671170814,0.00013255144510533222,-0.29953919365019693,-0.0011672381846846228
2.107,2.128702796952177,0.0001514868336983795,-0.29951556918251937,-0.0011396675789615953
2.108,2.094767853772479,0.00017172129467874582,-0.299493374209382,-0.0011070442516135355
2.109,2.047138627060099,0.000193176912430458,-0.29947258583585135,-0.0010696420546357616
2.11,1.9867831746846738,0.00021576297373798197,-0.2994531719963874,-0.0010277651276483053
2.111,1.9147599318907782,0.00023937706239246325,-0.2994350921025327,-0.0009817440276049252
2.112,1.8322052880668611,0.0002639062391342345,-0.2994182977510801,-0.0009319317478931315
2.113,1.7403207608720819,0.00028922829363948945,-0.29940273348440416,-0.0008786996655616177
2.114,1.6403598978256966,0.00031521305492619354,-0.29938833759437566,-0.0008224334550241446
2.115,1.5336150347839594,0.00034172374635741125,-0.2993750429610928,-0.0007635290058972824
2.116,1.421404038894831,0.0003686183713577335,-0.29936277791757,-0.0007023883816467465
2.117,1.3050571606295553,0.00039575111602763093,-0.2993514671315143,-0.0006394158544565819
2.118,1.1859041154323293,0.0004229737550374364,-0.29934103249539173,-0.0005750140502104185
2.119,1.0652615104245353,0.0004501370475022739,-0.29933139401614145,-0.0005095802356980402
2.12,0.9444207255509285,0.00047709210997557984,-0.2993224706961243,-0.0004435027781480135
2.121,0.824636351592152,0.0005036917542449228,-0.29931418139719873,-0.00037715780495365303
2.122,0.7071152797030222,0.0005297917782617779,-0.29930644568018894,-0.0003109060890225007
2.123,0.5930065286692547,0.00055525219927812,-0.2992991846124445,-0.00024509018255795644
2.124,0.4833918869491203,0.0005799384190878694,-0.2992923215366873,-0.00018003181929731755
2.125,0.3792774369359784,0.0006037223121704552,-0.29928578279488455,-0.00011602960230717787
2.126,0.28158601882941164,0.0006264832284967097,-0.29927949840147783,-5.335699140131424e-05
2.1270000000000002,0.19115068112233674,0.0006481089037732446,-0.29927340266092656,7.739398873598135e-06
2.128,0.10870915414068613,0.0006684962709594149,-0.299267434725185,6.704118291226419e-05
2.129,0.034899372635554815,0.0006875521679798644,-0.29926153908741593,0.00012435926472515715
2.13,0.0,0.0007051939376645183,-0.2992556660089463,0.00017953457371121714
2.1310000000000002,0.0,0.0007213743366366784,-0.2992497914813535,0.00023251913611721468
2.132,0.0,0.0007360780100615814,-0.2992439146755247,0.0002833619537846376
2.133,0.0,0.0007492928333019541,-0.29923803509285474,0.00033211127333334305
2.134,0.0,0.0007610095179038734,-0.2992321522552608,0.00037881274710396373
2.1350000000000002,0.0,0.0007712216003176561,-0.29922626570473526,0.0004235094962598918
2.136,0.0,0.0007799254255785822,-0.2992203750029234,0.0004662421737054077
2.137,0.0,0.0007871201260273689,-0.29921447973072535,0.0005070490268108915
2.138,0.0,0.0007928075951585608,-0.2992085794879215,0.0005459659599358132
2.1390000000000002,0.0,0.0007969924566930145,-0.29920267389282124,0.0005830265967399715
2.14,0.0,0.000799682028978407,-0.2991967625819336,0.0006182624218051675
2.141,0.0,0.0008008862848291851,-0.299190845209659,0.00065170337356937
2.142,0.0,0.0008006178069245835,-0.29918492144799547,0.0006833788294687461
2.1430000000000002,0.0,0.0007988917388902599,-0.2991789909862511,0.0007133178304385453
2.144,0.0,0.0007957257321957185,-0.29917305353076,0.0007415490836957664
2.145,0.0,0.00079113988900601,-0.299167108804601,0.0007681009655185561
2.146,0.0,0.0007851567011321987,-0.2991611565473201,0.0007930015240217919
2.1470000000000002,0.12956538950689994,0.0007778009852307625,-0.29915519651465566,0.0008162784819283173
2.148,0.20516327107129015,0.0007691818915250653,-0.29914929438662546,0.0008382305275016085
2.149,0.2846325513961522,0.0007594160472274962,-0.29914352103001685,0.000859167232225418
2.15,0.367080583783034,0.0007485984996183173,-0.2991379291690728,0.0008793139644242015
2.1510000000000002,0.4516051615364668,0.0007368277367289947,-0.2991325735210871,0.0008988963169560454
2.152,0.5373033474064641,0.0007242047261022885,-0.29912751019321604,0.000918137518560706
2.153,0.623280078241007,0.0007108319579791642,-0.2991227960788139,0.0009372559415496003
2.154,0.7086564697711004,0.0006968125017419649,-0.2991184882590482,0.0009564627271062356
2.1550000000000002,0.7925777512878281,0.0006822490840829292,-0.29911464341535104,0.0009759595477528254
2.156,0.8742207653788776,0.0006672431969367365,-0.2991113172580149,0.0009959365246892335
2.157,0.9528009737005837,0.0006518942427212575,-0.2991085639759487,0.0010165703157457013
2.158,1.0275789160206554,0.0006362987238784458,-0.2991064357122818,0.0010380223876333698
2.1590000000000003,1.097866076284697,0.0006205494831040881,-0.29910498207013503,0.0010604374840487887
2.16,1.1630301162878989,0.0006047350000079407,-0.2991042496524831,0.0010839422990129152
2.161,1.222499444489682,0.0005889387492618967,-0.29910428163960845,0.0011086443626237116
2.162,1.2757670946168824,0.0005732386245806228,-0.2991051174072017,0.0011346311441961863
2.1630000000000003,1.3223938958299344,0.0005577064321440632,-0.2991067921877027,0.001161969375575737
2.164,1.3620109233385753,0.000542407456321784,-0.2991093367770011,0.0011907045952602765
2.165,1.3943212253747395,0.0005274000998027403,-0.2991127772881349,0.0012208609118730476
2.166,1.4191008293100191,0.000512735599477943,-0.2991171349531406,0.001252440983509359
2.1670000000000003,1.4361990363628814,0.0004984578186747658,-0.2991224259737262,0.0012854262075532466
2.168,1.4455380207483657,0.00048460311560707096,-0.2991286614209633,0.0013197771137393643
2.169,1.4471117551987998,0.000471200287191453,-0.2991358471837278,0.0013554339515347064
2.17,1.4409842905270975,0.00045827058669283086,-0.2991439839651693,0.0013923174613456667
2.1710000000000003,1.4272874222012781,0.00044582781300810754,-0.29915306732605546,0.0014303298176285323
2.172,1.4062177817907624,0.00043387846877991843,-0.29916308777343087,0.0014693557307039102
2.173,1.3780333955427193,0.00042242198395841136,-0.29917403089264033,0.0015092636929543487
2.174,1.3430497562398456,0.0004114510009018022,-0.29918587752041487,0.0015499073541244141
2.1750000000000003,1.3016354578645883,0.00040095171662985656,-0.29919860395638986,0.0015911270096469628
2.176,1.2542074454177665,0.00039090427742161993,-0.29921218221013407,0.0016327511852902313
2.177,1.2012259345133758,0.00038128322058223146,-0.2992265802805098,0.0016745983009580025
2.178,1.1431890570572267,0.00037205795789549705,-0.29924176246396494,0.001716478396178819
2.179,1.0806272904712815,0.0003631932950304563,-0.2992576896881728,0.001758194899687901
2.18,1.0140977284837098,0.00035464998098225735,-0.29927431986729214,0.0017995464255341495
2.181,0.9441782515115293,0.0003463852815004661,-0.29929160827501394,0.0018403285783301603
2.182,0.8714616541473261,0.000338353570391113,-0.2993095079314931,0.0018803357506005126
2.183,0.7965497861778223,0.00033050693257141283,-0.2993279700002363,0.001919362895666731
2.184,0.7200477620198045,0.0003227957728067157,-0.2993469441910253,0.0019572072601292075
2.185,0.642558291392796,0.0003151694241658965,-0.2993663791650011,0.001993670060759224
2.186,0.5646761815623942,0.00030757675039162275,-0.29938622293811556,0.0020285580914892482
2.187,0.48698305858250357,0.0002999667365928602,-0.29940642327927275,0.002061685247177192
2.188,0.41004235165518466,0.0002922890629252823,-0.29942692809962734,0.002092873951909857
2.189,0.3343945811263761,0.0002844946562272789,-0.299447685829685,0.002121956480790971
2.19,0.26055298668384425,0.00027653621492101916,-0.2994686457810521,0.0021487761654179335
2.191,0.18899952817073748,0.00026836870286524127,-0.29948975848991044,0.0021731884745758083
2.192,0.12018128703581052,0.00025994980825462327,-0.2995109760395414,0.002195061963053791
2.193,0.05450729190318257,0.0002512403640950512,-0.2995322523594928,0.0022142790829044806
2.194,0.0,0.00024220472724003006,-0.2995535434992647,0.0022307368529054087
2.195,0.0,0.00023282356455182229,-0.2995748178656574,0.0022443889369025256
2.196,0.0,0.00022311109480284769,-0.2995960702228112,0.0022553021108538385
2.197,0.0,0.0002130883293050672,-0.299617300463704,0.0022635635692517062
2.198,0.0,0.00020277663625853858,-0.2996385085073119,0.0022692586933556738
2.199,0.0,0.00019219769822646839,-0.29965969429777234,0.002272471081705661
2.2,0.0,0.0001813734694600211,-0.2996808578035644,0.0022732825801977624
2.201,0.0,0.00017032613315221717,-0.2997019990167064,0.00227177331172779
2.202,0.0,0.0001590780586995904,-0.2997231179519706,0.00226802170540767
2.203,0.0,0.00014765175904947887,-0.2997442146461143,0.002262104525359773
2.204,0.0,0.00013606984820989238,-0.29976528915712736,0.0022540968990941842
2.205,0.0,0.00012435499899783744,-0.299786341563496,0.0022440723454739365
2.206,0.0,0.00011252990110079048,-0.29980737196348206,0.0022321028022731218
2.207,0.0,0.00010061721952469595,-0.2998283804744181,0.0022182586533328243
2.208,0.0,8.863955350043088e-05,-0.2998493672320174,0.002202608755319734
2.209,0.0,7.661939591912514e-05,-0.29987033238969907,0.0021852204640922584
2.21,0.0,6.457909336506212e-05,-0.2998912761179282,0.002166159660678966
2.211,0.0,5.254080681311023e-05,-0.2999121986035698,0.0021454907768740624
2.212,0.0,4.0526473055758e-05,-0.2999331000492577,0.0021232768204546555
2.213,0.0,2.8557766922846814e-05,-0.29995398067277673,0.0020995794000244505
2.214,0.0,1.6656064355022062e-05,-0.29997484070645897,0.002074458749488531
2.215,0.0,4.842406389759054e-06,-0.2999956803965935,0.002047973752163795
2.216,0.0,-6.862535883430063e-06,-0.30001650000284924,0.002020181964529609
2.217,0.0,-1.8438495344333014e-05,-0.30003729979771065,0.0019911396396231893
2.218,0.0,-2.9865641788049164e-05,-0.30005808006592666,0.0019609017500841815
2.219,0.0,-4.112461374628515e-05,-0.3000788411039717,0.0019295220108528507
2.22,0.0,-5.219654913708612e-05,-0.30009958321951913,0.0018970529015262978
2.221,0.0,-6.306311469875706e-05,-0.30012030673092693,0.0018635456883770245
2.222,0.0,-7.370653416638689e-05,-0.3001410119667352,0.0018290504460381637
2.223,0.0,-8.410961515209473e-05,-0.3001616992651752,0.001793616078859644
2.224,0.0,-9.425577469286925e-05,-0.30018236897369,0.0017572903419395122
2.225,0.0,-0.00010412906343266164,-0.3002030214484663,0.0017201198618345909
2.226,0.0,-0.00011371418840821534,-0.30022365705397736,0.0016821501569546265
2.227,0.0,-0.00012299653441096614,-0.30024427616253685,0.0016434256576440213
2.228,0.0,-0.00013196218390021855,-0.3002648791538631,0.0016039897259552294
2.229,0.0,-0.00014059793544569368,-0.3002854664146539,0.0015638846751178182
2.23,0.0,-0.00014889132068044366,-0.30030603833817204,0.0015231517887071932
2.231,0.0,-0.00015683061974803406,-0.30032659532384,0.0014818313395169311
2.232,0.0,-0.00016440487523080235,-0.30034713777684535,0.001439962608138612
2.233,0.0,-0.0001716039045489017,-0.30036766610775567,0.001397583901253028
2.234,0.0,-0.00017841831082273136,-0.3003881807321428,0.001354732569636581
2.235,0.0,-0.00018483949219423088,-0.3004086820702165,0.0013114450258866648
2.236,0.0,-0.00019085964960537167,-0.30042917054646745,0.0012677567618697664
2.237,0.0,-0.00019647179303500936,-0.3004496465893193,0.0012237023658959985
2.238,0.0,-0.00020166974619806137,-0.3004701106307892,0.0011793155396237294
2.239,0.0,-0.00020644814971373867,-0.3004905631061576,0.0011346291146979387
2.24,0.0,-0.0002108024627522863,-0.3005110044536461,0.0010896750691258854
2.241,0.0,-0.00021472896317236854,-0.3005314351141036,0.0010444845433936407
2.242,0.0,-0.00021822474616386574,-0.3005518555307012,0.0009990878563270013
2.243,0.0,-0.00022128772141343062,-0.3005722661486347,0.0009535145207002542
2.244,0.0,-0.00022391660881267183,-0.30059266741483504,0.0009077932585962301
2.245,0.0,-0.0002261109327312942,-0.3006130597776867,0.000861952016521045
2.246,0.0,-0.00022787101487991974,-0.30063344368675354,0.0008160179802768933
2.247,0.0,-0.00022919796578964007,-0.3006538195925119,0.000770017589596213
2.248,0.0,-0.00023009367493760448,-0.30067418794609163,0.0007239765525405139
2.249,0.0,-0.00023056079955012613,-0.3006945491990235,0.0006779198596671172
2.25,0.0,-0.0002306027521168871,-0.30071490380299426,0.0006318717979670221
2.251,0.0,-0.00023022368665184088,-0.3007352522096084,0.0005858559645770746
2.2520000000000002,0.0,-0.00022942848373834086,-0.30075559487015646,0.0005398952802695837
2.253,0.0,-0.00022822273439786946,-0.3007759322353904,0.0004940120027224856
2.254,0.0,-0.00022661272282349459,-0.30079626475530497,0.0004482277395731339
2.255,0.0,-0.00022460540802084287,-0.30081659287892587,0.00040256346125874164
2.2560000000000002,0.0,-0.00022220840440094502,-0.30083691705410404,0.000357039513646481
2.257,0.0,-0.0002194299613707798,-0.3008572377273159,0.00031167563045620387
2.258,0.0,-0.00021627894196871457,-0.3008775553434697,0.0002664909454787135
2.259,0.0,-0.00021276480059331316,-0.3008978703457181,0.0002215040045924831
2.2600000000000002,0.0,-0.00020889755987515312,-0.3009181831752757,0.00017673277758168378
2.261,0.0,-0.00020468778674236331,-0.3009384942712432,0.00013219466975834956
2.262,0.0,-0.00020014656773155912,-0.3009588040704362,8.790653339147497e-05
2.263,0.0,-0.0001952854835967144,-0.30097911300722013,4.388467894580533e-05
2.2640000000000002,0.0,-0.00019011658326926722,-0.3009994215133501,1.4488613304925605e-07
2.265,0.0,-0.00018465235722340946,-0.3010197300178159,-4.3297585221791426e-05
2.266,0.0,-0.00017890571030105813,-0.30104003894669257,-8.642798449631112e-05
2.267,0.0,-0.00017288993405144986,-0.3010603487229954,-0.0001292320597661781
2.2680000000000002,0.0,-0.00016661867864063836,-0.30108065976654025,-0.00017169604747760113
2.269,0.0,-0.0001601059243864092,-0.30110097249380824,-0.00021380666229421795
2.27,0.0,-0.00015336595297425716,-0.3011212873178156,-0.0002555510871158687
2.271,0.0,-0.0001464133184100992,-0.3011416046479879,-0.0002969169632667502
2.2720000000000002,0.0,-0.00013926281776532247,-0.30116192489003846,-0.00033789209327506525
2.273,0.0,-0.00013192946176959243,-0.3011822484458475,-0.00037846327395255704
2.274,0.0,-0.00012442844530657202,-0.30120257571333214,-0.00041861594892944804
2.275,0.0,-0.00011677511786733152,-0.30122290708630356,-0.000458334234783223
2.2760000000000002,0.0,-0.0001089849540157605,-0.3012432429543112,-0.0004976009736787892
2.277,0.0,-0.00010107352391973126,-0.3012635837024744,-0.0005363977859667456
2.278,0.0,-9.305646400110808e-05,-0.30128392971130197,-0.0005747051227229052
2.279,0.0,-8.494944775695199e-05,-0.30130428135650034,-0.0006125023182119745
2.2800000000000002,0.0,-7.676815680343708e-05,-0.30132463900877093,-0.0006497676422580589
2.281,0.0,-6.852825219307616e-05,-0.3013450030335969,-0.0006864783525044409
2.282,0.0,-6.0245346054851126e-05,-0.3013653737910201,-0.0007226107465448764
2.283,0.0,-5.193497360576122e-05,-0.3013857516354083,-0.0007581402139084554
2.2840000000000003,0.0,-4.361256558114224e-05,-0.30140613691521423,-0.0007930412878799016
2.285,0.0,-3.5293421129874594e-05,-0.3014265299727253,-0.0008272876971370131
2.286,0.0,-2.6992681219291495e-05,-0.3014469311438061,-0.000860852417186802
2.287,0.0,-1.872530259322293e-05,-0.30146734075763343,-0.0008937077215817518
2.2880000000000003,0.0,-1.0506032325170006e-05,-0.3014877591364243,-0.0009258252328974923
2.289,0.0,-2.3493830071009907e-06,-0.3015081865951575,-0.0009571759734530842
2.29,0.0,5.730391387201897e-06,-0.3015286234412896,-0.0009877304157550199
2.291,0.0,1.3719318926933557e-05,-0.30154906997446534,-0.001017458532645966
2.2920000000000003,0.0,2.160373240155318e-05,-0.3015695264862229,-0.0010463298471392179
2.293,0.0,2.937029121664376e-05,-0.30158999325969554,-0.0010743134819197976
2.294,0.0,3.7006002476183075e-05,-0.3016104705693083,-0.0011013782084930864
2.295,0.0,4.449824122086906e-05,-0.3016309586804721,-0.001127492495961884
2.2960000000000003,0.0,5.1834769793984e-05,-0.3016514578492746,-0.0011526245594127907
2.297,0.0,5.900375630815686e-05,-0.30167196832216836,-0.001176742407892814
2.298,0.0,6.59937921882881e-05,-0.30169249033565726,-0.0011998138919571606
2.299,0.0,7.279390876783249e-05,-0.3017130241159814,-0.00122180675076921
2.3000000000000003,0.0,7.939359291758885e-05,-0.3017335698788006,-0.0012426886587337382
2.301,0.0,8.578280168811787e-05,-0.3017541278288778,-0.0012624272716445493
2.302,0.0,9.195197594889586e-05,-0.3017746981597615,-0.0012809902723277696
2.303,0.0,9.789205300931061e-05,-0.3017952810534693,-0.00129834541576217
2.3040000000000003,0.0,0.00010359447820861016,-0.30181587668017185,-0.0013144605736580231
2.305,0.0,0.00010905121546392491,-0.3018364851978775,-0.0013293037784761405
2.306,0.0,0.00011425475676749128,-0.3018571067521193,-0.0013428432668688968
2.307,0.0,0.00011919813062621058,-0.30187774147564345,-0.0013550475225252323
2.308,0.0,0.00012387490943867395,-0.3018983894881003,-0.001365885318401806
2.309,0.0,0.0001282792158067706,-0.3019190508957385,-0.0013753257583226848
2.31,0.0,0.00013240572778096862,-0.3019397257911018,-0.0013833383179301705
2.311,0.0,0.00013624968304031156,-0.30196041425273,-0.001389892884969603
2.312,0.0,0.00013980688201010636,-0.3019811163448639,-0.0013949597988912217
2.313,0.0,0.0001430736899221867,-0.30200183211715426,-0.0013985098897524315
2.314,0.0,0.00014604703782451528,-0.30202256160437607,-0.0014005145164040949
2.315,0.0,0.000148724422548738,-0.3020433048261477,-0.001400945603944752
2.316,0.0,0.0001511039056461177,-0.3020640617866559,-0.0013997756804269746
2.317,0.0,0.0001531841113040531,-0.30208483247438606,-0.0013969779128003728
2.318,0.0,0.0001549642232571262,-0.30210561686185966,-0.0013925261420760907
2.319,0.0,0.00015644398070831705,-0.3021264149053775,-0.0013863949176979617
2.32,0.0,0.00015762367327767403,-0.30214722654477033,-0.0013785595311058439
2.321,0.0,0.0001585041349973298,-0.3021680517031567,-0.00136899604847701
2.322,0.0,0.0001590867373733047,-0.3021888902867081,-0.0013576813426318252
2.323,0.0,0.00015937338153603796,-0.3022097421844225,-0.0013445931240903286
2.324,0.0,0.00015936648950303045,-0.3022306072679055,-0.0013297099712667253
2.325,0.0,0.00015906899457837037,-0.3022514853911608,-0.001313011359789168
2.326,0.0,0.00015848433091524006,-0.3022723763903884,-0.0012944776909326373
2.327,0.0,0.00015761642226876972,-0.30229328008379275,-0.0012740903191531207
2.328,0.0,0.0001564696699678083,-0.30231419627139994,-0.001251831578711717
2.329,0.0,0.00015504894013532148,-0.3023351247348843,-0.0012276848093777247
2.33,0.0,0.0001533595501882026,-0.30235606523740516,-0.0012016343812001917
2.331,0.0,0.0001514072546482891,-0.30237701752345353,-0.0011736657183378661
2.332,0.0,0.0001491982302973181,-0.30239798131870915,-0.0011437653219379142
2.333,0.0,0.00014673906070942507,-0.302418956329908,-0.0011119207920542416
2.334,0.0,0.00014403672019559045,-0.3024399422447208,-0.0010781208485967056
2.335,0.0,0.0001410985571951697,-0.3024609387316422,-0.0010423553513029737
2.336,0.0,0.0001379322771503006,-0.30248194543989143,-0.0010046153187252599
2.337,0.0,0.00013454592489956917,-0.302502961999324,-0.0009648929462246324
2.338,0.0,0.0001309478666278301,-0.30252398802035535,-0.0009231816229660904
2.339,0.0,0.00012714677140952002,-0.3025450230938956,-0.000879475947908069
2.34,0.0,0.00012315159238317217,-0.3025660667912967,-0.0008337717447805409
2.341,0.0,0.00011897154759513771,-0.3025871186643115,-0.0007860660760463635
2.342,0.0,0.00011461610055074522,-0.3026081782450646,-0.0007363572558410332
2.343,0.0,0.00011009494051128206,-0.30262924504603594,-0.0006846448618864943
2.344,0.0,0.00010541796257526363,-0.3026503185600564,-0.0006309297463751696
2.345,0.0,0.00010059524758246701,-0.30267139826031625,-0.0005752140458208828
2.346,0.0,9.563704187914585e-05,-0.3026924836003857,-0.0005175011898738514
2.347,0.0,9.05537369827144e-05,-0.30271357401424875,-0.00045779590909745545
2.348,0.0,8.535584918399095e-05,-0.3027346689163493,-0.0003961042417049917
2.349,0.0,8.005399912482584e-05,-0.30275576770165047,-0.00033243353925515467
2.35,0.0,7.465889138860766e-05,-0.3027768697457063,-0.00026679247130550516
2.351,0.0,6.918129414074471e-05,-0.3027979744047469,-0.00019919102902371094
2.352,0.0,6.363201885575867e-05,-0.30281908101577637,-0.0001296405277568778
2.353,0.0,5.802190016710479e-05,-0.3028401888966836,-5.8153608559814734e-05
2.354,0.0,5.2361775875249575e-05,-0.3028612973463663,1.5255761316387149e-05
2.355,0.0,4.666246714889514e-05,-0.3028824056448676,9.057228897354957e-05
2.356,0.0,4.093475895353953e-05,-0.3029035130535266,0.00016777935745092526
2.357,0.0,3.518938074080788e-05,-0.30292461881514055,0.00024685902834205254
2.358,0.0,2.943698743118059e-05,-0.3029457221541414,0.00032779204544041774
2.359,0.0,2.3688140721885317e-05,-0.30296682227678423,0.00041055783940985606
2.36,0.0,1.7953290750810044e-05,-0.3029879183713493,0.0004951345334750796
2.361,0.0,1.2242758146338422e-05,-0.3030090096083563,0.0005814989501271755
2.362,0.0,6.566716492006961e-06,-0.30303009514079193,0.0006696266188383735
2.363,0.0,9.351752338395649e-07,-0.3030511741043499,0.0007594917847798349
2.364,0.0,-4.642036942869652e-06,-0.30307224561768353,0.000851067418535667
2.365,0.0,-1.0155288241676987e-05,-0.30309330878267104,0.0009443252268058243
2.366,0.0,-1.5595159363523113e-05,-0.303114362684693,0.0010392356640900001
2.367,0.0,-2.0952458572381672e-05,-0.3031354063929224,0.0011357679453440738
2.368,0.0,-2.6218236195945786e-05,-0.3031564389606266,0.0012338900596001261
2.369,0.0,-3.1383798540525866e-05,-0.3031774594254815,0.0013335687845404758
2.37,0.0,-3.6440721200607816e-05,-0.30319846680989765,0.0014347697020156691
2.371,0.0,-4.138086174481924e-05,-0.30321946012135775,0.0015374572144957741
2.372,0.0,-4.6196371761370416e-05,-0.30324043835276643,0.0016415945624438048
2.373,0.0,-5.0879708247373406e-05,-0.3032614004828106,0.001747143842599553
2.374,0.0,-5.542364432779466e-05,-0.30328234547633176,0.0018540660271615466
2.375,0.0,-5.982127929116086e-05,-0.3033032722847091,0.001962320983854332
2.376,0.0,-6.406604793051215e-05,-0.30332417984625315,0.002071867496867714
2.3770000000000002,0.0,-6.815172917947843e-05,-0.3033450670866106,0.0021826632886540747
2.378,0.0,-7.207245403474104e-05,-0.3033659329191791,0.0022946650425693165
2.379,0.0,-7.582271275753022e-05,-0.30338677624553284,0.002407828426342496
2.38,0.0,-7.939736134819742e-05,-0.30340759595585726,0.002522108116358633
2.3810000000000002,0.0,-8.279162728928611e-05,-0.3034283909293944,0.002637457822738691
2.382,0.0,-8.600111455390501e-05,-0.3034491600348971,0.0027538303152001755
2.383,0.0,-8.902180787757904e-05,-0.30346990213109265,0.0028711774496813147
2.384,0.0,-9.18500762931151e-05,-0.3034906160671557,0.0029894501957112396
2.3850000000000002,0.0,-9.448267592936851e-05,-0.30351130068318927,0.0031085986645080907
2.386,0.0,-9.691675207612961e-05,-0.30353195481071465,0.003228572137786496
2.387,0.0,-9.914984051866665e-05,-0.3035525772731694,0.0033493190972553287
2.388,0.0,-0.00010117986814675795,-0.30357316688641317,0.0034707872547862415
2.3890000000000002,0.0,-0.00010300515284432119,-0.3035937224592407,0.0035929235832328947
2.39,0.0,-0.00010462440266699977,-0.30361424279390287,0.0037156743478804263
2.391,0.0,-0.00010603671431629071,-0.30363472668663377,0.003838985138504197
2.392,0.0,-0.00010724157091999708,-0.3036551729281852,0.0039628009020163954
2.3930000000000002,0.0,-0.00010823883912995514,-0.303675580304367,0.0040870659756786784
2.394,0.0,-0.00010902876554912314,-0.30369594759659324,0.004211724120858563
2.395,0.0,-0.00010961197250122127,-0.3037162735824347,0.00433671855730686
2.396,0.0,-0.00010998945315718039,-0.3037365570361759,0.004461991997933098
2.3970000000000002,0.0,-0.00011016256603368845,-0.30375679672937517,0.0045874869742494025
2.398,0.0,-0.0001101330288801163,-0.30377699143141634,0.004713147052358898
2.399,0.0,-0.00010990291197105863,-0.30379713991005847,0.00483891725871182
2.4,0.0,-0.00010947463082263793,-0.3038172409319744,0.0049647440909032494
2.4010000000000002,0.0,-0.00010885093835159009,-0.3038372932632755,0.005090575489618241
2.402,0.0,-0.00010803491649697718,-0.3038572956700224,0.005216360811026913
2.403,0.0,-0.00010702996732515578,-0.30387724691872137,0.005342050799623319
2.404,0.0,-0.00010583980363936617,-0.3038971457768076,0.005467597561501946
2.4050000000000002,0.0,-0.00010446843911599909,-0.303916991013115,0.005592954538065764
2.406,0.0,-0.00010292017799024004,-0.3039367813983329,0.005718076480159825
2.407,0.0,-0.00010119960431438777,-0.30395651570545007,0.005842919422624488
2.408,0.0,-9.931157081269057e-05,-0.3039761927101857,0.005967440659262374
2.4090000000000003,0.0,-9.726118735704309e-05,-0.3039958111914089,0.00609159871821327
2.41,0.0,-9.505380908833566e-05,-0.3040153699315451,0.006215353337731255
2.411,0.0,-9.269502420864738e-05,-0.3040348677169715,0.00633866544235836
2.412,0.0,-9.019064146982439e-05,-0.30405430333840033,0.006461497119489154
2.4130000000000003,0.0,-8.754667738428411e-05,-0.3040736755912508,0.006583811596320768
2.414,0.0,-8.476934318413569e-05,-0.30409298327601025,0.006705573217182824
2.415,0.0,-8.186503155490657e-05,-0.3041122251985838,0.006826747421241901
2.416,0.0,-7.884030317031445e-05,-0.30413140017063367,0.006947300720575189
2.4170000000000003,0.0,-7.570187305462373e-05,-0.304150507009908,0.00706720067860804
2.418,0.0,-7.245659679917594e-05,-0.30416954454055883,0.007186415888910212
2.419,0.0,-6.911145665968515e-05,-0.30418851159345084,0.007304915954345644
2.42,0.0,-6.567354756084201e-05,-0.3042074070064594,0.007422671466570685
2.4210000000000003,0.0,-6.21500630346754e-05,-0.3042262296247593,0.007539653985875727
2.422,0.0,-5.8548281118977844e-05,-0.30424497830110414,0.007655836021365284
2.423,0.0,-5.487555024191238e-05,-0.30426365189609594,0.0077711910114716095
2.424,0.0,-5.113927511868361e-05,-0.30428224927844605,0.007885693304797008
2.4250000000000003,0.0,-4.734690268587622e-05,-0.30430076932522687,0.007999318141280024
2.426,0.0,-4.3505908098740794e-05,-0.3043192109221151,0.008112041633680837
2.427,0.0,-3.962378081634045e-05,-0.3043375729636262,0.00822384074938112
2.428,0.0,-3.570801079906351e-05,-0.3043558543533402,0.008334693292493794
2.4290000000000003,0.0,-3.176607484255889e-05,-0.3043740540041203,0.00844457788627812
2.43,0.0,-2.780542307166242e-05,-0.30439217083832215,0.008553473955855607
2.431,0.0,-2.3833465617356283e-05,-0.304410203787996,0.008661361711222308
2.432,0.0,-1.985755949924039e-05,-0.30442815179508115,0.008768222130553126
2.433,0.0,-1.5884995735396167e-05,-0.30444601381159264,0.008874036943793772
2.434,0.0,-1.1922986700890703e-05,-0.3044637887998007,0.008978788616536115
2.435,0.0,-7.978653755504312e-06,-0.30448147573240264,0.009082460334172726
2.436,0.0,-4.059015160568696e-06,-0.3044990735926883,0.009185035986326364
2.437,0.0,-1.7097430407772173e-07,-0.30451658137469806,0.009286500151550418
2.438,0.0,3.6786917475201247e-06,-0.30453399808337417,0.009386838082296093
2.439,0.0,7.483343353217539e-06,-0.30455132273470564,0.009486035690142483
2.44,0.0,1.1236489040205821e-05,-0.30456855435586666,0.009584079531285412
2.441,0.0,1.4931795869493379e-05,-0.3045856919853483,0.009680956792281283
2.442,0.0,1.856309940923189e-05,-0.30460273467308463,0.009776655276041992
2.443,0.0,2.2124413301462926e-05,-0.3046196814805723,0.00987116338807709
2.444,0.0,2.5609938408881666e-05,-0.30463653148098424,0.009964470122979505
2.445,0.0,2.9014071529113562e-05,-0.304653283759278,0.010056565051151054
2.446,0.0,3.2331413664913236e-05,-0.3046699374122979,0.010147438305764114
2.447,0.0,3.5556777839620035e-05,-0.3046864915488719,0.010237080569955816
2.448,0.0,3.868519644814026e-05,-0.3047029452899031,0.010325483064251252
2.449,0.0,4.171192813467008e-05,-0.30471929776845597,0.010412637534212081
2.45,0.0,4.463246418932375e-05,-0.3047355481298372,0.01049853623830718
2.451,0.0,4.744253445678714e-05,-0.3047516955316719,0.010583171936001825
2.452,0.0,5.013811275107514e-05,-0.3047677391439744,0.010666537876062056
2.453,0.0,5.271542177143114e-05,-0.30478367814921464,0.010748627785070908
2.454,0.0,5.517093751536624e-05,-0.3047995117423796,0.010829435856153183
2.455,0.0,5.750139318579254e-05,-0.3048152391310305,0.01090895673790557
2.456,0.0,5.970378259015825e-05,-0.304830859535355,0.010987185523528814
2.457,0.0,6.177536303043934e-05,-0.30484637218821553,0.011064117740158922
2.458,0.0,6.371365768378283e-05,-0.3048617763351931,0.011139749338394156
2.459,0.0,6.551645747452773e-05,-0.304877071234627,0.011214076682014781
2.46,0.0,6.718182243924993e-05,-0.3048922561576503,0.01128709653789261
2.461,0.0,6.870808258738603e-05,-0.30490733038822176,0.011358806066087235
2.462,0.0,7.009383826088526e-05,-0.3049222932231535,0.011429202810126056
2.463,0.0,7.133795999721842e-05,-0.30493714397213506,0.011498284687465235
2.464,0.0,7.243958790093533e-05,-0.30495188195775386,0.011566049980128635
2.465,0.0,7.339813052980703e-05,-0.3049665065155119,0.01163249732552194
2.466,0.0,7.421326330241424e-05,-0.3049810169938391,0.011697625707419184
2.467,0.0,7.488492643484835e-05,-0.30499541275410336,0.011761434447118928
2.468,0.0,7.54133224149734e-05,-0.30500969317061677,0.011823923194767338
2.469,0.0,7.579891302345738e-05,-0.30502385763063933,0.011885091920845553
2.47,0.0,7.604241591151579e-05,-0.30503790553437904,0.011944940907818606
2.471,0.0,7.614480074602019e-05,-0.305051836294989,0.012003470741943427
2.472,0.0,7.610728493330767e-05,-0.3050656493385617,0.012060682305233238
2.473,0.0,7.59313289336825e-05,-0.3050793441041201,0.012116576767575854
2.474,0.0,7.561863117922861e-05,-0.3050929200436063,0.01217115557900345
2.475,0.0,7.517112260814971e-05,-0.30510637662186696,0.01222442046211122
2.476,0.0,7.459096082942128e-05,-0.30511971331663656,0.012276373404622636
2.477,0.0,7.38805239320764e-05,-0.3051329296185177,0.012327016652098788
2.478,0.0,7.304240395395248e-05,-0.30514602503095883,0.012376352700789534
2.479,0.0,7.207940002519992e-05,-0.30515899907023,0.01242438429062412
2.48,0.0,7.099451120229452e-05,-0.30517185126539553,0.012471114398338949
2.481,0.0,6.979092900870332e-05,-0.30518458115828506,0.01251654623074027
2.482,0.0,6.8472029698728e-05,-0.30519718830346165,0.012560683218099536
2.483,0.0,6.704136626139035e-05,-0.3052096722681883,0.012603529007679297
2.484,0.0,6.550266018153064e-05,-0.30522203263239184,0.012645087457387358
2.485,0.0,6.385979297556187e-05,-0.30523426898862516,0.012685362629557191
2.486,0.0,6.21167975195601e-05,-0.3052463809420273,0.01272435878485241
2.487,0.0,6.0277849187574065e-05,-0.3052583681102813,0.012762080376293268
2.488,0.0,5.8347256818205356e-05,-0.30527023012357063,0.01279853204340318
2.489,0.0,5.632945352764422e-05,-0.3052819666245336,0.012833718606473166
2.49,0.0,5.422898738744497e-05,-0.3052935772682159,0.012867645060942332
2.491,0.0,5.205051198538985e-05,-0.3053050617220213,0.012900316571892357
2.492,0.0,4.979877688782092e-05,-0.30531641966566136,0.01293173846865412
2.493,0.0,4.7478618021816186e-05,-0.3053276507911025,0.012961916239524517
2.494,0.0,4.50949479955498e-05,-0.3053387548025126,0.012990855526591674
2.495,0.0,4.2652746375106194e-05,-0.30534973141620514,0.013018562120666627
2.496,0.0,4.01570499359157e-05,-0.3053605803605825,0.013045041956319704
2.497,0.0,3.761294290684492e-05,-0.30537130137607765,0.013070301107019835
2.498,0.0,3.50255472248087e-05,-0.30538189421509443,0.01309434578037501
2.499,0.0,3.240001281757401e-05,-0.3053923586419466,0.01311718231347211
2.5,0.0,2.974150793219845e-05,-0.3054026944327955,0.013138817168314488
2.501,0.0,2.7055209526289518e-05,-0.30541290137558674,0.01315925692735555
2.5020000000000002,0.0,2.4346293738985088e-05,-0.30542297926998546,0.013178508289126695
2.503,0.0,2.1619926458242043e-05,-0.30543292792731047,0.01319657806395799
2.504,0.0,1.8881254000679245e-05,-0.3054427471704675,0.013213473169789963
2.505,0.0,1.6135393919854134e-05,-0.3054524368338811,0.013229200628074918
2.5060000000000002,0.0,1.3387425958459977e-05,-0.305461996763426,0.013243767559766237
2.507,0.0,1.0642383159514158e-05,-0.30547142681635675,0.01325718118139411
2.508,0.0,7.905243151168021e-06,-0.3054807268612372,0.013269448801226177
2.509,0.0,5.1809196193064895e-06,-0.3054898967778685,0.013280577815511622
2.5100000000000002,0.0,2.474253981622186e-06,-0.3054989364572167,0.01329057570480719
2.511,0.0,-2.099927236548133e-07,-0.30550784580133933,0.01329945003038374
2.512,0.0,-2.8671477217131745e-06,-0.30551662472331087,0.013307208430711884
2.513,0.0,-5.492634145684566e-06,-0.305525273147148,0.013313858618025315
2.5140000000000002,0.0,-8.081978430175382e-06,-0.30553379100773387,0.01331940837496039
2.515,0.0,-1.063081744281814e-05,-0.30554217825074165,0.013323865551270738
2.516,0.0,-1.3134905343441952e-05,-0.3055504348325546,0.013327238174563157
2.517,0.0,-1.5590120161061712e-05,-0.30555856072016946,0.013329535124623391
2.5180000000000002,0.0,-1.7992470079497883e-05,-0.3055665558910831,0.013330767125209406
2.519,0.0,-2.0338099423061585e-05,-0.3055744203331842,0.013330946905853161
2.52,0.0,-2.2623294334371976e-05,-0.3055821540446309,0.013330089130764307
2.521,0.0,-2.4844488137013413e-05,-0.3055897570337093,0.013328210327792784
2.5220000000000002,0.0,-2.699826637638721e-05,-0.3055972293186738,0.013325328817472684
2.523,0.0,-2.9081371532765933e-05,-0.30560457092756965,0.013321464642169979
2.524,0.0,-3.10907074012156e-05,-0.30561178189803856,0.013316639495357371
2.525,0.0,-3.3023343133711974e-05,-0.30561886227710794,0.01331087665103995
2.5260000000000002,0.0,-3.4876516939439554e-05,-0.3056258121209646,0.013304200893355591
2.527,0.0,-3.664763943992549e-05,-0.3056326314947138,0.013296638446374697
2.528,0.0,-3.833429667632331e-05,-0.30563932047212355,0.01328821690412399
2.529,0.0,-3.993425276682255e-05,-0.30564587913535596,0.01327896516085964
2.5300000000000002,0.0,-4.144545221281883e-05,-0.3056523075746855,0.013268913341615151
2.531,0.0,-4.286602185313282e-05,-0.30565860588820515,0.01325809273304989
2.532,0.0,-4.41942724662159e-05,-0.30566477418152127,0.013246535714624292
2.533,0.0,-4.5428700020922684e-05,-0.3056708125674374,0.013234275690128085
2.5340000000000003,0.0,-4.656798657706599e-05,-0.3056767211656282,0.01322134701958812
2.535,0.0,-4.761100083759645e-05,-0.305682500102304,0.013207784951582533
2.536,0.0,-4.855679835486594e-05,-0.30568814950986634,0.013193625555988155
2.537,0.0,-4.9404621394040644e-05,-0.3056936695265556,0.013178905657188265
2.5380000000000003,0.0,-5.015389845732422e-05,-0.3056990602960911,0.013163662767767826
2.539,0.0,-5.0804243473233874e-05,-0.30570432196730485,0.013147935022723519
2.54,0.0,-5.1355454655740836e-05,-0.3057094546937682,0.013131761114215811
2.541,0.0,-5.180751303864091e-05,-0.3057144586334141,0.013115180226890545
2.5420000000000003,0.0,-5.216058069105987e-05,-0.30571933394815376,0.013098231973797243
2.543,0.0,-5.241499862052119e-05,-0.3057240808034893,0.013080956332931598
2.544,0.0,-5.25712843705096e-05,-0.30572869936812286,0.01306339358442934
2.545,0.0,-5.263012931995202e-05,-0.30573318981356284,0.013045584248438727
2.5460000000000003,0.0,-5.2592395692507556e-05,-0.3057375523137274,0.013027569023698683
2.547,0.0,-5.245911328400861e-05,-0.3057417870445464,0.01300938872684959
2.548,0.0,-5.2231475916826586e-05,-0.30574589418356235,0.012991084232503515
2.549,0.0,-5.191083763034618e-05,-0.3057498739095304,0.01297269641410042
2.5500000000000003,0.0,-5.1498708617122365e-05,-0.3057537264020187,0.012954266085576779
2.551,0.0,-5.099675091466264e-05,-0.305757451841009,0.012935833943872717
2.552,0.0,-5.040677386312392e-05,-0.3057610504064987,0.012917440512303513
2.553,0.0,-4.973072933953813e-05,-0.30576452227810424,0.012899126084821072
2.5540000000000003,0.0,-4.897070677948238e-05,-0.3057678676346672,0.012880930671190586
2.555,0.0,-4.812892799738882e-05,-0.3057710866538625,0.01286289394310729
2.556,0.0,-4.7207741816945006e-05,-0.3057741795118108,0.01284505518127783
2.557,0.0,-4.6209618523268184e-05,-0.3057771463826938,0.012827453223490404
2.5580000000000003,0.0,-4.513714414874559e-05,-0.30577998743837465,0.012810126413697371
2.559,0.0,-4.3993014604618036e-05,-0.30578270284802256,0.01279311255213366
2.56,0.0,-4.278002967054513e-05,-0.3057852927777433,0.012776448846493678
2.561,0.0,-4.150108685452781e-05,-0.30578775739021513,0.012760171864189243
2.562,0.0,-4.0159175135677146e-05,-0.30579009684433106,0.01274431748571017
2.563,0.0,-3.875736860240777e-05,-0.3057923112948481,0.012728920859109
2.564,0.0,-3.72988199986999e-05,-0.3057944008920432,0.012714016355630525
2.565,0.0,-3.5786754191115836e-05,-0.3057963657813773,0.01269963752650635
2.566,0.0,-3.4224461569274985e-05,-0.30579820610316727,0.012685817060934154
2.567,0.0,-3.261529139248652e-05,-0.30579992199226597,0.012672586745260634
2.568,0.0,-3.096264509521069e-05,-0.3058015135777517,0.012659977423386584
2.569,0.0,-2.9269969563968615e-05,-0.3058029809826265,0.012648018958411836
2.57,0.0,-2.7540750398247145e-05,-0.30580432432352417,0.01263674019553733
2.571,0.0,-2.5778505167849497e-05,-0.3058055437104284,0.0126261689262406
2.572,0.0,-2.3986776679025134e-05,-0.30580663924640095,0.012616331853740712
2.573,0.0,-2.2169126261573548e-05,-0.30580761102732085,0.012607254559767548
2.574,0.0,-2.0329127088957025e-05,-0.3058084591416343,0.012598961472650001
2.575,0.0,-1.84703575432775e-05,-0.305809183670116,0.012591475836736692
2.576,0.0,-1.6596394636772884e-05,-0.30580978468564207,0.012584819683162253
2.577,0.0,-1.4710807501269067e-05,-0.305810262252975,0.012579013801971304
2.578,0.0,-1.2817150956786216e-05,-0.30581061642856044,0.012574077715611701
2.579,0.0,-1.0918959170242045e-05,-0.30581084726033686,0.012570029653807734
2.58,0.0,-9.019739414921608e-06,-0.3058109547875574,0.012566886529823174
2.581,0.0,-7.1229659410931984e-06,-0.305810939040625,0.012564663918123458
2.582,0.0,-5.232073967843908e-06,-0.3058108000409407,0.012563376033445208
2.583,0.0,-3.3504538058871065e-06,-0.30581053780076467,0.012563035711280857
2.584,0.0,-1.481445120758164e-06,-0.3058101523230916,0.012563654389785005
2.585,0.0,3.716686545350057e-07,-0.30580964360153917,0.012565242093108496
2.586,0.0,2.2056657487028143e-06,-0.30580901162025065,0.012567807416165396
2.587,0.0,4.017391314877581e-06,-0.3058082563538115,0.012571357510837091
2.588,0.0,5.803762518887663e-06,-0.30580737776717987,0.012575898073617043
2.589,0.0,7.56177344555714e-06,-0.30580637581563186,0.01258143333469875
2.59,0.0,9.288499815893036e-06,-0.3058052504447206,0.012587966048508726
2.591,0.0,1.0981103508438017e-05,-0.30580400159025023,0.012595497485685404
2.592,0.0,1.2636836878490571e-05,-0.305802629178264,0.012604027426503983
2.593,0.0,1.4253046869326016e-05,-0.3058011331250475,0.012613554155746443
2.594,0.0,1.5827178909989433e-05,-0.305799513337146,0.012624074459014983
2.595,0.0,1.7356780594674912e-05,-0.305797769711397,0.012635583620486371
2.596,0.0,1.8839505139153468e-05,-0.30579590213497687,0.012648075422103736
2.597,0.0,2.0273114610163805e-05,-0.30579391048546295,0.012661542144201413
2.598,0.0,2.165548292413482e-05,-0.3057917946309097,0.012675974567557724
2.599,0.0,2.2984598612065626e-05,-0.3057895544299399,0.012691361976869498
2.6,0.0,2.425856734784693e-05,-0.3057871897318503,0.01270769216564135
2.601,0.0,2.547561423776613e-05,-0.3057847003767322,0.012724951442481787
2.602,0.0,2.6634085869396537e-05,-0.30578208619560615,0.012743124638797402
2.603,0.0,2.7732452118527805e-05,-0.3057793470105713,0.012762195117875356
2.604,0.0,2.876930771324953e-05,-0.3057764826349692,0.012782144785343572
2.605,0.0,2.974337355475151e-05,-0.30577349287356187,0.012802954100997197
2.606,0.0,3.06534977948524e-05,-0.3057703775227237,0.012824602091978781
2.607,0.0,3.149865667071204e-05,-0.30576713637064773,0.01284706636729895
2.608,0.0,3.227795509762098e-05,-0.3057637691975657,0.012870323133683335
2.609,0.0,3.299062702119338e-05,-0.30576027577598175,0.012894347212730585
2.61,0.0,3.363603553071457e-05,-0.3057566558709196,0.012919112059365462
2.611,0.0,3.4213672735813446e-05,-0.3057529092401833,0.012944589781570152
2.612,0.0,3.472315940903931e-05,-0.3057490356346309,0.012970751161375835
2.613,0.0,3.516424439732451e-05,-0.3057450347984614,0.012997565677095953
2.614,0.0,3.5536803805705874e-05,-0.3057409064695139,0.013025001526781512
2.615,0.0,3.584083995705988e-05,-0.3057366503795799,0.013053025652877895
2.616,0.0,3.60764801319776e-05,-0.3057322662547273,0.013081603768061995
2.617,0.0,3.624397509326538e-05,-0.30572775381563677,0.013110700382237233
2.618,0.0,3.634369739990558e-05,-0.30572311277794956,0.013140278830663602
2.619,0.0,3.637613951564731e-05,-0.3057183428526271,0.013170301303198653
2.62,0.0,3.6341911717720556e-05,-0.3057134437463216,0.01320072887462476
2.621,0.0,3.624173981147675e-05,-0.3057084151617572,0.013231521536036983
2.622,0.0,3.6076462657055175e-05,-0.3057032567981222,0.013262638227265216
2.623,0.0,3.584702951445675e-05,-0.3056979683514715,0.013294036870303281
2.624,0.0,3.5554497213674454e-05,-0.30569254951513836,0.01332567440371707
2.625,0.0,3.5200027156782474e-05,-0.30568699998015625,0.013357506818002855
2.626,0.0,3.478488215912419e-05,-0.3056813194356899,0.013389489191866296
2.6270000000000002,0.0,3.431042313696129e-05,-0.305675507569475,0.013421575729391745
2.628,0.0,3.3778105649153265e-05,-0.30566956406826645,0.01345371979807094
2.629,0.0,3.3189476300627415e-05,-0.3056634886182949,0.01348587396765926
2.63,0.0,3.254616901557429e-05,-0.3056572809057308,0.01351799004982718
2.6310000000000002,0.0,3.184990118846226e-05,-0.30565094061714665,0.013550019353523523
2.632,0.0,3.110246972110715e-05,-0.3056444674399497,0.01358191371388562
2.633,0.0,3.0305746954158786e-05,-0.30563786106282126,0.01361362626915332
2.634,0.0,2.9461676501475608e-05,-0.3056311211761722,0.01364511157645189
2.6350000000000002,0.0,2.8572268995951487e-05,-0.3056242474725908,0.01367632558351403
2.636,0.0,2.7639597755434957e-05,-0.305617239647277,0.013707225600867852
2.637,0.0,2.6665794377441068e-05,-0.30561009739846273,0.013737770274484097
2.638,0.0,2.5653044271399206e-05,-0.3056028204278196,0.01376791955887613
2.6390000000000002,0.0,2.4603582137207252e-05,-0.30559540844085337,0.013797634690646075
2.64,0.0,2.3519687398873086e-05,-0.3055878611472856,0.013826878162470737
2.641,0.0,2.2403679602018973e-05,-0.3055801782614233,0.013855613697520967
2.642,0.0,2.1257913784003007e-05,-0.30557235950251616,0.013883806224308182
2.6430000000000002,0.0,2.008477582537457e-05,-0.30556440459510187,0.013911421851951896
2.644,0.0,1.88866777913281e-05,-0.3055563132693399,0.013938427845862057
2.645,0.0,1.7666053271751556e-05,-0.305548085261334,0.013964792603830302
2.646,0.0,1.6425352728382824e-05,-0.305539720313443,0.013990485632524002
2.6470000000000002,0.0,1.5167038857489846e-05,-0.30553121817458145,0.014015477524377363
2.648,0.0,1.3893581976378053e-05,-0.3055225786005088,0.014039739934873691
2.649,0.0,1.2607455441902656e-05,-0.30551380135410866,0.014063245560213085
2.65,0.0,1.1311131109023619e-05,-0.3055048862056575,0.014085968115359919
2.6510000000000002,0.0,1.0007074837288069e-05,-0.3054958329330834,0.014107882312464534
2.652,0.0,8.697742052959117e-06,-0.30548664132221487,0.014128963839653562
2.653,0.0,7.38557337433167e-06,-0.30547731116702026,0.014149189340183483
2.654,0.0,6.072990307585608e-06,-0.30546784226983764,0.014168536391952024
2.6550000000000002,0.0,4.762391020324863e-06,-0.3054582344415954,0.014186983487362049
2.656,0.0,3.4561461997381445e-06,-0.30544848750202397,0.014204510013532757
2.657,0.0,2.1565950020936803e-06,-0.3054386012798586,0.014221096232852963
2.658,0.0,8.660411000469799e-07,-0.3054285756130337,0.014236723263871367
2.6590000000000003,0.0,-4.13251166002251e-07,-0.3054184103488686,0.014251373062518776
2.66,0.0,-1.6790605265197361e-06,-0.305408105344245,0.014265028403657279
2.661,0.0,-2.929212405688729e-06,-0.3053976604657767,0.014277672862951488
2.662,0.0,-4.16158242304861e-06,-0.30538707558997097,0.014289290799056971
2.6630000000000003,0.0,-5.374099768739364e-06,-0.30537635060338264,0.014299867336121099
2.664,0.0,-6.564750447453423e-06,-0.3053654854027603,0.014309388346591581
2.665,0.0,-7.731580386484541e-06,-0.3053544798951856,0.01431784043432806
2.666,0.0,-8.872698403557137e-06,-0.30534333399820474,0.014325210918012074
2.6670000000000003,0.0,-9.986279030418236e-06,-0.30533204763995336,0.01433148781485096
2.668,0.0,-1.107056518847719e-05,-0.3053206207592746,0.014336659824571154
2.669,0.0,-1.212387071308518e-05,-0.3053090533058301,0.014340716313696437
2.67,0.0,-1.3144582723356481e-05,-0.30529734524020474,0.014343647300106871
2.6710000000000003,0.0,-1.4131163834746006e-05,-0.30528549653400494,0.014345443437874007
2.672,0.0,-1.5082154211912187e-05,-0.30527350716995044,0.014346096002368169
2.673,0.0,-1.5996173459710104e-05,-0.30526137714196033,0.014345596875633651
2.674,0.0,-1.6871922350476488e-05,-0.30524910645523295,0.014343938532027641
2.6750000000000003,0.0,-1.7708184386085092e-05,-0.3052366951263199,0.014341114024118815
2.676,0.0,-1.8503827193567443e-05,-0.3052241431831945,0.014337116968841573
2.677,0.0,-1.9257803753409493e-05,-0.3052114506653147,0.014331941533901991
2.678,0.0,-1.9969153459948797e-05,-0.3051986176236802,0.014325582424431485
2.6790000000000003,0.0,-2.0637003013608757e-05,-0.3051856441208852,0.014318034869884403
2.68,0.0,-2.1260567145015795e-05,-0.30517253023116486,0.014309294611175702
2.681,0.0,-2.1839149171351553e-05,-0.30515927604043747,0.014299357888054965
2.682,0.0,-2.2372141385594647e-05,-0.30514588164634165,0.01428822142671302
2.6830000000000003,0.0,-2.2859025279604804e-05,-0.30513234715826854,0.014275882427617542
2.684,0.0,-2.3299371602295804e-05,-0.30511867269738946,0.014262338553574023
2.685,0.0,-2.3692840254432008e-05,-0.30510485839667906,0.014247587918008524
2.686,0.0,-2.4039180021865973e-05,-0.30509090440093395,0.014231629073468746
2.6870000000000003,0.0,-2.433822814931127e-05,-0.3050768108667871,0.014214461000339915
2.688,0.0,-2.4589909757014573e-05,-0.305062577962718,0.014196083095772116
2.689,0.0,-2.4794237102954146e-05,-0.3050482058690588,0.014176495162815673
2.69,0.0,-2.4951308693447515e-05,-0.3050336947779962,0.014155697399761266
2.691,0.0,-2.5061308245298755e-05,-0.30501904489356996,0.014133690389681517
2.692,0.0,-2.512450350285564e-05,-0.3050042564316671,0.01411047509017084
2.693,0.0,-2.514124491357788e-05,-0.3049893296200129,0.014086052823280322
2.694,0.0,-2.5111964165939966e-05,-0.30497426469815775,0.01406042526564455
2.695,0.0,-2.5037172593705103e-05,-0.30495906191746114,0.014033594438797259
2.696,0.0,-2.491745945081041e-05,-0.3049437215410719,0.014005562699672774
2.697,0.0,-2.475349006129726e-05,-0.3049282438439052,0.013976332731290203
2.698,0.0,-2.4546003848904423e-05,-0.30491262911261646,0.013945907533617458
2.699,0.0,-2.4295812251115323e-05,-0.304896877645572,0.01391429041461217
2.7,0.0,-2.400379652261366e-05,-0.3048809897528167,0.013881484981436596
2.701,0.0,-2.3670905433254135e-05,-0.30486496575603894,0.013847495131843688
2.702,0.0,-2.3298152865796576e-05,-0.30484880598853237,0.013812325045731556
2.703,0.0,-2.2886615318782405e-05,-0.3048325107951551,0.013775979176863509
2.704,0.0,-2.2437429320051808e-05,-0.30481608053228626,0.013738462244750987
2.705,0.0,-2.1951788756508293e-05,-0.3047995155677797,0.013699779226696721
2.706,0.0,-2.1430942125834283e-05,-0.3047828162809154,0.01365993534999541
2.707,0.0,-2.0876189715946997e-05,-0.3047659830623485,0.0136189360842894
2.708,0.0,-2.0288880718058036e-05,-0.30474901631405543,0.013576787134076718
2.709,0.0,-1.9670410279262898e-05,-0.3047319164492786,0.01353349443136897
2.71,0.0,-1.9022216500637925e-05,-0.30471468389246803,0.013489064128496608
2.711,0.0,-1.8345777386862133e-05,-0.30469731907922126,0.0134435025910591
2.712,0.0,-1.764260775340988e-05,-0.30467982245622116,0.013396816391017563
2.713,0.0,-1.691425609737761e-05,-0.3046621944811715,0.013349012299927531
2.714,0.0,-1.616230143801384e-05,-0.30464443562273075,0.013300097282309407
2.715,0.0,-1.53883501330165e-05,-0.30462654636044406,0.013250078489154384
2.716,0.0,-1.4594032676645511e-05,-0.3046085271846731,0.013198963251563486
2.717,0.0,-1.3781000485671591e-05,-0.3045903785965244,0.0131467590745175
2.718,0.0,-1.2950922679144414e-05,-0.30457210110777594,0.013093473630775567
2.719,0.0,-1.210548285791511e-05,-0.3045536952408021,0.013039114754900286
2.72,0.0,-1.1246375889789428e-05,-0.3045351615284969,0.012983690437407098
2.721,0.0,-1.0375304706119145e-05,-0.3045165005141959,0.012927208819035942
2.722,0.0,-9.493977115560662e-06,-0.30449771275159637,0.012869678185142975
2.723,0.0,-8.604102640641437e-06,-0.3044787988046765,0.012811106960210398
2.724,0.0,-7.70738938267713e-06,-0.30445975924761265,0.01275150370247229
2.725,0.0,-6.805540920475526e-06,-0.3044405946646958,0.012690877098654449
2.726,0.0,-5.9002532481475335e-06,-0.30442130565024644,0.012629235958826385
2.727,0.0,-4.9932117572213594e-06,-0.30440189280852836,0.012566589211363343
2.728,0.0,-4.086088268123372e-06,-0.3043823567536613,0.012502945898016609
2.729,0.0,-3.1805381159488118e-06,-0.3043626981095325,0.012438315169090107
2.73,0.0,-2.278197295297458e-06,-0.3043429175097069,0.012372706278721534
2.731,0.0,-1.38067966879414e-06,-0.30432301559733693,0.0123061285802661
2.732,0.0,-4.895742437518431e-07,-0.30430299302507074,0.01223859152178115
2.733,0.0,3.93557478733473e-07,-0.3042828504549598,0.012170104641609888
2.734,0.0,1.267184078142017e-06,-0.30426258855836547,0.012100677564062422
2.735,0.0,2.129806708409494e-06,-0.3042422080158649,0.012030319995192476
2.736,0.0,2.9799615075787785e-06,-0.30422170951715594,0.011959041718668016
2.737,0.0,3.816221919666995e-06,-0.3042010937609615,0.011886852591734135
2.738,0.0,4.637200925386588e-06,-0.30418036145493293,0.011813762541266615
2.739,0.0,5.441553178558647e-06,-0.304159513315553,0.011739781559914488
2.74,0.0,6.227977045260212e-06,-0.30413855006803797,0.011664919702330034
2.741,0.0,6.995216542954146e-06,-0.30411747244623816,0.011589187137684153
2.742,0.0,7.74206317705994e-06,-0.3040962811925283,0.011512594681072968
2.743,0.0,8.467357672636182e-06,-0.30407497705767733,0.01143515507085172
2.744,0.0,9.169991599059887e-06,-0.3040535608007214,0.011356883210481058
2.745,0.0,9.848908885804127e-06,-0.3040320331888211,0.01127779609113442
2.746,0.0,1.0503107227632871e-05,-0.30401039499709875,0.011197912714125739
2.747,0.0,1.1131639377750408e-05,-0.3039886470084551,0.011117254013190131
2.748,0.0,1.1733614327661613e-05,-0.30396679001336746,0.011035842776651256
2.749,0.0,1.2308198372718347e-05,-0.30394482480966883,0.01095370356950935
2.75,0.0,1.285461606254595e-05,-0.30392275220231,0.01087086265548505
2.751,0.0,1.3372151035761795e-05,-0.30390057300310463,0.010787347919054438
2.7520000000000002,0.0,1.3860146738614752e-05,-0.30387828803045813,0.01070318878751161
2.753,0.0,1.4318007027389842e-05,-0.3038558981090815,0.010618416153095547
2.754,0.0,1.4745196654635883e-05,-0.30383340406969034,0.010533062295218582
2.755,0.0,1.5141241639485278e-05,-0.3038108067486907,0.010447160802834447
2.7560000000000002,0.0,1.5505729522543813e-05,-0.3037881069878513,0.010360746496984081
2.757,0.0,1.583830950603411e-05,-0.3037653056339639,0.010273855353558115
2.758,0.0,1.6138692480078888e-05,-0.3037424035384923,0.010186524426315067
2.759,0.0,1.640665093620898e-05,-0.3037194015572103,0.010098791770194876
2.7600000000000002,0.0,1.6642018769376045e-05,-0.3036963005498302,0.010010696364967469
2.761,0.0,1.684469096994045e-05,-0.30367310137962195,0.009922278039256539
2.762,0.0,1.701462320729088e-05,-0.30364980491302357,0.009833577394978756
2.763,0.0,1.715183130693341e-05,-0.30362641201924434,0.009744635732238952
2.7640000000000002,0.0,1.7256390623063774e-05,-0.303602923569861,0.009655494974721788
2.765,0.0,1.7328435308807197e-05,-0.30357934043840756,0.009566197595620697
2.766,0.0,1.736815748647497e-05,-0.3035556634999596,0.009476786544144735
2.767,0.0,1.737580632034609e-05,-0.30353189363071426,0.009387305172644125
2.7680000000000002,0.0,1.7351686994634947e-05,-0.3035080317075658,0.009297797164395112
2.769,0.0,1.729615959945264e-05,-0.3034840786076779,0.009208306462084771
2.77,0.0,1.7209637927709264e-05,-0.30346003520805365,0.00911887719703611
2.771,0.0,1.7092588186037716e-05,-0.3034359023851033,0.009029553619213817
2.7720000000000002,0.0,1.694552762294565e-05,-0.30341168101421095,0.008940380028050605
2.773,0.0,1.6769023077521354e-05,-0.30338737196930066,0.008851400704133901
2.774,0.0,1.6563689452131054e-05,-0.3033629761224028,0.00876265984179239
2.775,0.0,1.633018811264965e-05,-0.30333849434322113,0.00867420148262135
2.7760000000000002,0.0,1.606922521986376e-05,-0.30331392749870123,0.008586069449985596
2.777,0.0,1.5781549995775323e-05,-0.30328927645260123,0.008498307284538117
2.778,0.0,1.5467952928615634e-05,-0.30326454206506526,0.008410958180792277
2.779,0.0,1.5129263920453529e-05,-0.30323972519220005,0.008324064924784696
2.7800000000000002,0.0,1.4766350381347578e-05,-0.30321482668565564,0.008237669832865523
2.781,0.0,1.4380115274050247e-05,-0.3031898473922108,0.008151814691652109
2.782,0.0,1.3971495113322371e-05,-0.30316478815336334,0.00806654069918155
2.783,0.0,1.354145792395866e-05,-0.30313964980492647,0.007981888407296757
2.7840000000000003,0.0,1.3091001161659445e-05,-0.3031144331766311,0.007897897665300132
2.785,0.0,1.2621149600910536e-05,-0.3030891390917354,0.007814607564908121
2.786,0.0,1.2132953194051782e-05,-0.30306376836664145,0.007732056386539087
2.787,0.0,1.1627484905725906e-05,-0.30303832181052,0.007650281546966268
2.7880000000000003,0.0,1.1105838526902363e-05,-0.3030128002249436,0.007569319548366574
2.789,0.0,1.0569126472666509e-05,-0.3029872044035288,0.007489205928795253
2.79,0.0,1.0018477567952257e-05,-0.3029615351315875,0.007409975214115447
2.791,0.0,9.45503482537684e-06,-0.3029357931857888,0.007331660871410765
2.7920000000000003,0.0,8.879953219309308e-06,-0.3029099793338302,0.0072542952639080855
2.793,0.0,8.294397460270141e-06,-0.3028840943341208,0.007177909607436704
2.794,0.0,7.699539773718027e-06,-0.30285813893547475,0.007102533928449045
2.795,0.0,7.096557687231424e-06,-0.30283211387681713,0.007028197023627077
2.7960000000000003,0.0,6.486631830037413e-06,-0.3028060198869011,0.006954926421097475
2.797,0.0,5.8709437487784375e-06,-0.3027798576840382,0.006882748343277567
2.798,0.0,5.250673743339241e-06,-0.30275362797584093,0.006811687671372955
2.799,0.0,4.62699872648166e-06,-0.3027273314589788,0.006741767911546564
2.8000000000000003,0.0,4.001090110954248e-06,-0.3027009688189476,0.006673011162777798
2.801,0.0,3.374111727657077e-06,-0.30267454072985256,0.006605438086429266
2.802,0.0,2.7472177783498166e-06,-0.3026480478542058,0.006539067877537347
2.803,0.0,2.121550826293474e-06,-0.3026214908427377,0.006473918237841775
2.8040000000000003,0.0,1.4982398281132487e-06,-0.30259487033422333,0.006410005350568092
2.805,0.0,8.783982100620713e-07,-0.30256818695532356,0.006347343856975658
2.806,0.0,2.631219917517693e-07,-0.30254144132044136,0.006285946834682674
2.807,0.0,-3.46512039698292e-07,-0.3025146340315933,0.006225825777778393
2.8080000000000003,0.0,-9.494481022665478e-07,-0.30248776567829666,0.0061669905787314575
2.809,0.0,-1.5446531356852742e-06,-0.30246083683747244,0.006109449512101987
2.81,0.0,-2.131118459572992e-06,-0.3024338480733638,0.006053209220063813
2.811,0.0,-2.7078613706012585e-06,-0.3024067999374709,0.005998274699741883
2.8120000000000003,0.0,-3.273926676389361e-06,-0.3023796929685014,0.005944649292368619
2.813,0.0,-3.828388163958781e-06,-0.3023525276923381,0.005892334674261647
2.814,0.0,-4.370350000720233e-06,-0.30232530462202173,0.0058413308496240105
2.815,0.0,-4.898948066109297e-06,-0.3022980242577509,0.005791636145166628
2.816,0.0,-5.4133512121319145e-06,-0.30227068708689836,0.005743247206551467
2.817,0.0,-5.912762451227973e-06,-0.3022432935840437,0.005696158996652438
2.818,0.0,-6.396420070009602e-06,-0.30221584421102254,0.005650364795629808
2.819,0.0,-6.863598667580391e-06,-0.30218833941699214,0.00560585620281246
2.82,0.0,-7.313610117292125e-06,-0.30216077963851357,0.0055626231403809855
2.821,0.0,-7.745804450946703e-06,-0.3021331652996504,0.00552065385884328
2.822,0.0,-8.159570664602205e-06,-0.30210549681208376,0.005479934944292835
2.823,0.0,-8.554337445293431e-06,-0.30207777457524354,0.005440451327438674
2.824,0.0,-8.929573818128347e-06,-0.302049998976456,0.005402186294394374
2.825,0.0,-9.284789713372462e-06,-0.30202217039110757,0.005365121499212342
2.826,0.0,-9.619536453282955e-06,-0.3019942891828243,0.005329236978148057
2.827,0.0,-9.933407158603107e-06,-0.30196635570366764,0.005294511165637699
2.828,0.0,-1.0226037074775025e-05,-0.3019383702943457,0.005260920911971098
2.829,0.0,-1.049710381807447e-05,-0.3019103332844399,0.0052284415026407054
2.83,0.0,-1.0746327542015674e-05,-0.3018822449926471,0.005197046679345769
2.831,0.0,-1.0973471024515949e-05,-0.3018541057270371,0.005166708662629698
2.832,0.0,-1.117833967644955e-05,-0.30182591578532453,0.0051373981761270995
2.833,0.0,-1.1360781472357408e-05,-0.3017976754551559,0.005109084472395722
2.834,0.0,-1.1520686804213648e-05,-0.30176938501441086,0.005081735360307178
2.835,0.0,-1.1657988259281223e-05,-0.3017410447315175,0.0050553172339689615
2.836,0.0,-1.177266032321716e-05,-0.3017126548657819,0.005029795103149032
2.837,0.0,-1.1864719009712699e-05,-0.3016842156677307,0.005005132625172846
2.838,0.0,-1.193422141807484e-05,-0.3016557273794674,0.004981292138261532
2.839,0.0,-1.1981265220273208e-05,-0.30162719023504136,0.004958234696278548
2.84,0.0,-1.2005988079089667e-05,-0.30159860446082953,0.004935920104850987
2.841,0.0,-1.2008566999117463e-05,-0.3015699702759301,0.00491430695883041
2.842,0.0,-1.1989217612461774e-05,-0.3015412878925684,0.004893352681056904
2.843,0.0,-1.194819340109424e-05,-0.3015125575165141,0.004873013562388884
2.844,0.0,-1.188578485791012e-05,-0.3014837793475095,0.004853244802959995
2.845,0.0,-1.180231858862816e-05,-0.30145495357970825,0.00483400055462331
2.846,0.0,-1.1698156356759875e-05,-0.30142608040212515,0.004815233964541972
2.847,0.0,-1.1573694073956589e-05,-0.3013971599990948,0.0047968972198842875
2.848,0.0,-1.1429360738119277e-05,-0.3013681925507383,0.004778941798891354
2.849,0.0,-1.1265617321727768e-05,-0.3013391782334296,0.004761319503018501
2.85,0.0,-1.108295561291223e-05,-0.3013101172202596,0.004743983371495893
2.851,0.0,-1.0881897011850957e-05,-0.3012810096814963,0.004726887833773261
2.852,0.0,-1.0662991285134241e-05,-0.30125185578503266,0.00470998868176393
2.853,0.0,-1.0426815280784508e-05,-0.301222655696821,0.004693243042545018
2.854,0.0,-1.0173971606667886e-05,-0.30119340958129426,0.004676609351507263
2.855,0.0,-9.905087275071955e-06,-0.30116411760177453,0.004660047325948159
2.856,0.0,-9.620812316258491e-06,-0.30113477992086873,0.0046435179391020355
2.857,0.0,-9.321818363828691e-06,-0.30110539670085207,0.004626983394600914
2.858,0.0,-9.008797214761507e-06,-0.30107596810403936,0.004610407101359919
2.859,0.0,-8.682459367003494e-06,-0.3010464942931445,0.004593753648881213
2.86,0.0,-8.343532537500838e-06,-0.30101697543162836,0.004576988782970419
2.861,0.0,-7.992760163571157e-06,-0.30098741168403514,0.004560079381859588
2.862,0.0,-7.630899890514224e-06,-0.3009578032163178,0.004542993432730879
2.863,0.0,-7.25872204835702e-06,-0.3009281501961525,0.00452570000863512
2.864,0.0,-6.877008120619515e-06,-0.3008984527932421,0.004508169245799551
2.865,0.0,-6.486549207973418e-06,-0.3008687111796099,0.004490372321319103
2.866,0.0,-6.088144489646881e-06,-0.30083892552988234,0.004472281431225587
2.867,0.0,-5.68259968540385e-06,-0.3008090960215622,0.0044538697689293525
2.868,0.0,-5.2707255208975725e-06,-0.30077922283529185,0.004435111504027896
2.869,0.0,-4.8533361991637555e-06,-0.3007493061551068,0.004415981761476094
2.87,0.0,-4.431247880980162e-06,-0.3007193461686801,0.004396456601112717
2.871,0.0,-4.005277176776111e-06,-0.30068934306755735,0.004376512997538015
2.872,0.0,-3.5762396527276055e-06,-0.3006592970473827,0.004356128820337156
2.873,0.0,-3.1449483536216935e-06,-0.30062920830811635,0.004335282814644432
2.874,0.0,-2.712212345017373e-06,-0.30059907705424305,0.004313954582043185
2.875,0.0,-2.2788352771700313e-06,-0.30056890349497245,0.00429212456179645
2.876,0.0,-1.8456139731221406e-06,-0.3005386878444313,0.0042697740124034165
2.8770000000000002,0.0,-1.4133370432949651e-06,-0.30050843032184704,0.004246884993476814
2.878,0.0,-9.82783528844459e-07,-0.30047813115172456,0.004223440347936493
2.879,0.0,-5.54721575969556e-07,-0.300447790564014,0.004199423684514372
2.88,0.0,-1.2990714328282381e-07,-0.30041740879427214,0.004174819360566175
2.8810000000000002,0.0,2.9091725572784584e-07,-0.30038698608381575,0.004149612465185265
2.882,0.0,7.070237732020215e-07,-0.300356522679868,0.004123788802614066
2.883,0.0,1.1177004085164056e-06,-0.3003260188356979,0.004097334875948577
2.884,0.0,1.5222521492332297e-06,-0.3002954748107528,0.004070237871131505
2.8850000000000002,0.0,1.9200020697109614e-06,-0.30026489087078406,0.004042485641229694
2.886,0.0,2.310292385794813e-06,-0.3002342672879664,0.004014066690991458
2.887,0.0,2.6924854641003965e-06,-0.3002036043410108,0.003984970161679644
2.888,0.0,3.0659647845014805e-06,-0.30017290231527094,0.00395518581617611
2.8890000000000002,0.0,3.4301358545319717e-06,-0.3001421615028439,0.003924704024353567
2.89,0.0,3.7844270745127974e-06,-0.3001113822026646,0.0038935157487106067
2.891,0.0,4.128290552316052e-06,-0.30008056472059447,0.0038616125302659097
2.892,0.0,4.461202866781474e-06,-0.3000497093695046,0.0038289864747076494
2.8930000000000002,0.0,4.782665778903747e-06,-0.3000188164693532,0.003795630238794121
2.894,0.0,5.092206890013185e-06,-0.2999878863472577,0.0037615370170017413
2.895,0.0,5.38938024627674e-06,-0.2999569193375616,0.003726700528416573
2.896,0.0,5.673766888950904e-06,-0.2999259157818961,0.003691115003865586
2.8970000000000002,0.0,5.944975349922665e-06,-0.29989487602923676,0.0036547751732839413
2.898,0.0,6.202642092179083e-06,-0.29986380043595523,0.003617676253314602
2.899,0.0,6.446431894950071e-06,-0.2998326893658664,0.0035798139351366433
2.9,0.0,6.6760381833724305e-06,-0.29980154319027036,0.0035411843725186827
2.9010000000000002,0.0,6.891183302625878e-06,-0.2997703622879906,0.003501784170093899
2.902,0.0,7.0916187365935696e-06,-0.299739147045407,0.0034616103718531467
2.903,0.39033704492528326,7.277125271200313e-06,-0.2997078978564852,0.0034206604498527296
2.904,0.553325087004856,7.686473975049471e-06,-0.2996768070193628,0.0033797295742596365
2.9050000000000002,0.7094773697708818,8.536102561567475e-06,-0.29964605154011337,0.003339518877996873
2.906,0.8576639658256824,9.949455798445471e-06,-0.2996157358515112,0.0033004055616401577
2.907,0.9968597242253312,1.2041124504764334e-05,-0.29958595907104024,0.0032627299577080455
2.908,1.1261509685842208,1.4915875278027202e-05,-0.29955681431449943,0.0032267939386366948
2.9090000000000003,1.2447409675693024,1.866780013168964e-05,-0.29952838808422827,0.0031928597146792708
2.91,1.3519541599367002,2.3379590934297058e-05,-0.29950075973561224,0.003161149022111126
2.911,1.4472391283603072,2.9121942233323728e-05,-0.29947400102469196,0.003131842698426993
2.912,1.5301703280952934,3.5953084740488965e-05,-0.2994481757388645,0.0031050806376673175
2.9130000000000003,1.6004485879413457,4.391845046284656e-05,-0.29942333941183114,0.0030809621156387694
2.914,1.657900411910132,5.3050469196983555e-05,-0.2993995391231245,0.003059546471626617
2.915,1.702476120376446,6.336849487334079e-05,-0.2993768133817456,0.0030408541302584624
2.916,1.7342468792407206,7.48788590544628e-05,-0.2993551920926646,0.0030248679444904916
2.9170000000000003,1.7534006746514585,8.757504776465531e-05,-0.29933469660419554,0.003011534838265267
2.918,1.7602372991183637,0.00010143799676804695,-0.29931533983354913,0.003000767725247144
2.919,1.7551624222776325,0.00011643649942554897,-0.2992971264672066,0.002992447678185932
2.92,1.7386808261593265,0.00013252772035591211,-0.29928005323214546,0.00298642632189674
2.9210000000000003,1.711388890486832,0.00014965780730828972,-0.2992641092333887,0.0029825284215756432
2.922,1.673966418281933,0.00016776259292875802,-0.29924927635284726,0.002980554637195499
2.923,1.6271678958660072,0.0001867683774754543,-0.29923552970398465,0.0029802844140403096
2.924,1.5718132841766173,0.00020659278300970006,-0.29922283813645434,0.0029814789790341286
2.9250000000000003,1.5087784402113469,0.00022714566916600117,-0.29921116478454646,0.002983884412394153
2.926,1.4389852683322801,0.0002483301002834649,-0.2992004676530339,0.0029872347642788534
2.927,1.3633917011424388,0.00027004335346526913,-0.29919070023382627,0.0029912551865009193
2.928,1.2829816086985466,0.00029217795702068993,-0.29918181214672823,0.002995665050021265
2.9290000000000003,1.198754732995627,0.0003146227487342385,-0.29917374979754774,0.003000181019823034
2.93,1.1117167419346312,0.00033726394349614826,-0.2991664570468204,0.0030045200598717925
2.931,1.0228694934910625,0.0003599862000143988,-0.29915987588249365,0.003008402342187245
2.932,0.9332015964919391,0.0003826736766064504,-0.2991539470900566,0.003011554035569359
2.9330000000000003,0.8436793494218543,0.00040521106643392,-0.2991486109137993,0.003013709951223198
2.934,0.7552381330201978,0.0004274846029898783,-0.299143807703139,0.0030146160243962315
2.935,0.6687743262016097,0.0004493830271699861,-0.29913947853825396,0.0030140316131623043
2.936,0.5851378080835541,0.0004707985078484515,-0.2991355658296167,0.0030117315976392342
2.9370000000000003,0.5051251017252212,0.0004916275085304401,-0.29913201388640975,0.0030075082651921515
2.938,0.4294732076454922,0.0005117715933563607,-0.2991287694492376,0.0030011729695308092
2.939,0.35885416737873804,0.0005311381664823329,-0.29912578218300945,0.002992557554033388
2.94,0.29387038932461806,0.0005496411396468265,-0.2991230051263562,0.0029815155320981105
2.9410000000000003,0.23505076103902664,0.0005672015235475296,-0.299120395094456,0.0029679230198126605
2.942,0.18284756397112525,0.000583747939486457,-0.29911791303266727,0.0029516794187148397
2.943,0.13763419858803916,0.0005992170485867013,-0.29911552431890753,0.002932707848871031
2.944,0.09970371987053044,0.0006135538967327074,-0.29911319901325606,0.0029109553348969854
2.945,0.06926817542155296,0.0006267121742293557,-0.29911091205380336,0.002886392749864018
2.946,0.04645873100528365,0.0006386543900055725,-0.29910864339830484,0.0028590145242500687
2.947,0.031326561190880106,0.0006493519609980932,-0.2991063781117252,0.002828838129187479
2.948,0.02384447610332839,0.0006587852181332222,-0.2991041064002704,0.0027959033452085056
2.949,0.023909249041712998,0.0006669433310722577,-0.2991018235929975,0.002760271329477697
2.95,0.031344603993089123,0.0006738241545935061,-0.29909953007256074,0.0027220234961124723
2.951,0.04590439477834982,0.000679434000119294,-0.2990972311570748,0.002681260376071867
2.952,0.06727587518940203,0.0006837873361689756,-0.29909493693521305,0.0026381010086765047
2.953,0.09508437273440257,0.0006869064217924636,-0.29909266205679774,0.002592682443697657
2.954,0.12889899136738198,0.0006888208781919355,-0.2990904254819975,0.0025451582075074826
2.955,0.16823820158214992,0.0006895672045550848,-0.2990882501928692,0.002495696421320649
2.956,0.21257576144215487,0.0006891882442100478,-0.29908616287102047,0.0024444778408978596
2.957,0.2613469035618535,0.0006877326074745605,-0.29908419354535526,0.0023916938383039825
2.958,0.31395472232915045,0.0006852540578078666,-0.2990823752140437,0.0023375443462861386
2.959,0.3697766955867664,0.0006818108680410399,-0.29908074344499047,0.0022822357856086177
2.96,0.4281712755447491,0.0006774651535600053,-0.2990793359591663,0.0022259789952608425
2.961,0.4884844848328642,0.0006722821893466081,-0.29907819220121273,0.002168987184852621
2.962,0.5500564553475444,0.0006663297177481525,-0.29907735290173443,0.002111473927739676
2.963,0.612227849801326,0.0006596772537470696,-0.29907685963565406,0.002053651212495436
2.964,0.674346108648503,0.000652395394342457,-0.29907675438092696,0.0019957275692765505
2.965,0.7357714683012999,0.0006445551384373602,-0.2990770790817951,0.0019379062864349323
2.966,0.7958827001678831,0.0006362272233534854,-0.29907787522060725,0.0018803837314240635
2.967,0.854082524091036,0.0006274814837725901,-0.29907918340204537,0.0018233477886481996
2.968,0.9098026540632886,0.0006183862385355145,-0.2990810429533786,0.0017669764254265353
2.969,0.9625084387318759,0.0006090077103204023,-0.2990834915441212,0.0017114363957070767
2.97,1.0117030640058362,0.0005994094827760889,-0.2990865648281985,0.0016568820895835712
2.971,1.056931290091874,0.0005896519992100791,-0.29909029611143273,0.001603454535059867
2.972,1.0977827003886484,0.0005797921064283008,-0.29909471604684845,0.0015512805568856105
2.973,1.1338944448516866,0.0005698826468013301,-0.2990998523599709,0.0015004720956709754
2.974,1.1649534656424902,0.0005599721010944638,-0.2991057296059521,0.00145112568889111
2.975,1.1906981980476876,0.000550104284052321,-0.29911236896001336,0.0014033221138275566
2.976,1.2109197447355713,0.0005403180941779404,-0.2991197880423415,0.0013571261909774643
2.977,1.2254625264004155,0.0005306473185968871,-0.299128000778224,0.0013125867450044992
2.978,1.2342244166540113,0.0005211204933537812,-0.29913701729385705,0.0012697367189194386
2.979,1.2371563736142694,0.0005117608189568378,-0.2991468438479171,0.0012285934358738833
2.98,1.2342615850271625,0.0005025861304701253,-0.29915748279864757,0.0011891590017366201
2.981,1.2255941478378387,0.000493608920957716,-0.2991689326058889,0.001151420840506927
2.982,1.2112573069277532,0.00048483641661279937,-0.2991811878671673,0.001115352353609476
2.983,1.1914012811800019,0.0004762707014619332,-0.29919423938666345,0.0010809136932171128
2.984,1.1662207081705882,0.00046790888912328667,-0.2992080742756059,0.0010480526389652501
2.985,1.1359517414935736,0.00045974333872102587,-0.2992226760823789,0.0010167055667582357
2.986,1.100868837096633,0.00045176191171848837,-0.2992380249504019,0.0009867984978261975
2.987,1.0612812669436844,0.00044394826613271027,-0.2992540978016308,0.0009582482157716751
2.988,1.0175293998729393,0.0004362821843339583,-0.2992708685433471,0.0009309634390490579
2.989,0.9699807906493929,0.00042873993041753666,-0.29928830829574693,0.0009048460361456423
2.99,0.9190261189279841,0.00042129463296218907,-0.29930638563771284,0.0008797922706792983
2.991,0.8650750201669393,0.0004139166888603806,-0.299325066868051,0.0008556940636916539
2.992,0.8085518504351876,0.00040657418382068577,-0.2993443162794047,0.0008324402605939299
2.993,0.7498914265877686,0.00039923332510107093,-0.29936409644201034,0.0008099178905107666
2.994,0.689534782425937,0.0003918588820332876,-0.2993843684944456,0.0007880134061605343
2.995,0.6279249802472506,0.0003844146299417563,-0.29940509243853153,0.0007666138929029157
2.996,0.5655030156417364,0.0003768637931437177,-0.2994262274355855,0.0007456082361694399
2.997,0.5027038515203097,0.00036916948283922073,-0.2994477321012861,0.0007248882371629838
2.998,0.439952615201134,0.000361295125857559,-0.29946956479649656,0.0007043496674602522
2.999,0.37766099087818217,0.00035320488041867213,-0.29949168391150305,0.0006838932536398041
3.0,0.3162238358183045,0.0003448640352916949,-0.2995140481412549,0.0006634255832799889
3.001,0.2560160449360681,0.0003362393889843137,-0.2995366167493429,0.000642859926554469
3.0020000000000002,0.19742356626113555,0.000327299607923428,-0.299559349820252,0.0006221048001963163
3.003,0.14082397547872177,0.0003180155845857753,-0.29958220851726103,0.0006010288551067784
3.004,0.08654053358058032,0.0003083607773072202,-0.2996051553320882,0.0005794990010711894
3.005,0.03486479991830735,0.00029831150302443287,-0.2996281543032304,0.0005573932271036253
3.0060000000000002,0.0,0.0002878471935996238,-0.2996511712114328,0.0005346010660226239
3.007,0.0,0.0002769647756711672,-0.29967418511779603,0.0005110708563371613
3.008,0.0,0.00026568547845325606,-0.2996971940126341,0.00048683145224165175
3.009,0.0,0.0002540338234777571,-0.2997201981336283,0.00046192061915261513
3.0100000000000002,0.0,0.00024203476743340477,-0.2997431977250458,0.00043637522204623044
3.011,0.0,0.0002297136523169556,-0.2997661930373781,0.00041023124176557284
3.012,0.0,0.00021709615537757613,-0.2997891843269884,0.00038352379107736646
3.013,0.0,0.00020420823894781961,-0.2998121718557671,0.00035628713048153806
3.0140000000000002,0.0,0.00019107610025382386,-0.2998351558907958,0.00032855468377682975
3.015,0.0,0.00017772612129647917,-0.2998581367040198,0.0003003590533856917
3.016,0.0,0.00016418481889427295,-0.2998811145719281,0.00027173203544163997
3.017,0.0,0.00015047879497731982,-0.29990408977524186,0.00024270463464223766
3.0180000000000002,0.0,0.00013663468722073773,-0.29992706259860996,0.0002133070788708169
3.019,0.0,0.0001226791201040343,-0.29995003333031295,0.00018356883359003023
3.02,0.0,0.00010863865648152776,-0.2999730022619738,0.0001535186160102868
3.021,0.0,9.45397497470498e-05,-0.2999959696882765,0.00012318440903609395
3.0220000000000002,0.0,8.040869667426432e-05,-0.30001893590669143,9.259347499329383e-05
3.023,0.0,6.62715910118953e-05,-0.30004190121720803,6.177236914015207e-05
3.024,0.0,5.215427791099065e-05,-0.3000648659220744,3.074695296522223e-05
3.025,0.0,3.808230925906428e-05,-0.30008783032554365,-4.575927251210867e-07
3.0260000000000002,0.0,2.4080899993559434e-05,-0.3001107947336269,-3.1816754926620106e-05
3.027,0.0,1.0174885464569816e-05,-0.3001337594538529,-6.330667576171383e-05
3.028,0.0,-3.6113200858550344e-06,-0.3001567247950339,-9.490414000596285e-05
3.029,0.0,-1.7253763863199912e-05,-0.3001796910670382,-0.00012658656281355234
3.0300000000000002,0.0,-3.072899361694685e-05,-0.3002026585805682,-0.00015833197763913902
3.031,0.0,-4.4014095435070446e-05,-0.30022562764694555,-0.0001901190243533366
3.032,0.0,-5.708673018058617e-05,-0.30024859857790104,-0.0002219269375491673
3.033,0.0,-6.992516851720631e-05,-0.3002715716853712,-0.00025373553503683477
3.0340000000000003,0.0,-8.250832447425815e-05,-0.30029454728130045,-0.0002855252065242068
3.035,0.0,-9.481578750417928e-05,-0.3003175256774484,-0.00031727690248042325
3.036,0.0,-0.00010682785298911897,-0.3003405071852033,-0.00034897212318007635
3.037,0.0,-0.00011852555115643556,-0.3003634921154003,-0.00038059290792544025
3.0380000000000003,0.0,-0.00012989067436618235,-0.30038648077814567,-0.0004121218244442535
3.039,0.0,-0.0001409058027370105,-0.3004094734826454,-0.0004435419584605898
3.04,0.0,-0.00015155432808028273,-0.3004324705370394,-0.0004748369034363812
3.041,0.0,-0.00016182047611557735,-0.30045547224824065,-0.0005059907504811837
3.0420000000000003,0.0,-0.00017168932694416373,-0.300478478921779,-0.0005369880784278063
3.043,0.0,-0.0001811468337604411,-0.30050149086164996,-0.0005678139440714534
3.044,0.0,-0.00019017983978474444,-0.30052450837016825,-0.0005984538725700534
3.045,0.0,-0.00019877609340433205,-0.3005475317478255,-0.0006288938480034816
3.0460000000000003,0.0,-0.00020692426151276664,-0.300570561293153,-0.000659120304089405
3.047,0.0,-0.0002146139410412873,-0.30059359730258856,-0.0006891201150535107
3.048,0.0,-0.0002218356686791293,-0.3006166400703476,-0.0007188805866519012
3.049,0.0,-0.0002285809287830834,-0.30063968988829887,-0.0007483894473434707
3.0500000000000003,0.0,-0.00023484215947988546,-0.30066274704584384,-0.0007776348396101005
3.051,0.0,-0.00024061275696828766,-0.3006858118298005,-0.0008066053114225383
3.052,0.0,-0.0002458870780308783,-0.30070888452429084,-0.0008352898078498539
3.053,0.0,-0.000250660440768882,-0.30073196541063274,-0.0008636776628103868
3.0540000000000003,0.0,-0.000254929123576282,-0.300755054767235,-0.0008917585909621303
3.055,0.0,-0.00025869036237265424,-0.3007781528694966,-0.0009195226797305171
3.056,0.0,-0.00026194234611708685,-0.30080125998970936,-0.0009469603814716032
3.057,0.0,-0.0002646842106284704,-0.3008243763969644,-0.0009740625057686652
3.0580000000000003,0.0,-0.0002669160307402827,-0.30084750235706187,-0.0010008202118602554
3.059,0.0,-0.00026863881082074824,-0.3008706381324242,-0.0010272250011977803
3.06,0.0,-0.00026985447369192876,-0.30089378398201283,-0.001053268710130695
3.061,0.0,-0.0002705658479838852,-0.30091694016124804,-0.0010789435027174295
3.0620000000000003,0.0,-0.0002707766539625486,-0.3009401069219322,-0.0011042418636601815
3.063,0.0,-0.0002704914878723344,-0.3009632845121758,-0.0011291565913617444
3.064,0.0,-0.00026971580483683765,-0.30098647317632704,-0.0011536807911025542
3.065,0.0,-0.00026845590036314295,-0.30100967315490407,-0.001177807868336157
3.0660000000000003,0.0,-0.0002667188904973792,-0.3010328846845304,-0.0012015315221013427
3.067,0.0,-0.00026451269068113355,-0.3010561079978728,-0.0012248457385491845
3.068,0.0,-0.000261845993360215,-0.30107934332358277,-0.0012477447845832732
3.069,0.0,-0.0002587282443990229,-0.30110259088623986,-0.0012702232016114335
3.0700000000000003,0.0,-0.0002551696183554217,-0.30112585090629834,-0.0012922757994072523
3.071,0.0,-0.00025118099267255797,-0.30114912360003626,-0.001313897650079758
3.072,0.0,-0.0002467739208454672,-0.3011724091795071,-0.001335084082149612
3.073,0.0,-0.00024196060462161427,-0.3011957078524939,-0.0013558306747302
3.074,0.0,-0.0002367538652956833,-0.3012190198224659,-0.0013761332518120314
3.075,0.0,-0.0002311671141599856,-0.30124234528853766,-0.001395987876648868
3.076,0.0,-0.0002252143221727835,-0.30126568444543034,-0.0014153908462440326
3.077,0.0,-0.00021890998890763434,-0.30128903748343544,-0.0014343386859353682
3.078,0.0,-0.00021226911084754236,-0.30131240458838066,-0.0014528281440773303
3.079,0.0,-0.0002053071490882668,-0.30133578594159804,-0.0014708561868187232
3.08,0.0,-0.00019803999651557175,-0.3013591817198942,-0.0014884199929746092
3.081,0.0,-0.00019048394452151788,-0.30138259209552265,-0.0015055169489909337
3.082,0.0,-0.0001826556493250898,-0.3014060172361582,-0.001522144644000438
3.083,0.0,-0.00017457209796252406,-0.30142945730487314,-0.0015383008649684415
3.084,0.0,-0.00016625057401265536,-0.3014529124601159,-0.001553983591927099
3.085,0.0,-0.0001577086231224318,-0.30147638285569084,-0.0015691909932967572
3.086,0.0,-0.00014896401839746602,-0.30149986864074046,-0.001583921421293052
3.087,0.0,-0.00014003472572209007,-0.30152336995972934,-0.001598173407418403
3.088,0.0,-0.00013093886907286875,-0.3015468869524295,-0.0016119456580365914
3.089,0.0,-0.00012169469588890198,-0.30157041975390786,-0.001625237050029108
3.09,0.0,-0.00011232054256151272,-0.3015939684945153,-0.0016380466265319897
3.091,0.0,-0.00010283480010507659,-0.30161753329987717,-0.001650373592751879
3.092,0.0,-9.325588006980445e-05,-0.3016411142908854,-0.001662217311860043
3.093,0.0,-8.360218075624274e-05,-0.3016647115836925,-0.0016735773009631373
3.094,0.0,-7.389205379011135e-05,-0.3016883252897067,-0.001684453227149473
3.095,0.0,-6.414377111485852e-05,-0.30171195551558855,-0.0016948449036096084
3.096,0.0,-5.437549245797918e-05,-0.3017356023632494,-0.0017047522858300629
3.097,0.0,-4.460523332572157e-05,-0.3017592659298507,-0.0017141754678590025
3.098,0.0,-3.4850833579299526e-05,-0.30178294630780506,-0.0017231146786427242
3.099,0.0,-2.512992664413891e-05,-0.30180664358477843,-0.0017315702784318258
3.1,0.0,-1.5459909402019115e-05,-0.3018303578436938,-0.0017395427552559237
3.101,0.0,-5.85791281422904e-06,-0.30185408916273565,-0.0017470327214658239
3.102,0.0,3.659226677955232e-06,-0.30187783761535636,-0.00175404091034205
3.103,0.0,1.3074994931042303e-05,-0.3019016032702832,-0.001760568172768663
3.104,0.0,2.237322701285909e-05,-0.30192538619152665,-0.001766615473971305
3.105,0.0,3.15381332113574e-05,-0.30194918643838997,-0.0017721838903184274
3.106,0.0,4.055432410025771e-05,-0.3019730040654798,-0.0017772746061846779
3.107,0.0,4.940683462519708e-05,-0.3019968391227175,-0.001781888910875422
3.108,0.0,5.8081147176196206e-05,-0.3020206916553523,-0.0017860281956114052
3.109,0.0,6.656321361444955e-05,-0.3020445617039743,-0.001789693950572571
3.11,0.0,7.483947622366823e-05,-0.30206844930452986,-0.0017928877620000578
3.111,0.0,8.289688755846284e-05,-0.3020923544883365,-0.0017956113093554205
3.112,0.0,9.072292916453931e-05,-0.30211627728209967,-0.0017978663625361254
3.113,0.0,9.830562914778891e-05,-0.30214021770793015,-0.0017996547791463968
3.114,0.0,0.00010563357857168195,-0.30216417578336213,-0.0018009785018224891
3.115,0.0,0.0001126959466647159,-0.30218815152137246,-0.0018018395556114858
3.116,0.0,0.00011948249482202116,-0.30221214493040033,-0.0018022400454027255
3.117,0.0,0.00012598358938758488,-0.302236156014368,-0.0018021821534109914
3.118,0.0,0.00013219021320591228,-0.3022601847727022,-0.0018016681367105738
3.119,0.0,0.00013809397593430027,-0.3022842312003564,-0.001800700324819382
3.12,0.0,0.00014368712310924706,-0.3023082952878334,-0.0017992811173322377
3.121,0.0,0.00014896254396285763,-0.302332377021209,-0.0017974129816025366
3.122,0.0,0.00015391377798742642,-0.30235647638215646,-0.0017950984504714583
3.123,0.0,0.0001585350202486799,-0.30238059334797085,-0.0017923401200439137
3.124,0.0,0.000162821125450439,-0.3024047278915949,-0.001789140647510447
3.125,0.0,0.00016676761075571153,-0.3024288799816449,-0.0017855027490143011
3.126,0.0,0.00017037065737144266,-0.3024530495824375,-0.0017814291975628822
3.1270000000000002,0.0,0.00017362711090633502,-0.3024772366540167,-0.0017769228209828622
3.128,0.0,0.0001765344805132938,-0.3025014411521817,-0.001771986499918175
3.129,0.0,0.00017909093683015427,-0.3025256630285152,-0.001766623165870164
3.13,0.0,0.0001812953087344049,-0.3025499022304121,-0.0017608357992791644
3.1310000000000002,0.0,0.00018314707892962592,-0.30257415870110876,-0.0017546274276467964
3.132,0.0,0.00018464637838331842,-0.3025984323797126,-0.0017480011236982724
3.133,0.0,0.00018579397963769718,-0.3026227232012325,-0.0017409600035840187
3.134,0.0,0.0001865912890168626,-0.30264703109660906,-0.0017335072251199342
3.1350000000000002,0.0,0.00018704033775554597,-0.3026713559927457,-0.001725645986065612
3.136,0.0,0.00018714377207633916,-0.30269569781254013,-0.0017173795224398563
3.137,0.0,0.00018690484224396999,-0.30272005647491596,-0.0017087111068728492
3.138,0.0,0.0001863273906267657,-0.30274443189485484,-0.0016996440469943164
3.1390000000000002,0.0,0.00018541583879695832,-0.30276882398342886,-0.0016901816838570704
3.14,0.0,0.0001841751737029233,-0.3027932326478335,-0.0016803273903952926
3.141,0.0,0.0001826109329478069,-0.3028176577914204,-0.00167008456991695
3.142,0.0,0.00018072918921028416,-0.3028420993137311,-0.001659456654629745
3.1430000000000002,0.0,0.00017853653384439897,-0.3028665571105304,-0.00164844710419999
3.144,0.0,0.00017604005969656673,-0.3028910310738405,-0.0016370594043438312
3.145,0.0,0.00017324734317886962,-0.30291552109197517,-0.0016252970654502426
3.146,0.0,0.00017016642563874126,-0.302940027049574,-0.001613163621235217
3.1470000000000002,0.0,0.00016680579406602185,-0.30296454882763724,-0.0016006626274265967
3.148,0.0,0.00016317436117916595,-0.3029890863035606,-0.0015877976604789959
3.149,0.0,0.00015928144493310167,-0.30301363935117037,-0.0015745723163182678
3.15,0.0,0.0001551367474918716,-0.30303820784075874,-0.001560990209114981
3.1510000000000002,0.0,0.00015075033370973344,-0.3030627916391191,-0.001547054970086388
3.152,0.0,0.00014613260916485996,-0.30308739060958173,-0.0015327702463263555
3.153,0.0,0.00014129429779015455,-0.3031120046120496,-0.0015181396996627567
3.154,0.0,0.00013624641914599086,-0.3031366335030343,-0.0015031670055418195
3.1550000000000002,0.0,0.00013100026537989207,-0.303161277135692,-0.001487855851938937
3.156,0.0,0.00012556737791828834,-0.3031859353598597,-0.0014722099382954558
3.157,0.0,0.0001199595239355309,-0.30321060802209143,-0.0014562329744809614
3.158,0.0,0.00011418867264529742,-0.30323529496569473,-0.0014399286797805923
3.1590000000000003,0.0,0.00010826697145939867,-0.30325999603076714,-0.0014233007819069142
3.16,0.0,0.00010220672205878997,-0.30328471105423266,-0.0014063530160359067
3.161,0.0,9.602035642130598e-05,-0.30330943986987846,-0.0013890891238666036
3.162,0.0,8.972041285027231e-05,-0.3033341823083915,-0.0013715128527039542
3.1630000000000003,0.0,8.331951204770755e-05,-0.3033589381973954,-0.0013536279545644635
3.164,0.0,7.68303332753124e-05,-0.3033837073614871,-0.001335438185304188
3.165,0.0,7.026559064585275e-05,-0.3034084896222739,-0.001316947303768664
3.166,0.0,6.363800958688194e-05,-0.30343328479841003,-0.0012981590709643547
3.1670000000000003,0.0,5.69603035180156e-05,-0.3034580927056338,-0.001279077249251208
3.168,0.0,5.024515078217303e-05,-0.3034829131568043,-0.0012597056015559269
3.169,0.0,4.3505171870333427e-05,-0.3035077459619386,-0.0012400478906055522
3.17,0.0,3.6752906978426895e-05,-0.30353259092824825,-0.0012201078781809748
3.1710000000000003,0.0,3.000079393398963e-05,-0.30355744786017647,-0.001199889324389993
3.172,0.0,2.326114652916415e-05,-0.30358231655943496,-0.001179395986959541
3.173,0.0,1.6546133295520184e-05,-0.30360719682504067,-0.0011586316205467143
3.174,0.0,9.867756755013006e-06,-0.3036320884533527,-0.0011375999760682351
3.1750000000000003,0.0,3.237833180186157e-06,-0.30365699123810913,-0.0011163048000479966
3.176,0.0,-3.3320271045327842e-06,-0.3036819049704636,-0.001094749833982334
3.177,0.0,-9.830438849898528e-06,-0.30370682943902216,-0.0010729388137226768
3.178,0.0,-1.6246260408078168e-05,-0.30373176442987987,-0.0010508754688752424
3.1790000000000003,0.0,-2.2568611630233143e-05,-0.3037567097266573,-0.0010285635222174376
3.18,0.0,-2.8786891109064483e-05,-0.30378166511053717,-0.001006006689130638
3.181,0.0,-3.489079274139006e-05,-0.30380663036030064,-0.0009832086770490164
3.182,0.0,-4.087032158731087e-05,-0.3038316052523638,-0.0009601731849241144
3.1830000000000003,0.0,-4.6715809004039557e-05,-0.3038565895608139,-0.0009369039027048308
3.184,0.0,-5.241792703400554e-05,-0.30388158305744545,-0.0009134045108325281
3.185,0.0,-5.796770202841412e-05,-0.3039065855117965,-0.0008896786797509491
3.186,0.0,-6.335652748901862e-05,-0.30393159669118447,-0.0008657300694306501
3.1870000000000003,0.0,-6.857617611246213e-05,-0.30395661636074206,-0.0008415623289076548
3.188,0.0,-7.361881102315556e-05,-0.30398164428345315,-0.0008171790958360455
3.189,0.0,-7.847699618227832e-05,-0.3040066802201884,-0.0007925839960542017
3.19,0.0,-8.314370596211417e-05,-0.30403172392974076,-0.0007677806431644165
3.1910000000000003,0.0,-8.761233387656448e-05,-0.304056775168861,-0.0007427726381256133
3.192,0.0,-9.187670046031142e-05,-0.3040818336922929,-0.0007175635688588917
3.193,0.0,-9.593106029073097e-05,-0.3041068992528087,-0.0006921570098656455
3.194,0.0,-9.97701081482785e-05,-0.3041319716012438,-0.0006665565218579855
3.1950000000000003,0.0,-0.00010338898431268284,-0.30415705048653185,-0.0006407656514012182
3.196,0.0,-0.00010678327899388809,-0.30418213565573965,-0.000614787930568126
3.197,0.0,-0.00010994903589827089,-0.3042072268541016,-0.0005886268766048047
3.198,0.0,-0.0001128827549322327,-0.30423232382505433,-0.0005622859916078137
3.1990000000000003,0.0,-0.00011558139404681931,-0.30425742631027086,-0.0005357687622124045
3.2,0.0,-0.00011804237022855001,-0.304282534049695,-0.0005090786592915895
3.201,0.0,-0.0001202635596431447,-0.30430764678157535,-0.0004822191376658252
3.202,0.0,-0.00012224329694031537,-0.30433276424249894,-0.00045519363582308115
3.203,0.0,-0.00012398037372923776,-0.3043578861674253,-0.00042800557564907395
3.204,0.0,-0.0001254740362357355,-0.30438301228971987,-0.0004006583621674491
3.205,0.0,-0.0001267239821535921,-0.30440814234118724,-0.0003731553832896954
3.206,0.0,-0.00012773035670375193,-0.30443327605210463,-0.0003455000095745811
3.207,0.0,-0.0001284937479164802,-0.3044584131512548,-0.00031769559399690743
3.208,0.0,-0.0001290151811528178,-0.304483553365959,-0.00028974547172537415
3.209,0.0,-0.00012929611288289313,-0.3045086964221096,-0.0002616529599093586
3.21,0.0,-0.0001293384237398329,-0.3045338420442026,-0.000233421357474412
3.211,0.0,-0.00012914441086914904,-0.3045589899553701,-0.0002050539449262823
3.212,0.0,-0.0001287167795945657,-0.30458413987741245,-0.00017655398416327174
3.213,0.0,-0.0001280586344222892,-0.3046092915308301,-0.00014792471829674605
3.214,0.0,-0.00012717346940671048,-0.3046344446348556,-0.00011916937147961169
3.215,0.0,-0.00012606515790146634,-0.30465959890748506,-9.029114874258268e-05
3.216,0.0,-0.00012473794172066852,-0.30468475406550966,-6.129323583806114e-05
3.217,0.0,-0.00012319641973593853,-0.3047099098245469,-3.217879909145882e-05
3.218,0.0,-0.00012144553593565996,-0.3047350658990715,-2.9509852597906097e-06
3.219,0.0,-0.00011949056697357857,-0.3047602220024466,2.6387078602626774e-05
3.22,0.0,-0.0001173371092345413,-0.3047853778469541,5.5832285271534114e-05
3.221,0.0,-0.00011499106544576987,-0.3048105331438251,8.538154747330724e-05
3.222,0.0,-0.00011245863086261101,-0.3048356876032706,0.00011503179799891042
3.223,0.0,-0.00010974627905819325,-0.3048608409345111,0.00014477998981138
3.224,0.0,-0.00010686074734685011,-0.30488599284580675,0.0001746230961469899
3.225,0.0,-0.00010380902187154019,-0.3049111430444869,0.00020455811061024801
3.226,0.0,-0.00010059832238580673,-0.30493629123697974,0.00023458204726286961
3.227,0.0,-9.723608676107265e-05,-0.30496143712884144,0.0002646919407068709
3.228,0.0,-9.37299552502613e-05,-0.3049865804247852,0.0002948848461619239
3.229,0.0,-9.008775453886938e-05,-0.30501172082871036,0.00032515783953711026
3.23,0.0,-8.631748161469668e-05,-0.3050368580437308,0.00035550801749720994
3.231,0.0,-8.2427287487457e-05,-0.30506199177220367,0.00038593249752365765
3.232,0.0,-7.842546078945832e-05,-0.3050871217157573,0.0004164284179702974
3.233,0.0,-7.432041128844649e-05,-0.3051122475753197,0.0004469929381140629
3.234,0.0,-7.012065334355779e-05,-0.3051373690511461,0.00047762323820071056
3.235,0.0,-6.583478933512118e-05,-0.3051624858428467,0.0005083165194857267
3.236,0.0,-6.147149309879341e-05,-0.3051875976494142,0.000539070004270531
3.237,0.0,-5.703949339419844e-05,-0.30521270416925095,0.0005698809359340939
3.238,0.0,-5.254755743787988e-05,-0.3052378051001959,0.0006007465789600856
3.239,0.0,-4.800447452996092e-05,-0.30526290013955154,0.0006316642189596685
3.24,0.0,-4.341903980344309e-05,-0.30528798898411064,0.0006626311626900473
3.241,0.0,-3.880003812456345e-05,-0.30531307133018243,0.000693644738068885
3.242,0.0,-3.415622817207165e-05,-0.3053381468736189,0.0007247022941846927
3.243,0.0,-2.949632672268466e-05,-0.3053632153098408,0.0007558012013032981
3.244,0.0,-2.4828993169329648e-05,-0.30538827633386345,0.000786938850870498
3.245,0.0,-2.0162814298096313e-05,-0.3054133296403223,0.0008181126555109935
3.246,0.0,-1.550628934908996e-05,-0.3054383749234983,0.00084932004902371
3.247,0.0,-1.0867815385608289e-05,-0.305463411877343,0.0008805584863735963
3.248,0.0,-6.255672995259458e-06,-0.3054884401955037,0.0009118254436800025
3.249,0.0,-1.6780123457985082e-06,-0.30551345957134796,0.0009431184182017262
3.25,0.0,2.857160382414293e-06,-0.30553846969798837,0.0009744349283188209
3.251,0.0,7.341996166334594e-06,-0.3055634702683067,0.0010057725135112566
3.2520000000000002,0.0,1.176881589247008e-05,-0.30558846097497816,0.0010371287343345194
3.253,0.0,1.61301226723286e-05,-0.30561344151049524,0.0010685011723922389
3.254,0.0,2.0418613702962025e-05,-0.3056384115671915,0.001099887430305925
3.255,0.0,2.462719165549953e-05,-0.305663370837265,0.001131285131681898
3.2560000000000002,0.0,2.8748975575595165e-05,-0.30568831901280175,0.0011626919210754969
3.257,0.0,3.2777311280764716e-05,-0.3057132557857985,0.001194105463952638
3.258,0.0,3.670578124065393e-05,-0.30573818084818605,0.00122552344664881
3.259,0.0,4.052821392736234e-05,-0.30576309389185163,0.0012569435763255742
3.2600000000000002,0.0,4.4238692624041365e-05,-0.3057879946086615,0.0012883635809246513
3.261,0.0,4.78315636810909e-05,-0.3058128826904833,0.0013197812091196646
3.262,0.0,5.130144421039217e-05,-0.30583775782920786,0.0013511942302656106
3.263,0.0,5.464322920913486e-05,-0.3058626197167714,0.0013826004343461297
3.2640000000000002,0.0,5.7852098105920856e-05,-0.30588746804517714,0.001413997631918645
3.265,0.0,6.092352072295355e-05,-0.3059123025065166,0.001445383654057433
3.266,0.0,6.38532626492481e-05,-0.3059371227929909,0.0014767563522946998
3.267,0.0,6.663739002092279e-05,-0.30596192859693205,0.001508113598559719
3.2680000000000002,0.0,6.927227370575248e-05,-0.3059867196108236,0.0015394532851161
3.269,0.0,7.175459289027922e-05,-0.3060114955273213,0.0015707733244972465
3.27,0.0,7.408133806888236e-05,-0.30603625603927387,0.0016020716494400656
3.271,0.0,7.624981343530679e-05,-0.30606100083974286,0.0016333462128169853
3.2720000000000002,0.0,7.825763867823304e-05,-0.306085729622023,0.001664594987566347
3.273,0.0,8.010275018354419e-05,-0.3061104420796621,0.0016958159666212102
3.274,0.0,8.178340164700015e-05,-0.3061351379064804,0.001727007162836649
3.275,0.0,8.32981641020684e-05,-0.3061598167965905,0.001758166608915579
3.2760000000000002,0.0,8.464592536867977e-05,-0.3061844784444163,0.0017892923573331696
3.277,0.0,8.582588892967653e-05,-0.30620912254471244,0.0018203824802598978
3.278,0.0,8.68375722426966e-05,-0.30623374879258286,0.0018514350694832902
3.279,0.0,8.76808044961904e-05,-0.3062583568834997,0.0018824482363284096
3.2800000000000002,0.0,8.835572381919417e-05,-0.3062829465133219,0.001913420111577122
3.281,0.0,8.886277395538408e-05,-0.3063075173783132,0.001944348845386206
3.282,0.0,8.920270041280786e-05,-0.3063320691751607,0.001975232607204341
3.283,0.0,8.937654610153372e-05,-0.30635660160099254,0.002006069585688023
3.2840000000000003,0.0,8.938564647226832e-05,-0.30638111435339577,0.0020368579886164543
3.285,0.0,8.923162416977606e-05,-0.30640560713043385,0.002067596042805443
3.286,0.0,8.891638321567921e-05,-0.30643007963066415,0.002098281994020367
3.287,0.0,8.844210273593177e-05,-0.3064545315531551,0.0021289141068882287
3.2880000000000003,0.0,8.781123024893803e-05,-0.3064789625975031,0.0021594906648088547
3.289,0.0,8.702647453092966e-05,-0.3065033724638496,0.002190009969865273
3.29,0.0,8.60907980758205e-05,-0.3065277608528975,0.0022204703427333022
3.291,0.0,8.500740916732662e-05,-0.30655212746592775,0.0022508701225904012
3.2920000000000003,0.0,8.377975358166964e-05,-0.30657647200481564,0.0022812076670238085
3.293,0.0,8.241150593967254e-05,-0.30660079417204683,0.0023114813519380063
3.294,0.0,8.09065607275097e-05,-0.30662509367073343,0.0023416895714615483
3.295,0.0,7.926902300578543e-05,-0.3066493702046296,0.002371830737853287
3.2960000000000003,0.0,7.750319882698822e-05,-0.3066736234781472,0.0024019032814080223
3.297,0.0,7.561358538170006e-05,-0.30669785319637105,0.0024319056503616238
3.298,0.0,7.360486089423235e-05,-0.3067220590650743,0.0024618363107956373
3.299,0.0,7.148187428861111e-05,-0.3067462407907336,0.0024916937465414204
3.3000000000000003,0.0,6.924963464604505e-05,-0.3067703980805435,0.0025214764590838325
3.301,0.0,6.69133004751799e-05,-0.30679453064243173,0.0025511829674645134
3.302,0.0,6.447816881657204e-05,-0.3068186381850732,0.002580811808184768
3.303,0.0,6.194966420290357e-05,-0.3068427204179048,0.0026103615351080983
3.3040000000000003,0.0,5.9333327496509765e-05,-0.3068667770511392,0.0026398307193624014
3.305,0.0,5.6634804625799196e-05,-0.30689080779577915,0.002669217949241866
3.306,0.0,5.385983524211641e-05,-0.30691481236363116,0.0026985218301085845
3.307,0.0,5.10142413185277e-05,-0.30693879046731926,0.002727740984293921
3.3080000000000003,0.0,4.810391571190273e-05,-0.3069627418202985,0.0027568740509996397
3.309,0.0,4.513481070951909e-05,-0.30698666613686815,0.0027859196861988365
3.31,0.0,4.211292658123376e-05,-0.30701056313218517,0.002814876562536688
3.311,0.0,3.904430015804612e-05,-0.3070344325222769,0.0028437433692310382
3.3120000000000003,0.0,3.593499345762153e-05,-0.3070582740240543,0.002872518811972857
3.313,0.0,3.279108237705448e-05,-0.3070820873553242,0.0029012016128265707
3.314,0.0,2.9618645472825593e-05,-0.30710587223480224,0.002929790510130312
3.315,0.0,2.6423752847549446e-05,-0.3071296283821249,0.002958284258396092
3.3160000000000003,0.0,2.321245516272024e-05,-0.30715335551786194,0.002986681628209913
3.317,0.0,1.999077279624148e-05,-0.3071770533635284,0.0030149814061318564
3.318,0.0,1.6764685163074816e-05,-0.30720072164159656,0.003043182394596147
3.319,0.0,1.3540120216863256e-05,-0.3072243600755075,0.003071283411811228
3.3200000000000003,0.0,1.0322944149876196e-05,-0.3072479683896829,0.003099283291659852
3.321,0.0,7.118951308089419e-06,-0.30727154630953624,0.0031271808835992045
3.322,0.0,3.933854337653471e-06,-0.3072950935614844,0.0031549750525610965
3.323,0.0,7.73274578420126e-07,-0.3073186098729585,0.003182664678852215
3.3240000000000003,0.0,-2.3572672804099307e-06,-0.3073420949724151,0.0032102486580544653
3.325,0.0,-5.452360268082981e-06,-0.3073655485893468,0.003237725900925415
3.326,0.0,-8.50671190974461e-06,-0.30738897045429314,0.0032650953332988538
3.327,0.0,-1.151515670042809e-05,-0.30741236029885105,0.0032923558959854888
3.3280000000000003,0.0,-1.4472664263142472e-05,-0.3074357178556852,0.0033195065446737773
3.329,0.0,-1.737434717932395e-05,-0.3074590428585383,0.003346546249830928
3.33,0.0,-2.0215468480628445e-05,-0.30748233504224115,0.0033734739966040654
3.331,0.0,-2.2991448791770715e-05,-0.30750559414272266,0.0034002887847215868
3.332,0.0,-2.569787311485412e-05,-0.3075288198970195,0.0034269896283947118
3.333,0.0,-2.8330497246384277e-05,-0.3075520120432861,0.003453575556219243
3.334,0.0,-3.088525381891733e-05,-0.30757517032080367,0.0034800456110775455
3.335,0.0,-3.335825796005826e-05,-0.3075982944699901,0.003506398850040761
3.336,0.0,-3.57458125622952e-05,-0.30762138423240887,0.00353263434427126
3.337,0.0,-3.804441315793019e-05,-0.30764443935077834,0.0035587511789253617
3.338,0.0,-4.025075239414426e-05,-0.3076674595689806,0.0035847484530562926
3.339,0.0,-4.2361724104013434e-05,-0.3076904446320704,0.003610625279517442
3.34,0.0,-4.4374426970070837e-05,-0.3077133942862838,0.0036363807848658874
3.341,0.0,-4.628616777778699e-05,-0.3077363082790467,0.0036620141092662175
3.342,0.0,-4.8094464257114744e-05,-0.30775918635898336,0.003687524406394647
3.343,0.0,-4.979704751101481e-05,-0.3077820282759246,0.0037129108433434574
3.344,0.0,-5.139186403064212e-05,-0.3078048337809161,0.0037381726005257365
3.345,0.0,-5.2877077297630294e-05,-0.3078276026262263,0.0037633088715804536
3.346,0.0,-5.425106897466013e-05,-0.30785033456535443,0.0037883188632778673
3.347,0.0,-5.5512439686237383e-05,-0.3078730293530382,0.0038132017954252712
3.348,0.0,-5.666000939233315e-05,-0.30789568674526135,0.0038379569007730846
3.349,0.0,-5.769281735825649e-05,-0.30791830649926155,0.003862583424921302
3.35,0.0,-5.861012172483177e-05,-0.3079408883735374,0.0038870806262263006
3.351,0.0,-5.9411398683641755e-05,-0.3079634321278558,0.003911447775708013
3.352,0.0,-6.00963412627704e-05,-0.3079859375232593,0.003935684156957479
3.353,0.0,-6.0664857729135575e-05,-0.3080084043220728,0.003959789066044762
3.354,0.0,-6.111706961414083e-05,-0.30803083228791084,0.003983761811427261
3.355,0.0,-6.145330936999521e-05,-0.30805322118568396,0.004007601713858418
3.356,0.0,-6.167411766465071e-05,-0.30807557078160575,0.004031308106296794
3.357,0.0,-6.178024032388711e-05,-0.30809788084319906,0.004054880333815568
3.358,0.0,-6.177262492963238e-05,-0.3081201511393027,0.0040783177535124344
3.359,0.0,-6.165241708414359e-05,-0.30814238144007755,0.004101619734419899
3.36,0.0,-6.142095635018701e-05,-0.3081645715170128,0.004124785657415987
3.361,0.0,-6.107977187784585e-05,-0.30818672114293216,0.004147814915135381
3.362,0.0,-6.063057772905027e-05,-0.3082088300919995,0.004170706911880972
3.363,0.0,-6.007526791136491e-05,-0.30823089813972504,0.004193461063535817
3.364,0.0,-5.941591113298498e-05,-0.30825292506297086,0.004216076797475546
3.365,0.0,-5.8654745291281216e-05,-0.3082749106399566,0.004238553552481185
3.366,0.0,-5.7794171707597586e-05,-0.3082968546502649,0.004260890778652419
3.367,0.0,-5.683674912134162e-05,-0.3083187568748469,0.004283087937321279
3.368,0.0,-5.578518745671692e-05,-0.30834061709602734,0.004305144500966281
3.369,0.0,-5.464234137572892e-05,-0.30836243509751,0.0043270599531269865
3.37,0.0,-5.3411203631349386e-05,-0.3083842106643825,0.004348833788319031
3.371,0.0,-5.209489823495141e-05,-0.30840594358312134,0.004370465511949569
3.372,0.0,-5.0696673452324875e-05,-0.3084276336415969,0.004391954640233187
3.373,0.0,-4.9219894642752876e-05,-0.308449280629078,0.00441330070010825
3.374,0.0,-4.766803695577148e-05,-0.30847088433623654,0.004434503229153711
3.375,0.0,-4.604467790034953e-05,-0.3084924445551522,0.0044555617755063556
3.376,0.0,-4.435348980131102e-05,-0.3085139610793166,0.004476475897778519
3.3770000000000002,0.0,-4.2598232157881e-05,-0.308535433703638,0.004497245164976236
3.378,0.0,-4.078274391926616e-05,-0.30855686222444517,0.004517869156417866
3.379,0.0,-3.891093569218442e-05,-0.3085782464394917,0.004538347461653153
3.38,0.0,-3.6986781895233416e-05,-0.30859958614796,0.004558679680382765
3.3810000000000002,0.0,-3.501431287493666e-05,-0.30862088115046515,0.00457886542237827
3.382,0.0,-3.299760699822836e-05,-0.30864213124905887,0.004598904307402585
3.383,0.0,-3.094078273603404e-05,-0.30866333624723313,0.004618795965130878
3.384,0.0,-2.884799075247439e-05,-0.3086844959499238,0.00463854003507192
3.3850000000000002,0.0,-2.6723406014065106e-05,-0.30870561016351417,0.004658136166489917
3.386,0.0,-2.457121993310593e-05,-0.3087266786958385,0.0046775840183267805
3.387,0.0,-2.2395632559248452e-05,-0.3087477013561852,0.0046968832591248654
3.388,0.0,-2.0200844833005314e-05,-0.30876867795530016,0.004716033566950179
3.3890000000000002,0.0,-1.7991050914713398e-05,-0.30878960830539,0.004735034629316018
3.39,0.0,-1.5770430602191585e-05,-0.3088104922201249,0.0047538861431071
3.391,0.0,-1.3543141850040146e-05,-0.3088313295146419,0.004772587814504129
3.392,0.0,-1.1313313403214562e-05,-0.30885212000554735,0.004791139358908834
3.3930000000000002,0.0,-9.085037557172528e-06,-0.30887286351092014,0.004809540500869443
3.394,0.0,-6.8623630565395875e-06,-0.3088935598503141,0.004827790974006651
3.395,0.0,-4.649288143867383e-06,-0.3089142088447607,0.004845890520939998
3.396,0.0,-2.4497537696695687e-06,-0.3089348103167716,0.004863838893214752
3.3970000000000002,0.0,-2.6763697451498106e-07,-0.30895536409034113,0.004881635851229191
3.398,0.0,1.8932555464633906e-06,-0.3089758699909485,0.0048992811641623965
3.399,0.0,4.029193686720916e-06,-0.3089963278455602,0.004916774609902453
3.4,0.0,6.136529969642095e-06,-0.3090167374826321,0.004934115974975125
3.4010000000000002,0.0,8.21170537905875e-06,-0.3090370987321115,0.0049513050544729795
3.402,0.0,1.0251254970408963e-05,-0.30905741142543924,0.0049683416519849454
3.403,0.0,1.2251813254485127e-05,-0.3090776753955516,0.00498522557952634
3.404,0.0,1.4210119346214365e-05,-0.3090978904768821,0.005001956657469329
3.4050000000000002,0.0,1.6123021871418327e-05,-0.3091180565053633,0.005018534714473835
3.406,0.0,1.7987483625010996e-05,-0.3091381733184284,0.00503495958741889
3.407,0.0,1.980058597461154e-05,-0.309158240755013,0.00505123112133443
3.408,0.0,2.1559533004073564e-05,-0.30917825865555654,0.005067349169333534
3.4090000000000003,0.0,2.3261655391961154e-05,-0.30919822686200354,0.005083313592545095
3.41,0.0,2.4904414020535043e-05,-0.3092181452178053,0.005099124260046935
3.411,0.0,2.6485403311347834e-05,-0.30923801356792086,0.005114781048799351
3.412,0.0,2.800235428408476e-05,-0.30925783175881855,0.005130283843579098
3.4130000000000003,0.0,2.9453137335824595e-05,-0.3092775996384769,0.00514563253691381
3.414,0.0,3.0835764738433507e-05,-0.30929731705638563,0.00516082702901683
3.415,0.0,3.2148392852341354e-05,-0.3093169838635468,0.005175867227722502
3.416,0.0,3.338932405548482e-05,-0.30933659991247553,0.005190753048421857
3.4170000000000003,0.0,3.455700838673319e-05,-0.3093561650572011,0.005205484413998748
3.418,0.0,3.565004490364028e-05,-0.3093756791532674,0.005220061254766391
3.419,0.0,3.666718275488862e-05,-0.3093951420577339,0.005234483508404341
3.42,0.0,3.7607321968308664e-05,-0.3094145536291759,0.005248751119895873
3.4210000000000003,0.0,3.846951395586581e-05,-0.3094339137276855,0.005262864041465794
3.422,0.0,3.925296173751043e-05,-0.3094532222148716,0.005276822232518654
3.423,0.0,3.995701988627996e-05,-0.30947247895386076,0.005290625659577386
3.424,0.0,4.058119419752678e-05,-0.30949168380929726,0.005304274296222339
3.4250000000000003,0.0,4.112514108562017e-05,-0.30951083664734336,0.005317768123030737
3.426,0.0,4.158866671193436e-05,-0.3095299373356795,0.00533110712751653
3.427,0.0,4.1971725848386965e-05,-0.30954898574350453,0.005344291304070655
3.428,0.0,4.22744204812319e-05,-0.30956798174153566,0.005357320653901701
3.4290000000000003,0.0,4.249699816023783e-05,-0.3095869252020085,0.005370195184976962
3.43,0.0,4.2639850098796596e-05,-0.30960581599867687,0.005382914911963903
3.431,0.0,4.2703509030905196e-05,-0.3096246540068129,0.005395479856172008
3.432,0.0,4.268864683134905e-05,-0.30964343910320646,0.005407890045495028
3.4330000000000003,0.0,4.2596071905783455e-05,-0.30966217116616523,0.005420145514353608
3.434,0.0,4.242672635776296e-05,-0.3096808500755142,0.00543224630363832
3.435,0.0,4.218168294010524e-05,-0.30969947571259526,0.0054441924606530604
3.436,0.0,4.186214179829577e-05,-0.3097180479602667,0.005455984039058853
3.4370000000000003,0.0,4.146942701394237e-05,-0.30973656670290284,0.0054676210988180065
3.438,0.0,4.100498295657358e-05,-0.30975503182639325,0.0054791037061386735
3.439,0.0,4.0470370452341834e-05,-0.30977344321814226,0.005490431933419773
3.44,0.0,3.9867262778441384e-05,-0.30979180076706814,0.005501605859196286
3.4410000000000003,0.0,3.919744149228083e-05,-0.30981010436360235,0.005512625568084927
3.442,0.0,3.846279210466183e-05,-0.30982835389968877,0.0055234911507301854
3.443,0.0,3.7665299606407906e-05,-0.30984654926878274,0.00553420270375072
3.444,0.0,3.6807043858060563e-05,-0.3098646903658501,0.005544760329686136
3.4450000000000003,0.0,3.589019485241408e-05,-0.3098827770873663,0.0055551641369441076
3.446,0.0,3.491700785979499e-05,-0.30990080933131514,0.0055654142397478686
3.447,0.0,3.388981846610759e-05,-0.30991878699718783,0.005575510758084047
3.448,0.0,3.281103751376263e-05,-0.3099367099859818,0.005585453817650878
3.4490000000000003,0.0,3.1683145955682885e-05,-0.3099545782001993,0.005595243549806736
3.45,0.0,3.0508689632636374e-05,-0.3099723915438462,0.005604880091519046
3.451,0.0,2.9290273984185832e-05,-0.30999014992243085,0.005614363585313513
3.452,0.0,2.8030558703561786e-05,-0.31000785324296226,0.005623694179223722
3.4530000000000003,0.0,2.6732252346766243e-05,-0.310025501413949,0.005632872026741058
3.454,0.0,2.539810690619499e-05,-0.3100430943453976,0.00564189728676498
3.455,0.0,2.403091235902882e-05,-0.31006063194881095,0.00565077012355362
3.456,0.0,2.2633491200588005e-05,-0.3100781141371866,0.005659490706674728
3.457,0.0,2.1208692972770357e-05,-0.31009554082501534,0.005668059210956936
3.458,0.0,1.9759388797601507e-05,-0.3101129119282792,0.005676475816441362
3.459,0.0,1.828846592581684e-05,-0.31013022736444995,0.005684740708333532
3.46,0.0,1.679882231026851e-05,-0.31014748705248707,0.005692854076955633
3.461,0.0,1.5293361213808153e-05,-0.310164690912836,0.005700816117699085
3.462,0.0,1.3774985861137057e-05,-0.31018183886742623,0.005708627030977435
3.463,0.0,1.2246594143940884e-05,-0.3101989308396692,0.005716287022179555
3.464,0.0,1.0711073388436163e-05,-0.3102159667544565,0.00572379630162318
3.465,0.0,9.171295194251109e-06,-0.3102329465381576,0.005731155084508734
3.466,0.0,7.630110353344447e-06,-0.31024987011861777,0.005738363590873481
3.467,0.0,6.090343857433322e-06,-0.3102667374251561,0.005745422045545968
3.468,0.0,4.554790002155656e-06,-0.3102835483885631,0.005752330678100794
3.469,0.0,3.0262075959340423e-06,-0.3103003029410985,0.005759089722813669
3.47,0.0,1.5073152812380222e-06,-0.310317001016489,0.005765699418616761
3.471,0.0,7.869756599887307e-10,-0.3103336425499259,0.00577216000905437
3.472,0.0,-1.4907525600723337e-06,-0.3103502274780626,0.005778471742238878
3.473,0.0,-2.9647320203262964e-06,-0.3103667557390124,0.005784634870806994
3.474,0.0,-4.4186377125289e-06,-0.3103832272723458,0.005790649651876288
3.475,0.0,-5.850017568677416e-06,-0.3103996420190881,0.005796516347002031
3.476,0.0,-7.256485004536633e-06,-0.31041599992171676,0.005802235222134292
3.477,0.0,-8.6357226209994e-06,-0.31043230092415885,0.0058078065475753475
3.478,0.0,-9.985485742430001e-06,-0.3104485449717884,0.005813230597937353
3.479,0.0,-1.1303605787158756e-05,-0.31046473201142366,0.005818507652100306
3.48,0.0,-1.2587993465650453e-05,-0.31048086199132435,0.005823637993170274
3.481,0.0,-1.3836641802228099e-05,-0.310496934861189,0.005828621908437917
3.482,0.0,-1.5047628976596265e-05,-0.310512950572152,0.0058334596893372575
3.483,0.0,-1.621912098177434e-05,-0.31052890907678077,0.005838151631404742
3.484,0.0,-1.734937409541859e-05,-0.3105448103290729,0.005842698034238559
3.485,0.0,-1.843673716188234e-05,-0.3105606542844532,0.00584709920145823
3.486,0.0,-1.9479653682735197e-05,-0.31057644089977066,0.005851355440664455
3.487,0.0,-2.0476663713834213e-05,-0.31059217013329554,0.005855467063399241
3.488,0.0,-2.1426405567411738e-05,-0.31060784194471625,0.005859434385106252
3.489,0.0,-2.232761731801562e-05,-0.31062345629513627,0.005863257725091456
3.49,0.0,-2.3179138111506714e-05,-0.310639013147071,0.005866937406484007
3.491,0.0,-2.397990927668585e-05,-0.31065451246444453,0.005870473756197387
3.492,0.0,-2.4728975239486553e-05,-0.31066995421258664,0.005873867104890783
3.493,0.0,-2.542548424003068e-05,-0.3106853383582293,0.005877117786930744
3.494,0.0,-2.6068688853200594e-05,-0.3107006648695036,0.005880226140353054
3.495,0.0,-2.6657946313733496e-05,-0.31071593371593625,0.00588319250682487
3.496,0.0,-2.719271864718996e-05,-0.31073114486844644,0.00588601723160709
3.497,0.0,-2.7672572608489438e-05,-0.3107462982993422,0.005888700663516972
3.498,0.0,-2.8097179430039493e-05,-0.31076139398231717,0.005891243154890984
3.499,0.0,-2.846631438181283e-05,-0.31077643189244714,0.005893645061547898
3.5,0.0,-2.8779856146045575e-05,-0.31079141200618643,0.005895906742752116
