target_id,k,c,m,time_s,matlab_x,matlab_v,matlab_a,force
matlab_broad_s20101_c00,1830.79321889849,1.98984423815733,0.116446608229899,0,0,0,0,0
matlab_broad_s20101_c00,1830.79321889849,1.98984423815733,0.116446608229899,0.002,1.78855897692013e-08,2.66121408223098e-05,0.0263236326862092,0.00315099657414453
matlab_broad_s20101_c00,1830.79321889849,1.98984423815733,0.116446608229899,0.004,1.40325355563501e-07,0.000103774842098111,0.0503004223744956,0.00632071605906113
matlab_broad_s20101_c00,1830.79321889849,1.98984423815733,0.116446608229899,0.006,4.62752969957662e-07,0.000225357723717762,0.0705335776807105,0.0095090276547265
matlab_broad_s20101_c00,1830.79321889849,1.98984423815733,0.116446608229899,0.008,1.0657213420406e-06,0.000382702340440416,0.08590342536321,0.0127157959721741
matlab_broad_s20101_c00,1830.79321889849,1.98984423815733,0.116446608229899,0.01,2.01044410131948e-06,0.00056523952276236,0.0956269581882031,0.0159408809715763
matlab_broad_s20101_c00,1830.79321889849,1.98984423815733,0.116446608229899,0.012,3.33567605911495e-06,0.000761203483534605,0.0992946776289794,0.0191841379004222
matlab_broad_s20101_c00,1830.79321889849,1.98984423815733,0.116446608229899,0.014,5.05607950833408e-06,0.00095839552261747,0.0968832284312837,0.0224454172318113
matlab_broad_s20101_c00,1830.79321889849,1.98984423815733,0.116446608229899,0.016,7.1621269111757e-06,0.0011449486963108,0.0887438613434722,0.0257245646028824
matlab_broad_s20101_c00,1830.79321889849,1.98984423815733,0.116446608229899,0.018,9.62149433997998e-06,0.00131004639287529,0.0755682456301266,0.0290214207533994
matlab_broad_s20101_c00,1830.79321889849,1.98984423815733,0.116446608229899,0.02,1.23818098900389e-05,0.00144455217119106,0.0583344948284532,0.0323358214645137
matlab_broad_s20101_c00,1830.79321889849,1.98984423815733,0.116446608229899,0.022,1.53745425157802e-05,0.00154151510946821,0.038237389866875,0.0356675974977266
matlab_broad_s20101_c00,1830.79321889849,1.98984423815733,0.116446608229899,0.024,1.85197538151315e-05,0.0015965237680907,0.0166076216563129,0.0390165745340717
matlab_broad_s20101_c00,1830.79321889849,1.98984423815733,0.116446608229899,0.026,2.17313915387836e-05,0.00160789208433777,-0.00517461145198088,0.0423825731135405
matlab_broad_s20101_c00,1830.79321889849,1.98984423815733,0.116446608229899,0.028,2.4922781077622e-05,0.00157667141318653,-0.0257661480298355,0.0457654085747747
matlab_broad_s20101_c00,1830.79321889849,1.98984423815733,0.116446608229899,0.03,2.80119705548786e-05,0.00150649381459445,-0.0439422226149974,0.0491648909950468
matlab_broad_s20101_c00,1830.79321889849,1.98984423815733,0.116446608229899,0.032,3.09266057224594e-05,0.00140326189444894,-0.0586678101562116,0.0525808251305545
matlab_broad_s20101_c00,1830.79321889849,1.98984423815733,0.116446608229899,0.034,3.36080506559815e-05,0.00127470942887281,-0.0691549047163768,0.0560130103570514
matlab_broad_s20101_c00,1830.79321889849,1.98984423815733,0.116446608229899,0.036,3.60145261671611e-05,0.00112986413421343,-0.0749026824206505,0.05946124061084
matlab_broad_s20101_c00,1830.79321889849,1.98984423815733,0.116446608229899,0.038,3.81231059241804e-05,0.000978448909303854,-0.0757186537051326,0.0629253043301509
matlab_broad_s20101_c00,1830.79321889849,1.98984423815733,0.116446608229899,0.04,3.99304858960557e-05,0.000830260440020494,-0.0717201427210507,0.0664049843969347
matlab_broad_s20101_c00,1830.79321889849,1.98984423815733,0.116446608229899,0.042,4.14525210111892e-05,0.000694564141784306,-0.0633166638520282,0.0699000580790913
matlab_broad_s20101_c00,1830.79321889849,1.98984423815733,0.116446608229899,0.044,4.27225989404521e-05,0.000579542101441864,-0.0511749209585735,0.0734102969731642
matlab_broad_s20101_c00,1830.79321889849,1.98984423815733,0.116446608229899,0.046,4.37889900818967e-05,0.000491826188866144,-0.0361691656711764,0.0769354669475262
matlab_broad_s20101_c00,1830.79321889849,1.98984423815733,0.116446608229899,0.048,4.47113711141023e-05,0.00043614218996736,-0.0193204595238267,0.0804753280860834
matlab_broad_s20101_c00,1830.79321889849,1.98984423815733,0.116446608229899,0.05,4.55567636788889e-05,0.000415083116590812,-0.00172894802785589,0.0840296346325259
matlab_broad_s20101_c00,1830.79321889849,1.98984423815733,0.116446608229899,0.052,4.63951576074094e-05,0.00042902129459088,0.0154964534744525,0.0875981349351527
matlab_broad_s20101_c00,1830.79321889849,1.98984423815733,0.116446608229899,0.054,4.72950984524791e-05,0.000476159974105527,0.0313065509838868,0.0911805713923003
matlab_broad_s20101_c00,1830.79321889849,1.98984423815733,0.116446608229899,0.056,4.83195118860909e-05,0.00055271660060771,0.0447743891648321,0.0947766803984036
matlab_broad_s20101_c00,1830.79321889849,1.98984423815733,0.116446608229899,0.058,4.9522013797111e-05,0.000653222052443681,0.0551481507713745,0.0983861922907183
matlab_broad_s20101_c00,1830.79321889849,1.98984423815733,0.116446608229899,0.06,5.09439166941919e-05,0.000770913546039422,0.0618915080544645,0.102008831296736
matlab_broad_s20101_c00,1830.79321889849,1.98984423815733,0.116446608229899,0.062,5.26120931214045e-05,0.000898193898668199,0.0647093661561034,0.105644315482321
matlab_broad_s20101_c00,1830.79321889849,1.98984423815733,0.116446608229899,0.064,5.45377986896245e-05,0.00102712667528547,0.063557906080871,0.109292356700602
matlab_broad_s20101_c00,1830.79321889849,1.98984423815733,0.116446608229899,0.066,5.67164948643817e-05,0.00114993556291363,0.0586388370938848,0.112952660541645
matlab_broad_s20101_c00,1830.79321889849,1.98984423815733,0.116446608229899,0.068,5.91286488184678e-05,0.00125947711961967,0.05037874252482,0.11662492628295
matlab_broad_s20101_c00,1830.79321889849,1.98984423815733,0.116446608229899,0.07,6.17414283316508e-05,0.0013496587191129,0.0393952899970182,0.120308846840785
matlab_broad_s20101_c00,1830.79321889849,1.98984423815733,0.116446608229899,0.072,6.45111574310344e-05,0.00141577782911185,0.0264528254230838,0.124004108722416
matlab_broad_s20101_c00,1830.79321889849,1.98984423815733,0.116446608229899,0.074,6.73863561932016e-05,0.00145476440118614,0.0124104383531412,0.127710391979238
matlab_broad_s20101_c00,1830.79321889849,1.98984423815733,0.116446608229899,0.076,7.03111581364885e-05,0.00146531472051658,-0.00183405446727606,0.131427370160866
matlab_broad_s20101_c00,1830.79321889849,1.98984423815733,0.116446608229899,0.078,7.32288823505052e-05,0.00144791213055718,-0.0154006252498647,0.135154710270201
matlab_broad_s20101_c00,1830.79321889849,1.98984423815733,0.116446608229899,0.08,7.60855354809806e-05,0.00140473715868464,-0.0274805585607305,0.138892072719514
matlab_broad_s20101_c00,1830.79321889849,1.98984423815733,0.116446608229899,0.082,7.883303055711e-05,0.0013394762857638,-0.0373837908818332,0.142639111287585
matlab_broad_s20101_c00,1830.79321889849,1.98984423815733,0.116446608229899,0.084,8.14319342189675e-05,0.00125704452530779,-0.0445773627643068,0.146395473077927
matlab_broad_s20101_c00,1830.79321889849,1.98984423815733,0.116446608229899,0.086,8.38535892364385e-05,0.00116324176900707,-0.0487129173971185,0.150160798478136
matlab_broad_s20101_c00,1830.79321889849,1.98984423815733,0.116446608229899,0.088,8.60815027739194e-05,0.00106436625821423,-0.0496419224635126,0.153934721120392
matlab_broad_s20101_c00,1830.79321889849,1.98984423815733,0.116446608229899,0.09,8.81119396912069e-05,0.000966810392874591,-0.0474180916136,0.157716867843168
matlab_broad_s20101_c00,1830.79321889849,1.98984423815733,0.116446608229899,0.092,8.99537111000091e-05,0.000876664328600394,-0.0422872866836197,0.161506858654161
matlab_broad_s20101_c00,1830.79321889849,1.98984423815733,0.116446608229899,0.094,9.16271982149854e-05,0.000799351478570677,-0.034665942266768,0.165304306694501
matlab_broad_s20101_c00,1830.79321889849,1.98984423815733,0.116446608229899,0.096,9.3162697221584e-05,0.000739317264592634,-0.0251097251081296,0.169108818204262
matlab_broad_s20101_c00,1830.79321889849,1.98984423815733,0.116446608229899,0.098,9.45982097596912e-05,0.000699788469804476,-0.0142746838099401,0.172919992489327
matlab_broad_s20101_c00,1830.79321889849,1.98984423815733,0.116446608229899,0.1,9.59768335300329e-05,0.000682615620598872,-0.00287353039402577,0.176737421889629
matlab_broad_s20101_c00,1830.79321889849,1.98984423815733,0.116446608229899,0.102,9.73439269314027e-05,0.000688205301623406,0.00837009409351278,0.180560691748822
matlab_broad_s20101_c00,1830.79321889849,1.98984423815733,0.116446608229899,0.104,9.87442296909641e-05,0.000715543544990593,0.0187664895947745,0.184389380385415
matlab_broad_s20101_c00,1830.79321889849,1.98984423815733,0.116446608229899,0.106,0.000100219118043003,0.000762305795535438,0.0277011722571187,0.18822305906541
matlab_broad_s20101_c00,1830.79321889849,1.98984423815733,0.116446608229899,0.108,0.000101804158738135,0.000825043780756401,0.0346701372503408,0.192061291976476
matlab_broad_s20101_c00,1830.79321889849,1.98984423815733,0.116446608229899,0.11,0.00010352710226801,0.000899435209452678,0.0393071425581712,0.195903636203717
matlab_broad_s20101_c00,1830.79321889849,1.98984423815733,0.116446608229899,0.112,0.000105406423962894,0.000980578832084683,0.0414016038908682,0.199749641707058
matlab_broad_s20101_c00,1830.79321889849,1.98984423815733,0.116446608229899,0.114,0.000107450484275542,0.0010633151930222,0.0409063156368892,0.203598851300299
matlab_broad_s20101_c00,1830.79321889849,1.98984423815733,0.116446608229899,0.116,0.000109657339089695,0.00114255248566276,0.0379348648343575,0.207450800631875
matlab_broad_s20101_c00,1830.79321889849,1.98984423815733,0.116446608229899,0.118,0.000112015189879787,0.00121357729930263,0.0327492434792248,0.211305018167368
matlab_broad_s20101_c00,1830.79321889849,1.98984423815733,0.116446608229899,0.12,0.000114503424540194,0.00127233165480643,0.0257387503009372,0.215161025173804
matlab_broad_s20101_c00,1830.79321889849,1.98984423815733,0.116446608229899,0.122,0.000117094165029271,0.00131564042431658,0.0173917721657543,0.219018335705793
matlab_broad_s20101_c00,1830.79321889849,1.98984423815733,0.116446608229899,0.124,0.000119754209622197,0.00134137681591224,0.00826241973854044,0.222876456593532
matlab_broad_s20101_c00,1830.79321889849,1.98984423815733,0.116446608229899,0.126,0.000122447237068458,0.00134855782694041,-0.00106575784981659,0.226734887432743
matlab_broad_s20101_c00,1830.79321889849,1.98984423815733,0.116446608229899,0.128,0.000125136128301448,0.00133736614859359,-0.0100166496882908,0.230593120576559
matlab_broad_s20101_c00,1830.79321889849,1.98984423815733,0.116446608229899,0.13,0.00012778525896814,0.00130909964564502,-0.0180567633841349,0.234450641129426
matlab_broad_s20101_c00,1830.79321889849,1.98984423815733,0.116446608229899,0.132,0.000130362622771094,0.00126605395153616,-0.0247266024191081,0.238306926943046
matlab_broad_s20101_c00,1830.79321889849,1.98984423815733,0.116446608229899,0.134,0.000132841660723729,0.00121134764620848,-0.0296664386581672,0.242161448614426
matlab_broad_s20101_c00,1830.79321889849,1.98984423815733,0.116446608229899,0.136,0.000135202693702037,0.00114870269709421,-0.0326350833346555,0.246013669486048
matlab_broad_s20101_c00,1830.79321889849,1.98984423815733,0.116446608229899,0.138,0.000137433883520365,0.00108219516892714,-0.0335207373449478,0.249863045648236
matlab_broad_s20101_c00,1830.79321889849,1.98984423815733,0.116446608229899,0.14,0.000139531679266254,0.00101599253232947,-0.0323435196795375,0.253709025943744
matlab_broad_s20101_c00,1830.79321889849,1.98984423815733,0.116446608229899,0.142,0.000141500738738951,0.000954094176661457,-0.0292497980804431,0.25755105197461
matlab_broad_s20101_c00,1830.79321889849,1.98984423815733,0.116446608229899,0.144,0.000143353347457951,0.000900090977675629,-0.0244989459992562,0.26138855811134
matlab_broad_s20101_c00,1830.79321889849,1.98984423815733,0.116446608229899,0.146,0.000145108387852077,0.000856958066147168,-0.0184435947371069,0.265220971504436
matlab_broad_s20101_c00,1830.79321889849,1.98984423815733,0.116446608229899,0.148,0.00014678993713553,0.000826892426568956,-0.0115048137757419,0.269047712098346
matlab_broad_s20101_c00,1830.79321889849,1.98984423815733,0.116446608229899,0.15,0.000148425592575191,0.000811203807307197,-0.00414391607511596,0.272868192647855
matlab_broad_s20101_c00,1830.79321889849,1.98984423815733,0.116446608229899,0.152,0.000150044636302527,0.00081026386007636,0.00316726433230255,0.27668181873698
matlab_broad_s20101_c00,1830.79321889849,1.98984423815733,0.116446608229899,0.154,0.0001516761579234,0.000823514680335048,0.0099757432322226,0.280487988800405
matlab_broad_s20101_c00,1830.79321889849,1.98984423815733,0.116446608229899,0.156,0.000153347251801652,0.000849534227756397,0.0158746111389512,0.284286094147502
matlab_broad_s20101_c00,1830.79321889849,1.98984423815733,0.116446608229899,0.158,0.000155081397373418,0.000886152692561116,0.0205265100233202,0.288075518988988
matlab_broad_s20101_c00,1830.79321889849,1.98984423815733,0.116446608229899,0.16,0.000156897115952658,0.000930610939760214,0.0236820439931986,0.291855640466264
matlab_broad_s20101_c00,1830.79321889849,1.98984423815733,0.116446608229899,0.162,0.000158806977344624,0.000979749873545533,0.0251921618933423,0.295625828683472
matlab_broad_s20101_c00,1830.79321889849,1.98984423815733,0.116446608229899,0.164,0.000160817005608101,0.00103021803737631,0.0250139528322109,0.299385446742325
matlab_broad_s20101_c00,1830.79321889849,1.98984423815733,0.116446608229899,0.166,0.000162926507102529,0.0010786840699904,0.0232097195208439,0.303133850779758
matlab_broad_s20101_c00,1830.79321889849,1.98984423815733,0.116446608229899,0.168,0.000165128317208829,0.00112204078844999,0.0199396122550047,0.306870390008433
matlab_broad_s20101_c00,1830.79321889849,1.98984423815733,0.116446608229899,0.17,0.000167409436486303,0.00115758862870453,0.0154484928824788,0.310594406760153
matlab_broad_s20101_c00,1830.79321889849,1.98984423815733,0.116446608229899,0.172,0.00016975200406042,0.00118318785585659,0.0100480304590658,0.314305236532228
matlab_broad_s20101_c00,1830.79321889849,1.98984423815733,0.116446608229899,0.174,0.00017213453705109,0.00119737123265729,0.00409528988852979,0.318002208036842
matlab_broad_s20101_c00,1830.79321889849,1.98984423815733,0.116446608229899,0.176,0.000174533350881624,0.00119941154576805,-0.0020307518559565,0.32168464325345
matlab_broad_s20101_c00,1830.79321889849,1.98984423815733,0.116446608229899,0.178,0.000176924067045863,0.00118934135367694,-0.00795324807756854,0.32535185748428
matlab_broad_s20101_c00,1830.79321889849,1.98984423815733,0.116446608229899,0.18,0.000179283112671129,0.00116792534703503,-0.0133205859264024,0.329003159412948
matlab_broad_s20101_c00,1830.79321889849,1.98984423815733,0.116446608229899,0.182,0.000181589119933232,0.00113658861333099,-0.0178271618915647,0.332637851166259
matlab_broad_s20101_c00,1830.79321889849,1.98984423815733,0.116446608229899,0.184,0.000183824142627859,0.00109730669905778,-0.0212306297613799,0.336255228379227
matlab_broad_s20101_c00,1830.79321889849,1.98984423815733,0.116446608229899,0.186,0.000185974621225725,0.00105246551394557,-0.0233646788348458,0.339854580263358
matlab_broad_s20101_c00,1830.79321889849,1.98984423815733,0.116446608229899,0.188,0.000188032045514086,0.00100470070624372,-0.0241467067070284,0.343435189678237
matlab_broad_s20101_c00,1830.79321889849,1.98984423815733,0.116446608229899,0.19,0.000189993284235401,0.0009567270770413,-0.0235800862853441,0.346996333206468
matlab_broad_s20101_c00,1830.79321889849,1.98984423815733,0.116446608229899,0.192,0.000191860572641014,0.000911168859155854,-0.0217510692326559,0.350537281232012
matlab_broad_s20101_c00,1830.79321889849,1.98984423815733,0.116446608229899,0.194,0.000193641170220783,0.000870401269250889,-0.0188206964689112,0.354057298021952
matlab_broad_s20101_c00,1830.79321889849,1.98984423815733,0.116446608229899,0.196,0.000195346720741583,0.000836412698857618,-0.0150123809711818,0.357555641811741
matlab_broad_s20101_c00,1830.79321889849,1.98984423815733,0.116446608229899,0.198,0.000196992363955817,0.000810695326054819,-0.0105960719107894,0.361031564893973
matlab_broad_s20101_c00,1830.79321889849,1.98984423815733,0.116446608229899,0.2,0.000198595661954831,0.000794169920284062,-0.00587008886940153,0.364484313710706
matlab_broad_s20101_c00,1830.79321889849,1.98984423815733,0.116446608229899,0.202,0.000200175412425628,0.000787148316005329,-0.00114182158546292,0.367913128949395
matlab_broad_s20101_c00,1830.79321889849,1.98984423815733,0.116446608229899,0.204,0.00020175042559709,0.000789334597537481,0.00329147971215248,0.371317245642464
matlab_broad_s20101_c00,1830.79321889849,1.98984423815733,0.116446608229899,0.206,0.000203338341315328,0.000799863621717116,0.0071606450550503,0.374695893270554
matlab_broad_s20101_c00,1830.79321889849,1.98984423815733,0.116446608229899,0.208,0.000204954557651905,0.000817373254918204,0.0102401958671,0.378048295869503
matlab_broad_s20101_c00,1830.79321889849,1.98984423815733,0.116446608229899,0.21,0.000206611333190757,0.000840104749317576,0.0123607446782779,0.381373672141073
matlab_broad_s20101_c00,1830.79321889849,1.98984423815733,0.116446608229899,0.212,0.000208317112370827,0.000866024140065824,0.0134175287454787,0.384671235567479
matlab_broad_s20101_c00,1830.79321889849,1.98984423815733,0.116446608229899,0.214,0.000210076107884998,0.00089295649141434,0.01337468266031,0.387940194529752
matlab_broad_s20101_c00,1830.79321889849,1.98984423815733,0.116446608229899,0.216,0.000211888157185068,0.000918724304203312,0.0122651303390347,0.391179752429972
matlab_broad_s20101_c00,1830.79321889849,1.98984423815733,0.116446608229899,0.218,0.000213748852712656,0.000941281433070342,0.0101862502110722,0.394389107817403
matlab_broad_s20101_c00,1830.79321889849,1.98984423815733,0.116446608229899,0.22,0.000215649928654966,0.000958834428552014,0.00729172219802517,0.39756745451857
matlab_broad_s20101_c00,1830.79321889849,1.98984423815733,0.116446608229899,0.222,0.000217579871826415,0.000969944264227877,0.00378018616339366,0.400713981771316
matlab_broad_s20101_c00,1830.79321889849,1.98984423815733,0.116446608229899,0.224,0.000219524711582274,0.000973602851868353,-0.000118483551182048,0.403827874362852
matlab_broad_s20101_c00,1830.79321889849,1.98984423815733,0.116446608229899,0.226,0.000221468934175336,0.000969280486097943,-0.00415836331169236,0.406908312771867
matlab_broad_s20101_c00,1830.79321889849,1.98984423815733,0.116446608229899,0.228,0.000223396461147665,0.00095694227751825,-0.00809314218655942,0.409954473314686
matlab_broad_s20101_c00,1830.79321889849,1.98984423815733,0.116446608229899,0.23,0.000225291629441047,0.000937033605621934,-0.0116912815367627,0.41296552829555
matlab_broad_s20101_c00,1830.79321889849,1.98984423815733,0.116446608229899,0.232,0.000227140112897787,0.000910436527023181,-0.0147497567830593,0.415940646161008
matlab_broad_s20101_c00,1830.79321889849,1.98984423815733,0.116446608229899,0.234,0.000228929730454915,0.000878400795717791,-0.0171055838814376,0.418878991658484
matlab_broad_s20101_c00,1830.79321889849,1.98984423815733,0.116446608229899,0.236,0.000230651095140831,0.000842454590563954,-0.0186444960679597,0.421779725999017
matlab_broad_s20101_c00,1830.79321889849,1.98984423815733,0.116446608229899,0.238,0.000232298069315819,0.000804301121976664,-0.0193063330042284,0.424642007024222
matlab_broad_s20101_c00,1830.79321889849,1.98984423815733,0.116446608229899,0.24,0.000233868004674803,0.000765707950883315,-0.0190869213490724,0.427464989377477
matlab_broad_s20101_c00,1830.79321889849,1.98984423815733,0.116446608229899,0.242,0.00023536175948947,0.000728396071609167,-0.0180364489792341,0.430247824679383
matlab_broad_s20101_c00,1830.79321889849,1.98984423815733,0.116446608229899,0.244,0.000236783499519242,0.00069393558796809,-0.0162545506436389,0.4329896617075
matlab_broad_s20101_c00,1830.79321889849,1.98984423815733,0.116446608229899,0.246,0.000238140302108886,0.00066365417692002,-0.0138825177620085,0.435689646580383
matlab_broad_s20101_c00,1830.79321889849,1.98984423815733,0.116446608229899,0.248,0.000239441594438697,0.000638563539627419,-0.0110932080747021,0.438346922945947
matlab_broad_s20101_c00,1830.79321889849,1.98984423815733,0.116446608229899,0.25,0.000240698466052456,0.000619307758843062,-0.00807935296535948,0.440960632174177
matlab_broad_s20101_c00,1830.79321889849,1.98984423815733,0.116446608229899,0.252,0.000241922902172181,0.000606136002685501,-0.00504103537481449,0.443529913554191
matlab_broad_s20101_c00,1830.79321889849,1.98984423815733,0.116446608229899,0.254,0.000243126987617829,0.0005989004356071,-0.00217313626502369,0.446053904495678
matlab_broad_s20101_c00,1830.79321889849,1.98984423815733,0.116446608229899,0.256,0.000244322131284296,0.000597078618226902,0.000346477282745747,0.448531740734726
matlab_broad_s20101_c00,1830.79321889849,1.98984423815733,0.116446608229899,0.258,0.000245518358185728,0.00059981819579765,0.00236732083379609,0.450962556544059
matlab_broad_s20101_c00,1830.79321889849,1.98984423815733,0.116446608229899,0.26,0.00024672371034262,0.000606000378271753,0.00377462904744565,0.453345484947671
matlab_broad_s20101_c00,1830.79321889849,1.98984423815733,0.116446608229899,0.262,0.000247943789706924,0.000614317676758076,0.00449521540324211,0.455679657939895
matlab_broad_s20101_c00,1830.79321889849,1.98984423815733,0.116446608229899,0.264,0.000249181466470097,0.000623360636777567,0.00450057804896265,0.457964206708896
matlab_broad_s20101_c00,1830.79321889849,1.98984423815733,0.116446608229899,0.266,0.000250436765144029,0.0006317079321373,0.00380715328520963,0.460198261864597
matlab_broad_s20101_c00,1830.79321889849,1.98984423815733,0.116446608229899,0.268,0.000251706929455838,0.000638014165924686,0.00247379692714821,0.462380953671053
matlab_broad_s20101_c00,1830.79321889849,1.98984423815733,0.116446608229899,0.27,0.000252986656065858,0.000641090056070982,0.000596741570444592,0.464511412283257
matlab_broad_s20101_c00,1830.79321889849,1.98984423815733,0.116446608229899,0.272,0.000254268477071513,0.000639970330092632,-0.00169757531547905,0.466588767988396
matlab_broad_s20101_c00,1830.79321889849,1.98984423815733,0.116446608229899,0.274,0.00025554326278297,0.000633965566567072,-0.00426129987021015,0.468612151451543
matlab_broad_s20101_c00,1830.79321889849,1.98984423815733,0.116446608229899,0.276,0.000256800809817971,0.000622695334561652,-0.00693497210840506,0.470580693965795
matlab_broad_s20101_c00,1830.79321889849,1.98984423815733,0.116446608229899,0.278,0.000258030475490695,0.000606101221378144,-0.00955772032093789,0.472493527706833
matlab_broad_s20101_c00,1830.79321889849,1.98984423815733,0.116446608229899,0.28,0.000259221817933695,0.000584439623179106,-0.0119771997618779,0.47434978599192
matlab_broad_s20101_c00,1830.79321889849,1.98984423815733,0.116446608229899,0.282,0.00026036520240227,0.000558255421835474,-0.0140586729948716,0.476148603543303
matlab_broad_s20101_c00,1830.79321889849,1.98984423815733,0.116446608229899,0.284,0.00026145233761924,0.000528338809069222,-0.0156927023056378,0.477889116756032
matlab_broad_s20101_c00,1830.79321889849,1.98984423815733,0.116446608229899,0.286,0.000262476711534968,0.000495668479422112,-0.01680102773611,0.479570463970163
matlab_broad_s20101_c00,1830.79321889849,1.98984423815733,0.116446608229899,0.288,0.000263433903092329,0.000461345143650206,-0.0173403302049639,0.481191785747337
matlab_broad_s20101_c00,1830.79321889849,1.98984423815733,0.116446608229899,0.29,0.000264321754998543,0.000426519776665989,-0.0173037193409587,0.482752225151723
matlab_broad_s20101_c00,1830.79321889849,1.98984423815733,0.116446608229899,0.292,0.000265140401557739,0.000392321189669545,-0.0167199309710121,0.48425092803529
matlab_broad_s20101_c00,1830.79321889849,1.98984423815733,0.116446608229899,0.294,0.000265892154731609,0.000359787403475404,-0.0156503605644225,0.485687043327403
matlab_broad_s20101_c00,1830.79321889849,1.98984423815733,0.116446608229899,0.296,0.000266581260208069,0.000329804915860294,-0.0141841877775045,0.487059723328701
matlab_broad_s20101_c00,1830.79321889849,1.98984423815733,0.116446608229899,0.298,0.000267213542856572,0.000303059332778807,-0.0124319560660947,0.488368124009243
matlab_broad_s20101_c00,1830.79321889849,1.98984423815733,0.116446608229899,0.3,0.000267795967100389,0.0002800000178541,-0.0105180541168344,0.489611405310883
matlab_broad_s20101_c00,1830.79321889849,1.98984423815733,0.116446608229899,0.302,0.000268336142111112,0.000260820463263869,-0.00857259837576079,0.490788731453851
matlab_broad_s20101_c00,1830.79321889849,1.98984423815733,0.116446608229899,0.304,0.000268841804119403,0.000245455061074935,-0.00672323601052575,0.491899271247491
matlab_broad_s20101_c00,1830.79321889849,1.98984423815733,0.116446608229899,0.306,0.000269320308458536,0.000233591922656969,-0.00508737508792976,0.492942198405134
matlab_broad_s20101_c00,1830.79321889849,1.98984423815733,0.116446608229899,0.308,0.000269778162263048,0.00022470041870556,-0.00376530544912872,0.493916691863057
matlab_broad_s20101_c00,1830.79321889849,1.98984423815733,0.116446608229899,0.31,0.000270220625205815,0.000218071251702303,-0.00283460341662955,0.494821936103481
matlab_broad_s20101_c00,1830.79321889849,1.98984423815733,0.116446608229899,0.312,0.00027065140055277,0.000212866175423643,-0.0023461213051157,0.49565712148158
matlab_broad_s20101_c00,1830.79321889849,1.98984423815733,0.116446608229899,0.314,0.000271072432511639,0.000208173979766297,-0.00232175513297522,0.496421444556425
matlab_broad_s20101_c00,1830.79321889849,1.98984423815733,0.116446608229899,0.316,0.000271483818777534,0.000203069087461088,-0.00275406807669812,0.497114108425843
matlab_broad_s20101_c00,1830.79321889849,1.98984423815733,0.116446608229899,0.318,0.00027188383979477,0.000196669071360595,-0.00360773047917571,0.497734323065111
matlab_broad_s20101_c00,1830.79321889849,1.98984423815733,0.116446608229899,0.32,0.000272269099025455,0.000188187591383921,-0.00482262682364658,0.498281305669441
matlab_broad_s20101_c00,1830.79321889849,1.98984423815733,0.116446608229899,0.322,0.000272634761880572,0.000176979649505293,-0.00631838259424672,0.498754281000196
matlab_broad_s20101_c00,1830.79321889849,1.98984423815733,0.116446608229899,0.324,0.000272974875316461,0.000162576637806919,-0.00799998492381459,0.499152481734768
matlab_broad_s20101_c00,1830.79321889849,1.98984423815733,0.116446608229899,0.326,0.000273282745743592,0.000144709367160643,-0.00976411461877177,0.499475148820057
matlab_broad_s20101_c00,1830.79321889849,1.98984423815733,0.116446608229899,0.328,0.000273551350059451,0.00012331806417054,-0.011505776249763,0.499721531829484
matlab_broad_s20101_c00,1830.79321889849,1.98984423815733,0.116446608229899,0.33,0.000273773753426631,9.85491594562089e-05,-0.0131248085518465,0.499890889323454
matlab_broad_s20101_c00,1830.79321889849,1.98984423815733,0.116446608229899,0.332,0.000273943507888774,7.07395086161813e-05,-0.014531878774095,0.499982489213211
matlab_broad_s20101_c00,1830.79321889849,1.98984423815733,0.116446608229899,0.334,0.000274055007965938,4.0389438538322e-05,-0.0156536096712769,0.499995609127994
matlab_broad_s20101_c00,1830.79321889849,1.98984423815733,0.116446608229899,0.336,0.000274103782818379,8.12665216195723e-06,-0.0164365529745559,0.499929536785415
matlab_broad_s20101_c00,1830.79321889849,1.98984423815733,0.116446608229899,0.338,0.000274086709154532,-2.53364813156615e-05,-0.0168498037324254,0.499783570364979
matlab_broad_s20101_c00,1830.79321889849,1.98984423815733,0.116446608229899,0.34,0.00027400213446487,-5.92494019081668e-05,-0.0168861404057661,0.499557018884649
matlab_broad_s20101_c00,1830.79321889849,1.98984423815733,0.116446608229899,0.342,0.000273849906028292,-9.28706152332285e-05,-0.0165616701328442,0.499249202580377
matlab_broad_s20101_c00,1830.79321889849,1.98984423815733,0.116446608229899,0.344,0.000273631307085649,-0.000125512797331968,-0.0159140512019159,0.49885945328849
matlab_broad_s20101_c00,1830.79321889849,1.98984423815733,0.116446608229899,0.346,0.000273348907237363,-0.000156583046259276,-0.0149994498490359,0.49838711483085
matlab_broad_s20101_c00,1830.79321889849,1.98984423815733,0.116446608229899,0.348,0.000273006339160226,-0.000185615968025491,-0.0138884610575567,0.497831543402672
matlab_broad_s20101_c00,1830.79321889849,1.98984423815733,0.116446608229899,0.35,0.000272608017863478,-0.000212297802839896,-0.0126612790322021,0.497192107962907
matlab_broad_s20101_c00,1830.79321889849,1.98984423815733,0.116446608229899,0.352,0.000272158821693181,-0.000236480408893109,-0.0114024395671479,0.496468190627066
matlab_broad_s20101_c00,1830.79321889849,1.98984423815733,0.116446608229899,0.354,0.000271663756001075,-0.000258184584403464,-0.0101954720301229,0.495659187062395
matlab_broad_s20101_c00,1830.79321889849,1.98984423815733,0.116446608229899,0.356,0.000271127620757552,-0.000277592881784527,-0.00911779289678668,0.494764506885262
matlab_broad_s20101_c00,1830.79321889849,1.98984423815733,0.116446608229899,0.358,0.000270554702431032,-0.000295032708846021,-0.00823614676278961,0.493783574060657
matlab_broad_s20101_c00,1830.79321889849,1.98984423815733,0.116446608229899,0.36,0.000269948508280918,-0.000310951082572212,-0.00760285681359694,0.492715827303662
matlab_broad_s20101_c00,1830.79321889849,1.98984423815733,0.116446608229899,0.362,0.000269311557993365,-0.000325882868503088,-0.00725308814985697,0.491560720482792
matlab_broad_s20101_c00,1830.79321889849,1.98984423815733,0.116446608229899,0.364,0.000268645243561026,-0.000340414677790271,-0.00720325824326313,0.490317723025043
matlab_broad_s20101_c00,1830.79321889849,1.98984423815733,0.116446608229899,0.366,0.00026794976374487,-0.000355146788075643,-0.00745065373949589,0.488986320322548
matlab_broad_s20101_c00,1830.79321889849,1.98984423815733,0.116446608229899,0.368,0.000267224134656533,-0.000370655496381185,-0.0079742366464869,0.487566014140676
matlab_broad_s20101_c00,1830.79321889849,1.98984423815733,0.116446608229899,0.37,0.000266466273266744,-0.000387458204725832,-0.00873655037032641,0.486056323027451
matlab_broad_s20101_c00,1830.79321889849,1.98984423815733,0.116446608229899,0.372,0.000265673146267823,-0.000405983293831996,-0.00968657142996266,0.484456782724142
matlab_broad_s20101_c00,1830.79321889849,1.98984423815733,0.116446608229899,0.374,0.000264840972953522,-0.000426546476771886,-0.0107632997032955,0.482766946576865
matlab_broad_s20101_c00,1830.79321889849,1.98984423815733,0.116446608229899,0.376,0.000263965467838347,-0.000449334869057253,-0.011899841597912,0.480986385949066
matlab_broad_s20101_c00,1830.79321889849,1.98984423815733,0.116446608229899,0.378,0.000263042106774322,-0.000474399495584324,-0.0130277184769785,0.479114690634711
matlab_broad_s20101_c00,1830.79321889849,1.98984423815733,0.116446608229899,0.38,0.000262066399423762,-0.000501656411788283,-0.0140811278106899,0.477151469272029
matlab_broad_s20101_c00,1830.79321889849,1.98984423815733,0.116446608229899,0.382,0.000261034151131654,-0.000530896080642048,-0.0150008965870755,0.475096349757658
matlab_broad_s20101_c00,1830.79321889849,1.98984423815733,0.116446608229899,0.384,0.000259941698462857,-0.000561800151452001,-0.0157378941924388,0.472948979661001
matlab_broad_s20101_c00,1830.79321889849,1.98984423815733,0.116446608229899,0.386,0.000258786104817539,-0.0005939643598973,-0.0162557130346567,0.470709026638647
matlab_broad_s20101_c00,1830.79321889849,1.98984423815733,0.116446608229899,0.388,0.000257565305449892,-0.000626925935335173,-0.0165324766568998,0.468376178848667
matlab_broad_s20101_c00,1830.79321889849,1.98984423815733,0.116446608229899,0.39,0.000256278194685433,-0.000660193678430014,-0.0165616934596936,0.465950145364621
matlab_broad_s20101_c00,1830.79321889849,1.98984423815733,0.116446608229899,0.392,0.000254924651928947,-0.000693278769660267,-0.0163521355941798,0.463430656589071
matlab_broad_s20101_c00,1830.79321889849,1.98984423815733,0.116446608229899,0.394,0.000253505506933957,-0.000725724389470633,-0.0159267832269092,0.460817464666448
matlab_broad_s20101_c00,1830.79321889849,1.98984423815733,0.116446608229899,0.396,0.000252022448524046,-0.000757132368402339,-0.0153209305045197,0.458110343895052
matlab_broad_s20101_c00,1830.79321889849,1.98984423815733,0.116446608229899,0.398,0.000250477884293241,-0.000787185328048073,-0.0145795978648252,0.455309091138014
matlab_broad_s20101_c00,1830.79321889849,1.98984423815733,0.116446608229899,0.4,0.000248874761574456,-0.000815663102700698,-0.0137544331401513,0.45241352623301
matlab_broad_s20101_c00,1830.79321889849,1.98984423815733,0.116446608229899,0.402,0.000247216362001236,-0.000842452623955012,-0.0129003092079228,0.449423492400541
matlab_broad_s20101_c00,1830.79321889849,1.98984423815733,0.116446608229899,0.404,0.000245506083197922,-0.000867550880019222,-0.0120718376256482,0.44633885665056
matlab_broad_s20101_c00,1830.79321889849,1.98984423815733,0.116446608229899,0.406,0.000243747221470103,-0.000891061000437051,-0.0113200154820371,0.443159510187253
matlab_broad_s20101_c00,1830.79321889849,1.98984423815733,0.116446608229899,0.408,0.000241942768839659,-0.000913181938000809,-0.0106892072051397,0.439885368811747
matlab_broad_s20101_c00,1830.79321889849,1.98984423815733,0.116446608229899,0.41,0.000240095236438081,-0.000934192597554304,-0.0102146356911627,0.436516373322555
matlab_broad_s20101_c00,1830.79321889849,1.98984423815733,0.116446608229899,0.412,0.000238206514247074,-0.00095443157435101,-0.00992051993699539,0.433052489913511
matlab_broad_s20101_c00,1830.79321889849,1.98984423815733,0.116446608229899,0.414,0.000236277774604468,-0.000974273895582204,-0.00981895199145743,0.429493710568998
matlab_broad_s20101_c00,1830.79321889849,1.98984423815733,0.116446608229899,0.416,0.00023430942395261,-0.00099410629617449,-0.00990955745474843,0.425840053456227
matlab_broad_s20101_c00,1830.79321889849,1.98984423815733,0.116446608229899,0.418,0.000232301104189053,-0.00101430259866098,-0.0101799340824007,0.422091563314357
matlab_broad_s20101_c00,1830.79321889849,1.98984423815733,0.116446608229899,0.42,0.000230251741883083,-0.00103520070779385,-0.0106068153804253,0.418248311840203
matlab_broad_s20101_c00,1830.79321889849,1.98984423815733,0.116446608229899,0.422,0.000228159640736153,-0.00105708258051212,-0.0111578632766811,0.414310398070313
matlab_broad_s20101_c00,1830.79321889849,1.98984423815733,0.116446608229899,0.424,0.000226022610159996,-0.00108015830318947,-0.0117939584884842,0.410277948759171
matlab_broad_s20101_c00,1830.79321889849,1.98984423815733,0.116446608229899,0.426,0.000223838120864306,-0.00110455511746956,-0.0124718310126753,0.406151118753285
matlab_broad_s20101_c00,1830.79321889849,1.98984423815733,0.116446608229899,0.428,0.000221603476990633,-0.0011303119034028,-0.0131468575412145,0.401930091360915
matlab_broad_s20101_c00,1830.79321889849,1.98984423815733,0.116446608229899,0.43,0.000219315993663015,-0.00115737927589419,-0.0137758481584428,0.39761507871719
matlab_broad_s20101_c00,1830.79321889849,1.98984423815733,0.116446608229899,0.432,0.000216973168866447,-0.00118562510002239,-0.0143196513036177,0.393206322144373
matlab_broad_s20101_c00,1830.79321889849,1.98984423815733,0.116446608229899,0.434,0.000214572839285537,-0.00121484490407287,-0.0147454229043261,0.388704092507007
matlab_broad_s20101_c00,1830.79321889849,1.98984423815733,0.116446608229899,0.436,0.000212113311070261,-0.00124477638543758,-0.0150284314165915,0.384108690561704
matlab_broad_s20101_c00,1830.79321889849,1.98984423815733,0.116446608229899,0.438,0.000209593458340993,-0.00127511697987152,-0.0151533033579121,0.379420447301292
matlab_broad_s20101_c00,1830.79321889849,1.98984423815733,0.116446608229899,0.44,0.000207012784470264,-0.0013055433107961,-0.0151146515340826,0.374639724293081
matlab_broad_s20101_c00,1830.79321889849,1.98984423815733,0.116446608229899,0.442,0.000204371443634433,-0.00133573125947799,-0.0149170680661699,0.369766914010976
matlab_broad_s20101_c00,1830.79321889849,1.98984423815733,0.116446608229899,0.444,0.000201670222655815,-0.00136537540103737,-0.0145745039892088,0.364802440161162
matlab_broad_s20101_c00,1830.79321889849,1.98984423815733,0.116446608229899,0.446,0.000198910485596992,-0.00139420663240995,-0.0141090941879089,0.359746758001098
matlab_broad_s20101_c00,1830.79321889849,1.98984423815733,0.116446608229899,0.448,0.000196094085776806,-0.0014220069690225,-0.0135495185714454,0.354600354651553
matlab_broad_s20101_c00,1830.79321889849,1.98984423815733,0.116446608229899,0.45,0.000193223251723943,-0.00144862069544441,-0.0129290158562752,0.349363749401392
matlab_broad_s20101_c00,1830.79321889849,1.98984423815733,0.116446608229899,0.452,0.000190300454967673,-0.00147396130688101,-0.0122831837804276,0.344037494004854
matlab_broad_s20101_c00,1830.79321889849,1.98984423815733,0.116446608229899,0.454,0.000187328268416649,-0.00149801395615666,-0.0116477082110477,0.338622172971032
matlab_broad_s20101_c00,1830.79321889849,1.98984423815733,0.116446608229899,0.456,0.000184309224361244,-0.00152083340683424,-0.0110561631936941,0.333118403845277
matlab_broad_s20101_c00,1830.79321889849,1.98984423815733,0.116446608229899,0.458,0.000181245680854196,-0.00154253776946824,-0.0105380148567487,0.32752683748224
matlab_broad_s20101_c00,1830.79321889849,1.98984423815733,0.116446608229899,0.46,0.000178139704414703,-0.00156329854801919,-0.0101169450820314,0.321848158310272
matlab_broad_s20101_c00,1830.79321889849,1.98984423815733,0.116446608229899,0.462,0.000174992975729978,-0.00158332773267708,-0.00980958729327321,0.316083084586893
matlab_broad_s20101_c00,1830.79321889849,1.98984423815733,0.116446608229899,0.464,0.000171806723389466,-0.00160286283225239,-0.00962473826664937,0.310232368645037
matlab_broad_s20101_c00,1830.79321889849,1.98984423815733,0.116446608229899,0.466,0.000168581688793446,-0.00162215083600634,-0.00956307844583971,0.304296797129792
matlab_broad_s20101_c00,1830.79321889849,1.98984423815733,0.116446608229899,0.468,0.000165318123354713,-0.00164143212737782,-0.00961740088032305,0.298277191225343
matlab_broad_s20101_c00,1830.79321889849,1.98984423815733,0.116446608229899,0.47,0.000162015817088103,-0.00166092534067752,-0.00977331762196308,0.29217440687181
matlab_broad_s20101_c00,1830.79321889849,1.98984423815733,0.116446608229899,0.472,0.000158674155782408,-0.00168081406053612,-0.0100103840988308,0.285989334971716
matlab_broad_s20101_c00,1830.79321889849,1.98984423815733,0.116446608229899,0.474,0.000155292202285327,-0.00170123612034176,-0.0103035582784168,0.279722901585761
matlab_broad_s20101_c00,1830.79321889849,1.98984423815733,0.116446608229899,0.476,0.000151868796099002,-0.0017222760706652,-0.0106248936381727,0.273376068117633
matlab_broad_s20101_c00,1830.79321889849,1.98984423815733,0.116446608229899,0.478,0.000148402664552143,-0.00174396117454187,-0.0109453539749783,0.266949831487536
matlab_broad_s20101_c00,1830.79321889849,1.98984423815733,0.116446608229899,0.48,0.000144892538328687,-0.00176626105759793,-0.0112366343540157,0.260445224294162
matlab_broad_s20101_c00,1830.79321889849,1.98984423815733,0.116446608229899,0.482,0.000141337264107198,-0.00178909091194382,-0.0114728760070282,0.253863314964791
matlab_broad_s20101_c00,1830.79321889849,1.98984423815733,0.116446608229899,0.484,0.000137735907485907,-0.00181231793760718,-0.0116321732811573,0.247205207893238
matlab_broad_s20101_c00,1830.79321889849,1.98984423815733,0.116446608229899,0.486,0.000134087840194636,-0.00183577051680109,-0.0116977869516153,0.240472043565337
matlab_broad_s20101_c00,1830.79321889849,1.98984423815733,0.116446608229899,0.488,0.000130392806762287,-0.0018592494652189,-0.0116589991485264,0.233664998671672
matlab_broad_s20101_c00,1830.79321889849,1.98984423815733,0.116446608229899,0.49,0.000126650967233934,-0.00188254059884993,-0.0115115693639424,0.226785286207267
matlab_broad_s20101_c00,1830.79321889849,1.98984423815733,0.116446608229899,0.492,0.000122862914118454,-0.00190542779949644,-0.0112577768999201,0.219834155557917
matlab_broad_s20101_c00,1830.79321889849,1.98984423815733,0.116446608229899,0.494,0.000119029663393118,-0.00192770575894978,-0.0109060610437657,0.212812892572886
matlab_broad_s20101_c00,1830.79321889849,1.98984423815733,0.116446608229899,0.496,0.000115152620992352,-0.00194919162910145,-0.0104702946166909,0.205722819623673
matlab_broad_s20101_c00,1830.79321889849,1.98984423815733,0.116446608229899,0.498,0.000111233527667232,-0.00196973489851412,-0.00996874789160902,0.198565295648544
matlab_broad_s20101_c00,1830.79321889849,1.98984423815733,0.116446608229899,0.5,0.000107274386334905,-0.00198922494788135,-0.00942281700287234,0.191341716182545
matlab_broad_s20101_c00,1830.79321889849,1.98984423815733,0.116446608229899,0.502,0.000103277376975178,-0.00200759589795178,-0.00885560296396051,0.184053513372708
matlab_broad_s20101_c00,1830.79321889849,1.98984423815733,0.116446608229899,0.504,9.9244764726901e-05,-0.00202482854299093,-0.00829043370330952,0.176702155978154
matlab_broad_s20101_c00,1830.79321889849,1.98984423815733,0.116446608229899,0.506,9.51788070645713e-05,-0.00204094934904714,-0.00774942192817112,0.169289149354814
matlab_broad_s20101_c00,1830.79321889849,1.98984423815733,0.116446608229899,0.508,9.10816657940792e-05,-0.00205602667750007,-0.00725214630483083,0.161816035424473
matlab_broad_s20101_c00,1830.79321889849,1.98984423815733,0.116446608229899,0.51,8.69553291168021e-05,-0.00207016455962586,-0.00681453292043875,0.154284392627863
matlab_broad_s20101_c00,1830.79321889849,1.98984423815733,0.116446608229899,0.512,8.28015482151723e-05,-0.00208349448758332,-0.00644799908882405,0.146695835861521
matlab_broad_s20101_c00,1830.79321889849,1.98984423815733,0.116446608229899,0.514,7.8621791769639e-05,-0.00209616579358255,-0.00615890334365978,0.139052016398137
matlab_broad_s20101_c00,1830.79321889849,1.98984423815733,0.116446608229899,0.516,7.44172205990639e-05,-0.00210833525661743,-0.00594832515926806,0.13135462179011
matlab_broad_s20101_c00,1830.79321889849,1.98984423815733,0.116446608229899,0.518,7.01886833048177e-05,-0.00212015660217134,-0.00581217687049848,0.12360537575605
matlab_broad_s20101_c00,1830.79321889849,1.98984423815733,0.116446608229899,0.52,6.59367324769926e-05,-0.00213177054453632,-0.00574162975026043,0.115806038049953
matlab_broad_s20101_c00,1830.79321889849,1.98984423815733,0.116446608229899,0.522,6.16616597708533e-05,-0.00214329596619474,-0.00572381748904963,0.107958404312779
matlab_broad_s20101_c00,1830.79321889849,1.98984423815733,0.116446608229899,0.524,5.73635470574038e-05,-0.00215482273881745,-0.00574276449572342,0.100064305906183
matlab_broad_s20101_c00,1830.79321889849,1.98984423815733,0.116446608229899,0.526,5.30423299567464e-05,-0.002166406572528,-0.00578047437904025,0.0921256097281374
matlab_broad_s20101_c00,1830.79321889849,1.98984423815733,0.116446608229899,0.528,4.86978694247894e-05,-0.00217806614236074,-0.00581810629023227,0.0841442180101878
matlab_broad_s20101_c00,1830.79321889849,1.98984423815733,0.116446608229899,0.53,4.43300267134284e-05,-0.00218978259243688,-0.00583716383316292,0.0761220680961018
matlab_broad_s20101_c00,1830.79321889849,1.98984423815733,0.116446608229899,0.532,3.99387369734606e-05,-0.00220150136878271,-0.00582062300528296,0.0680611322016642
matlab_broad_s20101_c00,1830.79321889849,1.98984423815733,0.116446608229899,0.534,3.55240770112674e-05,-0.00221313619015808,-0.00575393185269235,0.0599634171553806
matlab_broad_s20101_c00,1830.79321889849,1.98984423815733,0.116446608229899,0.536,3.10863232200086e-05,-0.00222457484118686,-0.00562582467359139,0.0518309641198572
matlab_broad_s20101_c00,1830.79321889849,1.98984423815733,0.116446608229899,0.538,2.66259964433673e-05,-0.00223568637062183,-0.00542890693000077,0.043665848293629
matlab_broad_s20101_c00,1830.79321889849,1.98984423815733,0.116446608229899,0.54,2.21438914417798e-05,-0.00224632920518212,-0.0051599826016373,0.0354701785932127
matlab_broad_s20101_c00,1830.79321889849,1.98984423815733,0.116446608229899,0.542,1.76410896556322e-05,-0.00225635964954522,-0.00482011250487729,0.0272460973151741
matlab_broad_s20101_c00,1830.79321889849,1.98984423815733,0.116446608229899,0.544,1.31189550303103e-05,-0.00226564023711826,-0.00441440903069792,0.018995779777995
matlab_broad_s20101_c00,1830.79321889849,1.98984423815733,0.116446608229899,0.546,8.5791137168879e-06,-0.00227404742338014,-0.00395158878203347,0.0107214339435408
matlab_broad_s20101_c00,1830.79321889849,1.98984423815733,0.116446608229899,0.548,4.02341942584173e-06,-0.00228147817109448,-0.00344331875823097,0.00242530001793104
matlab_broad_s20101_c00,1830.79321889849,1.98984423815733,0.116446608229899,0.55,-5.12658343712806e-07,-0.00223810736297722,0.0463049679320275,0
matlab_broad_s20101_c00,1830.79321889849,1.98984423815733,0.116446608229899,0.552,-4.85127813704078e-06,-0.00207880406424882,0.111795299181979,0
matlab_broad_s20101_c00,1830.79321889849,1.98984423815733,0.116446608229899,0.554,-8.74578741548048e-06,-0.0017970087907444,0.168210102295972,0
matlab_broad_s20101_c00,1830.79321889849,1.98984423815733,0.116446608229899,0.556,-1.19715989972688e-05,-0.00141416692754504,0.212384839301741,0
matlab_broad_s20101_c00,1830.79321889849,1.98984423815733,0.116446608229899,0.558,-1.43527951765925e-05,-0.000957217615932924,0.242014039461179,0
matlab_broad_s20101_c00,1830.79321889849,1.98984423815733,0.116446608229899,0.56,-1.57713113305453e-05,-0.000456752456596902,0.255764221335867,0
matlab_broad_s20101_c00,1830.79321889849,1.98984423815733,0.116446608229899,0.562,-1.61722530919084e-05,5.49885479415855e-05,0.253323244859576,0
matlab_broad_s20101_c00,1830.79321889849,1.98984423815733,0.116446608229899,0.564,-1.55651499866504e-05,0.000546155096291607,0.235385194054657,0
matlab_broad_s20101_c00,1830.79321889849,1.98984423815733,0.116446608229899,0.566,-1.40212049596206e-05,0.00098723225179404,0.203573886034555,0
matlab_broad_s20101_c00,1830.79321889849,1.98984423815733,0.116446608229899,0.568,-1.16668434636658e-05,0.00135277711637209,0.160311772343338,0
matlab_broad_s20101_c00,1830.79321889849,1.98984423815733,0.116446608229899,0.57,-8.6740831574797e-06,0.0016228467325561,0.108644129674512,0
matlab_broad_s20101_c00,1830.79321889849,1.98984423815733,0.116446608229899,0.572,-5.24842328101443e-06,0.00178403977304519,0.052030854155845,0
matlab_broad_s20101_c00,1830.79321889849,1.98984423815733,0.116446608229899,0.574,-1.61508182791336e-06,0.00183010093051931,-0.0058802479843672,0
matlab_broad_s20101_c00,1830.79321889849,1.98984423815733,0.116446608229899,0.576,1.99551757897086e-06,0.00176206553019317,-0.0614841093537733,0
matlab_broad_s20101_c00,1830.79321889849,1.98984423815733,0.116446608229899,0.578,5.36209136144904e-06,0.00158795091853258,-0.111438672938882,0
matlab_broad_s20101_c00,1830.79321889849,1.98984423815733,0.116446608229899,0.58,8.28579759288923e-06,0.00132202883411626,-0.152861588457161,0
matlab_broad_s20101_c00,1830.79321889849,1.98984423815733,0.116446608229899,0.582,1.06017105819269e-05,0.000983737586530758,-0.18349202896789,0
matlab_broad_s20101_c00,1830.79321889849,1.98984423815733,0.116446608229899,0.584,1.21878241411942e-05,0.000596313044223882,-0.201808848048342,0
matlab_broad_s20101_c00,1830.79321889849,1.98984423815733,0.116446608229899,0.586,1.29711128782114e-05,0.000185232071004009,-0.207099277813174,0
matlab_broad_s20101_c00,1830.79321889849,1.98984423815733,0.116446608229899,0.588,1.29303775864198e-05,-0.000223429560907682,-0.199475604585657,0
matlab_broad_s20101_c00,1830.79321889849,1.98984423815733,0.116446608229899,0.59,1.20958077912345e-05,-0.000604620921557735,-0.179840544457211,0
matlab_broad_s20101_c00,1830.79321889849,1.98984423815733,0.116446608229899,0.592,1.05453986462432e-05,-0.000935822094944803,-0.149805171603771,0
matlab_broad_s20101_c00,1830.79321889849,1.98984423815733,0.116446608229899,0.594,8.39854821917078e-06,-0.00119834409416136,-0.111566040734343,0
matlab_broad_s20101_c00,1830.79321889849,1.98984423815733,0.116446608229899,0.596,5.80732365615754e-06,-0.00137834950624024,-0.0677504314329802,0
matlab_broad_s20101_c00,1830.79321889849,1.98984423815733,0.116446608229899,0.598,2.94601166262358e-06,-0.00146754048075853,-0.0212403026796967,0
matlab_broad_s20101_c00,1830.79321889849,1.98984423815733,0.116446608229899,0.6,-3.46425079541451e-10,-0.00146348292780326,0.025013500594769,0
matlab_broad_s20101_c00,1830.79321889849,1.98984423815733,0.116446608229899,0.602,-2.84769578334123e-06,-0.00136955920960908,0.0681750353433182,0
matlab_broad_s20101_c00,1830.79321889849,1.98984423815733,0.116446608229899,0.604,-5.42425411383417e-06,-0.00119456471660249,0.105693807271127,0
matlab_broad_s20101_c00,1830.79321889849,1.98984423815733,0.116446608229899,0.606,-7.58066373921086e-06,-0.000951985102203175,0.13545203315658,0
matlab_broad_s20101_c00,1830.79321889849,1.98984423815733,0.116446608229899,0.608,-9.19842353564439e-06,-0.000659009354354866,0.155880344444487,0
matlab_broad_s20101_c00,1830.79321889849,1.98984423815733,0.116446608229899,0.61,-1.01961399397666e-05,-0.000335348273700435,0.166035876740112,0
matlab_broad_s20101_c00,1830.79321889849,1.98984423815733,0.116446608229899,0.612,-1.05332858719478e-05,-1.93755827165295e-06,0.165639206495084,0
matlab_broad_s20101_c00,1830.79321889849,1.98984423815733,0.116446608229899,0.614,-1.02113201319189e-05,0.000320390869713488,0.155069245914067,0
matlab_broad_s20101_c00,1830.79321889849,1.98984423815733,0.116446608229899,0.616,-9.27218710420229e-06,0.000612186516145806,0.135317822497602,0
matlab_broad_s20101_c00,1830.79321889849,1.98984423815733,0.116446608229899,0.618,-7.79437705222436e-06,0.00085653008641926,0.107908090982544,0
matlab_broad_s20101_c00,1830.79321889849,1.98984423815733,0.116446608229899,0.62,-5.88687124417439e-06,0.00103998896268651,0.0747830103563126,0
matlab_broad_s20101_c00,1830.79321889849,1.98984423815733,0.116446608229899,0.622,-3.68141534059875e-06,0.00115332615385424,0.0381717501876774,0
matlab_broad_s20101_c00,1830.79321889849,1.98984423815733,0.116446608229899,0.624,-1.3236523859532e-06,0.0011919274011862,0.000442983626692512,0
matlab_broad_s20101_c00,1830.79321889849,1.98984423815733,0.116446608229899,0.626,1.0363009719026e-06,0.00115592964201522,-0.0360454700551658,0
matlab_broad_s20101_c00,1830.79321889849,1.98984423815733,0.116446608229899,0.628,3.25323677719888e-06,0.00105005296452934,-0.0690912839342782,0
matlab_broad_s20101_c00,1830.79321889849,1.98984423815733,0.116446608229899,0.63,5.1956209703131e-06,0.00088315634988844,-0.0967778399554967,0
matlab_broad_s20101_c00,1830.79321889849,1.98984423815733,0.116446608229899,0.632,6.75322318274796e-06,0.000667553802799532,-0.117582499868194,0
matlab_broad_s20101_c00,1830.79321889849,1.98984423815733,0.116446608229899,0.634,7.84318004539215e-06,0.000418140977836412,-0.130457009337681,0
matlab_broad_s20101_c00,1830.79321889849,1.98984423815733,0.116446608229899,0.636,8.41417175223864e-06,0.000151392379648092,-0.134876026702139,0
matlab_broad_s20101_c00,1830.79321889849,1.98984423815733,0.116446608229899,0.638,8.44851841386664e-06,-0.000115704843663088,-0.130851862814875,0
matlab_broad_s20101_c00,1830.79321889849,1.98984423815733,0.116446608229899,0.64,7.96213716526264e-06,-0.000366712813286112,-0.11891566067934,0
matlab_broad_s20101_c00,1830.79321889849,1.98984423815733,0.116446608229899,0.642,7.00243453704222e-06,-0.000586735376438777,-0.100067299814026,0
matlab_broad_s20101_c00,1830.79321889849,1.98984423815733,0.116446608229899,0.644,5.6443330747696e-06,-0.00076328240565298,-0.0756981569107987,0
matlab_broad_s20101_c00,1830.79321889849,1.98984423815733,0.116446608229899,0.646,3.98473924743058e-06,-0.000886957092861081,-0.0474923848501772,0
matlab_broad_s20101_c00,1830.79321889849,1.98984423815733,0.116446608229899,0.648,2.13584522948913e-06,-0.000951929917263974,-0.0173135030072128,0
matlab_broad_s20101_c00,1830.79321889849,1.98984423815733,0.116446608229899,0.65,2.17715666889228e-07,-0.000956177305534347,0.0129162330990022,0
matlab_broad_s20101_c00,1830.79321889849,1.98984423815733,0.116446608229899,0.652,-1.64936064573265e-06,-0.000901478212554679,0.0413360215979718,0
matlab_broad_s20101_c00,1830.79321889849,1.98984423815733,0.116446608229899,0.654,-3.35227591556729e-06,-0.000793176966002,0.0662588867724052,0
matlab_broad_s20101_c00,1830.79321889849,1.98984423815733,0.116446608229899,0.656,-4.79181809155186e-06,-0.000639734812284509,0.0862695861312503,0
matlab_broad_s20101_c00,1830.79321889849,1.98984423815733,0.116446608229899,0.658,-5.88830544045702e-06,-0.000452104842132006,0.100302516869291,0
matlab_broad_s20101_c00,1830.79321889849,1.98984423815733,0.116446608229899,0.66,-6.58583072907866e-06,-0.000242974671015518,0.107695502508667,0
matlab_broad_s20101_c00,1830.79321889849,1.98984423815733,0.116446608229899,0.662,-6.85490071272159e-06,-2.59278916424094e-05,0.108216962249225,0
matlab_broad_s20101_c00,1830.79321889849,1.98984423815733,0.116446608229899,0.664,-6.69336251667615e-06,0.000185421402807323,0.10206568639327,0
matlab_broad_s20101_c00,1830.79321889849,1.98984423815733,0.116446608229899,0.666,-6.12561749377331e-06,0.000378266894167092,0.0898441519968277,0
matlab_broad_s20101_c00,1830.79321889849,1.98984423815733,0.116446608229899,0.668,-5.20022843972843e-06,0.00054137047440078,0.0725079087603265,0
matlab_broad_s20101_c00,1830.79321889849,1.98984423815733,0.116446608229899,0.67,-3.98612129733828e-06,0.00066570068964905,0.0512949518241493,0
matlab_broad_s20101_c00,1830.79321889849,1.98984423815733,0.116446608229899,0.672,-2.56766216057727e-06,0.000744914028121624,0.0276400973300339,0
matlab_broad_s20101_c00,1830.79321889849,1.98984423815733,0.116446608229899,0.674,-1.03895012309874e-06,0.000775654733096528,0.00308013040605888,0
matlab_broad_s20101_c00,1830.79321889849,1.98984423815733,0.116446608229899,0.676,5.02296700818538e-07,0.000757660799805947,-0.020844131122421,0
matlab_broad_s20101_c00,1830.79321889849,1.98984423815733,0.116446608229899,0.678,1.96087231233548e-06,0.00069367614907439,-0.0426827307079629,0
matlab_broad_s20101_c00,1830.79321889849,1.98984423815733,0.116446608229899,0.68,3.24985348703052e-06,0.000589180890717159,-0.0611626910852894,0
matlab_broad_s20101_c00,1830.79321889849,1.98984423815733,0.116446608229899,0.682,4.29566717880721e-06,0.00045196237673788,-0.0752603549904908,0
matlab_broad_s20101_c00,1830.79321889849,1.98984423815733,0.116446608229899,0.684,5.04216665626393e-06,0.000291558772961929,-0.0842559625947733,0
matlab_broad_s20101_c00,1830.79321889849,1.98984423815733,0.116446608229899,0.686,5.45349899707117e-06,0.000118613651737143,-0.0877677059893909,0
matlab_broad_s20101_c00,1830.79321889849,1.98984423815733,0.116446608229899,0.688,5.51562819899655e-06,-5.58157131217591e-05,-0.0857638559108324,0
matlab_broad_s20101_c00,1830.79321889849,1.98984423815733,0.116446608229899,0.69,5.23646540465784e-06,-0.000220952254650551,-0.0785529516236367,0
matlab_broad_s20101_c00,1830.79321889849,1.98984423815733,0.116446608229899,0.692,4.64464502748753e-06,-0.00036695247574438,-0.066753394273457,0
matlab_broad_s20101_c00,1830.79321889849,1.98984423815733,0.116446608229899,0.694,3.78706753875636e-06,-0.000485480447980716,-0.0512450056555714,0
matlab_broad_s20101_c00,1830.79321889849,1.98984423815733,0.116446608229899,0.696,2.72540146728977e-06,-0.000570169812363154,-0.0331061373773718,0
matlab_broad_s20101_c00,1830.79321889849,1.98984423815733,0.116446608229899,0.698,1.53179470164323e-06,-0.000616949132229211,-0.0135406835843394,0
matlab_broad_s20101_c00,1830.79321889849,1.98984423815733,0.116446608229899,0.7,2.84085409324982e-07,-0.000624215180393495,0.00620017491338812,0
matlab_broad_s20101_c00,1830.79321889849,1.98984423815733,0.116446608229899,0.702,-9.39176092944964e-07,-0.000592848612452905,0.0248965054626625,0
matlab_broad_s20101_c00,1830.79321889849,1.98984423815733,0.116446608229899,0.704,-2.06358201740408e-06,-0.000526076357642897,0.0414335981659957,0
matlab_broad_s20101_c00,1830.79321889849,1.98984423815733,0.116446608229899,0.706,-3.02330392237223e-06,-0.000429194339805141,0.0548669841138303,0
matlab_broad_s20101_c00,1830.79321889849,1.98984423815733,0.116446608229899,0.708,-3.7648528479614e-06,-0.000309172273226556,0.064474799608191,0
matlab_broad_s20101_c00,1830.79321889849,1.98984423815733,0.116446608229899,0.71,-4.24995426058305e-06,-0.0001741687998182,0.0697947011702005,0
matlab_broad_s20101_c00,1830.79321889849,1.98984423815733,0.116446608229899,0.712,-4.45739073989232e-06,-3.29897983497147e-05,0.0706435801418883,0
matlab_broad_s20101_c00,1830.79321889849,1.98984423815733,0.116446608229899,0.714,-4.38373376535972e-06,0.000105474911691376,0.067119442331433,0
matlab_broad_s20101_c00,1830.79321889849,1.98984423815733,0.116446608229899,0.716,-4.0429569208578e-06,0.000232801103697234,0.0595859362986152,0
matlab_broad_s20101_c00,1830.79321889849,1.98984423815733,0.116446608229899,0.718,-3.46499188520714e-06,0.000341532581695686,0.0486410647183715,0
matlab_broad_s20101_c00,1830.79321889849,1.98984423815733,0.116446608229899,0.72,-2.69335153229988e-06,0.00042560720518856,0.0350725344307036,0
matlab_broad_s20101_c00,1830.79321889849,1.98984423815733,0.116446608229899,0.722,-1.78199765924421e-06,0.000480682868253411,0.0198029399903998,0
matlab_broad_s20101_c00,1830.79321889849,1.98984423815733,0.116446608229899,0.724,-7.91671351459597e-07,0.000504346746766068,0.00382849342320398,0
matlab_broad_s20101_c00,1830.79321889849,1.98984423815733,0.116446608229899,0.726,2.14070283494028e-07,0.000496198867071781,-0.0118447149382697,0
matlab_broad_s20101_c00,1830.79321889849,1.98984423815733,0.116446608229899,0.728,1.17285741213521e-06,0.000457809079093578,-0.0262629217078151,0
matlab_broad_s20101_c00,1830.79321889849,1.98984423815733,0.116446608229899,0.73,2.0273032584311e-06,0.000392554333153577,-0.0385815877720195,0
matlab_broad_s20101_c00,1830.79321889849,1.98984423815733,0.116446608229899,0.732,2.72836590980269e-06,0.000305350289172636,-0.0481136668988171,0
matlab_broad_s20101_c00,1830.79321889849,1.98984423815733,0.116446608229899,0.734,3.23808397877179e-06,0.000202297314034046,-0.0543665670603799,0
matlab_broad_s20101_c00,1830.79321889849,1.98984423815733,0.116446608229899,0.736,3.53153891654565e-06,9.02655141196358e-05,-0.0570659112779289,0
matlab_broad_s20101_c00,1830.79321889849,1.98984423815733,0.116446608229899,0.738,3.59794928036931e-06,-2.35536287619802e-05,-0.0561650802146922,0
matlab_broad_s20101_c00,1830.79321889849,1.98984423815733,0.116446608229899,0.74,3.44085882183211e-06,-0.000132100322179727,-0.0518404273427281,0
matlab_broad_s20101_c00,1830.79321889849,1.98984423815733,0.116446608229899,0.742,3.07743727339463e-06,-0.00022887620773413,-0.0444729422971341,0
matlab_broad_s20101_c00,1830.79321889849,1.98984423815733,0.116446608229899,0.744,2.53696664421121e-06,-0.000308325140244776,-0.0346179453938219,0
matlab_broad_s20101_c00,1830.79321889849,1.98984423815733,0.116446608229899,0.746,1.85863348034688e-06,-0.000366143229067439,-0.0229650791739418,0
matlab_broad_s20101_c00,1830.79321889849,1.98984423815733,0.116446608229899,0.748,1.08878617999027e-06,-0.000399501450910605,-0.0102913834343774,0
matlab_broad_s20101_c00,1830.79321889849,1.98984423815733,0.116446608229899,0.75,2.77844007861391e-07,-0.000407170081018806,0.00258942805414997,0
matlab_broad_s20101_c00,1830.79321889849,1.98984423815733,0.116446608229899,0.752,-5.22940397493621e-07,-0.000389540588913552,0.014878242108838,0
matlab_broad_s20101_c00,1830.79321889849,1.98984423815733,0.116446608229899,0.754,-1.26466099938213e-06,-0.000348547096965116,0.0258392001298679,0
matlab_broad_s20101_c00,1830.79321889849,1.98984423815733,0.116446608229899,0.756,-1.90368718921422e-06,-0.000287495606341896,0.0348428274070633,0
matlab_broad_s20101_c00,1830.79321889849,1.98984423815733,0.116446608229899,0.758,-2.40416978169039e-06,-0.00021081459143793,0.0414011709467192,0
matlab_broad_s20101_c00,1830.79321889849,1.98984423815733,0.116446608229899,0.76,-2.73998426881929e-06,-0.000123744942675712,0.0451930533694672,0
matlab_broad_s20101_c00,1830.79321889849,1.98984423815733,0.116446608229899,0.762,-2.8960107310747e-06,-3.19903635230482e-05,0.0460782218598276,0
matlab_broad_s20101_c00,1830.79321889849,1.98984423815733,0.116446608229899,0.764,-2.86869397867758e-06,5.86489495008778e-05,0.0440998951114233,0
matlab_broad_s20101_c00,1830.79321889849,1.98984423815733,0.116446608229899,0.766,-2.66587365674514e-06,0.000142636253946263,0.039475941420864,0
matlab_broad_s20101_c00,1830.79321889849,1.98984423815733,0.116446608229899,0.768,-2.30591928932612e-06,0.000215029913460629,0.0325796124212082,0
matlab_broad_s20101_c00,1830.79321889849,1.98984423815733,0.116446608229899,0.77,-1.81624680774609e-06,0.000271767309130001,0.0239113682021422,0
matlab_broad_s20101_c00,1830.79321889849,1.98984423815733,0.116446608229899,0.772,-1.2313285750153e-06,0.000309885153840257,0.0140638258375131,0
matlab_broad_s20101_c00,1830.79321889849,1.98984423815733,0.116446608229899,0.774,-5.90336304243654e-07,0.000327664797221811,0.00368221797438297,0
matlab_broad_s20101_c00,1830.79321889849,1.98984423815733,0.116446608229899,0.776,6.54258376925008e-08,0.000324696105150376,-0.00657705591958272,0
matlab_broad_s20101_c00,1830.79321889849,1.98984423815733,0.116446608229899,0.778,6.9513303106684e-07,0.000301858720902197,-0.0160871725206103,0
matlab_broad_s20101_c00,1830.79321889849,1.98984423815733,0.116446608229899,0.78,1.26093437746879e-06,0.00026122463607095,-0.0242884398926629,0
matlab_broad_s20101_c00,1830.79321889849,1.98984423815733,0.116446608229899,0.782,1.73018077224351e-06,0.000205890706740129,-0.0307204625035222,0
matlab_broad_s20101_c00,1830.79321889849,1.98984423815733,0.116446608229899,0.784,2.07725802391609e-06,0.000139753768566786,-0.0350471189952923,0
matlab_broad_s20101_c00,1830.79321889849,1.98984423815733,0.116446608229899,0.786,2.28492574823739e-06,6.72441094131194e-05,-0.0370730580722645,0
matlab_broad_s20101_c00,1830.79321889849,1.98984423815733,0.116446608229899,0.788,2.34509630069731e-06,-6.96491031112076e-06,-0.0367509829902447,0
matlab_broad_s20101_c00,1830.79321889849,1.98984423815733,0.116446608229899,0.79,2.25902465683662e-06,-7.82524302325125e-05,-0.0341795861308656,0
matlab_broad_s20101_c00,1830.79321889849,1.98984423815733,0.116446608229899,0.792,2.03691735305373e-06,-0.00014233250369226,-0.0295925748068984,0
matlab_broad_s20101_c00,1830.79321889849,1.98984423815733,0.116446608229899,0.794,1.69700405514354e-06,-0.000195506426502312,-0.02333976250245,0
matlab_broad_s20101_c00,1830.79321889849,1.98984423815733,0.116446608229899,0.796,1.26414690586169e-06,-0.000234870473605669,-0.0158616549885161,0
matlab_broad_s20101_c00,1830.79321889849,1.98984423815733,0.116446608229899,0.798,7.68088704032638e-07,-0.000258467766219663,-0.00765931278765134,0
matlab_broad_s20101_c00,1830.79321889849,1.98984423815733,0.116446608229899,0.8,2.41459784142588e-07,-0.000265376806833105,0.000738497890833548,0
matlab_broad_s20101_c00,1830.79321889849,1.98984423815733,0.116446608229899,0.802,-2.82325722186001e-07,-0.000255733364999431,0.00880875446816218,0
matlab_broad_s20101_c00,1830.79321889849,1.98984423815733,0.116446608229899,0.804,-7.71151148998657e-07,-0.00023068660715759,0.0160661503056536,0
matlab_broad_s20101_c00,1830.79321889849,1.98984423815733,0.116446608229899,0.806,-1.19612884297499e-06,-0.000192294377618135,0.0220916733693278,0
matlab_broad_s20101_c00,1830.79321889849,1.98984423815733,0.116446608229899,0.808,-1.53326823661537e-06,-0.000143366115121215,0.0265561477098894,0
matlab_broad_s20101_c00,1830.79321889849,1.98984423815733,0.116446608229899,0.81,-1.76478671490824e-06,-8.72648246774201e-05,0.0292374592166107,0
matlab_broad_s20101_c00,1830.79321889849,1.98984423815733,0.116446608229899,0.812,-1.8799946596159e-06,-2.76816587918685e-05,0.0300306184679574,0
matlab_broad_s20101_c00,1830.79321889849,1.98984423815733,0.116446608229899,0.814,-1.87571454814933e-06,3.16021087081118e-05,0.0289502824741699,0
matlab_broad_s20101_c00,1830.79321889849,1.98984423815733,0.116446608229899,0.816,-1.75622398709378e-06,8.6950654346197e-05,0.0261258335826928,0
matlab_broad_s20101_c00,1830.79321889849,1.98984423815733,0.116446608229899,0.818,-1.53274217790336e-06,0.000135092317252023,0.0217895682415457,0
matlab_broad_s20101_c00,1830.79321889849,1.98984423815733,0.116446608229899,0.82,-1.22250673561984e-06,0.000173308567868562,0.0162589534827503,0
matlab_broad_s20101_c00,1830.79321889849,1.98984423815733,0.116446608229899,0.822,-8.4751139790181e-07,0.000199582611038037,0.00991424163534335,0
matlab_broad_s20101_c00,1830.79321889849,1.98984423815733,0.116446608229899,0.824,-4.32993646690448e-07,0.000212699840695781,0.00317297588429587,0
matlab_broad_s20101_c00,1830.79321889849,1.98984423815733,0.116446608229899,0.826,-5.77365407607086e-09,0.00021229558594527,-0.00353694098960405,0
matlab_broad_s20101_c00,1830.79321889849,1.98984423815733,0.116446608229899,0.828,4.07448299760203e-07,0.000198848983013664,-0.00980391017582901,0
matlab_broad_s20101_c00,1830.79321889849,1.98984423815733,0.116446608229899,0.83,7.81729834533942e-07,0.000173625159939184,-0.015257401921676,0
matlab_broad_s20101_c00,1830.79321889849,1.98984423815733,0.116446608229899,0.832,1.09536133766755e-06,0.000138571026077464,-0.0195893628997552,0
matlab_broad_s20101_c00,1830.79321889849,1.98984423815733,0.116446608229899,0.834,1.33109247022593e-06,9.61726339674342e-05,-0.0225710621351539,0
matlab_broad_s20101_c00,1830.79321889849,1.98984423815733,0.116446608229899,0.836,1.47704322639872e-06,4.92841766704437e-05,-0.0240644927360901,0
matlab_broad_s20101_c00,1830.79321889849,1.98984423815733,0.116446608229899,0.838,1.52725411534643e-06,9.40089995700509e-07,-0.0240278111411229,0
matlab_broad_s20101_c00,1830.79321889849,1.98984423815733,0.116446608229899,0.84,1.48185375411037e-06,-4.58376172777722e-05,-0.0225146796943832,0
matlab_broad_s20101_c00,1830.79321889849,1.98984423815733,0.116446608229899,0.842,1.34684641848155e-06,-8.82247958943015e-05,-0.0196677578067303,0
matlab_broad_s20101_c00,1830.79321889849,1.98984423815733,0.116446608229899,0.844,1.13354538529707e-06,-0.000123762190596544,-0.0157069385760406,0
matlab_broad_s20101_c00,1830.79321889849,1.98984423815733,0.116446608229899,0.846,8.57698815129798e-07,-0.000150494422267493,-0.0109132308350637,0
matlab_broad_s20101_c00,1830.79321889849,1.98984423815733,0.116446608229899,0.848,5.38372262139086e-07,-0.000167073312961872,-0.00560942416056156,0
matlab_broad_s20101_c00,1830.79321889849,1.98984423815733,0.116446608229899,0.85,1.96664711901331e-07,-0.000172820397413945,-0.000138834004365892,0
matlab_broad_s20101_c00,1830.79321889849,1.98984423815733,0.116446608229899,0.852,-1.45657297727657e-07,-0.000167746147830298,0.00515650140286271,0
matlab_broad_s20101_c00,1830.79321889849,1.98984423815733,0.116446608229899,0.854,-4.67520720625943e-07,-0.000152526183949015,0.00995681309176925,0
matlab_broad_s20101_c00,1830.79321889849,1.98984423815733,0.116446608229899,0.856,-7.49818671126051e-07,-0.000128437376564769,0.0139835186011404,0
matlab_broad_s20101_c00,1830.79321889849,1.98984423815733,0.116446608229899,0.858,-9.76519418911679e-07,-9.72591215187631e-05,0.0170149707487987,0
matlab_broad_s20101_c00,1830.79321889849,1.98984423815733,0.116446608229899,0.86,-1.13554900707753e-06,-6.11470258391461e-05,0.0188981758454164,0
matlab_broad_s20101_c00,1830.79321889849,1.98984423815733,0.116446608229899,0.862,-1.21940081885345e-06,-2.24877010424284e-05,0.0195558961075875,0
matlab_broad_s20101_c00,1830.79321889849,1.98984423815733,0.116446608229899,0.864,-1.22544377893261e-06,1.62557716283884e-05,0.0189888545549914,0
matlab_broad_s20101_c00,1830.79321889849,1.98984423815733,0.116446608229899,0.866,-1.15592036021656e-06,5.26978869315953e-05,0.0172730713326249,0
matlab_broad_s20101_c00,1830.79321889849,1.98984423815733,0.116446608229899,0.868,-1.01764494002341e-06,8.4674815118601e-05,0.0145526588384163,0
matlab_broad_s20101_c00,1830.79321889849,1.98984423815733,0.116446608229899,0.87,-7.73732203730476e-07,0.000181341708634013,0.0812309327733998,0.0084033646870432
matlab_broad_s20101_c00,1830.79321889849,1.98984423815733,0.116446608229899,0.872,-1.90641404955993e-07,0.000429599810261701,0.165254998650904,0.0197491958016623
matlab_broad_s20101_c00,1830.79321889849,1.98984423815733,0.116446608229899,0.874,1.04912425924028e-06,0.000833731280607663,0.236365303253325,0.0311036628315689
matlab_broad_s20101_c00,1830.79321889849,1.98984423815733,0.116446608229899,0.876,3.22863774014106e-06,0.00136374061515401,0.290572913772492,0.042460829738621
matlab_broad_s20101_c00,1830.79321889849,1.98984423815733,0.116446608229899,0.878,6.56375816663065e-06,0.00198279858920872,0.325061987903949,0.0538147102460038
matlab_broad_s20101_c00,1830.79321889849,1.98984423815733,0.116446608229899,0.88,1.1191912838246e-05,0.00264973598274592,0.338323557950764,0.0651592708163069
matlab_broad_s20101_c00,1830.79321889849,1.98984423815733,0.116446608229899,0.882,1.71660779831289e-05,0.00332172047997694,0.330204449582283,0.0764884337007239
matlab_broad_s20101_c00,1830.79321889849,1.98984423815733,0.116446608229899,0.884,2.44541538991496e-05,0.00395694596461552,0.301871177974929,0.087796080058398
matlab_broad_s20101_c00,1830.79321889849,1.98984423815733,0.116446608229899,0.886,3.29435917784857e-05,0.00451716840704727,0.255693898137133,0.0990760531449115
matlab_broad_s20101_c00,1830.79321889849,1.98984423815733,0.116446608229899,0.888,4.24508113401048e-05,0.00496993754444714,0.195060232230724,0.110322161568827
matlab_broad_s20101_c00,1830.79321889849,1.98984423815733,0.116446608229899,0.89,5.27346692516309e-05,0.00529039732956921,0.124132779170661,0.121528182615121
matlab_broad_s20101_c00,1830.79321889849,1.98984423815733,0.116446608229899,0.892,6.35130140675829e-05,0.00546255891171014,0.0475671114487037,0.132687865634292
matlab_broad_s20101_c00,1830.79321889849,1.98984423815733,0.116446608229899,0.894,7.448120599227e-05,0.0054799855851925,-0.02979107047272,0.143794935495824
matlab_broad_s20101_c00,1830.79321889849,1.98984423815733,0.116446608229899,0.896,8.5331396628334e-05,0.00534586733876282,-0.103210301324409,0.154843096104669
matlab_broad_s20101_c00,1830.79321889849,1.98984423815733,0.116446608229899,0.898,9.57713576142331e-05,0.00507250092954416,-0.168360462801705,0.165826033979267
matlab_broad_s20101_c00,1830.79321889849,1.98984423815733,0.116446608229899,0.9,0.000105541715487485,0.00468022742972267,-0.221565566505245,0.176737421889629
matlab_broad_s20101_c00,1830.79321889849,1.98984423815733,0.116446608229899,0.902,0.000114430586517275,0.00419591081363345,-0.26000781553977,0.187570922553863
matlab_broad_s20101_c00,1830.79321889849,1.98984423815733,0.116446608229899,0.904,0.000122284798957566,0.00365106657077743,-0.281872032103771,0.198320192391514
matlab_broad_s20101_c00,1830.79321889849,1.98984423815733,0.116446608229899,0.906,0.000129017127342219,0.00307976719173129,-0.286423572453193,0.208978885331965
matlab_broad_s20101_c00,1830.79321889849,1.98984423815733,0.116446608229899,0.908,0.000134609228030951,0.00251646083431996,-0.274017172169002,0.219540656676117
matlab_broad_s20101_c00,1830.79321889849,1.98984423815733,0.116446608229899,0.91,0.000139110240026282,0.00199384023724682,-0.246038498273299,0.229999167009446
matlab_broad_s20101_c00,1830.79321889849,1.98984423815733,0.116446608229899,0.912,0.000142631282872915,0.00154089125320221,-0.204784263503302,0.24034808616452
matlab_broad_s20101_c00,1830.79321889849,1.98984423815733,0.116446608229899,0.914,0.000145336327989202,0.00118123498059821,-0.153290339690436,0.250581097230931
matlab_broad_s20101_c00,1830.79321889849,1.98984423815733,0.116446608229899,0.916,0.000147430126807912,0.000931855587767218,-0.0951201881376562,0.260691900610563
matlab_broad_s20101_c00,1830.79321889849,1.98984423815733,0.116446608229899,0.918,0.000149144037148741,0.000802279109757719,-0.0341279515083195,0.270674218116027
matlab_broad_s20101_c00,1830.79321889849,1.98984423815733,0.116446608229899,0.92,0.000150720690233828,0.000794238570351056,0.0257883718980684,0.280521797110029
matlab_broad_s20101_c00,1830.79321889849,1.98984423815733,0.116446608229899,0.922,0.000152398480396266,0.000901829685728102,0.0809281587737793,0.29022841468336
matlab_broad_s20101_c00,1830.79321889849,1.98984423815733,0.116446608229899,0.924,0.000154396837443605,0.00111213109297753,0.128009148889485,0.299787881869138
matlab_broad_s20101_c00,1830.79321889849,1.98984423815733,0.116446608229899,0.926,0.000156903161255783,0.00140623535428202,0.164355280190113,0.309194047890849
matlab_broad_s20101_c00,1830.79321889849,1.98984423815733,0.116446608229899,0.928,0.000160062166421762,0.00176061353113982,0.188040933066187,0.318440804441667
matlab_broad_s20101_c00,1830.79321889849,1.98984423815733,0.116446608229899,0.93,0.000163968211382021,0.00214871820261239,0.197984177426221,0.32752208999248
matlab_broad_s20101_c00,1830.79321889849,1.98984423815733,0.116446608229899,0.932,0.000168660983701294,0.0025427183334206,0.193985001291376,0.336431894125945
matlab_broad_s20101_c00,1830.79321889849,1.98984423815733,0.116446608229899,0.934,0.000174124694213447,0.00291525487025114,0.176708018306301,0.345164261893876
matlab_broad_s20101_c00,1830.79321889849,1.98984423815733,0.116446608229899,0.936,0.000180290711858046,0.00324110840312983,0.147612582926608,0.353713298195161
matlab_broad_s20101_c00,1830.79321889849,1.98984423815733,0.116446608229899,0.938,0.000187043361720982,0.00349867928727155,0.108836378013211,0.362073172171354
matlab_broad_s20101_c00,1830.79321889849,1.98984423815733,0.116446608229899,0.94,0.000194228423581393,0.00367119550059831,0.0630411972015042,0.37023812161704
matlab_broad_s20101_c00,1830.79321889849,1.98984423815733,0.116446608229899,0.942,0.00020166371773468,0.00374758310246468,0.0132316763487406,0.378202457401973
matlab_broad_s20101_c00,1830.79321889849,1.98984423815733,0.116446608229899,0.944,0.000209151057099191,0.00372295709700189,-0.0374409693450693,0.385960567901953
matlab_broad_s20101_c00,1830.79321889849,1.98984423815733,0.116446608229899,0.946,0.000216488784812454,0.00359871526677052,-0.0858776288741042,0.393506923435351
matlab_broad_s20101_c00,1830.79321889849,1.98984423815733,0.116446608229899,0.948,0.000223484106748056,0.00338224254495234,-0.129220099517642,0.400836080702091
matlab_broad_s20101_c00,1830.79321889849,1.98984423815733,0.116446608229899,0.95,0.000229964467556901,0.00308625719141515,-0.165018732196577,0.407942687221896
matlab_broad_s20101_c00,1830.79321889849,1.98984423815733,0.116446608229899,0.952,0.000235787302902967,0.00272785101616528,-0.191369318990218,0.414821485768507
matlab_broad_s20101_c00,1830.79321889849,1.98984423815733,0.116446608229899,0.954,0.000240847622845659,0.00232729295417268,-0.207011837776102,0.421467318796553
matlab_broad_s20101_c00,1830.79321889849,1.98984423815733,0.116446608229899,0.956,0.000245083033014291,0.00190667752073676,-0.211386262810097,0.427875132857671
matlab_broad_s20101_c00,1830.79321889849,1.98984423815733,0.116446608229899,0.958,0.000248475971007966,0.00148850647707118,-0.204643451425818,0.434039983002466
matlab_broad_s20101_c00,1830.79321889849,1.98984423815733,0.116446608229899,0.96,0.00025105311419152,0.00109429317564966,-0.187611946649986,0.439957037164805
matlab_broad_s20101_c00,1830.79321889849,1.98984423815733,0.116446608229899,0.962,0.000252882090485923,0.000743274654150518,-0.161724218436026,0.445621580524925
matlab_broad_s20101_c00,1830.79321889849,1.98984423815733,0.116446608229899,0.964,0.000254065785192261,0.000451307062347688,-0.128908242345311,0.451029019847775
matlab_broad_s20101_c00,1830.79321889849,1.98984423815733,0.116446608229899,0.966,0.000254734674883604,0.000230006192101015,-0.0914522480321022,0.456174887792969
matlab_broad_s20101_c00,1830.79321889849,1.98984423815733,0.116446608229899,0.968,0.000255037726249858,8.61777317217995e-05,-0.0518518567740107,0.461054847192698
matlab_broad_s20101_c00,1830.79321889849,1.98984423815733,0.116446608229899,0.97,0.000255132467962271,2.15625490975507e-05,-0.0126496006087127,0.465664695293896
matlab_broad_s20101_c00,1830.79321889849,1.98984423815733,0.116446608229899,0.972,0.000255174874052429,3.29020838583625e-05,0.0237230515552151,0.47000036796092
matlab_broad_s20101_c00,1830.79321889849,1.98984423815733,0.116446608229899,0.974,0.000255309687439702,0.000112309071793543,0.0550915298384736,0.474057943834988
matlab_broad_s20101_c00,1830.79321889849,1.98984423815733,0.116446608229899,0.976,0.000255661764051079,0.000247910543537011,0.0796633003279065,0.477833648446561
matlab_broad_s20101_c00,1830.79321889849,1.98984423815733,0.116446608229899,0.978,0.00025632893570963,0.000424714405561084,0.0961253026565413,0.481323858276852
matlab_broad_s20101_c00,1830.79321889849,1.98984423815733,0.116446608229899,0.98,0.000257376779826637,0.00062563879728501,0.103708626500089,0.484525104764598
matlab_broad_s20101_c00,1830.79321889849,1.98984423815733,0.116446608229899,0.982,0.000258835553627756,0.000832635450376855,0.102217550087668,0.487434078254228
matlab_broad_s20101_c00,1830.79321889849,1.98984423815733,0.116446608229899,0.984,0.000260699408866464,0.00102783480580281,0.0920223521726691,0.490047631881515
matlab_broad_s20101_c00,1830.79321889849,1.98984423815733,0.116446608229899,0.986,0.000262927858833021,0.00119464173319955,0.0740175565726869,0.492362785392817
matlab_broad_s20101_c00,1830.79321889849,1.98984423815733,0.116446608229899,0.988,0.000265449331898548,0.00131871612555433,0.0495493385034575,0.494376728893958
matlab_broad_s20101_c00,1830.79321889849,1.98984423815733,0.116446608229899,0.99,0.000268166523080974,0.00138878193034524,0.0203175931562059,0.496086826524823
matlab_broad_s20101_c00,1830.79321889849,1.98984423815733,0.116446608229899,0.992,0.000270963154233926,0.00139722062533407,-0.011740459586058,0.497490620055716
matlab_broad_s20101_c00,1830.79321889849,1.98984423815733,0.116446608229899,0.994,0.000273711679910775,0.00134041988151151,-0.0445773558309613,0.498585832401526
matlab_broad_s20101_c00,1830.79321889849,1.98984423815733,0.116446608229899,0.996,0.000276281433348861,0.00121886419428196,-0.0761649794855224,0.49937037104975
matlab_broad_s20101_c00,1830.79321889849,1.98984423815733,0.116446608229899,0.998,0.000278546696933997,0.00103697057666925,-0.104618611114767,0.499842331398421
matlab_broad_s20101_c00,1830.79321889849,1.98984423815733,0.116446608229899,1,0.000280394203470454,0.000802687982705169,-0.128307991247608,0.5
matlab_broad_s20101_c00,1830.79321889849,1.98984423815733,0.116446608229899,1.002,0.000281729626169012,0.000526893032227287,-0.145949004169362,0.499841857707282
matlab_broad_s20101_c00,1830.79321889849,1.98984423815733,0.116446608229899,1.004,0.000282482692307617,0.00022262604119137,-0.156670994872361,0.499366582717412
matlab_broad_s20101_c00,1830.79321889849,1.98984423815733,0.116446608229899,1.006,0.000282610652422587,-9.5780295824291e-05,-0.160056397925215,0.498573053510088
matlab_broad_s20101_c00,1830.79321889849,1.98984423815733,0.116446608229899,1.008,0.00028209994702628,-0.000413622381213219,-0.156151171387806,0.497460351676071
matlab_broad_s20101_c00,1830.79321889849,1.98984423815733,0.116446608229899,1.01,0.000280966029001925,-0.00071673899510124,-0.14544637498004,0.496027764632136
matlab_broad_s20101_c00,1830.79321889849,1.98984423815733,0.116446608229899,1.012,0.00027925141465212,-0.00099236049283439,-0.128832994910575,0.494274788218634
matlab_broad_s20101_c00,1830.79321889849,1.98984423815733,0.116446608229899,1.014,0.000277022142857573,-0.00122984384952368,-0.107533692436874,0.492201129175854
matlab_broad_s20101_c00,1830.79321889849,1.98984423815733,0.116446608229899,1.016,0.000274362913668795,-0.00142125218447942,-0.0830164488543981,0.489806707495422
matlab_broad_s20101_c00,1830.79321889849,1.98984423815733,0.116446608229899,1.018,0.000271371249747101,-0.00156174835252897,-0.0568960258952277,0.487091658643011
matlab_broad_s20101_c00,1830.79321889849,1.98984423815733,0.116446608229899,1.02,0.000268151072622949,-0.00164978464571408,-0.0308297109969927,0.484056335648669
matlab_broad_s20101_c00,1830.79321889849,1.98984423815733,0.116446608229899,1.022,0.000264806108554506,-0.00168708379117502,-0.00641395102478626,0.48070131106114
matlab_broad_s20101_c00,1830.79321889849,1.98984423815733,0.116446608229899,1.024,0.000261433535308872,-0.00167841942786893,0.0149117984679394,0.477027378762584
matlab_broad_s20101_c00,1830.79321889849,1.98984423815733,0.116446608229899,1.026,0.000258118252548209,-0.001631216301738,0.0319483376693716,0.473035555640169
matlab_broad_s20101_c00,1830.79321889849,1.98984423815733,0.116446608229899,1.028,0.000254928107290496,-0.00155500082612481,0.043802412871728,0.468727083111071
matlab_broad_s20101_c00,1830.79321889849,1.98984423815733,0.116446608229899,1.03,0.000251910336037449,-0.00146074082702563,0.0499313832851255,0.464103428497484
matlab_broad_s20101_c00,1830.79321889849,1.98984423815733,0.116446608229899,1.032,0.00024908940154493,-0.00136011880362775,0.050164823636688,0.459166286248277
matlab_broad_s20101_c00,1830.79321889849,1.98984423815733,0.116446608229899,1.034,0.000246466310457785,-0.00126478563401524,0.0447025088709348,0.453917579004081
matlab_broad_s20101_c00,1830.79321889849,1.98984423815733,0.116446608229899,1.036,0.000244019404057587,-0.00118564128189912,0.0340896983428847,0.448359458502582
matlab_broad_s20101_c00,1830.79321889849,1.98984423815733,0.116446608229899,1.038,0.000241706524032118,-0.00113218583563402,0.0191720021296136,0.442494306320936
matlab_broad_s20101_c00,1830.79321889849,1.98984423815733,0.116446608229899,1.04,0.000239468373903244,-0.00111197842970131,0.0010332910740137,0.436324734452294
matlab_broad_s20101_c00,1830.79321889849,1.98984423815733,0.116446608229899,1.042,0.00023723282923866,-0.00113023370268722,-0.0190789613321967,0.429853585713495
matlab_broad_s20101_c00,1830.79321889849,1.98984423815733,0.116446608229899,1.044,0.000234919899712343,-0.001189575991227,-0.0398358916165845,0.423083933981113
matlab_broad_s20101_c00,1830.79321889849,1.98984423815733,0.116446608229899,1.046,0.000232447015960857,-0.00128996108022374,-0.0599117037785315,0.416019084253111
matlab_broad_s20101_c00,1830.79321889849,1.98984423815733,0.116446608229899,1.048,0.000229734305190056,-0.00142876469525225,-0.0780651020967774,0.408662572533489
matlab_broad_s20101_c00,1830.79321889849,1.98984423815733,0.116446608229899,1.05,0.000226709531462609,-0.00160102669600359,-0.0932127929084708,0.401018165537392
matlab_broad_s20101_c00,1830.79321889849,1.98984423815733,0.116446608229899,1.052,0.000223312408100069,-0.00179983072517968,-0.104490801561596,0.39308986021427
matlab_broad_s20101_c00,1830.79321889849,1.98984423815733,0.116446608229899,1.054,0.00021949803807055,-0.00201679141711735,-0.111300243007173,0.384881883086821
matlab_broad_s20101_c00,1830.79321889849,1.98984423815733,0.116446608229899,1.056,0.000215239300056618,-0.0022426155928607,-0.113335253515525,0.376398689403499
matlab_broad_s20101_c00,1830.79321889849,1.98984423815733,0.116446608229899,1.058,0.000210528068856022,-0.00246770044630237,-0.110591965090142,0.3676449621026
matlab_broad_s20101_c00,1830.79321889849,1.98984423815733,0.116446608229899,1.06,0.000205375234189597,-0.0026827306940566,-0.103358607579138,0.358625610585951
matlab_broad_s20101_c00,1830.79321889849,1.98984423815733,0.116446608229899,1.062,0.000199809557087807,-0.00287923800307428,-0.0921879812515503,0.349345769300462
matlab_broad_s20101_c00,1830.79321889849,1.98984423815733,0.116446608229899,1.064,0.000193875473192476,-0.00305008956243562,-0.0778545850478922,0.339810796125872
matlab_broad_s20101_c00,1830.79321889849,1.98984423815733,0.116446608229899,1.066,0.000187630013393891,-0.00318987813650571,-0.0612995525961536,0.330026270567187
matlab_broad_s20101_c00,1830.79321889849,1.98984423815733,0.116446608229899,1.068,0.00018113906077421,-0.00329519292481774,-0.0435671919917684,0.319997991750458
matlab_broad_s20101_c00,1830.79321889849,1.98984423815733,0.116446608229899,1.07,0.000174473196281237,-0.00336475857891269,-0.0257373141654066,0.309731976220684
matlab_broad_s20101_c00,1830.79321889849,1.98984423815733,0.116446608229899,1.072,0.000167703402361986,-0.00339943825956484,-0.00885765306229999,0.299234455540781
matlab_broad_s20101_c00,1830.79321889849,1.98984423815733,0.116446608229899,1.074,0.000160896893468931,-0.00340210511749793,0.00611946936427025,0.288511873690728
matlab_broad_s20101_c00,1830.79321889849,1.98984423815733,0.116446608229899,1.076,0.000154113325508024,-0.00337739452525482,0.0183924809212865,0.277570884266141
matlab_broad_s20101_c00,1830.79321889849,1.98984423815733,0.116446608229899,1.078,0.000147401604517763,-0.00333135630739181,0.0273547651732579,0.266418347475716
matlab_broad_s20101_c00,1830.79321889849,1.98984423815733,0.116446608229899,1.08,0.000140797470608799,-0.00327103171952477,0.0326253910366354,0.255061326937112
matlab_broad_s20101_c00,1830.79321889849,1.98984423815733,0.116446608229899,1.082,0.000134321979595282,-0.0032039837230848,0.0340649288960949,0.243507086271077
matlab_broad_s20101_c00,1830.79321889849,1.98984423815733,0.116446608229899,1.084,0.000127980945422057,-0.00313781101582739,0.0317758816106918,0.231763085493728
matlab_broad_s20101_c00,1830.79321889849,1.98984423815733,0.116446608229899,1.086,0.000121765345277162,-0.00307967625378843,0.0260882207908476,0.219836977207118
matlab_broad_s20101_c00,1830.79321889849,1.98984423815733,0.116446608229899,1.088,0.000115652630004834,-0.00303587700508596,0.0175314182622557,0.207736602588402
matlab_broad_s20101_c00,1830.79321889849,1.98984423815733,0.116446608229899,1.09,0.000109608828680426,-0.00301148438914253,0.0067951464676227,0.195469987178074
matlab_broad_s20101_c00,1830.79321889849,1.98984423815733,0.116446608229899,1.092,0.000103591291095774,-0.00301006935396586,-0.00531855462422588,0.183045336467963
matlab_broad_s20101_c00,1830.79321889849,1.98984423815733,0.116446608229899,1.094,9.75518779155826e-05,-0.00303353048413517,-0.0179484157199391,0.170471031289844
matlab_broad_s20101_c00,1830.79321889849,1.98984423815733,0.116446608229899,1.096,9.1440387118824e-05,-0.00308203052135974,-0.0302289353344909,0.157755623005741
matlab_broad_s20101_c00,1830.79321889849,1.98984423815733,0.116446608229899,1.098,8.52079979030956e-05,-0.00315404185247558,-0.04134379113207,0.144907828501154
matlab_broad_s20101_c00,1830.79321889849,1.98984423815733,0.116446608229899,1.1,7.88105195009639e-05,-0.0032464945097909,-0.050574434004998,0.131936524982686
matlab_broad_s20101_c00,1830.79321889849,1.98984423815733,0.116446608229899,1.102,7.22112514894115e-05,-0.00335501414114402,-0.0573410382413063,0.118850744581715
matlab_broad_s20101_c00,1830.79321889849,1.98984423815733,0.116446608229899,1.104,6.53832925579166e-05,-0.0034742322953654,-0.061233546187068,0.105659668765964
matlab_broad_s20101_c00,1830.79321889849,1.98984423815733,0.116446608229899,1.106,5.83111740907856e-05,-0.00359814751461343,-0.0620312309665762,0.0923726225610426
matlab_broad_s20101_c00,1830.79321889849,1.98984423815733,0.116446608229899,1.108,5.09917405901264e-05,-0.00372051332306601,-0.0597099599104446,0.0789990685842294
matlab_broad_s20101_c00,1830.79321889849,1.98984423815733,0.116446608229899,1.11,4.34342478976137e-05,-0.00383522835062659,-0.0544371251924529,0.0655486008929478
matlab_broad_s20101_c00,1830.79321889849,1.98984423815733,0.116446608229899,1.112,3.56596992471293e-05,-0.00393670453085412,-0.0465549677513054,0.0520309386506641
matlab_broad_s20101_c00,1830.79321889849,1.98984423815733,0.116446608229899,1.114,2.7699485373734e-05,-0.0040201914690482,-0.0365537099781168,0.0384559196130643
matlab_broad_s20101_c00,1830.79321889849,1.98984423815733,0.116446608229899,1.116,1.95934354731646e-05,-0.00408203850775543,-0.025036491841825,0.0248334934376453
matlab_broad_s20101_c00,1830.79321889849,1.98984423815733,0.116446608229899,1.118,1.13874184442038e-05,-0.00411988046906398,-0.0126785421880984,0.0111737148200404
matlab_broad_s20101_c00,1830.79321889849,1.98984423815733,0.116446608229899,1.12,3.14492252223632e-06,-0.00411151213215717,0.0208126791793772,0
matlab_broad_s20101_c00,1830.79321889849,1.98984423815733,0.116446608229899,1.122,-4.95171189527019e-06,-0.00394387286047075,0.145244704885185,0
matlab_broad_s20101_c00,1830.79321889849,1.98984423815733,0.116446608229899,1.124,-1.24718029669424e-05,-0.00353932212858223,0.256563866462083,0
matlab_broad_s20101_c00,1830.79321889849,1.98984423815733,0.116446608229899,1.126,-1.89722437639922e-05,-0.00293069873673053,0.348364712739212,0
matlab_broad_s20101_c00,1830.79321889849,1.98984423815733,0.116446608229899,1.128,-2.40875215123189e-05,-0.00216228844465874,0.41565734703156,0
matlab_broad_s20101_c00,1830.79321889849,1.98984423815733,0.116446608229899,1.13,-2.75495893049724e-05,-0.00128671587110597,0.455126742211457,0
matlab_broad_s20101_c00,1830.79321889849,1.98984423815733,0.116446608229899,1.132,-2.9201076157313e-05,-0.000361427984653149,0.465280341177052,0
matlab_broad_s20101_c00,1830.79321889849,1.98984423815733,0.116446608229899,1.134,-2.90012468105624e-05,0.00055500083176954,0.446478618685612,0
matlab_broad_s20101_c00,1830.79321889849,1.98984423815733,0.116446608229899,1.136,-2.70245883461513e-05,0.00140650891400433,0.400850657127371,0
matlab_broad_s20101_c00,1830.79321889849,1.98984423815733,0.116446608229899,1.138,-2.34523582460378e-05,0.00214291062466528,0.332103791364171,0
matlab_broad_s20101_c00,1830.79321889849,1.98984423815733,0.116446608229899,1.14,-1.85578501544135e-05,0.00272278529688027,0.24524258816467,0
matlab_broad_s20101_c00,1830.79321889849,1.98984423815733,0.116446608229899,1.142,-1.26864945426558e-05,0.00311573008411665,0.146217488714989,0
matlab_broad_s20101_c00,1830.79321889849,1.98984423815733,0.116446608229899,1.144,-6.23219159266777e-06,0.00330385953901859,0.0415270853556166,0
matlab_broad_s20101_c00,1830.79321889849,1.98984423815733,0.116446608229899,1.146,3.88541617046622e-07,0.00328248500621052,-0.0621999502114732,0
matlab_broad_s20101_c00,1830.79321889849,1.98984423815733,0.116446608229899,1.148,6.76294627295592e-06,0.00305995960261499,-0.158616892680071,0
matlab_broad_s20101_c00,1830.79321889849,1.98984423815733,0.116446608229899,1.15,1.25072797451261e-05,0.00265672635218242,-0.242039806885999,0
matlab_broad_s20101_c00,1830.79321889849,1.98984423815733,0.116446608229899,1.152,1.72894404659941e-05,0.0021036547848828,-0.307774835705865,0
matlab_broad_s20101_c00,1830.79321889849,1.98984423815733,0.116446608229899,1.154,2.08476568267769e-05,0.00143979220230766,-0.352373603577026,0
matlab_broad_s20101_c00,1830.79321889849,1.98984423815733,0.116446608229899,1.156,2.30042229816638e-05,0.000709687569586277,-0.373803443687729,0
matlab_broad_s20101_c00,1830.79321889849,1.98984423815733,0.116446608229899,1.158,2.36736032306655e-05,-3.95330305966038e-05,-0.371524841694256,0
matlab_broad_s20101_c00,1830.79321889849,1.98984423815733,0.116446608229899,1.16,2.28645957673275e-05,-0.000761151179079738,-0.346474450470603,0
matlab_broad_s20101_c00,1830.79321889849,1.98984423815733,0.116446608229899,1.162,2.06766223081151e-05,-0.00141171555217091,-0.300957892949772,0
matlab_broad_s20101_c00,1830.79321889849,1.98984423815733,0.116446608229899,1.164,1.7290569136942e-05,-0.00195360436404256,-0.238461976363946,0
matlab_broad_s20101_c00,1830.79321889849,1.98984423815733,0.116446608229899,1.166,1.29549258834461e-05,-0.00235714321019306,-0.16340057398551,0
matlab_broad_s20101_c00,1830.79321889849,1.98984423815733,0.116446608229899,1.168,7.96823246376065e-06,-0.00260216300406677,-0.0808120308862305,0
matlab_broad_s20101_c00,1830.79321889849,1.98984423815733,0.116446608229899,1.17,2.65903770930179e-06,-0.00267892100648665,0.00397166846919167,0
matlab_broad_s20101_c00,1830.79321889849,1.98984423815733,0.116446608229899,1.172,-2.63531419692121e-06,-0.00258834970354386,0.0856626762853367,0
matlab_broad_s20101_c00,1830.79321889849,1.98984423815733,0.116446608229899,1.174,-7.58972548556153e-06,-0.00234164080920901,0.159340995039318,0
matlab_broad_s20101_c00,1830.79321889849,1.98984423815733,0.116446608229899,1.176,-1.19109264956841e-05,-0.00195921231352309,0.220744693067734,0
matlab_broad_s20101_c00,1830.79321889849,1.98984423815733,0.116446608229899,1.178,-1.53544421010413e-05,-0.00146914282922489,0.266509899636139,0
matlab_broad_s20101_c00,1830.79321889849,1.98984423815733,0.116446608229899,1.18,-1.77379873165022e-05,-0.000905187419589723,0.294347507310926,0
matlab_broad_s20101_c00,1830.79321889849,1.98984423815733,0.116446608229899,1.182,-1.89505882377166e-05,-0.00030451099252337,0.303147841060204,0
matlab_broad_s20101_c00,1830.79321889849,1.98984423815733,0.116446608229899,1.184,-1.89570110009071e-05,0.000294711856686383,0.293009277125,0
matlab_broad_s20101_c00,1830.79321889849,1.98984423815733,0.116446608229899,1.186,-1.77973840212219e-05,0.0008556784602402,0.265191606657996,0
matlab_broad_s20101_c00,1830.79321889849,1.98984423815733,0.116446608229899,1.188,-1.55821982307362e-05,0.00134517530675589,0.221999540526476,0
matlab_broad_s20101_c00,1830.79321889849,1.98984423815733,0.116446608229899,1.19,-1.24831480788039e-05,0.00173550005007278,0.166605866612434,0
matlab_broad_s20101_c00,1830.79321889849,1.98984423815733,0.116446608229899,1.192,-8.72051629848327e-06,0.00200598001501627,0.102827162695698,0
matlab_broad_s20101_c00,1830.79321889849,1.98984423815733,0.116446608229899,1.194,-4.54799437860014e-06,0.00214400737010183,0.0348674522829348,0
matlab_broad_s20101_c00,1830.79321889849,1.98984423815733,0.116446608229899,1.196,-2.35958416038066e-07,0.00214554354358684,-0.0329533547453908,0
matlab_broad_s20101_c00,1830.79321889849,1.98984423815733,0.116446608229899,1.198,3.94571924238909e-06,0.00201507969345884,-0.09646902491073,0
matlab_broad_s20101_c00,1830.79321889849,1.98984423815733,0.116446608229899,1.2,7.74424990873767e-06,0.00176507393711323,-0.151918056618127,0
matlab_broad_s20101_c00,1830.79321889849,1.98984423815733,0.116446608229899,1.202,1.09389008102371e-05,0.00141491752949721,-0.196161410506914,0
matlab_broad_s20101_c00,1830.79321889849,1.98984423815733,0.116446608229899,1.204,1.33534929284331e-05,0.000989509394252353,-0.226854644117983,0
matlab_broad_s20101_c00,1830.79321889849,1.98984423815733,0.116446608229899,1.206,1.4865738950556e-05,0.000517539830502498,-0.242565396654318,0
matlab_broad_s20101_c00,1830.79321889849,1.98984423815733,0.116446608229899,1.208,1.54129532213288e-05,2.95987159988172e-05,-0.242830834707259,0
matlab_broad_s20101_c00,1830.79321889849,1.98984423815733,0.116446608229899,1.21,1.49939044280899e-05,-0.000443769553773881,-0.228153543207203,0
matlab_broad_s20101_c00,1830.79321889849,1.98984423815733,0.116446608229899,1.212,1.36668266720625e-05,-0.000873942982077015,-0.199938182327676,0
matlab_broad_s20101_c00,1830.79321889849,1.98984423815733,0.116446608229899,1.214,1.15438403074742e-05,-0.00123591760423658,-0.160374795927705,0
matlab_broad_s20101_c00,1830.79321889849,1.98984423815733,0.116446608229899,1.216,8.78224627974636e-06,-0.00150972364882428,-0.112277740250027,0
matlab_broad_s20101_c00,1830.79321889849,1.98984423815733,0.116446608229899,1.218,5.5733343903505e-06,-0.00168148452374405,-0.0588916295770977,0
matlab_broad_s20101_c00,1830.79321889849,1.98984423815733,0.116446608229899,1.22,2.12947729038003e-06,-0.00174406550066656,-0.00367734107557975,0
matlab_broad_s20101_c00,1830.79321889849,1.98984423815733,0.116446608229899,1.222,-1.32963849931653e-06,-0.00169728598919333,0.0499080907772149,0
matlab_broad_s20101_c00,1830.79321889849,1.98984423815733,0.116446608229899,1.224,-4.59076877239706e-06,-0.00154769700801123,0.0986239486612304,0
matlab_broad_s20101_c00,1830.79321889849,1.98984423815733,0.116446608229899,1.226,-7.46000946635947e-06,-0.00130795214617557,0.139637865223861,0
matlab_broad_s20101_c00,1830.79321889849,1.98984423815733,0.116446608229899,1.228,-9.77407177331059e-06,-0.000995824356989017,0.170686291208542,0
matlab_broad_s20101_c00,1830.79321889849,1.98984423815733,0.116446608229899,1.23,-1.1409295643794e-05,-0.000632940949298371,0.190194590763827,0
matlab_broad_s20101_c00,1830.79321889849,1.98984423815733,0.116446608229899,1.232,-1.22879233459128e-05,-0.000243324040352482,0.197350734599083,0
matlab_broad_s20101_c00,1830.79321889849,1.98984423815733,0.116446608229899,1.234,-1.2381339315864e-05,0.000148167233522327,0.192129617895667,0
matlab_broad_s20101_c00,1830.79321889849,1.98984423815733,0.116446608229899,1.236,-1.17101789749711e-05,0.000517393645614508,0.175268166287726,0
matlab_broad_s20101_c00,1830.79321889849,1.98984423815733,0.116446608229899,1.238,-1.03414050129765e-05,0.000842396226511509,0.148194414216008,0
matlab_broad_s20101_c00,1830.79321889849,1.98984423815733,0.116446608229899,1.24,-8.38263282536907e-06,0.00110467346589209,0.112916463621607,0
matlab_broad_s20101_c00,1830.79321889849,1.98984423815733,0.116446608229899,1.242,-5.97414650259962e-06,0.00129020297508079,0.0718794997714535,0
matlab_broad_s20101_c00,1830.79321889849,1.98984423815733,0.116446608229899,1.244,-3.27917396794405e-06,0.00139015336454791,0.0278007307444145,0
matlab_broad_s20101_c00,1830.79321889849,1.98984423815733,0.116446608229899,1.246,-4.73077818214688e-07,0.00140125296442767,-0.0165068567052946,0
matlab_broad_s20101_c00,1830.79321889849,1.98984423815733,0.116446608229899,1.248,2.26783695342393e-06,0.00132580424106055,-0.05831071036856,0
matlab_broad_s20101_c00,1830.79321889849,1.98984423815733,0.116446608229899,1.25,4.77719716917043e-06,0.00117135492634559,-0.095124059017806,0
matlab_broad_s20101_c00,1830.79321889849,1.98984423815733,0.116446608229899,1.252,6.90845954745428e-06,0.000950057618322363,-0.124850588533648,0
matlab_broad_s20101_c00,1830.79321889849,1.98984423815733,0.116446608229899,1.254,8.54325672719728e-06,0.000677767703083801,-0.145900244760327,0
matlab_broad_s20101_c00,1830.79321889849,1.98984423815733,0.116446608229899,1.256,9.59773010848268e-06,0.000372943866261799,-0.157270011391907,0
matlab_broad_s20101_c00,1830.79321889849,1.98984423815733,0.116446608229899,1.258,1.00265276833471e-05,5.5425443647216e-05,-0.158585871861548,0
matlab_broad_s20101_c00,1830.79321889849,1.98984423815733,0.116446608229899,1.26,9.82429944302955e-06,-0.000254834059773343,-0.150104678709848,0
matlab_broad_s20101_c00,1830.79321889849,1.98984423815733,0.116446608229899,1.262,9.02468246864533e-06,-0.000538997922679568,-0.13267716243811,0
matlab_broad_s20101_c00,1830.79321889849,1.98984423815733,0.116446608229899,1.264,7.69692245896094e-06,-0.000780467123641017,-0.1076756603374,0
matlab_broad_s20101_c00,1830.79321889849,1.98984423815733,0.116446608229899,1.266,5.94041887487628e-06,-0.00096582598251796,-0.0768921951722857,0
matlab_broad_s20101_c00,1830.79321889849,1.98984423815733,0.116446608229899,1.268,3.87759892712222e-06,-0.00108556025982839,-0.0424141679029445,0
matlab_broad_s20101_c00,1830.79321889849,1.98984423815733,0.116446608229899,1.27,1.64561479365717e-06,-0.00113451119643579,-0.00648606128830051,0
matlab_broad_s20101_c00,1830.79321889849,1.98984423815733,0.116446608229899,1.272,-6.12585786432029e-07,-0.00111204644213937,0.0286338705775341,0
matlab_broad_s20101_c00,1830.79321889849,1.98984423815733,0.116446608229899,1.274,-2.75724534213572e-06,-0.00102194687281089,0.0608129449146886,0
matlab_broad_s20101_c00,1830.79321889849,1.98984423815733,0.116446608229899,1.276,-4.66028440924728e-06,-0.000872025801852135,0.0881709889879992,0
matlab_broad_s20101_c00,1830.79321889849,1.98984423815733,0.116446608229899,1.278,-6.21278592673925e-06,-0.000673512994645893,0.109187485064059,0
matlab_broad_s20101_c00,1830.79321889849,1.98984423815733,0.116446608229899,1.28,-7.33104971801074e-06,-0.000440249270194412,0.122782997307774,0
matlab_broad_s20101_c00,1830.79321889849,1.98984423815733,0.116446608229899,1.282,-7.96089275369959e-06,-0.000187747584615059,0.128370736997451,0
matlab_broad_s20101_c00,1830.79321889849,1.98984423815733,0.116446608229899,1.284,-8.07998967059829e-06,6.78171754951096e-05,0.125876098107172,0
matlab_broad_s20101_c00,1830.79321889849,1.98984423815733,0.116446608229899,1.286,-7.69817544810887e-06,0.000310625168200247,0.115724037925723,0
matlab_broad_s20101_c00,1830.79321889849,1.98984423815733,0.116446608229899,1.288,-6.85576009243673e-06,0.000526172569694397,0.0987961590846173,0
matlab_broad_s20101_c00,1830.79321889849,1.98984423815733,0.116446608229899,1.29,-5.62002576312319e-06,0.000702119328818011,0.0763611503278652,0
matlab_broad_s20101_c00,1830.79321889849,1.98984423815733,0.116446608229899,1.292,-4.08018282817099e-06,0.000828975370477617,0.0499837588886323,0
matlab_broad_s20101_c00,1830.79321889849,1.98984423815733,0.116446608229899,1.294,-2.34114681912168e-06,0.000900588474819698,0.021418613828569,0
matlab_broad_s20101_c00,1830.79321889849,1.98984423815733,0.116446608229899,1.296,-5.16558609731766e-07,0.000914410491168955,-0.00750406096481089,0
matlab_broad_s20101_c00,1830.79321889849,1.98984423815733,0.116446608229899,1.298,1.27849750585559e-06,0.000871532962069746,-0.0349935431265867,0
matlab_broad_s20101_c00,1830.79321889849,1.98984423815733,0.116446608229899,1.3,2.93461985625427e-06,0.000776497713615591,-0.0594074120269592,0
matlab_broad_s20101_c00,1830.79321889849,1.98984423815733,0.116446608229899,1.302,4.35462655097611e-06,0.000636901620892655,-0.0793475732906429,0
matlab_broad_s20101_c00,1830.79321889849,1.98984423815733,0.116446608229899,1.304,5.45912151050028e-06,0.000462826770002373,-0.0937380314467443,0
matlab_broad_s20101_c00,1830.79321889849,1.98984423815733,0.116446608229899,1.306,6.19077969048403e-06,0.000266136927101085,-0.101880240981888,0
matlab_broad_s20101_c00,1830.79321889849,1.98984423815733,0.116446608229899,1.308,6.51713099448733e-06,5.96880724073235e-05,-0.103483385059669,0
matlab_broad_s20101_c00,1830.79321889849,1.98984423815733,0.116446608229899,1.31,6.43172210670656e-06,-0.000143495562470497,-0.0986685621442147,0
matlab_broad_s20101_c00,1830.79321889849,1.98984423815733,0.116446608229899,1.312,5.95363928963388e-06,-0.000331028122178351,-0.0879474996594633,0
matlab_broad_s20101_c00,1830.79321889849,1.98984423815733,0.116446608229899,1.314,5.12547655992756e-06,-0.000491902395974903,-0.0721779595724973,0
matlab_broad_s20101_c00,1830.79321889849,1.98984423815733,0.116446608229899,1.316,4.00992642720231e-06,-0.00061712043060947,-0.0524993614759209,0
matlab_broad_s20101_c00,1830.79321889849,1.98984423815733,0.116446608229899,1.318,2.68524913842292e-06,-0.000700179389810939,-0.0302532468977601,0
matlab_broad_s20101_c00,1830.79321889849,1.98984423815733,0.116446608229899,1.32,1.23993674238753e-06,-0.00073738764381088,-0.0068939854728595,0
matlab_broad_s20101_c00,1830.79321889849,1.98984423815733,0.116446608229899,1.322,-2.33072820662661e-07,-0.000727997353448318,0.0161044577187621,0
matlab_broad_s20101_c00,1830.79321889849,1.98984423815733,0.116446608229899,1.324,-1.6422606600022e-06,-0.000674151560235457,0.0373398276160238,0
matlab_broad_s20101_c00,1830.79321889849,1.98984423815733,0.116446608229899,1.326,-2.90310756379962e-06,-0.00058065526824041,0.0555654070114838,0
matlab_broad_s20101_c00,1830.79321889849,1.98984423815733,0.116446608229899,1.328,-3.9430566666326e-06,-0.000454590509248059,0.0697614626654786,0
matlab_broad_s20101_c00,1830.79321889849,1.98984423815733,0.116446608229899,1.33,-4.70557371828169e-06,-0.000304804305861937,0.0791903318303288,0
matlab_broad_s20101_c00,1830.79321889849,1.98984423815733,0.116446608229899,1.332,-5.15308556950083e-06,-0.000141305292405122,0.0834323110534765,0
matlab_broad_s20101_c00,1830.79321889849,1.98984423815733,0.116446608229899,1.334,-5.23892809626835e-06,6.96200640498725e-05,0.126150519720405,0.00523693919824501
matlab_broad_s20101_c00,1830.79321889849,1.98984423815733,0.116446608229899,1.336,-4.76378988269046e-06,0.000445651439471099,0.247231800209486,0.0209545673165378
matlab_broad_s20101_c00,1830.79321889849,1.98984423815733,0.116446608229899,1.338,-3.30625688148312e-06,0.00104561441439186,0.349024645097711,0.0366702732495288
matlab_broad_s20101_c00,1830.79321889849,1.98984423815733,0.116446608229899,1.34,-4.61148031025835e-07,0.00182492392760043,0.425785943064468,0.0523683765761268
matlab_broad_s20101_c00,1830.79321889849,1.98984423815733,0.116446608229899,1.342,4.07717752994516e-06,0.00272919921489245,0.473504307825975,0.0680331209351869
matlab_broad_s20101_c00,1830.79321889849,1.98984423815733,0.116446608229899,1.344,1.04988389176712e-05,0.00369793612106482,0.490088724797131,0.083648689714697
matlab_broad_s20101_c00,1830.79321889849,1.98984423815733,0.116446608229899,1.346,1.88700913140778e-05,0.00466843288176799,0.475432761187862,0.0991992219705212
matlab_broad_s20101_c00,1830.79321889849,1.98984423815733,0.116446608229899,1.348,2.91328800465144e-05,0.00557971943225651,0.43135457120359,0.114668828560072
matlab_broad_s20101_c00,1830.79321889849,1.98984423815733,0.116446608229899,1.35,4.11120536147032e-05,0.00637624848014536,0.361420558687909,0.130041608475829
matlab_broad_s20101_c00,1830.79321889849,1.98984423815733,0.116446608229899,1.352,5.45295353066949e-05,0.00701112935265245,0.270667450325171,0.145301665363135
matlab_broad_s20101_c00,1830.79321889849,1.98984423815733,0.116446608229899,1.354,6.90243486363574e-05,0.00744872110466534,0.165243284495213,0.160433124206323
matlab_broad_s20101_c00,1830.79321889849,1.98984423815733,0.116446608229899,1.356,8.41770689537669e-05,0.0076664469438301,0.0519921185609775,0.175420148166739
matlab_broad_s20101_c00,1830.79321889849,1.98984423815733,0.116446608229899,1.358,9.9537049344576e-05,0.00765574455110549,-0.0619901146705928,0.190246955555863
matlab_broad_s20101_c00,1830.79321889849,1.98984423815733,0.116446608229899,1.36,0.000114650653821018,0.00742212288622431,-0.169800317863575,0.204897836926275
matlab_broad_s20101_c00,1830.79321889849,1.98984423815733,0.116446608229899,1.362,0.0001290887282289,0.00698435200543522,-0.265146139328731,0.219357172262895
matlab_broad_s20101_c00,1830.79321889849,1.98984423815733,0.116446608229899,1.364,0.000142471645629487,0.00637286484610016,-0.342712282036497,0.233609448256463
matlab_broad_s20101_c00,1830.79321889849,1.98984423815733,0.116446608229899,1.366,0.000154490467964024,0.00562749574293216,-0.398454417665301,0.247639275640974
matlab_broad_s20101_c00,1830.79321889849,1.98984423815733,0.116446608229899,1.368,0.000164923053645066,0.00479471703890984,-0.429805062692204,0.261431406576341
matlab_broad_s20101_c00,1830.79321889849,1.98984423815733,0.116446608229899,1.37,0.00017364429085978,0.00392456059893805,-0.435781713316461,0.274970752057302
matlab_broad_s20101_c00,1830.79321889849,1.98984423815733,0.116446608229899,1.372,0.000180630025189472,0.00306742413601084,-0.416993872971011,0.28824239932925
matlab_broad_s20101_c00,1830.79321889849,1.98984423815733,0.116446608229899,1.374,0.000185954652435373,0.00227096262692641,-0.375551937260607,0.301231629291401
matlab_broad_s20101_c00,1830.79321889849,1.98984423815733,0.116446608229899,1.376,0.000189782738100693,0.00157725313274983,-0.314886837212635,0.313923933867403
matlab_broad_s20101_c00,1830.79321889849,1.98984423815733,0.116446608229899,1.378,0.000192355380188009,0.00102039819807339,-0.239494530949012,0.326305033323288
matlab_broad_s20101_c00,1830.79321889849,1.98984423815733,0.116446608229899,1.38,0.000193972331171976,0.000624700481427006,-0.154623582244403,0.33836089351241
matlab_broad_s20101_c00,1830.79321889849,1.98984423815733,0.116446608229899,1.382,0.000194971121681264,0.000403501682141337,-0.0659269517787142,0.350077743026819
matlab_broad_s20101_c00,1830.79321889849,1.98984423815733,0.116446608229899,1.384,0.000195704571067006,0.000358734848494755,0.0208993819835297,0.361442090234298
matlab_broad_s20101_c00,1830.79321889849,1.98984423815733,0.116446608229899,1.386,0.000196518122698636,0.000481193630431989,0.100468305241092,0.372440740180209
matlab_broad_s20101_c00,1830.79321889849,1.98984423815733,0.116446608229899,1.388,0.000197728404296045,0.000751477828825053,0.16802263315221,0.38306081133304
matlab_broad_s20101_c00,1830.79321889849,1.98984423815733,0.116446608229899,1.39,0.000199604291217876,0.00114153436708055,0.219706646107704,0.393289752152529
matlab_broad_s20101_c00,1830.79321889849,1.98984423815733,0.116446608229899,1.392,0.000202351553757313,0.00161667890985752,0.252773062610548,0.403115357459075
matlab_broad_s20101_c00,1830.79321889849,1.98984423815733,0.116446608229899,1.394,0.000206101912758158,0.00213795765011856,0.265714889100744,0.412525784583122
matlab_broad_s20101_c00,1830.79321889849,1.98984423815733,0.116446608229899,1.396,0.00021090702905603,0.00266469258502482,0.258316561811513,0.421509569273138
matlab_broad_s20101_c00,1830.79321889849,1.98984423815733,0.116446608229899,1.398,0.000216737631161815,0.00315704758036537,0.231623946821945,0.43005564134079
matlab_broad_s20101_c00,1830.79321889849,1.98984423815733,0.116446608229899,1.4,0.000223487662732056,0.00357845671054856,0.187837769172698,0.438153340021932
matlab_broad_s20101_c00,1830.79321889849,1.98984423815733,0.116446608229899,1.402,0.00023098302663011,0.00389777015620226,0.130139597369009,0.445792429032062
matlab_broad_s20101_c00,1830.79321889849,1.98984423815733,0.116446608229899,1.404,0.000238994233904635,0.00409099517296995,0.0624633507476348,0.452963111294946
matlab_broad_s20101_c00,1830.79321889849,1.98984423815733,0.116446608229899,1.406,0.000247252049090936,0.00414253866249844,-0.0107717881972345,0.459656043323219
matlab_broad_s20101_c00,1830.79321889849,1.98984423815733,0.116446608229899,1.408,0.000255465069484329,0.00404589166737429,-0.0849493344664485,0.46586234922987
matlab_broad_s20101_c00,1830.79321889849,1.98984423815733,0.116446608229899,1.41,0.000263338092776576,0.00380373243741782,-0.155545923859533,0.471573634349677
matlab_broad_s20101_c00,1830.79321889849,1.98984423815733,0.116446608229899,1.412,0.000270590117438378,0.00342746125614042,-0.218406255673253,0.476781998449825
matlab_broad_s20101_c00,1830.79321889849,1.98984423815733,0.116446608229899,1.414,0.000276970881627605,0.00293621471880884,-0.269986166408215,0.481480048509141
matlab_broad_s20101_c00,1830.79321889849,1.98984423815733,0.116446608229899,1.416,0.000282274973029353,0.0023554375640661,-0.307549956592725,0.485660911045614
matlab_broad_s20101_c00,1830.79321889849,1.98984423815733,0.116446608229899,1.418,0.00028635272391142,0.00171511474670195,-0.32931137246014,0.489318243972127
matlab_broad_s20101_c00,1830.79321889849,1.98984423815733,0.116446608229899,1.42,0.000289117329765784,0.00104778388365483,-0.334511465438625,0.49244624796062
matlab_broad_s20101_c00,1830.79321889849,1.98984423815733,0.116446608229899,1.422,0.00029054788100397,0.000386457675764903,-0.323430662035491,0.495039677295223
matlab_broad_s20101_c00,1830.79321889849,1.98984423815733,0.116446608229899,1.424,0.000290688258932244,-0.000237412910336022,-0.297336512294802,0.497093850195228
matlab_broad_s20101_c00,1830.79321889849,1.98984423815733,0.116446608229899,1.426,0.00028964210319535,-0.000795810816732903,-0.258372491370525,0.498604658589197
matlab_broad_s20101_c00,1830.79321889849,1.98984423815733,0.116446608229899,1.428,0.0002875642924983,-0.00126575082942413,-0.209396673352371,0.49956857732185
matlab_broad_s20101_c00,1830.79321889849,1.98984423815733,0.116446608229899,1.43,0.000284649579982759,-0.00163051422623315,-0.153781882983054,0.499982672775852
matlab_broad_s20101_c00,1830.79321889849,1.98984423815733,0.116446608229899,1.432,0.000281119178052249,-0.0018804564232039,-0.0951909100570773,0.499844610891093
matlab_broad_s20101_c00,1830.79321889849,1.98984423815733,0.116446608229899,1.434,0.000277206186824357,-0.00201335230620743,-0.0373414485009584,0.499152664564525
matlab_broad_s20101_c00,1830.79321889849,1.98984423815733,0.116446608229899,1.436,0.000273140801441595,-0.00203427355298835,0.0162244385419401,0.497905720414164
matlab_broad_s20101_c00,1830.79321889849,1.98984423815733,0.116446608229899,1.438,0.000269136215630605,-0.00195502122451435,0.0623523019206472,0.496103284891425
matlab_broad_s20101_c00,1830.79321889849,1.98984423815733,0.116446608229899,1.44,0.000265376065237943,-0.00179316347308063,0.0984563244065765,0.493745489726534
matlab_broad_s20101_c00,1830.79321889849,1.98984423815733,0.116446608229899,1.442,0.000262004132395154,-0.0015707508250271,0.122659281157559,0.490833096692384
matlab_broad_s20101_c00,1830.79321889849,1.98984423815733,0.116446608229899,1.444,0.000259116867705509,-0.00131279889061711,0.133884214583141,0.48736750167284
matlab_broad_s20101_c00,1830.79321889849,1.98984423815733,0.116446608229899,1.446,0.000256759095789891,-0.00104563963807842,0.131893807831892,0.483350738022171
matlab_broad_s20101_c00,1830.79321889849,1.98984423815733,0.116446608229899,1.448,0.000254923061458598,-0.000795247054322154,0.117276792517119,0.47878547920299
matlab_broad_s20101_c00,1830.79321889849,1.98984423815733,0.116446608229899,1.45,0.000253550763023403,-0.000585641034980452,0.0913840059566154,0.473675040690808
matlab_broad_s20101_c00,1830.79321889849,1.98984423815733,0.116446608229899,1.452,0.000252539318881224,-0.000437465046832889,0.0562197218401165,0.468023381134062
matlab_broad_s20101_c00,1830.79321889849,1.98984423815733,0.116446608229899,1.454,0.00025174893546222,-0.000366819209157521,0.0142964399323999,0.461835102759249
matlab_broad_s20101_c00,1830.79321889849,1.98984423815733,0.116446608229899,1.456,0.000251012899139493,-0.000384411989704466,-0.0315367073548991,0.455115451011625
matlab_broad_s20101_c00,1830.79321889849,1.98984423815733,0.116446608229899,1.458,0.000250148909599364,-0.000495071993560914,-0.0782804924190507,0.447870313422742
matlab_broad_s20101_c00,1830.79321889849,1.98984423815733,0.116446608229899,1.46,0.000248971012576652,-0.000697637784498806,-0.122975100112862,0.440106217696945
matlab_broad_s20101_c00,1830.79321889849,1.98984423815733,0.116446608229899,1.462,0.000247301377904735,-0.000985219827258299,-0.162880851354182,0.43183032900986
matlab_broad_s20101_c00,1830.79321889849,1.98984423815733,0.116446608229899,1.464,0.000244981203650148,-0.00134580595293591,-0.195639323572168,0.423050446512782
matlab_broad_s20101_c00,1830.79321889849,1.98984423815733,0.116446608229899,1.466,0.00024188010498323,-0.00176316158426038,-0.219405617913199,0.413774999037794
matlab_broad_s20101_c00,1830.79321889849,1.98984423815733,0.116446608229899,1.468,0.000237903461143516,-0.00221795946850528,-0.232944608332275,0.404013039999422
matlab_broad_s20101_c00,1830.79321889849,1.98984423815733,0.116446608229899,1.47,0.000232997337099705,-0.00268906174364919,-0.235686463474803,0.393774241489555
matlab_broad_s20101_c00,1830.79321889849,1.98984423815733,0.116446608229899,1.472,0.000227150758511296,-0.00315487038791604,-0.22773939512982,0.383068887563405
matlab_broad_s20101_c00,1830.79321889849,1.98984423815733,0.116446608229899,1.474,0.00022039528877869,-0.00359466071778493,-0.209860286289553,0.37190786671521
matlab_broad_s20101_c00,1830.79321889849,1.98984423815733,0.116446608229899,1.476,0.000212802024580331,-0.00398981650902758,-0.183386420256238,0.360302663543484
matlab_broad_s20101_c00,1830.79321889849,1.98984423815733,0.116446608229899,1.478,0.000204476281117683,-0.00432489410100838,-0.150133816239628,0.348265349606588
matlab_broad_s20101_c00,1830.79321889849,1.98984423815733,0.116446608229899,1.48,0.000195550371229809,-0.00458845580223251,-0.112269545577407,0.335808573470503
matlab_broad_s20101_c00,1830.79321889849,1.98984423815733,0.116446608229899,1.482,0.000186174986158555,-0.00477362910789966,-0.0721667551178595,0.322945549951715
matlab_broad_s20101_c00,1830.79321889849,1.98984423815733,0.116446608229899,1.484,0.000176509754655483,-0.00487836656349029,-0.0322518946026906,0.309690048559243
matlab_broad_s20101_c00,1830.79321889849,1.98984423815733,0.116446608229899,1.486,0.000166713588250975,-0.0049054003637431,0.00514619473677535,0.296056381140858
matlab_broad_s20101_c00,1830.79321889849,1.98984423815733,0.116446608229899,1.488,0.000156935413209334,-0.00486190474827987,0.0379361120781177,0.282059388739772
matlab_broad_s20101_c00,1830.79321889849,1.98984423815733,0.116446608229899,1.49,0.000147305845710946,-0.00475889678637099,0.0643844221968186,0.267714427669022
matlab_broad_s20101_c00,1830.79321889849,1.98984423815733,0.116446608229899,1.492,0.000137930290071064,-0.0046104212041626,0.0832101104971141,0.253037354812049
matlab_broad_s20101_c00,1830.79321889849,1.98984423815733,0.116446608229899,1.494,0.00012888383614378,-0.00443257665487692,0.0936480349578304,0.238044512158994
matlab_broad_s20101_c00,1830.79321889849,1.98984423815733,0.116446608229899,1.496,0.000120208208749013,-0.00424244865494029,0.0954785144581796,0.222752710589399
matlab_broad_s20101_c00,1830.79321889849,1.98984423815733,0.116446608229899,1.498,0.000111910887243542,-0.00405701795747553,0.0890223716354896,0.207179212913141
matlab_broad_s20101_c00,1830.79321889849,1.98984423815733,0.116446608229899,1.5,0.00010396637590245,-0.00389211233447788,0.0751028958494354,0.191341716182545
matlab_broad_s20101_c00,1830.79321889849,1.98984423815733,0.116446608229899,1.502,9.63194741300598e-05,-0.0037614647855832,0.0549781769732995,0.175258333289761
matlab_broad_s20101_c00,1830.79321889849,1.98984423815733,0.116446608229899,1.504,8.88902775807422e-05,-0.00367593252879633,0.0302489669697486,0.158947573864632
matlab_broad_s20101_c00,1830.79321889849,1.98984423815733,0.116446608229899,1.506,8.15805438323089e-05,-0.00364291941422855,0.00274855797425386,0.142428324489393
matlab_broad_s20101_c00,1830.79321889849,1.98984423815733,0.116446608229899,1.508,7.42809846217107e-05,-0.00366603045874049,-0.0255779464158229,0.125719828247688
matlab_broad_s20101_c00,1830.79321889849,1.98984423815733,0.116446608229899,1.51,6.68790043628783e-05,-0.0037449719597705,-0.0527971854654757,0.10884166362649
matlab_broad_s20101_c00,1830.79321889849,1.98984423815733,0.116446608229899,1.512,5.92663933347272e-05,-0.00387569509132303,-0.0771062276979327,0.0918137227906389
matlab_broad_s20101_c00,1830.79321889849,1.98984423815733,0.116446608229899,1.514,5.13465032104779e-05,-0.00405076598133656,-0.0969392536598085,0.0746561892507837
matlab_broad_s20101_c00,1830.79321889849,1.98984423815733,0.116446608229899,1.516,4.30404802830857e-05,-0.00425993191212016,-0.1110560772878,0.0573895149466507
matlab_broad_s20101_c00,1830.79321889849,1.98984423815733,0.116446608229899,1.518,3.42922039391396e-05,-0.00449084224376562,-0.118607671884873,0.0400343967685921
matlab_broad_s20101_c00,1830.79321889849,1.98984423815733,0.116446608229899,1.52,2.50716693814473e-05,-0.00472987453566572,-0.119175443299745,0.0226117525414672
matlab_broad_s20101_c00,1830.79321889849,1.98984423815733,0.116446608229899,1.522,1.53766580280429e-05,-0.00496301153516034,-0.112782716849028,0.00514269649589251
matlab_broad_s20101_c00,1830.79321889849,1.98984423815733,0.116446608229899,1.524,5.30275868755097e-06,-0.00507239736106252,0.00330645968812731,0
matlab_broad_s20101_c00,1830.79321889849,1.98984423815733,0.116446608229899,1.526,-4.73010885024703e-06,-0.00490910349028047,0.15825452353197,0
matlab_broad_s20101_c00,1830.79321889849,1.98984423815733,0.116446608229899,1.528,-1.41350106446098e-05,-0.00444939161632825,0.298264401481709,0
matlab_broad_s20101_c00,1830.79321889849,1.98984423815733,0.116446608229899,1.53,-2.23546537305855e-05,-0.00373149209873249,0.415227521420905,0
matlab_broad_s20101_c00,1830.79321889849,1.98984423815733,0.116446608229899,1.532,-2.89233602777463e-05,-0.00280822912688727,0.502725079774262,0
matlab_broad_s20101_c00,1830.79321889849,1.98984423815733,0.116446608229899,1.534,-3.349262827988e-05,-0.00174328179218635,0.556366020035987,0
matlab_broad_s20101_c00,1830.79321889849,1.98984423815733,0.116446608229899,1.536,-3.58486273181894e-05,-0.000606903211427125,0.573988952322066,0
matlab_broad_s20101_c00,1830.79321889849,1.98984423815733,0.116446608229899,1.538,-3.59208243826591e-05,0.000528620822019901,0.555720167240853,0
matlab_broad_s20101_c00,1830.79321889849,1.98984423815733,0.116446608229899,1.54,-3.37815072730005e-05,0.0015934856206807,0.503889011029309,0
matlab_broad_s20101_c00,1830.79321889849,1.98984423815733,0.116446608229899,1.542,-2.96365406992516e-05,0.00252457715288835,0.422810618452163,0
matlab_broad_s20101_c00,1830.79321889849,1.98984423815733,0.116446608229899,1.544,-2.3808218121931e-05,0.00326912869890865,0.318453821455727,0
matlab_broad_s20101_c00,1830.79321889849,1.98984423815733,0.116446608229899,1.546,-1.67115294792481e-05,0.0037876183085301,0.198018514501835,0
matlab_broad_s20101_c00,1830.79321889849,1.98984423815733,0.116446608229899,1.548,-8.82552551171884e-06,0.0040557543763127,0.0694515100604429,0
matlab_broad_s20101_c00,1830.79321889849,1.98984423815733,0.116446608229899,1.55,-6.61704482005584e-07,0.00406545786003255,-0.0590672749017054,0
matlab_broad_s20101_c00,1830.79321889849,1.98984423815733,0.116446608229899,1.552,7.2685344931336e-06,0.00382481444635152,-0.179635705731799,0
matlab_broad_s20101_c00,1830.79321889849,1.98984423815733,0.116446608229899,1.554,1.4485338558243e-05,0.00335703421167212,-0.285106069587938,0
matlab_broad_s20101_c00,1830.79321889849,1.98984423815733,0.116446608229899,1.556,2.05688516623321e-05,0.00269851610253938,-0.369499305442987,0
matlab_broad_s20101_c00,1830.79321889849,1.98984423815733,0.116446608229899,1.558,2.5183019529186e-05,0.00189616634273854,-0.428333446678281,0
matlab_broad_s20101_c00,1830.79321889849,1.98984423815733,0.116446608229899,1.56,2.80934411522026e-05,0.00100416074738807,-0.458848959592376,0
matlab_broad_s20101_c00,1830.79321889849,1.98984423815733,0.116446608229899,1.562,2.91783689838942e-05,8.03687407152739e-05,-0.460120583710695,0
matlab_broad_s20101_c00,1830.79321889849,1.98984423815733,0.116446608229899,1.564,2.84324115014172e-05,-0.000817329638185174,-0.433052608994413,0
matlab_broad_s20101_c00,1830.79321889849,1.98984423815733,0.116446608229899,1.566,2.59629556195712e-05,-0.00163460364654699,-0.380261796511059,0
matlab_broad_s20101_c00,1830.79321889849,1.98984423815733,0.116446608229899,1.568,2.19797735565812e-05,-0.00232389387087979,-0.305858917598848,0
matlab_broad_s20101_c00,1830.79321889849,1.98984423815733,0.116446608229899,1.57,1.67786822970127e-05,-0.00284710958195669,-0.215145752677503,0
matlab_broad_s20101_c00,1830.79321889849,1.98984423815733,0.116446608229899,1.572,1.07204603878319e-05,-0.00317765315503315,-0.114249024186618,0
matlab_broad_s20101_c00,1830.79321889849,1.98984423815733,0.116446608229899,1.574,4.20647799712396e-06,-0.00330166966410305,-0.00971589514167965,0
matlab_broad_s20101_c00,1830.79321889849,1.98984423815733,0.116446608229899,1.576,-2.34735061871587e-06,-0.00321847083307794,0.0919027990653998,0
matlab_broad_s20101_c00,1830.79321889849,1.98984423815733,0.116446608229899,1.578,-8.53663398531044e-06,-0.00294013501013567,0.184455542744892,0
matlab_broad_s20101_c00,1830.79321889849,1.98984423815733,0.116446608229899,1.58,-1.39929858864994e-05,-0.00249033544911443,0.262555035156399,0
matlab_broad_s20101_c00,1830.79321889849,1.98984423815733,0.116446608229899,1.582,-1.84054710329669e-05,-0.00190249488348301,0.321883828216018,0
matlab_broad_s20101_c00,1830.79321889849,1.98984423815733,0.116446608229899,1.584,-2.15377970660254e-05,-0.00121740251866095,0.359423901150781,0
matlab_broad_s20101_c00,1830.79321889849,1.98984423815733,0.116446608229899,1.586,-2.32403385168729e-05,-0.000480458055749409,0.373598608983231,0
matlab_broad_s20101_c00,1830.79321889849,1.98984423815733,0.116446608229899,1.588,-2.34564268903124e-05,0.000261275233564185,0.36432121911644,0
matlab_broad_s20101_c00,1830.79321889849,1.98984423815733,0.116446608229899,1.59,-2.22227126785127e-05,0.000962020733268652,0.332950189392576,0
matlab_broad_s20101_c00,1830.79321889849,1.98984423815733,0.116446608229899,1.592,-1.96637762039997e-05,0.00158006046409345,0.282157071135434,0
matlab_broad_s20101_c00,1830.79321889849,1.98984423815733,0.116446608229899,1.594,-1.59815119381355e-05,0.00208016433420912,0.215718096482845,0
matlab_broad_s20101_c00,1830.79321889849,1.98984423815733,0.116446608229899,1.596,-1.14401147401732e-05,0.00243553877804551,0.138244831087263,0
matlab_broad_s20101_c00,1830.79321889849,1.98984423815733,0.116446608229899,1.598,-6.34773910582372e-06,0.00262919109111848,0.0548725039203118,0
matlab_broad_s20101_c00,1830.79321889849,1.98984423815733,0.116446608229899,1.6,-1.03607113540945e-06,0.00265464518646195,-0.0290733965642466,0
matlab_broad_s20101_c00,1830.79321889849,1.98984423815733,0.116446608229899,1.602,4.16086035298818e-06,0.00251598654447083,-0.10841102578881,0
matlab_broad_s20101_c00,1830.79321889849,1.98984423815733,0.116446608229899,1.604,8.92730491158322e-06,0.00222725612856964,-0.178416034484087,0
matlab_broad_s20101_c00,1830.79321889849,1.98984423815733,0.116446608229899,1.606,1.29845946554666e-05,0.00181125241267581,-0.235096740375098,0
matlab_broad_s20101_c00,1830.79321889849,1.98984423815733,0.116446608229899,1.608,1.6107036165301e-05,0.00129783507975795,-0.275414996890274,0
matlab_broad_s20101_c00,1830.79321889849,1.98984423815733,0.116446608229899,1.61,1.81340106095896e-05,0.000721851454164676,-0.297441000118814,0
matlab_broad_s20101_c00,1830.79321889849,1.98984423815733,0.116446608229899,1.612,1.89776653338645e-05,0.000120825864544056,-0.300434733015819,0
matlab_broad_s20101_c00,1830.79321889849,1.98984423815733,0.116446608229899,1.614,1.8625872004515e-05,-0.000467437996462962,-0.284851502866383,0
matlab_broad_s20101_c00,1830.79321889849,1.98984423815733,0.116446608229899,1.616,1.71404284122411e-05,-0.00100719134067906,-0.25227378166461,0
matlab_broad_s20101_c00,1830.79321889849,1.98984423815733,0.116446608229899,1.618,1.4650774318673e-05,-0.00146686975529724,-0.205276017111124,0
matlab_broad_s20101_c00,1830.79321889849,1.98984423815733,0.116446608229899,1.62,1.13437585268329e-05,-0.00182089379676063,-0.147232980149309,0
matlab_broad_s20101_c00,1830.79321889849,1.98984423815733,0.116446608229899,1.622,7.4502191538143e-06,-0.00205104102233082,-0.0820853324188733,0
matlab_broad_s20101_c00,1830.79321889849,1.98984423815733,0.116446608229899,1.624,3.22930946854482e-06,-0.00214731947922014,-0.0140782682162006,0
matlab_broad_s20101_c00,1830.79321889849,1.98984423815733,0.116446608229899,1.626,-1.04839102155277e-06,-0.00210830568202874,0.0525097912220867,0
matlab_broad_s20101_c00,1830.79321889849,1.98984423815733,0.116446608229899,1.628,-5.11790077519684e-06,-0.00194094428460785,0.113631431921257,0
matlab_broad_s20101_c00,1830.79321889849,1.98984423815733,0.116446608229899,1.63,-8.73594419922675e-06,-0.00165983985149745,0.16571139734091,0
matlab_broad_s20101_c00,1830.79321889849,1.98984423815733,0.116446608229899,1.632,-1.16951835678194e-05,-0.00128610134785955,0.205850599608162,0
matlab_broad_s20101_c00,1830.79321889849,1.98984423815733,0.116446608229899,1.634,-1.38357626617988e-05,-0.00084582543753119,0.23198169309952,0
matlab_broad_s20101_c00,1830.79321889849,1.98984423815733,0.116446608229899,1.636,-1.50535425246417e-05,-0.000368323999385277,0.242968270115758,0
matlab_broad_s20101_c00,1830.79321889849,1.98984423815733,0.116446608229899,1.638,-1.53046339792562e-05,0.000115786538955445,0.23864347233442,0
matlab_broad_s20101_c00,1830.79321889849,1.98984423815733,0.116446608229899,1.64,-1.46060725770713e-05,0.000576511903855553,0.219787678900842,0
matlab_broad_s20101_c00,1830.79321889849,1.98984423815733,0.116446608229899,1.642,-1.30327240717716e-05,0.000986303686125717,0.188048690127854,0
matlab_broad_s20101_c00,1830.79321889849,1.98984423815733,0.116446608229899,1.644,-1.07107373687276e-05,0.00132167136333085,0.145811247361416,0
matlab_broad_s20101_c00,1830.79321889849,1.98984423815733,0.116446608229899,1.646,-7.80806357891647e-06,0.00156449060845342,0.0960256155168562,0
matlab_broad_s20101_c00,1830.79321889849,1.98984423815733,0.116446608229899,1.648,-4.52272281312994e-06,0.00170293762918859,0.0420071456112846,0
matlab_broad_s20101_c00,1830.79321889849,1.98984423815733,0.116446608229899,1.65,-1.06961596300042e-06,0.00173200464117491,-0.0127798810668561,0
matlab_broad_s20101_c00,1830.79321889849,1.98984423815733,0.116446608229899,1.652,2.33325858774216e-06,0.00165357884660948,-0.0649403057383175,0
matlab_broad_s20101_c00,1830.79321889849,1.98984423815733,0.116446608229899,1.654,5.47831567339497e-06,0.00147609472586237,-0.111354568142235,0
matlab_broad_s20101_c00,1830.79321889849,1.98984423815733,0.116446608229899,1.656,8.18079974264661e-06,0.00121379536095356,-0.149361296680806,0
matlab_broad_s20101_c00,1830.79321889849,1.98984423815733,0.116446608229899,1.658,1.02893801125072e-05,0.00088566135380784,-0.176905586101829,0
matlab_broad_s20101_c00,1830.79321889849,1.98984423815733,0.116446608229899,1.66,1.16943346681814e-05,0.000514084377223665,-0.192644996595284,0
matlab_broad_s20101_c00,1830.79321889849,1.98984423815733,0.116446608229899,1.662,1.23328997407944e-05,0.000123375513073134,-0.196008175897725,0
matlab_broad_s20101_c00,1830.79321889849,1.98984423815733,0.116446608229899,1.664,1.21915523583681e-05,-0.000261794336237782,-0.187204090916614,0
matlab_broad_s20101_c00,1830.79321889849,1.98984423815733,0.116446608229899,1.666,1.13051875759186e-05,-0.000617923768078035,-0.16718296048951,0
matlab_broad_s20101_c00,1830.79321889849,1.98984423815733,0.116446608229899,1.668,9.75334579249312e-06,-0.000924086897170532,-0.137552914542206,0
matlab_broad_s20101_c00,1830.79321889849,1.98984423815733,0.116446608229899,1.67,7.65382118095078e-06,-0.00116313374455204,-0.10045899244955,0
matlab_broad_s20101_c00,1830.79321889849,1.98984423815733,0.116446608229899,1.672,5.15413229009941e-06,-0.00132261808380971,-0.0584331873302361,0
matlab_broad_s20101_c00,1830.79321889849,1.98984423815733,0.116446608229899,1.674,2.42145119076748e-06,-0.00139540483962882,-0.014225731132057,0
matlab_broad_s20101_c00,1830.79321889849,1.98984423815733,0.116446608229899,1.676,-3.68337700892483e-07,-0.00137993045028529,0.0293713734784289,0
matlab_broad_s20101_c00,1830.79321889849,1.98984423815733,0.116446608229899,1.678,-3.041747013494e-06,-0.00128011184130404,0.0696974613593037,0
matlab_broad_s20101_c00,1830.79321889849,1.98984423815733,0.116446608229899,1.68,-5.43827515804191e-06,-0.00110492141374397,0.104382420195571,0
matlab_broad_s20101_c00,1830.79321889849,1.98984423815733,0.116446608229899,1.682,-7.41984071025726e-06,-0.000867665405583623,0.131482688060499,0
matlab_broad_s20101_c00,1830.79321889849,1.98984423815733,0.116446608229899,1.684,-8.87852101648438e-06,-0.000585019971772559,0.149586449581049,0
matlab_broad_s20101_c00,1830.79321889849,1.98984423815733,0.116446608229899,1.686,-9.74217608019876e-06,-0.000275892402709438,0.157882596086686,0
matlab_broad_s20101_c00,1830.79321889849,1.98984423815733,0.116446608229899,1.688,-9.97768291393231e-06,3.98166103813095e-05,0.156190426177879,0
matlab_broad_s20101_c00,1830.79321889849,1.98984423815733,0.116446608229899,1.69,-9.59166172784683e-06,0.000342470219463894,0.144949579150006,0
matlab_broad_s20101_c00,1830.79321889849,1.98984423815733,0.116446608229899,1.692,-8.6287335608091e-06,0.000613894198615266,0.12517215639361,0
matlab_broad_s20101_c00,1830.79321889849,1.98984423815733,0.116446608229899,1.694,-7.16749944259475e-06,0.000838445498584442,0.0983612456017682,0
matlab_broad_s20101_c00,1830.79321889849,1.98984423815733,0.116446608229899,1.696,-5.21985779093785e-06,0.00114480487341625,0.205789925648612,0.0166850419835823
matlab_broad_s20101_c00,1830.79321889849,1.98984423815733,0.116446608229899,1.698,-2.44080755192338e-06,0.00167116661202145,0.31719423311183,0.0357929399351908
matlab_broad_s20101_c00,1830.79321889849,1.98984423815733,0.116446608229899,1.7,1.59895957072404e-06,0.00239771527104503,0.405067283678987,0.0548671555455215
matlab_broad_s20101_c00,1830.79321889849,1.98984423815733,0.116446608229899,1.702,7.24921247621956e-06,0.00327223961246933,0.464560094941113,0.0738795035574118
matlab_broad_s20101_c00,1830.79321889849,1.98984423815733,0.116446608229899,1.704,1.47468448637138e-05,0.00423470839736083,0.492731553177386,0.0928017518167568
matlab_broad_s20101_c00,1830.79321889849,1.98984423815733,0.116446608229899,1.706,2.42041506409937e-05,0.00522122452922133,0.48866554200749,0.111605663333923
matlab_broad_s20101_c00,1830.79321889849,1.98984423815733,0.116446608229899,1.708,3.56051558237238e-05,0.00616808480715978,0.453459604108663,0.130263038721617
matlab_broad_s20101_c00,1830.79321889849,1.98984423815733,0.116446608229899,1.71,4.88099632641826e-05,0.00701569207649935,0.390090148816153,0.148745758947396
matlab_broad_s20101_c00,1830.79321889849,1.98984423815733,0.116446608229899,1.712,6.35665752462454e-05,0.00771208414782878,0.303166642285373,0.167025828337747
matlab_broad_s20101_c00,1830.79321889849,1.98984423815733,0.116446608229899,1.714,7.95292170847004e-05,0.0082158753390471,0.198593626497113,0.185075417769461
matlab_broad_s20101_c00,1830.79321889849,1.98984423815733,0.116446608229899,1.716,9.62818178882939e-05,0.00849844947543943,0.0831644486262577,0.20286690798292
matlab_broad_s20101_c00,1830.79321889849,1.98984423815733,0.116446608229899,1.718,0.000113365032638847,0.00854529463075361,-0.0358860203171473,0.220372932950968
matlab_broad_s20101_c00,1830.79321889849,1.98984423815733,0.116446608229899,1.72,0.000130305026240736,0.00835642635915972,-0.151340793039288,0.237566423236041
matlab_broad_s20101_c00,1830.79321889849,1.98984423815733,0.116446608229899,1.722,0.000146642191615366,0.00794590401259985,-0.256443639850585,0.254420649267518
matlab_broad_s20101_c00,1830.79321889849,1.98984423815733,0.116446608229899,1.724,0.000161958039380686,0.00734050035671155,-0.345298748714559,0.270909264470411
matlab_broad_s20101_c00,1830.79321889849,1.98984423815733,0.116446608229899,1.726,0.000175898668308721,0.00657763474553864,-0.413204045247637,0.287006348176033
matlab_broad_s20101_c00,1830.79321889849,1.98984423815733,0.116446608229899,1.728,0.00018819348947051,0.00570272169998331,-0.456899903260876,0.302686448244683
matlab_broad_s20101_c00,1830.79321889849,1.98984423815733,0.116446608229899,1.73,0.000198668213446478,0.00476611758429571,-0.474720793608843,0.317924623330025
matlab_broad_s20101_c00,1830.79321889849,1.98984423815733,0.116446608229899,1.732,0.000207251496064408,0.00381986665231752,-0.466643806646037,0.332696484714509
matlab_broad_s20101_c00,1830.79321889849,1.98984423815733,0.116446608229899,1.734,0.000213975048416321,0.0029144533105014,-0.43423452949725,0.346978237645095
matlab_broad_s20101_c00,1830.79321889849,1.98984423815733,0.116446608229899,1.736,0.000218967425353979,0.00209576011187035,-0.38049705574142,0.360746722098341
matlab_broad_s20101_c00,1830.79321889849,1.98984423815733,0.116446608229899,1.738,0.000222442088213406,0.00140241163869479,-0.309640573147789,0.373979452904083
matlab_broad_s20101_c00,1830.79321889849,1.98984423815733,0.116446608229899,1.74,0.000224680669610267,0.000863654646096231,-0.226779687323691,0.38665465915706
matlab_broad_s20101_c00,1830.79321889849,1.98984423815733,0.116446608229899,1.742,0.00022601263201882,0.000497886806198194,-0.13758913785027,0.398751322846084
matlab_broad_s20101_c00,1830.79321889849,1.98984423815733,0.116446608229899,1.744,0.000226792693561497,0.000311902728871503,-0.0479356742974259,0.410249216630875
matlab_broad_s20101_c00,1830.79321889849,1.98984423815733,0.116446608229899,1.746,0.000227377485579087,0.000300879515003298,0.0364895007590106,0.421128940697079
matlab_broad_s20101_c00,1830.79321889849,1.98984423815733,0.116446608229899,1.748,0.000228102904560643,0.000449077868952932,0.110515135869212,0.43137195862073
matlab_broad_s20101_c00,1830.79321889849,1.98984423815733,0.116446608229899,1.75,0.00022926352913906,0.000731191595079412,0.169790778827636,0.440960632174177
matlab_broad_s20101_c00,1830.79321889849,1.98984423815733,0.116446608229899,1.752,0.000231095299772611,0.00111424068408137,0.211027029741535,0.449878255006382
matlab_broad_s20101_c00,1830.79321889849,1.98984423815733,0.116446608229899,1.754,0.000233762417807664,0.00155987328436004,0.23216245899946,0.458109085131526
matlab_broad_s20101_c00,1830.79321889849,1.98984423815733,0.116446608229899,1.756,0.000237349128949145,0.00202692123218048,0.232449388143431,0.465638376161028
matlab_broad_s20101_c00,1830.79321889849,1.98984423815733,0.116446608229899,1.758,0.000241856733395136,0.00247404343818118,0.212455983615452,0.472452407215338
matlab_broad_s20101_c00,1830.79321889849,1.98984423815733,0.116446608229899,1.76,0.000247205831915329,0.00286229159069103,0.173987345693041,0.478538511453285
matlab_broad_s20101_c00,1830.79321889849,1.98984423815733,0.116446608229899,1.762,0.000253243494790411,0.00315744297426071,0.119933166525656,0.483885103158268
matlab_broad_s20101_c00,1830.79321889849,1.98984423815733,0.116446608229899,1.764,0.00025975474824935,0.00333196473718738,0.054053792654763,0.488481703322239
matlab_broad_s20101_c00,1830.79321889849,1.98984423815733,0.116446608229899,1.766,0.000266477527808084,0.00336650116420443,-0.0192800821607444,0.492318963670204
matlab_broad_s20101_c00,1830.79321889849,1.98984423815733,0.116446608229899,1.768,0.000273120063227508,0.00325080848752254,-0.0953765278291773,0.495388689069846
matlab_broad_s20101_c00,1830.79321889849,1.98984423815733,0.116446608229899,1.77,0.000279379544994516,0.00298409827966235,-0.16952154528127,0.497683858272891
matlab_broad_s20101_c00,1830.79321889849,1.98984423815733,0.116446608229899,1.772,0.000284960882000957,0.00257478815097252,-0.237269554419644,0.499198642936986
matlab_broad_s20101_c00,1830.79321889849,1.98984423815733,0.116446608229899,1.774,0.000289594394419817,0.00203969496685934,-0.294707630001404,0.499928424879083
matlab_broad_s20101_c00,1830.79321889849,1.98984423815733,0.116446608229899,1.776,0.000293051390040287,0.00140273890023221,-0.338678117624795,0.499869811513706
matlab_broad_s20101_c00,1830.79321889849,1.98984423815733,0.116446608229899,1.778,0.000295156737761989,0.000693254421803912,-0.366947337850826,0.499020649431934
matlab_broad_s20101_c00,1830.79321889849,1.98984423815733,0.116446608229899,1.78,0.000295797766333966,-5.59747256897798e-05,-0.378311814953321,0.497380036079537
matlab_broad_s20101_c00,1830.79321889849,1.98984423815733,0.116446608229899,1.782,0.000294929064927345,-0.000810826481638787,-0.372637596634575,0.494948329495385
matlab_broad_s20101_c00,1830.79321889849,1.98984423815733,0.116446608229899,1.784,0.000292573028323014,-0.00153796265906575,-0.350832494803452,0.491727156074032
matlab_broad_s20101_c00,1830.79321889849,1.98984423815733,0.116446608229899,1.786,0.000288816256412464,-0.00220683151712986,-0.314755208472683,0.487719416319304
matlab_broad_s20101_c00,1830.79321889849,1.98984423815733,0.116446608229899,1.788,0.000283802168911919,-0.00279143161154722,-0.267069038405129,0.482929288558679
matlab_broad_s20101_c00,1830.79321889849,1.98984423815733,0.116446608229899,1.79,0.000277720416756302,-0.00327173650290756,-0.211051051638496,0.477362230591365
matlab_broad_s20101_c00,1830.79321889849,1.98984423815733,0.116446608229899,1.792,0.000270793849035407,-0.00363470413390277,-0.150369928976498,0.471024979246108
matlab_broad_s20101_c00,1830.79321889849,1.98984423815733,0.116446608229899,1.794,0.00026326391910055,-0.003874822788918,-0.0888472098816986,0.463925547828104
matlab_broad_s20101_c00,1830.79321889849,1.98984423815733,0.116446608229899,1.796,0.000255375479701451,-0.0039941756649382,-0.0302171758641923,0.456073221437628
matlab_broad_s20101_c00,1830.79321889849,1.98984423815733,0.116446608229899,1.798,0.000247361922603545,-0.00400203629159058,0.0220998148857479,0.447478550146499
matlab_broad_s20101_c00,1830.79321889849,1.98984423815733,0.116446608229899,1.8,0.000239431564779,-0.00391403547942704,0.0651970537946148,0.438153340021932
matlab_broad_s20101_c00,1830.79321889849,1.98984423815733,0.116446608229899,1.802,0.00023175607622243,-0.00375096545953066,0.0968428912009033,0.428110641990895
matlab_broad_s20101_c00,1830.79321889849,1.98984423815733,0.116446608229899,1.804,0.000224461592101265,-0.00353730698387109,0.115595189457498,0.417364738541723
matlab_broad_s20101_c00,1830.79321889849,1.98984423815733,0.116446608229899,1.806,0.000217622965201848,-0.0032995793118915,0.12086335867833,0.405931128263381
matlab_broad_s20101_c00,1830.79321889849,1.98984423815733,0.116446608229899,1.808,0.000211261406116519,-0.00306462054391055,0.11291592107943,0.393826508226498
matlab_broad_s20101_c00,1830.79321889849,1.98984423815733,0.116446608229899,1.81,0.000205345541889012,-0.00285790643510795,0.0928349688328507,0.38106875421406
matlab_broad_s20101_c00,1830.79321889849,1.98984423815733,0.116446608229899,1.812,0.000199795712500177,-0.00270200982426664,0.0624221005135728,0.367676898813446
matlab_broad_s20101_c00,1830.79321889849,1.98984423815733,0.116446608229899,1.814,0.000194491131448909,-0.00261529073221901,0.02406325121855,0.35367110738533
matlab_broad_s20101_c00,1830.79321889849,1.98984423815733,0.116446608229899,1.816,0.000189279373029956,-0.00261088997320068,-0.0194378896610818,0.339072651928785
matlab_broad_s20101_c00,1830.79321889849,1.98984423815733,0.116446608229899,1.818,0.000183987523805195,-0.00269607800899006,-0.0650465728621997,0.323903882865882
matlab_broad_s20101_c00,1830.79321889849,1.98984423815733,0.116446608229899,1.82,0.000178434255607005,-0.00287198719032881,-0.109691638451839,0.30818819877287
matlab_broad_s20101_c00,1830.79321889849,1.98984423815733,0.116446608229899,1.822,0.000172442045621077,-0.00313373100620385,-0.150455881599055,0.291950014088973
matlab_broad_s20101_c00,1830.79321889849,1.98984423815733,0.116446608229899,1.824,0.000165848786001852,-0.00347089003884903,-0.18475057126158,0.275214724837708
matlab_broad_s20101_c00,1830.79321889849,1.98984423815733,0.116446608229899,1.826,0.000158518088400975,-0.00386832245181506,-0.210463921175548,0.25800867239952
matlab_broad_s20101_c00,1830.79321889849,1.98984423815733,0.116446608229899,1.828,0.000150347692321884,-0.00430723829622365,-0.226075257112685,0.240359105378355
matlab_broad_s20101_c00,1830.79321889849,1.98984423815733,0.116446608229899,1.83,0.000141275522620572,-0.0047664627348742,-0.230729011350672,0.222294139608679
matlab_broad_s20101_c00,1830.79321889849,1.98984423815733,0.116446608229899,1.832,0.000131283101260567,-0.00522380418122323,-0.224265343029602,0.203842716353229
matlab_broad_s20101_c00,1830.79321889849,1.98984423815733,0.116446608229899,1.834,0.000120396190987017,-0.00565743971944773,-0.207206958047066,0.185034558745557
matlab_broad_s20101_c00,1830.79321889849,1.98984423815733,0.116446608229899,1.836,0.000108682722869624,-0.00604723205228922,-0.180704410113575,0.165900126535172
matlab_broad_s20101_c00,1830.79321889849,1.98984423815733,0.116446608229899,1.838,9.62482249007033e-05,-0.00637589931434932,-0.146444641265334,0.146470569196703
matlab_broad_s20101_c00,1830.79321889849,1.98984423815733,0.116446608229899,1.84,8.32291151652333e-05,-0.00662997077882834,-0.106529620969002,0.126777677468171
matlab_broad_s20101_c00,1830.79321889849,1.98984423815733,0.116446608229899,1.842,6.97843421603689e-05,-0.00680047690190645,-0.0633335513814466,0.106853833386991
matlab_broad_s20101_c00,1830.79321889849,1.98984423815733,0.116446608229899,1.844,5.60859402269597e-05,-0.00688334021780411,-0.0193481399748406,0.0867319588957622
matlab_broad_s20101_c00,1830.79321889849,1.98984423815733,0.116446608229899,1.846,4.23091156453185e-05,-0.00687945311869876,0.0229741446559313,0.0664454630932911
matlab_broad_s20101_c00,1830.79321889849,1.98984423815733,0.116446608229899,1.848,2.86224870852008e-05,-0.00679444827779722,0.0613691271191314,0.0460281882096149
matlab_broad_s20101_c00,1830.79321889849,1.98984423815733,0.116446608229899,1.85,1.51790736106852e-05,-0.00663818618114011,0.0938933820566609,0.0255143543869784
matlab_broad_s20101_c00,1830.79321889849,1.98984423815733,0.116446608229899,1.852,2.10855749732448e-06,-0.00642400080783534,0.119032505867583,0.0049385033517556
matlab_broad_s20101_c00,1830.79321889849,1.98984423815733,0.116446608229899,1.854,-1.03998323444896e-05,-0.00603546097445906,0.26664211393193,0
matlab_broad_s20101_c00,1830.79321889849,1.98984423815733,0.116446608229899,1.856,-2.18208484231725e-05,-0.00533003771471017,0.434150954914224,0
matlab_broad_s20101_c00,1830.79321889849,1.98984423815733,0.116446608229899,1.858,-3.15162013217971e-05,-0.00432052315966907,0.5693323042058,0
matlab_broad_s20101_c00,1830.79321889849,1.98984423815733,0.116446608229899,1.86,-3.89476145040149e-05,-0.00307921768545237,0.664958758977154,0
matlab_broad_s20101_c00,1830.79321889849,1.98984423815733,0.116446608229899,1.862,-4.37341252997342e-05,-0.0016902474958955,0.716478311753487,0
matlab_broad_s20101_c00,1830.79321889849,1.98984423815733,0.116446608229899,1.864,-4.56702284619445e-05,-0.000243993652763487,0.722204409524209,0
matlab_broad_s20101_c00,1830.79321889849,1.98984423815733,0.116446608229899,1.866,-4.47326197369898e-05,0.00116867639518515,0.683323405433336,0
matlab_broad_s20101_c00,1830.79321889849,1.98984423815733,0.116446608229899,1.868,-4.10755077266785e-05,0.00246201339472484,0.603725079757243,0
matlab_broad_s20101_c00,1830.79321889849,1.98984423815733,0.116446608229899,1.87,-3.50151664230059e-05,0.00356048781310531,0.489672597190028,0
matlab_broad_s20101_c00,1830.79321889849,1.98984423815733,0.116446608229899,1.872,-2.70050398926289e-05,0.00440309146859657,0.349337592060468,0
matlab_broad_s20101_c00,1830.79321889849,1.98984423815733,0.116446608229899,1.874,-1.76032475588589e-05,0.00494660159507995,0.19223350442914,0
matlab_broad_s20101_c00,1830.79321889849,1.98984423815733,0.116446608229899,1.876,-7.43474378184752e-06,0.00516764146315971,0.0285854346495959,0
matlab_broad_s20101_c00,1830.79321889849,1.98984423815733,0.116446608229899,1.878,2.84936152450335e-06,0.00506345126354356,-0.131322597640737,0
matlab_broad_s20101_c00,1830.79321889849,1.98984423815733,0.116446608229899,1.88,1.2612724125187e-05,0.00465136517498734,-0.277782088159941,0
matlab_broad_s20101_c00,1830.79321889849,1.98984423815733,0.116446608229899,1.882,2.12724038131364e-05,0.003967070244229,-0.402237774295074,0
matlab_broad_s20101_c00,1830.79321889849,1.98984423815733,0.116446608229899,1.884,2.83329203584624e-05,0.0030617950816524,-0.497775028801788,0
matlab_broad_s20101_c00,1830.79321889849,1.98984423815733,0.116446608229899,1.886,3.34137866096781e-05,0.00199863721908693,-0.559489981611663,0
matlab_broad_s20101_c00,1830.79321889849,1.98984423815733,0.116446608229899,1.888,3.62690446385461e-05,0.000848283930902742,-0.584723547619161,0
matlab_broad_s20101_c00,1830.79321889849,1.98984423815733,0.116446608229899,1.89,3.67978721485674e-05,-0.000315589939578884,-0.57314954030119,0
matlab_broad_s20101_c00,1830.79321889849,1.98984423815733,0.116446608229899,1.892,3.50459068736251e-05,-0.00142095326857503,-0.526716354495481,0
matlab_broad_s20101_c00,1830.79321889849,1.98984423815733,0.116446608229899,1.894,3.11975193611937e-05,-0.00240179325825628,-0.449450724347532,0
matlab_broad_s20101_c00,1830.79321889849,1.98984423815733,0.116446608229899,1.896,2.55598134578135e-05,-0.00320197295154805,-0.347140258878942,0
matlab_broad_s20101_c00,1830.79321889849,1.98984423815733,0.116446608229899,1.898,1.8539616368767e-05,-0.00377835179516562,-0.226918351519591,0
matlab_broad_s20101_c00,1830.79321889849,1.98984423815733,0.116446608229899,1.9,1.06151089023438e-05,-0.00410300209893946,-0.0967802710776098,0
matlab_broad_s20101_c00,1830.79321889849,1.98984423815733,0.116446608229899,1.902,2.30402067665349e-06,-0.00416441545653244,0.0349374939493573,0
matlab_broad_s20101_c00,1830.79321889849,1.98984423815733,0.116446608229899,1.904,-5.869538348147e-06,-0.00396765886788699,0.160081383446466,0
matlab_broad_s20101_c00,1830.79321889849,1.98984423815733,0.116446608229899,1.906,-1.34075243755729e-05,-0.00353350624843782,0.271176054313398,0
matlab_broad_s20101_c00,1830.79321889849,1.98984423815733,0.116446608229899,1.908,-1.98677131498249e-05,-0.00289663315971103,0.361861319562306,0
matlab_broad_s20101_c00,1830.79321889849,1.98984423815733,0.116446608229899,1.91,-2.48890208860729e-05,-0.00210301725577825,0.427245826981732,0
matlab_broad_s20101_c00,1830.79321889849,1.98984423815733,0.116446608229899,1.912,-2.82109844613287e-05,-0.00120673100025796,0.46415852380527,0
matlab_broad_s20101_c00,1830.79321889849,1.98984423815733,0.116446608229899,1.914,-2.96863990856067e-05,-0.000266344315614068,0.471285876638721,0
matlab_broad_s20101_c00,1830.79321889849,1.98984423815733,0.116446608229899,1.916,-2.92865661363649e-05,0.000658828497472525,0.44919024600855,0
matlab_broad_s20101_c00,1830.79321889849,1.98984423815733,0.116446608229899,1.918,-2.70990766934729e-05,0.00151240152861299,0.400212278311457,0
matlab_broad_s20101_c00,1830.79321889849,1.98984423815733,0.116446608229899,1.92,-2.33185178593104e-05,0.00224428654135018,0.328267214559318,0
matlab_broad_s20101_c00,1830.79321889849,1.98984423815733,0.116446608229899,1.922,-1.8230911184322e-05,0.00281356176097375,0.23855120672112,0
matlab_broad_s20101_c00,1830.79321889849,1.98984423815733,0.116446608229899,1.924,-1.21930507961629e-05,0.00319068055434803,0.137178726295683,0
matlab_broad_s20101_c00,1830.79321889849,1.98984423815733,0.116446608229899,1.926,-5.60818326556779e-06,0.00335890634787319,0.0307756791253263,0
matlab_broad_s20101_c00,1830.79321889849,1.98984423815733,0.116446608229899,1.928,1.10035222633586e-06,0.00331491153352493,-0.0739452624705176,0
matlab_broad_s20101_c00,1830.79321889849,1.98984423815733,0.116446608229899,1.93,7.5158337936458e-06,0.00306853161805748,-0.170600396229225,0
matlab_broad_s20101_c00,1830.79321889849,1.98984423815733,0.116446608229899,1.932,1.32535624351044e-05,0.00264171811580899,-0.253516527898623,0
matlab_broad_s20101_c00,1830.79321889849,1.98984423815733,0.116446608229899,1.934,1.79834447138483e-05,0.00206678150041399,-0.31805599542717,0
matlab_broad_s20101_c00,1830.79321889849,1.98984423815733,0.116446608229899,1.936,2.14484585591357e-05,0.00138405612339447,-0.360867089450564,0
matlab_broad_s20101_c00,1830.79321889849,1.98984423815733,0.116446608229899,1.938,2.34780048777238e-05,0.000639150124310318,-0.380046975934296,0
matlab_broad_s20101_c00,1830.79321889849,1.98984423815733,0.116446608229899,1.94,2.39954956855237e-05,-0.000120036597382196,-0.375210041045037,0
matlab_broad_s20101_c00,1830.79321889849,1.98984423815733,0.116446608229899,1.942,2.30199057312805e-05,-0.000846335165204945,-0.347460632606807,0
matlab_broad_s20101_c00,1830.79321889849,1.98984423815733,0.116446608229899,1.944,2.06613949949962e-05,-0.00149618399644315,-0.299275086453987,0
matlab_broad_s20101_c00,1830.79321889849,1.98984423815733,0.116446608229899,1.946,1.71114704703815e-05,-0.00203218659585753,-0.234303340635413,0
matlab_broad_s20101_c00,1830.79321889849,1.98984423815733,0.116446608229899,1.948,1.26284757313242e-05,-0.00242520427073396,-0.157105039533137,0
matlab_broad_s20101_c00,1830.79321889849,1.98984423815733,0.116446608229899,1.95,7.5194576273028e-06,-0.00265587069277947,-0.0728385580951988,0
matlab_broad_s20101_c00,1830.79321889849,1.98984423815733,0.116446608229899,1.952,2.11964700064325e-06,-0.00271545458702611,0.0130763474512659,0
matlab_broad_s20101_c00,1830.79321889849,1.98984423815733,0.116446608229899,1.954,-3.22910450193941e-06,-0.00260603939406017,0.0953006297619025,0
matlab_broad_s20101_c00,1830.79321889849,1.98984423815733,0.116446608229899,1.956,-8.19957034107926e-06,-0.00234003180389055,0.168901583990968,0
matlab_broad_s20101_c00,1830.79321889849,1.98984423815733,0.116446608229899,1.958,-1.24987817805029e-05,-0.00193905193363505,0.229642551658298,0
matlab_broad_s20101_c00,1830.79321889849,1.98984423815733,0.116446608229899,1.96,-1.58848941774666e-05,-0.00143229417642202,0.274220085434199,0
matlab_broad_s20101_c00,1830.79321889849,1.98984423815733,0.116446608229899,1.962,-1.81803425524267e-05,-0.000854477310992306,0.300435754617076,0
matlab_broad_s20101_c00,1830.79321889849,1.98984423815733,0.116446608229899,1.964,-1.92806020531877e-05,-0.00024352373727607,0.307294221314571,0
matlab_broad_s20101_c00,1830.79321889849,1.98984423815733,0.116446608229899,1.966,-1.915816221557e-05,0.000361880337334187,0.295024032806952,0
matlab_broad_s20101_c00,1830.79321889849,1.98984423815733,0.116446608229899,1.968,-1.78616314080794e-05,0.000924689715685473,0.265022447855309,0
matlab_broad_s20101_c00,1830.79321889849,1.98984423815733,0.116446608229899,1.97,-1.55101901451295e-05,0.00141172331481576,0.219730242268241,0
matlab_broad_s20101_c00,1830.79321889849,1.98984423815733,0.116446608229899,1.972,-1.22838906454557e-05,0.00179557494281985,0.162446545492289,0
matlab_broad_s20101_c00,1830.79321889849,1.98984423815733,0.116446608229899,1.974,-8.41053875328409e-06,0.00205610473119987,0.0970971103086734,0
matlab_broad_s20101_c00,1830.79321889849,1.98984423815733,0.116446608229899,1.976,-4.15007978949962e-06,0.00218143358988152,0.0279718312647139,0
matlab_broad_s20101_c00,1830.79321889849,1.98984423815733,0.116446608229899,1.978,2.22467556026235e-07,0.00216839622379491,-0.0405513127152271,0
matlab_broad_s20101_c00,1830.79321889849,1.98984423815733,0.116446608229899,1.98,4.43443096453942e-06,0.00202244304148685,-0.10427845823283,0
matlab_broad_s20101_c00,1830.79321889849,1.98984423815733,0.116446608229899,1.982,8.23217468651303e-06,0.00175701550358848,-0.15945158945606,0
matlab_broad_s20101_c00,1830.79321889849,1.98984423815733,0.116446608229899,1.984,1.13960582802223e-05,0.00139245101707218,-0.202965008720382,0
matlab_broad_s20101_c00,1830.79321889849,1.98984423815733,0.116446608229899,1.986,1.37528021169352e-05,0.000954500528649305,-0.232534417664868,0
matlab_broad_s20101_c00,1830.79321889849,1.98984423815733,0.116446608229899,1.988,1.51845863122985e-05,0.000472562995544527,-0.246809802733321,0
matlab_broad_s20101_c00,1830.79321889849,1.98984423815733,0.116446608229899,1.99,1.56344332558672e-05,-2.2245176435446e-05,-0.245427070693054,0
matlab_broad_s20101_c00,1830.79321889849,1.98984423815733,0.116446608229899,1.992,1.51076675777442e-05,-0.000499061455715377,-0.22899731643466,0
matlab_broad_s20101_c00,1830.79321889849,1.98984423815733,0.116446608229899,1.994,1.36694955506207e-05,-0.000929166665179997,-0.199036478409787,0
matlab_broad_s20101_c00,1830.79321889849,1.98984423815733,0.116446608229899,1.996,1.14389831646788e-05,-0.0012876791686251,-0.15784171058393,0
matlab_broad_s20101_c00,1830.79321889849,1.98984423815733,0.116446608229899,1.998,8.57992420881009e-06,-0.00155495613414435,-0.108323864024742,0
matlab_broad_s20101_c00,1830.79321889849,1.98984423815733,0.116446608229899,2,5.28926444546751e-06,-0.00171762553959581,-0.0538078548760804,0
matlab_broad_s20101_c00,1830.79321889849,1.98984423815733,0.116446608229899,2.002,1.90871457044252e-06,-0.00158344918048645,0.185920660837897,0.0219934748186075
matlab_broad_s20101_c00,1830.79321889849,1.98984423815733,0.116446608229899,2.004,-7.34877350909697e-07,-0.000987206074549037,0.405962414977092,0.0439631515028182
matlab_broad_s20101_c00,1830.79321889849,1.98984423815733,0.116446608229899,2.006,-1.76594653180275e-06,1.81507945011435e-05,0.593089236511882,0.0658662642879633
matlab_broad_s20101_c00,1830.79321889849,1.98984423815733,0.116446608229899,2.008,-4.39752766349047e-07,0.0013555687342864,0.736541161312686,0.0876599943092955
matlab_broad_s20101_c00,1830.79321889849,1.98984423815733,0.116446608229899,2.01,3.81477630090595e-06,0.00292944347790377,0.828605935431084,0.10930155354894
matlab_broad_s20101_c00,1830.79321889849,1.98984423815733,0.116446608229899,2.012,1.13643227077144e-05,0.00463212323493206,0.86499162334003,0.130748269365343
matlab_broad_s20101_c00,1830.79321889849,1.98984423815733,0.116446608229899,2.014,2.23540615264606e-05,0.00635093656069481,0.844976355746738,0.151957669440853
matlab_broad_s20101_c00,1830.79321889849,1.98984423815733,0.116446608229899,2.016,3.67047484340763e-05,0.00797529424519193,0.771333493606477,0.172887566980479
matlab_broad_s20101_c00,1830.79321889849,1.98984423815733,0.116446608229899,2.018,5.41237162590801e-05,0.00940342597983579,0.650044354485681,0.193496145992477
matlab_broad_s20101_c00,1830.79321889849,1.98984423815733,0.116446608229899,2.02,7.41286398012434e-05,0.0105483497750077,0.489823304003346,0.213742046479305
matlab_broad_s20101_c00,1830.79321889849,1.98984423815733,0.116446608229899,2.022,9.60821813062889e-05,0.0113427327902014,0.301490721109235,0.233584449366026
matlab_broad_s20101_c00,1830.79321889849,1.98984423815733,0.116446608229899,2.024,0.000119235023239086,0.0117423818802106,0.0972375085529293,0.252983160991618
matlab_broad_s20101_c00,1830.79321889849,1.98984423815733,0.116446608229899,2.026,0.000142774362943178,0.0117281952208289,-0.110169977470169,0.271898696987907
matlab_broad_s20101_c00,1830.79321889849,1.98984423815733,0.116446608229899,2.028,0.000165874706137969,0.0113065066819949,-0.308193682363638,0.290292365369899
matlab_broad_s20101_c00,1830.79321889849,1.98984423815733,0.116446608229899,2.03,0.000187747761070112,0.0105078557532216,-0.485286572569246,0.30812634866127
matlab_broad_s20101_c00,1830.79321889849,1.98984423815733,0.116446608229899,2.032,0.000207688397859788,0.00938431154774881,-0.63156879317702,0.325363784878638
matlab_broad_s20101_c00,1830.79321889849,1.98984423815733,0.116446608229899,2.034,0.000225113981511,0.00800556401331847,-0.73937859045181,0.341968847198764
matlab_broad_s20101_c00,1830.79321889849,1.98984423815733,0.116446608229899,2.036,0.000239594884948786,0.00645406412951937,-0.803668327113628,0.357906822133644
matlab_broad_s20101_c00,1830.79321889849,1.98984423815733,0.116446608229899,2.038,0.000250874604512739,0.00481954388809541,-0.822226441696179,0.373144186039578
matlab_broad_s20101_c00,1830.79321889849,1.98984423815733,0.116446608229899,2.04,0.000258878592717948,0.00319327387871136,-0.79571755085837,0.387648679787956
matlab_broad_s20101_c00,1830.79321889849,1.98984423815733,0.116446608229899,2.042,0.000263711646646743,0.00166242041515642,-0.727544339593187,0.401389381427417
matlab_broad_s20101_c00,1830.79321889849,1.98984423815733,0.116446608229899,2.044,0.000265644399512937,0.000304845852743093,-0.623545721637906,0.414336776669254
matlab_broad_s20101_c00,1830.79321889849,1.98984423815733,0.116446608229899,2.046,0.000265090114613755,-0.000815343056358009,-0.491555335001049,0.426462827030887
matlab_broad_s20101_c00,1830.79321889849,1.98984423815733,0.116446608229899,2.048,0.000262573536908267,-0.00165125017110707,-0.340852218225465,0.437741035475121
matlab_broad_s20101_c00,1830.79321889849,1.98984423815733,0.116446608229899,2.05,0.000258693986853742,-0.00217546938090377,-0.181541073833542,0.448146509386438
matlab_broad_s20101_c00,1830.79321889849,1.98984423815733,0.116446608229899,2.052,0.000254085161740266,-0.00238108779634016,-0.0239025989465188,0.457656020729509
matlab_broad_s20101_c00,1830.79321889849,1.98984423815733,0.116446608229899,2.054,0.000249374229330751,-0.00228139394180129,0.122245156118174,0.466248063239211
matlab_broad_s20101_c00,1830.79321889849,1.98984423815733,0.116446608229899,2.056,0.000245142755195616,-0.00190835245426868,0.248135494856329,0.473902906496193
matlab_broad_s20101_c00,1830.79321889849,1.98984423815733,0.116446608229899,2.058,0.000241891806874824,-0.00130998058718121,0.34655731884559,0.480602646746848
matlab_broad_s20101_c00,1830.79321889849,1.98984423815733,0.116446608229899,2.06,0.00024001324229955,-0.000546824812663699,0.412246735363697,0.486331254332047
matlab_broad_s20101_c00,1830.79321889849,1.98984423815733,0.116446608229899,2.062,0.000239768742024296,0.000312215501408733,0.442145728061504,0.491074617594545
matlab_broad_s20101_c00,1830.79321889849,1.98984423815733,0.116446608229899,2.064,0.000241277616071291,0.00119443850433194,0.435516447932831,0.494820583141102
matlab_broad_s20101_c00,1830.79321889849,1.98984423815733,0.116446608229899,2.066,0.000244513841806816,0.0020279718900714,0.393908945495408,0.497558992341696
matlab_broad_s20101_c00,1830.79321889849,1.98984423815733,0.116446608229899,2.068,0.000249312206110963,0.00274619886897002,0.320989251557435,0.499281713954946
matlab_broad_s20101_c00,1830.79321889849,1.98984423815733,0.116446608229899,2.07,0.000255382869326834,0.00329171274841357,0.222243070337023,0.499982672775852
matlab_broad_s20101_c00,1830.79321889849,1.98984423815733,0.116446608229899,2.072,0.000262333173342144,0.00361957268986119,0.104577485648102,0.499657874209365
matlab_broad_s20101_c00,1830.79321889849,1.98984423815733,0.116446608229899,2.074,0.000269695110078599,0.00369968382587152,-0.0241513995793611,0.498305424680873
matlab_broad_s20101_c00,1830.79321889849,1.98984423815733,0.116446608229899,2.076,0.000276956571623768,0.00351818471058216,-0.15565335312164,0.495925547802669
matlab_broad_s20101_c00,1830.79321889849,1.98984423815733,0.116446608229899,2.078,0.000283594333651147,0.00307779005532621,-0.281728339274697,0.492520596223623
matlab_broad_s20101_c00,1830.79321889849,1.98984423815733,0.116446608229899,2.08,0.000289106685851497,0.00239710269730028,-0.394767718756553,0.488095059097776
matlab_broad_s20101_c00,1830.79321889849,1.98984423815733,0.116446608229899,2.082,0.000293043714751538,0.00150897167054969,-0.488202276906599,0.482655565116238
matlab_broad_s20101_c00,1830.79321889849,1.98984423815733,0.116446608229899,2.084,0.000295033455534912,0.00045802932872815,-0.556871313747883,0.476210881055714
matlab_broad_s20101_c00,1830.79321889849,1.98984423815733,0.116446608229899,2.086,0.000294802443296909,-0.000702413510905851,-0.597292749667388,0.46877190580613
matlab_broad_s20101_c00,1830.79321889849,1.98984423815733,0.116446608229899,2.088,0.00029218958781329,-0.00191390196515952,-0.607820961299944,0.46035165984913
matlab_broad_s20101_c00,1830.79321889849,1.98984423815733,0.116446608229899,2.09,0.00028715274249398,-0.00311656930837923,-0.588686412925695,0.450965270168764
matlab_broad_s20101_c00,1830.79321889849,1.98984423815733,0.116446608229899,2.092,0.000279767808481425,-0.00425283092489014,-0.541918617434084,0.440629950585299
matlab_broad_s20101_c00,1830.79321889849,1.98984423815733,0.116446608229899,2.094,0.000270220679122726,-0.0052708141792964,-0.471161084380409,0.42936497751294
matlab_broad_s20101_c00,1830.79321889849,1.98984423815733,0.116446608229899,2.096,0.000258792759945,-0.00612732222065414,-0.381393264382972,0.417191661152102
matlab_broad_s20101_c00,1830.79321889849,1.98984423815733,0.116446608229899,2.098,0.000245841169511366,-0.00679016518474012,-0.278579714382589,0.404133312136985
matlab_broad_s20101_c00,1830.79321889849,1.98984423815733,0.116446608229899,2.1,0.000231775016365028,-0.00723973675751935,-0.16927050455925,0.390215203669165
matlab_broad_s20101_c00,1830.79321889849,1.98984423815733,0.116446608229899,2.102,0.000217029341559298,-0.00746976457171944,-0.0601790791821695,0.375464529178177
matlab_broad_s20101_c00,1830.79321889849,1.98984423815733,0.116446608229899,2.104,0.000202038406283272,-0.00748721611904601,0.0422357105013331,0.35991035556021
matlab_broad_s20101_c00,1830.79321889849,1.98984423815733,0.116446608229899,2.106,0.000187209987794497,-0.00731139440982707,0.132157837528866,0.343583572056178
matlab_broad_s20101_c00,1830.79321889849,1.98984423815733,0.116446608229899,2.108,0.000172902228835795,-0.00697230629027251,0.204749718488701,0.326516834840677
matlab_broad_s20101_c00,1830.79321889849,1.98984423815733,0.116446608229899,2.11,0.000159404376620475,-0.00650842827145962,0.256416348859418,0.308744507403456
matlab_broad_s20101_c00,1830.79321889849,1.98984423815733,0.116446608229899,2.112,0.00014692246323719,-0.00596402758035593,0.284984112787923,0.290302596815089
matlab_broad_s20101_c00,1830.79321889849,1.98984423815733,0.116446608229899,2.114,0.00013557063995742,-0.00538621819636827,0.289786138207608,0.271228685978588
matlab_broad_s20101_c00,1830.79321889849,1.98984423815733,0.116446608229899,2.116,0.000125368506148476,-0.00482194189376456,0.271652088741721,0.251561861978568
matlab_broad_s20101_c00,1830.79321889849,1.98984423815733,0.116446608229899,2.118,0.00011624439325625,-0.00431506253638437,0.232806231784924,0.231342640649337
matlab_broad_s20101_c00,1830.79321889849,1.98984423815733,0.116446608229899,2.12,0.000108044199293401,-0.00390374857962254,0.176683134153783,0.210612887492935
matlab_broad_s20101_c00,1830.79321889849,1.98984423815733,0.116446608229899,2.122,0.000100545041388532,-0.00361829513009849,0.107675088409596,0.189415735087564
matlab_broad_s20101_c00,1830.79321889849,1.98984423815733,0.116446608229899,2.124,9.34727221365833e-05,-0.00347950479385691,0.0308290977013244,0.16779549713605
matlab_broad_s20101_c00,1830.79321889849,1.98984423815733,0.116446608229899,2.126,8.65218045732106e-05,-0.00349770817077102,-0.0484862498084156,0.145797579313152
matlab_broad_s20101_c00,1830.79321889849,1.98984423815733,0.116446608229899,2.128,7.93769705508878e-05,-0.00367246279604999,-0.124922517098608,0.123468387079029
matlab_broad_s20101_c00,1830.79321889849,1.98984423815733,0.116446608229899,2.13,7.17343027878274e-05,-0.00399292629959069,-0.193480457895619,0.100855230635025
matlab_broad_s20101_c00,1830.79321889849,1.98984423815733,0.116446608229899,2.132,6.3321181141083e-05,-0.00443885822936987,-0.249806549202711,0.0780062272057578
matlab_broad_s20101_c00,1830.79321889849,1.98984423815733,0.116446608229899,2.134,5.39136127819886e-05,-0.0049821678502613,-0.290439870869407,0.0549702008397364
matlab_broad_s20101_c00,1830.79321889849,1.98984423815733,0.116446608229899,2.136,4.33500133355029e-05,-0.00558889442757437,-0.312995815897381,0.0317965799280193
matlab_broad_s20101_c00,1830.79321889849,1.98984423815733,0.116446608229899,2.138,3.15407072533159e-05,-0.00622148371678984,-0.3162774540543,0.00853529264777828
matlab_broad_s20101_c00,1830.79321889849,1.98984423815733,0.116446608229899,2.14,1.85565026796629e-05,-0.00671652508558706,-0.176976219777198,0
matlab_broad_s20101_c00,1830.79321889849,1.98984423815733,0.116446608229899,2.142,4.91494762780082e-06,-0.00685314649230478,0.0398332020421256,0
matlab_broad_s20101_c00,1830.79321889849,1.98984423815733,0.116446608229899,2.144,-8.57056195177458e-06,-0.00656371741517811,0.246908883135345,0
matlab_broad_s20101_c00,1830.79321889849,1.98984423815733,0.116446608229899,2.146,-2.10759256112598e-05,-0.00588035122355452,0.431842931761091,0
matlab_broad_s20101_c00,1830.79321889849,1.98984423815733,0.116446608229899,2.148,-3.18650076484036e-05,-0.00485830905969637,0.584006002804374,0
matlab_broad_s20101_c00,1830.79321889849,1.98984423815733,0.116446608229899,2.15,-4.03319532787744e-05,-0.00357182365831463,0.695141237038953,0
matlab_broad_s20101_c00,1830.79321889849,1.98984423815733,0.116446608229899,2.152,-4.60340710074732e-05,-0.00210889674059725,0.759792340986388,0
matlab_broad_s20101_c00,1830.79321889849,1.98984423815733,0.116446608229899,2.154,-4.87135759159901e-05,-0.000565424421241691,0.775545053263516,0
matlab_broad_s20101_c00,1830.79321889849,1.98984423815733,0.116446608229899,2.156,-4.83072309121906e-05,0.000960965514489804,0.74307341708824,0
matlab_broad_s20101_c00,1830.79321889849,1.98984423815733,0.116446608229899,2.158,-4.49436996043713e-05,0.00237697578328228,0.665994571075685,0
matlab_broad_s20101_c00,1830.79321889849,1.98984423815733,0.116446608229899,2.16,-3.89291864414039e-05,0.00359923178749018,0.550547421642862,0
matlab_broad_s20101_c00,1830.79321889849,1.98984423815733,0.116446608229899,2.162,-3.07226407407905e-05,0.00455907568732078,0.405120875260002,0
matlab_broad_s20101_c00,1830.79321889849,1.98984423815733,0.116446608229899,2.164,-2.0902400145054e-05,0.005206294345439,0.239665697980192,0
matlab_broad_s20101_c00,1830.79321889849,1.98984423815733,0.116446608229899,2.166,-1.01266125003713e-05,0.00551158769796172,0.0650300819174933,0
matlab_broad_s20101_c00,1830.79321889849,1.98984423815733,0.116446608229899,2.168,9.09920811015052e-07,0.00546766806723003,-0.107737656261372,0
matlab_broad_s20101_c00,1830.79321889849,1.98984423815733,0.116446608229899,2.17,1.15197057733848e-05,0.00508896880552531,-0.268075257355932,0
matlab_broad_s20101_c00,1830.79321889849,1.98984423815733,0.116446608229899,2.172,2.1064590311617e-05,0.00441002690946036,-0.406539756347636,0
matlab_broad_s20101_c00,1830.79321889849,1.98984423815733,0.116446608229899,2.174,2.89933521776661e-05,0.00348268362235783,-0.515350609274956,0
matlab_broad_s20101_c00,1830.79321889849,1.98984423815733,0.116446608229899,2.176,3.48726779317809e-05,0.00237231489579821,-0.58881233598034,0
matlab_broad_s20101_c00,1830.79321889849,1.98984423815733,0.116446608229899,2.178,3.84098498837535e-05,0.00115335612590415,-0.623594734544736,0
matlab_broad_s20101_c00,1830.79321889849,1.98984423815733,0.116446608229899,2.18,3.94660243577037e-05,-9.55799022408438e-05,-0.618858219648048,0
matlab_broad_s20101_c00,1830.79321889849,1.98984423815733,0.116446608229899,2.182,3.80596007816088e-05,-0.00129667795454332,-0.576221779992824,0
matlab_broad_s20101_c00,1830.79321889849,1.98984423815733,0.116446608229899,2.184,3.43598073204948e-05,-0.0023776790986518,-0.499580812826493,0
matlab_broad_s20101_c00,1830.79321889849,1.98984423815733,0.116446608229899,2.186,2.8671226219562e-05,-0.00327613787112482,-0.394791082134826,0
matlab_broad_s20101_c00,1830.79321889849,1.98984423815733,0.116446608229899,2.188,2.14105149248621e-05,-0.0039429329016926,-0.269242734488152,0
matlab_broad_s20101_c00,1830.79321889849,1.98984423815733,0.116446608229899,2.19,1.30770168001724e-05,-0.00434484017658918,-0.131354263748745,0
matlab_broad_s20101_c00,1830.79321889849,1.98984423815733,0.116446608229899,2.192,4.2192741349357e-06,-0.00446604218035737,0.00997976534227004,0
matlab_broad_s20101_c00,1830.79321889849,1.98984423815733,0.116446608229899,2.194,-4.60035947715374e-06,-0.00430851585647082,0.145951716805029,0
matlab_broad_s20101_c00,1830.79321889849,1.98984423815733,0.116446608229899,2.196,-1.28407672371046e-05,-0.00389131319545209,0.268379622206606,0
matlab_broad_s20101_c00,1830.79321889849,1.98984423815733,0.116446608229899,2.198,-2.00146337068802e-05,-0.00324881589735496,0.370189341868789,0
matlab_broad_s20101_c00,1830.79321889849,1.98984423815733,0.116446608229899,2.2,-2.57166065983907e-05,-0.00242810591237083,0.445812396959548,0
matlab_broad_s20101_c00,1830.79321889849,1.98984423815733,0.116446608229899,2.202,-2.96454717862777e-05,-0.00148564327166134,0.491477839427027,0
matlab_broad_s20101_c00,1830.79321889849,1.98984423815733,0.116446608229899,2.204,-3.16191789421196e-05,-0.000483478790576291,0.505383770078411,0
matlab_broad_s20101_c00,1830.79321889849,1.98984423815733,0.116446608229899,2.206,-3.15820339255173e-05,0.000514749814751479,0.487742000048227,0
matlab_broad_s20101_c00,1830.79321889849,1.98984423815733,0.116446608229899,2.208,-2.96038787782768e-05,0.00144778488673767,0.440697370970908,0
matlab_broad_s20101_c00,1830.79321889849,1.98984423815733,0.116446608229899,2.21,-2.58715789398624e-05,0.00226043613877683,0.368130906605681,0
matlab_broad_s20101_c00,1830.79321889849,1.98984423815733,0.116446608229899,2.212,-2.06735996611012e-05,0.00290677095054405,0.275362804718858,0
matlab_broad_s20101_c00,1830.79321889849,1.98984423815733,0.116446608229899,2.214,-1.43788523276279e-05,0.00335262814479892,0.168776899895187,0
matlab_broad_s20101_c00,1830.79321889849,1.98984423815733,0.116446608229899,2.216,-7.41130413056911e-06,0.00357732338004322,0.0553923306800071,0
matlab_broad_s20101_c00,1830.79321889849,1.98984423815733,0.116446608229899,2.218,-2.22054896811567e-07,0.00357446843828971,-0.0575894732275965,0
matlab_broad_s20101_c00,1830.79321889849,1.98984423815733,0.116446608229899,2.22,6.73931658426446e-06,0.00335188379275762,-0.163233794813035,0
matlab_broad_s20101_c00,1830.79321889849,1.98984423815733,0.116446608229899,2.222,1.30523500278633e-05,0.00293064029513295,-0.25529014609333,0
matlab_broad_s20101_c00,1830.79321889849,1.98984423815733,0.116446608229899,2.224,1.83505831876573e-05,0.00234331817607036,-0.328553678077806,0
matlab_broad_s20101_c00,1830.79321889849,1.98984423815733,0.116446608229899,2.226,2.23422747074444e-05,0.00163161672392815,-0.379150143033619,0
matlab_broad_s20101_c00,1830.79321889849,1.98984423815733,0.116446608229899,2.228,2.48258355096022e-05,0.000843483458654553,-0.404729452588321,0
matlab_broad_s20101_c00,1830.79321889849,1.98984423815733,0.116446608229899,2.23,2.56991974828639e-05,2.99554965665663e-05,-0.404558998936206,0
matlab_broad_s20101_c00,1830.79321889849,1.98984423815733,0.116446608229899,2.232,2.49627469918452e-05,-0.000758082972225981,-0.379514367616186,0
matlab_broad_s20101_c00,1830.79321889849,1.98984423815733,0.116446608229899,2.234,2.27158590006176e-05,-0.00147302486408912,-0.331971460302174,0
matlab_broad_s20101_c00,1830.79321889849,1.98984423815733,0.116446608229899,2.236,1.91474599548602e-05,-0.00207335788229167,-0.265609974209887,0
matlab_broad_s20101_c00,1830.79321889849,1.98984423815733,0.116446608229899,2.238,1.45214004073084e-05,-0.00252601271087851,-0.185143302016938,0
matlab_broad_s20101_c00,1830.79321889849,1.98984423815733,0.116446608229899,2.24,9.15771132754013e-06,-0.00280811308394165,-0.0959939351504849,0
matlab_broad_s20101_c00,1830.79321889849,1.98984423815733,0.116446608229899,2.242,3.41103510501823e-06,-0.00290804019799466,-0.00393616365774755,0
matlab_broad_s20101_c00,1830.79321889849,1.98984423815733,0.116446608229899,2.244,-2.35234736605289e-06,-0.00282576904303242,0.0852708550797898,0
matlab_broad_s20101_c00,1830.79321889849,1.98984423815733,0.116446608229899,2.246,-7.77743354590332e-06,-0.00257248042932016,0.166236769370826,0
matlab_broad_s20101_c00,1830.79321889849,1.98984423815733,0.116446608229899,2.248,-1.25419525757156e-05,-0.00216949690392464,0.234259142932572,0
matlab_broad_s20101_c00,1830.79321889849,1.98984423815733,0.116446608229899,2.25,-1.63750848866784e-05,-0.00164663071183552,0.285589537636683,0
matlab_broad_s20101_c00,1830.79321889849,1.98984423815733,0.116446608229899,2.252,-1.90723887009868e-05,-0.00104006515339655,0.3176319870282,0
matlab_broad_s20101_c00,1830.79321889849,1.98984423815733,0.116446608229899,2.254,-2.0506142897757e-05,-0.000389915308350139,0.329063926164473,0
matlab_broad_s20101_c00,1830.79321889849,1.98984423815733,0.116446608229899,2.256,-2.06306241639909e-05,0.000262371088721408,0.319874745929806,0
matlab_broad_s20101_c00,1830.79321889849,1.98984423815733,0.116446608229899,2.258,-1.94821640824624e-05,0.000876607408085059,0.291322368312876,0
matlab_broad_s20101_c00,1830.79321889849,1.98984423815733,0.116446608229899,2.26,-1.71741580217173e-05,0.00141629718673596,0.245813267428056,0
matlab_broad_s20101_c00,1830.79321889849,1.98984423815733,0.116446608229899,2.262,-1.38875023775682e-05,0.00185075464128238,0.186715886805084,0
matlab_broad_s20101_c00,1830.79321889849,1.98984423815733,0.116446608229899,2.264,-9.85720185607858e-06,0.00215679658895743,0.118121165219789,0
matlab_broad_s20101_c00,1830.79321889849,1.98984423815733,0.116446608229899,2.266,-5.35609910777107e-06,0.00231991612480074,0.0445666754163131,0
matlab_broad_s20101_c00,1830.79321889849,1.98984423815733,0.116446608229899,2.268,-6.76824000517556e-07,0.00233488328643528,-0.0292574366530414,0
matlab_broad_s20101_c00,1830.79321889849,1.98984423815733,0.116446608229899,2.27,3.88686755634593e-06,0.00220575501749141,-0.0988020162385674,0
matlab_broad_s20101_c00,1830.79321889849,1.98984423815733,0.116446608229899,2.272,8.19167543071708e-06,0.00214391737183161,0.036516671735099,0.0235155680267956
matlab_broad_s20101_c00,1830.79321889849,1.98984423815733,0.116446608229899,2.274,1.26458358700807e-05,0.00235557184140844,0.173256446141559,0.0480142571215899
matlab_broad_s20101_c00,1830.79321889849,1.98984423815733,0.116446608229899,2.276,1.77873119256862e-05,0.00282590163047583,0.293935052292603,0.0724157340123318
matlab_broad_s20101_c00,1830.79321889849,1.98984423815733,0.116446608229899,2.278,2.40961501607916e-05,0.0035151577737797,0.391175032362299,0.0966606905011172
matlab_broad_s20101_c00,1830.79321889849,1.98984423815733,0.116446608229899,2.28,3.19592152728213e-05,0.00437046818909522,0.459289510722219,0.120689971266092
matlab_broad_s20101_c00,1830.79321889849,1.98984423815733,0.116446608229899,2.282,4.16475426877911e-05,0.00532953393461792,0.494576346488072,0.144444719187728
matlab_broad_s20101_c00,1830.79321889849,1.98984423815733,0.116446608229899,2.284,5.33015854260443e-05,0.00632478346883874,0.495480346931691,0.167866520942371
matlab_broad_s20101_c00,1830.79321889849,1.98984423815733,0.116446608229899,2.286,6.69250022082619e-05,0.00728771404495148,0.46261799552572,0.190897552504422
matlab_broad_s20101_c00,1830.79321889849,1.98984423815733,0.116446608229899,2.288,8.23870867554189e-05,0.00815314695746373,0.398667789885277,0.213480724195432
matlab_broad_s20101_c00,1830.79321889849,1.98984423815733,0.116446608229899,2.29,9.94334034397065e-05,0.00886313783191308,0.308137445692648,0.235559824915773
matlab_broad_s20101_c00,1830.79321889849,1.98984423815733,0.116446608229899,2.292,0.000117703704344166,0.00937031305199079,0.197026417111852,0.25707966519313
matlab_broad_s20101_c00,1830.79321889849,1.98984423815733,0.116446608229899,2.294,0.000136755786025734,0.00964044639454158,0.072408002233595,0.277986218681295
matlab_broad_s20101_c00,1830.79321889849,1.98984423815733,0.116446608229899,2.296,0.000156093624016201,0.00965414290967118,-0.0580405678181308,0.298226761743148
matlab_broad_s20101_c00,1830.79321889849,1.98984423815733,0.116446608229899,2.298,0.000175197915791602,0.00940755644752063,-0.18652941262874,0.31775001075292
matlab_broad_s20101_c00,1830.79321889849,1.98984423815733,0.116446608229899,2.3,0.000193557077546917,0.00891212912940367,-0.305637730687815,0.336506256754884
matlab_broad_s20101_c00,1830.79321889849,1.98984423815733,0.116446608229899,2.302,0.000210696777785515,0.00819340159737186,-0.408756670353578,0.354447497118901
matlab_broad_s20101_c00,1830.79321889849,1.98984423815733,0.116446608229899,2.304,0.000226206245020357,0.00728899837564714,-0.490467415981746,0.371527563837121
matlab_broad_s20101_c00,1830.79321889849,1.98984423815733,0.116446608229899,2.306,0.000239759844380215,0.00624593989584134,-0.546833416838976,0.387702248111406
matlab_broad_s20101_c00,1830.79321889849,1.98984423815733,0.116446608229899,2.308,0.000251132759316023,0.00511746904981362,-0.575591674450089,0.40292942088668
matlab_broad_s20101_c00,1830.79321889849,1.98984423815733,0.116446608229899,2.31,0.000260210016095577,0.00395960367269631,-0.576234718537653,0.41716914899273
matlab_broad_s20101_c00,1830.79321889849,1.98984423815733,0.116446608229899,2.312,0.000266988523649081,0.00282763610559272,-0.549981905371482,0.43038380656445
matlab_broad_s20101_c00,1830.79321889849,1.98984423815733,0.116446608229899,2.314,0.000271572241717919,0.00177279680666517,-0.49964552471022,0.442538181419641
matlab_broad_s20101_c00,1830.79321889849,1.98984423815733,0.116446608229899,2.316,0.000274161008896156,0.000839281595843992,-0.429403486269028,0.45359957608301
matlab_broad_s20101_c00,1830.79321889849,1.98984423815733,0.116446608229899,2.318,0.000275033934024081,6.18130448354779e-05,-0.344495706344836,0.463537903155752
matlab_broad_s20101_c00,1830.79321889849,1.98984423815733,0.116446608229899,2.32,0.000274528558197585,-0.000536132058759204,-0.250865432292139,0.472325774741557
matlab_broad_s20101_c00,1830.79321889849,1.98984423815733,0.116446608229899,2.322,0.000273017213999815,-0.000943342644281083,-0.154769415182295,0.479938585652385
matlab_broad_s20101_c00,1830.79321889849,1.98984423815733,0.116446608229899,2.324,0.000270882132791188,-0.00116110335468463,-0.0623819533654298,0.486354590130483
matlab_broad_s20101_c00,1830.79321889849,1.98984423815733,0.116446608229899,2.326,0.00026849087556631,-0.00120264711264021,0.0205826342091447,0.491554971837387
matlab_broad_s20101_c00,1830.79321889849,1.98984423815733,0.116446608229899,2.328,0.000266173589829635,-0.00109189015665216,0.089206504682417,0.495523906875361
matlab_broad_s20101_c00,1830.79321889849,1.98984423815733,0.116446608229899,2.33,0.000264203431932511,-0.000861551566382116,0.139644440471542,0.498248619622582
matlab_broad_s20101_c00,1830.79321889849,1.98984423815733,0.116446608229899,2.332,0.000262781254400149,-0.000550793725603959,0.169324693876707,0.499719431179634
matlab_broad_s20101_c00,1830.79321889849,1.98984423815733,0.116446608229899,2.334,0.000262025358296703,-0.000202545052052043,0.177064703827066,0.499929800242151
matlab_broad_s20101_c00,1830.79321889849,1.98984423815733,0.116446608229899,2.336,0.000261966772049545,0.00013931955350666,0.163097426923776,0.498876356232139
matlab_broad_s20101_c00,1830.79321889849,1.98984423815733,0.116446608229899,2.338,0.000262550162520969,0.000432762228479274,0.129009665257348,0.496558924539011
matlab_broad_s20101_c00,1830.79321889849,1.98984423815733,0.116446608229899,2.34,0.000263640133919868,0.000640159533493824,0.0775991392841447,0.492980543740407
matlab_broad_s20101_c00,1830.79321889849,1.98984423815733,0.116446608229899,2.342,0.000265032346742006,0.0007305219849494,0.0126618245751278,0.488147474692392
matlab_broad_s20101_c00,1830.79321889849,1.98984423815733,0.116446608229899,2.344,0.000266468611304893,0.000681231121702679,-0.0612750268839019,0.482069201398843
matlab_broad_s20101_c00,1830.79321889849,1.98984423815733,0.116446608229899,2.346,0.000267654894137964,0.00047920334884334,-0.139255937735291,0.47475842359023
matlab_broad_s20101_c00,1830.79321889849,1.98984423815733,0.116446608229899,2.348,0.000268281031743957,0.000121428102176521,-0.21621647985256,0.466231040963154
matlab_broad_s20101_c00,1830.79321889849,1.98984423815733,0.116446608229899,2.35,0.000268040881466142,-0.000385131882711019,-0.287298592663707,0.456506129053132
matlab_broad_s20101_c00,1830.79321889849,1.98984423815733,0.116446608229899,2.352,0.000266651654710138,-0.00102425077296297,-0.348142686452358,0.445605906734951
matlab_broad_s20101_c00,1830.79321889849,1.98984423815733,0.116446608229899,2.354,0.000263871269927464,-0.0017716962666757,-0.395139346436166,0.433555695366654
matlab_broad_s20101_c00,1830.79321889849,1.98984423815733,0.116446608229899,2.356,0.000259512723328832,-0.00259693714768583,-0.425626515070924,0.420383869615406
matlab_broad_s20101_c00,1830.79321889849,1.98984423815733,0.116446608229899,2.358,0.00025345469208681,-0.00346518174393167,-0.438021857337511,0.406121800025692
matlab_broad_s20101_c00,1830.79321889849,1.98984423815733,0.116446608229899,2.36,0.000245647842589096,-0.00433961094736782,-0.431884345637428,0.390803787412629
matlab_broad_s20101_c00,1830.79321889849,1.98984423815733,0.116446608229899,2.362,0.000236116597883648,-0.00518366206714667,-0.407903653996055,0.374466989185474
matlab_broad_s20101_c00,1830.79321889849,1.98984423815733,0.116446608229899,2.364,0.000224956405700312,-0.00596322148841263,-0.367820438109099,0.357151337728895
matlab_broad_s20101_c00,1830.79321889849,1.98984423815733,0.116446608229899,2.366,0.000212326823485886,-0.00664859448670974,-0.314284724663235,0.338899450991492
matlab_broad_s20101_c00,1830.79321889849,1.98984423815733,0.116446608229899,2.368,0.000198440983245487,-0.00721613867295653,-0.250663196699818,0.319756535453502
matlab_broad_s20101_c00,1830.79321889849,1.98984423815733,0.116446608229899,2.37,0.000183552202457023,-0.00764947204124848,-0.18080894204581,0.299770281667107
matlab_broad_s20101_c00,1830.79321889849,1.98984423815733,0.116446608229899,2.372,0.000167938656845445,-0.00794019574076526,-0.108809084325618,0.278990752584639
matlab_broad_s20101_c00,1830.79321889849,1.98984423815733,0.116446608229899,2.374,0.000151887118987439,-0.0080881035448815,-0.0387265580453184,0.257470264911033
matlab_broad_s20101_c00,1830.79321889849,1.98984423815733,0.116446608229899,2.376,0.000135676790203463,-0.00810088249556196,0.0256478971311246,0.235263263737779
matlab_broad_s20101_c00,1830.79321889849,1.98984423815733,0.116446608229899,2.378,0.000119564212712383,-0.00799334033830583,0.081018616500854,0.212426190735962
matlab_broad_s20101_c00,1830.79321889849,1.98984423815733,0.116446608229899,2.38,0.000103770149213911,-0.00778622326334996,0.124769904589569,0.189017346205952
matlab_broad_s20101_c00,1830.79321889849,1.98984423815733,0.116446608229899,2.382,8.84691660576859e-05,-0.00750471052545895,0.155102851624655,0.165096745300369
matlab_broad_s20101_c00,1830.79321889849,1.98984423815733,0.116446608229899,2.384,7.37824649624332e-05,-0.0071766894722123,0.171117276210529,0.140725968755767
matlab_broad_s20101_c00,1830.79321889849,1.98984423815733,0.116446608229899,2.386,5.9774289973378e-05,-0.00683092453128774,0.172835601348657,0.115968008486288
matlab_broad_s20101_c00,1830.79321889849,1.98984423815733,0.116446608229899,2.388,4.64520053250887e-05,-0.00649523640765469,0.161169149388429,0.090887108409748
matlab_broad_s20101_c00,1830.79321889849,1.98984423815733,0.116446608229899,2.39,3.37697107464502e-05,-0.00619480320170675,0.137830866485433,0.0655486008929465
matlab_broad_s20101_c00,1830.79321889849,1.98984423815733,0.116446608229899,2.392,2.16350475327993e-05,-0.00595068390163705,0.105201647054354,0.0400187392185059
matlab_broad_s20101_c00,1830.79321889849,1.98984423815733,0.116446608229899,2.394,9.91866399534166e-06,-0.00577864764584209,0.066160041467023,0.0143645264899681
matlab_broad_s20101_c00,1830.79321889849,1.98984423815733,0.116446608229899,2.396,-1.46993249823743e-06,-0.00559254258397445,0.118676115152269,0
matlab_broad_s20101_c00,1830.79321889849,1.98984423815733,0.116446608229899,2.398,-1.23053559552272e-05,-0.00518869973066456,0.282131588038113,0
matlab_broad_s20101_c00,1830.79321889849,1.98984423815733,0.116446608229899,2.4,-2.20199817508825e-05,-0.00447932564554899,0.422744761266225,0
matlab_broad_s20101_c00,1830.79321889849,1.98984423815733,0.116446608229899,2.402,-3.00540267022726e-05,-0.00351831079446585,0.532635511607835,0
matlab_broad_s20101_c00,1830.79321889849,1.98984423815733,0.116446608229899,2.404,-3.5969868154563e-05,-0.00237321072249541,0.606077853678663,0
matlab_broad_s20101_c00,1830.79321889849,1.98984423815733,0.116446608229899,2.406,-3.94748530908832e-05,-0.00112063236778459,0.639779709760606,0
matlab_broad_s20101_c00,1830.79321889849,1.98984423815733,0.116446608229899,2.408,-4.04344254722713e-05,0.000158781270821185,0.633003597857423,0
matlab_broad_s20101_c00,1830.79321889849,1.98984423815733,0.116446608229899,2.41,-3.88750897656178e-05,0.00138544618135584,0.587526160406866,0
matlab_broad_s20101_c00,1830.79321889849,1.98984423815733,0.116446608229899,2.412,-3.49773698749796e-05,0.00248569608391181,0.507444436981572,0
matlab_broad_s20101_c00,1830.79321889849,1.98984423815733,0.116446608229899,2.414,-2.90595326135181e-05,0.0033961140052268,0.398845943851522,0
matlab_broad_s20101_c00,1830.79321889849,1.98984423815733,0.116446608229899,2.416,-2.15533869829107e-05,0.00406708800702179,0.269367425746136,0
matlab_broad_s20101_c00,1830.79321889849,1.98984423815733,0.116446608229899,2.418,-1.29739138016113e-05,0.00446539846071259,0.127673156293964,0
matlab_broad_s20101_c00,1830.79321889849,1.98984423815733,0.116446608229899,2.42,-3.88480070312193e-06,0.00457571029081926,-0.0171124260629564,0
matlab_broad_s20101_c00,1830.79321889849,1.98984423815733,0.116446608229899,2.422,5.13786037312183e-06,0.00440091520510939,-0.155981320283753,0
matlab_broad_s20101_c00,1830.79321889849,1.98984423815733,0.116446608229899,2.424,1.35414189025903e-05,0.00396134150118468,-0.280592032342618,0
matlab_broad_s20101_c00,1830.79321889849,1.98984423815733,0.116446608229899,2.426,2.08298655849143e-05,0.00329291809098911,-0.383760175008969,0
matlab_broad_s20101_c00,1830.79321889849,1.98984423815733,0.116446608229899,2.428,2.65924333856646e-05,0.00244444078823382,-0.459861424462847,0
matlab_broad_s20101_c00,1830.79321889849,1.98984423815733,0.116446608229899,2.43,3.05259953827503e-05,0.00147413913971379,-0.505124996892479,0
matlab_broad_s20101_c00,1830.79321889849,1.98984423815733,0.116446608229899,2.432,3.24500903820013e-05,0.000445778435670719,-0.517803274756469,0
matlab_broad_s20101_c00,1830.79321889849,1.98984423815733,0.116446608229899,2.434,3.23138999256145e-05,-0.000575447762630255,-0.498211311836673,0
matlab_broad_s20101_c00,1830.79321889849,1.98984423815733,0.116446608229899,2.436,3.01950180209338e-05,-0.00152697493547505,-0.448638159189113,0
matlab_broad_s20101_c00,1830.79321889849,1.98984423815733,0.116446608229899,2.438,2.62903649859605e-05,-0.00235262692265397,-0.373139771716678,0
matlab_broad_s20101_c00,1830.79321889849,1.98984423815733,0.116446608229899,2.44,2.09000681299143e-05,-0.00300585606473133,-0.277230209847699,0
matlab_broad_s20101_c00,1830.79321889849,1.98984423815733,0.116446608229899,2.442,1.44055368780827e-05,-0.00345228234527993,-0.167493543987402,0
matlab_broad_s20101_c00,1830.79321889849,1.98984423815733,0.116446608229899,2.444,7.24327574163382e-06,-0.00367139893094803,-0.0511429932756263,0
matlab_broad_s20101_c00,1830.79321889849,1.98984423815733,0.116446608229899,2.446,-1.23811202291841e-07,-0.00365736722678732,0.0644438161548872,0
matlab_broad_s20101_c00,1830.79321889849,1.98984423815733,0.116446608229899,2.448,-7.23577530279312e-06,-0.00341888314100418,0.172184090044961,0
matlab_broad_s20101_c00,1830.79321889849,1.98984423815733,0.116446608229899,2.45,-1.36638103461246e-05,-0.00297815398784195,0.265715544225769,0
matlab_broad_s20101_c00,1830.79321889849,1.98984423815733,0.116446608229899,2.452,-1.90355773573132e-05,-0.00236907882734511,0.339763470996154,0
matlab_broad_s20101_c00,1830.79321889849,1.98984423815733,0.116446608229899,2.454,-2.30562059071627e-05,-0.00163477091073812,0.390428588663064,0
matlab_broad_s20101_c00,1830.79321889849,1.98984423815733,0.116446608229899,2.456,-2.55238256233136e-05,-0.000824596701097884,0.415380633246935,0
matlab_broad_s20101_c00,1830.79321889849,1.98984423815733,0.116446608229899,2.458,-2.63388565018346e-05,9.07019252631609e-06,0.413948953425894,0
matlab_broad_s20101_c00,1830.79321889849,1.98984423815733,0.116446608229899,2.46,-2.55066963587514e-05,0.000814170960378536,0.387107997570224,0
matlab_broad_s20101_c00,1830.79321889849,1.98984423815733,0.116446608229899,2.462,-2.31338619796079e-05,0.00154215257162164,0.337362116658989,0
matlab_broad_s20101_c00,1830.79321889849,1.98984423815733,0.116446608229899,2.464,-1.94180412149145e-05,0.00215083594680603,0.26854015020211,0
matlab_broad_s20101_c00,1830.79321889849,1.98984423815733,0.116446608229899,2.466,-1.46328723770808e-05,0.00260679577913921,0.185515458871448,0
matlab_broad_s20101_c00,1830.79321889849,1.98984423815733,0.116446608229899,2.468,-9.10856413248059e-06,0.00288712205524625,0.0938711262381974,0
matlab_broad_s20101_c00,1830.79321889849,1.98984423815733,0.116446608229899,2.47,-3.20968748753167e-06,0.00298047571671266,-0.000467238554555426,0
matlab_broad_s20101_c00,1830.79321889849,1.98984423815733,0.116446608229899,2.472,2.68839935653048e-06,0.00288739725488648,-0.0916074264823047,0
matlab_broad_s20101_c00,1830.79321889849,1.98984423815733,0.116446608229899,2.474,8.22299750550806e-06,0.00261987435957611,-0.17405187046056,0
matlab_broad_s20101_c00,1830.79321889849,1.98984423815733,0.116446608229899,2.476,1.30659476203188e-05,0.00220022010396418,-0.243022480675805,0
matlab_broad_s20101_c00,1830.79321889849,1.98984423815733,0.116446608229899,2.478,1.69426509223754e-05,0.00165935381964458,-0.294730319565642,0
matlab_broad_s20101_c00,1830.79321889849,1.98984423815733,0.116446608229899,2.48,1.96471572473716e-05,0.00103461045349669,-0.326575384949544,0
matlab_broad_s20101_c00,1830.79321889849,1.98984423815733,0.116446608229899,2.482,2.10525243834067e-05,0.000367228969758594,-0.337266563005919,0
matlab_broad_s20101_c00,1830.79321889849,1.98984423815733,0.116446608229899,2.484,2.11159704747583e-05,-0.000300314959403253,-0.32685705614459,0
matlab_broad_s20101_c00,1830.79321889849,1.98984423815733,0.116446608229899,2.486,1.98786775594593e-05,-0.000926962707056236,-0.296695946752652,0
matlab_broad_s20101_c00,1830.79321889849,1.98984423815733,0.116446608229899,2.488,1.74604380262653e-05,-0.00147555014112898,-0.249301693130743,0
matlab_broad_s20101_c00,1830.79321889849,1.98984423815733,0.116446608229899,2.49,1.40496464876813e-05,-0.00191496233344409,-0.188167960279412,0
matlab_broad_s20101_c00,1830.79321889849,1.98984423815733,0.116446608229899,2.492,9.88940893501741e-06,-0.00222184385904233,-0.117516000029186,0
matlab_broad_s20101_c00,1830.79321889849,1.98984423815733,0.116446608229899,2.494,5.26075389203227e-06,-0.00238177443501979,-0.0420106046030449,0
matlab_broad_s20101_c00,1830.79321889849,1.98984423815733,0.116446608229899,2.496,4.6407542435307e-07,-0.00238985556120756,0.0335416740590923,0
matlab_broad_s20101_c00,1830.79321889849,1.98984423815733,0.116446608229899,2.498,-4.19999135863634e-06,-0.0022506918732778,0.10449288424709,0
matlab_broad_s20101_c00,1830.79321889849,1.98984423815733,0.116446608229899,2.5,-8.44906710893692e-06,-0.00197778869060375,0.166634189645452,0
matlab_broad_s20101_c00,1830.79321889849,1.98984423815733,0.116446608229899,2.502,-1.20357809085705e-05,-0.00159242242280754,0.216439955078258,0
matlab_broad_s20101_c00,1830.79321889849,1.98984423815733,0.116446608229899,2.504,-1.47618071291622e-05,-0.00112207101379183,0.251261615749167,0
matlab_broad_s20101_c00,1830.79321889849,1.98984423815733,0.116446608229899,2.506,-1.6488414473838e-05,-0.000598515730324365,0.269461094346123,0
matlab_broad_s20101_c00,1830.79321889849,1.98984423815733,0.116446608229899,2.508,-1.71429956263146e-05,-5.57420746367269e-05,0.270477591997523,0
matlab_broad_s20101_c00,1830.79321889849,1.98984423815733,0.116446608229899,2.51,-1.6721310979085e-05,0.000472224338810095,0.254825883921999,0
matlab_broad_s20101_c00,1830.79321889849,1.98984423815733,0.116446608229899,2.512,-1.52854524461411e-05,0.000953411666371132,0.224028525792405,0
matlab_broad_s20101_c00,1830.79321889849,1.98984423815733,0.116446608229899,2.514,-1.29577963737012e-05,0.00135979906654809,0.180488360414269,0
matlab_broad_s20101_c00,1830.79321889849,1.98984423815733,0.116446608229899,2.516,-9.80997287843528e-06,0.00181989925175986,0.276666275641507,0.0178781336267756
matlab_broad_s20101_c00,1830.79321889849,1.98984423815733,0.116446608229899,2.518,-5.51164980239199e-06,0.00252831258309506,0.427197887337629,0.0446860021660153
matlab_broad_s20101_c00,1830.79321889849,1.98984423815733,0.116446608229899,2.52,4.8423533379707e-07,0.0035067621611396,0.545478492614573,0.0713835655737236
matlab_broad_s20101_c00,1830.79321889849,1.98984423815733,0.116446608229899,2.522,8.64826725063977e-06,0.00468349494195068,0.624669982070671,0.0978933151375343
matlab_broad_s20101_c00,1830.79321889849,1.98984423815733,0.116446608229899,2.524,1.92955673551062e-05,0.0059756748476452,0.660570201234356,0.124138015464699
matlab_broad_s20101_c00,1830.79321889849,1.98984423815733,0.116446608229899,2.526,3.25690440420705e-05,0.00729485594264126,0.651784710847936,0.150040930918229
matlab_broad_s20101_c00,1830.79321889849,1.98984423815733,0.116446608229899,2.528,4.84338134350167e-05,0.00855262053265139,0.599720105100424,0.175526052016489
matlab_broad_s20101_c00,1830.79321889849,1.98984423815733,0.116446608229899,2.53,6.66827659971348e-05,0.00966602990286508,0.508405288189952,0.200518321128886
matlab_broad_s20101_c00,1830.79321889849,1.98984423815733,0.116446608229899,2.532,8.69525697876824e-05,0.010562558758496,0.384157474895765,0.224943856796653
matlab_broad_s20101_c00,1830.79321889849,1.98984423815733,0.116446608229899,2.534,0.000108748783078255,0.011184227222414,0.235118666843633,0.248730176005371
matlab_broad_s20101_c00,1830.79321889849,1.98984423815733,0.116446608229899,2.536,0.000131478233351953,0.0114907031960658,0.0706954565779859,0.271806413736347
matlab_broad_s20101_c00,1830.79321889849,1.98984423815733,0.116446608229899,2.538,0.000154486434660624,0.0114612188329795,-0.0990601469248471,0.294103539125385
matlab_broad_s20101_c00,1830.79321889849,1.98984423815733,0.116446608229899,2.54,0.000177097580202155,0.0110952230430718,-0.264088816892318,0.315554567562206
matlab_broad_s20101_c00,1830.79321889849,1.98984423815733,0.116446608229899,2.542,0.000198654571223265,0.0104117722907307,-0.414941058960189,0.33609476806922
matlab_broad_s20101_c00,1830.79321889849,1.98984423815733,0.116446608229899,2.544,0.000218556626258719,0.00944773945603691,-0.543336168177998,0.355661865307043
matlab_broad_s20101_c00,1830.79321889849,1.98984423815733,0.116446608229899,2.546,0.00023629224585664,0.00825499052536938,-0.642630578075162,0.374196235563909
matlab_broad_s20101_c00,1830.79321889849,1.98984423815733,0.116446608229899,2.548,0.000251465668116963,0.00689673731259937,-0.708169848247276,0.391641096098797
matlab_broad_s20101_c00,1830.79321889849,1.98984423815733,0.116446608229899,2.55,0.000263815413100597,0.00544331807993512,-0.737506558128733,0.407942687221895
matlab_broad_s20101_c00,1830.79321889849,1.98984423815733,0.116446608229899,2.552,0.000273224047548755,0.00396768463882669,-0.730475216838747,0.423050446512782
matlab_broad_s20101_c00,1830.79321889849,1.98984423815733,0.116446608229899,2.554,0.000279718870208878,0.00254088319323297,-0.689124390855942,0.436917174594576
matlab_broad_s20101_c00,1830.79321889849,1.98984423815733,0.116446608229899,2.556,0.000283463786221245,0.00122780691175592,-0.617515025266391,0.449499191902803
matlab_broad_s20101_c00,1830.79321889849,1.98984423815733,0.116446608229899,2.558,0.0002847431715611,8.34721555346123e-05,-0.521401861528687,0.460756485909677
matlab_broad_s20101_c00,1830.79321889849,1.98984423815733,0.116446608229899,2.56,0.00028393899390224,-0.000849970388167806,-0.407821476046498,0.470652848288655
matlab_broad_s20101_c00,1830.79321889849,1.98984423815733,0.116446608229899,2.562,0.000281502828106803,-0.00154533071827324,-0.284615415999804,0.479156001529759
matlab_broad_s20101_c00,1830.79321889849,1.98984423815733,0.116446608229899,2.564,0.000277924663128256,-0.00199148204878196,-0.159919943386997,0.486237714543962
matlab_broad_s20101_c00,1830.79321889849,1.98984423815733,0.116446608229899,2.566,0.000273700530343703,-0.00219343658260398,-0.0416548928844563,0.491873906823939
matlab_broad_s20101_c00,1830.79321889849,1.98984423815733,0.116446608229899,2.568,0.000269300987226533,-0.00217142456133956,0.0629568887067169,0.496044740759636
matlab_broad_s20101_c00,1830.79321889849,1.98984423815733,0.116446608229899,2.57,0.000265142368937929,-0.00195906691690687,0.147810991865906,0.498734701739352
matlab_broad_s20101_c00,1830.79321889849,1.98984423815733,0.116446608229899,2.572,0.000261562485525785,-0.00160078456462172,0.208259847094832,0.499932665701068
matlab_broad_s20101_c00,1830.79321889849,1.98984423815733,0.116446608229899,2.574,0.000258802112234074,-0.0011486295226877,0.241350057197007,0.499631953833934
matlab_broad_s20101_c00,1830.79321889849,1.98984423815733,0.116446608229899,2.576,0.000256993218453242,-0.000658752383209225,0.245947456854721,0.497830374166493
matlab_broad_s20101_c00,1830.79321889849,1.98984423815733,0.116446608229899,2.578,0.000256154434216878,-0.000187735820604443,0.222745978573856,0.494530249815889
matlab_broad_s20101_c00,1830.79321889849,1.98984423815733,0.116446608229899,2.58,0.000256193790839899,0.000210975651353929,0.174163681893872,0.489738433711196
matlab_broad_s20101_c00,1830.79321889849,1.98984423815733,0.116446608229899,2.582,0.0002569183232587,0.000490333113310778,0.104136129639428,0.483466309643797
matlab_broad_s20101_c00,1830.79321889849,1.98984423815733,0.116446608229899,2.584,0.00025804971304456,0.000612437815317197,0.0178232662268246,0.475729779538413
matlab_broad_s20101_c00,1830.79321889849,1.98984423815733,0.116446608229899,2.586,0.00025924480668834,0.0005506401522301,-0.0787492698454385,0.466549236879793
matlab_broad_s20101_c00,1830.79321889849,1.98984423815733,0.116446608229899,2.588,0.000260119582619689,0.000290875748153814,-0.179090137868018,0.45594952627216
matlab_broad_s20101_c00,1830.79321889849,1.98984423815733,0.116446608229899,2.59,0.000260274975791964,-0.00016781811995553,-0.276657604275162,0.443959889150992
matlab_broad_s20101_c00,1830.79321889849,1.98984423815733,0.116446608229899,2.592,0.000259322907418791,-0.000813610213257883,-0.365264113307228,0.430613895709679
matlab_broad_s20101_c00,1830.79321889849,1.98984423815733,0.116446608229899,2.594,0.00025691090988419,-0.00162296075717686,-0.439445598259127,0.415949363146759
matlab_broad_s20101_c00,1830.79321889849,1.98984423815733,0.116446608229899,2.596,0.000252743876873795,-0.00256239194958348,-0.494774004455747,0.400008260382683
matlab_broad_s20101_c00,1830.79321889849,1.98984423815733,0.116446608229899,2.598,0.00024660169450131,-0.00359081187608012,-0.528095710440817,0.382836599438358
matlab_broad_s20101_c00,1830.79321889849,1.98984423815733,0.116446608229899,2.6,0.000238351803872169,-0.00466223054379979,-0.537683672353327,0.364484313710707
matlab_broad_s20101_c00,1830.79321889849,1.98984423815733,0.116446608229899,2.602,0.000227956088699077,-0.00572868804471896,-0.523296831068934,0.345005123423476
matlab_broad_s20101_c00,1830.79321889849,1.98984423815733,0.116446608229899,2.604,0.000215471850528586,-0.0067432078557566,-0.486146241609481,0.324456388573633
matlab_broad_s20101_c00,1830.79321889849,1.98984423815733,0.116446608229899,2.606,0.000201047005300403,-0.00766259301360793,-0.428773138604815,0.302898949735735
matlab_broad_s20101_c00,1830.79321889849,1.98984423815733,0.116446608229899,2.608,0.000184909985442041,-0.00844989868223762,-0.354849391911852,0.280396957127465
matlab_broad_s20101_c00,1830.79321889849,1.98984423815733,0.116446608229899,2.61,0.000167355140643399,-0.00907644011852194,-0.2689152278528,0.257017688380089
matlab_broad_s20101_c00,1830.79321889849,1.98984423815733,0.116446608229899,2.612,0.000148724680255502,-0.00952322834315745,-0.176072449533439,0.232831355496431
matlab_broad_s20101_c00,1830.79321889849,1.98984423815733,0.116446608229899,2.614,0.000129388377541637,-0.00978176462907472,-0.081653513557343,0.207910901517524
matlab_broad_s20101_c00,1830.79321889849,1.98984423815733,0.116446608229899,2.616,0.0001097223523115,-0.0098541666569062,0.00911237898824447,0.182331787455485
matlab_broad_s20101_c00,1830.79321889849,1.98984423815733,0.116446608229899,2.618,9.00882605899513e-05,-0.00975264119123655,0.0914155469075819,0.156171770086114
matlab_broad_s20101_c00,1830.79321889849,1.98984423815733,0.116446608229899,2.62,7.08141499947208e-05,-0.0094983578102891,0.161145596783388,0.129510671228243
matlab_broad_s20101_c00,1830.79321889849,1.98984423815733,0.116446608229899,2.622,5.2178094485694e-05,-0.00911981321329573,0.215118720643417,0.102430139169587
matlab_broad_s20101_c00,1830.79321889849,1.98984423815733,0.116446608229899,2.624,3.43955135412522e-05,-0.0086508039396331,0.251240313449268,0.0750134029289321
matlab_broad_s20101_c00,1830.79321889849,1.98984423815733,0.116446608229899,2.626,1.76108235823415e-05,-0.00812814544537773,0.268595088657506,0.0473450200737545
matlab_broad_s20101_c00,1830.79321889849,1.98984423815733,0.116446608229899,2.628,1.89378105572149e-06,-0.00758928643485631,0.267461591892034,0.0195106188383657
matlab_broad_s20101_c00,1830.79321889849,1.98984423815733,0.116446608229899,2.63,-1.27117252896695e-05,-0.0069989970900627,0.319455028006709,0
matlab_broad_s20101_c00,1830.79321889849,1.98984423815733,0.116446608229899,2.632,-2.59359084116374e-05,-0.0061610239785423,0.513048548334703,0
matlab_broad_s20101_c00,1830.79321889849,1.98984423815733,0.116446608229899,2.634,-3.71207768208534e-05,-0.00497230810618949,0.668586112577873,0
matlab_broad_s20101_c00,1830.79321889849,1.98984423815733,0.116446608229899,2.636,-4.56469881275972e-05,-0.00351773784775172,0.777780891101873,0
matlab_broad_s20101_c00,1830.79321889849,1.98984423815733,0.116446608229899,2.638,-5.10795119968969e-05,-0.00189569935584578,0.835474490051238,0
matlab_broad_s20101_c00,1830.79321889849,1.98984423815733,0.116446608229899,2.64,-5.31881917577903e-05,-0.000211572449294934,0.839849081922051,0
matlab_broad_s20101_c00,1830.79321889849,1.98984423815733,0.116446608229899,2.642,-5.1955015723484e-05,0.00142898508518486,0.792426968366248,0
matlab_broad_s20101_c00,1830.79321889849,1.98984423815733,0.116446608229899,2.644,-4.75680975524502e-05,0.00292654466180551,0.697864743655612,0
matlab_broad_s20101_c00,1830.79321889849,1.98984423815733,0.116446608229899,2.646,-4.04031823813658e-05,0.00419381235763541,0.563561618217401,0
matlab_broad_s20101_c00,1830.79321889849,1.98984423815733,0.116446608229899,2.648,-3.09942351718884e-05,0.00516058970392594,0.399112233462669,0
matlab_broad_s20101_c00,1830.79321889849,1.98984423815733,0.116446608229899,2.65,-1.99952868532959e-05,0.00577751646163284,0.2156428437085,0
matlab_broad_s20101_c00,1830.79321889849,1.98984423815733,0.116446608229899,2.652,-8.13617838622902e-06,0.006018406125944,0.0250756076887293,0
matlab_broad_s20101_c00,1830.79321889849,1.98984423815733,0.116446608229899,2.654,3.82487055547336e-06,0.00588107780844596,-0.160631349867119,0
matlab_broad_s20101_c00,1830.79321889849,1.98984423815733,0.116446608229899,2.656,1.51488446326067e-05,0.00538668385365739,-0.330220557223797,0
matlab_broad_s20101_c00,1830.79321889849,1.98984423815733,0.116446608229899,2.658,2.51607362187543e-05,0.00457762507883701,-0.473803977445442,0
matlab_broad_s20101_c00,1830.79321889849,1.98984423815733,0.116446608229899,2.66,3.32889071408608e-05,0.00351422929833897,-0.583425102814194,0
matlab_broad_s20101_c00,1830.79321889849,1.98984423815733,0.116446608229899,2.662,3.90967709014089e-05,0.00227043894873324,-0.653483378039804,0
matlab_broad_s20101_c00,1830.79321889849,1.98984423815733,0.116446608229899,2.664,4.23051049679408e-05,0.000928806311468685,-0.68099947600684,0
matlab_broad_s20101_c00,1830.79321889849,1.98984423815733,0.116446608229899,2.666,4.28039357474954e-05,-0.000424872616649531,-0.665710458714642,0
matlab_broad_s20101_c00,1830.79321889849,1.98984423815733,0.116446608229899,2.668,4.0653615655659e-05,-0.00170694345431762,-0.609994686392364,0
matlab_broad_s20101_c00,1830.79321889849,1.98984423815733,0.116446608229899,2.67,3.60753891499071e-05,-0.00284096613128245,-0.518636812661881,0
matlab_broad_s20101_c00,1830.79321889849,1.98984423815733,0.116446608229899,2.672,2.94323810395195e-05,-0.0037621734872229,-0.398452690825362,0
matlab_broad_s20101_c00,1830.79321889849,1.98984423815733,0.116446608229899,2.674,2.12024980470597e-05,-0.00442106220687068,-0.257801965602298,0
matlab_broad_s20101_c00,1830.79321889849,1.98984423815733,0.116446608229899,2.676,1.19451818303673e-05,-0.00478592440356944,-0.106022098732771,0
matlab_broad_s20101_c00,1830.79321889849,1.98984423815733,0.116446608229899,2.678,2.26426468485925e-06,-0.0048441997523925,0.0471787252412144,0
matlab_broad_s20101_c00,1830.79321889849,1.98984423815733,0.116446608229899,2.68,-7.23065680663499e-06,-0.0046026046436645,0.192331095949697,0
matlab_broad_s20101_c00,1830.79321889849,1.98984423815733,0.116446608229899,2.682,-1.59619049093971e-05,-0.00408607150197492,0.320778712849959,0
matlab_broad_s20101_c00,1830.79321889849,1.98984423815733,0.116446608229899,2.684,-2.34181748777835e-05,-0.00333560347563962,0.425183419891929,0
matlab_broad_s20101_c00,1830.79321889849,1.98984423815733,0.116446608229899,2.686,-2.91837496953768e-05,-0.00240521287048871,0.499932208427029,0
matlab_broad_s20101_c00,1830.79321889849,1.98984423815733,0.116446608229899,2.688,-3.29608547677483e-05,-0.00135816239373103,0.541424451685757,0
matlab_broad_s20101_c00,1830.79321889849,1.98984423815733,0.116446608229899,2.69,-3.45840082542485e-05,-0.000262763790160218,0.548225730044604,0
matlab_broad_s20101_c00,1830.79321889849,1.98984423815733,0.116446608229899,2.692,-3.40257534290476e-05,0.000811992880264448,0.521083269096141,0
matlab_broad_s20101_c00,1830.79321889849,1.98984423815733,0.116446608229899,2.694,-3.13937100719011e-05,0.00180070483929431,0.462806690429412,0
matlab_broad_s20101_c00,1830.79321889849,1.98984423815733,0.116446608229899,2.696,-2.69194178751717e-05,0.00264545826436856,0.378025933834088,0
matlab_broad_s20101_c00,1830.79321889849,1.98984423815733,0.116446608229899,2.698,-2.09399337443276e-05,0.00329913831786303,0.272845365043934,0
matlab_broad_s20101_c00,1830.79321889849,1.98984423815733,0.116446608229899,2.7,-1.38735581804482e-05,0.00372796384590563,0.154418828794252,0
matlab_broad_s20101_c00,1830.79321889849,1.98984423815733,0.116446608229899,2.702,-6.19138078626468e-06,0.00391311691416849,0.0304744368956764,0
matlab_broad_s20101_c00,1830.79321889849,1.98984423815733,0.116446608229899,2.704,1.61346472326813e-06,0.00385139737643615,-0.0911799949697526,0
matlab_broad_s20101_c00,1830.79321889849,1.98984423815733,0.116446608229899,2.706,9.05686827232359e-06,0.003554894976271,-0.203139796536732,0
matlab_broad_s20101_c00,1830.79321889849,1.98984423815733,0.116446608229899,2.708,1.56932124635062e-05,0.003049732154625,-0.298845277210822,0
matlab_broad_s20101_c00,1830.79321889849,1.98984423815733,0.116446608229899,2.71,2.11414843049181e-05,0.00237398610031587,-0.372956750962893,0
matlab_broad_s20101_c00,1830.79321889849,1.98984423815733,0.116446608229899,2.712,2.51065365784263e-05,0.00157494540942457,-0.421641932835267,0
matlab_broad_s20101_c00,1830.79321889849,1.98984423815733,0.116446608229899,2.714,2.73943542551481e-05,0.000705892420682333,-0.442760976521459,0
matlab_broad_s20101_c00,1830.79321889849,1.98984423815733,0.116446608229899,2.716,2.79205885011474e-05,-0.000177374954906706,-0.435941212330709,0
matlab_broad_s20101_c00,1830.79321889849,1.98984423815733,0.116446608229899,2.718,2.67120596276396e-05,-0.0010200592547151,-0.402540694924983,0
matlab_broad_s20101_c00,1830.79321889849,1.98984423815733,0.116446608229899,2.72,2.39013727751268e-05,-0.00177169983262573,-0.345506538206255,0
matlab_broad_s20101_c00,1830.79321889849,1.98984423815733,0.116446608229899,2.722,1.97152088488646e-05,-0.00238913042762052,-0.269140284379831,0
matlab_broad_s20101_c00,1830.79321889849,1.98984423815733,0.116446608229899,2.724,1.44572232890566e-05,-0.00283888877217554,-0.178787860051021,0
matlab_broad_s20101_c00,1830.79321889849,1.98984423815733,0.116446608229899,2.726,8.4867855394312e-06,-0.00309894846193481,-0.0804757203061476,0
matlab_broad_s20101_c00,1830.79321889849,1.98984423815733,0.116446608229899,2.728,2.19500645009552e-06,-0.00315968934837958,0.0194826346121463,0
matlab_broad_s20101_c00,1830.79321889849,1.98984423815733,0.116446608229899,2.73,-4.02038098268239e-06,-0.00302407235947048,0.114884575893655,0
matlab_broad_s20101_c00,1830.79321889849,1.98984423815733,0.116446608229899,2.732,-9.77970421079615e-06,-0.00270703472546296,0.200016075667308,0
matlab_broad_s20101_c00,1830.79321889849,1.98984423815733,0.116446608229899,2.734,-1.47440937825718e-05,-0.00223416899448438,0.26998669771996,0
matlab_broad_s20101_c00,1830.79321889849,1.98984423815733,0.116446608229899,2.736,-1.86349525742307e-05,-0.00163979113904911,0.321002683765736,0
matlab_broad_s20101_c00,1830.79321889849,1.98984423815733,0.116446608229899,2.738,-2.12490642450858e-05,-0.000964537087125922,0.3505634205554,0
matlab_broad_s20101_c00,1830.79321889849,1.98984423815733,0.116446608229899,2.74,-2.24560757633447e-05,-0.00023407848828814,0.375943270436772,0.00219910776741874
matlab_broad_s20101_c00,1830.79321889849,1.98984423815733,0.116446608229899,2.742,-2.20155620109236e-05,0.000749138230486707,0.600868544966272,0.0311538308050362
matlab_broad_s20101_c00,1830.79321889849,1.98984423815733,0.116446608229899,2.744,-1.9187125157887e-05,0.00213884007474564,0.780566970559521,0.0600226761878001
matlab_broad_s20101_c00,1830.79321889849,1.98984423815733,0.116446608229899,2.746,-1.32557538051603e-05,0.00383364100813906,0.904693546983464,0.088708299327035
matlab_broad_s20101_c00,1830.79321889849,1.98984423815733,0.116446608229899,2.748,-3.72744761137127e-06,0.00571516555668722,0.966670953761312,0.117113657282258
matlab_broad_s20101_c00,1830.79321889849,1.98984423815733,0.116446608229899,2.75,9.64456956828285e-06,0.00765590740026259,0.963970222408971,0.145142338627232
matlab_broad_s20101_c00,1830.79321889849,1.98984423815733,0.116446608229899,2.752,2.68497424560465e-05,0.00952739101744833,0.89813300833696,0.172698893098597
matlab_broad_s20101_c00,1830.79321889849,1.98984423815733,0.116446608229899,2.754,4.76262745850791e-05,0.0112081242574639,0.774542764663974,0.199689159900155
matlab_broad_s20101_c00,1830.79321889849,1.98984423815733,0.116446608229899,2.756,7.14825082932767e-05,0.0125908597572951,0.601967317055569,0.22602059353106
matlab_broad_s20101_c00,1830.79321889849,1.98984423815733,0.116446608229899,2.758,9.77317768882693e-05,0.0135887418046388,0.391908641368824,0.251602586005099
matlab_broad_s20101_c00,1830.79321889849,1.98984423815733,0.116446608229899,2.76,0.000125538143815024,0.0141399979967932,0.1578062998946,0.276346784331161
matlab_broad_s20101_c00,1830.79321889849,1.98984423815733,0.116446608229899,2.762,0.000153969860813017,0.0142109359647106,-0.0858515688826698,0.300167402131815
matlab_broad_s20101_c00,1830.79321889849,1.98984423815733,0.116446608229899,2.764,0.000182057008578479,0.0137971177032853,-0.324451937331386,0.322981524287625
matlab_broad_s20101_c00,1830.79321889849,1.98984423815733,0.116446608229899,2.766,0.000208849644807411,0.0129227003876531,-0.54415729100146,0.344709403509882
matlab_broad_s20101_c00,1830.79321889849,1.98984423815733,0.116446608229899,2.768,0.000233472876491978,0.0116380456695608,-0.732728163847783,0.36527474776263
matlab_broad_s20101_c00,1830.79321889849,1.98984423815733,0.116446608229899,2.77,0.00025517558257103,0.0100158024897416,-0.88021984628198,0.384604997478068
matlab_broad_s20101_c00,1830.79321889849,1.98984423815733,0.116446608229899,2.772,0.000273370013180193,0.00814575541319366,-0.97951465528471,0.402631591535488
matlab_broad_s20101_c00,1830.79321889849,1.98984423815733,0.116446608229899,2.774,0.000287660145636566,0.00612879658569347,-1.02666256548261,0.419290221004601
matlab_broad_s20101_c00,1830.79321889849,1.98984423815733,0.116446608229899,2.776,0.000297857439549852,0.0040704212587886,-1.02101569924854,0.434521069688037
matlab_broad_s20101_c00,1830.79321889849,1.98984423815733,0.116446608229899,2.778,0.000303983453558384,0.00207416267776359,-0.965155338209482,0.448269040535908
matlab_broad_s20101_c00,1830.79321889849,1.98984423815733,0.116446608229899,2.78,0.000306259611766932,0.00023537187169786,-0.8646229228318,0.460483967046522
matlab_broad_s20101_c00,1830.79321889849,1.98984423815733,0.116446608229899,2.782,0.000305085188058899,-0.00136428696554788,-0.727478175638521,0.471120808812634
matlab_broad_s20101_c00,1830.79321889849,1.98984423815733,0.116446608229899,2.784,0.00030100526462314,-0.00266131129015269,-0.563717337630933,0.480139830420626
matlab_broad_s20101_c00,1830.79321889849,1.98984423815733,0.116446608229899,2.786,0.000294670978043785,-0.00361356490680271,-0.384592001592235,0.487506762961974
matlab_broad_s20101_c00,1830.79321889849,1.98984423815733,0.116446608229899,2.788,0.000286794762302942,-0.00420205843495039,-0.201873778560139,0.493192947470761
matlab_broad_s20101_c00,1830.79321889849,1.98984423815733,0.116446608229899,2.79,0.000278103514098513,-0.00443124420441745,-0.0271118446856075,0.497175459658876
matlab_broad_s20101_c00,1830.79321889849,1.98984423815733,0.116446608229899,2.792,0.000269292634743206,-0.00432785767354885,0.129070727583908,0.499437215380805
matlab_broad_s20101_c00,1830.79321889849,1.98984423815733,0.116446608229899,2.794,0.000260983749101998,-0.00393842578107587,0.257599877989042,0.499967056323019
matlab_broad_s20101_c00,1830.79321889849,1.98984423815733,0.116446608229899,2.796,0.000253688581142129,-0.0033256405873936,0.351457108063805,0.498759815478302
matlab_broad_s20101_c00,1830.79321889849,1.98984423815733,0.116446608229899,2.798,0.000247781003061404,-0.0025638596870758,0.406042425801606,0.495816362032951
matlab_broad_s20101_c00,1830.79321889849,1.98984423815733,0.116446608229899,2.8,0.000243478703840895,-0.00173403979777515,0.41937618681142,0.491143625364345
matlab_broad_s20101_c00,1830.79321889849,1.98984423815733,0.116446608229899,2.802,0.000240835282208025,-0.000918434499973859,0.392132829557292,0.484754597917598
matlab_broad_s20101_c00,1830.79321889849,1.98984423815733,0.116446608229899,2.804,0.000239742900153151,-0.000195390490168528,0.327510076456394,0.476668316802856
matlab_broad_s20101_c00,1830.79321889849,1.98984423815733,0.116446608229899,2.806,0.000239944978392789,0.000365440579777823,0.230947171886254,0.466909824028764
matlab_broad_s20101_c00,1830.79321889849,1.98984423815733,0.116446608229899,2.808,0.000241057814310837,0.000707193814200525,0.109714556892284,0.455510105362772
matlab_broad_s20101_c00,1830.79321889849,1.98984423815733,0.116446608229899,2.81,0.00024259949107995,0.000788957740513074,-0.0275954650441287,0.442506007884592
matlab_broad_s20101_c00,1830.79321889849,1.98984423815733,0.116446608229899,2.812,0.000244024052356864,0.000587851906736067,-0.171642420168608,0.427940136375579
matlab_broad_s20101_c00,1830.79321889849,1.98984423815733,0.116446608229899,2.814,0.000244758660461702,9.99238752068057e-05,-0.312938269118335,0.411860728763131
matlab_broad_s20101_c00,1830.79321889849,1.98984423815733,0.116446608229899,2.816,0.000244241348437736,-0.000660150236682433,-0.442437080968152,0.394321510915772
matlab_broad_s20101_c00,1830.79321889849,1.98984423815733,0.116446608229899,2.818,0.000241957019454337,-0.00166050339933067,-0.552077876521706,0.375381531160574
matlab_broad_s20101_c00,1830.79321889849,1.98984423815733,0.116446608229899,2.82,0.000237469532957032,-0.00285452718177943,-0.63524882623567,0.355104974970229
matlab_broad_s20101_c00,1830.79321889849,1.98984423815733,0.116446608229899,2.822,0.000230448029551916,-0.0041841488219258,-0.687146893002145,0.333560960341452
matlab_broad_s20101_c00,1830.79321889849,1.98984423815733,0.116446608229899,2.824,0.000220686062361484,-0.00558370683625956,-0.705014309896964,0.310823314460079
matlab_broad_s20101_c00,1830.79321889849,1.98984423815733,0.116446608229899,2.826,0.000208112592473373,-0.00698416702348848,-0.68824148213343,0.286970332320063
matlab_broad_s20101_c00,1830.79321889849,1.98984423815733,0.116446608229899,2.828,0.000192794437507309,-0.00831740844357309,-0.638334466395312,0.262084518033908
matlab_broad_s20101_c00,1830.79321889849,1.98984423815733,0.116446608229899,2.83,0.00017493030117497,-0.00952031372246549,-0.558753570530925,0.236252309640236
matlab_broad_s20101_c00,1830.79321889849,1.98984423815733,0.116446608229899,2.832,0.000154837024616692,-0.0105384189773859,-0.454637322164244,0.20956378828047
matlab_broad_s20101_c00,1830.79321889849,1.98984423815733,0.116446608229899,2.834,0.000132929156597584,-0.0113289139463774,-0.33243262522411,0.182112372679665
matlab_broad_s20101_c00,1830.79321889849,1.98984423815733,0.116446608229899,2.836,0.000109693313176802,-0.0118628298869779,-0.19945699277245,0.153994499927667
matlab_broad_s20101_c00,1830.79321889849,1.98984423815733,0.116446608229899,2.838,8.56590680374546e-05,-0.0121263082001538,-0.0634220514975705,0.125309293614066
matlab_broad_s20101_c00,1830.79321889849,1.98984423815733,0.116446608229899,2.84,6.1368269102945e-05,-0.0121209028480946,0.0680510863286274,0.0961582204249923
matlab_broad_s20101_c00,1830.79321889849,1.98984423815733,0.116446608229899,2.842,3.73447097731473e-05,-0.0118629306127158,0.18789451583117,0.0666447363605762
matlab_broad_s20101_c00,1830.79321889849,1.98984423815733,0.116446608229899,2.844,1.40659961718213e-05,-0.0113819413066055,0.290006589388331,0.0368739237790207
matlab_broad_s20101_c00,1830.79321889849,1.98984423815733,0.116446608229899,2.846,-8.06074542792142e-06,-0.010718431726721,0.369591599556429,0.00695212051640523
matlab_broad_s20101_c00,1830.79321889849,1.98984423815733,0.116446608229899,2.848,-2.85873402237095e-05,-0.00972660639745179,0.615663619700839,0
matlab_broad_s20101_c00,1830.79321889849,1.98984423815733,0.116446608229899,2.85,-4.66274305980256e-05,-0.00822797863408069,0.873684353513957,0
matlab_broad_s20101_c00,1830.79321889849,1.98984423815733,0.116446608229899,2.852,-6.11939040941485e-05,-0.00627368852848828,1.06930592068483,0
matlab_broad_s20101_c00,1830.79321889849,1.98984423815733,0.116446608229899,2.854,-7.15076411564347e-05,-0.00399923130802987,1.19259421991745,0
matlab_broad_s20101_c00,1830.79321889849,1.98984423815733,0.116446608229899,2.856,-7.70772362539783e-05,-0.00155523993216945,1.23839731251333,0
matlab_broad_s20101_c00,1830.79321889849,1.98984423815733,0.116446608229899,2.858,-7.77195525503804e-05,0.000902287233357372,1.20650159646753,0
matlab_broad_s20101_c00,1830.79321889849,1.98984423815733,0.116446608229899,2.86,-7.3560627844352e-05,0.00322176039227641,1.10147903173643,0
matlab_broad_s20101_c00,1830.79321889849,1.98984423815733,0.116446608229899,2.862,-6.50175361961327e-05,0.00526517279993601,0.932245191755086,0
matlab_broad_s20101_c00,1830.79321889849,1.98984423815733,0.116446608229899,2.864,-5.27629605514215e-05,0.00691613167288627,0.71136503575423,0
matlab_broad_s20101_c00,1830.79321889849,1.98984423815733,0.116446608229899,2.866,-3.76752359554906e-05,0.00808629005444118,0.454157571772324,0
matlab_broad_s20101_c00,1830.79321889849,1.98984423815733,0.116446608229899,2.868,-2.07774237791609e-05,0.00871983780635537,0.177661229115246,0
matlab_broad_s20101_c00,1830.79321889849,1.98984423815733,0.116446608229899,2.87,-3.169532340263e-06,0.00879584074253999,-0.100471751676626,0
matlab_broad_s20101_c00,1830.79321889849,1.98984423815733,0.116446608229899,2.872,1.4041717469603e-05,0.00832835634580074,-0.363081532865072,0
matlab_broad_s20101_c00,1830.79321889849,1.98984423815733,0.116446608229899,2.874,2.98111797421556e-05,0.00736439365026627,-0.594539446396955,0
matlab_broad_s20101_c00,1830.79321889849,1.98984423815733,0.116446608229899,2.876,4.32174900948003e-05,0.00597991518291065,-0.78165769667636,0
matlab_broad_s20101_c00,1830.79321889849,1.98984423815733,0.116446608229899,2.878,5.35155698699633e-05,0.00427419262010922,-0.914418389680293,0
matlab_broad_s20101_c00,1830.79321889849,1.98984423815733,0.116446608229899,2.88,6.01765250096756e-05,0.00236291858921302,-0.986483123989136,0
matlab_broad_s20101_c00,1830.79321889849,1.98984423815733,0.116446608229899,2.882,6.29129093667077e-05,0.000370540020481579,-0.995459176841378,0
matlab_broad_s20101_c00,1830.79321889849,1.98984423815733,0.116446608229899,2.884,6.16882904923924e-05,-0.00157768930753218,-0.94291409264529,0
matlab_broad_s20101_c00,1830.79321889849,1.98984423815733,0.116446608229899,2.886,5.67110569988385e-05,-0.0033634388358852,-0.834146229577499,0
matlab_broad_s20101_c00,1830.79321889849,1.98984423815733,0.116446608229899,2.888,4.84133777639942e-05,-0.00488234581974615,-0.677733574346517,0
matlab_broad_s20101_c00,1830.79321889849,1.98984423815733,0.116446608229899,2.89,3.74171058104241e-05,-0.00604996424473426,-0.484896021905699,0
matlab_broad_s20101_c00,1830.79321889849,1.98984423815733,0.116446608229899,2.892,2.44891623430651e-05,-0.0068062890246906,-0.268716606098102,0
matlab_broad_s20101_c00,1830.79321889849,1.98984423815733,0.116446608229899,2.894,1.0489498205512e-05,-0.00711862511363942,-0.0432743133949691,0
matlab_broad_s20101_c00,1830.79321889849,1.98984423815733,0.116446608229899,2.896,-3.68491756261739e-06,-0.0069826806900578,0.177255218830359,0
matlab_broad_s20101_c00,1830.79321889849,1.98984423815733,0.116446608229899,2.898,-1.71565039536027e-05,-0.00642187684892562,0.379474734523918,0
matlab_broad_s20101_c00,1830.79321889849,1.98984423815733,0.116446608229899,2.9,-2.91203868244035e-05,-0.00548497617384343,0.551563123581648,0
matlab_broad_s20101_c00,1830.79321889849,1.98984423815733,0.116446608229899,2.902,-3.88914550144476e-05,-0.00424223250905907,0.683949453223936,0
matlab_broad_s20101_c00,1830.79321889849,1.98984423815733,0.116446608229899,2.904,-4.59424702577677e-05,-0.00278034839847469,0.769825970981992,0
matlab_broad_s20101_c00,1830.79321889849,1.98984423815733,0.116446608229899,2.906,-4.99311877361476e-05,-0.00119659036147869,0.805473940210709,0
matlab_broad_s20101_c00,1830.79321889849,1.98984423815733,0.116446608229899,2.908,-5.07151885953708e-05,0.000407547796984469,0.790388557803677,0
matlab_broad_s20101_c00,1830.79321889849,1.98984423815733,0.116446608229899,2.91,-4.83539250777215e-05,0.00193272875862757,0.72720202195979,0
matlab_broad_s20101_c00,1830.79321889849,1.98984423815733,0.116446608229899,2.912,-4.30982821092546e-05,0.00328780836999532,0.62141626270242,0
matlab_broad_s20101_c00,1830.79321889849,1.98984423815733,0.116446608229899,2.914,-3.53687166958623e-05,0.0043951656391351,0.480968166583027,0
matlab_broad_s20101_c00,1830.79321889849,1.98984423815733,0.116446608229899,2.916,-2.57237032757312e-05,0.00519502200425514,0.315659661355942,0
matlab_broad_s20101_c00,1830.79321889849,1.98984423815733,0.116446608229899,2.918,-1.48207512882803e-05,0.00564851820137831,0.136492249985039,0
matlab_broad_s20101_c00,1830.79321889849,1.98984423815733,0.116446608229899,2.92,-3.37264188125239e-06,0.00573940124759901,-0.0450498704666523,0
matlab_broad_s20101_c00,1830.79321889849,1.98984423815733,0.116446608229899,2.922,7.898264232484e-06,0.00547426448775605,-0.217722290347493,0
matlab_broad_s20101_c00,1830.79321889849,1.98984423815733,0.116446608229899,2.924,1.83047729524031e-05,0.00488137455398592,-0.371203849406532,0
matlab_broad_s20101_c00,1830.79321889849,1.98984423815733,0.116446608229899,2.926,2.7235936945833e-05,0.00400820485360186,-0.496700358072094,0
matlab_broad_s20101_c00,1830.79321889849,1.98984423815733,0.116446608229899,2.928,3.41920665656515e-05,0.0029178707290724,-0.587434128879071,0
matlab_broad_s20101_c00,1830.79321889849,1.98984423815733,0.116446608229899,2.93,3.88117223051923e-05,0.00168472242359218,-0.638993048820219,0
matlab_broad_s20101_c00,1830.79321889849,1.98984423815733,0.116446608229899,2.932,4.08892981785349e-05,0.000389395174515573,-0.649522444018564,0
matlab_broad_s20101_c00,1830.79321889849,1.98984423815733,0.116446608229899,2.934,4.0382430781239e-05,-0.000886360913271752,-0.619753218902243,0
matlab_broad_s20101_c00,1830.79321889849,1.98984423815733,0.116446608229899,2.936,3.74091202048563e-05,-0.00206474585868543,-0.552870039964932,0
matlab_broad_s20101_c00,1830.79321889849,1.98984423815733,0.116446608229899,2.938,3.22350855116658e-05,-0.00307656170162822,-0.454233044603777,0
matlab_broad_s20101_c00,1830.79321889849,1.98984423815733,0.116446608229899,2.94,2.5252460478071e-05,-0.00386517909833492,-0.330975110665274,0
matlab_broad_s20101_c00,1830.79321889849,1.98984423815733,0.116446608229899,2.942,1.69514307304518e-05,-0.00438959769768067,-0.191503634879202,0
matlab_broad_s20101_c00,1830.79321889849,1.98984423815733,0.116446608229899,2.944,7.88679370112415e-06,-0.00462644253471691,-0.044940668393408,0
matlab_broad_s20101_c00,1830.79321889849,1.98984423815733,0.116446608229899,2.946,-1.35833149641447e-06,-0.00457080941170583,0.0994620885941456,0
matlab_broad_s20101_c00,1830.79321889849,1.98984423815733,0.116446608229899,2.948,-1.02093167199604e-05,-0.00423594594674324,0.232896611314095,0
matlab_broad_s20101_c00,1830.79321889849,1.98984423815733,0.116446608229899,2.95,-1.81016438655108e-05,-0.00360207932563218,0.39673369883435,0.00589034996837482
matlab_broad_s20101_c00,1830.79321889849,1.98984423815733,0.116446608229899,2.952,-2.42750782594104e-05,-0.00245765355684828,0.739774738617613,0.036811262731141
matlab_broad_s20101_c00,1830.79321889849,1.98984423815733,0.116446608229899,2.954,-2.75094037361002e-05,-0.000682229437307584,1.02477328527528,0.0676098131439963
matlab_broad_s20101_c00,1830.79321889849,1.98984423815733,0.116446608229899,2.956,-2.66705762883938e-05,0.00159075111410287,1.2351622409347,0.0981674902963213
matlab_broad_s20101_c00,1830.79321889849,1.98984423815733,0.116446608229899,2.958,-2.09212454127058e-05,0.00419974453849289,1.3595242377807,0.128366349535062
matlab_broad_s20101_c00,1830.79321889849,1.98984423815733,0.116446608229899,2.96,-9.766241579247e-06,0.00696599786924913,1.39212460210585,0.158089470014356
matlab_broad_s20101_c00,1830.79321889849,1.98984423815733,0.116446608229899,2.962,6.92454267480473e-06,0.00970514105399218,1.33307692140434,0.187221410786887
matlab_broad_s20101_c00,1830.79321889849,1.98984423815733,0.116446608229899,2.964,2.89165410040725e-05,0.0122387428918588,1.18814336070292,0.215648663654639
matlab_broad_s20101_c00,1830.79321889849,1.98984423815733,0.116446608229899,2.966,5.5633380420045e-05,0.0144051210624239,0.968194264704797,0.243260100995956
matlab_broad_s20101_c00,1830.79321889849,1.98984423815733,0.116446608229899,2.968,8.62000808777811e-05,0.0160687664026962,0.688371711540942,0.269947416790597
matlab_broad_s20101_c00,1830.79321889849,1.98984423815733,0.116446608229899,2.97,0.000119503262265324,0.0171278482775072,0.36701839004935,0.295605559077879
matlab_broad_s20101_c00,1830.79321889849,1.98984423815733,0.116446608229899,2.972,0.000154264099262804,0.0175194037817896,0.0244455431047133,0.320133152101853
matlab_broad_s20101_c00,1830.79321889849,1.98984423815733,0.116446608229899,2.974,0.000189119123318339,0.0172219692723881,-0.318378860494519,0.343432906424939
matlab_broad_s20101_c00,1830.79321889849,1.98984423815733,0.116446608229899,2.976,0.000222703652643554,0.0162555781058313,-0.641138383728017,0.365412015324422
matlab_broad_s20101_c00,1830.79321889849,1.98984423815733,0.116446608229899,2.978,0.000253732644394242,0.0146792129632677,-0.925392486018378,0.385982535827529
matlab_broad_s20101_c00,1830.79321889849,1.98984423815733,0.116446608229899,2.98,0.000281074096116351,0.0125859546871554,-1.15564452972569,0.40506175278779
matlab_broad_s20101_c00,1830.79321889849,1.98984423815733,0.116446608229899,2.982,0.000303810744892749,0.010096203061929,-1.32019301330431,0.422572524460094
matlab_broad_s20101_c00,1830.79321889849,1.98984423815733,0.116446608229899,2.984,0.000321286674520431,0.00734945090542968,-1.41172097649527,0.438443608092366
matlab_broad_s20101_c00,1830.79321889849,1.98984423815733,0.116446608229899,2.986,0.000333136482396351,0.00449516561100068,-1.42759613815395,0.45260996411942
matlab_broad_s20101_c00,1830.79321889849,1.98984423815733,0.116446608229899,2.988,0.000339295808524582,0.00168336853057404,-1.36987303817482,0.465013037617698
matlab_broad_s20101_c00,1830.79321889849,1.98984423815733,0.116446608229899,2.99,0.000339993214736474,-0.000944498685429501,-1.24500707395596,0.475601015759484
matlab_broad_s20101_c00,1830.79321889849,1.98984423815733,0.116446608229899,2.992,0.000335724548749765,-0.00326386913579561,-1.06330770699944,0.484329060090066
matlab_broad_s20101_c00,1830.79321889849,1.98984423815733,0.116446608229899,2.994,0.000327211965889566,-0.00517402557459621,-0.838173238849109,0.491159512542325
matlab_broad_s20101_c00,1830.79321889849,1.98984423815733,0.116446608229899,2.996,0.000315350650948996,-0.00660337102874547,-0.585161563532602,0.496062074198807
matlab_broad_s20101_c00,1830.79321889849,1.98984423815733,0.116446608229899,2.998,0.000301146935962464,-0.00751272871365627,-0.320959562192232,0.499013955912189
matlab_broad_s20101_c00,1830.79321889849,1.98984423815733,0.116446608229899,3,0.000285651913695942,-0.00789653499408858,-0.0623179327489392,0.5
matlab_broad_s20101_c00,1830.79321889849,1.98984423815733,0.116446608229899,3.002,0.000267062304017206,-0.0119963988999248,-3.99380365867148,0
matlab_broad_s20101_c00,1830.79321889849,1.98984423815733,0.116446608229899,3.004,0.000235463307872364,-0.0193957829308989,-3.37055794418369,0
matlab_broad_s20101_c00,1830.79321889849,1.98984423815733,0.116446608229899,3.006,0.000190445211042022,-0.0253537553722837,-2.5609657630858,0
matlab_broad_s20101_c00,1830.79321889849,1.98984423815733,0.116446608229899,3.008,0.000135227409018605,-0.0295523343371957,-1.62107668145064,0
matlab_broad_s20101_c00,1830.79321889849,1.98984423815733,0.116446608229899,3.01,7.35484066749351e-05,-0.0317924216654898,-0.613070300786883,0
matlab_broad_s20101_c00,1830.79321889849,1.98984423815733,0.116446608229899,3.012,9.41846431899654e-06,-0.0320020531459045,0.398773662537675,0
matlab_broad_s20101_c00,1830.79321889849,1.98984423815733,0.116446608229899,3.014,-5.31361586564101e-05,-0.0302365529704659,1.35209906110485,0
matlab_broad_s20101_c00,1830.79321889849,1.98984423815733,0.116446608229899,3.016,-0.000110321351521689,-0.0266708549121291,2.19024352118287,0
matlab_broad_s20101_c00,1830.79321889849,1.98984423815733,0.116446608229899,3.018,-0.000158800686183065,-0.0215847256351925,2.865531821236,0
matlab_broad_s20101_c00,1830.79321889849,1.98984423815733,0.116446608229899,3.02,-0.000195885227049238,-0.0153420373513317,3.34190592499678,0
matlab_broad_s20101_c00,1830.79321889849,1.98984423815733,0.116446608229899,3.022,-0.000219677143914014,-0.0083655644499946,3.59675221125918,0
matlab_broad_s20101_c00,1830.79321889849,1.98984423815733,0.116446608229899,3.024,-0.000229159847889589,-0.00110900445978244,3.62184049931106,0
matlab_broad_s20101_c00,1830.79321889849,1.98984423815733,0.116446608229899,3.026,-0.000224230903776316,0.00597196272819451,3.42334696163023,0
matlab_broad_s20101_c00,1830.79321889849,1.98984423815733,0.116446608229899,3.028,-0.00020567761731043,0.0124477652401208,3.02099029295573,0
matlab_broad_s20101_c00,1830.79321889849,1.98984423815733,0.116446608229899,3.03,-0.000175098724570815,0.0179404802473404,2.4463640518379,0
matlab_broad_s20101_c00,1830.79321889849,1.98984423815733,0.116446608229899,3.032,-0.000134778810335248,0.0221453405484412,1.7405947395262,0
matlab_broad_s20101_c00,1830.79321889849,1.98984423815733,0.116446608229899,3.034,-8.75247666536829e-05,0.024847019619324,0.95149229449083,0
matlab_broad_s20101_c00,1830.79321889849,1.98984423815733,0.116446608229899,3.036,-3.64756245616702e-05,0.0259298690451853,0.130385296898314,0
matlab_broad_s20101_c00,1830.79321889849,1.98984423815733,0.116446608229899,3.038,1.51016513688197e-05,0.0253816819233324,-0.67115389308542,0
matlab_broad_s20101_c00,1830.79321889849,1.98984423815733,0.116446608229899,3.04,6.4017375645631e-05,0.0232909682969408,-1.40448896517089,0
matlab_broad_s20101_c00,1830.79321889849,1.98984423815733,0.116446608229899,3.042,0.000107352707466654,0.0198381281506581,-2.02681209392373,0
matlab_broad_s20101_c00,1830.79321889849,1.98984423815733,0.116446608229899,3.044,0.000142630056565263,0.0152812698392609,-2.50358075296279,0
matlab_broad_s20101_c00,1830.79321889849,1.98984423815733,0.116446608229899,3.046,0.000167950627618707,0.00993772599429493,-2.81036435443537,0
matlab_broad_s20101_c00,1830.79321889849,1.98984423815733,0.116446608229899,3.048,0.000182091748430264,0.00416254820858902,-2.93400697543621,0
matlab_broad_s20101_c00,1830.79321889849,1.98984423815733,0.116446608229899,3.05,0.000184559347441669,-0.00167459544702914,-2.87305764216428,0
matlab_broad_s20101_c00,1830.79321889849,1.98984423815733,0.116446608229899,3.052,0.000175593860097579,-0.00721264563989883,-2.63746631737082,0
matlab_broad_s20101_c00,1830.79321889849,1.98984423815733,0.116446608229899,3.054,0.000156130765456752,-0.01212106727756,-2.24758895733882,0
matlab_broad_s20101_c00,1830.79321889849,1.98984423815733,0.116446608229899,3.056,0.000127719704268626,-0.0161191515198592,-1.73258603909377,0
matlab_broad_s20101_c00,1830.79321889849,1.98984423815733,0.116446608229899,3.058,9.24085441781638e-05,-0.0189916050541753,-1.12833342384564,0
matlab_broad_s20101_c00,1830.79321889849,1.98984423815733,0.116446608229899,3.06,5.26006995679047e-05,-0.0205995926467367,-0.474990419923093,0
matlab_broad_s20101_c00,1830.79321889849,1.98984423815733,0.116446608229899,3.062,1.08953792514663e-05,-0.0208867066202128,0.18561387660797,0
matlab_broad_s20101_c00,1830.79321889849,1.98984423815733,0.116446608229899,3.064,-3.00788398370674e-05,-0.0198796665794227,0.812609121416158,0
matlab_broad_s20101_c00,1830.79321889849,1.98984423815733,0.116446608229899,3.066,-6.78266537111246e-05,-0.0176838833982492,1.36856498944584,0
matlab_broad_s20101_c00,1830.79321889849,1.98984423815733,0.116446608229899,3.068,-0.000100135012093228,-0.0144743328203961,1.82167752331297,0
matlab_broad_s20101_c00,1830.79321889849,1.98984423815733,0.116446608229899,3.07,-0.000125199735666644,-0.0104824575175801,2.14753601294892,0
matlab_broad_s20101_c00,1830.79321889849,1.98984423815733,0.116446608229899,3.072,-0.00014172273434121,-0.005980036543286,2.33037583816539,0
matlab_broad_s20101_c00,1830.79321889849,1.98984423815733,0.116446608229899,3.074,-0.000148974835427797,-0.00126111607679956,2.36375749565304,0
matlab_broad_s20101_c00,1830.79321889849,1.98984423815733,0.116446608229899,3.076,-0.000146821513250401,0.00337682217051216,2.25064932926643,0
matlab_broad_s20101_c00,1830.79321889849,1.98984423815733,0.116446608229899,3.078,-0.000135711184237937,0.00765127115379067,2.00292890928242,0
matlab_broad_s20101_c00,1830.79321889849,1.98984423815733,0.116446608229899,3.08,-0.00011662804500413,0.0113115692499563,1.64035325660402,0
matlab_broad_s20101_c00,1830.79321889849,1.98984423815733,0.116446608229899,3.082,-9.10135450510838e-05,0.0141532457579127,1.1890790868847,0
matlab_broad_s20101_c00,1830.79321889849,1.98984423815733,0.116446608229899,3.084,-6.06623772011531e-05,0.0160290437520857,0.679839195595802,0
matlab_broad_s20101_c00,1830.79321889849,1.98984423815733,0.116446608229899,3.086,-2.76002383398442e-05,0.016856054026114,0.145898686693349,0
matlab_broad_s20101_c00,1830.79321889849,1.98984423815733,0.116446608229899,3.088,6.0485095049796e-06,0.0166186520514337,-0.379075869084116,0
matlab_broad_s20101_c00,1830.79321889849,1.98984423815733,0.116446608229899,3.09,3.81947997451326e-05,0.0153671983353921,-0.863100376753349,0
matlab_broad_s20101_c00,1830.79321889849,1.98984423815733,0.116446608229899,3.092,6.69121505745988e-05,0.0132127244404498,-1.27778367608886,0
matlab_broad_s20101_c00,1830.79321889849,1.98984423815733,0.116446608229899,3.094,9.05496790574085e-05,0.0103180663359423,-1.59995285454266,0
matlab_broad_s20101_c00,1830.79321889849,1.98984423815733,0.116446608229899,3.096,0.000107824369326251,0.00688610972818944,-1.81290303916521,0
matlab_broad_s20101_c00,1830.79321889849,1.98984423815733,0.116446608229899,3.098,0.000117887617495565,0.00314596729491022,-1.90720742299099,0
matlab_broad_s20101_c00,1830.79321889849,1.98984423815733,0.116446608229899,3.1,0.000120362825068364,-0.000661992611339703,-1.88105248481602,0
matlab_broad_s20101_c00,1830.79321889849,1.98984423815733,0.116446608229899,3.102,0.000115352701556551,-0.00430130648683107,-1.7400937385994,0
matlab_broad_s20101_c00,1830.79321889849,1.98984423815733,0.116446608229899,3.104,0.000103416844877668,-0.00755382671563513,-1.49685699227615,0
matlab_broad_s20101_c00,1830.79321889849,1.98984423815733,0.116446608229899,3.106,8.55219768711521e-05,-0.0102325220419651,-1.16973720717185,0
matlab_broad_s20101_c00,1830.79321889849,1.98984423815733,0.116446608229899,3.108,6.29688130847391e-05,-0.0121919343713207,-0.781670046216863,0
matlab_broad_s20101_c00,1830.79321889849,1.98984423815733,0.116446608229899,3.11,3.73008492611061e-05,-0.0133357275586305,-0.358568805712024,0
matlab_broad_s20101_c00,1830.79321889849,1.98984423815733,0.116446608229899,3.112,1.02012815850386e-05,-0.013620961640951,0.0723692601918298,0
matlab_broad_s20101_c00,1830.79321889849,1.98984423815733,0.116446608229899,3.114,-1.66152013601967e-05,-0.0130589396681223,0.484378675285932,0
matlab_broad_s20101_c00,1830.79321889849,1.98984423815733,0.116446608229899,3.116,-4.1508927966764e-05,-0.0117126902011348,0.852757280480847,0
matlab_broad_s20101_c00,1830.79321889849,1.98984423815733,0.116446608229899,3.118,-6.30135611740237e-05,-0.0096913533315113,1.15631606733333,0
matlab_broad_s20101_c00,1830.79321889849,1.98984423815733,0.116446608229899,3.12,-7.99204530390549e-05,-0.00714191950589872,1.37856424754307,0
matlab_broad_s20101_c00,1830.79321889849,1.98984423815733,0.116446608229899,3.122,-9.13443177070148e-05,-0.00423891814505724,1.50856557318576,0
matlab_broad_s20101_c00,1830.79321889849,1.98984423815733,0.116446608229899,3.124,-9.6766811607808e-05,-0.00117275907488847,1.54142428983027,0
matlab_broad_s20101_c00,1830.79321889849,1.98984423815733,0.116446608229899,3.126,-9.60560829885941e-05,0.00186251098130438,1.47838328004313,0
matlab_broad_s20101_c00,1830.79321889849,1.98984423815733,0.116446608229899,3.128,-8.94618958559354e-05,0.00468126423604912,1.32654139063016,0
matlab_broad_s20101_c00,1830.79321889849,1.98984423815733,0.116446608229899,3.13,-7.75874488146129e-05,0.0071174248820082,1.09822012176572,0
matlab_broad_s20101_c00,1830.79321889849,1.98984423815733,0.116446608229899,3.132,-6.13404048822269e-05,0.00903402568070682,0.810030406111304,0
matlab_broad_s20101_c00,1830.79321889849,1.98984423815733,0.116446608229899,3.134,-4.1866842327834e-05,0.0103306533401059,0.481706945852268,0
matlab_broad_s20101_c00,1830.79321889849,1.98984423815733,0.116446608229899,3.136,-2.04727622749863e-05,0.0109483957284218,0.134789603806333,0
matlab_broad_s20101_c00,1830.79321889849,1.98984423815733,0.116446608229899,3.138,1.46160169068554e-06,0.0108720706059753,-0.208761920039638,0
matlab_broad_s20101_c00,1830.79321889849,1.98984423815733,0.116446608229899,3.14,2.25691602230514e-05,0.010129690142259,-0.52793268941864,0
matlab_broad_s20101_c00,1830.79321889849,1.98984423815733,0.116446608229899,3.142,4.15796010071887e-05,0.0087892870178317,-0.803913184947307,0
matlab_broad_s20101_c00,1830.79321889849,1.98984423815733,0.116446608229899,3.144,5.73942601050842e-05,0.00695338594366298,-1.02118197315801,0
matlab_broad_s20101_c00,1830.79321889849,1.98984423815733,0.116446608229899,3.146,6.91479217094101e-05,0.00475153969883132,-1.16834978817077,0
matlab_broad_s20101_c00,1830.79321889849,1.98984423815733,0.116446608229899,3.148,7.62541848532703e-05,0.00233145373697895,-1.23872113168188,0
matlab_broad_s20101_c00,1830.79321889849,1.98984423815733,0.116446608229899,3.15,7.8432159169682e-05,-0.000150707392962366,-1.23054834393274,0
matlab_broad_s20101_c00,1830.79321889849,1.98984423815733,0.116446608229899,3.152,7.57134752221941e-05,-0.00254020817981783,-1.14697285250261,0
matlab_broad_s20101_c00,1830.79321889849,1.98984423815733,0.116446608229899,3.154,6.84298396416911e-05,-0.00469321019204564,-0.995667721796696,0
matlab_broad_s20101_c00,1830.79321889849,1.98984423815733,0.116446608229899,3.156,5.7182554041015e-05,-0.00648525186858733,-0.788213521278951,0
matlab_broad_s20101_c00,1830.79321889849,1.98984423815733,0.116446608229899,3.158,4.27964782130312e-05,-0.00781825176328807,-0.539254855388645,0
matlab_broad_s20101_c00,1830.79321889849,1.98984423815733,0.116446608229899,3.16,2.62617914396487e-05,-0.00862565415842123,-0.265496796568994,0
matlab_broad_s20101_c00,1830.79321889849,1.98984423815733,0.116446608229899,3.162,8.66754346430831e-06,-0.00887546300806694,0.0153916816974042,0
matlab_broad_s20101_c00,1830.79321889849,1.98984423815733,0.116446608229899,3.164,-8.86864249596767e-06,-0.00857104857219244,0.285896709787107,0
matlab_broad_s20101_c00,1830.79321889849,1.98984423815733,0.116446608229899,3.166,-2.52702622383442e-05,-0.00774975196425474,0.529731393439843,0
matlab_broad_s20101_c00,1830.79321889849,1.98984423815733,0.116446608229899,3.168,-3.95667528646615e-05,-0.00647944741349133,0.732796216547284,0
matlab_broad_s20101_c00,1830.79321889849,1.98984423815733,0.116446608229899,3.17,-5.09496220013883e-05,-0.00485334227245258,0.883972656541475,0
matlab_broad_s20101_c00,1830.79321889849,1.98984423815733,0.116446608229899,3.172,-5.8816724124954e-05,-0.00298339376886822,0.975706809447055,0
matlab_broad_s20101_c00,1830.79321889849,1.98984423815733,0.116446608229899,3.174,-6.28023592664441e-05,-0.000992793836499539,1.00435418728701,0
matlab_broad_s20101_c00,1830.79321889849,1.98984423815733,0.116446608229899,3.176,-6.27918193796072e-05,0.000991984491620124,0.970272506988157,0
matlab_broad_s20101_c00,1830.79321889849,1.98984423815733,0.116446608229899,3.178,-5.89200102921703e-05,0.00284907526006511,0.877665230989322,0
matlab_broad_s20101_c00,1830.79321889849,1.98984423815733,0.116446608229899,3.18,-5.15547689941034e-05,0.00446855942261378,0.734193855501059,0
matlab_broad_s20101_c00,1830.79321889849,1.98984423815733,0.116446608229899,3.182,-4.12664164137115e-05,0.00575882336000902,0.550390559512479,0
matlab_broad_s20101_c00,1830.79321889849,1.98984423815733,0.116446608229899,3.184,-2.87858805900425e-05,0.00665157801124993,0.33891404312967,0
matlab_broad_s20101_c00,1830.79321889849,1.98984423815733,0.116446608229899,3.186,-1.49543496125675e-05,0.00710527494645693,0.113699588611936,0
matlab_broad_s20101_c00,1830.79321889849,1.98984423815733,0.116446608229899,3.188,-6.6783518374909e-07,0.00710676315405067,-0.110940831894233,0
matlab_broad_s20101_c00,1830.79321889849,1.98984423815733,0.116446608229899,3.19,1.31797729340464e-05,0.00667114375767339,-0.32121138134443,0
matlab_broad_s20101_c00,1830.79321889849,1.98984423815733,0.116446608229899,3.192,2.57516088015465e-05,0.00583989214091254,-0.504663445255799,0
matlab_broad_s20101_c00,1830.79321889849,1.98984423815733,0.116446608229899,3.194,3.63173807741589e-05,0.00467742117605106,-0.650915944897595,0
matlab_broad_s20101_c00,1830.79321889849,1.98984423815733,0.116446608229899,3.196,4.42947030551871e-05,0.00326634928774984,-0.752224299428812,0
matlab_broad_s20101_c00,1830.79321889849,1.98984423815733,0.116446608229899,3.198,4.92799426156951e-05,0.00170180787326542,-0.803868131348066,0
matlab_broad_s20101_c00,1830.79321889849,1.98984423815733,0.116446608229899,3.2,5.10670366790252e-05,8.51704404729605e-05,-0.804339961422657,0
matlab_broad_s20101_c00,1830.79321889849,1.98984423815733,0.116446608229899,3.202,4.96535276640281e-05,-0.0014823914573552,-0.755329974643226,0
matlab_broad_s20101_c00,1830.79321889849,1.98984423815733,0.116446608229899,3.204,4.52338738942044e-05,-0.00290612336853758,-0.661514645387338,0
matlab_broad_s20101_c00,1830.79321889849,1.98984423815733,0.116446608229899,3.206,3.81808749464812e-05,-0.00410329963833111,-0.530168810747819,0
matlab_broad_s20101_c00,1830.79321889849,1.98984423815733,0.116446608229899,3.208,2.90167532658292e-05,-0.0050079068138457,-0.370630980591236,0
matlab_broad_s20101_c00,1830.79321889849,1.98984423815733,0.116446608229899,3.21,1.83760180061943e-05,-0.00557414192194559,-0.193659697889356,0
matlab_broad_s20101_c00,1830.79321889849,1.98984423815733,0.116446608229899,3.212,6.96267101668949e-06,-0.00577855029631612,-0.0107241927414814,0
matlab_broad_s20101_c00,1830.79321889849,1.98984423815733,0.116446608229899,3.214,-4.4954231608952e-06,-0.00562071718626576,0.166724838460894,0
matlab_broad_s20101_c00,1830.79321889849,1.98984423815733,0.116446608229899,3.216,-1.52921018122076e-05,-0.00512251920205993,0.327958814774295,0
matlab_broad_s20101_c00,1830.79321889849,1.98984423815733,0.116446608229899,3.218,-2.4785603123479e-05,-0.00432603001652344,0.463606805280808,0
matlab_broad_s20101_c00,1830.79321889849,1.98984423815733,0.116446608229899,3.22,-3.24358701338189e-05,-0.00329025433213504,0.566186218019963,0
matlab_broad_s20101_c00,1830.79321889849,1.98984423815733,0.116446608229899,3.222,-3.78343466746744e-05,-0.00208693033703199,0.630499528977918,0
matlab_broad_s20101_c00,1830.79321889849,1.98984423815733,0.116446608229899,3.224,-4.07246851243301e-05,-0.000795690089506847,0.653877153356311,0
matlab_broad_s20101_c00,1830.79321889849,1.98984423815733,0.116446608229899,3.226,-4.10133978063482e-05,0.000501102966945436,0.636256691908739,0
matlab_broad_s20101_c00,1830.79321889849,1.98984423815733,0.116446608229899,3.228,-3.87701348421401e-05,0.00172351102395945,0.58009917601876,0
matlab_broad_s20101_c00,1830.79321889849,1.98984423815733,0.116446608229899,3.23,-3.42179198852709e-05,0.0027988564968945,0.490152938626649,0
matlab_broad_s20101_c00,1830.79321889849,1.98984423815733,0.116446608229899,3.232,-2.77142816087871e-05,0.00366594769275092,0.373084751909923,0
matlab_broad_s20101_c00,1830.79321889849,1.98984423815733,0.116446608229899,3.234,-1.9724747208132e-05,0.00427845614140927,0.237005375695063,0
matlab_broad_s20101_c00,1830.79321889849,1.98984423815733,0.116446608229899,3.236,-1.07905846479725e-05,0.00460726638945088,0.0909222422507187,0
matlab_broad_s20101_c00,1830.79321889849,1.98984423815733,0.116446608229899,3.238,-1.49297068924336e-06,0.00464168826869108,-0.0558446153284074,0
matlab_broad_s20101_c00,1830.79321889849,1.98984423815733,0.116446608229899,3.24,7.58409159784543e-06,0.00438949530324126,-0.19424623653921,0
matlab_broad_s20101_c00,1830.79321889849,1.98984423815733,0.116446608229899,3.242,1.58897832924216e-05,0.00387582633078879,-0.31605212683645,0
matlab_broad_s20101_c00,1830.79321889849,1.98984423815733,0.116446608229899,3.244,2.29392294686088e-05,0.00314105607916217,-0.414328925781002,0
matlab_broad_s20101_c00,1830.79321889849,1.98984423815733,0.116446608229899,3.246,2.83411029454417e-05,0.00223780029475864,-0.483823221369063,0
matlab_broad_s20101_c00,1830.79321889849,1.98984423815733,0.116446608229899,3.248,3.18185475697331e-05,0.00122726867998581,-0.521228188266139,0
matlab_broad_s20101_c00,1830.79321889849,1.98984423815733,0.116446608229899,3.25,3.32223587150715e-05,0.000175211841146761,-0.525321555121279,0
matlab_broad_s20101_c00,1830.79321889849,1.98984423815733,0.116446608229899,3.252,3.25358705424096e-05,-0.000852274855433004,-0.496970739030371,0
matlab_broad_s20101_c00,1830.79321889849,1.98984423815733,0.116446608229899,3.254,2.98715280855296e-05,-0.00179282765371739,-0.439009294108738,0
matlab_broad_s20101_c00,1830.79321889849,1.98984423815733,0.116446608229899,3.256,2.54596343351961e-05,-0.00259152433669129,-0.355996595841239,0
matlab_broad_s20101_c00,1830.79321889849,1.98984423815733,0.116446608229899,3.258,1.9630227256063e-05,-0.00320401186841113,-0.253879463213942,0
matlab_broad_s20101_c00,1830.79321889849,1.98984423815733,0.116446608229899,3.26,1.27894320890135e-05,-0.00359887896586776,-0.139579823020537,0
matlab_broad_s20101_c00,1830.79321889849,1.98984423815733,0.116446608229899,3.262,5.39192885590366e-06,-0.0037591530580146,-0.0205362592322861,0
matlab_broad_s20101_c00,1830.79321889849,1.98984423815733,0.116446608229899,3.264,-2.08864120135565e-06,-0.00368285898829438,0.0957708090899463,0
matlab_broad_s20101_c00,1830.79321889849,1.98984423815733,0.116446608229899,3.266,-9.18944103342015e-06,-0.00338263662328142,0.202280570315672,0
matlab_broad_s20101_c00,1830.79321889849,1.98984423815733,0.116446608229899,3.268,-1.54865387361809e-05,-0.00288447250155385,0.292771954529075,0
matlab_broad_s20101_c00,1830.79321889849,1.98984423815733,0.116446608229899,3.27,-2.06196717879594e-05,-0.00222565329008246,0.362218009625849,0
matlab_broad_s20101_c00,1830.79321889849,1.98984423815733,0.116446608229899,3.272,-2.43122637016979e-05,-0.001452093052743,0.407054934754543,0
matlab_broad_s20101_c00,1830.79321889849,1.98984423815733,0.116446608229899,3.274,-2.63856215939435e-05,-0.000615219738546633,0.425352093079198,0
matlab_broad_s20101_c00,1830.79321889849,1.98984423815733,0.116446608229899,3.276,-2.67666370377749e-05,0.000231372824391941,0.416875875028954,0
matlab_broad_s20101_c00,1830.79321889849,1.98984423815733,0.116446608229899,3.278,-2.54887348734198e-05,0.00103529365251139,0.3830470507758,0
matlab_broad_s20101_c00,1830.79321889849,1.98984423815733,0.116446608229899,3.28,-2.26862384710376e-05,0.00174853617948287,0.326797813105947,0
matlab_broad_s20101_c00,1830.79321889849,1.98984423815733,0.116446608229899,3.282,-1.8582719159806e-05,0.00233028330255017,0.252340672435914,0
matlab_broad_s20101_c00,1830.79321889849,1.98984423815733,0.116446608229899,3.284,-1.34742484309492e-05,0.00274917604544361,0.164866378121781,0
matlab_broad_s20101_c00,1830.79321889849,1.98984423815733,0.116446608229899,3.286,-7.70875413371235e-06,0.00298492433838692,0.0701918280173903,0
matlab_broad_s20101_c00,1830.79321889849,1.98984423815733,0.116446608229899,3.288,-1.66288112640395e-06,0.00302918295669691,-0.0256187003468867,0
matlab_broad_s20101_c00,1830.79321889849,1.98984423815733,0.116446608229899,3.29,4.28213673301864e-06,0.00288566343690724,-0.116634806825662,0
matlab_broad_s20101_c00,1830.79321889849,1.98984423815733,0.116446608229899,3.292,9.76407619691529e-06,0.00256950075621236,-0.197420183500957,0
matlab_broad_s20101_c00,1830.79321889849,1.98984423815733,0.116446608229899,3.294,1.44613622425545e-05,0.00210593876107488,-0.263350341461182,0
matlab_broad_s20101_c00,1830.79321889849,1.98984423815733,0.116446608229899,3.296,1.81114789195993e-05,0.00152843807726532,-0.310869737143253,0
matlab_broad_s20101_c00,1830.79321889849,1.98984423815733,0.116446608229899,3.298,2.05251295931764e-05,0.000876342265270469,-0.337674521234412,0
matlab_broad_s20101_c00,1830.79321889849,1.98984423815733,0.116446608229899,3.3,2.15954185497258e-05,0.000192260591206014,-0.342812170114362,0
matlab_broad_s20101_c00,1830.79321889849,1.98984423815733,0.116446608229899,3.302,2.13016565726191e-05,-0.000480662109511392,-0.326694665079784,0
matlab_broad_s20101_c00,1830.79321889849,1.98984423815733,0.116446608229899,3.304,1.97077370650817e-05,-0.00110141678225158,-0.291027313339226,0
matlab_broad_s20101_c00,1830.79321889849,1.98984423815733,0.116446608229899,3.306,1.69553649977643e-05,-0.00163358040713655,-0.238660422348074,0
matlab_broad_s20101_c00,1830.79321889849,1.98984423815733,0.116446608229899,3.308,1.3252728020015e-05,-0.00204740189719648,-0.173375541198777,0
matlab_broad_s20101_c00,1830.79321889849,1.98984423815733,0.116446608229899,3.31,8.85945957573215e-06,-0.00232140760152083,-0.0996216132903755,0
matlab_broad_s20101_c00,1830.79321889849,1.98984423815733,0.116446608229899,3.312,4.06894335036886e-06,-0.00244344381644695,-0.022218949386754,0
matlab_broad_s20101_c00,1830.79321889849,1.98984423815733,0.116446608229899,3.314,-8.10863373100005e-07,-0.00241111110615196,0.0539496925033256,0
matlab_broad_s20101_c00,1830.79321889849,1.98984423815733,0.116446608229899,3.316,-5.47685834855854e-06,-0.00223158415553594,0.124241489032484,0
matlab_broad_s20101_c00,1830.79321889849,1.98984423815733,0.116446608229899,3.318,-9.64927168726037e-06,-0.00192084887821994,0.184531018736234,0
matlab_broad_s20101_c00,1830.79321889849,1.98984423815733,0.116446608229899,3.32,-1.30880874917308e-05,-0.0015024232748326,0.231446587707396,0
matlab_broad_s20101_c00,1830.79321889849,1.98984423815733,0.116446608229899,3.322,-1.56064689557996e-05,-0.00100565805150229,0.262552262185307,0
matlab_broad_s20101_c00,1830.79321889849,1.98984423815733,0.116446608229899,3.324,-1.70804619759751e-05,-0.000463735627129253,0.276466237328105,0
matlab_broad_s20101_c00,1830.79321889849,1.98984423815733,0.116446608229899,3.326,-1.74545055425817e-05,8.84992787651108e-05,0.272910401511319,0
matlab_broad_s20101_c00,1830.79321889849,1.98984423815733,0.116446608229899,3.328,-1.67425509057206e-05,0.000616738402994548,0.252690359598226,0
matlab_broad_s20101_c00,1830.79321889849,1.98984423815733,0.116446608229899,3.33,-1.50248682186206e-05,0.00108930183361355,0.217609480065196,0
matlab_broad_s20101_c00,1830.79321889849,1.98984423815733,0.116446608229899,3.332,-1.24408819318902e-05,0.00147899798387819,0.170324468552984,0
matlab_broad_s20101_c00,1830.79321889849,1.98984423815733,0.116446608229899,3.334,-9.17860897373337e-06,0.00176464505078716,0.114153314410725,0
matlab_broad_s20101_c00,1830.79321889849,1.98984423815733,0.116446608229899,3.336,-5.46146339030294e-06,0.00193217176322799,0.0528490213977682,0
matlab_broad_s20101_c00,1830.79321889849,1.98984423815733,0.116446608229899,3.338,-1.53332742314527e-06,0.00197524385942193,-0.00964581262653315,0
matlab_broad_s20101_c00,1830.79321889849,1.98984423815733,0.116446608229899,3.34,2.35713462329352e-06,0.00189539369988936,-0.0694478305555726,0
matlab_broad_s20101_c00,1830.79321889849,1.98984423815733,0.116446608229899,3.342,5.97192960572754e-06,0.00170166173781672,-0.122969747662567,0
matlab_broad_s20101_c00,1830.79321889849,1.98984423815733,0.116446608229899,3.344,9.09801332737867e-06,0.00140978829587708,-0.167131018400831,0
matlab_broad_s20101_c00,1830.79321889849,1.98984423815733,0.116446608229899,3.346,1.15595543082395e-05,0.0010410204624275,-0.199530261663844,0
matlab_broad_s20101_c00,1830.79321889849,1.98984423815733,0.116446608229899,3.348,1.32274969966586e-05,0.000620620412225721,-0.218570125336617,0
matlab_broad_s20101_c00,1830.79321889849,1.98984423815733,0.116446608229899,3.35,1.40259270253803e-05,0.000176176919293765,-0.223528508990106,0
matlab_broad_s20101_c00,1830.79321889849,1.98984423815733,0.116446608229899,3.352,1.3934954496462e-05,-0.000264169486026879,-0.214573566786797,0
matlab_broad_s20101_c00,1830.79321889849,1.98984423815733,0.116446608229899,3.354,1.29900549586064e-05,-0.000673475663814186,-0.192723456726611,0
matlab_broad_s20101_c00,1830.79321889849,1.98984423815733,0.116446608229899,3.356,1.12780276152853e-05,-0.00102761260792463,-0.159755167938856,0
matlab_broad_s20101_c00,1830.79321889849,1.98984423815733,0.116446608229899,3.358,8.9299329784473e-06,-0.00130665480644822,-0.118069743836107,0
matlab_broad_s20101_c00,1830.79321889849,1.98984423815733,0.116446608229899,3.36,6.11154577399835e-06,-0.00149596441449498,-0.0705236546962308,0
matlab_broad_s20101_c00,1830.79321889849,1.98984423815733,0.116446608229899,3.362,3.01199371310233e-06,-0.00158691381720777,-0.0202378273228607,0
matlab_broad_s20101_c00,1830.79321889849,1.98984423815733,0.116446608229899,3.364,-1.68658219809887e-07,-0.00157721429505682,0.0296031731185496,0
matlab_broad_s20101_c00,1830.79321889849,1.98984423815733,0.116446608229899,3.366,-3.23207898361795e-06,-0.00147084381248551,0.0759491281548973,0
matlab_broad_s20101_c00,1830.79321889849,1.98984423815733,0.116446608229899,3.368,-5.99381035261735e-06,-0.00127759183888715,0.116067237283357,0
matlab_broad_s20101_c00,1830.79321889849,1.98984423815733,0.116446608229899,3.37,-8.29414480269489e-06,-0.00101226206127607,0.14769951785556,0
matlab_broad_s20101_c00,1830.79321889849,1.98984423815733,0.116446608229899,3.372,-1.00071157990613e-05,-0.000693593514544129,0.169185716129204,0
matlab_broad_s20101_c00,1830.79321889849,1.98984423815733,0.116446608229899,3.374,-1.10471110101682e-05,-0.000342975938719698,0.179545329307019,0
matlab_broad_s20101_c00,1830.79321889849,1.98984423815733,0.116446608229899,3.376,-1.13727816043333e-05,1.69547194860436e-05,0.17851506803279,0
matlab_broad_s20101_c00,1830.79321889849,1.98984423815733,0.116446608229899,3.378,-1.09880980541796e-05,0.000363750259102024,0.166540952491237,0
matlab_broad_s20101_c00,1830.79321889849,1.98984423815733,0.116446608229899,3.38,-9.94058338559532e-06,0.000676524455342245,0.144727052346042,0
matlab_broad_s20101_c00,1830.79321889849,1.98984423815733,0.116446608229899,3.382,-8.31692735242448e-06,0.000937185060964842,0.114745479566586,0
matlab_broad_s20101_c00,1830.79321889849,1.98984423815733,0.116446608229899,3.384,-6.23633925182676e-06,0.00113145259030778,0.0787144712478566,0
matlab_broad_s20101_c00,1830.79321889849,1.98984423815733,0.116446608229899,3.386,-3.84212414820619e-06,0.00124961039534237,0.0390531322527679,0
matlab_broad_s20101_c00,1830.79321889849,1.98984423815733,0.116446608229899,3.388,-1.29206024539241e-06,0.00128694893260205,-0.00167744501653955,0
matlab_broad_s20101_c00,1830.79321889849,1.98984423815733,0.116446608229899,3.39,1.25179053533941e-06,0.00124388717321926,-0.0409364550895084,0
matlab_broad_s20101_c00,1830.79321889849,1.98984423815733,0.116446608229899,3.392,3.63319309156386e-06,0.00112577453636787,-0.0763589544152713,0
matlab_broad_s20101_c00,1830.79321889849,1.98984423815733,0.116446608229899,3.394,5.71115165448465e-06,0.000942396260279449,-0.105895394268283,0
matlab_broad_s20101_c00,1830.79321889849,1.98984423815733,0.116446608229899,3.396,7.36806887465811e-06,0.000707222593406352,-0.127927069419447,0
matlab_broad_s20101_c00,1830.79321889849,1.98984423815733,0.116446608229899,3.398,8.51619181534037e-06,0.000436456586350374,-0.141351191761829,0
matlab_broad_s20101_c00,1830.79321889849,1.98984423815733,0.116446608229899,3.4,9.10200598637714e-06,0.000147945810554927,-0.145631377458796,0
matlab_broad_s20101_c00,1830.79321889849,1.98984423815733,0.116446608229899,3.402,9.10837612944148e-06,-0.000139970496626264,-0.140811604700088,0
matlab_broad_s20101_c00,1830.79321889849,1.98984423815733,0.116446608229899,3.404,8.55437780017741e-06,-0.000409605791804963,-0.127494010941142,0
matlab_broad_s20101_c00,1830.79321889849,1.98984423815733,0.116446608229899,3.406,7.49290768597847e-06,-0.000644991998993782,-0.106783109937535,0
matlab_broad_s20101_c00,1830.79321889849,1.98984423815733,0.116446608229899,3.408,6.00629424884448e-06,-0.000832803793014111,-0.0802009873401435,0
matlab_broad_s20101_c00,1830.79321889849,1.98984423815733,0.116446608229899,3.41,4.20024581578343e-06,-0.000963089304106738,-0.0495796652422628,0
matlab_broad_s20101_c00,1830.79321889849,1.98984423815733,0.116446608229899,3.412,2.19656415811597e-06,-0.00102976880984338,-0.016938022177161,0
matlab_broad_s20101_c00,1830.79321889849,1.98984423815733,0.116446608229899,3.414,1.25113141302718e-07,-0.00103087854019517,0.0156486432748447,0
matlab_broad_s20101_c00,1830.79321889849,1.98984423815733,0.116446608229899,3.416,-1.88443860902066e-06,-0.000968553165346136,0.0461781364350457,0
matlab_broad_s20101_c00,1830.79321889849,1.98984423815733,0.116446608229899,3.418,-3.71058561617932e-06,-0.000848756822585639,0.0728420431148653,0
matlab_broad_s20101_c00,1830.79321889849,1.98984423815733,0.116446608229899,3.42,-5.24718374334999e-06,-0.000680787672026344,0.0941304346159162,0
matlab_broad_s20101_c00,1830.79321889849,1.98984423815733,0.116446608229899,3.422,-6.40946184578241e-06,-0.000476594059037055,0.108914698497036,0
matlab_broad_s20101_c00,1830.79321889849,1.98984423815733,0.116446608229899,3.424,-7.13851703836176e-06,-0.00024995066796183,0.116504136011478,0
matlab_broad_s20101_c00,1830.79321889849,1.98984423815733,0.116446608229899,3.426,-7.40406807010657e-06,-1.55500365128355e-05,0.116673726887338,0
matlab_broad_s20101_c00,1830.79321889849,1.98984423815733,0.116446608229899,3.428,-7.20535599786213e-06,0.00021193185477342,0.109662322627048,0
matlab_broad_s20101_c00,1830.79321889849,1.98984423815733,0.116446608229899,3.43,-6.57019901314649e-06,0.000418737581876516,0.0961423729352614,0
matlab_broad_s20101_c00,1830.79321889849,1.98984423815733,0.116446608229899,3.432,-5.55232156324782e-06,0.000592843482429481,0.077164003452609,0
matlab_broad_s20101_c00,1830.79321889849,1.98984423815733,0.116446608229899,3.434,-4.22718000022933e-06,0.000724640848478525,0.0540777456563812,0
matlab_broad_s20101_c00,1830.79321889849,1.98984423815733,0.116446608229899,3.436,-2.68659198699377e-06,0.000807445716659001,0.0284413881620136,0
matlab_broad_s20101_c00,1830.79321889849,1.98984423815733,0.116446608229899,3.438,-1.03254013525264e-06,0.000837811662823395,0.00191721142697563,0
matlab_broad_s20101_c00,1830.79321889849,1.98984423815733,0.116446608229899,3.44,6.29441312640769e-07,0.000815632982985377,-0.0238337511131493,0
matlab_broad_s20101_c00,1830.79321889849,1.98984423815733,0.116446608229899,3.442,2.19687603840586e-06,0.000744038957366939,-0.0472538227587669,0
matlab_broad_s20101_c00,1830.79321889849,1.98984423815733,0.116446608229899,3.444,3.57654508565596e-06,0.000629092719069608,-0.0669810064094968,0
matlab_broad_s20101_c00,1830.79321889849,1.98984423815733,0.116446608229899,3.446,4.68990870118323e-06,0.00047931981120111,-0.0819261716330778,0
matlab_broad_s20101_c00,1830.79321889849,1.98984423815733,0.116446608229899,3.448,5.47744326736189e-06,0.000305101147520063,-0.0913308675357762,0
matlab_broad_s20101_c00,1830.79321889849,1.98984423815733,0.116446608229899,3.45,5.90166305859844e-06,0.000117972264378945,-0.0948028569166007,0
matlab_broad_s20101_c00,1830.79321889849,1.98984423815733,0.116446608229899,3.452,5.94868517269713e-06,-7.01248925616709e-05,-0.0923279348840676,0
matlab_broad_s20101_c00,1830.79321889849,1.98984423815733,0.116446608229899,3.454,5.62829033997679e-06,-0.000247590037941269,-0.0842581018644008,0
matlab_broad_s20101_c00,1830.79321889849,1.98984423815733,0.116446608229899,3.456,4.97252640374375e-06,-0.000403866472051566,-0.0712776127578088,0
matlab_broad_s20101_c00,1830.79321889849,1.98984423815733,0.116446608229899,3.458,4.03298931762906e-06,-0.000530055244634535,-0.0543497334647075,0
matlab_broad_s20101_c00,1830.79321889849,1.98984423815733,0.116446608229899,3.46,2.87699330612157e-06,-0.000619406735255469,-0.0346481273587138,0
matlab_broad_s20101_c00,1830.79321889849,1.98984423815733,0.116446608229899,3.462,1.58290303919963e-06,-0.000667663537013691,-0.0134776077383685,0
matlab_broad_s20101_c00,1830.79321889849,1.98984423815733,0.116446608229899,3.464,2.34943040280655e-07,-0.000673238552336428,0.00781051284467793,0
matlab_broad_s20101_c00,1830.79321889849,1.98984423815733,0.116446608229899,3.466,-1.08217889404129e-06,-0.000637222884476959,0.0279030889378026,0
matlab_broad_s20101_c00,1830.79321889849,1.98984423815733,0.116446608229899,3.468,-2.28849736051681e-06,-0.00056322875767354,0.045604616811492,0
matlab_broad_s20101_c00,1830.79321889849,1.98984423815733,0.116446608229899,3.47,-3.31354779984208e-06,-0.000457082668660764,0.0599068041833437,0
matlab_broad_s20101_c00,1830.79321889849,1.98984423815733,0.116446608229899,3.472,-4.10038078903168e-06,-0.000326392672063749,0.0700442893556896,0
matlab_broad_s20101_c00,1830.79321889849,1.98984423815733,0.116446608229899,3.474,-4.60861030243324e-06,-0.000180020639781339,0.0755335484370116,0
matlab_broad_s20101_c00,1830.79321889849,1.98984423815733,0.116446608229899,3.476,-4.81634093220428e-06,-2.74951423332123e-05,0.0761931627206793,0
matlab_broad_s20101_c00,1830.79321889849,1.98984423815733,0.116446608229899,3.478,-4.72089320953396e-06,0.000121596945824532,0.0721448260351748,0
matlab_broad_s20101_c00,1830.79321889849,1.98984423815733,0.116446608229899,3.48,-4.33832279985256e-06,0.000258201986653317,0.0637956771851468,0
matlab_broad_s20101_c00,1830.79321889849,1.98984423815733,0.116446608229899,3.482,-3.70180366261696e-06,0.000374338451765139,0.0518036714297209,0
matlab_broad_s20101_c00,1830.79321889849,1.98984423815733,0.116446608229899,3.484,-2.85901277630564e-06,0.000463551757894265,0.0370286904411853,0
matlab_broad_s20101_c00,1830.79321889849,1.98984423815733,0.116446608229899,3.486,-1.86871080891881e-06,0.000521259916137623,0.0204728765618949,0
matlab_broad_s20101_c00,1830.79321889849,1.98984423815733,0.116446608229899,3.488,-7.96756032190299e-07,0.000544972406219054,0.0032142227589987,0
matlab_broad_s20101_c00,1830.79321889849,1.98984423815733,0.116446608229899,3.49,2.88184339841765e-07,0.000534373074467271,-0.01366227099796,0
matlab_broad_s20101_c00,1830.79321889849,1.98984423815733,0.116446608229899,3.492,1.31895147475384e-06,0.000491266525710808,-0.0291315593746054,0
matlab_broad_s20101_c00,1830.79321889849,1.98984423815733,0.116446608229899,3.494,2.23397443483064e-06,0.000419395892057249,-0.0422895764904991,0
matlab_broad_s20101_c00,1830.79321889849,1.98984423815733,0.116446608229899,3.496,2.98086898367208e-06,0.000324147506854411,-0.0524047704207166,0
matlab_broad_s20101_c00,1830.79321889849,1.98984423815733,0.116446608229899,3.498,3.51935051400394e-06,0.000212164445632596,-0.0589572969106577,0
matlab_broad_s20101_c00,1830.79321889849,1.98984423815733,0.116446608229899,3.5,3.82330499819135e-06,9.08957625612334e-05,-0.0616638765441614,0
matlab_boundary_1,174.999798947141,0.514974461729671,0.260785523444631,0,0,0,0,0
matlab_boundary_1,174.999798947141,0.514974461729671,0.260785523444631,0.002,8.04718858192449e-09,1.2064119249711e-05,0.0120534896374765,0.00315099657414453
matlab_boundary_1,174.999798947141,0.514974461729671,0.260785523444631,0.004,6.43295299482514e-08,4.82324303665532e-05,0.0240988067565116,0.00632071605906113
matlab_boundary_1,174.999798947141,0.514974461729671,0.260785523444631,0.006,2.17017208414993e-07,0.000108455826662377,0.036103222224787,0.0095090276547265
matlab_boundary_1,174.999798947141,0.514974461729671,0.260785523444631,0.008,5.14116869562308e-07,0.000192619949736125,0.0480342279087099,0.0127157959721741
matlab_boundary_1,174.999798947141,0.514974461729671,0.260785523444631,0.01,1.00334161629297e-06,0.000300545717604602,0.0598596226320648,0.0159408809715763
matlab_boundary_1,174.999798947141,0.514974461729671,0.260785523444631,0.012,1.73198223233328e-06,0.000431990023627413,0.0715475969740907,0.0191841379004222
matlab_boundary_1,174.999798947141,0.514974461729671,0.260785523444631,0.014,2.74677997229465e-06,0.000586646603681728,0.0830668166845177,0.0224454172318113
matlab_boundary_1,174.999798947141,0.514974461729671,0.260785523444631,0.016,4.09380125188318e-06,0.000764147068602105,0.0943865044976844,0.0257245646028824
matlab_boundary_1,174.999798947141,0.514974461729671,0.260785523444631,0.018,5.818314565443e-06,0.000964062098469893,0.105476520132998,0.0290214207533994
matlab_boundary_1,174.999798947141,0.514974461729671,0.260785523444631,0.02,7.96466995076592e-06,0.00118590279491687,0.116307438274706,0.0323358214645137
matlab_boundary_1,174.999798947141,0.514974461729671,0.260785523444631,0.022,1.05761813130198e-05,0.00142912218719987,0.126850624330165,0.0356675974977266
matlab_boundary_1,174.999798947141,0.514974461729671,0.260785523444631,0.024,1.36950119107638e-05,0.00169311688740811,0.137078307772558,0.0390165745340717
matlab_boundary_1,174.999798947141,0.514974461729671,0.260785523444631,0.026,1.73620632973591e-05,0.00197722888978413,0.146963652881213,0.0423825731135405
matlab_boundary_1,174.999798947141,0.514974461729671,0.260785523444631,0.028,2.1616868000677e-05,0.00228074750877299,0.15648082670042,0.0457654085747747
matlab_boundary_1,174.999798947141,0.514974461729671,0.260785523444631,0.03,2.64974862128818e-05,0.00260291145006453,0.165605064045782,0.0491648909950468
matlab_boundary_1,174.999798947141,0.514974461729671,0.260785523444631,0.032,3.20404067502613e-05,0.00294291100855972,0.174312729395711,0.0525808251305545
matlab_boundary_1,174.999798947141,0.514974461729671,0.260785523444631,0.034,3.82804525306175e-05,0.0032998903868766,0.18258137551469,0.0560130103570514
matlab_boundary_1,174.999798947141,0.514974461729671,0.260785523444631,0.036,4.5250690802665e-05,0.00367295012771373,0.190389798664253,0.05946124061084
matlab_boundary_1,174.999798947141,0.514974461729671,0.260785523444631,0.038,5.29823483482347e-05,0.00406114965311049,0.197718090267368,0.0629253043301509
matlab_boundary_1,174.999798947141,0.514974461729671,0.260785523444631,0.04,6.15047318638987e-05,0.0044635099033852,0.204547684901917,0.0664049843969347
matlab_boundary_1,174.999798947141,0.514974461729671,0.260785523444631,0.042,7.0845153713954e-05,0.0048790160682934,0.210861404509309,0.0699000580790913
matlab_boundary_1,174.999798947141,0.514974461729671,0.260785523444631,0.044,8.10288632315627e-05,0.00530662040273151,0.216643498714837,0.0734102969731642
matlab_boundary_1,174.999798947141,0.514974461729671,0.260785523444631,0.046,9.20789837293019e-05,0.00574524511911484,0.221879681167215,0.0769354669475262
matlab_boundary_1,174.999798947141,0.514974461729671,0.260785523444631,0.048,0.000104016455364452,0.00619378534838506,0.226557161815773,0.0804753280860834
matlab_boundary_1,174.999798947141,0.514974461729671,0.260785523444631,0.05,0.000116859983988108,0.00665111216145017,0.230664675054964,0.0840296346325259
matlab_boundary_1,174.999798947141,0.514974461729671,0.260785523444631,0.052,0.00013062599609068,0.00711607564273069,0.234192503677214,0.0875981349351527
matlab_boundary_1,174.999798947141,0.514974461729671,0.260785523444631,0.054,0.000145328599939564,0.00758750800737933,0.237132498586592,0.0911805713923003
matlab_boundary_1,174.999798947141,0.514974461729671,0.260785523444631,0.056,0.000160979552987838,0.00806422675365799,0.239478094237313,0.0947766803984036
matlab_boundary_1,174.999798947141,0.514974461729671,0.260785523444631,0.058,0.00017758823561573,0.00854503784189519,0.241224319772699,0.0983861922907183
matlab_boundary_1,174.999798947141,0.514974461729671,0.260785523444631,0.06,0.000195161631249395,0.00902873889141038,0.242367805851821,0.102008831296736
matlab_boundary_1,174.999798947141,0.514974461729671,0.260785523444631,0.062,0.000213704312884326,0.00951412238677728,0.242906787162654,0.105644315482321
matlab_boundary_1,174.999798947141,0.514974461729671,0.260785523444631,0.064,0.00023321843602344,0.00999997888480774,0.242841100632134,0.109292356700602
matlab_boundary_1,174.999798947141,0.514974461729671,0.260785523444631,0.066,0.0002537037380227,0.0104851002136699,0.242172179354991,0.112952660541645
matlab_boundary_1,174.999798947141,0.514974461729671,0.260785523444631,0.068,0.000275157543819984,0.0109682826556098,0.240903042274625,0.11662492628295
matlab_boundary_1,174.999798947141,0.514974461729671,0.260785523444631,0.07,0.00029757477800595,0.0114483301048225,0.239038279660506,0.120308846840785
matlab_boundary_1,174.999798947141,0.514974461729671,0.260785523444631,0.072,0.00032094798317883,0.0119240571921203,0.236584034437722,0.124004108722416
matlab_boundary_1,174.999798947141,0.514974461729671,0.260785523444631,0.074,0.000345267344508477,0.0123942923681671,0.233547979435122,0.127710391979238
matlab_boundary_1,174.999798947141,0.514974461729671,0.260785523444631,0.076,0.000370520720418697,0.0128578809371898,0.229939290629231,0.131427370160866
matlab_boundary_1,174.999798947141,0.514974461729671,0.260785523444631,0.078,0.000396693679280866,0.0133136880332472,0.225768616471497,0.135154710270201
matlab_boundary_1,174.999798947141,0.514974461729671,0.260785523444631,0.08,0.000423769541996173,0.0137606015313161,0.221048043396606,0.138892072719514
matlab_boundary_1,174.999798947141,0.514974461729671,0.260785523444631,0.082,0.000451729430328562,0.0141975348856642,0.215791057619403,0.142639111287585
matlab_boundary_1,174.999798947141,0.514974461729671,0.260785523444631,0.084,0.000480552320835595,0.0146234298882024,0.210012503337539,0.146395473077927
matlab_boundary_1,174.999798947141,0.514974461729671,0.260785523444631,0.086,0.000510215104230092,0.015037259339753,0.203728537466064,0.150160798478136
matlab_boundary_1,174.999798947141,0.514974461729671,0.260785523444631,0.088,0.000540692649991526,0.01543802962743,0.19695658103902,0.153934721120392
matlab_boundary_1,174.999798947141,0.514974461729671,0.260785523444631,0.09,0.000571957876032843,0.0158247832016094,0.189715267421482,0.157716867843168
matlab_boundary_1,174.999798947141,0.514974461729671,0.260785523444631,0.092,0.000603981823215578,0.0161966009462589,0.182024387483441,0.161506858654161
matlab_boundary_1,174.999798947141,0.514974461729671,0.260785523444631,0.094,0.000636733734494047,0.0165526044367093,0.173904831894515,0.165304306694501
matlab_boundary_1,174.999798947141,0.514974461729671,0.260785523444631,0.096,0.000670181138457827,0.0168919580792745,0.165378530705516,0.169108818204262
matlab_boundary_1,174.999798947141,0.514974461729671,0.260785523444631,0.098,0.000704289937030911,0.0172138711274638,0.156468390389534,0.172919992489327
matlab_boundary_1,174.999798947141,0.514974461729671,0.260785523444631,0.1,0.000739024497075779,0.0175175995698855,0.14719822852133,0.176737421889629
matlab_boundary_1,174.999798947141,0.514974461729671,0.260785523444631,0.102,0.000774347745641138,0.0178024478853005,0.137592706279441,0.180560691748822
matlab_boundary_1,174.999798947141,0.514974461729671,0.260785523444631,0.104,0.000810221268583421,0.01806777066066,0.127677258960504,0.184389380385415
matlab_boundary_1,174.999798947141,0.514974461729671,0.260785523444631,0.106,0.000846605412284168,0.0183129740683457,0.117478024699896,0.18822305906541
matlab_boundary_1,174.999798947141,0.514974461729671,0.260785523444631,0.108,0.000883459388178221,0.018537517199223,0.107021771596822,0.192061291976476
matlab_boundary_1,174.999798947141,0.514974461729671,0.260785523444631,0.11,0.000920741379801318,0.0187409132485158,0.0963358234454701,0.195903636203717
matlab_boundary_1,174.999798947141,0.514974461729671,0.260785523444631,0.112,0.000958408652060071,0.0189227305519204,0.0854479842768018,0.199749641707058
matlab_boundary_1,174.999798947141,0.514974461729671,0.260785523444631,0.114,0.000996417662422569,0.0190825934697857,0.0743864619179244,0.203598851300299
matlab_boundary_1,174.999798947141,0.514974461729671,0.260785523444631,0.116,0.0010347241737239,0.019220183117604,0.0631797907778049,0.207450800631875
matlab_boundary_1,174.999798947141,0.514974461729671,0.260785523444631,0.118,0.00107328336827783,0.0193352379414743,0.051856754069339,0.211305018167368
matlab_boundary_1,174.999798947141,0.514974461729671,0.260785523444631,0.12,0.00111204996298355,0.0194275541376213,0.0404463056784705,0.215161025173804
matlab_boundary_1,174.999798947141,0.514974461729671,0.260785523444631,0.122,0.00115097832511514,0.0194969859154764,0.0289774918911733,0.219018335705793
matlab_boundary_1,174.999798947141,0.514974461729671,0.260785523444631,0.124,0.00119002258848057,0.0195434456042447,0.0174793731886568,0.222876456593532
matlab_boundary_1,174.999798947141,0.514974461729671,0.260785523444631,0.126,0.00122913676963761,0.0195669036033064,0.00598094632014829,0.226734887432743
matlab_boundary_1,174.999798947141,0.514974461729671,0.260785523444631,0.128,0.00126827488385504,0.0195673881772139,-0.00548893313896574,0.230593120576559
matlab_boundary_1,174.999798947141,0.514974461729671,0.260785523444631,0.13,0.0013073910605093,0.0195449850964625,-0.0169016275379719,0.234450641129426
matlab_boundary_1,174.999798947141,0.514974461729671,0.260785523444631,0.132,0.00134643965760978,0.01949983712562,-0.0282287930076323,0.238306926943046
matlab_boundary_1,174.999798947141,0.514974461729671,0.260785523444631,0.134,0.0013853753751494,0.0194321433608031,-0.039442454223142,0.242161448614426
matlab_boundary_1,174.999798947141,0.514974461729671,0.260785523444631,0.136,0.00142415336698135,0.0193421584188861,-0.0505150778771509,0.246013669486048
matlab_boundary_1,174.999798947141,0.514974461729671,0.260785523444631,0.138,0.00146272935092835,0.0192301914812138,-0.0614196446709778,0.249863045648236
matlab_boundary_1,174.999798947141,0.514974461729671,0.260785523444631,0.14,0.00150105971683637,0.0190966051949692,-0.072129719636874,0.253709025943744
matlab_boundary_1,174.999798947141,0.514974461729671,0.260785523444631,0.142,0.00153910163229168,0.0189418144357191,-0.0826195206094017,0.25755105197461
matlab_boundary_1,174.999798947141,0.514974461729671,0.260785523444631,0.144,0.00157681314572736,0.0187662849350145,-0.0928639846696592,0.26138855811134
matlab_boundary_1,174.999798947141,0.514974461729671,0.260785523444631,0.146,0.00161415328665357,0.0185705317772719,-0.102838832392218,0.265220971504436
matlab_boundary_1,174.999798947141,0.514974461729671,0.260785523444631,0.148,0.00165108216275461,0.0183551177704955,-0.112520629731186,0.269047712098346
matlab_boundary_1,174.999798947141,0.514974461729671,0.260785523444631,0.15,0.00168756105360533,0.0181206516957189,-0.121886847388773,0.272868192647855
matlab_boundary_1,174.999798947141,0.514974461729671,0.260785523444631,0.152,0.00172355250076944,0.0178677864403522,-0.130915917517116,0.27668181873698
matlab_boundary_1,174.999798947141,0.514974461729671,0.260785523444631,0.154,0.00175902039405294,0.0175972170209113,-0.13958728761182,0.280487988800405
matlab_boundary_1,174.999798947141,0.514974461729671,0.260785523444631,0.156,0.00179393005369719,0.0173096785008795,-0.147881471463779,0.284286094147502
matlab_boundary_1,174.999798947141,0.514974461729671,0.260785523444631,0.158,0.00182824830830777,0.017005943809713,-0.155780097044229,0.288075518988988
matlab_boundary_1,174.999798947141,0.514974461729671,0.260785523444631,0.16,0.00186194356832779,0.0166868214692403,-0.163265951206691,0.291855640466264
matlab_boundary_1,174.999798947141,0.514974461729671,0.260785523444631,0.162,0.00189498589487664,0.0163531532339311,-0.170323021098466,0.295625828683472
matlab_boundary_1,174.999798947141,0.514974461729671,0.260785523444631,0.164,0.00192734706378878,0.0160058116517154,-0.176936532183543,0.299385446742325
matlab_boundary_1,174.999798947141,0.514974461729671,0.260785523444631,0.166,0.00195900062470045,0.0156456975522198,-0.183092982788292,0.303133850779758
matlab_boundary_1,174.999798947141,0.514974461729671,0.260785523444631,0.168,0.00198992195504602,0.0152737374694569,-0.188780175090922,0.306870390008433
matlab_boundary_1,174.999798947141,0.514974461729671,0.260785523444631,0.17,0.00202008830884023,0.0148908810061499,-0.193987242485574,0.310594406760153
matlab_boundary_1,174.999798947141,0.514974461729671,0.260785523444631,0.172,0.00204947886013682,0.0144980981470045,-0.198704673261858,0.314305236532228
matlab_boundary_1,174.999798947141,0.514974461729671,0.260785523444631,0.174,0.00207807474106869,0.0140963765283488,-0.202924330550778,0.318002208036842
matlab_boundary_1,174.999798947141,0.514974461729671,0.260785523444631,0.176,0.00210585907439012,0.0136867186716474,-0.206639468498152,0.32168464325345
matlab_boundary_1,174.999798947141,0.514974461729671,0.260785523444631,0.178,0.00213281700045613,0.0132701391884665,-0.209844744636926,0.32535185748428
matlab_boundary_1,174.999798947141,0.514974461729671,0.260785523444631,0.18,0.00215893569858953,0.0128476619645113,-0.212536228440041,0.329003159412948
matlab_boundary_1,174.999798947141,0.514974461729671,0.260785523444631,0.182,0.00218420440280155,0.0124203173303846,-0.214711406045846,0.332637851166259
matlab_boundary_1,174.999798947141,0.514974461729671,0.260785523444631,0.184,0.00220861441184709,0.0119891392267216,-0.216369181158301,0.336255228379227
matlab_boundary_1,174.999798947141,0.514974461729671,0.260785523444631,0.186,0.00223215909361093,0.0115551623713393,-0.217509872134487,0.339854580263358
matlab_boundary_1,174.999798947141,0.514974461729671,0.260785523444631,0.188,0.00225483388383668,0.0111194194360059,-0.218135205282069,0.343435189678237
matlab_boundary_1,174.999798947141,0.514974461729671,0.260785523444631,0.19,0.00227663627922506,0.0106829382403789,-0.218248304399451,0.346996333206468
matlab_boundary_1,174.999798947141,0.514974461729671,0.260785523444631,0.192,0.0022975658249436,0.0102467389705851,-0.217853676601276,0.350537281232012
matlab_boundary_1,174.999798947141,0.514974461729671,0.260785523444631,0.194,0.00231762409660421,0.00981183142982238,-0.216957194481703,0.354057298021952
matlab_boundary_1,174.999798947141,0.514974461729671,0.260785523444631,0.196,0.00233681467678007,0.00937921232824492,-0.215566074677537,0.357555641811741
matlab_boundary_1,174.999798947141,0.514974461729671,0.260785523444631,0.198,0.00235514312614752,0.0089498626192646,-0.213688852902626,0.361031564893973
matlab_boundary_1,174.999798947141,0.514974461729671,0.260785523444631,0.2,0.00237261694935278,0.00852474488924548,-0.211335355534157,0.364484313710706
matlab_boundary_1,174.999798947141,0.514974461729671,0.260785523444631,0.202,0.00238924555571722,0.00810480080740003,-0.208516667840389,0.367913128949395
matlab_boundary_1,174.999798947141,0.514974461729671,0.260785523444631,0.204,0.00240504021490804,0.00769094864250729,-0.205245098947998,0.371317245642464
matlab_boundary_1,174.999798947141,0.514974461729671,0.260785523444631,0.206,0.00242001400771467,0.0072840808528688,-0.201534143655554,0.374695893270554
matlab_boundary_1,174.999798947141,0.514974461729671,0.260785523444631,0.208,0.00243418177208343,0.00688506175569649,-0.197398441207713,0.378048295869503
matlab_boundary_1,174.999798947141,0.514974461729671,0.260785523444631,0.21,0.00244756004457546,0.00649472528189037,-0.192853731152337,0.381373672141073
matlab_boundary_1,174.999798947141,0.514974461729671,0.260785523444631,0.212,0.00246016699742431,0.00611387282191157,-0.187916806410152,0.384671235567479
matlab_boundary_1,174.999798947141,0.514974461729671,0.260785523444631,0.214,0.00247202237138093,0.00574327116819041,-0.182605463693473,0.387940194529752
matlab_boundary_1,174.999798947141,0.514974461729671,0.260785523444631,0.216,0.00248314740454438,0.00538365055922916,-0.176938451417092,0.391179752429972
matlab_boundary_1,174.999798947141,0.514974461729671,0.260785523444631,0.218,0.00249356475738647,0.00503570283026707,-0.1709354152506,0.394389107817403
matlab_boundary_1,174.999798947141,0.514974461729671,0.260785523444631,0.22,0.00250329843418816,0.00470007967507055,-0.16461684146713,0.39756745451857
matlab_boundary_1,174.999798947141,0.514974461729671,0.260785523444631,0.222,0.00251237370111423,0.00437739102309638,-0.158003998248802,0.400713981771316
matlab_boundary_1,174.999798947141,0.514974461729671,0.260785523444631,0.224,0.00252081700116089,0.00406820353595003,-0.151118875114007,0.403827874362852
matlab_boundary_1,174.999798947141,0.514974461729671,0.260785523444631,0.226,0.00252865586621869,0.00377303922672674,-0.143984120636029,0.406908312771867
matlab_boundary_1,174.999798947141,0.514974461729671,0.260785523444631,0.228,0.00253591882649973,0.00349237420547978,-0.136622978626445,0.409954473314686
matlab_boundary_1,174.999798947141,0.514974461729671,0.260785523444631,0.23,0.00254263531758428,0.00322663755371,-0.129059222960145,0.41296552829555
matlab_boundary_1,174.999798947141,0.514974461729671,0.260785523444631,0.232,0.00254883558534767,0.0029762103304142,-0.121317091221781,0.415940646161008
matlab_boundary_1,174.999798947141,0.514974461729671,0.260785523444631,0.234,0.00255455058903257,0.00274142471186736,-0.113421217355889,0.418878991658484
matlab_boundary_1,174.999798947141,0.514974461729671,0.260785523444631,0.236,0.0025598119027362,0.00252256326694768,-0.105396563504901,0.421779725999017
matlab_boundary_1,174.999798947141,0.514974461729671,0.260785523444631,0.238,0.00256465161558489,0.00231985836944309,-0.0972683512207015,0.424642007024222
matlab_boundary_1,174.999798947141,0.514974461729671,0.260785523444631,0.24,0.00256910223087119,0.00213349174840562,-0.0890619922363299,0.427464989377477
matlab_boundary_1,174.999798947141,0.514974461729671,0.260785523444631,0.242,0.00257319656443035,0.00196359417724634,-0.0808030189849071,0.430247824679383
matlab_boundary_1,174.999798947141,0.514974461729671,0.260785523444631,0.244,0.00257696764253401,0.00181024530188945,-0.0725170150527673,0.4329896617075
matlab_boundary_1,174.999798947141,0.514974461729671,0.260785523444631,0.246,0.00258044859957921,0.00167347360793035,-0.0642295457532557,0.435689646580383
matlab_boundary_1,174.999798947141,0.514974461729671,0.260785523444631,0.248,0.0025836725758505,0.00155325652637092,-0.0559660890065757,0.438346922945947
matlab_boundary_1,174.999798947141,0.514974461729671,0.260785523444631,0.25,0.00258667261563135,0.00144952067713567,-0.0477519667095385,0.440960632174177
matlab_boundary_1,174.999798947141,0.514974461729671,0.260785523444631,0.252,0.00258948156593948,0.00136214224920678,-0.039612276777028,0.443529913554191
matlab_boundary_1,174.999798947141,0.514974461729671,0.260785523444631,0.254,0.00259213197615789,0.00129094751585488,-0.0315718260344921,0.446053904495678
matlab_boundary_1,174.999798947141,0.514974461729671,0.260785523444631,0.256,0.00259465599882981,0.00123571348308652,-0.0236550641377825,0.448531740734726
matlab_boundary_1,174.999798947141,0.514974461729671,0.260785523444631,0.258,0.00259708529188199,0.00119616866908036,-0.0158860186932255,0.450962556544059
matlab_boundary_1,174.999798947141,0.514974461729671,0.260785523444631,0.26,0.00259945092253578,0.0011719940120417,-0.00828823174692595,0.453345484947671
matlab_boundary_1,174.999798947141,0.514974461729671,0.260785523444631,0.262,0.00260178327315985,0.00116282390357157,-0.000884697807969239,0.455679657939895
matlab_boundary_1,174.999798947141,0.514974461729671,0.260785523444631,0.264,0.00260411194931257,0.00116824734432194,0.00630219643456585,0.457964206708896
matlab_boundary_1,174.999798947141,0.514974461729671,0.260785523444631,0.266,0.00260646569021502,0.00118780921839353,0.0132507305460192,0.460198261864597
matlab_boundary_1,174.999798947141,0.514974461729671,0.260785523444631,0.268,0.0026088722818884,0.00122101168262915,0.0199399067827902,0.462380953671053
matlab_boundary_1,174.999798947141,0.514974461729671,0.260785523444631,0.27,0.00261135847318143,0.00126731566666259,0.0263495043879315,0.464511412283257
matlab_boundary_1,174.999798947141,0.514974461729671,0.260785523444631,0.272,0.00261394989490501,0.00132614247930298,0.0324601316087226,0.466588767988396
matlab_boundary_1,174.999798947141,0.514974461729671,0.260785523444631,0.274,0.00261667098228208,0.00139687551656705,0.0382532753058743,0.468612151451543
matlab_boundary_1,174.999798947141,0.514974461729671,0.260785523444631,0.276,0.00261954490091104,0.00147886206641803,0.0437113480309779,0.470580693965795
matlab_boundary_1,174.999798947141,0.514974461729671,0.260785523444631,0.278,0.00262259347643113,0.00157141520503029,0.0488177324560722,0.472493527706833
matlab_boundary_1,174.999798947141,0.514974461729671,0.260785523444631,0.28,0.00262583712806738,0.00167381577917405,0.0535568230467376,0.47434978599192
matlab_boundary_1,174.999798947141,0.514974461729671,0.260785523444631,0.282,0.00262929480622169,0.0017853144691052,0.0579140648779408,0.476148603543303
matlab_boundary_1,174.999798947141,0.514974461729671,0.260785523444631,0.284,0.00263298393426547,0.00190513392615157,0.0618759894998797,0.477889116756032
matlab_boundary_1,174.999798947141,0.514974461729671,0.260785523444631,0.286,0.00263692035467714,0.00203247097900973,0.0654302477693513,0.479570463970163
matlab_boundary_1,174.999798947141,0.514974461729671,0.260785523444631,0.288,0.00264111827965585,0.002166498902606,0.0685656395706098,0.481191785747337
matlab_boundary_1,174.999798947141,0.514974461729671,0.260785523444631,0.29,0.00264559024633015,0.00230636974323177,0.071272140358301,0.482752225151723
matlab_boundary_1,174.999798947141,0.514974461729671,0.260785523444631,0.292,0.00265034707666804,0.00245121669353711,0.073540924463838,0.48425092803529
matlab_boundary_1,174.999798947141,0.514974461729671,0.260785523444631,0.294,0.00265539784218126,0.00260015651085834,0.0753643851154624,0.485687043327403
matlab_boundary_1,174.999798947141,0.514974461729671,0.260785523444631,0.296,0.00266074983350422,0.0027522919722647,0.0767361511312289,0.487059723328701
matlab_boundary_1,174.999798947141,0.514974461729671,0.260785523444631,0.298,0.00266640853491405,0.0029067143596367,0.0776511002532219,0.488368124009243
matlab_boundary_1,174.999798947141,0.514974461729671,0.260785523444631,0.3,0.00267237760384528,0.00306250596803455,0.0781053691004004,0.489611405310883
matlab_boundary_1,174.999798947141,0.514974461729671,0.260785523444631,0.302,0.00267865885543892,0.0032187426305789,0.0780963597266374,0.490788731453851
matlab_boundary_1,174.999798947141,0.514974461729671,0.260785523444631,0.304,0.00268525225215211,0.00337449625304845,0.0776227427796181,0.491899271247491
matlab_boundary_1,174.999798947141,0.514974461729671,0.260785523444631,0.306,0.00269215589844103,0.00352883735139948,0.0766844572654052,0.492942198405134
matlab_boundary_1,174.999798947141,0.514974461729671,0.260785523444631,0.308,0.00269936604051611,0.00368083758543089,0.0752827069325199,0.493916691863057
matlab_boundary_1,174.999798947141,0.514974461729671,0.260785523444631,0.31,0.00270687707115516,0.00382957228185524,0.0734199532983863,0.494821936103481
matlab_boundary_1,174.999798947141,0.514974461729671,0.260785523444631,0.312,0.00271468153954636,0.00397412294009069,0.0710999053498738,0.49565712148158
matlab_boundary_1,174.999798947141,0.514974461729671,0.260785523444631,0.314,0.00272277016612016,0.00411357971416114,0.0683275059584504,0.496421444556425
matlab_boundary_1,174.999798947141,0.514974461729671,0.260785523444631,0.316,0.00273113186231553,0.00424704386418147,0.0651089150590828,0.497114108425843
matlab_boundary_1,174.999798947141,0.514974461729671,0.260785523444631,0.318,0.00273975375521349,0.00437363017101166,0.0614514896504841,0.497734323065111
matlab_boundary_1,174.999798947141,0.514974461729671,0.260785523444631,0.32,0.00274862121695782,0.00449246930778686,0.0573637606825883,0.498281305669441
matlab_boundary_1,174.999798947141,0.514974461729671,0.260785523444631,0.322,0.00275771789887059,0.00460271016217062,0.0528554069051889,0.498754281000196
matlab_boundary_1,174.999798947141,0.514974461729671,0.260785523444631,0.324,0.00276702577015788,0.00470352210333402,0.0479372257595275,0.499152481734768
matlab_boundary_1,174.999798947141,0.514974461729671,0.260785523444631,0.326,0.00277652516108936,0.00479409718783468,0.042621101402188,0.499475148820057
matlab_boundary_1,174.999798947141,0.514974461729671,0.260785523444631,0.328,0.00278619481052373,0.00487365229875592,0.0369199699579871,0.499721531829484
matlab_boundary_1,174.999798947141,0.514974461729671,0.260785523444631,0.33,0.00279601191764127,0.00494143121266636,0.0308477821055612,0.499890889323454
matlab_boundary_1,174.999798947141,0.514974461729671,0.260785523444631,0.332,0.00280595219773362,0.00499670658917499,0.0244194631060902,0.499982489213211
matlab_boundary_1,174.999798947141,0.514974461729671,0.260785523444631,0.334,0.00281598994189118,0.00503878187808344,0.0176508703919874,0.499995609127994
matlab_boundary_1,174.999798947141,0.514974461729671,0.260785523444631,0.336,0.00282609808041839,0.0050669931393777,0.0105587488384534,0.499929536785415
matlab_boundary_1,174.999798947141,0.514974461729671,0.260785523444631,0.338,0.00283624824979808,0.00508071077155222,0.00316068384649445,0.499783570364979
matlab_boundary_1,174.999798947141,0.514974461729671,0.260785523444631,0.34,0.00284641086301715,0.00507934114402292,-0.00452494762863843,0.499557018884649
matlab_boundary_1,174.999798947141,0.514974461729671,0.260785523444631,0.342,0.00285655518305798,0.00506232812965756,-0.0124790279646929,0.499249202580377
matlab_boundary_1,174.999798947141,0.514974461729671,0.260785523444631,0.344,0.00286664939935181,0.00502915453373532,-0.0206817515318492,0.49885945328849
matlab_boundary_1,174.999798947141,0.514974461729671,0.260785523444631,0.346,0.00287666070698364,0.00497934341593778,-0.0291126789767088,0.49838711483085
matlab_boundary_1,174.999798947141,0.514974461729671,0.260785523444631,0.348,0.00288655538843153,0.00491245930227336,-0.0377507929794233,0.497831543402672
matlab_boundary_1,174.999798947141,0.514974461729671,0.260785523444631,0.35,0.00289629889761738,0.00482810928414285,-0.0465745553292313,0.497192107962907
matlab_boundary_1,174.999798947141,0.514974461729671,0.260785523444631,0.352,0.00290585594604082,0.00472594400206664,-0.0555619651607555,0.496468190627066
matlab_boundary_1,174.999798947141,0.514974461729671,0.260785523444631,0.354,0.0029151905907634,0.00460565851191176,-0.0646906181909384,0.495659187062395
matlab_boundary_1,174.999798947141,0.514974461729671,0.260785523444631,0.356,0.00292426632400626,0.00446699303177931,-0.0739377667944531,0.494764506885262
matlab_boundary_1,174.999798947141,0.514974461729671,0.260785523444631,0.358,0.00293304616412078,0.00430973356803888,-0.0832803807538532,0.493783574060657
matlab_boundary_1,174.999798947141,0.514974461729671,0.260785523444631,0.36,0.00294149274768961,0.0041337124193252,-0.0926952085195524,0.492715827303662
matlab_boundary_1,174.999798947141,0.514974461729671,0.260785523444631,0.362,0.00294956842251282,0.00393880855764292,-0.102158838814041,0.491560720482792
matlab_boundary_1,174.999798947141,0.514974461729671,0.260785523444631,0.364,0.00295723534123287,0.00372494788605679,-0.111647762414479,0.490317723025043
matlab_boundary_1,174.999798947141,0.514974461729671,0.260785523444631,0.366,0.00296445555535147,0.00349210337277638,-0.121138433948007,0.488986320322548
matlab_boundary_1,174.999798947141,0.514974461729671,0.260785523444631,0.368,0.00297119110939099,0.00324029506177492,-0.130607333534737,0.487566014140676
matlab_boundary_1,174.999798947141,0.514974461729671,0.260785523444631,0.37,0.00297740413495409,0.00296958996041114,-0.140031028114468,0.486056323027451
matlab_boundary_1,174.999798947141,0.514974461729671,0.260785523444631,0.372,0.00298305694443614,0.00268010180484942,-0.149386232294673,0.484456782724142
matlab_boundary_1,174.999798947141,0.514974461729671,0.260785523444631,0.374,0.00298811212414725,0.00237199070439656,-0.158649868559234,0.482766946576865
matlab_boundary_1,174.999798947141,0.514974461729671,0.260785523444631,0.376,0.00299253262660307,0.00204546266619221,-0.167799126679788,0.480986385949066
matlab_boundary_1,174.999798947141,0.514974461729671,0.260785523444631,0.378,0.0029962818617467,0.0017007690020037,-0.176811522174275,0.479114690634711
matlab_boundary_1,174.999798947141,0.514974461729671,0.260785523444631,0.38,0.00299932378686803,0.00133820561918355,-0.1856649536605,0.477151469272029
matlab_boundary_1,174.999798947141,0.514974461729671,0.260785523444631,0.382,0.0030016229949911,0.000958112198148941,-0.194337758956079,0.475096349757658
matlab_boundary_1,174.999798947141,0.514974461729671,0.260785523444631,0.384,0.00300314480150507,0.000560871259035735,-0.202808769780078,0.472948979661001
matlab_boundary_1,174.999798947141,0.514974461729671,0.260785523444631,0.386,0.00300385532882019,0.000146907120464717,-0.211057364916028,0.470709026638647
matlab_boundary_1,174.999798947141,0.514974461729671,0.260785523444631,0.388,0.003003721588836,-0.000283315246366178,-0.219063521700628,0.468376178848667
matlab_boundary_1,174.999798947141,0.514974461729671,0.260785523444631,0.39,0.00300271156301593,-0.000729291464783586,-0.226807865707543,0.465950145364621
matlab_boundary_1,174.999798947141,0.514974461729671,0.260785523444631,0.392,0.00300079427986961,-0.00119047909719838,-0.23427171850102,0.463430656589071
matlab_boundary_1,174.999798947141,0.514974461729671,0.260785523444631,0.394,0.00299793988965192,-0.00166629908314233,-0.241437143339741,0.460817464666448
matlab_boundary_1,174.999798947141,0.514974461729671,0.260785523444631,0.396,0.00299411973609594,-0.00215613726656773,-0.248286988717319,0.458110343895052
matlab_boundary_1,174.999798947141,0.514974461729671,0.260785523444631,0.398,0.00298930642500571,-0.00265934600797463,-0.254804929632071,0.455309091138014
matlab_boundary_1,174.999798947141,0.514974461729671,0.260785523444631,0.4,0.00298347388954383,-0.00317524587672262,-0.260975506485242,0.45241352623301
matlab_boundary_1,174.999798947141,0.514974461729671,0.260785523444631,0.402,0.00297659745205823,-0.0037031274186885,-0.266784161513617,0.449423492400541
matlab_boundary_1,174.999798947141,0.514974461729671,0.260785523444631,0.404,0.00296865388230237,-0.00424225299425062,-0.272217272669436,0.44633885665056
matlab_boundary_1,174.999798947141,0.514974461729671,0.260785523444631,0.406,0.00295962145191361,-0.0047918586814133,-0.277262184867716,0.443159510187253
matlab_boundary_1,174.999798947141,0.514974461729671,0.260785523444631,0.408,0.0029494799850245,-0.00535115623873239,-0.281907238528496,0.439885368811747
matlab_boundary_1,174.999798947141,0.514974461729671,0.260785523444631,0.41,0.00293821090489302,-0.00591933512256552,-0.286141795349018,0.436516373322555
matlab_boundary_1,174.999798947141,0.514974461729671,0.260785523444631,0.412,0.00292579727644867,-0.00649556455304856,-0.289956261248587,0.433052489913511
matlab_boundary_1,174.999798947141,0.514974461729671,0.260785523444631,0.414,0.00291222384466255,-0.0070789956230926,-0.293342106436637,0.429493710568998
matlab_boundary_1,174.999798947141,0.514974461729671,0.260785523444631,0.416,0.00289747706866137,-0.00766876344460521,-0.296291882562461,0.425840053456227
matlab_boundary_1,174.999798947141,0.514974461729671,0.260785523444631,0.418,0.00288154515151659,-0.0082639893260643,-0.298799236913043,0.422091563314357
matlab_boundary_1,174.999798947141,0.514974461729671,0.260785523444631,0.42,0.00286441806565198,-0.00886378297551405,-0.300858923633491,0.418248311840203
matlab_boundary_1,174.999798947141,0.514974461729671,0.260785523444631,0.422,0.00284608757382487,-0.00946724472300907,-0.30246681195265,0.414310398070313
matlab_boundary_1,174.999798947141,0.514974461729671,0.260785523444631,0.424,0.00282654724564789,-0.0100734677565069,-0.303619891404583,0.410277948759171
matlab_boundary_1,174.999798947141,0.514974461729671,0.260785523444631,0.426,0.00280579246963063,-0.0106815403651977,-0.304316274044693,0.406151118753285
matlab_boundary_1,174.999798947141,0.514974461729671,0.260785523444631,0.428,0.00278382046073213,-0.011290548184266,-0.304555193667345,0.401930091360915
matlab_boundary_1,174.999798947141,0.514974461729671,0.260785523444631,0.43,0.00276063026342743,-0.0118995764351011,-0.304337002039828,0.39761507871719
matlab_boundary_1,174.999798947141,0.514974461729671,0.260785523444631,0.432,0.00273622275030322,-0.0125077121550104,-0.303663162175494,0.393206322144373
matlab_boundary_1,174.999798947141,0.514974461729671,0.260785523444631,0.434,0.00271060061620943,-0.0131140464105428,-0.302536238676693,0.388704092507007
matlab_boundary_1,174.999798947141,0.514974461729671,0.260785523444631,0.436,0.00268376836800546,-0.0137176764885998,-0.300959885185934,0.384108690561704
matlab_boundary_1,174.999798947141,0.514974461729671,0.260785523444631,0.438,0.00265573230995124,-0.0143177080595949,-0.298938828991255,0.379420447301292
matlab_boundary_1,174.999798947141,0.514974461729671,0.260785523444631,0.44,0.0026265005248045,-0.0149132573070217,-0.296478852839247,0.374639724293081
matlab_boundary_1,174.999798947141,0.514974461729671,0.260785523444631,0.442,0.00259608285069722,-0.0155034530179064,-0.293586774016488,0.369766914010976
matlab_boundary_1,174.999798947141,0.514974461729671,0.260785523444631,0.444,0.00256449085387478,-0.0160874386287473,-0.290270420767167,0.364802440161162
matlab_boundary_1,174.999798947141,0.514974461729671,0.260785523444631,0.446,0.00253173779739211,-0.0166643742216876,-0.286538606121628,0.359746758001098
matlab_boundary_1,174.999798947141,0.514974461729671,0.260785523444631,0.448,0.00249783860587152,-0.0172334384658242,-0.282401099217141,0.354600354651553
matlab_boundary_1,174.999798947141,0.514974461729671,0.260785523444631,0.45,0.00246280982643694,-0.0177938304987222,-0.277868594198681,0.349363749401392
matlab_boundary_1,174.999798947141,0.514974461729671,0.260785523444631,0.452,0.00242666958594883,-0.0183447717433895,-0.272952676793582,0.344037494004854
matlab_boundary_1,174.999798947141,0.514974461729671,0.260785523444631,0.454,0.00238943754467358,-0.0188855076561571,-0.267665788659832,0.338622172971032
matlab_boundary_1,174.999798947141,0.514974461729671,0.260785523444631,0.456,0.00235113484652982,-0.0194153094011176,-0.262021189613355,0.333118403845277
matlab_boundary_1,174.999798947141,0.514974461729671,0.260785523444631,0.458,0.00231178406606276,-0.0199334754469884,-0.256032917844877,0.32752683748224
matlab_boundary_1,174.999798947141,0.514974461729671,0.260785523444631,0.46,0.00227140915230567,-0.0204393330824954,-0.249715748241951,0.321848158310272
matlab_boundary_1,174.999798947141,0.514974461729671,0.260785523444631,0.462,0.00223003536969519,-0.0209322398466046,-0.243085148936328,0.316083084586893
matlab_boundary_1,174.999798947141,0.514974461729671,0.260785523444631,0.464,0.00218768923621409,-0.0214115848701785,-0.23615723620115,0.310232368645037
matlab_boundary_1,174.999798947141,0.514974461729671,0.260785523444631,0.466,0.00214439845894211,-0.0218767901258831,-0.228948727826385,0.304296797129792
matlab_boundary_1,174.999798947141,0.514974461729671,0.260785523444631,0.468,0.00210019186720105,-0.0223273115834338,-0.221476895104476,0.298277191225343
matlab_boundary_1,174.999798947141,0.514974461729671,0.260785523444631,0.47,0.00205509934348634,-0.0227626402675357,-0.213759513561405,0.29217440687181
matlab_boundary_1,174.999798947141,0.514974461729671,0.260785523444631,0.472,0.002009151752382,-0.0231823032161465,-0.205814812571205,0.285989334971716
matlab_boundary_1,174.999798947141,0.514974461729671,0.260785523444631,0.474,0.0019623808676605,-0.0235858643369682,-0.197661423994371,0.279722901585761
matlab_boundary_1,174.999798947141,0.514974461729671,0.260785523444631,0.476,0.00191481929777303,-0.0239729251603596,-0.189318329982732,0.273376068117633
matlab_boundary_1,174.999798947141,0.514974461729671,0.260785523444631,0.478,0.00186650040993867,-0.0243431254871441,-0.180804810094984,0.266949831487536
matlab_boundary_1,174.999798947141,0.514974461729671,0.260785523444631,0.48,0.00181745825304427,-0.0246961439300812,-0.172140387868369,0.260445224294162
matlab_boundary_1,174.999798947141,0.514974461729671,0.260785523444631,0.482,0.00176772747956836,-0.0250316983480597,-0.163344776992885,0.253863314964791
matlab_boundary_1,174.999798947141,0.514974461729671,0.260785523444631,0.484,0.00171734326674468,-0.0253495461723637,-0.154437827234888,0.247205207893238
matlab_boundary_1,174.999798947141,0.514974461729671,0.260785523444631,0.486,0.0016663412371813,-0.0256494846246588,-0.145439470257044,0.240472043565337
matlab_boundary_1,174.999798947141,0.514974461729671,0.260785523444631,0.488,0.00161475737915218,-0.0259313508266365,-0.136369665481268,0.233664998671672
matlab_boundary_1,174.999798947141,0.514974461729671,0.260785523444631,0.49,0.00156262796677764,-0.0261950218015491,-0.127248346140638,0.226785286207267
matlab_boundary_1,174.999798947141,0.514974461729671,0.260785523444631,0.492,0.00150998948030936,-0.0264404143681593,-0.118095365665134,0.219834155557917
matlab_boundary_1,174.999798947141,0.514974461729671,0.260785523444631,0.494,0.00145687852673452,-0.0266674849279139,-0.108930444544622,0.212812892572886
matlab_boundary_1,174.999798947141,0.514974461729671,0.260785523444631,0.496,0.00140333176091142,-0.02687622914644,-0.0997731178106453,0.205722819623673
matlab_boundary_1,174.999798947141,0.514974461729671,0.260785523444631,0.498,0.00134938580744669,-0.0270666815307395,-0.090642683276361,0.198565295648544
matlab_boundary_1,174.999798947141,0.514974461729671,0.260785523444631,0.5,0.00129507718352102,-0.0272389149037361,-0.0815581506713758,0.191341716182545
matlab_boundary_1,174.999798947141,0.514974461729671,0.260785523444631,0.502,0.00124044222286688,-0.0273930397780991,-0.0725381918053111,0.184053513372708
matlab_boundary_1,174.999798947141,0.514974461729671,0.260785523444631,0.504,0.00118551700109756,-0.027529203631532,-0.0636010918906052,0.176702155978154
matlab_boundary_1,174.999798947141,0.514974461729671,0.260785523444631,0.506,0.00113033726258206,-0.0276475900859725,-0.0547647021514755,0.169289149354814
matlab_boundary_1,174.999798947141,0.514974461729671,0.260785523444631,0.508,0.00107493834905553,-0.0277484179933993,-0.0460463938419664,0.161816035424473
matlab_boundary_1,174.999798947141,0.514974461729671,0.260785523444631,0.51,0.00101935513014897,-0.0278319404311835,-0.0374630137917797,0.154284392627863
matlab_boundary_1,174.999798947141,0.514974461729671,0.260785523444631,0.512,0.000963621936016178,-0.0278984436101557,-0.0290308415940014,0.146695835861521
matlab_boundary_1,174.999798947141,0.514974461729671,0.260785523444631,0.514,0.000907772492228922,-0.0279482456987813,-0.0207655485439595,0.139052016398137
matlab_boundary_1,174.999798947141,0.514974461729671,0.260785523444631,0.516,0.000851839857104726,-0.0279816955670524,-0.0126821584333629,0.13135462179011
matlab_boundary_1,174.999798947141,0.514974461729671,0.260785523444631,0.518,0.000795856361623988,-0.0279991714539066,-0.00479501029843,0.12360537575605
matlab_boundary_1,174.999798947141,0.514974461729671,0.260785523444631,0.52,0.000739853552085409,-0.0280010795621732,0.0028822767848841,0.115806038049953
matlab_boundary_1,174.999798947141,0.514974461729671,0.260785523444631,0.522,0.000683862135640524,-0.0279878525852316,0.0103368367713321,0.107958404312779
matlab_boundary_1,174.999798947141,0.514974461729671,0.260785523444631,0.524,0.000627911928839609,-0.0279599481697305,0.0175565875013318,0.100064305906183
matlab_boundary_1,174.999798947141,0.514974461729671,0.260785523444631,0.526,0.000572031809312328,-0.027917847318876,0.024530259265554,0.0921256097281374
matlab_boundary_1,174.999798947141,0.514974461729671,0.260785523444631,0.528,0.000516249670697379,-0.0278620527409392,0.0312474210106902,0.0841442180101878
matlab_boundary_1,174.999798947141,0.514974461729671,0.260785523444631,0.53,0.000460592380925932,-0.0277930871477625,0.037698504124562,0.0761220680961018
matlab_boundary_1,174.999798947141,0.514974461729671,0.260785523444631,0.532,0.000405085743953982,-0.0277114915081634,0.0438748237454847,0.0680611322016642
matlab_boundary_1,174.999798947141,0.514974461729671,0.260785523444631,0.534,0.000349754465028831,-0.0276178232612365,0.0497685975476562,0.0599634171553806
matlab_boundary_1,174.999798947141,0.514974461729671,0.260785523444631,0.536,0.000294622119564847,-0.027512654494643,0.0553729619613169,0.0518309641198572
matlab_boundary_1,174.999798947141,0.514974461729671,0.260785523444631,0.538,0.000239711125693339,-0.0273965700930554,0.0606819857934797,0.043665848293629
matlab_boundary_1,174.999798947141,0.514974461729671,0.260785523444631,0.54,0.00018504272054105,-0.0272701658619825,0.0656906812221404,0.0354701785932127
matlab_boundary_1,174.999798947141,0.514974461729671,0.260785523444631,0.542,0.000130636940281219,-0.0271340466322505,0.0703950121440687,0.0272460973151741
matlab_boundary_1,174.999798947141,0.514974461729671,0.260785523444631,0.544,7.65126039906094e-05,-0.0269888243504459,0.0747918998634323,0.018995779777995
matlab_boundary_1,174.999798947141,0.514974461729671,0.260785523444631,0.546,2.26873013352487e-05,-0.0268351161606459,0.0788792261157408,0.0107214339435408
matlab_boundary_1,174.999798947141,0.514974461729671,0.260785523444631,0.548,-3.08226159030198e-05,-0.0266735424827648,0.0826558334287537,0.00242530001793104
matlab_boundary_1,174.999798947141,0.514974461729671,0.260785523444631,0.55,-8.39869953575859e-05,-0.0264821728993404,0.108653845741702,0
matlab_boundary_1,174.999798947141,0.514974461729671,0.260785523444631,0.552,-0.000136710696825534,-0.026229903821592,0.143535862595858,0
matlab_boundary_1,174.999798947141,0.514974461729671,0.260785523444631,0.554,-0.000188860428951147,-0.0259083774894379,0.177895955399088,0
matlab_boundary_1,174.999798947141,0.514974461729671,0.260785523444631,0.556,-0.000240298781372862,-0.0255187280332903,0.211644154673263,0
matlab_boundary_1,174.999798947141,0.514974461729671,0.260785523444631,0.558,-0.000290890790638256,-0.025062267567548,0.244692484401425,0
matlab_boundary_1,174.999798947141,0.514974461729671,0.260785523444631,0.56,-0.000340504292032144,-0.024540481974812,0.27695518979666,0
matlab_boundary_1,174.999798947141,0.514974461729671,0.260785523444631,0.562,-0.000389010262522032,-0.0239550262413154,0.308348958224074,0
matlab_boundary_1,174.999798947141,0.514974461729671,0.260785523444631,0.564,-0.000436283153937448,-0.0233077193578279,0.338793132711142,0
matlab_boundary_1,174.999798947141,0.514974461729671,0.260785523444631,0.566,-0.00048220121552926,-0.0226005388014058,0.368209917503835,0
matlab_boundary_1,174.999798947141,0.514974461729671,0.260785523444631,0.568,-0.000526646805086962,-0.0218356146144183,0.396524575149296,0
matlab_boundary_1,174.999798947141,0.514974461729671,0.260785523444631,0.57,-0.000569506687825738,-0.0210152230982964,0.423665614610653,0
matlab_boundary_1,174.999798947141,0.514974461729671,0.260785523444631,0.572,-0.00061067232229101,-0.0201417801404125,0.449564969945461,0
matlab_boundary_1,174.999798947141,0.514974461729671,0.260785523444631,0.574,-0.000650040132565907,-0.01921783419341,0.474158169106429,0
matlab_boundary_1,174.999798947141,0.514974461729671,0.260785523444631,0.576,-0.000687511766106582,-0.0182460589271551,0.497384492451265,0
matlab_boundary_1,174.999798947141,0.514974461729671,0.260785523444631,0.578,-0.000722994336571473,-0.0172292455742831,0.519187120577653,0
matlab_boundary_1,174.999798947141,0.514974461729671,0.260785523444631,0.58,-0.000756400651053285,-0.0161702949910464,0.539513271129514,0
matlab_boundary_1,174.999798947141,0.514974461729671,0.260785523444631,0.582,-0.000787649421166561,-0.0150722094558512,0.558314324251581,0
matlab_boundary_1,174.999798947141,0.514974461729671,0.260785523444631,0.584,-0.000816665457489151,-0.0139380842284814,0.575545936401062,0
matlab_boundary_1,174.999798947141,0.514974461729671,0.260785523444631,0.586,-0.000843379846902388,-0.0127710988935611,0.591168142257439,0
matlab_boundary_1,174.999798947141,0.514974461729671,0.260785523444631,0.588,-0.000867730112422427,-0.0115745085122898,0.605145444504373,0
matlab_boundary_1,174.999798947141,0.514974461729671,0.260785523444631,0.59,-0.000889660355163675,-0.0103516346069063,0.617446891291059,0
matlab_boundary_1,174.999798947141,0.514974461729671,0.260785523444631,0.592,-0.000909121378124518,-0.00910585600268426,0.628046141214134,0
matlab_boundary_1,174.999798947141,0.514974461729671,0.260785523444631,0.594,-0.000926070791535471,-0.0078405995525515,0.636921515695276,0
matlab_boundary_1,174.999798947141,0.514974461729671,0.260785523444631,0.596,-0.000940473099560251,-0.00655933076963587,0.644056038663892,0
matlab_boundary_1,174.999798947141,0.514974461729671,0.260785523444631,0.598,-0.000952299768191085,-0.00526554439319089,0.649437463488669,0
matlab_boundary_1,174.999798947141,0.514974461729671,0.260785523444631,0.6,-0.00096152927423051,-0.00396275491343044,0.653058287136093,0
matlab_boundary_1,174.999798947141,0.514974461729671,0.260785523444631,0.602,-0.000968147135303044,-0.00265448708081179,0.654915751568375,0
matlab_boundary_1,174.999798947141,0.514974461729671,0.260785523444631,0.604,-0.000972145920891116,-0.00134426642524756,0.655011832427344,0
matlab_boundary_1,174.999798947141,0.514974461729671,0.260785523444631,0.606,-0.000973525244440489,-3.56098105996159e-05,0.653353215084706,0
matlab_boundary_1,174.999798947141,0.514974461729671,0.260785523444631,0.608,-0.000972291736630936,0.00126798395038607,0.64995125817264,0
matlab_boundary_1,174.999798947141,0.514974461729671,0.260785523444631,0.61,-0.000968458999958012,0.0025630433958059,0.644821944741728,0
matlab_boundary_1,174.999798947141,0.514974461729671,0.260785523444631,0.612,-0.000962047544821208,0.00384613360441526,0.637985821225819,0
matlab_boundary_1,174.999798947141,0.514974461729671,0.260785523444631,0.614,-0.000953084707362573,0.00511386525135553,0.629467924425349,0
matlab_boundary_1,174.999798947141,0.514974461729671,0.260785523444631,0.616,-0.000941604549347787,0.00636290350606589,0.619297696751913,0
matlab_boundary_1,174.999798947141,0.514974461729671,0.260785523444631,0.618,-0.000927647740428611,0.00758997674917082,0.607508890007343,0
matlab_boundary_1,174.999798947141,0.514974461729671,0.260785523444631,0.62,-0.000911261423171501,0.0087918850857102,0.594139458000215,0
matlab_boundary_1,174.999798947141,0.514974461729671,0.260785523444631,0.622,-0.000892499061281804,0.00996550863271395,0.579231438331373,0
matlab_boundary_1,174.999798947141,0.514974461729671,0.260785523444631,0.624,-0.000871420271496286,0.0111078155598139,0.562830823707777,0
matlab_boundary_1,174.999798947141,0.514974461729671,0.260785523444631,0.626,-0.000848090639658589,0.012215869862331,0.544987423170624,0
matlab_boundary_1,174.999798947141,0.514974461729671,0.260785523444631,0.628,-0.000822581521532587,0.0132868388470742,0.525754713649148,0
matlab_boundary_1,174.999798947141,0.514974461729671,0.260785523444631,0.63,-0.000794969828947264,0.0143180003119334,0.505189682275838,0
matlab_boundary_1,174.999798947141,0.514974461729671,0.260785523444631,0.632,-0.000765337801903716,0.015306749401245,0.483352659921795,0
matlab_boundary_1,174.999798947141,0.514974461729671,0.260785523444631,0.634,-0.000733772767309957,0.0162506051198466,0.460307146432697,0
matlab_boundary_1,174.999798947141,0.514974461729671,0.260785523444631,0.636,-0.000700366885042435,0.0171472164897205,0.436119628066138,0
matlab_boundary_1,174.999798947141,0.514974461729671,0.260785523444631,0.638,-0.000665216882064328,0.0179943683341444,0.410859387650054,0
matlab_boundary_1,174.999798947141,0.514974461729671,0.260785523444631,0.64,-0.000628423775359801,0.0187899866753264,0.384598307999368,0
matlab_boundary_1,174.999798947141,0.514974461729671,0.260785523444631,0.642,-0.000590092584470387,0.0195321437325915,0.357410669143941,0
matlab_boundary_1,174.999798947141,0.514974461729671,0.260785523444631,0.644,-0.000550332034444376,0.0202190625093063,0.329372939935316,0
matlab_boundary_1,174.999798947141,0.514974461729671,0.260785523444631,0.646,-0.000509254250032608,0.02084912095788,0.300563564612528,0
matlab_boundary_1,174.999798947141,0.514974461729671,0.260785523444631,0.648,-0.000466974441984187,0.0214208557133467,0.271062744918527,0
matlab_boundary_1,174.999798947141,0.514974461729671,0.260785523444631,0.65,-0.000423610586313478,0.0219329653872323,0.240952218368268,0
matlab_boundary_1,174.999798947141,0.514974461729671,0.260785523444631,0.652,-0.000379283097425082,0.0223843134146159,0.21031503327754,0
matlab_boundary_1,174.999798947141,0.514974461729671,0.260785523444631,0.654,-0.000334114495996491,0.0227739304485223,0.179235321167813,0
matlab_boundary_1,174.999798947141,0.514974461729671,0.260785523444631,0.656,-0.000288229072528591,0.0231010162970158,0.147798067167036,0
matlab_boundary_1,174.999798947141,0.514974461729671,0.260785523444631,0.658,-0.000241752547482188,0.0233649413996112,0.116088879029206,0
matlab_boundary_1,174.999798947141,0.514974461729671,0.260785523444631,0.66,-0.000194811728924299,0.0235652478408626,0.0841937553967965,0
matlab_boundary_1,174.999798947141,0.514974461729671,0.260785523444631,0.662,-0.000147534168610917,0.0237016499002393,0.0521988539296867,0
matlab_boundary_1,174.999798947141,0.514974461729671,0.260785523444631,0.664,-0.000100047817433553,0.0237740341386452,0.0201902599221477,0
matlab_boundary_1,174.999798947141,0.514974461729671,0.260785523444631,0.666,-5.24806811548721e-05,0.0237824590231744,-0.011746243974336,0
matlab_boundary_1,174.999798947141,0.514974461729671,0.260785523444631,0.668,-4.96047735432062e-06,0.0237271540929301,-0.043525406310008,0
matlab_boundary_1,174.999798947141,0.514974461729671,0.260785523444631,0.67,4.23857055022082e-05,0.0236085186699486,-0.0750627330721715,0
matlab_boundary_1,174.999798947141,0.514974461729671,0.260785523444631,0.672,8.94317459639382e-05,0.0234271201204745,-0.106274711000141,0
matlab_boundary_1,174.999798947141,0.514974461729671,0.260785523444631,0.674,0.000136052823574935,0.0231836916730157,-0.137079027393222,0
matlab_boundary_1,174.999798947141,0.514974461729671,0.260785523444631,0.676,0.000182125748052952,0.0228791298007706,-0.167394785836829,0
matlab_boundary_1,174.999798947141,0.514974461729671,0.260785523444631,0.678,0.000227529282804683,0.0225144911771531,-0.19714271728505,0
matlab_boundary_1,174.999798947141,0.514974461729671,0.260785523444631,0.68,0.000272144461933268,0.0220909892142539,-0.226245385952618,0
matlab_boundary_1,174.999798947141,0.514974461729671,0.260785523444631,0.682,0.000315854899914668,0.021609990195152,-0.254627389485316,0
matlab_boundary_1,174.999798947141,0.514974461729671,0.260785523444631,0.684,0.000358547093142395,0.0210730090120367,-0.282215552895232,0
matlab_boundary_1,174.999798947141,0.514974461729671,0.260785523444631,0.686,0.000400110712565021,0.0204817045231083,-0.308939115766047,0
matlab_boundary_1,174.999798947141,0.514974461729671,0.260785523444631,0.688,0.000440438886667803,0.0198378745421953,-0.334729912253468,0
matlab_boundary_1,174.999798947141,0.514974461729671,0.260785523444631,0.69,0.000479428474078577,0.0191434504759559,-0.359522543427131,0
matlab_boundary_1,174.999798947141,0.514974461729671,0.260785523444631,0.692,0.000516980325108692,0.0184004916244154,-0.383254541522562,0
matlab_boundary_1,174.999798947141,0.514974461729671,0.260785523444631,0.694,0.000552999531572119,0.0176111791614319,-0.405866525695164,0
matlab_boundary_1,174.999798947141,0.514974461729671,0.260785523444631,0.696,0.000587395664259838,0.0167778098124737,-0.427302348892594,0
matlab_boundary_1,174.999798947141,0.514974461729671,0.260785523444631,0.698,0.000620082997482143,0.0159027892478341,-0.447509235487135,0
matlab_boundary_1,174.999798947141,0.514974461729671,0.260785523444631,0.7,0.000650980720128436,0.0149886252101011,-0.466437909335896,0
matlab_boundary_1,174.999798947141,0.514974461729671,0.260785523444631,0.702,0.000680013132732385,0.0140379203953349,-0.484042711963555,0
matlab_boundary_1,174.999798947141,0.514974461729671,0.260785523444631,0.704,0.000707109830069786,0.0130533651079915,-0.500281710590076,0
matlab_boundary_1,174.999798947141,0.514974461729671,0.260785523444631,0.706,0.000732205868857134,0.0120377297101561,-0.515116795754084,0
matlab_boundary_1,174.999798947141,0.514974461729671,0.260785523444631,0.708,0.000755241920160436,0.0109938568861197,-0.528513768311433,0
matlab_boundary_1,174.999798947141,0.514974461729671,0.260785523444631,0.71,0.000776164406166389,0.00992465374374575,-0.540442415617859,0
matlab_boundary_1,174.999798947141,0.514974461729671,0.260785523444631,0.712,0.000794925621011209,0.00883308377442413,-0.550876576734296,0
matlab_boundary_1,174.999798947141,0.514974461729671,0.260785523444631,0.714,0.000811483835406339,0.00772215869370365,-0.559794196523491,0
matlab_boundary_1,174.999798947141,0.514974461729671,0.260785523444631,0.716,0.0008258033848447,0.00659493018492716,-0.567177368536803,0
matlab_boundary_1,174.999798947141,0.514974461729671,0.260785523444631,0.718,0.000837854741215942,0.00545448156836409,-0.573012366620529,0
matlab_boundary_1,174.999798947141,0.514974461729671,0.260785523444631,0.72,0.000847614567704299,0.00430391941844696,-0.577289665201553,0
matlab_boundary_1,174.999798947141,0.514974461729671,0.260785523444631,0.722,0.000855065756887889,0.00314636515176779,-0.580003948242612,0
matlab_boundary_1,174.999798947141,0.514974461729671,0.260785523444631,0.724,0.000860197452003658,0.00198494660847977,-0.581154106887858,0
matlab_boundary_1,174.999798947141,0.514974461729671,0.260785523444631,0.726,0.000863005051387341,0.000822789649677476,-0.580743225849598,0
matlab_boundary_1,174.999798947141,0.514974461729671,0.260785523444631,0.728,0.000863490196142886,-0.000336990206802324,-0.578778558617049,0
matlab_boundary_1,174.999798947141,0.514974461729671,0.260785523444631,0.73,0.000861660741140462,-0.00149129608990911,-0.575271491597565,0
matlab_boundary_1,174.999798947141,0.514974461729671,0.260785523444631,0.732,0.000857530709486433,-0.00263705799623589,-0.570237497330011,0
matlab_boundary_1,174.999798947141,0.514974461729671,0.260785523444631,0.734,0.000851120230652403,-0.00377124090651339,-0.563696076938647,0
matlab_boundary_1,174.999798947141,0.514974461729671,0.260785523444631,0.736,0.000842455462493439,-0.00489085277641395,-0.555670692024078,0
matlab_boundary_1,174.999798947141,0.514974461729671,0.260785523444631,0.738,0.000831568497427835,-0.00599295238075888,-0.546188686215308,0
matlab_boundary_1,174.999798947141,0.514974461729671,0.260785523444631,0.74,0.000818497253092132,-0.00707465699069787,-0.53528119663376,0
matlab_boundary_1,174.999798947141,0.514974461729671,0.260785523444631,0.742,0.000803285347825438,-0.00813314986395711,-0.52298305554616,0
matlab_boundary_1,174.999798947141,0.514974461729671,0.260785523444631,0.744,0.000785981961376337,-0.0091656875288316,-0.509332682508342,0
matlab_boundary_1,174.999798947141,0.514974461729671,0.260785523444631,0.746,0.000766641681263709,-0.0101696068432262,-0.494371967326351,0
matlab_boundary_1,174.999798947141,0.514974461729671,0.260785523444631,0.748,0.000745324335259492,-0.0111423318107253,-0.478146144184478,0
matlab_boundary_1,174.999798947141,0.514974461729671,0.260785523444631,0.75,0.000722094810496754,-0.0120813801363942,-0.460703657312187,0
matlab_boundary_1,174.999798947141,0.514974461729671,0.260785523444631,0.752,0.000697022859740274,-0.012984369505779,-0.442096018583063,0
matlab_boundary_1,174.999798947141,0.514974461729671,0.260785523444631,0.754,0.000670182895389106,-0.0138490235713786,-0.422377657458968,0
matlab_boundary_1,174.999798947141,0.514974461729671,0.260785523444631,0.756,0.000641653771811188,-0.0146731776317093,-0.40160576371148,0
matlab_boundary_1,174.999798947141,0.514974461729671,0.260785523444631,0.758,0.000611518556638982,-0.0154547839889634,-0.379840123370323,0
matlab_boundary_1,174.999798947141,0.514974461729671,0.260785523444631,0.76,0.000579864291682179,-0.0161919169721776,-0.35714294836486,0
matlab_boundary_1,174.999798947141,0.514974461729671,0.260785523444631,0.762,0.00054678174413875,-0.0168827776137781,-0.333578700339788,0
matlab_boundary_1,174.999798947141,0.514974461729671,0.260785523444631,0.764,0.000512365148808914,-0.0175256979683424,-0.309213909139857,0
matlab_boundary_1,174.999798947141,0.514974461729671,0.260785523444631,0.766,0.000476711942037916,-0.0181191450634212,-0.284116986470802,0
matlab_boundary_1,174.999798947141,0.514974461729671,0.260785523444631,0.768,0.000439922488132792,-0.0186617244732893,-0.258358035254553,0
matlab_boundary_1,174.999798947141,0.514974461729671,0.260785523444631,0.77,0.000402099799015537,-0.0191521835075404,-0.232008655206305,0
matlab_boundary_1,174.999798947141,0.514974461729671,0.260785523444631,0.772,0.000363349247890177,-0.0195894140075032,-0.205141745169075,0
matlab_boundary_1,174.999798947141,0.514974461729671,0.260785523444631,0.774,0.00032377827771423,-0.0199724547445359,-0.177831302747909,0
matlab_boundary_1,174.999798947141,0.514974461729671,0.260785523444631,0.776,0.000283496105275835,-0.0203004934153443,-0.150152221791056,0
matlab_boundary_1,174.999798947141,0.514974461729671,0.260785523444631,0.778,0.000242613421686452,-0.0205728682305683,-0.12218008826897,0
matlab_boundary_1,174.999798947141,0.514974461729671,0.260785523444631,0.78,0.00020124209010541,-0.0207890690939847,-0.0939909751041747,0
matlab_boundary_1,174.999798947141,0.514974461729671,0.260785523444631,0.782,0.000159494841516822,-0.0209487383707823,-0.0656612365056232,0
matlab_boundary_1,174.999798947141,0.514974461729671,0.260785523444631,0.784,0.00011748496938133,-0.0210516712444709,-0.0372673023603466,0
matlab_boundary_1,174.999798947141,0.514974461729671,0.260785523444631,0.786,7.53260239849349e-05,-0.0210978156630898,-0.00888547323284077,0
matlab_boundary_1,174.999798947141,0.514974461729671,0.260785523444631,0.788,3.3131507304736e-05,-0.021087271876479,0.0194082834811461,0
matlab_boundary_1,174.999798947141,0.514974461729671,0.260785523444631,0.79,-8.98543079322661e-06,-0.0210202915674641,0.0475385357050152,0
matlab_boundary_1,174.999798947141,0.514974461729671,0.260785523444631,0.792,-5.09122942155927e-05,-0.020897276580882,0.0754305866011719,0
matlab_boundary_1,174.999798947141,0.514974461729671,0.260785523444631,0.794,-9.25375393632682e-05,-0.020718777255438,0.103010671733682,0
matlab_boundary_1,174.999798947141,0.514974461729671,0.260785523444631,0.796,-0.000133750870124497,-0.0204854903644254,0.13020615295653,0
matlab_boundary_1,174.999798947141,0.514974461729671,0.260785523444631,0.798,-0.000174443528364032,-0.0201982566723674,0.156945708521108,0
matlab_boundary_1,174.999798947141,0.514974461729671,0.260785523444631,0.8,-0.000214508579148148,-0.0198580581156364,0.18315951890865,0
matlab_boundary_1,174.999798947141,0.514974461729671,0.260785523444631,0.802,-0.000253841189962315,-0.0194660146160867,0.208779447906775,0
matlab_boundary_1,174.999798947141,0.514974461729671,0.260785523444631,0.804,-0.000292338903197395,-0.0190233805376785,0.233739218463878,0
matlab_boundary_1,174.999798947141,0.514974461729671,0.260785523444631,0.806,-0.000329901901201077,-0.0185315407969932,0.257974582870989,0
matlab_boundary_1,174.999798947141,0.514974461729671,0.260785523444631,0.808,-0.000366433263213995,-0.0179920066394195,0.281423486837634,0
matlab_boundary_1,174.999798947141,0.514974461729671,0.260785523444631,0.81,-0.000401839213534329,-0.0174064110936419,0.304026227046349,0
matlab_boundary_1,174.999798947141,0.514974461729671,0.260785523444631,0.812,-0.000436029360280834,-0.0167765041178729,0.325725601789544,0
matlab_boundary_1,174.999798947141,0.514974461729671,0.260785523444631,0.814,-0.00046891692415186,-0.0161041474520449,0.346467054312556,0
matlab_boundary_1,174.999798947141,0.514974461729671,0.260785523444631,0.816,-0.000500418956607108,-0.0153913091909073,0.366198808507714,0
matlab_boundary_1,174.999798947141,0.514974461729671,0.260785523444631,0.818,-0.000530456546929461,-0.014640058093664,0.384871996626132,0
matlab_boundary_1,174.999798947141,0.514974461729671,0.260785523444631,0.82,-0.000558955017656153,-0.0138525576464307,0.402440778696656,0
matlab_boundary_1,174.999798947141,0.514974461729671,0.260785523444631,0.822,-0.000585844107901681,-0.0130310598943882,0.418862453364798,0
matlab_boundary_1,174.999798947141,0.514974461729671,0.260785523444631,0.824,-0.000611058144129203,-0.0121778990610589,0.434097559888619,0
matlab_boundary_1,174.999798947141,0.514974461729671,0.260785523444631,0.826,-0.000634536197962515,-0.0112954849726357,0.448109971053257,0
matlab_boundary_1,174.999798947141,0.514974461729671,0.260785523444631,0.828,-0.000656222230667022,-0.0103862963057426,0.460866976791009,0
matlab_boundary_1,174.999798947141,0.514974461729671,0.260785523444631,0.83,-0.000676065223965279,-0.00945287367740802,0.472339358319682,0
matlab_boundary_1,174.999798947141,0.514974461729671,0.260785523444631,0.832,-0.00069401929689061,-0.00849781259637974,0.48250145263799,0
matlab_boundary_1,174.999798947141,0.514974461729671,0.260785523444631,0.834,-0.000710043808420861,-0.00752375629520614,0.491331207243282,0
matlab_boundary_1,174.999798947141,0.514974461729671,0.260785523444631,0.836,-0.000724103445673462,-0.0065333884627521,0.498810224963592,0
matlab_boundary_1,174.999798947141,0.514974461729671,0.260785523444631,0.838,-0.000736168297482486,-0.00552942589700665,0.504923798822891,0
matlab_boundary_1,174.999798947141,0.514974461729671,0.260785523444631,0.84,-0.000746213913218265,-0.00451461109817373,0.509660936885463,0
matlab_boundary_1,174.999798947141,0.514974461729671,0.260785523444631,0.842,-0.000754221346750201,-0.00349170482212012,0.513014377052346,0
matlab_boundary_1,174.999798947141,0.514974461729671,0.260785523444631,0.844,-0.000760177185493583,-0.00246347861428069,0.51498059180983,0
matlab_boundary_1,174.999798947141,0.514974461729671,0.260785523444631,0.846,-0.000764073564521397,-0.00143270734409437,0.515559782956882,0
matlab_boundary_1,174.999798947141,0.514974461729671,0.260785523444631,0.848,-0.000765908165762218,-0.000402161759963864,0.514755866365139,0
matlab_boundary_1,174.999798947141,0.514974461729671,0.260785523444631,0.85,-0.000765684202345108,0.000625398915401694,0.51257644685155,0
matlab_boundary_1,174.999798947141,0.514974461729671,0.260785523444631,0.852,-0.000763410388191991,0.00164723432958849,0.509032783269963,0
matlab_boundary_1,174.999798947141,0.514974461729671,0.260785523444631,0.854,-0.000759100892997103,0.0026606302655898,0.504139743953686,0
matlab_boundary_1,174.999798947141,0.514974461729671,0.260785523444631,0.856,-0.00075277528277169,0.00366290580828286,0.497915752666405,0
matlab_boundary_1,174.999798947141,0.514974461729671,0.260785523444631,0.858,-0.000744458446170087,0.00465142039346586,0.490382725243623,0
matlab_boundary_1,174.999798947141,0.514974461729671,0.260785523444631,0.86,-0.00073418050685055,0.00562358072103819,0.481565997131011,0
matlab_boundary_1,174.999798947141,0.514974461729671,0.260785523444631,0.862,-0.000721976722160601,0.00657684751434408,0.471494242049635,0
matlab_boundary_1,174.999798947141,0.514974461729671,0.260785523444631,0.864,-0.000707887368472155,0.00750874210818248,0.460199382040853,0
matlab_boundary_1,174.999798947141,0.514974461729671,0.260785523444631,0.866,-0.000691957613526139,0.00841685284851351,0.447716489165804,0
matlab_boundary_1,174.999798947141,0.514974461729671,0.260785523444631,0.868,-0.00067423737617973,0.00929884128746381,0.434083679155657,0
matlab_boundary_1,174.999798947141,0.514974461729671,0.260785523444631,0.87,-0.000654759713005954,0.0101846218499764,0.451487341442323,0.0084033646870432
matlab_boundary_1,174.999798947141,0.514974461729671,0.260785523444631,0.872,-0.000633469012066531,0.0111152043045089,0.478868986089766,0.0197491958016623
matlab_boundary_1,174.999798947141,0.514974461729671,0.260785523444631,0.874,-0.000610263276946024,0.0120992036519698,0.504893181855899,0.0311036628315689
matlab_boundary_1,174.999798947141,0.514974461729671,0.260785523444631,0.876,-0.000585038447484888,0.0131338172533466,0.529472871540135,0.042460829738621
matlab_boundary_1,174.999798947141,0.514974461729671,0.260785523444631,0.878,-0.000557696240271235,0.0142160723396165,0.552525017734103,0.0538147102460038
matlab_boundary_1,174.999798947141,0.514974461729671,0.260785523444631,0.88,-0.000528144480713966,0.015342834271268,0.57397082076843,0.0651592708163069
matlab_boundary_1,174.999798947141,0.514974461729671,0.260785523444631,0.882,-0.000496297418168842,0.0165108152218662,0.593735924722572,0.0764884337007239
matlab_boundary_1,174.999798947141,0.514974461729671,0.260785523444631,0.884,-0.000462076023293612,0.0177165832612736,0.611750610989276,0.087796080058398
matlab_boundary_1,174.999798947141,0.514974461729671,0.260785523444631,0.886,-0.000425408266858118,0.0189565718131564,0.627949978920447,0.0990760531449115
matlab_boundary_1,174.999798947141,0.514974461729671,0.260785523444631,0.888,-0.000386229379286924,0.0202270894604962,0.642274113117338,0.110322161568827
matlab_boundary_1,174.999798947141,0.514974461729671,0.260785523444631,0.89,-0.000344482090265459,0.0215243300719885,0.654668236965239,0.121528182615121
matlab_boundary_1,174.999798947141,0.514974461729671,0.260785523444631,0.892,-0.000300116847795638,0.0228443832214506,0.665082852050989,0.132687865634292
matlab_boundary_1,174.999798947141,0.514974461729671,0.260785523444631,0.894,-0.00025309201614342,0.0241832448716736,0.673473863140534,0.143794935495824
matlab_boundary_1,174.999798947141,0.514974461729671,0.260785523444631,0.896,-0.000203374052178477,0.0255368282935496,0.679802688433562,0.154843096104669
matlab_boundary_1,174.999798947141,0.514974461729671,0.260785523444631,0.898,-0.000150937659665042,0.0269009751907788,0.684036354852347,0.165826033979267
matlab_boundary_1,174.999798947141,0.514974461729671,0.260785523444631,0.9,-9.57659211228454e-05,0.0282714670000152,0.686147578162884,0.176737421889629
matlab_boundary_1,174.999798947141,0.514974461729671,0.260785523444631,0.902,-3.7850406937721e-05,0.0296440363359492,0.686114827767349,0.187570922553863
matlab_boundary_1,174.999798947141,0.514974461729671,0.260785523444631,0.904,2.28087385372563e-05,0.0310143785505414,0.683922376048526,0.198320192391514
matlab_boundary_1,174.999798947141,0.514974461729671,0.260785523444631,0.906,8.62027340874462e-05,0.0323781633754283,0.679560332188219,0.208978885331965
matlab_boundary_1,174.999798947141,0.514974461729671,0.260785523444631,0.908,0.000152314122084391,0.0337310466164039,0.673024660423461,0.219540656676117
matlab_boundary_1,174.999798947141,0.514974461729671,0.260785523444631,0.91,0.000221116752348664,0.035068681868851,0.664317182745717,0.229999167009446
matlab_boundary_1,174.999798947141,0.514974461729671,0.260785523444631,0.912,0.000292575789438619,0.0363867322230481,0.653445566089772,0.24034808616452
matlab_boundary_1,174.999798947141,0.514974461729671,0.260785523444631,0.914,0.000366647743313838,0.0376808819284126,0.640423294099996,0.250581097230931
matlab_boundary_1,174.999798947141,0.514974461729671,0.260785523444631,0.916,0.000443280523260364,0.0389468479859554,0.625269623602405,0.260691900610563
matlab_boundary_1,174.999798947141,0.514974461729671,0.260785523444631,0.918,0.000522413514903681,0.0401803916385218,0.608009525951097,0.270674218116027
matlab_boundary_1,174.999798947141,0.514974461729671,0.260785523444631,0.92,0.000603977680074872,0.0413773297287685,0.588673613457216,0.280521797110029
matlab_boundary_1,174.999798947141,0.514974461729671,0.260785523444631,0.922,0.00068789567923577,0.0425335458952815,0.567298051147488,0.29022841468336
matlab_boundary_1,174.999798947141,0.514974461729671,0.260785523444631,0.924,0.000774082016110216,0.0436450015777744,0.543924454137364,0.299787881869138
matlab_boundary_1,174.999798947141,0.514974461729671,0.260785523444631,0.926,0.000862443204111019,0.0447077468029108,0.518599770941009,0.309194047890849
matlab_boundary_1,174.999798947141,0.514974461729671,0.260785523444631,0.928,0.000952877954095992,0.0457179307229782,0.491376153076427,0.318440804441667
matlab_boundary_1,174.999798947141,0.514974461729671,0.260785523444631,0.93,0.00104527738293158,0.0466718118803898,0.462310811359144,0.32752208999248
matlab_boundary_1,174.999798947141,0.514974461729671,0.260785523444631,0.932,0.00113952524228946,0.0475657681718148,0.431465859311583,0.336431894125945
matlab_boundary_1,174.999798947141,0.514974461729671,0.260785523444631,0.934,0.00123549816704976,0.0483963064866208,0.398908144147976,0.345164261893876
matlab_boundary_1,174.999798947141,0.514974461729671,0.260785523444631,0.936,0.0013330659426352,0.049160071995267,0.364709065825727,0.353713298195161
matlab_boundary_1,174.999798947141,0.514974461729671,0.260785523444631,0.938,0.00143209179055239,0.0498538570642967,0.328944384684046,0.362073172171354
matlab_boundary_1,174.999798947141,0.514974461729671,0.260785523444631,0.94,0.00153243267137095,0.0504746097756467,0.291694018218825,0.37023812161704
matlab_boundary_1,174.999798947141,0.514974461729671,0.260785523444631,0.942,0.00163393960432803,0.0510194420291194,0.253041827569514,0.378202457401973
matlab_boundary_1,174.999798947141,0.514974461729671,0.260785523444631,0.944,0.001736458002704,0.0514856372080368,0.213075394318732,0.385960567901953
matlab_boundary_1,174.999798947141,0.514974461729671,0.260785523444631,0.946,0.00183982802407699,0.0518706573893228,0.171885788228764,0.393506923435351
matlab_boundary_1,174.999798947141,0.514974461729671,0.260785523444631,0.948,0.00194388493452737,0.0521721500805301,0.129567326560586,0.400836080702091
matlab_boundary_1,174.999798947141,0.514974461729671,0.260785523444631,0.95,0.00204845948582955,0.0523879544676381,0.0862173256409465,0.407942687221896
matlab_boundary_1,174.999798947141,0.514974461729671,0.260785523444631,0.952,0.00215337830463775,0.0525161071587995,0.0419358453608639,0.414821485768507
matlab_boundary_1,174.999798947141,0.514974461729671,0.260785523444631,0.954,0.00225846429264386,0.0525548474105945,-0.00317457269498712,0.421467318796553
matlab_boundary_1,174.999798947141,0.514974461729671,0.260785523444631,0.956,0.00236353703666021,0.0525026218247662,-0.049009172774522,0.427875132857671
matlab_boundary_1,174.999798947141,0.514974461729671,0.260785523444631,0.958,0.00246841322755729,0.0523580885048498,-0.09546125741442,0.434039983002466
matlab_boundary_1,174.999798947141,0.514974461729671,0.260785523444631,0.96,0.00257290708696694,0.0521201206635691,-0.142422464090406,0.439957037164805
matlab_boundary_1,174.999798947141,0.514974461729671,0.260785523444631,0.962,0.00267683080064463,0.051787809673356,-0.189783045317704,0.445621580524925
matlab_boundary_1,174.999798947141,0.514974461729671,0.260785523444631,0.964,0.00277999495737053,0.0513604675538412,-0.237432151451469,0.451029019847775
matlab_boundary_1,174.999798947141,0.514974461729671,0.260785523444631,0.966,0.00288220899225869,0.05083762889167,-0.285258115433079,0.456174887792969
matlab_boundary_1,174.999798947141,0.514974461729671,0.260785523444631,0.968,0.00298328163333535,0.0502190521895079,-0.333148738725898,0.461054847192698
matlab_boundary_1,174.999798947141,0.514974461729671,0.260785523444631,0.97,0.00308302135024295,0.0495047206426125,-0.380991577684201,0.465664695293896
matlab_boundary_1,174.999798947141,0.514974461729671,0.260785523444631,0.972,0.00318123680392472,0.0486948423428616,-0.428674229600834,0.47000036796092
matlab_boundary_1,174.999798947141,0.514974461729671,0.260785523444631,0.974,0.00327773729614574,0.0477898499116305,-0.476084617683182,0.474057943834988
matlab_boundary_1,174.999798947141,0.514974461729671,0.260785523444631,0.976,0.00337233321771092,0.0467903995644077,-0.52311127421295,0.477833648446561
matlab_boundary_1,174.999798947141,0.514974461729671,0.260785523444631,0.978,0.00346483649424747,0.045697369611519,-0.569643621153175,0.481323858276852
matlab_boundary_1,174.999798947141,0.514974461729671,0.260785523444631,0.98,0.00355506102842966,0.0445118584007952,-0.615572247475728,0.484525104764598
matlab_boundary_1,174.999798947141,0.514974461729671,0.260785523444631,0.982,0.00364282313753681,0.043235181709458,-0.66078918249428,0.487434078254228
matlab_boundary_1,174.999798947141,0.514974461729671,0.260785523444631,0.984,0.0037279419852514,0.041868869593918,-0.705188164501353,0.490047631881515
matlab_boundary_1,174.999798947141,0.514974461729671,0.260785523444631,0.986,0.00381024000662296,0.0404146627075658,-0.748664904023407,0.492362785392817
matlab_boundary_1,174.999798947141,0.514974461729671,0.260785523444631,0.988,0.00388954332514496,0.0388745080979899,-0.791117341025164,0.494376728893958
matlab_boundary_1,174.999798947141,0.514974461729671,0.260785523444631,0.99,0.00396568216091611,0.0372505544963789,-0.832445895413195,0.496086826524823
matlab_boundary_1,174.999798947141,0.514974461729671,0.260785523444631,0.992,0.00403849122888421,0.0355451471131401,-0.872553710209368,0.497490620055716
matlab_boundary_1,174.999798947141,0.514974461729671,0.260785523444631,0.994,0.00410781012620009,0.0337608219550076,-0.911346886786877,0.498585832401526
matlab_boundary_1,174.999798947141,0.514974461729671,0.260785523444631,0.996,0.00417348370774086,0.0319002996801007,-0.948734711585224,0.49937037104975
matlab_boundary_1,174.999798947141,0.514974461729671,0.260785523444631,0.998,0.00423536244889585,0.0299664790085395,-0.984629873745648,0.499842331398421
matlab_boundary_1,174.999798947141,0.514974461729671,0.260785523444631,1,0.00429330279474481,0.0279624297073117,-1.01894867313498,0.5
matlab_boundary_1,174.999798947141,0.514974461729671,0.260785523444631,1.002,0.00434716749479642,0.0258913851691236,-1.05161121825373,0.499841857707282
matlab_boundary_1,174.999798947141,0.514974461729671,0.260785523444631,1.004,0.00439682592249572,0.0237567346059464,-1.08254161355321,0.499366582717412
matlab_boundary_1,174.999798947141,0.514974461729671,0.260785523444631,1.006,0.00444215437875125,0.0215620148788902,-1.11166813571673,0.498573053510088
matlab_boundary_1,174.999798947141,0.514974461729671,0.260785523444631,1.008,0.00448303637877696,0.0193109019868973,-1.13892339849108,0.497460351676071
matlab_boundary_1,174.999798947141,0.514974461729671,0.260785523444631,1.01,0.00451936292158968,0.0170072022375389,-1.16424450568664,0.496027764632136
matlab_boundary_1,174.999798947141,0.514974461729671,0.260785523444631,1.012,0.00455103274155019,0.0146548431239356,-1.18757319199791,0.494274788218634
matlab_boundary_1,174.999798947141,0.514974461729671,0.260785523444631,1.014,0.00457795254138482,0.0122578639324773,-1.20885595132952,0.492201129175854
matlab_boundary_1,174.999798947141,0.514974461729671,0.260785523444631,1.016,0.00460003720617431,0.00982040610662104,-1.22804415234794,0.489806707495422
matlab_boundary_1,174.999798947141,0.514974461729671,0.260785523444631,1.018,0.00461720999784778,0.00734670339256317,-1.2450941410139,0.487091658643011
matlab_boundary_1,174.999798947141,0.514974461729671,0.260785523444631,1.02,0.00462940272977175,0.00484107179304159,-1.25996732988636,0.484056335648669
matlab_boundary_1,174.999798947141,0.514974461729671,0.260785523444631,1.022,0.00463655592107711,0.00230789935590337,-1.27263027402488,0.48070131106114
matlab_boundary_1,174.999798947141,0.514974461729671,0.260785523444631,1.024,0.00463861893042041,-0.000248364175616025,-1.28305473335363,0.477027378762584
matlab_boundary_1,174.999798947141,0.514974461729671,0.260785523444631,1.026,0.00463555006893003,-0.00282321782371899,-1.29121772138694,0.473035555640169
matlab_boundary_1,174.999798947141,0.514974461729671,0.260785523444631,1.028,0.00462731669214237,-0.00541211992063068,-1.29710154025275,0.468727083111071
matlab_boundary_1,174.999798947141,0.514974461729671,0.260785523444631,1.03,0.00461389527078807,-0.00801049870950583,-1.30069380198743,0.464103428497484
matlab_boundary_1,174.999798947141,0.514974461729671,0.260785523444631,1.032,0.00459527144034282,-0.0106137629742035,-1.30198743611157,0.459166286248277
matlab_boundary_1,174.999798947141,0.514974461729671,0.260785523444631,1.034,0.00457144002931271,-0.013217312670532,-1.30098068353311,0.453917579004081
matlab_boundary_1,174.999798947141,0.514974461729671,0.260785523444631,1.036,0.00454240506627832,-0.0158165495316957,-1.29767707686023,0.448359458502582
matlab_boundary_1,174.999798947141,0.514974461729671,0.260785523444631,1.038,0.00450817976577633,-0.0184068876208738,-1.29208540724215,0.442494306320936
matlab_boundary_1,174.999798947141,0.514974461729671,0.260785523444631,1.04,0.0044687864931511,-0.0209837638041364,-1.2842196778912,0.436324734452294
matlab_boundary_1,174.999798947141,0.514974461729671,0.260785523444631,1.042,0.00442425670856229,-0.0235426481172415,-1.27409904447447,0.429853585713495
matlab_boundary_1,174.999798947141,0.514974461729671,0.260785523444631,1.044,0.00437463089038665,-0.0260790540002685,-1.26174774259721,0.423083933981113
matlab_boundary_1,174.999798947141,0.514974461729671,0.260785523444631,1.046,0.00431995843830408,-0.0285885483745234,-1.2471950026335,0.416019084253111
matlab_boundary_1,174.999798947141,0.514974461729671,0.260785523444631,1.048,0.00426029755640857,-0.0310667615366904,-1.23047495219226,0.408662572533489
matlab_boundary_1,174.999798947141,0.514974461729671,0.260785523444631,1.05,0.00419571511673388,-0.0335093968458172,-1.21162650653821,0.401018165537392
matlab_boundary_1,174.999798947141,0.514974461729671,0.260785523444631,1.052,0.00412628650363239,-0.035912240179387,-1.190693247318,0.39308986021427
matlab_boundary_1,174.999798947141,0.514974461729671,0.260785523444631,1.054,0.00405209543949182,-0.0382711691354644,-1.167723289971,0.384881883086821
matlab_boundary_1,174.999798947141,0.514974461729671,0.260785523444631,1.056,0.00397323379232034,-0.040582161958686,-1.14276914023304,0.376398689403499
matlab_boundary_1,174.999798947141,0.514974461729671,0.260785523444631,1.058,0.00388980136577358,-0.0428413061687134,-1.11588754016803,0.3676449621026
matlab_boundary_1,174.999798947141,0.514974461729671,0.260785523444631,1.06,0.00380190567223957,-0.0450448068706603,-1.08713930418852,0.358625610585951
matlab_boundary_1,174.999798947141,0.514974461729671,0.260785523444631,1.062,0.00370966168963714,-0.0471889947279537,-1.05658914555071,0.349345769300462
matlab_boundary_1,174.999798947141,0.514974461729671,0.260785523444631,1.064,0.00361319160262167,-0.0492703335790824,-1.02430549383238,0.339810796125872
matlab_boundary_1,174.999798947141,0.514974461729671,0.260785523444631,1.066,0.00351262452892826,-0.0512854276807253,-0.990360303923971,0.330026270567187
matlab_boundary_1,174.999798947141,0.514974461729671,0.260785523444631,1.068,0.0034080962316159,-0.0532310285608328,-0.954828857082891,0.319997991750458
matlab_boundary_1,174.999798947141,0.514974461729671,0.260785523444631,1.07,0.00329974881800848,-0.0551040414663533,-0.917789554620033,0.309731976220684
matlab_boundary_1,174.999798947141,0.514974461729671,0.260785523444631,1.072,0.00318773042615756,-0.0569015313914523,-0.879323704803944,0.299234455540781
matlab_boundary_1,174.999798947141,0.514974461729671,0.260785523444631,1.074,0.0030721948996791,-0.0586207286732574,-0.839515303583627,0.288511873690728
matlab_boundary_1,174.999798947141,0.514974461729671,0.260785523444631,1.076,0.0029533014518411,-0.0602590341433796,-0.798450809744519,0.277570884266141
matlab_boundary_1,174.999798947141,0.514974461729671,0.260785523444631,1.078,0.00283121431980125,-0.0618140238247005,-0.756218915123832,0.266418347475716
matlab_boundary_1,174.999798947141,0.514974461729671,0.260785523444631,1.08,0.00270610240991359,-0.0632834531641798,-0.712910310521873,0.255061326937112
matlab_boundary_1,174.999798947141,0.514974461729671,0.260785523444631,1.082,0.00257813893504023,-0.0646652607937177,-0.668617447954034,0.243507086271077
matlab_boundary_1,174.999798947141,0.514974461729671,0.260785523444631,1.084,0.00244750104481903,-0.0659575718124054,-0.623434299894902,0.231763085493728
matlab_boundary_1,174.999798947141,0.514974461729671,0.260785523444631,1.086,0.00231436944984987,-0.0671587005848014,-0.577456116170746,0.219836977207118
matlab_boundary_1,174.999798947141,0.514974461729671,0.260785523444631,1.088,0.00217892804077192,-0.0682671530511904,-0.530779179159486,0.207736602588402
matlab_boundary_1,174.999798947141,0.514974461729671,0.260785523444631,1.09,0.00204136350321073,-0.0692816285471,-0.483500557958726,0.195469987178074
matlab_boundary_1,174.999798947141,0.514974461729671,0.260785523444631,1.092,0.00190186492957831,-0.0702010211306703,-0.435717862181663,0.183045336467963
matlab_boundary_1,174.999798947141,0.514974461729671,0.260785523444631,1.094,0.00176062342871084,-0.0710244204177922,-0.387528996038472,0.170471031289844
matlab_boundary_1,174.999798947141,0.514974461729671,0.260785523444631,1.096,0.00161783173432738,-0.0717511119262367,-0.339031913356599,0.157755623005741
matlab_boundary_1,174.999798947141,0.514974461729671,0.260785523444631,1.098,0.00147368381328933,-0.0723805769313041,-0.290324374187619,0.144907828501154
matlab_boundary_1,174.999798947141,0.514974461729671,0.260785523444631,1.1,0.00132837447463406,-0.0729124918368066,-0.24150370364071,0.131936524982686
matlab_boundary_1,174.999798947141,0.514974461729671,0.260785523444631,1.102,0.00118209898034705,-0.0733467270664692,-0.192666553573545,0.118850744581715
matlab_boundary_1,174.999798947141,0.514974461729671,0.260785523444631,1.104,0.00103505265882561,-0.0736833454820869,-0.143908667760506,0.105659668765964
matlab_boundary_1,174.999798947141,0.514974461729671,0.260785523444631,1.106,0.000887430521973447,-0.0739226003360015,-0.0953246511455804,0.0923726225610426
matlab_boundary_1,174.999798947141,0.514974461729671,0.260785523444631,1.108,0.000739426886848576,-0.0740649327666622,-0.0470077437731253,0.0789990685842294
matlab_boundary_1,174.999798947141,0.514974461729671,0.260785523444631,1.11,0.000591235002769,-0.0741109688472077,0.000950400025821227,0.0655486008929478
matlab_boundary_1,174.999798947141,0.514974461729671,0.260785523444631,1.112,0.000443046684758985,-0.0740615161981426,0.0484599266314314,0.0520309386506641
matlab_boundary_1,174.999798947141,0.514974461729671,0.260785523444631,1.114,0.000295051954195843,-0.0739175601762853,0.0954329917752039,0.0384559196130643
matlab_boundary_1,174.999798947141,0.514974461729671,0.260785523444631,1.116,0.000147438687491617,-0.0736802596532278,0.14178396230056,0.0248334934376453
matlab_boundary_1,174.999798947141,0.514974461729671,0.260785523444631,1.118,3.92273616511005e-07,-0.0733509423975708,0.187429610543354,0.0111737148200404
matlab_boundary_1,174.999798947141,0.514974461729671,0.260785523444631,1.12,-0.0001458983002477,-0.0729214776248873,0.241903273867423,0
matlab_boundary_1,174.999798947141,0.514974461729671,0.260785523444631,1.122,-0.000291193012721895,-0.0723411240785345,0.338257081716944,0
matlab_boundary_1,174.999798947141,0.514974461729671,0.260785523444631,1.124,-0.000435135125784389,-0.0715693066896921,0.433325144829175,0
matlab_boundary_1,174.999798947141,0.514974461729671,0.260785523444631,1.126,-0.000577344450422153,-0.07060884729617,0.526857910140068,0
matlab_boundary_1,174.999798947141,0.514974461729671,0.260785523444631,1.128,-0.000717446937113562,-0.0694630618534197,0.618610920220144,0
matlab_boundary_1,174.999798947141,0.514974461729671,0.260785523444631,1.13,-0.000855075653446421,-0.0681357496057798,0.708345447920246,0
matlab_boundary_1,174.999798947141,0.514974461729671,0.260785523444631,1.132,-0.000989871738820831,-0.066631181006011,0.795829113168352,0
matlab_boundary_1,174.999798947141,0.514974461729671,0.260785523444631,1.134,-0.00112148533377023,-0.0649540844204095,0.880836480335811,0
matlab_boundary_1,174.999798947141,0.514974461729671,0.260785523444631,1.136,-0.00124957648151162,-0.063109631659893,0.963149634649677,0
matlab_boundary_1,174.999798947141,0.514974461729671,0.260785523444631,1.138,-0.00137381599941993,-0.0611034223804385,1.04255873618991,0
matlab_boundary_1,174.999798947141,0.514974461729671,0.260785523444631,1.14,-0.00149388631821077,-0.0589414673991105,1.11886255007607,0
matlab_boundary_1,174.999798947141,0.514974461729671,0.260785523444631,1.142,-0.00160948228671157,-0.0566301709746361,1.19186895151726,0
matlab_boundary_1,174.999798947141,0.514974461729671,0.260785523444631,1.144,-0.00172031194020104,-0.0541763121040694,1.26139540447184,0
matlab_boundary_1,174.999798947141,0.514974461729671,0.260785523444631,1.146,-0.00182609723040292,-0.0515870248895131,1.32726941273887,0
matlab_boundary_1,174.999798947141,0.514974461729671,0.260785523444631,1.148,-0.00192657471532983,-0.0488697780311504,1.38932894238177,0
matlab_boundary_1,174.999798947141,0.514974461729671,0.260785523444631,1.15,-0.00202149620728806,-0.0460323535049512,1.44742281446586,0
matlab_boundary_1,174.999798947141,0.514974461729671,0.260785523444631,1.152,-0.00211062937747254,-0.0430828244853767,1.50141106717492,0
matlab_boundary_1,174.999798947141,0.514974461729671,0.260785523444631,1.154,-0.00219375831570376,-0.0400295325751863,1.55116528645755,0
matlab_boundary_1,174.999798947141,0.514974461729671,0.260785523444631,1.156,-0.00227068404398453,-0.0368810644060632,1.59656890444191,0
matlab_boundary_1,174.999798947141,0.514974461729671,0.260785523444631,1.158,-0.00234122498268284,-0.0336462276752123,1.6375174649465,0
matlab_boundary_1,174.999798947141,0.514974461729671,0.260785523444631,1.16,-0.00240521736827922,-0.0303340266843297,1.6739188555057,0
matlab_boundary_1,174.999798947141,0.514974461729671,0.260785523444631,1.162,-0.00246251562175055,-0.0269536374484242,1.70569350542053,0
matlab_boundary_1,174.999798947141,0.514974461729671,0.260785523444631,1.164,-0.00251299266679827,-0.0235143824428488,1.7327745494381,0
matlab_boundary_1,174.999798947141,0.514974461729671,0.260785523444631,1.166,-0.00255654019726637,-0.0200257050576059,1.75510795675694,0
matlab_boundary_1,174.999798947141,0.514974461729671,0.260785523444631,1.168,-0.00259306889323317,-0.0164971438284974,1.77265262514925,0
matlab_boundary_1,174.999798947141,0.514974461729671,0.260785523444631,1.17,-0.00262250858540057,-0.0129383065150167,1.78538044008555,0
matlab_boundary_1,174.999798947141,0.514974461729671,0.260785523444631,1.172,-0.00264480836754412,-0.00935884409501395,1.7932762988413,0
matlab_boundary_1,174.999798947141,0.514974461729671,0.260785523444631,1.174,-0.00265993665692749,-0.00576842474611267,1.79633809965897,0
matlab_boundary_1,174.999798947141,0.514974461729671,0.260785523444631,1.176,-0.0026678812027248,-0.00217670788361547,1.79457669613232,0
matlab_boundary_1,174.999798947141,0.514974461729671,0.260785523444631,1.178,-0.0026686490426329,0.00140668167578932,1.78801581707209,0
matlab_boundary_1,174.999798947141,0.514974461729671,0.260785523444631,1.18,-0.00266226640799435,0.00497217935581865,1.77669195220388,0
matlab_boundary_1,174.999798947141,0.514974461729671,0.260785523444631,1.182,-0.00264877857788779,0.00851030619997354,1.76065420413897,0
matlab_boundary_1,174.999798947141,0.514974461729671,0.260785523444631,1.184,-0.00262824968277806,0.0120116939215663,1.73996410714749,0
matlab_boundary_1,174.999798947141,0.514974461729671,0.260785523444631,1.186,-0.00260076245845037,0.0154671095586031,1.71469541335017,0
matlab_boundary_1,174.999798947141,0.514974461729671,0.260785523444631,1.188,-0.00256641795108381,0.0188674796690456,1.68493384702978,0
matlab_boundary_1,174.999798947141,0.514974461729671,0.260785523444631,1.19,-0.00252533517444651,0.0222039140034615,1.65077682784589,0
matlab_boundary_1,174.999798947141,0.514974461729671,0.260785523444631,1.192,-0.00247765072031946,0.0254677285937221,1.61233316381685,0
matlab_boundary_1,174.999798947141,0.514974461729671,0.260785523444631,1.194,-0.00242351832337661,0.0286504681982081,1.56972271501051,0
matlab_boundary_1,174.999798947141,0.514974461729671,0.260785523444631,1.196,-0.00236310838186618,0.0317439280459471,1.52307602895975,0
matlab_boundary_1,174.999798947141,0.514974461729671,0.260785523444631,1.198,-0.00229660743555125,0.0347401748242079,1.47253394889083,0
matlab_boundary_1,174.999798947141,0.514974461729671,0.260785523444631,1.2,-0.00222421760247619,0.0376315668563224,1.41824719592103,0
matlab_boundary_1,174.999798947141,0.514974461729671,0.260785523444631,1.202,-0.00214615597622988,0.0404107734188843,1.36037592644704,0
matlab_boundary_1,174.999798947141,0.514974461729671,0.260785523444631,1.204,-0.00206265398547556,0.0430707931499811,1.29908926600747,0
matlab_boundary_1,174.999798947141,0.514974461729671,0.260785523444631,1.206,-0.00197395671761156,0.0456049715027368,1.2345648209607,0
matlab_boundary_1,174.999798947141,0.514974461729671,0.260785523444631,1.208,-0.00188032220851575,0.0480070172011855,1.16698816937316,0
matlab_boundary_1,174.999798947141,0.514974461729671,0.260785523444631,1.21,-0.00178202070040948,0.050271017658332,1.09655233256387,0
matlab_boundary_1,174.999798947141,0.514974461729671,0.260785523444631,1.212,-0.00167933386995457,0.0523914533191971,1.0234572287965,0
matlab_boundary_1,174.999798947141,0.514974461729671,0.260785523444631,1.214,-0.00157255402876793,0.0543632108946693,0.947909110652799,0
matlab_boundary_1,174.999798947141,0.514974461729671,0.260785523444631,1.216,-0.00146198329860377,0.0561815954550923,0.870119987658423,0
matlab_boundary_1,174.999798947141,0.514974461729671,0.260785523444631,1.218,-0.00134793276351255,0.0578423413556892,0.790307035765694,0
matlab_boundary_1,174.999798947141,0.514974461729671,0.260785523444631,1.22,-0.00123072160133793,0.0593416219691699,0.708691995326735,0
matlab_boundary_1,174.999798947141,0.514974461729671,0.260785523444631,1.222,-0.00111067619695947,0.0606760582041546,0.625500559214716,0
matlab_boundary_1,174.999798947141,0.514974461729671,0.260785523444631,1.224,-0.000988129239727957,0.0618427257913834,0.540961752770847,0
matlab_boundary_1,174.999798947141,0.514974461729671,0.260785523444631,1.226,-0.000863418807573054,0.0628391613230573,0.455307307270026,0
matlab_boundary_1,174.999798947141,0.514974461729671,0.260785523444631,1.228,-0.000736887440288748,0.0636633670340465,0.36877102860875,0
matlab_boundary_1,174.999798947141,0.514974461729671,0.260785523444631,1.23,-0.000608881204521384,0.0643138143171229,0.281588162924942,0
matlab_boundary_1,174.999798947141,0.514974461729671,0.260785523444631,1.232,-0.000479748752997161,0.0647894459677886,0.193994760860875,0
matlab_boundary_1,174.999798947141,0.514974461729671,0.260785523444631,1.234,-0.000349840380531503,0.0650896771576992,0.106227042177216,0
matlab_boundary_1,174.999798947141,0.514974461729671,0.260785523444631,1.236,-0.00021950707936127,0.0652143951390825,0.0185207624185733,0
matlab_boundary_1,174.999798947141,0.514974461729671,0.260785523444631,1.238,-8.90995963325833e-05,0.0651639576859492,-0.0688894166812813,0
matlab_boundary_1,174.999798947141,0.514974461729671,0.260785523444631,1.24,4.10325055379088e-05,0.0649391902812476,-0.155770551383012,0
matlab_boundary_1,174.999798947141,0.514974461729671,0.260785523444631,1.242,0.000170541778632145,0.06454138206244,-0.241892033063716,0
matlab_boundary_1,174.999798947141,0.514974461729671,0.260785523444631,1.244,0.000299083812962194,0.0639722805412532,-0.32702619665231,0
matlab_boundary_1,174.999798947141,0.514974461729671,0.260785523444631,1.246,0.000426318146631026,0.0632340851165773,-0.410948918782981,0
matlab_boundary_1,174.999798947141,0.514974461729671,0.260785523444631,1.248,0.000551909162130407,0.0623294394026433,-0.493440204105179,0
matlab_boundary_1,174.999798947141,0.514974461729671,0.260785523444631,1.25,0.000675526966131196,0.0612614223976979,-0.574284758226533,0
matlab_boundary_1,174.999798947141,0.514974461729671,0.260785523444631,1.252,0.000796848250474758,0.060033538521398,-0.653272545806858,0
matlab_boundary_1,174.999798947141,0.514974461729671,0.260785523444631,1.254,0.000915557132133609,0.0586497065520665,-0.73019933236703,0
matlab_boundary_1,174.999798947141,0.514974461729671,0.260785523444631,1.256,0.0010313459699745,0.0571142474977768,-0.804867208425811,0
matlab_boundary_1,174.999798947141,0.514974461729671,0.260785523444631,1.258,0.00114391615622786,0.0554318714379505,-0.877085094630459,0
matlab_boundary_1,174.999798947141,0.514974461729671,0.260785523444631,1.26,0.00125297888064348,0.0536076633747714,-0.946669226603165,0
matlab_boundary_1,174.999798947141,0.514974461729671,0.260785523444631,1.262,0.00135825586539348,0.0516470681362108,-1.0134436182847,0
matlab_boundary_1,174.999798947141,0.514974461729671,0.260785523444631,1.264,0.00145948006886958,0.0495558743748372,-1.07724050261903,0
matlab_boundary_1,174.999798947141,0.514974461729671,0.260785523444631,1.266,0.0015563963566122,0.0473401977088308,-1.13790074848799,0
matlab_boundary_1,174.999798947141,0.514974461729671,0.260785523444631,1.268,0.00164876213770418,0.0450064630537368,-1.19527425287288,0
matlab_boundary_1,174.999798947141,0.514974461729671,0.260785523444631,1.27,0.00173634796506063,0.0425613861954687,-1.24922030729031,0
matlab_boundary_1,174.999798947141,0.514974461729671,0.260785523444631,1.272,0.00181893809814947,0.040011954656905,-1.29960793762236,0
matlab_boundary_1,174.999798947141,0.514974461729671,0.260785523444631,1.274,0.00189633102678375,0.0373654079121091,-1.34631621653559,0
matlab_boundary_1,174.999798947141,0.514974461729671,0.260785523444631,1.276,0.00196833995473614,0.0346292170037352,-1.38923454776043,0
matlab_boundary_1,174.999798947141,0.514974461729671,0.260785523444631,1.278,0.0020347932420388,0.0318110636205651,-1.42826292158016,0
matlab_boundary_1,174.999798947141,0.514974461729671,0.260785523444631,1.28,0.00209553480494681,0.0289188186933382,-1.46331214095904,0
matlab_boundary_1,174.999798947141,0.514974461729671,0.260785523444631,1.282,0.00215042447266086,0.025960520568103,-1.49430401781938,0
matlab_boundary_1,174.999798947141,0.514974461729671,0.260785523444631,1.284,0.00219933830002421,0.0229443528172107,-1.52117153905971,0
matlab_boundary_1,174.999798947141,0.514974461729671,0.260785523444631,1.286,0.00224216883552988,0.0198786217488104,-1.54385900198857,0
matlab_boundary_1,174.999798947141,0.514974461729671,0.260785523444631,1.288,0.00227882534409659,0.01677173367627,-1.56232211893183,0
matlab_boundary_1,174.999798947141,0.514974461729671,0.260785523444631,1.29,0.00230923398419483,0.0136321720093473,-1.57652809085475,0
matlab_boundary_1,174.999798947141,0.514974461729671,0.260785523444631,1.292,0.00233333793902889,0.0104684742291724,-1.58645564992388,0
matlab_boundary_1,174.999798947141,0.514974461729671,0.260785523444631,1.294,0.00235109750160429,0.00728920880916667,-1.5920950710171,0
matlab_boundary_1,174.999798947141,0.514974461729671,0.260785523444631,1.296,0.0023624901136348,0.00410295214392277,-1.59344815227347,0
matlab_boundary_1,174.999798947141,0.514974461729671,0.260785523444631,1.298,0.00236751035836663,0.000918265547808452,-1.59052816485693,0
matlab_boundary_1,174.999798947141,0.514974461729671,0.260785523444631,1.3,0.00236616990752074,-0.0022563276153784,-1.5833597721898,0
matlab_boundary_1,174.999798947141,0.514974461729671,0.260785523444631,1.302,0.00235849742267614,-0.00541236461096514,-1.57197891899279,0
matlab_boundary_1,174.999798947141,0.514974461729671,0.260785523444631,1.304,0.00234453841153798,-0.00854146576018638,-1.55643269054749,0
matlab_boundary_1,174.999798947141,0.514974461729671,0.260785523444631,1.306,0.00232435503965313,-0.0116353565561194,-1.536779142676,0
matlab_boundary_1,174.999798947141,0.514974461729671,0.260785523444631,1.308,0.00229802589825318,-0.0146858894107648,-1.51308710300814,0
matlab_boundary_1,174.999798947141,0.514974461729671,0.260785523444631,1.31,0.00226564572901958,-0.0176850649764816,-1.48543594418194,0
matlab_boundary_1,174.999798947141,0.514974461729671,0.260785523444631,1.312,0.00222732510667789,-0.0206250529863485,-1.45391532969529,0
matlab_boundary_1,174.999798947141,0.514974461729671,0.260785523444631,1.314,0.00218319008043738,-0.0234982125595313,-1.41862493319737,0
matlab_boundary_1,174.999798947141,0.514974461729671,0.260785523444631,1.316,0.00213338177539869,-0.026297111919381,-1.37967413207631,0
matlab_boundary_1,174.999798947141,0.514974461729671,0.260785523444631,1.318,0.0020780559551547,-0.029014547473767,-1.33718167626505,0
matlab_boundary_1,174.999798947141,0.514974461729671,0.260785523444631,1.32,0.00201738254690929,-0.0316435622090548,-1.29127533325015,0
matlab_boundary_1,174.999798947141,0.514974461729671,0.260785523444631,1.322,0.00195154513053332,-0.0341774633511713,-1.24209151032811,0
matlab_boundary_1,174.999798947141,0.514974461729671,0.260785523444631,1.324,0.0018807403930687,-0.0366098392493423,-1.18977485521057,0
matlab_boundary_1,174.999798947141,0.514974461729671,0.260785523444631,1.326,0.00180517755027762,-0.0389345754403482,-1.13447783613351,0
matlab_boundary_1,174.999798947141,0.514974461729671,0.260785523444631,1.328,0.00172507773691608,-0.0411458698535027,-1.07636030267567,0
matlab_boundary_1,174.999798947141,0.514974461729671,0.260785523444631,1.33,0.00164067336748809,-0.0432382471190173,-1.01558902853872,0
matlab_boundary_1,174.999798947141,0.514974461729671,0.260785523444631,1.332,0.00155220746930898,-0.0452065719449642,-0.952337237584628,0
matlab_boundary_1,174.999798947141,0.514974461729671,0.260785523444631,1.334,0.0014599463641569,-0.0470260110299887,-0.866751280131355,0.00523693919824501
matlab_boundary_1,174.999798947141,0.514974461729671,0.260785523444631,1.336,0.00136424568180423,-0.0486321270112516,-0.739089527430164,0.0209545673165378
matlab_boundary_1,174.999798947141,0.514974461729671,0.260785523444631,1.338,0.00126558912880407,-0.0499813921223312,-0.609958816866404,0.0366702732495288
matlab_boundary_1,174.999798947141,0.514974461729671,0.260785523444631,1.34,0.00116449307066024,-0.0510712797766789,-0.479770771779353,0.0523683765761268
matlab_boundary_1,174.999798947141,0.514974461729671,0.260785523444631,1.342,0.00106147810161755,-0.0519000883197842,-0.348938515399587,0.0680331209351869
matlab_boundary_1,174.999798947141,0.514974461729671,0.260785523444631,1.344,0.000957067392579935,-0.0524669428561991,-0.217875498452456,0.083648689714697
matlab_boundary_1,174.999798947141,0.514974461729671,0.260785523444631,1.346,0.000851785037718015,-0.0527717947341111,-0.0869943296274403,0.0991992219705212
matlab_boundary_1,174.999798947141,0.514974461729671,0.260785523444631,1.348,0.000746154404443042,-0.0528154186963817,0.0432943879095715,0.114668828560072
matlab_boundary_1,174.999798947141,0.514974461729671,0.260785523444631,1.35,0.000640696491400129,-0.0525994077132888,0.172583210811061,0.130041608475829
matlab_boundary_1,174.999798947141,0.514974461729671,0.260785523444631,1.352,0.000535928299096888,-0.0521261655184827,0.300468997534848,0.145301665363135
matlab_boundary_1,174.999798947141,0.514974461729671,0.260785523444631,1.354,0.000432361217734364,-0.0513988968758492,0.426554034952119,0.160433124206323
matlab_boundary_1,174.999798947141,0.514974461729671,0.260785523444631,1.356,0.000330499436745692,-0.0504215956110676,0.550447146556959,0.175420148166739
matlab_boundary_1,174.999798947141,0.514974461729671,0.260785523444631,1.358,0.000230838380474279,-0.049199030447631,0.67176477931746,0.190246955555863
matlab_boundary_1,174.999798947141,0.514974461729671,0.260785523444631,1.36,0.000133863174337955,-0.0477367286929509,0.790132066275692,0.204897836926275
matlab_boundary_1,174.999798947141,0.514974461729671,0.260785523444631,1.362,4.00471457285133e-05,-0.0460409578258786,0.905183862078976,0.219357172262895
matlab_boundary_1,174.999798947141,0.514974461729671,0.260785523444631,1.364,-5.01496362121646e-05,-0.0441187050425325,1.01656574870667,0.233609448256463
matlab_boundary_1,174.999798947141,0.514974461729671,0.260785523444631,1.366,-0.0001362817779174,-0.0419776548226998,1.12393500874638,0.247639275640974
matlab_boundary_1,174.999798947141,0.514974461729671,0.260785523444631,1.368,-0.000217919931930189,-0.0396261645842832,1.22696156366915,0.261431406576341
matlab_boundary_1,174.999798947141,0.514974461729671,0.260785523444631,1.37,-0.000294652116894602,-0.0370732384982591,1.3253288746559,0.274970752057302
matlab_boundary_1,174.999798947141,0.514974461729671,0.260785523444631,1.372,-0.000366084983401606,-0.0343284995414023,1.41873480363634,0.28824239932925
matlab_boundary_1,174.999798947141,0.514974461729671,0.260785523444631,1.374,-0.000431845022245922,-0.0314021598685968,1.50689243231584,0.301231629291401
matlab_boundary_1,174.999798947141,0.514974461729671,0.260785523444631,1.376,-0.000491579711818534,-0.0283049895908813,1.58953083708643,0.313923933867403
matlab_boundary_1,174.999798947141,0.514974461729671,0.260785523444631,1.378,-0.000544958601535899,-0.0250482840494614,1.6663958178433,0.326305033323288
matlab_boundary_1,174.999798947141,0.514974461729671,0.260785523444631,1.38,-0.000591674328391226,-0.0216438296797472,1.73725057885871,0.33836089351241
matlab_boundary_1,174.999798947141,0.514974461729671,0.260785523444631,1.382,-0.00063144356390493,-0.0181038685630382,1.80187636000007,0.350077743026819
matlab_boundary_1,174.999798947141,0.514974461729671,0.260785523444631,1.384,-0.000664007888949942,-0.0144410617667655,1.86007301671785,0.361442090234298
matlab_boundary_1,174.999798947141,0.514974461729671,0.260785523444631,1.386,-0.000689134594132424,-0.0106684515772059,1.91165954737211,0.372440740180209
matlab_boundary_1,174.999798947141,0.514974461729671,0.260785523444631,1.388,-0.000706617403619039,-0.00679942273130155,1.95647456661211,0.38306081133304
matlab_boundary_1,174.999798947141,0.514974461729671,0.260785523444631,1.39,-0.000716277120517665,-0.00284766275664084,1.99437672367298,0.393289752152529
matlab_boundary_1,174.999798947141,0.514974461729671,0.260785523444631,1.392,-0.000717962192138724,0.00117287846922511,2.02524506460487,0.403115357459075
matlab_boundary_1,174.999798947141,0.514974461729671,0.260785523444631,1.394,-0.000711549193688508,0.00524802982713727,2.0489793376038,0.412525784583122
matlab_boundary_1,174.999798947141,0.514974461729671,0.260785523444631,1.396,-0.000696943229173434,0.00936344061785769,2.06550024076895,0.421509569273138
matlab_boundary_1,174.999798947141,0.514974461729671,0.260785523444631,1.398,-0.000674078248524399,0.0135046226610807,2.07474961176795,0.43005564134079
matlab_boundary_1,174.999798947141,0.514974461729671,0.260785523444631,1.4,-0.000642917280182728,0.0176569927153548,2.07669055904931,0.438153340021932
matlab_boundary_1,174.999798947141,0.514974461729671,0.260785523444631,1.402,-0.000603452578622945,0.0218059151017816,2.07130753439937,0.445792429032062
matlab_boundary_1,174.999798947141,0.514974461729671,0.260785523444631,1.404,-0.000555705686522193,0.0259367444141086,2.05860634679908,0.452963111294946
matlab_boundary_1,174.999798947141,0.514974461729671,0.260785523444631,1.406,-0.00049972741152087,0.0300348681979028,2.03861411769387,0.459656043323219
matlab_boundary_1,174.999798947141,0.514974461729671,0.260785523444631,1.408,-0.000435597717753325,0.0340857494818768,2.01137917794667,0.46586234922987
matlab_boundary_1,174.999798947141,0.514974461729671,0.260785523444631,1.41,-0.000363425532560664,0.038074969045133,1.97697090689975,0.471573634349677
matlab_boundary_1,174.999798947141,0.514974461729671,0.260785523444631,1.412,-0.000283348469029353,0.0419882673050947,1.93547951412535,0.476781998449825
matlab_boundary_1,174.999798947141,0.514974461729671,0.260785523444631,1.414,-0.00019553246522825,0.0458115857122145,1.88701576459659,0.481480048509141
matlab_boundary_1,174.999798947141,0.514974461729671,0.260785523444631,1.416,-0.000100171341243226,0.0495311075391535,1.83171064816032,0.485660911045614
matlab_boundary_1,174.999798947141,0.514974461729671,0.260785523444631,1.418,2.51372466888006e-06,0.053133297954039,1.76971499433958,0.489318243972127
matlab_boundary_1,174.999798947141,0.514974461729671,0.260785523444631,1.42,0.000112274799266533,0.0566049432696093,1.70119903363744,0.49244624796062
matlab_boundary_1,174.999798947141,0.514974461729671,0.260785523444631,1.422,0.00022883787509564,0.0599331892625371,1.62635190665339,0.495039677295223
matlab_boundary_1,174.999798947141,0.514974461729671,0.260785523444631,1.424,0.000351903626884463,0.0631055784599801,1.54538112245972,0.497093850195228
matlab_boundary_1,174.999798947141,0.514974461729671,0.260785523444631,1.426,0.000481148241395336,0.0661100862934393,1.45851196781685,0.498604658589197
matlab_boundary_1,174.999798947141,0.514974461729671,0.260785523444631,1.428,0.000616224318370571,0.0689351560232847,1.36598686893351,0.49956857732185
matlab_boundary_1,174.999798947141,0.514974461729671,0.260785523444631,1.43,0.000756761840020195,0.0715697323408502,1.26806470759982,0.499982672775852
matlab_boundary_1,174.999798947141,0.514974461729671,0.260785523444631,1.432,0.000902369206316671,0.0740032935587671,1.16502009363814,0.499844610891093
matlab_boundary_1,174.999798947141,0.514974461729671,0.260785523444631,1.434,0.00105263433318707,0.076225882304211,1.05714259572764,0.499152664564525
matlab_boundary_1,174.999798947141,0.514974461729671,0.260785523444631,1.436,0.00120712581052671,0.0782281346339542,0.944735932764139,0.497905720414164
matlab_boundary_1,174.999798947141,0.514974461729671,0.260785523444631,1.438,0.00136539411680039,0.0800013074945393,0.828117128015846,0.496103284891425
matlab_boundary_1,174.999798947141,0.514974461729671,0.260785523444631,1.44,0.00152697288684866,0.0815373044555044,0.707615628428859,0.493745489726534
matlab_boundary_1,174.999798947141,0.514974461729671,0.260785523444631,1.442,0.00169138022937711,0.0828286996483872,0.583572391522477,0.490833096692384
matlab_boundary_1,174.999798947141,0.514974461729671,0.260785523444631,1.444,0.00185812009047711,0.0838687598491942,0.456338942394153,0.48736750167284
matlab_boundary_1,174.999798947141,0.514974461729671,0.260785523444631,1.446,0.00202668365940685,0.0846514646471356,0.326276403426572,0.483350738022171
matlab_boundary_1,174.999798947141,0.514974461729671,0.260785523444631,1.448,0.00219655081275232,0.0851715246476795,0.193754499354904,0.47878547920299
matlab_boundary_1,174.999798947141,0.514974461729671,0.260785523444631,1.45,0.00236719159298956,0.0854243976633524,0.0591505404105802,0.473675040690808
matlab_boundary_1,174.999798947141,0.514974461729671,0.260785523444631,1.452,0.00253806771738148,0.0854063028511986,-0.0771516136911472,0.468023381134062
matlab_boundary_1,174.999798947141,0.514974461729671,0.260785523444631,1.454,0.00270863411306619,0.0851142327613922,-0.21476260610925,0.461835102759249
matlab_boundary_1,174.999798947141,0.514974461729671,0.260785523444631,1.456,0.0028783404741284,0.0845459632671506,-0.353288648734143,0.455115451011625
matlab_boundary_1,174.999798947141,0.514974461729671,0.260785523444631,1.458,0.00304663283639133,0.0837000613518231,-0.492332598669549,0.447870313422742
matlab_boundary_1,174.999798947141,0.514974461729671,0.260785523444631,1.46,0.00321295516562423,0.0825758907347967,-0.631495042444096,0.440106217696945
matlab_boundary_1,174.999798947141,0.514974461729671,0.260785523444631,1.462,0.00337675095482951,0.0811736153236685,-0.770375385045035,0.43183032900986
matlab_boundary_1,174.999798947141,0.514974461729671,0.260785523444631,1.464,0.00353746482625449,0.0794942004859518,-0.9085729408616,0.423050446512782
matlab_boundary_1,174.999798947141,0.514974461729671,0.260785523444631,1.466,0.00369454413376474,0.0775394121394072,-1.04568802362835,0.413774999037794
matlab_boundary_1,174.999798947141,0.514974461729671,0.260785523444631,1.468,0.00384744056122042,0.0753118136659042,-1.18132303246932,0.404013039999422
matlab_boundary_1,174.999798947141,0.514974461729671,0.260785523444631,1.47,0.00399561171251219,0.0728147606594925,-1.31508353116208,0.393774241489555
matlab_boundary_1,174.999798947141,0.514974461729671,0.260785523444631,1.472,0.0041385226889408,0.0700523935251077,-1.44657931776638,0.383068887563405
matlab_boundary_1,174.999798947141,0.514974461729671,0.260785523444631,1.474,0.00427564764966256,0.0670296279500091,-1.5754254817955,0.37190786671521
matlab_boundary_1,174.999798947141,0.514974461729671,0.260785523444631,1.476,0.00440647135097312,0.0637521432756536,-1.70124344614872,0.360302663543484
matlab_boundary_1,174.999798947141,0.514974461729671,0.260785523444631,1.478,0.00453049066026266,0.0602263688032281,-1.82366199107147,0.348265349606588
matlab_boundary_1,174.999798947141,0.514974461729671,0.260785523444631,1.48,0.00464721604054747,0.0564594680714711,-1.94231825746426,0.335808573470503
matlab_boundary_1,174.999798947141,0.514974461729671,0.260785523444631,1.482,0.00475617300156578,0.0524593211507177,-2.05685872692353,0.322945549951715
matlab_boundary_1,174.999798947141,0.514974461729671,0.260785523444631,1.484,0.00485690351351827,0.0482345050022633,-2.16694017596585,0.309690048559243
matlab_boundary_1,174.999798947141,0.514974461729671,0.260785523444631,1.486,0.00494896737963741,0.0437942719571667,-2.27223060196224,0.296056381140858
matlab_boundary_1,174.999798947141,0.514974461729671,0.260785523444631,1.488,0.00503194356388253,0.0391485263734799,-2.37241011839019,0.282059388739772
matlab_boundary_1,174.999798947141,0.514974461729671,0.260785523444631,1.49,0.00510543147018054,0.0343077995355896,-2.46717181709878,0.267714427669022
matlab_boundary_1,174.999798947141,0.514974461729671,0.260785523444631,1.492,0.00516905216976383,0.0292832228638714,-2.55622259537529,0.253037354812049
matlab_boundary_1,174.999798947141,0.514974461729671,0.260785523444631,1.494,0.00522244957329803,0.0240864995071864,-2.63928394570009,0.238044512158994
matlab_boundary_1,174.999798947141,0.514974461729671,0.260785523444631,1.496,0.00526529154464095,0.0187298743948692,-2.71609270618121,0.222752710589399
matlab_boundary_1,174.999798947141,0.514974461729671,0.260785523444631,1.498,0.00529727095323201,0.0132261028287683,-2.78640176976809,0.207179212913141
matlab_boundary_1,174.999798947141,0.514974461729671,0.260785523444631,1.5,0.00531810666227558,0.00758841769958646,-2.84998075045817,0.191341716182545
matlab_boundary_1,174.999798947141,0.514974461729671,0.260785523444631,1.502,0.00532754445005418,0.00183049541522606,-2.90661660482764,0.175258333289761
matlab_boundary_1,174.999798947141,0.514974461729671,0.260785523444631,1.504,0.00532535786188587,-0.00403357936794274,-2.95611420733942,0.158947573864632
matlab_boundary_1,174.999798947141,0.514974461729671,0.260785523444631,1.506,0.00531134899042513,-0.00998935011700074,-2.99829687800744,0.142428324489393
matlab_boundary_1,174.999798947141,0.514974461729671,0.260785523444631,1.508,0.00528534918219698,-0.0160220258009837,-3.03300686112461,0.125719828247688
matlab_boundary_1,174.999798947141,0.514974461729671,0.260785523444631,1.51,0.00524721966844989,-0.0221165191769161,-3.06010575389432,0.10884166362649
matlab_boundary_1,174.999798947141,0.514974461729671,0.260785523444631,1.512,0.00519685211861332,-0.0282574858821315,-3.0794748839394,0.0918137227906389
matlab_boundary_1,174.999798947141,0.514974461729671,0.260785523444631,1.514,0.00513416911485006,-0.0344293642297226,-3.0910156347994,0.0746561892507837
matlab_boundary_1,174.999798947141,0.514974461729671,0.260785523444631,1.516,0.00505912454640189,-0.0406164156023227,-3.09464971866576,0.0573895149466507
matlab_boundary_1,174.999798947141,0.514974461729671,0.260785523444631,1.518,0.00497170392263763,-0.0468027653380598,-3.09031939574432,0.0400343967685921
matlab_boundary_1,174.999798947141,0.514974461729671,0.260785523444631,1.52,0.0048719246039264,-0.0529724440014449,-3.07798763977617,0.0226117525414672
matlab_boundary_1,174.999798947141,0.514974461729671,0.260785523444631,1.522,0.00475983594967423,-0.0591094289311589,-3.05763824939001,0.00514269649589251
matlab_boundary_1,174.999798947141,0.514974461729671,0.260785523444631,1.524,0.00463555092698304,-0.0651503962199294,-2.98202783549656,0
matlab_boundary_1,174.999798947141,0.514974461729671,0.260785523444631,1.526,0.00449935349124502,-0.0710127236547347,-2.87905634984125,0
matlab_boundary_1,174.999798947141,0.514974461729671,0.260785523444631,1.528,0.00435164226672383,-0.0766617505023416,-2.76877975636427,0
matlab_boundary_1,174.999798947141,0.514974461729671,0.260785523444631,1.53,0.00419285825166819,-0.0820831877128886,-2.65152220304555,0
matlab_boundary_1,174.999798947141,0.514974461729671,0.260785523444631,1.532,0.00402347036235596,-0.0872634121122986,-2.52762525731533,0
matlab_boundary_1,174.999798947141,0.514974461729671,0.260785523444631,1.534,0.00384397406715249,-0.0921895002646236,-2.39744692257257,0
matlab_boundary_1,174.999798947141,0.514974461729671,0.260785523444631,1.536,0.00365488995483846,-0.096849260326807,-2.26136061455938,0
matlab_boundary_1,174.999798947141,0.514974461729671,0.260785523444631,1.538,0.0034567622413008,-0.101231261818459,-2.11975410049132,0
matlab_boundary_1,174.999798947141,0.514974461729671,0.260785523444631,1.54,0.00325015721882909,-0.105324863235134,-1.97302840393159,0
matlab_boundary_1,174.999798947141,0.514974461729671,0.260785523444631,1.542,0.00303566165239703,-0.109120237439645,-1.82159667847741,0
matlab_boundary_1,174.999798947141,0.514974461729671,0.260785523444631,1.544,0.0028138811274331,-0.112608394772185,-1.66588305339785,0
matlab_boundary_1,174.999798947141,0.514974461729671,0.260785523444631,1.546,0.00258543835369679,-0.115781203826327,-1.50632145442572,0
matlab_boundary_1,174.999798947141,0.514974461729671,0.260785523444631,1.548,0.00235097142997625,-0.118631409844479,-1.34335440295942,0
matlab_boundary_1,174.999798947141,0.514974461729671,0.260785523444631,1.55,0.0021111320744093,-0.121152650692898,-1.17743179697619,0
matlab_boundary_1,174.999798947141,0.514974461729671,0.260785523444631,1.552,0.00186658382530317,-0.123339470383024,-1.00900967699378,0
matlab_boundary_1,174.999798947141,0.514974461729671,0.260785523444631,1.554,0.00161800021738792,-0.125187330112581,-0.838548980444637,0
matlab_boundary_1,174.999798947141,0.514974461729671,0.260785523444631,1.556,0.00136606293848491,-0.12669261680666,-0.666514287844552,0
matlab_boundary_1,174.999798947141,0.514974461729671,0.260785523444631,1.558,0.00111145997160459,-0.127852649145765,-0.493372564146045,0
matlab_boundary_1,174.999798947141,0.514974461729671,0.260785523444631,1.56,0.000854883727506993,-0.128665681074561,-0.319591898666676,0
matlab_boundary_1,174.999798947141,0.514974461729671,0.260785523444631,1.562,0.000597029172764109,-0.129130902791889,-0.145640246972687,0
matlab_boundary_1,174.999798947141,0.514974461729671,0.260785523444631,1.564,0.000338591958355512,-0.129248439229294,0.02801582192013,0
matlab_boundary_1,174.999798947141,0.514974461729671,0.260785523444631,1.566,8.02665538072831e-05,-0.129019346032065,0.200912369693891,0
matlab_boundary_1,174.999798947141,0.514974461729671,0.260785523444631,1.568,-0.000177255608150255,-0.128445603063372,0.372589320926323,0
matlab_boundary_1,174.999798947141,0.514974461729671,0.260785523444631,1.57,-0.000433287971478291,-0.127530105458682,0.542591680085613,0
matlab_boundary_1,174.999798947141,0.514974461729671,0.260785523444631,1.572,-0.00068715067641186,-0.126276652264055,0.71047073012284,0
matlab_boundary_1,174.999798947141,0.514974461729671,0.260785523444631,1.574,-0.000938172353935421,-0.124689932698281,0.87578520952434,0
matlab_boundary_1,174.999798947141,0.514974461729671,0.260785523444631,1.576,-0.00118569189044452,-0.122775510085009,1.0381024647564,0
matlab_boundary_1,174.999798947141,0.514974461729671,0.260785523444631,1.578,-0.00142906015798472,-0.120539803507101,1.19699957511269,0
matlab_boundary_1,174.999798947141,0.514974461729671,0.260785523444631,1.58,-0.0016676417055694,-0.117990067241311,1.35206444706052,0
matlab_boundary_1,174.999798947141,0.514974461729671,0.260785523444631,1.582,-0.00190081640720001,-0.115134368037119,1.50289687527515,0
matlab_boundary_1,174.999798947141,0.514974461729671,0.260785523444631,1.584,-0.00212798106234542,-0.11198156030909,1.64910956765169,0
matlab_boundary_1,174.999798947141,0.514974461729671,0.260785523444631,1.586,-0.00234855094478139,-0.108541259317394,1.79032913169133,0
matlab_boundary_1,174.999798947141,0.514974461729671,0.260785523444631,1.588,-0.00256196129584521,-0.104823812416272,1.92619701977223,0
matlab_boundary_1,174.999798947141,0.514974461729671,0.260785523444631,1.59,-0.00276766875832546,-0.100840268455063,2.05637043093544,0
matlab_boundary_1,174.999798947141,0.514974461729671,0.260785523444631,1.592,-0.00296515274738025,-0.0966023454210202,2.18052316694203,0
matlab_boundary_1,174.999798947141,0.514974461729671,0.260785523444631,1.594,-0.00315391675506067,-0.092122396417513,2.29834644048886,0
matlab_boundary_1,174.999798947141,0.514974461729671,0.260785523444631,1.596,-0.00333348958520695,-0.0874133740753018,2.40954963360695,0
matlab_boundary_1,174.999798947141,0.514974461729671,0.260785523444631,1.598,-0.00350342651568469,-0.0824887934983707,2.5138610044075,0
matlab_boundary_1,174.999798947141,0.514974461729671,0.260785523444631,1.6,-0.00366331038513444,-0.0773626938493423,2.61102834048644,0
matlab_boundary_1,174.999798947141,0.514974461729671,0.260785523444631,1.602,-0.00381275260162166,-0.0720495986827205,2.70081955744754,0
matlab_boundary_1,174.999798947141,0.514974461729671,0.260785523444631,1.604,-0.00395139407079351,-0.0665644751371365,2.78302324115758,0
matlab_boundary_1,174.999798947141,0.514974461729671,0.260785523444631,1.606,-0.00407890604137361,-0.0609226921003919,2.85744913250293,0
matlab_boundary_1,174.999798947141,0.514974461729671,0.260785523444631,1.608,-0.00419499086605645,-0.0551399774633935,2.9239285535758,0
matlab_boundary_1,174.999798947141,0.514974461729671,0.260785523444631,1.61,-0.00429938267609661,-0.0492323745810574,2.98231477437976,0
matlab_boundary_1,174.999798947141,0.514974461729671,0.260785523444631,1.612,-0.0043918479681266,-0.0432161980599214,3.03248331930657,0
matlab_boundary_1,174.999798947141,0.514974461729671,0.260785523444631,1.614,-0.00447218610197736,-0.0371079889935301,3.07433221280119,0
matlab_boundary_1,174.999798947141,0.514974461729671,0.260785523444631,1.616,-0.0045402297085189,-0.0309244697676661,3.10778216379637,0
matlab_boundary_1,174.999798947141,0.514974461729671,0.260785523444631,1.618,-0.00459584500678368,-0.0246824985581661,3.13277668866447,0
matlab_boundary_1,174.999798947141,0.514974461729671,0.260785523444631,1.62,-0.00463893202988055,-0.0183990236444015,3.14928217259939,0
matlab_boundary_1,174.999798947141,0.514974461729671,0.260785523444631,1.622,-0.0046694247594541,-0.0120910376615154,3.15728786950698,0
matlab_boundary_1,174.999798947141,0.514974461729671,0.260785523444631,1.624,-0.00468729116868946,-0.00577553191417965,3.15680584064653,0
matlab_boundary_1,174.999798947141,0.514974461729671,0.260785523444631,1.626,-0.00469253317410808,0.000530549126005235,3.14787083242913,0
matlab_boundary_1,174.999798947141,0.514974461729671,0.260785523444631,1.628,-0.00468518649664293,0.00681035301832398,3.13054009394009,0
matlab_boundary_1,174.999798947141,0.514974461729671,0.260785523444631,1.63,-0.0046653204327229,0.013047164126121,3.10489313491154,0
matlab_boundary_1,174.999798947141,0.514974461729671,0.260785523444631,1.632,-0.00463303753633422,0.0192244478470936,3.07103142502838,0
matlab_boundary_1,174.999798947141,0.514974461729671,0.260785523444631,1.634,-0.0045884732132612,0.025325894184381,3.02907803560401,0
matlab_boundary_1,174.999798947141,0.514974461729671,0.260785523444631,1.636,-0.00453179522893936,0.0313354605443524,2.97917722481277,0
matlab_boundary_1,174.999798947141,0.514974461729671,0.260785523444631,1.638,-0.00446320313157951,0.0372374136495149,2.92149396781244,0
matlab_boundary_1,174.999798947141,0.514974461729671,0.260785523444631,1.64,-0.00438292759244166,0.0430163704577749,2.85621343323244,0
matlab_boundary_1,174.999798947141,0.514974461729671,0.260785523444631,1.642,-0.00429122966535256,0.0486573379823755,2.78354040764136,0
matlab_boundary_1,174.999798947141,0.514974461729671,0.260785523444631,1.644,-0.00418839996776818,0.0541457519101924,2.70369866974017,0
matlab_boundary_1,174.999798947141,0.514974461729671,0.260785523444631,1.646,-0.00407475778588373,0.059467513919694,2.61693031615557,0
matlab_boundary_1,174.999798947141,0.514974461729671,0.260785523444631,1.648,-0.0039506501064876,0.0646090276037416,2.52349504082975,0
matlab_boundary_1,174.999798947141,0.514974461729671,0.260785523444631,1.65,-0.00381645057844072,0.0695572329065183,2.4236693701197,0
matlab_boundary_1,174.999798947141,0.514974461729671,0.260785523444631,1.652,-0.00367255840684026,0.0742996389882081,2.3177458558291,0
matlab_boundary_1,174.999798947141,0.514974461729671,0.260785523444631,1.654,-0.00351939718309493,0.0788243554356045,2.20603222850004,0
matlab_boundary_1,174.999798947141,0.514974461729671,0.260785523444631,1.656,-0.00335741365429762,0.0831201217415734,2.08885051338885,0
matlab_boundary_1,174.999798947141,0.514974461729671,0.260785523444631,1.658,-0.0031870764354309,0.0871763349812413,1.96653611164092,0
matlab_boundary_1,174.999798947141,0.514974461729671,0.260785523444631,1.66,-0.00300887466807965,0.0909830756178904,1.83943684926245,0
matlab_boundary_1,174.999798947141,0.514974461729671,0.260785523444631,1.662,-0.00282331662945414,0.0945311313768167,1.70791199656328,0
matlab_boundary_1,174.999798947141,0.514974461729671,0.260785523444631,1.664,-0.00263092829564475,0.0978120191308254,1.57233126081343,0
matlab_boundary_1,174.999798947141,0.514974461729671,0.260785523444631,1.666,-0.00243225186313698,0.100818004746584,1.43307375491683,0
matlab_boundary_1,174.999798947141,0.514974461729671,0.260785523444631,1.668,-0.00222784423271077,0.103542120846719,1.29052694495904,0
matlab_boundary_1,174.999798947141,0.514974461729671,0.260785523444631,1.67,-0.00201827545993341,0.105978182448295,1.14508557953102,0
matlab_boundary_1,174.999798947141,0.514974461729671,0.260785523444631,1.672,-0.00180412717652738,0.108120800444162,0.997150603768316,0
matlab_boundary_1,174.999798947141,0.514974461729671,0.260785523444631,1.674,-0.00158599098695609,0.109965392899578,0.847128061074475,0
matlab_boundary_1,174.999798947141,0.514974461729671,0.260785523444631,1.676,-0.00136446684461981,0.111508194142439,0.695427985518763,0
matlab_boundary_1,174.999798947141,0.514974461729671,0.260785523444631,1.678,-0.00114016141209085,0.112746261631495,0.542463287911418,0
matlab_boundary_1,174.999798947141,0.514974461729671,0.260785523444631,1.68,-0.00091368640984306,0.113677480592893,0.388648638564783,0
matlab_boundary_1,174.999798947141,0.514974461729671,0.260785523444631,1.682,-0.000685656957943322,0.114300566421433,0.234399349745707,0
matlab_boundary_1,174.999798947141,0.514974461729671,0.260785523444631,1.684,-0.000456689915174338,0.114615064848921,0.0801302608135313,0
matlab_boundary_1,174.999798947141,0.514974461729671,0.260785523444631,1.686,-0.000227402220047194,0.114621349887963,-0.0737453709809652,0
matlab_boundary_1,174.999798947141,0.514974461729671,0.260785523444631,1.688,1.59076186054664e-06,0.114320619565477,-0.226816971087205,0
matlab_boundary_1,174.999798947141,0.514974461729671,0.260785523444631,1.69,0.000229676879839774,0.113714889466065,-0.378677736723259,0
matlab_boundary_1,174.999798947141,0.514974461729671,0.260785523444631,1.692,0.000456248824902502,0.112806984111167,-0.528925711549664,0
matlab_boundary_1,174.999798947141,0.514974461729671,0.260785523444631,1.694,0.000680705737254501,0.111600526205615,-0.677164843127044,0
matlab_boundary_1,174.999798947141,0.514974461729671,0.260785523444631,1.696,0.000902497401338101,0.110163805272465,-0.75918082226377,0.0166850419835823
matlab_boundary_1,174.999798947141,0.514974461729671,0.260785523444631,1.698,0.0011212593158517,0.10857465067019,-0.829572072618388,0.0357929399351908
matlab_boundary_1,174.999798947141,0.514974461729671,0.260785523444631,1.7,0.00133670368974686,0.106847054622243,-0.897592867739339,0.0548671555455215
matlab_boundary_1,174.999798947141,0.514974461729671,0.260785523444631,1.702,0.00154855842551172,0.104985824176779,-0.963178187738069,0.0738795035574118
matlab_boundary_1,174.999798947141,0.514974461729671,0.260785523444631,1.704,0.00175656116515386,0.102995889486065,-1.02626997134219,0.0928017518167568
matlab_boundary_1,174.999798947141,0.514974461729671,0.260785523444631,1.706,0.00196045952251008,0.100882289918985,-1.08681708307559,0.111605663333923
matlab_boundary_1,174.999798947141,0.514974461729671,0.260785523444631,1.708,0.00216001128786012,0.0986501602590709,-1.14477526057847,0.130263038721617
matlab_boundary_1,174.999798947141,0.514974461729671,0.260785523444631,1.71,0.00235498460505478,0.0963047170273493,-1.20010704252316,0.148745758947396
matlab_boundary_1,174.999798947141,0.514974461729671,0.260785523444631,1.712,0.00254515812144653,0.0938512449682871,-1.25278167763652,0.167025828337747
matlab_boundary_1,174.999798947141,0.514974461729671,0.260785523444631,1.714,0.00273032111098627,0.0912950837360866,-1.30277501539291,0.185075417769461
matlab_boundary_1,174.999798947141,0.514974461729671,0.260785523444631,1.716,0.00291027357092314,0.0886416148173704,-1.3500693789929,0.20286690798292
matlab_boundary_1,174.999798947141,0.514974461729671,0.260785523444631,1.718,0.0030848262926152,0.0858962487250313,-1.39465342129138,0.220372932950968
matlab_boundary_1,174.999798947141,0.514974461729671,0.260785523444631,1.72,0.00325380090702696,0.0830644124966461,-1.43652196438577,0.237566423236041
matlab_boundary_1,174.999798947141,0.514974461729671,0.260785523444631,1.722,0.00341702990555495,0.0801515375293825,-1.47567582361861,0.254420649267518
matlab_boundary_1,174.999798947141,0.514974461729671,0.260785523444631,1.724,0.00357435663688513,0.0771630477817831,-1.51212161679072,0.270909264470411
matlab_boundary_1,174.999798947141,0.514974461729671,0.260785523444631,1.726,0.00372563528064484,0.0741043483711752,-1.54587155941981,0.287006348176033
matlab_boundary_1,174.999798947141,0.514974461729671,0.260785523444631,1.728,0.00387073079866781,0.0709808145937496,-1.57694324691513,0.302686448244683
matlab_boundary_1,174.999798947141,0.514974461729671,0.260785523444631,1.73,0.0040095188647433,0.067797781392579,-1.60535942457257,0.317924623330025
matlab_boundary_1,174.999798947141,0.514974461729671,0.260785523444631,1.732,0.00414188577376881,0.064560533297004,-1.6311477463241,0.332696484714509
matlab_boundary_1,174.999798947141,0.514974461729671,0.260785523444631,1.734,0.00426772833127113,0.0612742948549218,-1.65434052320296,0.346978237645095
matlab_boundary_1,174.999798947141,0.514974461729671,0.260785523444631,1.736,0.00438695372430124,0.0579442215775635,-1.67497446250992,0.360746722098341
matlab_boundary_1,174.999798947141,0.514974461729671,0.260785523444631,1.738,0.00449947937474623,0.0545753914143565,-1.69309039868677,0.373979452904083
matlab_boundary_1,174.999798947141,0.514974461729671,0.260785523444631,1.74,0.004605232776134,0.0511727967734357,-1.70873301692065,0.38665465915706
matlab_boundary_1,174.999798947141,0.514974461729671,0.260785523444631,1.742,0.00470415131503625,0.0477413371013054,-1.7219505705175,0.398751322846084
matlab_boundary_1,174.999798947141,0.514974461729671,0.260785523444631,1.744,0.00479618207819944,0.0442858120330684,-1.73279459309344,0.410249216630875
matlab_boundary_1,174.999798947141,0.514974461729671,0.260785523444631,1.746,0.00488128164655489,0.0408109151225289,-1.74131960664116,0.421128940697079
matlab_boundary_1,174.999798947141,0.514974461729671,0.260785523444631,1.748,0.00495941587727495,0.03732122815936,-1.7475828265324,0.43137195862073
matlab_boundary_1,174.999798947141,0.514974461729671,0.260785523444631,1.75,0.00503055967505513,0.0338212160784023,-1.75164386451869,0.440960632174177
matlab_boundary_1,174.999798947141,0.514974461729671,0.260785523444631,1.752,0.00509469675380948,0.0303152224640356,-1.7535644307904,0.449878255006382
matlab_boundary_1,174.999798947141,0.514974461729671,0.260785523444631,1.754,0.00515181938997071,0.0268074656504533,-1.7534080361485,0.458109085131526
matlab_boundary_1,174.999798947141,0.514974461729671,0.260785523444631,1.756,0.00520192816858582,0.0233020354165678,-1.75123969533446,0.465638376161028
matlab_boundary_1,174.999798947141,0.514974461729671,0.260785523444631,1.758,0.00524503172339363,0.0198028902721944,-1.74712563255175,0.472452407215338
matlab_boundary_1,174.999798947141,0.514974461729671,0.260785523444631,1.76,0.00528114647206156,0.0163138553301121,-1.74113299019704,0.478538511453285
matlab_boundary_1,174.999798947141,0.514974461729671,0.260785523444631,1.762,0.00531029634774637,0.0128386207565791,-1.73332954180077,0.483885103158268
matlab_boundary_1,174.999798947141,0.514974461729671,0.260785523444631,1.764,0.00533251252812682,0.00938074079090336,-1.72378341015517,0.488481703322239
matlab_boundary_1,174.999798947141,0.514974461729671,0.260785523444631,1.766,0.00534783316303514,0.00594363332273663,-1.71256279158347,0.492318963670204
matlab_boundary_1,174.999798947141,0.514974461729671,0.260785523444631,1.768,0.00535630310178997,0.00253058001388034,-1.69973568727625,0.495388689069846
matlab_boundary_1,174.999798947141,0.514974461729671,0.260785523444631,1.77,0.00535797362130509,-0.000855273050431652,-1.68536964259108,0.497683858272891
matlab_boundary_1,174.999798947141,0.514974461729671,0.260785523444631,1.772,0.00535290215601631,-0.00421091419756654,-1.66953149517805,0.499198642936986
matlab_boundary_1,174.999798947141,0.514974461729671,0.260785523444631,1.774,0.0053411520306337,-0.0075334645093262,-1.6522871327586,0.499928424879083
matlab_boundary_1,174.999798947141,0.514974461729671,0.260785523444631,1.776,0.00532279219668776,-0.0108201756896817,-1.63370126134668,0.499869811513706
matlab_boundary_1,174.999798947141,0.514974461729671,0.260785523444631,1.778,0.00529789697379626,-0.0140684274800471,-1.61383718466073,0.499020649431934
matlab_boundary_1,174.999798947141,0.514974461729671,0.260785523444631,1.78,0.00526654579653394,-0.0172757246451856,-1.59275659543217,0.497380036079537
matlab_boundary_1,174.999798947141,0.514974461729671,0.260785523444631,1.782,0.00522882296773943,-0.0204396935542075,-1.57051937927133,0.494948329495385
matlab_boundary_1,174.999798947141,0.514974461729671,0.260785523444631,1.784,0.00518481741904377,-0.0235580783823958,-1.54718343170444,0.491727156074032
matlab_boundary_1,174.999798947141,0.514974461729671,0.260785523444631,1.786,0.00513462247935207,-0.0266287369607711,-1.52280448894695,0.487719416319304
matlab_boundary_1,174.999798947141,0.514974461729671,0.260785523444631,1.788,0.00507833565195512,-0.0296496363013921,-1.49743597292772,0.482929288558679
matlab_boundary_1,174.999798947141,0.514974461729671,0.260785523444631,1.79,0.00501605840089058,-0.0326188478273605,-1.47112885102658,0.477362230591365
matlab_boundary_1,174.999798947141,0.514974461729671,0.260785523444631,1.792,0.00494789594711456,-0.0355345423373753,-1.44393151093474,0.471024979246108
matlab_boundary_1,174.999798947141,0.514974461729671,0.260785523444631,1.794,0.00487395707498426,-0.0383949847354423,-1.41588965099238,0.463925547828104
matlab_boundary_1,174.999798947141,0.514974461729671,0.260785523444631,1.796,0.0047943539494899,-0.041198528557,-1.38704618630274,0.456073221437628
matlab_boundary_1,174.999798947141,0.514974461729671,0.260785523444631,1.798,0.00470920194461153,-0.043943610323265,-1.357441170865,0.447478550146499
matlab_boundary_1,174.999798947141,0.514974461729671,0.260785523444631,1.8,0.0046186194831122,-0.0466287437560264,-1.32711173591137,0.438153340021932
matlab_boundary_1,174.999798947141,0.514974461729671,0.260785523444631,1.802,0.00452272788801384,-0.0492525138854338,-1.29609204457599,0.428110641990895
matlab_boundary_1,174.999798947141,0.514974461729671,0.260785523444631,1.804,0.00442165124593747,-0.0518135710835172,-1.26441326296508,0.417364738541723
matlab_boundary_1,174.999798947141,0.514974461729671,0.260785523444631,1.806,0.00431551628242308,-0.0543106250562628,-1.23210354763976,0.405931128263381
matlab_boundary_1,174.999798947141,0.514974461729671,0.260785523444631,1.808,0.00420445224927969,-0.0567424388270278,-1.19918804946442,0.393826508226498
matlab_boundary_1,174.999798947141,0.514974461729671,0.260785523444631,1.81,0.00408859082394985,-0.0591078227439295,-1.16568893371593,0.38106875421406
matlab_boundary_1,174.999798947141,0.514974461729671,0.260785523444631,1.812,0.00396806602080849,-0.0614056285435735,-1.13162541629072,0.367676898813446
matlab_boundary_1,174.999798947141,0.514974461729671,0.260785523444631,1.814,0.00384301411425126,-0.0636347435031047,-1.09701381579024,0.35367110738533
matlab_boundary_1,174.999798947141,0.514974461729671,0.260785523444631,1.816,0.00371357357336409,-0.0657940847120685,-1.06186762120846,0.339072651928785
matlab_boundary_1,174.999798947141,0.514974461729671,0.260785523444631,1.818,0.00357988500790357,-0.0678825934949611,-1.02619757488979,0.323903882865882
matlab_boundary_1,174.999798947141,0.514974461729671,0.260785523444631,1.82,0.00344209112525617,-0.0698992300146297,-0.990011770371184,0.30818819877287
matlab_boundary_1,174.999798947141,0.514974461729671,0.260785523444631,1.822,0.00330033669798543,-0.0718429680858591,-0.953315764669183,0.291950014088973
matlab_boundary_1,174.999798947141,0.514974461729671,0.260785523444631,1.824,0.00315476854151797,-0.0737127902275478,-0.916112704520586,0.275214724837708
matlab_boundary_1,174.999798947141,0.514974461729671,0.260785523444631,1.826,0.00300553550146363,-0.0755076829808464,-0.878403466035302,0.25800867239952
matlab_boundary_1,174.999798947141,0.514974461729671,0.260785523444631,1.828,0.00285278845001149,-0.0772266325194974,-0.840186807171369,0.240359105378355
matlab_boundary_1,174.999798947141,0.514974461729671,0.260785523444631,1.83,0.00269668029079197,-0.0788686205773896,-0.801459532395427,0.222294139608679
matlab_boundary_1,174.999798947141,0.514974461729671,0.260785523444631,1.832,0.00253736597154678,-0.0804326207170211,-0.762216668847123,0.203842716353229
matlab_boundary_1,174.999798947141,0.514974461729671,0.260785523444631,1.834,0.00237500250390237,-0.0819175949611599,-0.722451653283598,0.185034558745557
matlab_boundary_1,174.999798947141,0.514974461729671,0.260785523444631,1.836,0.00220974898949938,-0.0833224908085003,-0.682156529039675,0.165900126535172
matlab_boundary_1,174.999798947141,0.514974461729671,0.260785523444631,1.838,0.00204176665169051,-0.0846462386525523,-0.641322152201767,0.146470569196703
matlab_boundary_1,174.999798947141,0.514974461729671,0.260785523444631,1.84,0.00187121887198283,-0.0858877496213512,-0.599938406158158,0.126777677468171
matlab_boundary_1,174.999798947141,0.514974461729671,0.260785523444631,1.842,0.0016982712303662,-0.0870459138538798,-0.55799442365532,0.106853833386991
matlab_boundary_1,174.999798947141,0.514974461729671,0.260785523444631,1.844,0.00152309154864036,-0.0881195992273123,-0.51547881546045,0.0867319588957622
matlab_boundary_1,174.999798947141,0.514974461729671,0.260785523444631,1.846,0.00134584993582633,-0.0891076505473711,-0.472379904703054,0.0664454630932911
matlab_boundary_1,174.999798947141,0.514974461729671,0.260785523444631,1.848,0.00116671883472503,-0.0900088892122023,-0.428685965944365,0.0460281882096149
matlab_boundary_1,174.999798947141,0.514974461729671,0.260785523444631,1.85,0.00098587306866755,-0.0908221133582571,-0.38438546800205,0.0255143543869784
matlab_boundary_1,174.999798947141,0.514974461729671,0.260785523444631,1.852,0.000803489887485937,-0.0915460984946971,-0.339467319540006,0.0049385033517556
matlab_boundary_1,174.999798947141,0.514974461729671,0.260785523444631,1.854,0.000619789016736044,-0.0921196242378192,-0.233999566409213,0
matlab_boundary_1,174.999798947141,0.514974461729671,0.260785523444631,1.856,0.000435164830274232,-0.0924630482093155,-0.109429576260354,0
matlab_boundary_1,174.999798947141,0.514974461729671,0.260785523444631,1.858,0.00025010285942882,-0.0925574745688682,0.0149424917362768,0
matlab_boundary_1,174.999798947141,0.514974461729671,0.260785523444631,1.86,6.51004816224583e-05,-0.0924036318682156,0.138784311758751,0
matlab_boundary_1,174.999798947141,0.514974461729671,0.260785523444631,1.862,-0.000119347045803309,-0.0920029107269368,0.26176628805155,0
matlab_boundary_1,174.999798947141,0.514974461729671,0.260785523444631,1.864,-0.000302747903680203,-0.0913573574983329,0.38356242692164,0
matlab_boundary_1,174.999798947141,0.514974461729671,0.260785523444631,1.866,-0.000484615014701492,-0.0904696662040213,0.503851195650067,0
matlab_boundary_1,174.999798947141,0.514974461729671,0.260785523444631,1.868,-0.000664467329271489,-0.0893431687656699,0.622316366070203,0
matlab_boundary_1,174.999798947141,0.514974461729671,0.260785523444631,1.87,-0.000841831090142685,-0.0879818235667447,0.738647840613744,0
matlab_boundary_1,174.999798947141,0.514974461729671,0.260785523444631,1.872,-0.00101624107253705,-0.0863902023814889,0.852542458681148,0
matlab_boundary_1,174.999798947141,0.514974461729671,0.260785523444631,1.874,-0.00118724179652675,-0.0845734757125776,0.963704781254373,0
matlab_boundary_1,174.999798947141,0.514974461729671,0.260785523444631,1.876,-0.00135438870853638,-0.0825373965829903,1.07184785173624,0
matlab_boundary_1,174.999798947141,0.514974461729671,0.260785523444631,1.878,-0.00151724932892423,-0.0802882828316034,1.17669393107237,0
matlab_boundary_1,174.999798947141,0.514974461729671,0.260785523444631,1.88,-0.00167540436270244,-0.0778329979658209,1.27797520528821,0
matlab_boundary_1,174.999798947141,0.514974461729671,0.260785523444631,1.882,-0.00182844877056672,-0.0751789306282104,1.37543446365479,0
matlab_boundary_1,174.999798947141,0.514974461729671,0.260785523444631,1.884,-0.00197599279752345,-0.0723339727376034,1.4688257457828,0
matlab_boundary_1,174.999798947141,0.514974461729671,0.260785523444631,1.886,-0.00211766295652625,-0.0693064963684302,1.55791495603422,0
matlab_boundary_1,174.999798947141,0.514974461729671,0.260785523444631,1.888,-0.00225310296466506,-0.0661053294351846,1.64248044373476,0
matlab_boundary_1,174.999798947141,0.514974461729671,0.260785523444631,1.89,-0.00238197462958715,-0.0627397302518551,1.722313547768,0
matlab_boundary_1,174.999798947141,0.514974461729671,0.260785523444631,1.892,-0.00250395868397229,-0.0592193610388926,1.79721910423293,0
matlab_boundary_1,174.999798947141,0.514974461729671,0.260785523444631,1.894,-0.00261875556603171,-0.0555542604528204,1.86701591595099,0
matlab_boundary_1,174.999798947141,0.514974461729671,0.260785523444631,1.896,-0.00272608614415336,-0.0517548152159124,1.93153718271522,0
matlab_boundary_1,174.999798947141,0.514974461729671,0.260785523444631,1.898,-0.00282569238397263,-0.0478317309254714,1.99063089128427,0
matlab_boundary_1,174.999798947141,0.514974461729671,0.260785523444631,1.9,-0.00291733795630898,-0.0437960021241222,2.04416016423511,0
matlab_boundary_1,174.999798947141,0.514974461729671,0.260785523444631,1.902,-0.00300080878457321,-0.0396588817141937,2.09200356690246,0
matlab_boundary_1,174.999798947141,0.514974461729671,0.260785523444631,1.904,-0.00307591353041801,-0.0354318498006924,2.13405537174805,0
matlab_boundary_1,174.999798947141,0.514974461729671,0.260785523444631,1.906,-0.00314248401657429,-0.0311265820485677,2.1702257796193,0
matlab_boundary_1,174.999798947141,0.514974461729671,0.260785523444631,1.908,-0.0032003755859885,-0.0267549176409324,2.20044109747497,0
matlab_boundary_1,174.999798947141,0.514974461729671,0.260785523444631,1.91,-0.00324946739655017,-0.0223288269256288,2.22464387227317,0
matlab_boundary_1,174.999798947141,0.514974461729671,0.260785523444631,1.912,-0.0032896626508741,-0.0178603788380202,2.24279298083609,0
matlab_boundary_1,174.999798947141,0.514974461729671,0.260785523444631,1.914,-0.0033208887607778,-0.0133617081881437,2.25486367562409,0
matlab_boundary_1,174.999798947141,0.514974461729671,0.260785523444631,1.916,-0.0033430974462711,-0.0088449829003708,2.26084758647061,0
matlab_boundary_1,174.999798947141,0.514974461729671,0.260785523444631,1.918,-0.00335626476905087,-0.00432237129350763,2.26075267844659,0
matlab_boundary_1,174.999798947141,0.514974461729671,0.260785523444631,1.92,-0.00336039110066932,0.00019399051119205,2.25460316614027,0
matlab_boundary_1,174.999798947141,0.514974461729671,0.260785523444631,1.922,-0.00335550102571869,0.00469203096731402,2.24243938475383,0
matlab_boundary_1,174.999798947141,0.514974461729671,0.260785523444631,1.924,-0.00334164318054762,0.0091597751800007,2.22431761853219,0
matlab_boundary_1,174.999798947141,0.514974461729671,0.260785523444631,1.926,-0.00331889002819548,0.013585376597372,2.2003098871517,0
matlab_boundary_1,174.999798947141,0.514974461729671,0.260785523444631,1.928,-0.0032873375703987,0.0179571482332896,2.17050369080665,0
matlab_boundary_1,174.999798947141,0.514974461729671,0.260785523444631,1.93,-0.00324710499768848,0.022263593339687,2.13500171483897,0
matlab_boundary_1,174.999798947141,0.514974461729671,0.260785523444631,1.932,-0.00319833427876116,0.0264934354484868,2.0939214948618,0
matlab_boundary_1,174.999798947141,0.514974461729671,0.260785523444631,1.934,-0.00314118969046031,0.0306356477051275,2.04739504342948,0
matlab_boundary_1,174.999798947141,0.514974461729671,0.260785523444631,1.936,-0.00307585728986347,0.0346794814179276,1.99556843940548,0
matlab_boundary_1,174.999798947141,0.514974461729671,0.260785523444631,1.938,-0.00300254433011571,0.0386144937499159,1.93860138127506,0
matlab_boundary_1,174.999798947141,0.514974461729671,0.260785523444631,1.94,-0.00292147862179624,0.0424305744823391,1.87666670574104,0
matlab_boundary_1,174.999798947141,0.514974461729671,0.260785523444631,1.942,-0.00283290784174335,0.0461179717818261,1.80994987302917,0
matlab_boundary_1,174.999798947141,0.514974461729671,0.260785523444631,1.944,-0.00273709879139571,0.0496673169061232,1.73864842041238,0
matlab_boundary_1,174.999798947141,0.514974461729671,0.260785523444631,1.946,-0.00263433660683572,0.0530696477864156,1.6629713855433,0
matlab_boundary_1,174.999798947141,0.514974461729671,0.260785523444631,1.948,-0.00252492392284071,0.0563164314275017,1.58313870125806,0
matlab_boundary_1,174.999798947141,0.514974461729671,0.260785523444631,1.95,-0.00240917999336243,0.0593995850704857,1.49938056358515,0
matlab_boundary_1,174.999798947141,0.514974461729671,0.260785523444631,1.952,-0.00228743977096207,0.0623114960661862,1.41193677475728,0
matlab_boundary_1,174.999798947141,0.514974461729671,0.260785523444631,1.954,-0.00216005294782823,0.0650450404111156,1.3210560630846,0
matlab_boundary_1,174.999798947141,0.514974461729671,0.260785523444631,1.956,-0.00202738296109758,0.0675935999016569,1.22699538160195,0
matlab_boundary_1,174.999798947141,0.514974461729671,0.260785523444631,1.958,-0.00188980596528311,0.0699510778659408,1.13001918745231,0
matlab_boundary_1,174.999798947141,0.514974461729671,0.260785523444631,1.96,-0.00174770977469169,0.0721119134368933,1.03039870401238,0
matlab_boundary_1,174.999798947141,0.514974461729671,0.260785523444631,1.962,-0.00160149277878177,0.0740710943339785,0.928411167804507,0
matlab_boundary_1,174.999798947141,0.514974461729671,0.260785523444631,1.964,-0.00145156283347284,0.0758241681252794,0.824339062272054,0
matlab_boundary_1,174.999798947141,0.514974461729671,0.260785523444631,1.966,-0.00129833613147096,0.0773672519457444,0.718469340522056,0
matlab_boundary_1,174.999798947141,0.514974461729671,0.260785523444631,1.968,-0.00114223605471853,0.0786970406516564,0.611092639160428,0
matlab_boundary_1,174.999798947141,0.514974461729671,0.260785523444631,1.97,-0.00098369201211237,0.079810813395647,0.502502485360411,0
matlab_boundary_1,174.999798947141,0.514974461729671,0.260785523444631,1.972,-0.000823138265661067,0.0807064386108739,0.392994499314649,0
matlab_boundary_1,174.999798947141,0.514974461729671,0.260785523444631,1.974,-0.000661012748271033,0.0813823773972797,0.282865594225152,0
matlab_boundary_1,174.999798947141,0.514974461729671,0.260785523444631,1.976,-0.000497755876360662,0.0818376853071642,0.172413175983524,0
matlab_boundary_1,174.999798947141,0.514974461729671,0.260785523444631,1.978,-0.0003338093605031,0.0820720125315943,0.0619343446861872,0
matlab_boundary_1,174.999798947141,0.514974461729671,0.260785523444631,1.98,-0.000169615017290877,0.0820856024934587,-0.048274899884074,0
matlab_boundary_1,174.999798947141,0.514974461729671,0.260785523444631,1.982,-5.61358559976306e-06,0.0818792888572123,-0.157920446697893,0
matlab_boundary_1,174.999798947141,0.514974461729671,0.260785523444631,1.984,0.000157756449595082,0.0814544909695637,-0.266710853752728,0
matlab_boundary_1,174.999798947141,0.514974461729671,0.260785523444631,1.986,0.000320060022730269,0.0808132077494985,-0.37435811812226,0
matlab_boundary_1,174.999798947141,0.514974461729671,0.260785523444631,1.988,0.000480866639413113,0.0799580100501169,-0.480578433759671,0
matlab_boundary_1,174.999798947141,0.514974461729671,0.260785523444631,1.99,0.000639751511397799,0.078892031518766,-0.585092935073435,0
matlab_boundary_1,174.999798947141,0.514974461729671,0.260785523444631,1.992,0.000796296671805119,0.077618957985864,-0.687628424340183,0
matlab_boundary_1,174.999798947141,0.514974461729671,0.260785523444631,1.994,0.00095009206767675,0.076143015416638,-0.787918081070125,0
matlab_boundary_1,174.999798947141,0.514974461729671,0.260785523444631,1.996,0.00110073662702724,0.0744689564637059,-0.885702151496261,0
matlab_boundary_1,174.999798947141,0.514974461729671,0.260785523444631,1.998,0.00124783929763631,0.0726020456620366,-0.980728616419068,0
matlab_boundary_1,174.999798947141,0.514974461729671,0.260785523444631,2,0.00139102005491067,0.0705480433112889,-1.0727538357033,0
matlab_boundary_1,174.999798947141,0.514974461729671,0.260785523444631,2.002,0.00152996704438515,0.0683973938036183,-1.07741165111847,0.0219934748186075
matlab_boundary_1,174.999798947141,0.514974461729671,0.260785523444631,2.004,0.00166460529512618,0.0662402420202606,-1.07925650830689,0.0439631515028182
matlab_boundary_1,174.999798947141,0.514974461729671,0.260785523444631,2.006,0.00179492731643584,0.0640820452482339,-1.07845814543842,0.0658662642879633
matlab_boundary_1,174.999798947141,0.514974461729671,0.260785523444631,2.008,0.00192093618822271,0.0619279146030278,-1.0751929141045,0.0876599943092955
matlab_boundary_1,174.999798947141,0.514974461729671,0.260785523444631,2.01,0.00204264485597619,0.0597826026190356,-1.06964295980588,0.10930155354894
matlab_boundary_1,174.999798947141,0.514974461729671,0.260785523444631,2.012,0.00216007540257067,0.0576504924939083,-1.06199538792456,0.130748269365343
matlab_boundary_1,174.999798947141,0.514974461729671,0.260785523444631,2.014,0.00227325830023458,0.0555355890129439,-1.05244141809954,0.151957669440853
matlab_boundary_1,174.999798947141,0.514974461729671,0.260785523444631,2.016,0.00238223164606567,0.0534415111737567,-1.04117552995577,0.172887566980479
matlab_boundary_1,174.999798947141,0.514974461729671,0.260785523444631,2.018,0.00248704038450845,0.0513714865255522,-1.028394603156,0.193496145992477
matlab_boundary_1,174.999798947141,0.514974461729671,0.260785523444631,2.02,0.00258773552023201,0.0493283472313834,-1.01429705475706,0.213742046479305
matlab_boundary_1,174.999798947141,0.514974461729671,0.260785523444631,2.022,0.00268437332485801,0.0473145278557928,-0.999081976853068,0.233584449366026
matlab_boundary_1,174.999798947141,0.514974461729671,0.260785523444631,2.024,0.00277701454098682,0.0453320648742865,-0.982948277481813,0.252983160991618
matlab_boundary_1,174.999798947141,0.514974461729671,0.260785523444631,2.026,0.00286572358695711,0.0433825978951522,-0.966093827752862,0.271898696987907
matlab_boundary_1,174.999798947141,0.514974461729671,0.260785523444631,2.028,0.00295056776574895,0.0414673725782408,-0.948714618131151,0.290292365369899
matlab_boundary_1,174.999798947141,0.514974461729671,0.260785523444631,2.03,0.0030316164814043,0.0395872452294943,-0.931003926773909,0.30812634866127
matlab_boundary_1,174.999798947141,0.514974461729671,0.260785523444631,2.032,0.00310894046629032,0.0377426890442491,-0.913151502775619,0.325363784878638
matlab_boundary_1,174.999798947141,0.514974461729671,0.260785523444631,2.034,0.00318261102247136,0.0359338019666901,-0.895342767122383,0.341968847198764
matlab_boundary_1,174.999798947141,0.514974461729671,0.260785523444631,2.036,0.00325269928038459,0.0341603161272868,-0.877758034095535,0.357906822133644
matlab_boundary_1,174.999798947141,0.514974461729671,0.260785523444631,2.038,0.00331927547793261,0.0324216088146324,-0.860571755794485,0.373144186039578
matlab_boundary_1,174.999798947141,0.514974461729671,0.260785523444631,2.04,0.00338240826301391,0.0307167149328389,-0.843951792370094,0.387648679787956
matlab_boundary_1,174.999798947141,0.514974461729671,0.260785523444631,2.042,0.00344216402240918,0.0290443408905529,-0.828058710473339,0.401389381427417
matlab_boundary_1,174.999798947141,0.514974461729671,0.260785523444631,2.044,0.00349860623982848,0.0274028798627356,-0.813045112330074,0.414336776669254
matlab_boundary_1,174.999798947141,0.514974461729671,0.260785523444631,2.046,0.00355179488580226,0.0257904283616308,-0.799054997750073,0.426462827030887
matlab_boundary_1,174.999798947141,0.514974461729671,0.260785523444631,2.048,0.00360178584196709,0.0242048040488327,-0.786223161270037,0.437741035475121
matlab_boundary_1,174.999798947141,0.514974461729671,0.260785523444631,2.05,0.00364863036215667,0.0226435647160888,-0.77467462651398,0.448146509386438
matlab_boundary_1,174.999798947141,0.514974461729671,0.260785523444631,2.052,0.00369237457255978,0.0211040283584223,-0.764524119731382,0.457656020729509
matlab_boundary_1,174.999798947141,0.514974461729671,0.260785523444631,2.054,0.00373305901305028,0.0195832942593692,-0.755875584345329,0.466248063239211
matlab_boundary_1,174.999798947141,0.514974461729671,0.260785523444631,2.056,0.00377071822163024,0.0180782650045896,-0.748821738207515,0.473902906496193
matlab_boundary_1,174.999798947141,0.514974461729671,0.260785523444631,2.058,0.00380538036375636,0.0165856693368637,-0.743443675117397,0.480602646746848
matlab_boundary_1,174.999798947141,0.514974461729671,0.260785523444631,2.06,0.00383706690814305,0.0151020857625135,-0.739810512017254,0.486331254332047
matlab_boundary_1,174.999798947141,0.514974461729671,0.260785523444631,2.062,0.0038657923504528,0.013623966816612,-0.737979083125601,0.491074617594545
matlab_boundary_1,174.999798947141,0.514974461729671,0.260785523444631,2.064,0.00389156398609675,0.0121476638919724,-0.737993682117354,0.494820583141102
matlab_boundary_1,174.999798947141,0.514974461729671,0.260785523444631,2.066,0.00391438173317626,0.0106694525348507,-0.739885853301829,0.497558992341696
matlab_boundary_1,174.999798947141,0.514974461729671,0.260785523444631,2.068,0.00393423800640044,0.00918555810855545,-0.743674232588869,0.499281713954946
matlab_boundary_1,174.999798947141,0.514974461729671,0.260785523444631,2.07,0.00395111764261533,0.00769218172473652,-0.749364438870191,0.499982672775852
matlab_boundary_1,174.999798947141,0.514974461729671,0.260785523444631,2.072,0.00396499787837895,0.00618552634103713,-0.75694901627733,0.499657874209365
matlab_boundary_1,174.999798947141,0.514974461729671,0.260785523444631,2.074,0.00397584837981311,0.00466182292303978,-0.766407427610313,0.498305424680873
matlab_boundary_1,174.999798947141,0.514974461729671,0.260785523444631,2.076,0.00398363132475791,0.00311735656801766,-0.777706099062638,0.495925547802669
matlab_boundary_1,174.999798947141,0.514974461729671,0.260785523444631,2.078,0.00398830153705007,0.00154849248791829,-0.790798516198907,0.492520596223623
matlab_boundary_1,174.999798947141,0.514974461729671,0.260785523444631,2.08,0.0039898066725412,-4.82982507370947e-05,-0.805625370972045,0.488095059097776
matlab_boundary_1,174.999798947141,0.514974461729671,0.260785523444631,2.082,0.00398808745626793,-0.00167641333175621,-0.822114759397777,0.482655565116238
matlab_boundary_1,174.999798947141,0.514974461729671,0.260785523444631,2.084,0.00398307796998329,-0.00333909423976554,-0.84018242933596,0.476210881055714
matlab_boundary_1,174.999798947141,0.514974461729671,0.260785523444631,2.086,0.00397470598905855,-0.00503940185580624,-0.85973207766106,0.46877190580613
matlab_boundary_1,174.999798947141,0.514974461729671,0.260785523444631,2.088,0.00396289336756696,-0.00678019269595486,-0.880655695939295,0.46035165984913
matlab_boundary_1,174.999798947141,0.514974461729671,0.260785523444631,2.09,0.00394755647016707,-0.00856409588895586,-0.902833963566737,0.450965270168764
matlab_boundary_1,174.999798947141,0.514974461729671,0.260785523444631,2.092,0.0039286066492134,-0.0103934909866013,-0.926136687163198,0.440629950585299
matlab_boundary_1,174.999798947141,0.514974461729671,0.260785523444631,2.094,0.00390595076533752,-0.0122704866980274,-0.950423284859611,0.42936497751294
matlab_boundary_1,174.999798947141,0.514974461729671,0.260785523444631,2.096,0.00387949174956261,-0.0141969006362238,-0.975543313964253,0.417191661152102
matlab_boundary_1,174.999798947141,0.514974461729671,0.260785523444631,2.098,0.00384912920484176,-0.0161742401618569,-1.00133704034417,0.404133312136985
matlab_boundary_1,174.999798947141,0.514974461729671,0.260785523444631,2.1,0.00381476004474283,-0.0182036844060612,-1.02763604771492,0.390215203669165
matlab_boundary_1,174.999798947141,0.514974461729671,0.260785523444631,2.102,0.00377627916684357,-0.0202860675500732,-1.05426388489271,0.375464529178177
matlab_boundary_1,174.999798947141,0.514974461729671,0.260785523444631,2.104,0.0037335801582488,-0.0224218634355762,-1.08103674893023,0.35991035556021
matlab_boundary_1,174.999798947141,0.514974461729671,0.260785523444631,2.106,0.0036865560304977,-0.024611171575331,-1.1077642019308,0.343583572056178
matlab_boundary_1,174.999798947141,0.514974461729671,0.260785523444631,2.108,0.00363509998099504,-0.026853704629136,-1.13424991921447,0.326516834840677
matlab_boundary_1,174.999798947141,0.514974461729671,0.260785523444631,2.11,0.00357910617797452,-0.0291487774053901,-1.16029246639674,0.308744507403456
matlab_boundary_1,174.999798947141,0.514974461729671,0.260785523444631,2.112,0.00351847056588689,-0.0314952974435508,-1.18568610283382,0.290302596815089
matlab_boundary_1,174.999798947141,0.514974461729671,0.260785523444631,2.114,0.00345309168800002,-0.0338917572275855,-1.21022160878926,0.271228685978588
matlab_boundary_1,174.999798947141,0.514974461729671,0.260785523444631,2.116,0.00338287152290333,-0.036336228075132,-1.23368713358644,0.251561861978568
matlab_boundary_1,174.999798947141,0.514974461729671,0.260785523444631,2.118,0.00330771633152519,-0.0388263557415233,-1.25586906192807,0.231342640649337
matlab_boundary_1,174.999798947141,0.514974461729671,0.260785523444631,2.12,0.00322753751119899,-0.0413593577721265,-1.27655289548977,0.210612887492935
matlab_boundary_1,174.999798947141,0.514974461729671,0.260785523444631,2.122,0.00314225245325274,-0.0439320226305925,-1.29552414682892,0.189415735087564
matlab_boundary_1,174.999798947141,0.514974461729671,0.260785523444631,2.124,0.00305178540054761,-0.0465407106246305,-1.31256924259388,0.16779549713605
matlab_boundary_1,174.999798947141,0.514974461729671,0.260785523444631,2.126,0.0029560683013542,-0.0491813566448465,-1.32747643297016,0.145797579313152
matlab_boundary_1,174.999798947141,0.514974461729671,0.260785523444631,2.128,0.00285504165592953,-0.0518494747260198,-1.34003670426342,0.123468387079029
matlab_boundary_1,174.999798947141,0.514974461729671,0.260785523444631,2.13,0.00274865535214602,-0.0545401644339622,-1.35004469148854,0.100855230635025
matlab_boundary_1,174.999798947141,0.514974461729671,0.260785523444631,2.132,0.00263686948652307,-0.0572481190748198,-1.357299587817,0.0780062272057578
matlab_boundary_1,174.999798947141,0.514974461729671,0.260785523444631,2.134,0.0025196551670252,-0.0599676357173671,-1.36160604772388,0.0549702008397364
matlab_boundary_1,174.999798947141,0.514974461729671,0.260785523444631,2.136,0.0023969952940151,-0.0626926270125339,-1.36277508067707,0.0317965799280193
matlab_boundary_1,174.999798947141,0.514974461729671,0.260785523444631,2.138,0.00226888531578823,-0.0654166347880957,-1.36062493222118,0.00853529264777828
matlab_boundary_1,174.999798947141,0.514974461729671,0.260785523444631,2.14,0.00213537165859527,-0.0680763214671846,-1.29850782917171,0
matlab_boundary_1,174.999798947141,0.514974461729671,0.260785523444631,2.142,0.00199668684632871,-0.0705758315455427,-1.20050776466166,0
matlab_boundary_1,174.999798947141,0.514974461729671,0.260785523444631,2.144,0.00185320094660177,-0.0728764661148874,-1.09967865687366,0
matlab_boundary_1,174.999798947141,0.514974461729671,0.260785523444631,2.146,0.00170531718204756,-0.0749728472728425,-0.996301707621125,0
matlab_boundary_1,174.999798947141,0.514974461729671,0.260785523444631,2.148,0.0015534489647587,-0.0768601653669976,-0.89066383421551,0
matlab_boundary_1,174.999798947141,0.514974461729671,0.260785523444631,2.15,0.00139801874888195,-0.0785341896367837,-0.783056878486792,0
matlab_boundary_1,174.999798947141,0.514974461729671,0.260785523444631,2.152,0.00123945686351817,-0.0799912772629547,-0.673776805732396,0
matlab_boundary_1,174.999798947141,0.514974461729671,0.260785523444631,2.154,0.00107820032913086,-0.081228380806717,-0.563122895779562,0
matlab_boundary_1,174.999798947141,0.514974461729671,0.260785523444631,2.156,0.000914691660698549,-0.0822430540249275,-0.451396928358927,0
matlab_boundary_1,174.999798947141,0.514974461729671,0.260785523444631,2.158,0.00074937766086881,-0.0830334560521859,-0.338902364993648,0
matlab_boundary_1,174.999798947141,0.514974461729671,0.260785523444631,2.16,0.000582708206385546,-0.0835983539450585,-0.22594352960887,0
matlab_boundary_1,174.999798947141,0.514974461729671,0.260785523444631,2.162,0.000415135031066237,-0.0839371235880763,-0.112824790061045,0
matlab_boundary_1,174.999798947141,0.514974461729671,0.260785523444631,2.164,0.000247110508602405,-0.0840497489655358,0.000150257224314445,0
matlab_boundary_1,174.999798947141,0.514974461729671,0.260785523444631,2.166,7.90864384441892e-05,-0.0839368198074951,0.112679597334802,0
matlab_boundary_1,174.999798947141,0.514974461729671,0.260785523444631,2.168,-8.84871619914922e-05,-0.0835995276226796,0.224463599524483,0
matlab_boundary_1,174.999798947141,0.514974461729671,0.260785523444631,2.17,-0.000255163255579462,-0.0830396601352782,0.335205810318085,0
matlab_boundary_1,174.999798947141,0.514974461729671,0.260785523444631,2.172,-0.000420498971039593,-0.0822595941468233,0.44461373497938,0
matlab_boundary_1,174.999798947141,0.514974461729671,0.260785523444631,2.174,-0.000584056772659585,-0.0812622868484792,0.552399605296522,0
matlab_boundary_1,174.999798947141,0.514974461729671,0.260785523444631,2.176,-0.000745405611116867,-0.0800512656131162,0.658281131682006,0
matlab_boundary_1,174.999798947141,0.514974461729671,0.260785523444631,2.178,-0.000904122052392048,-0.0786306163005005,0.761982237634819,0
matlab_boundary_1,174.999798947141,0.514974461729671,0.260785523444631,2.18,-0.00105979138183652,-0.0770049701127845,0.863233774667099,0
matlab_boundary_1,174.999798947141,0.514974461729671,0.260785523444631,2.182,-0.001212008680535,-0.075179489041216,0.961774215857418,0
matlab_boundary_1,174.999798947141,0.514974461729671,0.260785523444631,2.184,-0.00136037987118954,-0.0731598499485993,1.05735032625749,0
matlab_boundary_1,174.999798947141,0.514974461729671,0.260785523444631,2.186,-0.00150452273084405,-0.0709522273355131,1.14971780844806,0
matlab_boundary_1,174.999798947141,0.514974461729671,0.260785523444631,2.188,-0.00164406786786759,-0.0685632748416333,1.23864192161287,0
matlab_boundary_1,174.999798947141,0.514974461729671,0.260785523444631,2.19,-0.00177865966072035,-0.0660001055366929,1.32389807257692,0
matlab_boundary_1,174.999798947141,0.514974461729671,0.260785523444631,2.192,-0.00190795715613908,-0.0632702710586361,1.40527237733661,0
matlab_boundary_1,174.999798947141,0.514974461729671,0.260785523444631,2.194,-0.0020316349244961,-0.0603817396593805,1.48256219169423,0
matlab_boundary_1,174.999798947141,0.514974461729671,0.260785523444631,2.196,-0.00214938387020996,-0.0573428732212972,1.55557660969733,0
matlab_boundary_1,174.999798947141,0.514974461729671,0.260785523444631,2.198,-0.00226091199521404,-0.054162403310024,1.62413692867476,0
matlab_boundary_1,174.999798947141,0.514974461729671,0.260785523444631,2.2,-0.00236594511362359,-0.050849406331546,1.68807707975565,0
matlab_boundary_1,174.999798947141,0.514974461729671,0.260785523444631,2.202,-0.00246422751587954,-0.0474132778636086,1.74724402285438,0
matlab_boundary_1,174.999798947141,0.514974461729671,0.260785523444631,2.204,-0.00255552258078929,-0.0438637062334679,1.80149810520368,0
matlab_boundary_1,174.999798947141,0.514974461729671,0.260785523444631,2.206,-0.00263961333403058,-0.0402106454157182,1.8507133826191,0
matlab_boundary_1,174.999798947141,0.514974461729671,0.260785523444631,2.208,-0.00271630295183372,-0.0364642873254628,1.89477790278157,0
matlab_boundary_1,174.999798947141,0.514974461729671,0.260785523444631,2.21,-0.00278541520870926,-0.0326350335834154,1.93359394992889,0
matlab_boundary_1,174.999798947141,0.514974461729671,0.260785523444631,2.212,-0.00284679486824255,-0.0287334668306368,1.967078250453,0
matlab_boundary_1,174.999798947141,0.514974461729671,0.260785523444631,2.214,-0.00290030801613269,-0.0247703216715147,1.99516213900628,0
matlab_boundary_1,174.999798947141,0.514974461729671,0.260785523444631,2.216,-0.00294584233481179,-0.0207564553242712,2.01779168482792,0
matlab_boundary_1,174.999798947141,0.514974461729671,0.260785523444631,2.218,-0.00298330731913925,-0.0167028180587555,2.03492777810863,0
matlab_boundary_1,174.999798947141,0.514974461729671,0.260785523444631,2.22,-0.00301263443282554,-0.0126204235015379,2.04654617631996,0
matlab_boundary_1,174.999798947141,0.514974461729671,0.260785523444631,2.222,-0.00303377720540022,-0.00852031888836587,2.05263751054192,0
matlab_boundary_1,174.999798947141,0.514974461729671,0.260785523444631,2.224,-0.00304671126969877,-0.00441355534385787,2.05320725192967,0
matlab_boundary_1,174.999798947141,0.514974461729671,0.260785523444631,2.226,-0.00305143434000243,-0.000311158267924117,2.04827563856617,0
matlab_boundary_1,174.999798947141,0.514974461729671,0.260785523444631,2.228,-0.00304796613112333,0.00377590209218863,2.03787756305286,0
matlab_boundary_1,174.999798947141,0.514974461729671,0.260785523444631,2.23,-0.00303634821888455,0.00783673980613927,2.02206242129419,0
matlab_boundary_1,174.999798947141,0.514974461729671,0.260785523444631,2.232,-0.0030166438425997,0.0118605820839541,2.00089392303396,0
matlab_boundary_1,174.999798947141,0.514974461729671,0.260785523444631,2.234,-0.00298893765030971,0.015836797682857,1.97444986480168,0
matlab_boundary_1,174.999798947141,0.514974461729671,0.260785523444631,2.236,-0.00295333538768468,0.0197549248230246,1.94282186602517,0
matlab_boundary_1,174.999798947141,0.514974461729671,0.260785523444631,2.238,-0.00290996353164626,0.023604698539431,1.90611506916147,0
matlab_boundary_1,174.999798947141,0.514974461729671,0.260785523444631,2.24,-0.00285896886990951,0.0273760773987537,1.86444780479097,0
matlab_boundary_1,174.999798947141,0.514974461729671,0.260785523444631,2.242,-0.00280051802778366,0.0310592695122884,1.81795122270978,0
matlab_boundary_1,174.999798947141,0.514974461729671,0.260785523444631,2.244,-0.0027347969437069,0.0346447577779757,1.76676889014248,0
matlab_boundary_1,174.999798947141,0.514974461729671,0.260785523444631,2.246,-0.00266201029512212,0.0381233242869681,1.71105635828096,0
matlab_boundary_1,174.999798947141,0.514974461729671,0.260785523444631,2.248,-0.00258238087642686,0.0414860738326657,1.65098069843513,0
matlab_boundary_1,174.999798947141,0.514974461729671,0.260785523444631,2.25,-0.00249614893085247,0.0447244564627977,1.58672000915755,0
matlab_boundary_1,174.999798947141,0.514974461729671,0.260785523444631,2.252,-0.00240357143824351,0.0478302890179164,1.51846289577651,0
matlab_boundary_1,174.999798947141,0.514974461729671,0.260785523444631,2.254,-0.0023049213608187,0.05079577560261,1.44640792384027,0
matlab_boundary_1,174.999798947141,0.514974461729671,0.260785523444631,2.256,-0.00220048684909933,0.053613526938815,1.37076304803922,0
matlab_boundary_1,174.999798947141,0.514974461729671,0.260785523444631,2.258,-0.00209057041028858,0.0562765785538052,1.29174501823194,0
matlab_boundary_1,174.999798947141,0.514974461729671,0.260785523444631,2.26,-0.00197548804147722,0.0587784077587324,1.2095787642564,0
matlab_boundary_1,174.999798947141,0.514974461729671,0.260785523444631,2.262,-0.00185556833013599,0.0611129493770108,1.12449676125755,0
matlab_boundary_1,174.999798947141,0.514974461729671,0.260785523444631,2.264,-0.00173115152443274,0.0632746101853514,1.03673837730802,0
matlab_boundary_1,174.999798947141,0.514974461729671,0.260785523444631,2.266,-0.00160258857598295,0.0652582820338432,0.946549205138791,0
matlab_boundary_1,174.999798947141,0.514974461729671,0.260785523444631,2.268,-0.00147024015770635,0.0670593536151471,0.85418037983239,0
matlab_boundary_1,174.999798947141,0.514974461729671,0.260785523444631,2.27,-0.0013344756595183,0.0686737208566036,0.759887884361525,0
matlab_boundary_1,174.999798947141,0.514974461729671,0.260785523444631,2.272,-0.00119561210928036,0.0701878292119124,0.753885816223188,0.0235155680267956
matlab_boundary_1,174.999798947141,0.514974461729671,0.260785523444631,2.274,-0.00105373117062988,0.0716916975540906,0.749648999628069,0.0480142571215899
matlab_boundary_1,174.999798947141,0.514974461729671,0.260785523444631,2.276,-0.00090885254838452,0.0731847253320759,0.743049231253214,0.0724157340123318
matlab_boundary_1,174.999798947141,0.514974461729671,0.260785523444631,2.278,-0.000761002784078447,0.0746619855276487,0.733886629811049,0.0966606905011172
matlab_boundary_1,174.999798947141,0.514974461729671,0.260785523444631,2.28,-0.000610218667635296,0.0761181595145502,0.721969550706969,0.120689971266092
matlab_boundary_1,174.999798947141,0.514974461729671,0.260785523444631,2.282,-0.000456548003414978,0.0775475545732001,0.70711562277127,0.144444719187728
matlab_boundary_1,174.999798947141,0.514974461729671,0.260785523444631,2.284,-0.000300050339175735,0.078944123451416,0.689152757090024,0.167866520942371
matlab_boundary_1,174.999798947141,0.514974461729671,0.260785523444631,2.286,-0.000140797653918048,0.0803014859113521,0.667920123971146,0.190897552504422
matlab_boundary_1,174.999798947141,0.514974461729671,0.260785523444631,2.288,2.11249992958179e-05,0.0816129521950356,0.643269094170847,0.213480724195432
matlab_boundary_1,174.999798947141,0.514974461729671,0.260785523444631,2.29,0.000185618899309994,0.0828715483332302,0.615064140606639,0.235559824915773
matlab_boundary_1,174.999798947141,0.514974461729671,0.260785523444631,2.292,0.000352571115235916,0.0840700432149191,0.583183696898623,0.25707966519313
matlab_boundary_1,174.999798947141,0.514974461729671,0.260785523444631,2.294,0.000521854020638346,0.0852009773275095,0.547520969207737,0.277986218681295
matlab_boundary_1,174.999798947141,0.514974461729671,0.260785523444631,2.296,0.000693324866792391,0.0862566930709383,0.507984697980236,0.298226761743148
matlab_boundary_1,174.999798947141,0.514974461729671,0.260785523444631,2.298,0.000866825418057103,0.0872293665422302,0.464499866359603,0.31775001075292
matlab_boundary_1,174.999798947141,0.514974461729671,0.260785523444631,2.3,0.00104218165219769,0.0881110406807374,0.417008352190895,0.336506256754884
matlab_boundary_1,174.999798947141,0.514974461729671,0.260785523444631,2.302,0.00121920352826275,0.0888936596583212,0.365469520718186,0.354447497118901
matlab_boundary_1,174.999798947141,0.514974461729671,0.260785523444631,2.304,0.00139768482438612,0.0895691043931167,0.30986075526076,0.371527563837121
matlab_boundary_1,174.999798947141,0.514974461729671,0.260785523444631,2.306,0.00157740304763493,0.0901292290602932,0.250177923350501,0.387702248111406
matlab_boundary_1,174.999798947141,0.514974461729671,0.260785523444631,2.308,0.00175811941776699,0.0905658984683863,0.186435776017658,0.40292942088668
matlab_boundary_1,174.999798947141,0.514974461729671,0.260785523444631,2.31,0.00193957892649344,0.0908710261653711,0.118668278128183,0.41716914899273
matlab_boundary_1,174.999798947141,0.514974461729671,0.260785523444631,2.312,0.00212151047356709,0.0910366131346712,0.0469288678972048,0.43038380656445
matlab_boundary_1,174.999798947141,0.514974461729671,0.260785523444631,2.314,0.00230362708073364,0.0910547869377801,-0.0287093560648387,0.442538181419641
matlab_boundary_1,174.999798947141,0.514974461729671,0.260785523444631,2.316,0.00248562618429307,0.0909178411571196,-0.108153521579686,0.45359957608301
matlab_boundary_1,174.999798947141,0.514974461729671,0.260785523444631,2.318,0.00266719000672288,0.0906182749901924,-0.191290944764092,0.463537903155752
matlab_boundary_1,174.999798947141,0.514974461729671,0.260785523444631,2.32,0.00284798600751513,0.0901488328440104,-0.27798916784066,0.472325774741557
matlab_boundary_1,174.999798947141,0.514974461729671,0.260785523444631,2.322,0.00302766741307586,0.0895025437772124,-0.368096073554433,0.479938585652385
matlab_boundary_1,174.999798947141,0.514974461729671,0.260785523444631,2.324,0.0032058738252283,0.0886727606362228,-0.461440076594755,0.486354590130483
matlab_boundary_1,174.999798947141,0.514974461729671,0.260785523444631,2.326,0.00338223190755396,0.0876531987312714,-0.557830392159664,0.491554971837387
matlab_boundary_1,174.999798947141,0.514974461729671,0.260785523444631,2.328,0.00355635614849695,0.08643797389808,-0.65705738153668,0.495523906875361
matlab_boundary_1,174.999798947141,0.514974461729671,0.260785523444631,2.33,0.00372784969984946,0.0850216397915411,-0.758892974307589,0.498248619622582
matlab_boundary_1,174.999798947141,0.514974461729671,0.260785523444631,2.332,0.00389630528892923,0.083399224258764,-0.863091166518609,0.499719431179634
matlab_boundary_1,174.999798947141,0.514974461729671,0.260785523444631,2.334,0.00406130620245629,0.0815662646404547,-0.969388593890521,0.499929800242151
matlab_boundary_1,174.999798947141,0.514974461729671,0.260785523444631,2.336,0.00422242733983655,0.0795188418517027,-1.07750517887845,0.498876356232139
matlab_boundary_1,174.999798947141,0.514974461729671,0.260785523444631,2.338,0.00437923633326429,0.0772536130958997,-1.18714485012708,0.496558924539011
matlab_boundary_1,174.999798947141,0.514974461729671,0.260785523444631,2.34,0.0045312947317661,0.0747678430686817,-1.29799633260606,0.492980543740407
matlab_boundary_1,174.999798947141,0.514974461729671,0.260785523444631,2.342,0.00467815924602607,0.0720594335124816,-1.40973400645289,0.488147474692392
matlab_boundary_1,174.999798947141,0.514974461729671,0.260785523444631,2.344,0.00481938305055762,0.0691269509864715,-1.52201883229743,0.482069201398843
matlab_boundary_1,174.999798947141,0.514974461729671,0.260785523444631,2.346,0.00495451713952159,0.065969652721375,-1.63449934059471,0.47475842359023
matlab_boundary_1,174.999798947141,0.514974461729671,0.260785523444631,2.348,0.00508311173223386,0.0625875104338249,-1.74681268224999,0.466231040963154
matlab_boundary_1,174.999798947141,0.514974461729671,0.260785523444631,2.35,0.00520471772416091,0.0589812319806105,-1.85858573758571,0.456506129053132
matlab_boundary_1,174.999798947141,0.514974461729671,0.260785523444631,2.352,0.00531888817896873,0.0551522807392792,-1.96943628047214,0.445605906734951
matlab_boundary_1,174.999798947141,0.514974461729671,0.260785523444631,2.354,0.00542517985696949,0.0511028926081475,-2.07897419422481,0.433555695366654
matlab_boundary_1,174.999798947141,0.514974461729671,0.260785523444631,2.356,0.00552315477510388,0.0468360905257668,-2.18680273566192,0.420383869615406
matlab_boundary_1,174.999798947141,0.514974461729671,0.260785523444631,2.358,0.005612381793404,0.042355696417316,-2.29251984351513,0.406121800025692
matlab_boundary_1,174.999798947141,0.514974461729671,0.260785523444631,2.36,0.00569243822270471,0.0376663404831977,-2.39571948719778,0.390803787412629
matlab_boundary_1,174.999798947141,0.514974461729671,0.260785523444631,2.362,0.00576291144820976,0.0327734677532792,-2.49599305175723,0.374466989185474
matlab_boundary_1,174.999798947141,0.514974461729671,0.260785523444631,2.364,0.00582340056337484,0.0276833418387324,-2.59293075467135,0.357151337728895
matlab_boundary_1,174.999798947141,0.514974461729671,0.260785523444631,2.366,0.00587351800844168,0.0224030458222708,-2.68612308999725,0.338899450991492
matlab_boundary_1,174.999798947141,0.514974461729671,0.260785523444631,2.368,0.00591289120784849,0.0169404802367085,-2.77516229523875,0.319756535453502
matlab_boundary_1,174.999798947141,0.514974461729671,0.260785523444631,2.37,0.00594116420065121,0.0113043580911512,-2.85964383617457,0.299770281667107
matlab_boundary_1,174.999798947141,0.514974461729671,0.260785523444631,2.372,0.00595799925801807,0.00550419691376174,-2.93916790477596,0.278990752584639
matlab_boundary_1,174.999798947141,0.514974461729671,0.260785523444631,2.374,0.00596307848180771,-0.000449692210109983,-3.01334092524633,0.257470264911033
matlab_boundary_1,174.999798947141,0.514974461729671,0.260785523444631,2.376,0.0059561053782088,-0.00654621861561938,-3.08177706313303,0.235263263737779
matlab_boundary_1,174.999798947141,0.514974461729671,0.260785523444631,2.378,0.00593680640040674,-0.0127735290529728,-3.14409973239546,0.212426190735962
matlab_boundary_1,174.999798947141,0.514974461729671,0.260785523444631,2.38,0.00590493245425121,-0.0191190276895722,-3.19994309526312,0.189017346205952
matlab_boundary_1,174.999798947141,0.514974461729671,0.260785523444631,2.382,0.00586026036092744,-0.0255693991001266,-3.24895354968346,0.165096745300369
matlab_boundary_1,174.999798947141,0.514974461729671,0.260785523444631,2.384,0.00580259427068333,-0.0321106342146744,-3.29079119914168,0.140725968755767
matlab_boundary_1,174.999798947141,0.514974461729671,0.260785523444631,2.386,0.00573176702173562,-0.0387280591840373,-3.32513129963394,0.115968008486288
matlab_boundary_1,174.999798947141,0.514974461729671,0.260785523444631,2.388,0.00564764143856921,-0.0454063671117989,-3.35166567859157,0.090887108409748
matlab_boundary_1,174.999798947141,0.514974461729671,0.260785523444631,2.39,0.00555011156395616,-0.0521296525915193,-3.3701041205867,0.0655486008929465
matlab_boundary_1,174.999798947141,0.514974461729671,0.260785523444631,2.392,0.00543910381915392,-0.0588814489776031,-3.38017571470032,0.0400187392185059
matlab_boundary_1,174.999798947141,0.514974461729671,0.260785523444631,2.394,0.00531457808689549,-0.0656447683080795,-3.38163015850088,0.0143645264899681
matlab_boundary_1,174.999798947141,0.514974461729671,0.260785523444631,2.396,0.00517655768916848,-0.0723587019664009,-3.33083546882763,0
matlab_boundary_1,174.999798947141,0.514974461729671,0.260785523444631,2.398,0.00502525354332972,-0.0789072980605195,-3.2163714661636,0
matlab_boundary_1,174.999798947141,0.514974461729671,0.260785523444631,2.4,0.00486108663447261,-0.0852187445026992,-3.09374422307257,0
matlab_boundary_1,174.999798947141,0.514974461729671,0.260785523444631,2.402,0.00468454735128204,-0.0912770720873233,-2.96331434873671,0
matlab_boundary_1,174.999798947141,0.514974461729671,0.260785523444631,2.404,0.00449615728647161,-0.0970670524820579,-2.82546192875643,0
matlab_boundary_1,174.999798947141,0.514974461729671,0.260785523444631,2.406,0.00429646771680628,-0.102574236093686,-2.68058543039765,0
matlab_boundary_1,174.999798947141,0.514974461729671,0.260785523444631,2.408,0.00408605800961349,-0.107784987698983,-2.52910056292265,0
matlab_boundary_1,174.999798947141,0.514974461729671,0.260785523444631,2.41,0.00386553396034036,-0.112686519754025,-2.37143909623378,0
matlab_boundary_1,174.999798947141,0.514974461729671,0.260785523444631,2.412,0.00363552606588075,-0.117266923301866,-2.20804764115829,0
matlab_boundary_1,174.999798947141,0.514974461729671,0.260785523444631,2.414,0.00339668773855041,-0.121515196405263,-2.03938639479229,0
matlab_boundary_1,174.999798947141,0.514974461729671,0.260785523444631,2.416,0.00314969346572769,-0.125421270038059,-1.86592785440209,0
matlab_boundary_1,174.999798947141,0.514974461729671,0.260785523444631,2.418,0.00289523692030281,-0.128976031375894,-1.68815550345137,0
matlab_boundary_1,174.999798947141,0.514974461729671,0.260785523444631,2.42,0.00263402902719036,-0.132171344434116,-1.50656247338292,0
matlab_boundary_1,174.999798947141,0.514974461729671,0.260785523444631,2.422,0.00236679599125662,-0.135000068008075,-1.32165018483497,0
matlab_boundary_1,174.999798947141,0.514974461729671,0.260785523444631,2.424,0.00209427729209591,-0.13745607087838,-1.13392697201255,0
matlab_boundary_1,174.999798947141,0.514974461729671,0.260785523444631,2.426,0.00181722365115723,-0.139534244251177,-0.943906693964404,0
matlab_boundary_1,174.999798947141,0.514974461729671,0.260785523444631,2.428,0.00153639497677417,-0.141230511411027,-0.75210733653634,0
matlab_boundary_1,174.999798947141,0.514974461729671,0.260785523444631,2.43,0.00125255829268963,-0.142541834571525,-0.559049608782381,0
matlab_boundary_1,174.999798947141,0.514974461729671,0.260785523444631,2.432,0.000966485655688513,-0.143466218916338,-0.365255537614906,0
matlab_boundary_1,174.999798947141,0.514974461729671,0.260785523444631,2.434,0.00067895206795823,-0.144002713830939,-0.171247064464519,0
matlab_boundary_1,174.999798947141,0.514974461729671,0.260785523444631,2.436,0.000390733389789083,-0.144151411332794,0.0224553522998631,0
matlab_boundary_1,174.999798947141,0.514974461729671,0.260785523444631,2.438,0.000102604258203646,-0.143913441715245,0.215334125470108,0
matlab_boundary_1,174.999798947141,0.514974461729671,0.260785523444631,2.44,-0.000184663982933321,-0.14329096642776,0.406875913936603,0
matlab_boundary_1,174.999798947141,0.514974461729671,0.260785523444631,2.442,-0.000470305335826165,-0.142287168222491,0.596572980834171,0
matlab_boundary_1,174.999798947141,0.514974461729671,0.260785523444631,2.444,-0.000753561179249703,-0.140906238604316,0.783924531325006,0
matlab_boundary_1,174.999798947141,0.514974461729671,0.260785523444631,2.446,-0.00103368227129044,-0.1391533626286,0.968438026515723,0
matlab_boundary_1,174.999798947141,0.514974461729671,0.260785523444631,2.448,-0.00130993071907286,-0.137034701097853,1.14963047008337,0
matlab_boundary_1,174.999798947141,0.514974461729671,0.260785523444631,2.45,-0.00158158191032564,-0.134557370215221,1.32702966427215,0
matlab_boundary_1,174.999798947141,0.514974461729671,0.260785523444631,2.452,-0.00184792640176517,-0.131729418759312,1.50017543201788,0
matlab_boundary_1,174.999798947141,0.514974461729671,0.260785523444631,2.454,-0.00210827175940864,-0.128559802851278,1.66862080206015,0
matlab_boundary_1,174.999798947141,0.514974461729671,0.260785523444631,2.456,-0.00236194434607698,-0.125058358391224,1.83193315401404,0
matlab_boundary_1,174.999798947141,0.514974461729671,0.260785523444631,2.458,-0.00260829105150872,-0.121235771246937,1.98969532049233,0
matlab_boundary_1,174.999798947141,0.514974461729671,0.260785523444631,2.46,-0.00284668096067729,-0.117103545283659,2.14150664349604,0
matlab_boundary_1,174.999798947141,0.514974461729671,0.260785523444631,2.462,-0.00307650695608687,-0.112673968329024,2.28698398242377,0
matlab_boundary_1,174.999798947141,0.514974461729671,0.260785523444631,2.464,-0.00329718725001548,-0.107960076172462,2.42576267119101,0
matlab_boundary_1,174.999798947141,0.514974461729671,0.260785523444631,2.466,-0.00350816684287768,-0.102975614703241,2.5574974220964,0
matlab_boundary_1,174.999798947141,0.514974461729671,0.260785523444631,2.468,-0.00370891890409259,-0.0977350002958802,2.68186317422434,0
matlab_boundary_1,174.999798947141,0.514974461729671,0.260785523444631,2.47,-0.00389894607206377,-0.0922532785559416,2.79855588432999,0
matlab_boundary_1,174.999798947141,0.514974461729671,0.260785523444631,2.472,-0.00407778167010814,-0.0865460815431691,2.90729325831516,0
matlab_boundary_1,174.999798947141,0.514974461729671,0.260785523444631,2.474,-0.00424499083540873,-0.0806295835925347,3.00781542157027,0
matlab_boundary_1,174.999798947141,0.514974461729671,0.260785523444631,2.476,-0.0044001715583105,-0.0745204558570394,3.09988552662791,0
matlab_boundary_1,174.999798947141,0.514974461729671,0.260785523444631,2.478,-0.00454295562952903,-0.0682358196990604,3.18329029674772,0
matlab_boundary_1,174.999798947141,0.514974461729671,0.260785523444631,2.48,-0.00467300949309777,-0.0617931990596204,3.25784050422897,0
matlab_boundary_1,174.999798947141,0.514974461729671,0.260785523444631,2.482,-0.00479003500314148,-0.0552104719371726,3.32337138242731,0
matlab_boundary_1,174.999798947141,0.514974461729671,0.260785523444631,2.484,-0.00489377008282775,-0.0485058211093594,3.37974297063338,0
matlab_boundary_1,174.999798947141,0.514974461729671,0.260785523444631,2.486,-0.00498398928411758,-0.0416976842327159,3.42684039115437,0
matlab_boundary_1,174.999798947141,0.514974461729671,0.260785523444631,2.488,-0.00506050424720632,-0.0348047034564252,3.46457405812337,0
matlab_boundary_1,174.999798947141,0.514974461729671,0.260785523444631,2.49,-0.00512316405882048,-0.0278456746869839,3.49287981774659,0
matlab_boundary_1,174.999798947141,0.514974461729671,0.260785523444631,2.492,-0.00517185550880898,-0.0208394966410329,3.51171901988305,0
matlab_boundary_1,174.999798947141,0.514974461729671,0.260785523444631,2.494,-0.00520650324474281,-0.0138051198236452,3.52107852103563,0
matlab_boundary_1,174.999798947141,0.514974461729671,0.260785523444631,2.496,-0.00522706982451075,-0.00676149556902333,3.52097061901577,0
matlab_boundary_1,174.999798947141,0.514974461729671,0.260785523444631,2.498,-0.00523355566717259,0.000272474720161148,3.51143291972627,0
matlab_boundary_1,174.999798947141,0.514974461729671,0.260785523444631,2.5,-0.00522599890260244,0.00727798999962413,3.49252813668644,0
matlab_boundary_1,174.999798947141,0.514974461729671,0.260785523444631,2.502,-0.00520447512072363,0.0142363995427714,3.46434382410166,0
matlab_boundary_1,174.999798947141,0.514974461729671,0.260785523444631,2.504,-0.00516909702140284,0.0211292523004784,3.42699204445419,0
matlab_boundary_1,174.999798947141,0.514974461729671,0.260785523444631,2.506,-0.00512001396633249,0.0279383455315153,3.38060897176377,0
matlab_boundary_1,174.999798947141,0.514974461729671,0.260785523444631,2.508,-0.00505741143448805,0.0346457725762532,3.32535443183386,0
matlab_boundary_1,174.999798947141,0.514974461729671,0.260785523444631,2.51,-0.00498151038299867,0.0412339696490674,3.26141138096355,0
matlab_boundary_1,174.999798947141,0.514974461729671,0.260785523444631,2.512,-0.00489256651551588,0.047685761527977,3.18898532476372,0
matlab_boundary_1,174.999798947141,0.514974461729671,0.260785523444631,2.514,-0.00479086946040443,0.0539844060235027,3.10830367887014,0
matlab_boundary_1,174.999798947141,0.514974461729671,0.260785523444631,2.516,-0.00467669620314945,0.0601820865477287,3.08800419843888,0.0178781336267756
matlab_boundary_1,174.999798947141,0.514974461729671,0.260785523444631,2.518,-0.00455015085586813,0.0663651502007332,3.09367298829822,0.0446860021660153
matlab_boundary_1,174.999798947141,0.514974461729671,0.260785523444631,2.52,-0.00441123386957185,0.0725508161863688,3.09061169384702,0.0713835655737236
matlab_boundary_1,174.999798947141,0.514974461729671,0.260785523444631,2.522,-0.00425995767316749,0.0787213663226835,3.07856643118836,0.0978933151375343
matlab_boundary_1,174.999798947141,0.514974461729671,0.260785523444631,2.524,-0.00409637062237684,0.0848586006773979,3.05730942444711,0.124138015464699
matlab_boundary_1,174.999798947141,0.514974461729671,0.260785523444631,2.526,-0.00392055791009263,0.0909438911701723,3.02664037909943,0.150040930918229
matlab_boundary_1,174.999798947141,0.514974461729671,0.260785523444631,2.528,-0.0037326423668357,0.0969582378429153,2.98638777614608,0.175526052016489
matlab_boundary_1,174.999798947141,0.514974461729671,0.260785523444631,2.53,-0.00353278514613928,0.10288232763408,2.93641008142247,0.200518321128886
matlab_boundary_1,174.999798947141,0.514974461729671,0.260785523444631,2.532,-0.00332118629002574,0.108696595481713,2.876596864574,0.224943856796653
matlab_boundary_1,174.999798947141,0.514974461729671,0.260785523444631,2.534,-0.00309808517010246,0.114381287569316,2.80686982248031,0.248730176005371
matlab_boundary_1,174.999798947141,0.514974461729671,0.260785523444631,2.536,-0.00286376080018601,0.119916526518436,2.72718370218997,0.271806413736347
matlab_boundary_1,174.999798947141,0.514974461729671,0.260785523444631,2.538,-0.00261853201676508,0.125282378322308,2.63752711872145,0.294103539125385
matlab_boundary_1,174.999798947141,0.514974461729671,0.260785523444631,2.54,-0.00236275752403301,0.130458920805911,2.53792326340343,0.315554567562206
matlab_boundary_1,174.999798947141,0.514974461729671,0.260785523444631,2.542,-0.00209683580065894,0.135426313389472,2.42843049875959,0.33609476806922
matlab_boundary_1,174.999798947141,0.514974461729671,0.260785523444631,2.544,-0.0018212048659203,0.140164867924791,2.30914283629523,0.355661865307043
matlab_boundary_1,174.999798947141,0.514974461729671,0.260785523444631,2.546,-0.00153634190328735,0.144655120366882,2.18019029390871,0.374196235563909
matlab_boundary_1,174.999798947141,0.514974461729671,0.260785523444631,2.548,-0.00124276274003111,0.148877903037219,2.04173913003363,0.391641096098797
matlab_boundary_1,174.999798947141,0.514974461729671,0.260785523444631,2.55,-0.000941021181921302,0.152814417229482,1.8939919520138,0.407942687221895
matlab_boundary_1,174.999798947141,0.514974461729671,0.260785523444631,2.552,-0.000631708202580337,0.15644630590415,1.73718769662152,0.423050446512782
matlab_boundary_1,174.999798947141,0.514974461729671,0.260785523444631,2.554,-0.000315450987574652,0.159755726214462,1.57160148105119,0.436917174594576
matlab_boundary_1,174.999798947141,0.514974461729671,0.260785523444631,2.556,7.08816616162454e-06,0.162725421603441,1.39754432314963,0.449499191902803
matlab_boundary_1,174.999798947141,0.514974461729671,0.260785523444631,2.558,0.000335213094448418,0.165338793209556,1.21536273008622,0.460756485909677
matlab_boundary_1,174.999798947141,0.514974461729671,0.260785523444631,2.56,0.000668195151883021,0.167579970317535,1.02543815511102,0.470652848288655
matlab_boundary_1,174.999798947141,0.514974461729671,0.260785523444631,2.562,0.00100527473758913,0.169433879590504,0.828186322504928,0.479156001529759
matlab_boundary_1,174.999798947141,0.514974461729671,0.260785523444631,2.564,0.00134566295799332,0.170886312820379,0.624056421281477,0.486237714543962
matlab_boundary_1,174.999798947141,0.514974461729671,0.260785523444631,2.566,0.00168854342340122,0.171923992934946,0.413530168663732,0.491873906823939
matlab_boundary_1,174.999798947141,0.514974461729671,0.260785523444631,2.568,0.00203307417462965,0.172534638002637,0.197120744820044,0.496044740759636
matlab_boundary_1,174.999798947141,0.514974461729671,0.260785523444631,2.57,0.00237838973543136,0.172707022979382,-0.0246283991917419,0.498734701739352
matlab_boundary_1,174.999798947141,0.514974461729671,0.260785523444631,2.572,0.00272360328594716,0.172431038946332,-0.251144857863392,0.499932665701068
matlab_boundary_1,174.999798947141,0.514974461729671,0.260785523444631,2.574,0.0030678089519175,0.171697749592493,-0.481828709188818,0.499631953833934
matlab_boundary_1,174.999798947141,0.514974461729671,0.260785523444631,2.576,0.00341008420390524,0.170499444702516,-0.716054070809185,0.497830374166493
matlab_boundary_1,174.999798947141,0.514974461729671,0.260785523444631,2.578,0.00374949236030334,0.168829690416974,-0.953170770578761,0.494530249815889
matlab_boundary_1,174.999798947141,0.514974461729671,0.260785523444631,2.58,0.00408508518744879,0.166683376040455,-1.19250612734273,0.489738433711196
matlab_boundary_1,174.999798947141,0.514974461729671,0.260785523444631,2.582,0.00441590558971884,0.16405675718164,-1.43336683728401,0.483466309643797
matlab_boundary_1,174.999798947141,0.514974461729671,0.260785523444631,2.584,0.00474099038206781,0.160947495019245,-1.67504096077942,0.475729779538413
matlab_boundary_1,174.999798947141,0.514974461729671,0.260785523444631,2.586,0.00505937313705661,0.15735469149824,-1.91680000429454,0.466549236879793
matlab_boundary_1,174.999798947141,0.514974461729671,0.260785523444631,2.588,0.00537008709805159,0.153278920272088,-2.15790109145613,0.45594952627216
matlab_boundary_1,174.999798947141,0.514974461729671,0.260785523444631,2.59,0.00567216814990826,0.148722253218867,-2.39758921705902,0.443959889150992
matlab_boundary_1,174.999798947141,0.514974461729671,0.260785523444631,2.592,0.00596465783812836,0.143688282371957,-2.63509957740632,0.430613895709679
matlab_boundary_1,174.999798947141,0.514974461729671,0.260785523444631,2.594,0.00624660642716917,0.138182137119575,-2.86965997003458,0.415949363146759
matlab_boundary_1,174.999798947141,0.514974461729671,0.260785523444631,2.596,0.00651707598831097,0.132210496541594,-3.10049325555515,0.400008260382683
matlab_boundary_1,174.999798947141,0.514974461729671,0.260785523444631,2.598,0.00677514350723595,0.125781596767016,-3.32681987403629,0.382836599438358
matlab_boundary_1,174.999798947141,0.514974461729671,0.260785523444631,2.6,0.0070199040012579,0.118905233250795,-3.5478604080731,0.364484313710707
matlab_boundary_1,174.999798947141,0.514974461729671,0.260785523444631,2.602,0.00725047363595163,0.111592757884793,-3.7628381844309,0.345005123423476
matlab_boundary_1,174.999798947141,0.514974461729671,0.260785523444631,2.604,0.00746599283078061,0.103857070874013,-3.97098190591781,0.324456388573633
matlab_boundary_1,174.999798947141,0.514974461729671,0.260785523444631,2.606,0.00766562934319669,0.0957126073262263,-4.17152830493112,0.302898949735735
matlab_boundary_1,174.999798947141,0.514974461729671,0.260785523444631,2.608,0.00784858132060313,0.0871753185203553,-4.36372480994374,0.280396957127465
matlab_boundary_1,174.999798947141,0.514974461729671,0.260785523444631,2.61,0.00801408030951666,0.0782626478366601,-4.54683221603957,0.257017688380089
matlab_boundary_1,174.999798947141,0.514974461729671,0.260785523444631,2.612,0.00816139421125165,0.0689935013496004,-4.72012735048413,0.232831355496431
matlab_boundary_1,174.999798947141,0.514974461729671,0.260785523444631,2.614,0.00828983017346658,0.0593882131024851,-4.88290572421659,0.207910901517524
matlab_boundary_1,174.999798947141,0.514974461729671,0.260785523444631,2.616,0.0083987374069715,0.0494685051011978,-5.03448416008481,0.182331787455485
matlab_boundary_1,174.999798947141,0.514974461729671,0.260785523444631,2.618,0.00848750991728674,0.0392574420828129,-5.17420338860528,0.156171770086114
matlab_boundary_1,174.999798947141,0.514974461729671,0.260785523444631,2.62,0.00855558914057419,0.0287793811332306,-5.30143060202541,0.129510671228243
matlab_boundary_1,174.999798947141,0.514974461729671,0.260785523444631,2.622,0.00860246647372842,0.0180599162465234,-5.41556195748802,0.102430139169587
matlab_boundary_1,174.999798947141,0.514974461729671,0.260785523444631,2.624,0.00862768568861924,0.00712581793688958,-5.51602502015573,0.0750134029289321
matlab_boundary_1,174.999798947141,0.514974461729671,0.260785523444631,2.626,0.00863084522071687,-0.00399503196753819,-5.60228113723769,0.0473450200737545
matlab_boundary_1,174.999798947141,0.514974461729671,0.260785523444631,2.628,0.00861160032260778,-0.0152737102019362,-5.67382773398244,0.0195106188383657
matlab_boundary_1,174.999798947141,0.514974461729671,0.260785523444631,2.63,0.00856968653419649,-0.026648152755976,-5.69805517873504,0
matlab_boundary_1,174.999798947141,0.514974461729671,0.260785523444631,2.632,0.00850503547467098,-0.0379809912087659,-5.63229215410757,0
matlab_boundary_1,174.999798947141,0.514974461729671,0.260785523444631,2.634,0.0084178601917277,-0.0491674353514254,-5.55170336312841,0
matlab_boundary_1,174.999798947141,0.514974461729671,0.260785523444631,2.636,0.00830848294903591,-0.0601781015392554,-5.45656308445766,0
matlab_boundary_1,174.999798947141,0.514974461729671,0.260785523444631,2.638,0.00817728420357671,-0.0709841927331615,-5.34718348893147,0
matlab_boundary_1,174.999798947141,0.514974461729671,0.260785523444631,2.64,0.00802470135728814,-0.0815575733146646,-5.22391365411746,0
matlab_boundary_1,174.999798947141,0.514974461729671,0.260785523444631,2.642,0.00785122736111562,-0.0918708418344951,-5.08713848390754,0
matlab_boundary_1,174.999798947141,0.514974461729671,0.260785523444631,2.644,0.00765740917578704,-0.101897401508151,-4.93727753641503,0
matlab_boundary_1,174.999798947141,0.514974461729671,0.260785523444631,2.646,0.00744384609400103,-0.111611528278418,-4.77478376367778,0
matlab_boundary_1,174.999798947141,0.514974461729671,0.260785523444631,2.648,0.00721118792906702,-0.120988436272219,-4.60014216688942,0
matlab_boundary_1,174.999798947141,0.514974461729671,0.260785523444631,2.65,0.00696013307537631,-0.130004340486688,-4.41386837109438,0
matlab_boundary_1,174.999798947141,0.514974461729671,0.260785523444631,2.652,0.00669142644640239,-0.138636516547552,-4.21650712348039,0
matlab_boundary_1,174.999798947141,0.514974461729671,0.260785523444631,2.654,0.00640585729623756,-0.146863357391259,-4.00863071959294,0
matlab_boundary_1,174.999798947141,0.514974461729671,0.260785523444631,2.656,0.00610425693095783,-0.154664426731222,-3.79083736196947,0
matlab_boundary_1,174.999798947141,0.514974461729671,0.260785523444631,2.658,0.0057874963163817,-0.162020509177586,-3.56374945585713,0
matlab_boundary_1,174.999798947141,0.514974461729671,0.260785523444631,2.66,0.00545648358903656,-0.168913656889556,-3.32801184682535,0
matlab_boundary_1,174.999798947141,0.514974461729671,0.260785523444631,2.662,0.00511216147738255,-0.175327232648916,-3.08429000522382,0
matlab_boundary_1,174.999798947141,0.514974461729671,0.260785523444631,2.664,0.0047555046405522,-0.181245949253566,-2.83326816255645,0
matlab_boundary_1,174.999798947141,0.514974461729671,0.260785523444631,2.666,0.00438751693206097,-0.186655905139999,-2.57564740495391,0
matlab_boundary_1,174.999798947141,0.514974461729671,0.260785523444631,2.668,0.00400922859611061,-0.191544616154236,-2.31214372901823,0
matlab_boundary_1,174.999798947141,0.514974461729671,0.260785523444631,2.67,0.00362169340426264,-0.195901043401264,-2.04348606539675,0
matlab_boundary_1,174.999798947141,0.514974461729671,0.260785523444631,2.672,0.00322598574038338,-0.199715617113871,-1.7704142755042,0
matlab_boundary_1,174.999798947141,0.514974461729671,0.260785523444631,2.674,0.00282319764187392,-0.202980256492627,-1.49367712686567,0
matlab_boundary_1,174.999798947141,0.514974461729671,0.260785523444631,2.676,0.00241443580528079,-0.205688385479759,-1.21403025258667,0
matlab_boundary_1,174.999798947141,0.514974461729671,0.260785523444631,2.678,0.00200081856444751,-0.207834944440703,-0.932234100477864,0
matlab_boundary_1,174.999798947141,0.514974461729671,0.260785523444631,2.68,0.00158347284940879,-0.209416397738163,-0.649051877368317,0
matlab_boundary_1,174.999798947141,0.514974461729671,0.260785523444631,2.682,0.00116353113424887,-0.210430737194602,-0.365247494132266,0
matlab_boundary_1,174.999798947141,0.514974461729671,0.260785523444631,2.684,0.000742128382141604,-0.21087748145008,-0.0815835169301547,0
matlab_boundary_1,174.999798947141,0.514974461729671,0.260785523444631,2.686,0.000320398995765097,-0.210757671233342,0.201180869873593,0
matlab_boundary_1,174.999798947141,0.514974461729671,0.260785523444631,2.688,-0.000100526218762162,-0.210073860574943,0.482291883705936,0
matlab_boundary_1,174.999798947141,0.514974461729671,0.260785523444631,2.69,-0.000519523066345095,-0.208830104001917,0.761003141350628,0
matlab_boundary_1,174.999798947141,0.514974461729671,0.260785523444631,2.692,-0.000935476947787663,-0.207031939764144,1.03657762882229,0
matlab_boundary_1,174.999798947141,0.514974461729671,0.260785523444631,2.694,-0.00134728580720289,-0.204686369152972,1.30828963838261,0
matlab_boundary_1,174.999798947141,0.514974461729671,0.260785523444631,2.696,-0.00175386303421055,-0.201801831982891,1.57542666763996,0
matlab_boundary_1,174.999798947141,0.514974461729671,0.260785523444631,2.698,-0.00215414031332738,-0.198388178317044,1.83729127579546,0
matlab_boundary_1,174.999798947141,0.514974461729671,0.260785523444631,2.7,-0.00254707041312686,-0.194456636527129,2.09320289223275,0
matlab_boundary_1,174.999798947141,0.514974461729671,0.260785523444631,2.702,-0.00293162990793604,-0.190019777787652,2.34249957279597,0
matlab_boundary_1,174.999798947141,0.514974461729671,0.260785523444631,2.704,-0.00330682182504548,-0.185091477113706,2.58453969925773,0
matlab_boundary_1,174.999798947141,0.514974461729671,0.260785523444631,2.706,-0.00367167821063547,-0.17968687106025,2.8187036176493,0
matlab_boundary_1,174.999798947141,0.514974461729671,0.260785523444631,2.708,-0.00402526260786715,-0.173822312209332,3.04439521130615,0
matlab_boundary_1,174.999798947141,0.514974461729671,0.260785523444631,2.71,-0.00436667244084765,-0.16751532057982,3.26104340467345,0
matlab_boundary_1,174.999798947141,0.514974461729671,0.260785523444631,2.712,-0.00469504129845529,-0.160784532101903,3.46810359411633,0
matlab_boundary_1,174.999798947141,0.514974461729671,0.260785523444631,2.714,-0.00500954111230217,-0.153649644305947,3.66505900219058,0
matlab_boundary_1,174.999798947141,0.514974461729671,0.260785523444631,2.716,-0.00530938422341882,-0.14613135938214,3.8514219520483,0
matlab_boundary_1,174.999798947141,0.514974461729671,0.260785523444631,2.718,-0.00559382533256427,-0.138251324773781,4.02673505888037,0
matlab_boundary_1,174.999798947141,0.514974461729671,0.260785523444631,2.72,-0.00586216332939669,-0.130032071473061,4.19057233553144,0
matlab_boundary_1,174.999798947141,0.514974461729671,0.260785523444631,2.722,-0.00611374299608258,-0.12149695019365,4.3425402096645,0
matlab_boundary_1,174.999798947141,0.514974461729671,0.260785523444631,2.724,-0.00634795658127704,-0.112670065599406,4.48227845009941,0
matlab_boundary_1,174.999798947141,0.514974461729671,0.260785523444631,2.726,-0.00656424524077066,-0.10357620877302,4.60946100020272,0
matlab_boundary_1,174.999798947141,0.514974461729671,0.260785523444631,2.728,-0.00676210034146981,-0.0942407881124001,4.72379671646277,0
matlab_boundary_1,174.999798947141,0.514974461729671,0.260785523444631,2.73,-0.00694106462575637,-0.0846897588460928,4.82503001064558,0
matlab_boundary_1,174.999798947141,0.514974461729671,0.260785523444631,2.732,-0.00710073323365906,-0.0749495513619485,4.91294139419185,0
matlab_boundary_1,174.999798947141,0.514974461729671,0.260785523444631,2.734,-0.00724075458065914,-0.0650469985456596,4.98734792378253,0
matlab_boundary_1,174.999798947141,0.514974461729671,0.260785523444631,2.736,-0.00736083108934838,-0.0550092623276914,5.04810354726875,0
matlab_boundary_1,174.999798947141,0.514974461729671,0.260785523444631,2.738,-0.00746071977355562,-0.0448637596384646,5.0950993494326,0
matlab_boundary_1,174.999798947141,0.514974461729671,0.260785523444631,2.74,-0.00754022705775662,-0.0346296683192405,5.13667593200437,0.00219910776741874
matlab_boundary_1,174.999798947141,0.514974461729671,0.260785523444631,2.742,-0.00759912395187536,-0.0242239005965221,5.26667917216627,0.0311538308050362
matlab_boundary_1,174.999798947141,0.514974461729671,0.260785523444631,2.744,-0.00763695922467645,-0.0135730281035059,5.3817357243502,0.0600226761878001
matlab_boundary_1,174.999798947141,0.514974461729671,0.260785523444631,2.746,-0.00765327298168417,-0.00270757306469863,5.48122397482093,0.088708299327035
matlab_boundary_1,174.999798947141,0.514974461729671,0.260785523444631,2.748,-0.00764766758613354,0.00834074413045013,5.56456761051499,0.117113657282258
matlab_boundary_1,174.999798947141,0.514974461729671,0.260785523444631,2.75,-0.00761980996292489,0.0195390981782958,5.63123824585783,0.145142338627232
matlab_boundary_1,174.999798947141,0.514974461729671,0.260785523444631,2.752,-0.00756943371091525,0.0308536572268835,5.68075791003103,0.172698893098597
matlab_boundary_1,174.999798947141,0.514974461729671,0.260785523444631,2.754,-0.00749634101360247,0.0422496860673654,5.71270138426726,0.199689159900155
matlab_boundary_1,174.999798947141,0.514974461729671,0.260785523444631,2.756,-0.00740040433885772,0.0536916538409417,5.72669837917471,0.22602059353106
matlab_boundary_1,174.999798947141,0.514974461729671,0.260785523444631,2.758,-0.00728156791900162,0.0651433459317807,5.72243554255683,0.251602586005099
matlab_boundary_1,174.999798947141,0.514974461729671,0.260785523444631,2.76,-0.00713984900319706,0.0765679796977825,5.69965828869555,0.276346784331161
matlab_boundary_1,174.999798947141,0.514974461729671,0.260785523444631,2.762,-0.00697533887484619,0.0879283236735244,5.65817244060634,0.300167402131815
matlab_boundary_1,174.999798947141,0.514974461729671,0.260785523444631,2.764,-0.00678820362742632,0.0991868198633345,5.59784567734886,0.322981524287625
matlab_boundary_1,174.999798947141,0.514974461729671,0.260785523444631,2.766,-0.00657868469297947,0.110305708727216,5.51860877908729,0.344709403509882
matlab_boundary_1,174.999798947141,0.514974461729671,0.260785523444631,2.768,-0.00634709911827866,0.121247156448349,5.4204566632352,0.36527474776263
matlab_boundary_1,174.999798947141,0.514974461729671,0.260785523444631,2.77,-0.00609383958453019,0.131973384058241,5.30344920569409,0.384604997478068
matlab_boundary_1,174.999798947141,0.514974461729671,0.260785523444631,2.772,-0.00581937416732982,0.142446797984324,5.16771184189383,0.402631591535488
matlab_boundary_1,174.999798947141,0.514974461729671,0.260785523444631,2.774,-0.00552424583447123,0.152630121574962,5.0134359430708,0.419290221004601
matlab_boundary_1,174.999798947141,0.514974461729671,0.260785523444631,2.776,-0.00520907168010429,0.162486527148393,4.84087896396979,0.434521069688037
matlab_boundary_1,174.999798947141,0.514974461729671,0.260785523444631,2.778,-0.00487454189465487,0.17197976810532,4.65036435892877,0.448269040535908
matlab_boundary_1,174.999798947141,0.514974461729671,0.260785523444631,2.78,-0.00452141847084358,0.181074310639547,4.44228126409528,0.460483967046522
matlab_boundary_1,174.999798947141,0.514974461729671,0.260785523444631,2.782,-0.00415053364707561,0.189735464577415,4.21708394433145,0.471120808812634
matlab_boundary_1,174.999798947141,0.514974461729671,0.260785523444631,2.784,-0.00376278809041575,0.197929512874635,3.97529100418473,0.480139830420626
matlab_boundary_1,174.999798947141,0.514974461729671,0.260785523444631,2.786,-0.00335914882230581,0.205623839298791,3.71748436313477,0.487506762961974
matlab_boundary_1,174.999798947141,0.514974461729671,0.260785523444631,2.788,-0.00294064689112366,0.212787053826979,3.44430799616472,0.493192947470761
matlab_boundary_1,174.999798947141,0.514974461729671,0.260785523444631,2.79,-0.00250837479662155,0.219389115291057,3.15646644155127,0.497175459658876
matlab_boundary_1,174.999798947141,0.514974461729671,0.260785523444631,2.792,-0.0020634836722125,0.22540145080756,2.85472307861465,0.499437215380805
matlab_boundary_1,174.999798947141,0.514974461729671,0.260785523444631,2.794,-0.00160718023199373,0.230797071535686,2.53989817901644,0.499967056323019
matlab_boundary_1,174.999798947141,0.514974461729671,0.260785523444631,2.796,-0.00114072349030066,0.235550684314787,2.21286673603514,0.498759815478302
matlab_boundary_1,174.999798947141,0.514974461729671,0.260785523444631,2.798,-0.000665421262472599,0.239638798742504,1.87455607708468,0.495816362032951
matlab_boundary_1,174.999798947141,0.514974461729671,0.260785523444631,2.8,-0.000182626456378868,0.243039829266012,1.52594326556792,0.491143625364345
matlab_boundary_1,174.999798947141,0.514974461729671,0.260785523444631,2.802,0.000306266834903652,0.245734191871867,1.1680522989696,0.484754597917598
matlab_boundary_1,174.999798947141,0.514974461729671,0.260785523444631,2.804,0.000799827428056608,0.247704394974555,0.801951110889974,0.476668316802856
matlab_boundary_1,174.999798947141,0.514974461729671,0.260785523444631,2.806,0.00129659132014194,0.248935124120027,0.428748385497468,0.466909824028764
matlab_boundary_1,174.999798947141,0.514974461729671,0.260785523444631,2.808,0.00179506612213746,0.249413320138203,0.0495901936376303,0.455510105362772
matlab_boundary_1,174.999798947141,0.514974461729671,0.260785523444631,2.81,0.00229373564193758,0.249128250397671,-0.334343539437626,0.442506007884592
matlab_boundary_1,174.999798947141,0.514974461729671,0.260785523444631,2.812,0.00279106460269013,0.248071572836409,-0.721842724047929,0.427940136375579
matlab_boundary_1,174.999798947141,0.514974461729671,0.260785523444631,2.814,0.00328550348171718,0.246237392464408,-1.1116709424292,0.411860728763131
matlab_boundary_1,174.999798947141,0.514974461729671,0.260785523444631,2.816,0.0037754934546752,0.243622310057397,-1.50256941946004,0.394321510915772
matlab_boundary_1,174.999798947141,0.514974461729671,0.260785523444631,2.818,0.00425947142907979,0.240225462785416,-1.89326111518605,0.375381531160574
matlab_boundary_1,174.999798947141,0.514974461729671,0.260785523444631,2.82,0.00473587515082656,0.236048556545787,-2.28245492598745,0.355104974970229
matlab_boundary_1,174.999798947141,0.514974461729671,0.260785523444631,2.822,0.00520314836691191,0.231095889796808,-2.66884998071643,0.333560960341452
matlab_boundary_1,174.999798947141,0.514974461729671,0.260785523444631,2.824,0.00565974602717143,0.225374368716376,-3.05114001764412,0.310823314460079
matlab_boundary_1,174.999798947141,0.514974461729671,0.260785523444631,2.826,0.00610413950753715,0.218893513538468,-3.42801782762544,0.286970332320063
matlab_boundary_1,174.999798947141,0.514974461729671,0.260785523444631,2.828,0.00653482183704357,0.211665455950048,-3.79817974849761,0.262084518033908
matlab_boundary_1,174.999798947141,0.514974461729671,0.260785523444631,2.83,0.00695031291061433,0.203704927461195,-4.16033019539274,0.236252309640236
matlab_boundary_1,174.999798947141,0.514974461729671,0.260785523444631,2.832,0.00734916466951137,0.195029238692285,-4.51318621135214,0.20956378828047
matlab_boundary_1,174.999798947141,0.514974461729671,0.260785523444631,2.834,0.00772996623125377,0.18565824955342,-4.85548202239923,0.182112372679665
matlab_boundary_1,174.999798947141,0.514974461729671,0.260785523444631,2.836,0.00809134895078942,0.175614330323284,-5.18597358104133,0.153994499927667
matlab_boundary_1,174.999798947141,0.514974461729671,0.260785523444631,2.838,0.00843199139475539,0.164922313666675,-5.50344308204891,0.125309293614066
matlab_boundary_1,174.999798947141,0.514974461729671,0.260785523444631,2.84,0.00875062421076776,0.153609437662484,-5.80670343428667,0.0961582204249923
matlab_boundary_1,174.999798947141,0.514974461729671,0.260785523444631,2.842,0.00904603487386312,0.141705279946208,-6.09460267236152,0.0666447363605762
matlab_boundary_1,174.999798947141,0.514974461729671,0.260785523444631,2.844,0.00931707229244975,0.129241683103677,-6.36602829189442,0.0368739237790207
matlab_boundary_1,174.999798947141,0.514974461729671,0.260785523444631,2.846,0.00956265125643648,0.116252671484801,-6.61991149232892,0.00695212051640523
matlab_boundary_1,174.999798947141,0.514974461729671,0.260785523444631,2.848,0.00978181548360848,0.102862470523463,-6.76719806011093,0
matlab_boundary_1,174.999798947141,0.514974461729671,0.260785523444631,2.85,0.00997393491254296,0.0892229695390429,-6.86918557233304,0
matlab_boundary_1,174.999798947141,0.514974461729671,0.260785523444631,2.852,0.0101385838700158,0.0753982642327701,-6.95237333519035,0
matlab_boundary_1,174.999798947141,0.514974461729671,0.260785523444631,2.854,0.0102754296545665,0.0614261113453409,-7.01661264820683,0
matlab_boundary_1,174.999798947141,0.514974461729671,0.260785523444631,2.856,0.0103842153414104,0.0473445137038771,-7.06180614669794,0
matlab_boundary_1,174.999798947141,0.514974461729671,0.260785523444631,2.858,0.010464760171878,0.0331916174688743,-7.08790786019656,0
matlab_boundary_1,174.999798947141,0.514974461729671,0.260785523444631,2.86,0.0105169597373236,0.0190056094023239,-7.09492313299919,0
matlab_boundary_1,174.999798947141,0.514974461729671,0.260785523444631,2.862,0.0105407859578199,0.00482461443197215,-7.08290840758904,0
matlab_boundary_1,174.999798947141,0.514974461729671,0.260785523444631,2.864,0.010536286856506,-0.00931340621499711,-7.0519708720564,0
matlab_boundary_1,174.999798947141,0.514974461729671,0.260785523444631,2.866,0.0105035861309976,-0.0233707560383719,-7.00226797299656,0
matlab_boundary_1,174.999798947141,0.514974461729671,0.260785523444631,2.868,0.0104428825238072,-0.0373101031840449,-6.93400679572044,0
matlab_boundary_1,174.999798947141,0.514974461729671,0.260785523444631,2.87,0.0103544489942531,-0.051094578992721,-6.84744331396054,0
matlab_boundary_1,174.999798947141,0.514974461729671,0.260785523444631,2.872,0.0102386316948578,-0.0646878749195573,-6.74288151159647,0
matlab_boundary_1,174.999798947141,0.514974461729671,0.260785523444631,2.874,0.0100958487557468,-0.0780543375716767,-6.62067237925643,0
matlab_boundary_1,174.999798947141,0.514974461729671,0.260785523444631,2.876,0.00992658888106174,-0.0911590616163363,-6.48121278897574,0
matlab_boundary_1,174.999798947141,0.514974461729671,0.260785523444631,2.878,0.00973140976188685,-0.103967980319404,-6.32494425040638,0
matlab_boundary_1,174.999798947141,0.514974461729671,0.260785523444631,2.88,0.00951093631066392,-0.116447953480898,-6.15235155237653,0
matlab_boundary_1,174.999798947141,0.514974461729671,0.260785523444631,2.882,0.00926585872252655,-0.12856685254243,-5.96396129388931,0
matlab_boundary_1,174.999798947141,0.514974461729671,0.260785523444631,2.884,0.00899693036943,-0.140293642649654,-5.76034030893214,0
matlab_boundary_1,174.999798947141,0.514974461729671,0.260785523444631,2.886,0.0087049655333741,-0.151598461462037,-5.54209398973275,0
matlab_boundary_1,174.999798947141,0.514974461729671,0.260785523444631,2.888,0.00839083698542635,-0.162452694511596,-5.30986451335442,0
matlab_boundary_1,174.999798947141,0.514974461729671,0.260785523444631,2.89,0.00805547341763529,-0.172829046922467,-5.0643289767596,0
matlab_boundary_1,174.999798947141,0.514974461729671,0.260785523444631,2.892,0.00769985673529396,-0.182701611313474,-4.80619744569927,0
matlab_boundary_1,174.999798947141,0.514974461729671,0.260785523444631,2.894,0.00732501921735405,-0.192045931716963,-4.53621092299148,0
matlab_boundary_1,174.999798947141,0.514974461729671,0.260785523444631,2.896,0.00693204055311791,-0.200839063358323,-4.25513924195037,0
matlab_boundary_1,174.999798947141,0.514974461729671,0.260785523444631,2.898,0.00652204476363033,-0.209059628152497,-3.96377889090072,0
matlab_boundary_1,174.999798947141,0.514974461729671,0.260785523444631,2.9,0.0060961970164725,-0.216687865785633,-3.66295077487825,0
matlab_boundary_1,174.999798947141,0.514974461729671,0.260785523444631,2.902,0.00565570034290665,-0.22370568026255,-3.35349792075611,0
matlab_boundary_1,174.999798947141,0.514974461729671,0.260785523444631,2.904,0.00520179226655156,-0.230096681813148,-3.03628313216904,0
matlab_boundary_1,174.999798947141,0.514974461729671,0.260785523444631,2.906,0.00473574135296399,-0.235846224063886,-2.71218660071158,0
matlab_boundary_1,174.999798947141,0.514974461729671,0.260785523444631,2.908,0.00425884368968235,-0.240941436393375,-2.38210347998306,0
matlab_boundary_1,174.999798947141,0.514974461729671,0.260785523444631,2.91,0.00377241930643086,-0.245371251404453,-2.0469414291208,0
matlab_boundary_1,174.999798947141,0.514974461729671,0.260785523444631,2.912,0.00327780854531114,-0.249126427458391,-1.70761813252337,0
matlab_boundary_1,174.999798947141,0.514974461729671,0.260785523444631,2.914,0.00277636839089678,-0.252199566230344,-1.36505880249824,0
matlab_boundary_1,174.999798947141,0.514974461729671,0.260785523444631,2.916,0.00226946877022144,-0.254585125258658,-1.02019367159234,0
matlab_boundary_1,174.999798947141,0.514974461729671,0.260785523444631,2.918,0.00175848883268541,-0.256279425474146,-0.673955481359833,0
matlab_boundary_1,174.999798947141,0.514974461729671,0.260785523444631,2.92,0.00124481321992687,-0.257280653708962,-0.327276974309642,0
matlab_boundary_1,174.999798947141,0.514974461729671,0.260785523444631,2.922,0.000729828335684226,-0.257588860198136,0.0189116042650109,0
matlab_boundary_1,174.999798947141,0.514974461729671,0.260785523444631,2.924,0.000214918625643622,-0.257205951100206,0.363684987920749,0
matlab_boundary_1,174.999798947141,0.514974461729671,0.260785523444631,2.926,-0.000298537122807702,-0.256135676076598,0.706125347582857,0
matlab_boundary_1,174.999798947141,0.514974461729671,0.260785523444631,2.928,-0.000809169451086616,-0.254383610982521,1.04532472045281,0
matlab_boundary_1,174.999798947141,0.514974461729671,0.260785523444631,2.93,-0.00131562186046793,-0.251957135734969,1.38038740291828,0
matlab_boundary_1,174.999798947141,0.514974461729671,0.260785523444631,2.932,-0.00181655439411445,-0.248865407436159,1.71043230119654,0
matlab_boundary_1,174.999798947141,0.514974461729671,0.260785523444631,2.934,-0.0023106471606839,-0.24511932884305,2.03459523358323,0
matlab_boundary_1,174.999798947141,0.514974461729671,0.260785523444631,2.936,-0.00279660379030629,-0.240731512285762,2.352031178331,0
matlab_boundary_1,174.999798947141,0.514974461729671,0.260785523444631,2.938,-0.0032731548139413,-0.235716239149458,2.66191646135187,0
matlab_boundary_1,174.999798947141,0.514974461729671,0.260785523444631,2.94,-0.0037390609573667,-0.230089415045699,2.96345087812059,0
matlab_boundary_1,174.999798947141,0.514974461729671,0.260785523444631,2.942,-0.00419311634131222,-0.223868520810333,3.2558597443558,0
matlab_boundary_1,174.999798947141,0.514974461729671,0.260785523444631,2.944,-0.00463415157953842,-0.217072559475602,3.53839587026749,0
matlab_boundary_1,174.999798947141,0.514974461729671,0.260785523444631,2.946,-0.00506103676696463,-0.209721999374357,3.81034145338421,0
matlab_boundary_1,174.999798947141,0.514974461729671,0.260785523444631,2.948,-0.00547268435027606,-0.201838713544025,4.071009885211,0
matlab_boundary_1,174.999798947141,0.514974461729671,0.260785523444631,2.95,-0.00586803683068508,-0.193423363413711,4.34227979013194,0.00589034996837482
matlab_boundary_1,174.999798947141,0.514974461729671,0.260785523444631,2.952,-0.00624596050352883,-0.184382228784451,4.69659978791463,0.036811262731141
matlab_boundary_1,174.999798947141,0.514974461729671,0.260785523444631,2.954,-0.00660510275150937,-0.1746467519658,5.03647620627466,0.0676098131439963
matlab_boundary_1,174.999798947141,0.514974461729671,0.260785523444631,2.956,-0.00694410465625,-0.164247134430204,5.36060234550796,0.0981674902963213
matlab_boundary_1,174.999798947141,0.514974461729671,0.260785523444631,2.958,-0.00726167028325483,-0.153216142089825,5.66772100653012,0.128366349535062
matlab_boundary_1,174.999798947141,0.514974461729671,0.260785523444631,2.96,-0.00755657170847879,-0.1415890013465,5.95662941318468,0.158089470014356
matlab_boundary_1,174.999798947141,0.514974461729671,0.260785523444631,2.962,-0.00782765382726465,-0.129403285465772,6.22618396381018,0.187221410786887
matlab_boundary_1,174.999798947141,0.514974461729671,0.260785523444631,2.964,-0.00807383892664911,-0.116698791635462,6.4753047931947,0.215648663654639
matlab_boundary_1,174.999798947141,0.514974461729671,0.260785523444631,2.966,-0.00829413100279906,-0.103517409106365,6.70298012662646,0.243260100995956
matlab_boundary_1,174.999798947141,0.514974461729671,0.260785523444631,2.968,-0.00848761980616985,-0.0899029788486458,6.90827040839586,0.269947416790597
matlab_boundary_1,174.999798947141,0.514974461729671,0.260785523444631,2.97,-0.00865348459787944,-0.075901145192054,7.09031218782928,0.295605559077879
matlab_boundary_1,174.999798947141,0.514974461729671,0.260785523444631,2.972,-0.00879099760176157,-0.0615591999511824,7.24832174672314,0.320133152101853
matlab_boundary_1,174.999798947141,0.514974461729671,0.260785523444631,2.974,-0.00889952713759586,-0.04692591956834,7.3815984529081,0.343432906424939
matlab_boundary_1,174.999798947141,0.514974461729671,0.260785523444631,2.976,-0.00897854042210767,-0.0320513958362606,7.48952782559341,0.365412015324422
matlab_boundary_1,174.999798947141,0.514974461729671,0.260785523444631,2.978,-0.00902760602548244,-0.0169868607906,7.57158429912733,0.385982535827529
matlab_boundary_1,174.999798947141,0.514974461729671,0.260785523444631,2.98,-0.00904639597234592,-0.00178450638787334,7.6273336728502,0.40506175278779
matlab_boundary_1,174.999798947141,0.514974461729671,0.260785523444631,2.982,-0.00903468747741648,0.0135027003919904,7.65643523581514,0.422572524460094
matlab_boundary_1,174.999798947141,0.514974461729671,0.260785523444631,2.984,-0.00899236430733608,0.0288212063579927,7.65864355629798,0.438443608092366
matlab_boundary_1,174.999798947141,0.514974461729671,0.260785523444631,2.986,-0.00891941776152623,0.0441170641558336,7.633809927214,0.45260996411942
matlab_boundary_1,174.999798947141,0.514974461729671,0.260785523444631,2.988,-0.00881594726629195,0.0593361268550978,7.58188345979588,0.465013037617698
matlab_boundary_1,174.999798947141,0.514974461729671,0.260785523444631,2.99,-0.00868216057780259,0.074424244365863,7.50291181916473,0.475601015759484
matlab_boundary_1,174.999798947141,0.514974461729671,0.260785523444631,2.992,-0.0085183735910103,0.089327460963306,7.39704159673501,0.484329060090066
matlab_boundary_1,174.999798947141,0.514974461729671,0.260785523444631,2.994,-0.00832500975301925,0.103992213190078,7.26451831573493,0.491159512542325
matlab_boundary_1,174.999798947141,0.514974461729671,0.260785523444631,2.996,-0.00810259908088566,0.118365527400145,7.10568606748711,0.496062074198807
matlab_boundary_1,174.999798947141,0.514974461729671,0.260785523444631,2.998,-0.00785177678530505,0.132395216204485,6.92098677747778,0.499013955912189
matlab_boundary_1,174.999798947141,0.514974461729671,0.260785523444631,3,-0.00757328150312285,0.146030073078503,6.71095910163983,0.5
matlab_boundary_1,174.999798947141,0.514974461729671,0.260785523444631,3.002,-0.00726922754938333,0.157309510239661,4.56736617719259,0
matlab_boundary_1,174.999798947141,0.514974461729671,0.260785523444631,3.004,-0.00694562846439055,0.166211349609291,4.33263691023621,0
matlab_boundary_1,174.999798947141,0.514974461729671,0.260785523444631,3.006,-0.00660470239365824,0.174632937121422,4.08722874691249,0
matlab_boundary_1,174.999798947141,0.514974461729671,0.260785523444631,3.008,-0.00624743073655543,0.182553610192021,3.83184105654588,0
matlab_boundary_1,174.999798947141,0.514974461729671,0.260785523444631,3.01,-0.00587483480256366,0.189954129281262,3.56719717999942,0
matlab_boundary_1,174.999798947141,0.514974461729671,0.260785523444631,3.012,-0.00548797291859136,0.196816723813718,3.29404239786287,0
matlab_boundary_1,174.999798947141,0.514974461729671,0.260785523444631,3.014,-0.00508793744854637,0.203125133983224,3.01314184788827,0
matlab_boundary_1,174.999798947141,0.514974461729671,0.260785523444631,3.016,-0.00467585173349445,0.208864648346674,2.72527839745054,0
matlab_boundary_1,174.999798947141,0.514974461729671,0.260785523444631,3.018,-0.00425286696091227,0.214022137122651,2.43125047690858,0
matlab_boundary_1,174.999798947141,0.514974461729671,0.260785523444631,3.02,-0.0038201589716999,0.218586081122634,2.13186987982449,0
matlab_boundary_1,174.999798947141,0.514974461729671,0.260785523444631,3.022,-0.00337892501374968,0.222546596254514,1.82795953606272,0
matlab_boundary_1,174.999798947141,0.514974461729671,0.260785523444631,3.024,-0.00293038045097592,0.225895453550257,1.5203512638399,0
matlab_boundary_1,174.999798947141,0.514974461729671,0.260785523444631,3.026,-0.00247575543679758,0.228626094681686,1.20988350683047,0
matlab_boundary_1,174.999798947141,0.514974461729671,0.260785523444631,3.028,-0.00201629156112059,0.230733642940642,0.897399062445753,0
matlab_boundary_1,174.999798947141,0.514974461729671,0.260785523444631,3.03,-0.00155323847990759,0.23221490967197,0.58374280740773,0
matlab_boundary_1,174.999798947141,0.514974461729671,0.260785523444631,3.032,-0.0010878505364278,0.233068396160042,0.269759426717662,0
matlab_boundary_1,174.999798947141,0.514974461729671,0.260785523444631,3.034,-0.000621383383272185,0.233294290981661,-0.0437088479091877,0
matlab_boundary_1,174.999798947141,0.514974461729671,0.260785523444631,3.036,-0.000155090614174948,0.232894462850337,-0.355824484125056,0
matlab_boundary_1,174.999798947141,0.514974461729671,0.260785523444631,3.038,0.000309779585372982,0.231872448988845,-0.665756873590546,0
matlab_boundary_1,174.999798947141,0.514974461729671,0.260785523444631,3.04,0.00077198775982521,0.230233439078841,-0.972684529303328,0
matlab_boundary_1,174.999798947141,0.514974461729671,0.260785523444631,3.042,0.00123030646880516,0.227984254847969,-1.27579724983501,0
matlab_boundary_1,174.999798947141,0.514974461729671,0.260785523444631,3.044,0.00168352352720367,0.225133325366298,-1.57429824481231,0
matlab_boundary_1,174.999798947141,0.514974461729671,0.260785523444631,3.046,0.00213044519164543,0.221690658135204,-1.8674062161005,0
matlab_boundary_1,174.999798947141,0.514974461729671,0.260785523444631,3.048,0.0025698992850048,0.217667806062677,-2.15435738929171,0
matlab_boundary_1,174.999798947141,0.514974461729671,0.260785523444631,3.05,0.0030007382508433,0.213077830429739,-2.43440749025106,0
matlab_boundary_1,174.999798947141,0.514974461729671,0.260785523444631,3.052,0.00342184212986768,0.207935259962956,-2.7068336616454,0
matlab_boundary_1,174.999798947141,0.514974461729671,0.260785523444631,3.054,0.00383212145074091,0.202256046138008,-2.97093631455611,0
matlab_boundary_1,174.999798947141,0.514974461729671,0.260785523444631,3.056,0.00423052002784419,0.196057514848881,-3.22604091047473,0
matlab_boundary_1,174.999798947141,0.514974461729671,0.260785523444631,3.058,0.0046160176588606,0.189358314586463,-3.47149966918111,0
matlab_boundary_1,174.999798947141,0.514974461729671,0.260785523444631,3.06,0.00498763271535319,0.182178361279066,-3.70669319822389,0
matlab_boundary_1,174.999798947141,0.514974461729671,0.260785523444631,3.062,0.00534442461981806,0.174538779955814,-3.9310320399463,0
matlab_boundary_1,174.999798947141,0.514974461729671,0.260785523444631,3.064,0.00568549620302847,0.166461843401605,-4.14395813224055,0
matlab_boundary_1,174.999798947141,0.514974461729671,0.260785523444631,3.066,0.00600999593582533,0.157970907979864,-4.34494617945701,0
matlab_boundary_1,174.999798947141,0.514974461729671,0.260785523444631,3.068,0.00631712002987424,0.149090346806079,-4.53350493015198,0
matlab_boundary_1,174.999798947141,0.514974461729671,0.260785523444631,3.07,0.00660611440227659,0.139845480461599,-4.70917835861774,0
matlab_boundary_1,174.999798947141,0.514974461729671,0.260785523444631,3.072,0.00687627649931187,0.130262505442911,-4.87154674741093,0
matlab_boundary_1,174.999798947141,0.514974461729671,0.260785523444631,3.074,0.00712695697497976,0.120368420546995,-5.02022766836897,0
matlab_boundary_1,174.999798947141,0.514974461729671,0.260785523444631,3.076,0.00735756122042058,0.11019095139802,-5.1548768598882,0
matlab_boundary_1,174.999798947141,0.514974461729671,0.260785523444631,3.078,0.00756755074070398,0.0997584733248844,-5.27518899852208,0
matlab_boundary_1,174.999798947141,0.514974461729671,0.260785523444631,3.08,0.00775644437590153,0.0890999328026107,-5.38089836325044,0
matlab_boundary_1,174.999798947141,0.514974461729671,0.260785523444631,3.082,0.00792381936378517,0.078244767673723,-5.47177939106261,0
matlab_boundary_1,174.999798947141,0.514974461729671,0.260785523444631,3.084,0.00806931224193088,0.0672228263680107,-5.54764712279586,0
matlab_boundary_1,174.999798947141,0.514974461729671,0.260785523444631,3.086,0.00819261958744317,0.0560642863410604,-5.60835753846681,0
matlab_boundary_1,174.999798947141,0.514974461729671,0.260785523444631,3.088,0.00829349859296052,0.0447995719530026,-5.65380778163382,0
matlab_boundary_1,174.999798947141,0.514974461729671,0.260785523444631,3.09,0.00837176747804312,0.0334592720097035,-5.68393627262648,0
matlab_boundary_1,174.999798947141,0.514974461729671,0.260785523444631,3.092,0.00842730573549102,0.0220740571885031,-5.69872271077727,0
matlab_boundary_1,174.999798947141,0.514974461729671,0.260785523444631,3.094,0.00846005421258285,0.0106745975701931,-5.69818796608664,0
matlab_boundary_1,174.999798947141,0.514974461729671,0.260785523444631,3.096,0.00847001502766866,-0.000708519502389756,-5.68239386104781,0
matlab_boundary_1,174.999798947141,0.514974461729671,0.260785523444631,3.098,0.00845725132298903,-0.0120448710203629,-5.65144284364819,0
matlab_boundary_1,174.999798947141,0.514974461729671,0.260785523444631,3.1,0.00842188685502806,-0.0233042791430811,-5.60547755285252,0
matlab_boundary_1,174.999798947141,0.514974461729671,0.260785523444631,3.102,0.00836410542413782,-0.0344568910571263,-5.54468027815506,0
matlab_boundary_1,174.999798947141,0.514974461729671,0.260785523444631,3.104,0.00828415014559535,-0.0454732576500432,-5.4692723150659,0
matlab_boundary_1,174.999798947141,0.514974461729671,0.260785523444631,3.106,0.00818232256466967,-0.0563244107926995,-5.37951321866796,0
matlab_boundary_1,174.999798947141,0.514974461729671,0.260785523444631,3.108,0.00805898161868356,-0.0669819390288497,-5.27569995764526,0
matlab_boundary_1,174.999798947141,0.514974461729671,0.260785523444631,3.11,0.00791454244945346,-0.0774180614753819,-5.15816597144102,0
matlab_boundary_1,174.999798947141,0.514974461729671,0.260785523444631,3.112,0.00774947506987737,-0.0876056997424513,-5.0272801334521,0
matlab_boundary_1,174.999798947141,0.514974461729671,0.260785523444631,3.114,0.00756430288881764,-0.097518547688605,-4.88344562340768,0
matlab_boundary_1,174.999798947141,0.514974461729671,0.260785523444631,3.116,0.00735960109878705,-0.107131138832681,-4.72709871230939,0
matlab_boundary_1,174.999798947141,0.514974461729671,0.260785523444631,3.118,0.00713599493129848,-0.116418911251094,-4.55870746353287,0
matlab_boundary_1,174.999798947141,0.514974461729671,0.260785523444631,3.12,0.00689415778507091,-0.125358269796682,-4.37877035389893,0
matlab_boundary_1,174.999798947141,0.514974461729671,0.260785523444631,3.122,0.00663480923260791,-0.13392664548295,-4.18781481872422,0
matlab_boundary_1,174.999798947141,0.514974461729671,0.260785523444631,3.124,0.00635871291096526,-0.142102551885913,-3.98639572504634,0
matlab_boundary_1,174.999798947141,0.514974461729671,0.260785523444631,3.126,0.00606667430281493,-0.149865638424162,-3.77509377739737,0
matlab_boundary_1,174.999798947141,0.514974461729671,0.260785523444631,3.128,0.00575953841417935,-0.15719674038682,-3.55451386065979,0
matlab_boundary_1,174.999798947141,0.514974461729671,0.260785523444631,3.13,0.00543818735546448,-0.164077925588163,-3.32528332469268,0
matlab_boundary_1,174.999798947141,0.514974461729671,0.260785523444631,3.132,0.0051035378326499,-0.170492537537291,-3.0880502155506,0
matlab_boundary_1,174.999798947141,0.514974461729671,0.260785523444631,3.134,0.00475653855571129,-0.176425235020926,-2.8434814582444,0
matlab_boundary_1,174.999798947141,0.514974461729671,0.260785523444631,3.136,0.00439816757154044,-0.181862028007502,-2.59226099610055,0
matlab_boundary_1,174.999798947141,0.514974461729671,0.260785523444631,3.138,0.00402942952880594,-0.186790309790835,-2.33508789187506,0
matlab_boundary_1,174.999798947141,0.514974461729671,0.260785523444631,3.14,0.00365135288234594,-0.191198885302157,-2.07267439585684,0
matlab_boundary_1,174.999798947141,0.514974461729671,0.260785523444631,3.142,0.0032649870448213,-0.195077995529743,-1.80574398626654,0
matlab_boundary_1,174.999798947141,0.514974461729671,0.260785523444631,3.144,0.0028713994934631,-0.19841933799611,-1.53502938730667,0
matlab_boundary_1,174.999798947141,0.514974461729671,0.260785523444631,3.146,0.00247167283984332,-0.201216083253441,-1.26127057026128,0
matlab_boundary_1,174.999798947141,0.514974461729671,0.260785523444631,3.148,0.00206690187065954,-0.2034628873688,-0.985212743063657,0
matlab_boundary_1,174.999798947141,0.514974461729671,0.260785523444631,3.15,0.00165819056757659,-0.205155900381449,-0.707604333764044,0
matlab_boundary_1,174.999798947141,0.514974461729671,0.260785523444631,3.152,0.00124664911418646,-0.206292770725541,-0.429194973320357,0
matlab_boundary_1,174.999798947141,0.514974461729671,0.260785523444631,3.154,0.000833390898156503,-0.206872645622222,-0.150733483119183,0
matlab_boundary_1,174.999798947141,0.514974461729671,0.260785523444631,3.156,0.000419529516611025,-0.206896167455973,0.127034127403489,0
matlab_boundary_1,174.999798947141,0.514974461729671,0.260785523444631,3.158,6.17579275705919e-06,-0.206365466160752,0.403366647716684,0
matlab_boundary_1,174.999798947141,0.514974461729671,0.260785523444631,3.16,-0.000405565188302641,-0.20528414765203,0.677529632465102,0
matlab_boundary_1,174.999798947141,0.514974461729671,0.260785523444631,3.162,-0.000814597016703058,-0.203657278351299,0.948797341869323,0
matlab_boundary_1,174.999798947141,0.514974461729671,0.260785523444631,3.164,-0.00121983486013986,-0.201491365859908,1.21645465116251,0
matlab_boundary_1,174.999798947141,0.514974461729671,0.260785523444631,3.166,-0.00162020832374282,-0.198794335849157,1.47979892406965,0
matlab_boundary_1,174.999798947141,0.514974461729671,0.260785523444631,3.168,-0.00201466426001039,-0.195575505243463,1.73814184545527,0
matlab_boundary_1,174.999798947141,0.514974461729671,0.260785523444631,3.17,-0.00240216952147339,-0.191845551783032,1.99081120839026,0
matlab_boundary_1,174.999798947141,0.514974461729671,0.260785523444631,3.172,-0.00278171364894416,-0.187616480061821,2.23715265103305,0
matlab_boundary_1,174.999798947141,0.514974461729671,0.260785523444631,3.174,-0.00315231148840205,-0.182901584145668,2.47653133886922,0
matlab_boundary_1,174.999798947141,0.514974461729671,0.260785523444631,3.176,-0.00351300572979076,-0.177715406884149,2.70833358802115,0
matlab_boundary_1,174.999798947141,0.514974461729671,0.260785523444631,3.178,-0.00386286936123269,-0.172073696038212,2.93196842551057,0
matlab_boundary_1,174.999798947141,0.514974461729671,0.260785523444631,3.18,-0.00420100803242352,-0.165993357353609,3.14686908254536,0
matlab_boundary_1,174.999798947141,0.514974461729671,0.260785523444631,3.182,-0.00452656232123215,-0.159492404717874,3.35249441709333,0
matlab_boundary_1,174.999798947141,0.514974461729671,0.260785523444631,3.184,-0.00483870989781975,-0.152589907545807,3.54833026221352,0
matlab_boundary_1,174.999798947141,0.514974461729671,0.260785523444631,3.186,-0.00513666758088309,-0.145305935545349,3.73389069682456,0
matlab_boundary_1,174.999798947141,0.514974461729671,0.260785523444631,3.188,-0.00541969328094246,-0.137661501022056,3.90871923581393,0
matlab_boundary_1,174.999798947141,0.514974461729671,0.260785523444631,3.19,-0.00568708782591247,-0.129678498886445,4.07238993661724,0
matlab_boundary_1,174.999798947141,0.514974461729671,0.260785523444631,3.192,-0.0059381966645325,-0.121379644533912,4.22450841963422,0
matlab_boundary_1,174.999798947141,0.514974461729671,0.260785523444631,3.194,-0.00617241144357379,-0.112788409772011,4.36471280008686,0
matlab_boundary_1,174.999798947141,0.514974461729671,0.260785523444631,3.196,-0.00638917145509844,-0.103928956974368,4.49267452917414,0
matlab_boundary_1,174.999798947141,0.514974461729671,0.260785523444631,3.198,-0.00658796495040454,-0.0948260716446064,4.60809914262696,0
matlab_boundary_1,174.999798947141,0.514974461729671,0.260785523444631,3.2,-0.0067683303176654,-0.0855050935771326,4.71072691502426,0
matlab_boundary_1,174.999798947141,0.514974461729671,0.260785523444631,3.202,-0.00692985712064452,-0.0759918468047228,4.80033341848862,0
matlab_boundary_1,174.999798947141,0.514974461729671,0.260785523444631,3.204,-0.00707218699625337,-0.066312568525266,4.87672998464255,0
matlab_boundary_1,174.999798947141,0.514974461729671,0.260785523444631,3.206,-0.00719501440910309,-0.056493837202102,4.93976406896884,0
matlab_boundary_1,174.999798947141,0.514974461729671,0.260785523444631,3.208,-0.00729808726159402,-0.0465625000337137,4.98931951698441,0
matlab_boundary_1,174.999798947141,0.514974461729671,0.260785523444631,3.21,-0.00738120735847757,-0.0365455999895884,5.02531673190136,0
matlab_boundary_1,174.999798947141,0.514974461729671,0.260785523444631,3.212,-0.00744423072522043,-0.0264703026093084,5.04771274371463,0
matlab_boundary_1,174.999798947141,0.514974461729671,0.260785523444631,3.214,-0.00748706777989438,-0.0163638227619146,5.05650117991984,0
matlab_boundary_1,174.999798947141,0.514974461729671,0.260785523444631,3.216,-0.00750968335870866,-0.00625335156183517,5.05171213832725,0
matlab_boundary_1,174.999798947141,0.514974461729671,0.260785523444631,3.218,-0.00751209659569367,0.00383401636350265,5.03341196269866,0
matlab_boundary_1,174.999798947141,0.514974461729671,0.260785523444631,3.22,-0.00749438065743285,0.0138713550609563,5.00170292219097,0
matlab_boundary_1,174.999798947141,0.514974461729671,0.260785523444631,3.222,-0.00745666233412463,0.0238319787026471,4.95672279584426,0
matlab_boundary_1,174.999798947141,0.514974461729671,0.260785523444631,3.224,-0.00739912148863611,0.0336895121121786,4.89864436360141,0
matlab_boundary_1,174.999798947141,0.514974461729671,0.260785523444631,3.226,-0.00732199036558365,0.0434179601808581,4.82767480559099,0
matlab_boundary_1,174.999798947141,0.514974461729671,0.260785523444631,3.228,-0.00722555276284267,0.0529917759923697,4.74405501164381,0
matlab_boundary_1,174.999798947141,0.514974461729671,0.260785523444631,3.23,-0.00711014306824788,0.062385927478522,4.64805880324637,0
matlab_boundary_1,174.999798947141,0.514974461729671,0.260785523444631,3.232,-0.00697614516459531,0.0715759624333457,4.53999207036018,0
matlab_boundary_1,174.999798947141,0.514974461729671,0.260785523444631,3.234,-0.0068239912063979,0.0805380717178935,4.42019182575434,0
matlab_boundary_1,174.999798947141,0.514974461729671,0.260785523444631,3.236,-0.00665416027217635,0.0892491504935814,4.28902517970914,0
matlab_boundary_1,174.999798947141,0.514974461729671,0.260785523444631,3.238,-0.00646717689638559,0.097686857327835,4.14688823815106,0
matlab_boundary_1,174.999798947141,0.514974461729671,0.260785523444631,3.24,-0.00626360948538317,0.105829671022132,3.99420492747161,0
matlab_boundary_1,174.999798947141,0.514974461729671,0.260785523444631,3.242,-0.00604406862213896,0.113656945019225,3.83142574946676,0
matlab_boundary_1,174.999798947141,0.514974461729671,0.260785523444631,3.244,-0.00580920526466526,0.121148959253354,3.65902647000681,0
matlab_boundary_1,174.999798947141,0.514974461729671,0.260785523444631,3.246,-0.00555970884341164,0.128286969314657,3.47750674521041,0
matlab_boundary_1,174.999798947141,0.514974461729671,0.260785523444631,3.248,-0.00529630526311843,0.135053252806693,3.28738868904839,0
matlab_boundary_1,174.999798947141,0.514974461729671,0.260785523444631,3.25,-0.00501975481485668,0.141431152783985,3.08921538644445,0
matlab_boundary_1,174.999798947141,0.514974461729671,0.260785523444631,3.252,-0.00473085000420109,0.14740511816475,2.88354935607015,0
matlab_boundary_1,174.999798947141,0.514974461729671,0.260785523444631,3.254,-0.00443041330168355,0.152960741022493,2.67097096714964,0
matlab_boundary_1,174.999798947141,0.514974461729671,0.260785523444631,3.256,-0.00411929482185831,0.1580847906689,2.45207681469561,0
matlab_boundary_1,174.999798947141,0.514974461729671,0.260785523444631,3.258,-0.00379836993747616,0.162765244449395,2.22747805769173,0
matlab_boundary_1,174.999798947141,0.514974461729671,0.260785523444631,3.26,-0.00346853683541348,0.166991315181826,1.99779872481855,0
matlab_boundary_1,174.999798947141,0.514974461729671,0.260785523444631,3.262,-0.00313071402113204,0.170753475178037,1.7636739923889,0
matlab_boundary_1,174.999798947141,0.514974461729671,0.260785523444631,3.264,-0.00278583777855611,0.17404347679744,1.52574843921437,0
matlab_boundary_1,174.999798947141,0.514974461729671,0.260785523444631,3.266,-0.00243485959234491,0.176854369491234,1.2846742831671,0
matlab_boundary_1,174.999798947141,0.514974461729671,0.260785523444631,3.268,-0.00207874353961439,0.179180513305423,1.04110960423356,0
matlab_boundary_1,174.999798947141,0.514974461729671,0.260785523444631,3.27,-0.00171846365821236,0.181017588820453,0.795716558870932,0
matlab_boundary_1,174.999798947141,0.514974461729671,0.260785523444631,3.272,-0.00135500129869013,0.182362603514876,0.549159590484708,0
matlab_boundary_1,174.999798947141,0.514974461729671,0.260785523444631,3.274,-0.000989342467124888,0.183213894550096,0.302103640833876,0
matlab_boundary_1,174.999798947141,0.514974461729671,0.260785523444631,3.276,-0.000622475165947978,0.183571127982852,0.055212367152212,0
matlab_boundary_1,174.999798947141,0.514974461729671,0.260785523444631,3.278,-0.000255386739906535,0.183435294421611,-0.190853630263532,0
matlab_boundary_1,174.999798947141,0.514974461729671,0.260785523444631,3.28,0.000110938765750929,0.182808701152547,-0.435438565290988,0
matlab_boundary_1,174.999798947141,0.514974461729671,0.260785523444631,3.282,0.000475523227840136,0.181694960770082,-0.677893203400228,0
matlab_boundary_1,174.999798947141,0.514974461729671,0.260785523444631,3.284,0.000837397041607128,0.180098976356244,-0.917576574675569,0
matlab_boundary_1,174.999798947141,0.514974461729671,0.260785523444631,3.286,0.00119560168404682,0.178026923262114,-1.15385765795102,0
matlab_boundary_1,174.999798947141,0.514974461729671,0.260785523444631,3.288,0.00154919223743639,0.175486227553575,-1.38611703166092,0
matlab_boundary_1,174.999798947141,0.514974461729671,0.260785523444631,3.29,0.00189723986648404,0.172485541192216,-1.61374848711712,0
matlab_boundary_1,174.999798947141,0.514974461729671,0.260785523444631,3.292,0.00223883424263895,0.16903471403076,-1.83616060003836,0
matlab_boundary_1,174.999798947141,0.514974461729671,0.260785523444631,3.294,0.00257308590928012,0.16514476271054,-2.05277825628897,0
matlab_boundary_1,174.999798947141,0.514974461729671,0.260785523444631,3.296,0.00289912858167993,0.160827836556582,-2.26304412791944,0
matlab_boundary_1,174.999798947141,0.514974461729671,0.260785523444631,3.298,0.00321612137584207,0.156097180573422,-2.46642009575292,0
matlab_boundary_1,174.999798947141,0.514974461729671,0.260785523444631,3.3,0.00352325096052218,0.150967095652243,-2.66238861491682,0
matlab_boundary_1,174.999798947141,0.514974461729671,0.260785523444631,3.302,0.0038197336269726,0.145452896106856,-2.85045401988855,0
matlab_boundary_1,174.999798947141,0.514974461729671,0.260785523444631,3.304,0.00410481727118988,0.139570864662823,-3.03014376579703,0
matlab_boundary_1,174.999798947141,0.514974461729671,0.260785523444631,3.306,0.00437778328370308,0.133338205030283,-3.20100960290804,0
matlab_boundary_1,174.999798947141,0.514974461729671,0.260785523444631,3.308,0.00463794834220365,0.126772992197059,-3.36262868140988,0
matlab_boundary_1,174.999798947141,0.514974461729671,0.260785523444631,3.31,0.00488466610260083,0.119894120584123,-3.51460458381625,0
matlab_boundary_1,174.999798947141,0.514974461729671,0.260785523444631,3.312,0.00511732878437178,0.112721250210751,-3.65656828250559,0
matlab_boundary_1,174.999798947141,0.514974461729671,0.260785523444631,3.314,0.00533536864637882,0.105274751021345,-3.78817902012825,0
matlab_boundary_1,174.999798947141,0.514974461729671,0.260785523444631,3.316,0.00553825934963118,0.0975756455303241,-3.90912511082667,0
matlab_boundary_1,174.999798947141,0.514974461729671,0.260785523444631,3.318,0.00572551720378863,0.08964554994529,-4.01912466043567,0
matlab_boundary_1,174.999798947141,0.514974461729671,0.260785523444631,3.32,0.00589670229452508,0.0815066139321942,-4.11792620405242,0
matlab_boundary_1,174.999798947141,0.514974461729671,0.260785523444631,3.322,0.00605141948920395,0.0731814591891398,-4.20530925959495,0
matlab_boundary_1,174.999798947141,0.514974461729671,0.260785523444631,3.324,0.00618931931864995,0.0646931169980856,-4.28108479619705,0
matlab_boundary_1,174.999798947141,0.514974461729671,0.260785523444631,3.326,0.00631009873314529,0.0560649649256793,-4.34509561652149,0
matlab_boundary_1,174.999798947141,0.514974461729671,0.260785523444631,3.328,0.00641350173112026,0.0473206628461667,-4.39721665230605,0
matlab_boundary_1,174.999798947141,0.514974461729671,0.260785523444631,3.33,0.00649931985935697,0.038484088460339,-4.43735517269364,0
matlab_boundary_1,174.999798947141,0.514974461729671,0.260785523444631,3.332,0.00656739258387235,0.0295792724852654,-4.46545090513166,0
matlab_boundary_1,174.999798947141,0.514974461729671,0.260785523444631,3.334,0.00661760753099727,0.0206303336896287,-4.48147606886187,0
matlab_boundary_1,174.999798947141,0.514974461729671,0.260785523444631,3.336,0.00664990059851747,0.0116614139493285,-4.48543532125527,0
matlab_boundary_1,174.999798947141,0.514974461729671,0.260785523444631,3.338,0.0066642559370909,0.00269661349715183,-4.47736561747951,0
matlab_boundary_1,174.999798947141,0.514974461729671,0.260785523444631,3.34,0.00666070580250253,-0.00624007346077072,-4.4573359842161,0
matlab_boundary_1,174.999798947141,0.514974461729671,0.260785523444631,3.342,0.00663933027966149,-0.015124822590794,-4.42544720837239,0
matlab_boundary_1,174.999798947141,0.514974461729671,0.260785523444631,3.344,0.00660025687958527,-0.0239340425709297,-4.38183144195711,0
matlab_boundary_1,174.999798947141,0.514974461729671,0.260785523444631,3.346,0.00654366001095093,-0.0326444373571026,-4.32665172450794,0
matlab_boundary_1,174.999798947141,0.514974461729671,0.260785523444631,3.348,0.00646976032812333,-0.0412330674131029,-4.2601014246756,0
matlab_boundary_1,174.999798947141,0.514974461729671,0.260785523444631,3.35,0.00637882395789304,-0.0496774097443881,-4.18240360277829,0
matlab_boundary_1,174.999798947141,0.514974461729671,0.260785523444631,3.352,0.00627116160747353,-0.0579554165795995,-4.09381029634557,0
matlab_boundary_1,174.999798947141,0.514974461729671,0.260785523444631,3.354,0.00614712755661418,-0.0660455725480175,-3.99460173086849,0
matlab_boundary_1,174.999798947141,0.514974461729671,0.260785523444631,3.356,0.00600711853698592,-0.0739269502056858,-3.88508545816503,0
matlab_boundary_1,174.999798947141,0.514974461729671,0.260785523444631,3.358,0.0058515725022844,-0.0815792637680563,-3.76559542495321,0
matlab_boundary_1,174.999798947141,0.514974461729671,0.260785523444631,3.36,0.00568096729277647,-0.0889829209122541,-3.63649097440255,0
matlab_boundary_1,174.999798947141,0.514974461729671,0.260785523444631,3.362,0.00549581919828162,-0.0961190725178857,-3.49815578360107,0
matlab_boundary_1,174.999798947141,0.514974461729671,0.260785523444631,3.364,0.0052966814238387,-0.10296966022124,-3.35099674003741,0
matlab_boundary_1,174.999798947141,0.514974461729671,0.260785523444631,3.366,0.00508414246254967,-0.109517461664192,-3.19544276034642,0
matlab_boundary_1,174.999798947141,0.514974461729671,0.260785523444631,3.368,0.0048588243803256,-0.115746133325644,-3.03194355471061,0
matlab_boundary_1,174.999798947141,0.514974461729671,0.260785523444631,3.37,0.00462138101747458,-0.121640250830387,-2.86096834043993,0
matlab_boundary_1,174.999798947141,0.514974461729671,0.260785523444631,3.372,0.00437249611227783,-0.127185346637297,-2.68300450837673,0
matlab_boundary_1,174.999798947141,0.514974461729671,0.260785523444631,3.374,0.00411288135188511,-0.132367945016313,-2.49855624588243,0
matlab_boundary_1,174.999798947141,0.514974461729671,0.260785523444631,3.376,0.00384327435603836,-0.137175594231158,-2.30814312026632,0
matlab_boundary_1,174.999798947141,0.514974461729671,0.260785523444631,3.378,0.00356443659928627,-0.141596895852666,-2.11229862660519,0
matlab_boundary_1,174.999798947141,0.514974461729671,0.260785523444631,3.38,0.00327715127749946,-0.145621531135471,-1.91156870398473,0
matlab_boundary_1,174.999798947141,0.514974461729671,0.260785523444631,3.382,0.0029822211246177,-0.149240284399026,-1.70651022425994,0
matlab_boundary_1,174.999798947141,0.514974461729671,0.260785523444631,3.384,0.00268046618567489,-0.15244506336211,-1.49768945749165,0
matlab_boundary_1,174.999798947141,0.514974461729671,0.260785523444631,3.386,0.00237272155223648,-0.155228916388394,-1.28568051825977,0
matlab_boundary_1,174.999798947141,0.514974461729671,0.260785523444631,3.388,0.00205983506646498,-0.157586046609027,-1.07106379709131,0
matlab_boundary_1,174.999798947141,0.514974461729671,0.260785523444631,3.39,0.001742665000084,-0.15951182289675,-0.854424381261546,0
matlab_boundary_1,174.999798947141,0.514974461729671,0.260785523444631,3.392,0.00142207771455862,-0.161002787674542,-0.636350469241167,0
matlab_boundary_1,174.999798947141,0.514974461729671,0.260785523444631,3.394,0.00109894530883046,-0.162056661550364,-0.417431783059619,0
matlab_boundary_1,174.999798947141,0.514974461729671,0.260785523444631,3.396,0.000774143260959036,-0.162672344778105,-0.198257982846524,0
matlab_boundary_1,174.999798947141,0.514974461729671,0.260785523444631,3.398,0.000448548070007312,-0.162849915553314,0.0205829122126179,0
matlab_boundary_1,174.999798947141,0.514974461729671,0.260785523444631,3.4,0.000123034904488726,-0.162590625160773,0.238506092301008,0
matlab_boundary_1,174.999798947141,0.514974461729671,0.260785523444631,3.402,-0.00020152473635444,-0.161896889999303,0.454931510618114,0
matlab_boundary_1,174.999798947141,0.514974461729671,0.260785523444631,3.404,-0.000524265342225753,-0.160772280517486,0.669285418145775,0
matlab_boundary_1,174.999798947141,0.514974461729671,0.260785523444631,3.406,-0.000844329686266994,-0.159221507102093,0.881001875498253,0
matlab_boundary_1,174.999798947141,0.514974461729671,0.260785523444631,3.408,-0.00116087108831981,-0.157250402969047,1.08952423789582,0
matlab_boundary_1,174.999798947141,0.514974461729671,0.260785523444631,3.41,-0.00147305564102033,-0.154865904114543,1.29430660939214,0
matlab_boundary_1,174.999798947141,0.514974461729671,0.260785523444631,3.412,-0.00178006439290887,-0.152076026391612,1.49481526258029,0
matlab_boundary_1,174.999798947141,0.514974461729671,0.260785523444631,3.414,-0.00208109548287926,-0.148889839784862,1.69053002011249,0
matlab_boundary_1,174.999798947141,0.514974461729671,0.260785523444631,3.416,-0.00237536622044084,-0.145317439963333,1.88094559448264,0
matlab_boundary_1,174.999798947141,0.514974461729671,0.260785523444631,3.418,-0.00266211510643718,-0.141369917198389,2.06557288264903,0
matlab_boundary_1,174.999798947141,0.514974461729671,0.260785523444631,3.42,-0.00294060378904209,-0.137059322740277,2.24394021220667,0
matlab_boundary_1,174.999798947141,0.514974461729671,0.260785523444631,3.422,-0.00321011895005124,-0.132398632753425,2.41559453596381,0
matlab_boundary_1,174.999798947141,0.514974461729671,0.260785523444631,3.424,-0.00346997411669025,-0.127401709916699,2.58010257192527,0
matlab_boundary_1,174.999798947141,0.514974461729671,0.260785523444631,3.426,-0.00371951139438206,-0.122083262800648,2.73705188584586,0
matlab_boundary_1,174.999798947141,0.514974461729671,0.260785523444631,3.428,-0.00395810311614238,-0.116458803139345,2.88605191367968,0
matlab_boundary_1,174.999798947141,0.514974461729671,0.260785523444631,3.43,-0.00418515340451618,-0.110544601119492,3.02673492142478,0
matlab_boundary_1,174.999798947141,0.514974461729671,0.260785523444631,3.432,-0.0044000996422148,-0.104357638814433,3.15875690003827,0
matlab_boundary_1,174.999798947141,0.514974461729671,0.260785523444631,3.434,-0.0046024138478764,-0.0979155618950342,3.28179839328187,0
matlab_boundary_1,174.999798947141,0.514974461729671,0.260785523444631,3.436,-0.00479160395363739,-0.0912366297536071,3.39556525654412,0
matlab_boundary_1,174.999798947141,0.514974461729671,0.260785523444631,3.438,-0.00496721498148181,-0.0843396641806771,3.49978934487991,0
matlab_boundary_1,174.999798947141,0.514974461729671,0.260785523444631,3.44,-0.00512883011561537,-0.0772439967377947,3.59422912870252,0
matlab_boundary_1,174.999798947141,0.514974461729671,0.260785523444631,3.442,-0.00527607166840336,-0.0699694149724402,3.67867023576541,0
matlab_boundary_1,174.999798947141,0.514974461729671,0.260785523444631,3.444,-0.00540860193770357,-0.0625361076236854,3.75292591827174,0
matlab_boundary_1,174.999798947141,0.514974461729671,0.260785523444631,3.446,-0.00552612395372721,-0.0549646089692958,3.81683744415637,0
matlab_boundary_1,174.999798947141,0.514974461729671,0.260785523444631,3.448,-0.00562838211386197,-0.0472757424667647,3.87027441179079,0
matlab_boundary_1,174.999798947141,0.514974461729671,0.260785523444631,3.45,-0.00571516270419956,-0.0394905638419559,3.91313498757035,0
matlab_boundary_1,174.999798947141,0.514974461729671,0.260785523444631,3.452,-0.00578629430681649,-0.0316303037800108,3.94534606605101,0
matlab_boundary_1,174.999798947141,0.514974461729671,0.260785523444631,3.454,-0.0058416480921685,-0.0237163103735261,3.96686335251235,0
matlab_boundary_1,174.999798947141,0.514974461729671,0.260785523444631,3.456,-0.00588113799626764,-0.0157699914831532,3.97767136803123,0
matlab_boundary_1,174.999798947141,0.514974461729671,0.260785523444631,3.458,-0.00590472078262211,-0.00781275716528559,3.97778337735813,0
matlab_boundary_1,174.999798947141,0.514974461729671,0.260785523444631,3.46,-0.00591239598922688,0.000134037679178182,3.96724124009346,0
matlab_boundary_1,174.999798947141,0.514974461729671,0.260785523444631,3.462,-0.0059042057612003,0.00804915028231995,3.9461151858649,0
matlab_boundary_1,174.999798947141,0.514974461729671,0.260785523444631,3.464,-0.00588023456996564,0.0159115064617496,3.91450351440735,0
matlab_boundary_1,174.999798947141,0.514974461729671,0.260785523444631,3.466,-0.0058406088201769,0.0237002563991433,3.87253222164485,0
matlab_boundary_1,174.999798947141,0.514974461729671,0.260785523444631,3.468,-0.00578549634588409,0.0313948295979814,3.82035455306762,0
matlab_boundary_1,174.999798947141,0.514974461729671,0.260785523444631,3.47,-0.00571510579772398,0.0389749888765832,3.75815048588686,0
matlab_boundary_1,174.999798947141,0.514974461729671,0.260785523444631,3.472,-0.00562968592320731,0.0464208832555766,3.6861261416352,0
matlab_boundary_1,174.999798947141,0.514974461729671,0.260785523444631,3.474,-0.00552952474245101,0.053713099602566,3.60451313105991,0
matlab_boundary_1,174.999798947141,0.514974461729671,0.260785523444631,3.476,-0.00541494862197586,0.0608327129005233,3.51356783333072,0
matlab_boundary_1,174.999798947141,0.514974461729671,0.260785523444631,3.478,-0.0052863212494512,0.0677613350107463,3.41357061175108,0
matlab_boundary_1,174.999798947141,0.514974461729671,0.260785523444631,3.48,-0.00514404251252395,0.0744811618056636,3.3048249683244,0
matlab_boundary_1,174.999798947141,0.514974461729671,0.260785523444631,3.482,-0.00498854728511197,0.080975018551727,3.1876566396799,0
matlab_boundary_1,174.999798947141,0.514974461729671,0.260785523444631,3.484,-0.00482030412477799,0.0872264034276899,3.06241263701125,0
matlab_boundary_1,174.999798947141,0.514974461729671,0.260785523444631,3.486,-0.00463981388502256,0.0932195290691151,2.92946023281941,0
matlab_boundary_1,174.999798947141,0.514974461729671,0.260785523444631,3.488,-0.00444760824654913,0.0989393620355749,2.78918589738372,0
matlab_boundary_1,174.999798947141,0.514974461729671,0.260785523444631,3.49,-0.00424424817175312,0.104371660103074,2.64199418800729,0
matlab_boundary_1,174.999798947141,0.514974461729671,0.260785523444631,3.492,-0.00403032228687819,0.109503007290339,2.48830659419834,0
matlab_boundary_1,174.999798947141,0.514974461729671,0.260785523444631,3.494,-0.00380644519645674,0.114320846534145,2.32856034205353,0
matlab_boundary_1,174.999798947141,0.514974461729671,0.260785523444631,3.496,-0.00357325573481718,0.118813509935383,2.16320716120699,0
matlab_boundary_1,174.999798947141,0.514974461729671,0.260785523444631,3.498,-0.00333141515958759,0.12297024650448,1.99271201779424,0
matlab_boundary_1,174.999798947141,0.514974461729671,0.260785523444631,3.5,-0.00308160529226445,0.126781247341676,1.81755181695952,0
