target_id,peak_displacement,peak_velocity,oscillation,settling_time,risk_class,severity
matlab_broad_s20101_c00,0.0010937874103749,0.0034556916870091,9.11619004541772e-15,0,SAFE,0.0911489508645753
matlab_broad_s20101_c01,0.00553540119605801,0.0168863288299964,9.54097911787244e-18,0,SAFE,0.461283433004834
matlab_broad_s20101_c02,0.00425690857938696,0.0151716385599452,1.46298623992465e-09,0,SAFE,0.35474238161558
matlab_broad_s20101_c03,0.00269492469844179,0.011501272445745,6.02982389516977e-06,0,SAFE,0.224577058203482
matlab_broad_s20101_c04,0.0129196063905706,0.0413816760724861,1.09787498450764e-14,0,CAUTION,1.07663386588088
matlab_broad_s20101_c05,0.0156154262733632,0.0459535115058388,0.00438834067677635,3,UNSAFE,2.92556045118423
matlab_broad_s20101_c06,0.00628445646440059,0.015284133466148,4.90898278744888e-10,0.242,SAFE,0.523704705366716
matlab_broad_s20101_c07,0.0406543457024444,0.108740076165978,0.00850714638129963,3,UNSAFE,5.67143092086642
matlab_broad_s20101_c08,0.000812792612165075,0.00277302996482016,2.47065951739242e-07,0,SAFE,0.0677327176804229
matlab_broad_s20101_c09,0.00236613909295213,0.00831878756246298,2.34079263337049e-09,0,SAFE,0.197178257746011
matlab_broad_s20101_c10,0.0215683799258291,0.0849052073972087,6.54123784237763e-05,0.858,UNSAFE,1.79736499381909
matlab_broad_s20101_c11,0.00168821431655597,0.00541789039189809,5.19259876434666e-09,0,SAFE,0.140684526379664
matlab_broad_s20102_c00,0.00103754699658951,0.00351292439969577,4.46660241848746e-07,0,SAFE,0.0864622497157923
matlab_broad_s20102_c01,0.00190370508521109,0.00668257610423697,8.13034681344602e-06,0,SAFE,0.158642090434257
matlab_broad_s20102_c02,0.00136107228496873,0.00503924114243073,2.89976591353734e-05,0,SAFE,0.113422690414061
matlab_broad_s20102_c03,0.00294342235804758,0.0101313899334907,2.97433162240035e-06,0,SAFE,0.245285196503965
matlab_broad_s20102_c04,0.00371474878291081,0.0100410859854396,2.73505613379862e-13,0.104,SAFE,0.309562398575901
matlab_broad_s20102_c05,0.0100626613736579,0.0319333680072159,0.000556987618211404,2.954,UNSAFE,1.477
matlab_broad_s20102_c06,0.0234312716719438,0.0666116146064998,1.19010667263212e-15,0.1,UNSAFE,1.95260597266198
matlab_broad_s20102_c07,0.00229134720001101,0.00787569673462901,4.21276944413563e-10,0,SAFE,0.190945600000917
matlab_broad_s20102_c08,0.00502110191306757,0.0149273022316369,1.56125112837913e-17,0.012,SAFE,0.418425159422297
matlab_broad_s20102_c09,0.0145236224336789,0.0464107001503187,0.00145123009563027,3,UNSAFE,1.5
matlab_broad_s20102_c10,0.0174636231056296,0.054256841804168,3.07310776617039e-08,0.252,CAUTION,1.45530192546913
matlab_broad_s20102_c11,0.0168549862598365,0.0739832223269773,0.000740362182260313,3,UNSAFE,1.5
matlab_broad_s20103_c00,0.00876344141624315,0.0282676605674779,1.77331343532657e-08,0,SAFE,0.730286784686929
matlab_broad_s20103_c01,0.0451911123806095,0.0980280319015008,0.0063046729709808,3,UNSAFE,4.2031153139872
matlab_broad_s20103_c02,0.00260307020149277,0.00906540901009942,1.71259204058718e-10,0,SAFE,0.216922516791064
matlab_broad_s20103_c03,0.012012503095308,0.037933839107081,4.73482922634173e-17,0.016,CAUTION,1.001041924609
matlab_broad_s20103_c04,0.00181015014193732,0.00577583480352409,5.86982563783065e-08,0,SAFE,0.150845845161444
matlab_broad_s20103_c05,0.00685636908483484,0.0286142016083531,4.7005184586102e-06,0.014,SAFE,0.571364090402903
matlab_broad_s20103_c06,0.0152067837830418,0.0482798481189043,9.2459581805784e-07,0,CAUTION,1.26723198192015
matlab_broad_s20103_c07,0.00642417788469875,0.0212325345374487,4.23706738752874e-05,1.256,SAFE,0.628
matlab_broad_s20103_c08,0.00309733486136865,0.0106804857724192,1.76573000042053e-05,0,SAFE,0.258111238447388
matlab_broad_s20103_c09,0.00107200391529316,0.00335457234511057,1.73472347597681e-18,0,SAFE,0.0893336596077631
matlab_broad_s20103_c10,0.00464954838704844,0.0163078603824831,1.96511123247898e-09,0.094,SAFE,0.38746236558737
matlab_broad_s20103_c11,0.000822229108697565,0.00271488282412771,1.56512391691693e-07,0,SAFE,0.0685190923914637
matlab_broad_s20104_c00,0.0109199929085526,0.0441950257201926,0.000120379254069318,0.4,SAFE,0.909999409046048
matlab_broad_s20104_c01,0.0347633862531446,0.108328486812373,0.00305197525510642,3,UNSAFE,2.89694885442871
matlab_broad_s20104_c02,0.00412479394374064,0.0141065782298815,9.63482272467561e-07,0,SAFE,0.343732828645054
matlab_broad_s20104_c03,0.0275613061486546,0.0652117007822,0.000668490879801326,2.198,UNSAFE,2.29677551238789
matlab_broad_s20104_c04,0.00177343835141319,0.0059018345272604,5.21596792230743e-07,0,SAFE,0.147786529284432
matlab_broad_s20104_c05,0.00492202646303868,0.0127977436363309,7.45781695167453e-12,0.164,SAFE,0.41016887191989
matlab_broad_s20104_c06,0.0138719662644442,0.0441397728645442,3.71467219176263e-13,0,CAUTION,1.15599718870369
matlab_broad_s20104_c07,0.00329408685317373,0.0124868814789114,6.85661189165083e-08,0.046,SAFE,0.274507237764477
matlab_broad_s20104_c08,0.00630362730878687,0.018073167136185,8.94848001619197e-17,0.054,SAFE,0.525302275732239
matlab_broad_s20104_c09,0.00109480431512501,0.0048587043767531,1.60265756917491e-05,0,SAFE,0.0912336929270845
matlab_broad_s20104_c10,0.00198404685733638,0.00625598831689265,5.20417042793042e-18,0,SAFE,0.165337238111365
matlab_broad_s20104_c11,0.00114236305860988,0.00366063523630341,1.56802541775896e-09,0,SAFE,0.0951969215508235
matlab_broad_s20105_c00,0.00149437832576482,0.00486059414741044,1.08742529564558e-07,0,SAFE,0.124531527147068
matlab_broad_s20105_c01,0.00131582772671063,0.00448713499936905,4.8612959496095e-06,0,SAFE,0.109652310559219
matlab_broad_s20105_c02,0.00684999928737014,0.0217420145719677,1.7284058540007e-17,0,SAFE,0.570833273947512
matlab_broad_s20105_c03,0.00239432231635966,0.00802798173930047,1.24505535929519e-06,0,SAFE,0.199526859696638
matlab_broad_s20105_c04,0.00381318017608891,0.0162523836167867,0.000103353337889243,1.918,SAFE,0.959
matlab_broad_s20105_c05,0.0107818087019354,0.0250211877759812,4.10772208982606e-07,0.59,SAFE,0.898484058494616
matlab_broad_s20105_c06,0.00087597482019996,0.00276342532662119,1.33462135245606e-18,0,SAFE,0.07299790168333
matlab_broad_s20105_c07,0.0052137022514895,0.0163950498480964,1.48346743972938e-14,0,SAFE,0.434475187624125
matlab_broad_s20105_c08,0.0189580690957517,0.057591862157136,3.11923127734504e-09,0.234,CAUTION,1.57983909131264
matlab_broad_s20105_c09,0.0162918091702883,0.0423224908784909,7.32499108203373e-06,0.542,CAUTION,1.35765076419069
matlab_broad_s20105_c10,0.0300468924848403,0.112433851528245,0.00142698226541524,3,UNSAFE,2.50390770707003
matlab_broad_s20105_c11,0.00405591581398316,0.0117327613435559,6.93889390390723e-18,0.0640000000000001,SAFE,0.337992984498597
matlab_broad_s20106_c00,0.0237833770798169,0.0798150962040994,3.47410653785218e-09,0.216,UNSAFE,1.98194808998474
matlab_broad_s20106_c01,0.0135296679535057,0.0455057040370516,4.83858472796522e-07,0.404,CAUTION,1.1274723294588
matlab_broad_s20106_c02,0.000837892871478307,0.00293708521065242,9.02264250403357e-08,0,SAFE,0.0698244059565256
matlab_broad_s20106_c03,0.0095315211428021,0.0416803305111613,4.01045060703779e-05,0.158,SAFE,0.794293428566842
matlab_broad_s20106_c04,0.00208749254190053,0.00935459963009747,5.77747550504933e-06,0,SAFE,0.173957711825044
matlab_broad_s20106_c05,0.00168677120422601,0.00599716448441754,1.97836118933504e-05,0,SAFE,0.140564267018834
matlab_broad_s20106_c06,0.00487907773064118,0.0222683189307666,0.000156032778295593,2.386,CAUTION,1.193
matlab_broad_s20106_c07,0.0057104148392148,0.0156778217248588,7.65900704300768e-14,0.098,SAFE,0.4758679032679
matlab_broad_s20106_c08,0.00114839720842405,0.00368047994479333,1.248691423345e-09,0,SAFE,0.0956997673686712
matlab_broad_s20106_c09,0.0168311911077503,0.0440626344521558,1.25099546051662e-11,0.16,CAUTION,1.40259925897919
matlab_broad_s20106_c10,0.0028091685162389,0.00888554213028528,5.64748544372304e-15,0,SAFE,0.234097376353242
matlab_broad_s20106_c11,0.0073931546141518,0.0190246273513773,2.3939733206273e-07,0.488,SAFE,0.616096217845983
matlab_broad_s20107_c00,0.000886575560814026,0.00289792019618828,5.76032956794632e-08,0,SAFE,0.0738812967345022
matlab_broad_s20107_c01,0.00415448443086633,0.0165371029406533,2.27845372528068e-06,0.252,SAFE,0.346207035905528
matlab_broad_s20107_c02,0.0013985323554707,0.00459152763914103,3.24033190912671e-07,0,SAFE,0.116544362955891
matlab_broad_s20107_c03,0.00748681295069063,0.0236922852672855,1.21430643318376e-17,0,SAFE,0.62390107922422
matlab_broad_s20107_c04,0.0206015211246126,0.0576928483362814,9.02296659857854e-06,0.756,UNSAFE,1.71679342705105
matlab_broad_s20107_c05,0.00277696567455304,0.00983675254507961,2.53143345401455e-06,0,SAFE,0.231413806212754
matlab_broad_s20107_c06,0.0245629513270824,0.0636428911792705,0.00557208676764854,3,UNSAFE,3.71472451176569
matlab_broad_s20107_c07,0.00665782660811534,0.0258452520331716,0.000772827962397506,3,UNSAFE,1.5
matlab_broad_s20107_c08,0.00209777346266968,0.00657423456800653,1.30104260698261e-18,0,SAFE,0.174814455222473
matlab_broad_s20107_c09,0.0253690467575439,0.0569640873149364,2.85280130232133e-08,0.352,UNSAFE,2.11408722979533
matlab_broad_s20107_c10,0.00160456843570285,0.00502167815580867,3.68628738645072e-18,0,SAFE,0.133714036308571
matlab_broad_s20107_c11,0.0126781584420176,0.0483308418096274,8.72319898189555e-05,1.104,CAUTION,1.05651320350146
matlab_broad_s20108_c00,0.00214438797988786,0.00690087031745261,2.90539780987746e-12,0,SAFE,0.178698998323988
matlab_broad_s20108_c01,0.00419952536437368,0.0159476272235858,0.000853457026204945,3,UNSAFE,1.5
matlab_broad_s20108_c02,0.000806428580792477,0.00273492464636398,1.16167830665977e-06,0,SAFE,0.0672023817327064
matlab_broad_s20108_c03,0.0202321954944184,0.0263152509819628,6.51099098125286e-05,1.262,UNSAFE,1.68601629120153
matlab_broad_s20108_c04,0.0079999873933382,0.0228018019490782,5.67566948825608e-16,0.054,SAFE,0.666665616111517
matlab_broad_s20108_c05,0.00632024643590236,0.0191370368252127,5.7850735139772e-08,0.304,SAFE,0.526687202991864
matlab_broad_s20108_c06,0.0198551273295081,0.0682147491734308,0.00392626477439926,3,UNSAFE,2.6175098495995
matlab_broad_s20108_c07,0.00173257867890213,0.00573314590426188,1.06213896268957e-06,0,SAFE,0.144381556575178
matlab_broad_s20108_c08,0.00908845219842711,0.0268270646596506,1.56125112837913e-17,0.024,SAFE,0.757371016535592
matlab_broad_s20108_c09,0.0178896426069055,0.0585573080278674,3.19105716615404e-09,0.166,CAUTION,1.49080355057546
matlab_broad_s20108_c10,0.00396142299559807,0.012777992330753,1.07639210249603e-06,0,SAFE,0.330118582966505
matlab_broad_s20108_c11,0.00132589856333371,0.00458846842059011,1.7639479617026e-07,0,SAFE,0.110491546944476
matlab_broad_s20109_c00,0.0444832153189143,0.079161920767693,0.0092095903615582,3,UNSAFE,6.13972690770546
matlab_broad_s20109_c01,0.029564752560092,0.0823172324037908,0.00668312921646047,3,UNSAFE,4.45541947764031
matlab_broad_s20109_c02,0.00227991691760731,0.00716124702899741,4.77014506928402e-14,0,SAFE,0.189993076467276
matlab_broad_s20109_c03,0.00956228762601959,0.0352178258144561,0.000123001753292479,0.572,SAFE,0.7968573021683
matlab_broad_s20109_c04,0.00302849377549056,0.009231405827463,1.73472347597681e-18,0,SAFE,0.25237448129088
matlab_broad_s20109_c05,0.0238188066018007,0.0685571333649356,0.0053507813670827,3,UNSAFE,3.56718757805513
matlab_broad_s20109_c06,0.00122546198253977,0.00389537238903853,1.27919230160281e-11,0,SAFE,0.102121831878314
matlab_broad_s20109_c07,0.00999665338862746,0.0377966739064333,0.000110645035090067,1.422,SAFE,0.833054449052288
matlab_broad_s20109_c08,0.00172153193344737,0.00543318904704495,8.67361737988404e-19,0,SAFE,0.143460994453948
matlab_broad_s20109_c09,0.000877614521241636,0.00275987956772718,1.62630325872826e-18,0,SAFE,0.073134543436803
matlab_broad_s20109_c10,0.00530387127874262,0.0167503634934262,1.30104260698261e-17,0,SAFE,0.441989273228551
matlab_broad_s20109_c11,0.00380124937376234,0.0120340294912206,5.1360182593672e-16,0,SAFE,0.316770781146861
matlab_broad_s20110_c00,0.000922202006319056,0.00387369574315729,2.59994227173475e-05,0,SAFE,0.0768501671932547
matlab_broad_s20110_c01,0.0341881532704054,0.109907742718142,0.00334390262122289,3,UNSAFE,2.84901277253378
matlab_broad_s20110_c02,0.00753152519975565,0.0307087944040556,0.00100961431844745,3,UNSAFE,1.5
matlab_broad_s20110_c03,0.00421928137107955,0.0143301996822798,1.12038138759765e-05,0,SAFE,0.351606780923296
matlab_broad_s20110_c04,0.0027673835245971,0.00843648749526485,0,0,SAFE,0.230615293716425
matlab_broad_s20110_c05,0.00129135292375535,0.00403191815000242,3.68628738645072e-18,0,SAFE,0.107612743646279
matlab_broad_s20110_c06,0.00213669272924767,0.00696453870576536,1.71580227364795e-08,0,SAFE,0.178057727437306
matlab_broad_s20110_c07,0.0105328650573823,0.0332709345737185,6.93889390390723e-18,0,SAFE,0.877738754781856
matlab_broad_s20110_c08,0.00826507454442091,0.0284379074747203,7.71639213183611e-07,0.42,SAFE,0.688756212035076
matlab_broad_s20110_c09,0.0141523413499838,0.0530114609944051,2.03865054756333e-05,0.602,CAUTION,1.17936177916532
matlab_broad_s20110_c10,0.0205491853602316,0.0474171397735756,4.68667023441266e-06,0.666,UNSAFE,1.71243211335264
matlab_broad_s20110_c11,0.00184346819854003,0.00580755030375098,4.11996825544492e-18,0,SAFE,0.153622349878335
matlab_broad_s20111_c00,0.00267406675794262,0.00931023445427144,2.68981609023457e-05,0,SAFE,0.222838896495218
matlab_broad_s20111_c01,0.0128792688361523,0.0429804457786895,0.0011747951828085,3,UNSAFE,1.5
matlab_broad_s20111_c02,0.00157075018821908,0.00552816508296855,2.44993784343927e-07,0,SAFE,0.130895849018257
matlab_broad_s20111_c03,0.0188776352297256,0.054129512113185,2.7547274466725e-14,0.116,CAUTION,1.5731362691438
matlab_broad_s20111_c04,0.0116915303963258,0.046282291963784,3.52942971673561e-05,0.122,SAFE,0.974294199693819
matlab_broad_s20111_c05,0.00556225950055588,0.0175861192924878,5.20417042793042e-18,0,SAFE,0.463521625046324
matlab_broad_s20111_c06,0.0103993245899337,0.0334423641050621,0.001171305567196,3,UNSAFE,1.5
matlab_broad_s20111_c07,0.00102579128983458,0.00322632522931188,8.67361737988404e-19,0,SAFE,0.0854826074862152
matlab_broad_s20111_c08,0.00111601116724077,0.00352384238046049,1.0842021724855e-18,0,SAFE,0.0930009306033976
matlab_broad_s20111_c09,0.0248560212126437,0.0550373614861862,2.73226573693249e-06,0.646,UNSAFE,2.07133510105364
matlab_broad_s20111_c10,0.00356228465622034,0.0116512831605741,1.34308970792848e-07,0,SAFE,0.296857054685028
matlab_broad_s20111_c11,0.00256205657920063,0.00841149496286067,1.6790013837339e-13,0,SAFE,0.213504714933386
matlab_broad_s20112_c00,0.000924663233848165,0.0035771105158471,5.13706985008592e-06,0,SAFE,0.0770552694873471
matlab_broad_s20112_c01,0.00766910538118138,0.0251885825841396,1.65245279545541e-06,0,SAFE,0.639092115098448
matlab_broad_s20112_c02,0.00464273380859693,0.0141383264519515,7.80625564189563e-18,0.01,SAFE,0.386894484049744
matlab_broad_s20112_c03,0.00147584339023264,0.0046424838862885,2.16840434497101e-19,0,SAFE,0.122986949186054
matlab_broad_s20112_c04,0.00133624990561172,0.00465842428543659,8.64716369746894e-07,0,SAFE,0.111354158800977
matlab_broad_s20112_c05,0.0111250585864352,0.0376521661853833,1.59206811917118e-07,0.208,SAFE,0.92708821553627
matlab_broad_s20112_c06,0.00289695348837316,0.0101765841058217,2.14482365907016e-06,0,SAFE,0.241412790697763
matlab_broad_s20112_c07,0.0045687581562166,0.0148098027191181,1.40217212287818e-09,0,SAFE,0.380729846351383
matlab_broad_s20112_c08,0.00200867225871106,0.00740715759070606,1.14552359336314e-08,0,SAFE,0.167389354892588
matlab_broad_s20112_c09,0.0349606122788008,0.101891166048611,0.00895551271797646,3,UNSAFE,5.9703418119843
matlab_broad_s20112_c10,0.0181741103431017,0.0310933907182226,7.54983595707892e-08,0.628,CAUTION,1.51450919525848
matlab_broad_s20112_c11,0.0139605137219936,0.0521227766410099,1.21563218632046e-07,0.128,CAUTION,1.16337614349947
matlab_broad_s20113_c00,0.00348715937426792,0.0115213648494031,9.77967899692386e-07,0,SAFE,0.290596614522327
matlab_broad_s20113_c01,0.00645637764946713,0.020779662035628,4.10594774164553e-14,0,SAFE,0.538031470788927
matlab_broad_s20113_c02,0.0381809407782305,0.119326949888132,0.000781805279742678,2.01,UNSAFE,3.18174506485254
matlab_broad_s20113_c03,0.00265112287139011,0.0117074552012193,0.000188779678625313,2.886,UNSAFE,1.443
matlab_broad_s20113_c04,0.000912396243744696,0.00315352180940698,6.43138017159773e-06,0,SAFE,0.076033020312058
matlab_broad_s20113_c05,0.0239975078738467,0.0685036443258611,0.000826813558205121,2.646,UNSAFE,1.99979232282056
matlab_broad_s20113_c06,0.0109241218575444,0.0393230025197689,2.72947133851878e-08,0,SAFE,0.9103434881287
matlab_broad_s20113_c07,0.00186278923038384,0.00585779014132121,2.60208521396521e-18,0,SAFE,0.15523243586532
matlab_broad_s20113_c08,0.00339681066806664,0.0113548163493452,1.06280433608759e-07,0.202,SAFE,0.28306755567222
matlab_broad_s20113_c09,0.00527570173935925,0.0135163115416457,2.53989723430053e-11,0.174,SAFE,0.439641811613271
matlab_broad_s20113_c10,0.0132563355145523,0.0594605856873541,0.000222923728739657,0.894,CAUTION,1.10469462621269
matlab_broad_s20113_c11,0.00128159458340771,0.00403914918710942,2.38524477946811e-18,0,SAFE,0.106799548617309
matlab_broad_s20114_c00,0.00274991490823967,0.00870896319830681,0,0,SAFE,0.229159575686639
matlab_broad_s20114_c01,0.0103117477486751,0.0346239339532112,1.98849825671887e-08,0,SAFE,0.859312312389593
matlab_broad_s20114_c02,0.00225355638187194,0.00988300262140451,1.76069797373605e-05,0,SAFE,0.187796365155995
matlab_broad_s20114_c03,0.018072795159027,0.0584814946788128,2.59872416914775e-14,0.012,CAUTION,1.50606626325225
matlab_broad_s20114_c04,0.0056335582875458,0.0187111549662322,6.90144076858412e-11,0,SAFE,0.469463190628817
matlab_broad_s20114_c05,0.00379104650776237,0.010158730279892,6.19328501514878e-13,0.118,SAFE,0.31592054231353
matlab_broad_s20114_c06,0.0106032579194878,0.0381958263641658,0.00233013161306747,3,UNSAFE,1.55342107537832
matlab_broad_s20114_c07,0.0247839513618085,0.0490182481325292,8.29750134673668e-07,0.528,UNSAFE,2.06532928015071
matlab_broad_s20114_c08,0.0195512706432859,0.0451839343691393,0.000600028900732681,2.976,UNSAFE,1.62927255360716
matlab_broad_s20114_c09,0.00113496155702552,0.00387121791626711,4.39669452709934e-06,0,SAFE,0.0945801297521268
matlab_broad_s20114_c10,0.00100257693059496,0.00357632758160561,4.34764284420366e-06,0,SAFE,0.0835480775495804
matlab_broad_s20114_c11,0.00163434036757762,0.00543312202390002,3.95824015633935e-08,0,SAFE,0.136195030631469
matlab_broad_s20115_c00,0.0046712765438833,0.0130475851278009,4.47239803938694e-15,0.084,SAFE,0.389273045323608
matlab_broad_s20115_c01,0.0242601347056076,0.106640200510529,0.000162475828999188,1.18,UNSAFE,2.02167789213397
matlab_broad_s20115_c02,0.0122581480477976,0.0429622484976338,2.94856166333443e-06,0.428,CAUTION,1.02151233731646
matlab_broad_s20115_c03,0.00454669291907397,0.0193751188443604,0.000253632432873555,3,UNSAFE,1.5
matlab_broad_s20115_c04,0.0013956152067679,0.00569633288720836,3.74020254163577e-07,0,SAFE,0.116301267230658
matlab_broad_s20115_c05,0.00224764797945001,0.00733265851332618,6.76619519195432e-09,0,SAFE,0.187303998287501
matlab_broad_s20115_c06,0.00266419770439266,0.00846889180552411,2.55013883943514e-15,0,SAFE,0.222016475366055
matlab_broad_s20115_c07,0.00080101163886258,0.00252718210594646,1.68853497539314e-16,0,SAFE,0.066750969905215
matlab_broad_s20115_c08,0.00806464774830394,0.0314921124431996,5.83593284712776e-07,0.05,SAFE,0.672053979025328
matlab_broad_s20115_c09,0.0279520837349627,0.0671886073029284,0.00364636480910178,3,UNSAFE,2.43090987273452
matlab_broad_s20115_c10,0.0135694374362717,0.0297409537033292,4.34265553008871e-08,0.376,CAUTION,1.13078645302265
matlab_broad_s20115_c11,0.00176664099770941,0.00658040644047752,6.24479047736728e-05,0,SAFE,0.147220083142451
matlab_broad_s20116_c00,0.00328827507876022,0.0105400479709713,9.07241224705627e-15,0,SAFE,0.274022923230018
matlab_broad_s20116_c01,0.00395260019303957,0.013456646534827,1.70240139865452e-08,0,SAFE,0.329383349419965
matlab_broad_s20116_c02,0.000991220748975371,0.00312141092016277,2.16840434497101e-19,0,SAFE,0.0826017290812809
matlab_broad_s20116_c03,0.00136821769725738,0.00431478214557968,1.00012943142061e-17,0,SAFE,0.114018141438115
matlab_broad_s20116_c04,0.0180086834150063,0.0394077689020665,6.00812934824269e-08,0.38,CAUTION,1.50072361791719
matlab_broad_s20116_c05,0.00569119254159787,0.0197807179510149,1.38987724703834e-05,0,SAFE,0.474266045133156
matlab_broad_s20116_c06,0.0175269900097956,0.040926128374936,0.000350497849331887,1.828,CAUTION,1.4605825008163
matlab_broad_s20116_c07,0.0124178108289377,0.0423218184440741,0.00254064667191303,3,UNSAFE,1.69376444794202
matlab_broad_s20116_c08,0.00247492160161899,0.00724765330440534,3.46944695195361e-18,0,SAFE,0.206243466801583
matlab_broad_s20116_c09,0.0241432779040892,0.0844954330609545,2.85283861668705e-06,0.512,UNSAFE,2.01193982534077
matlab_broad_s20116_c10,0.01537480855377,0.0590061091519664,0.00241994450813136,3,UNSAFE,1.61329633875424
matlab_broad_s20116_c11,0.00162421790613484,0.00612097337890672,3.12512661049628e-05,0,SAFE,0.135351492177903
matlab_broad_s20117_c00,0.007618884794413,0.0245847455478816,1.6935093236675e-09,0,SAFE,0.634907066201084
matlab_broad_s20117_c01,0.0265825128357374,0.0380804793113724,6.79229834315053e-06,0.762,UNSAFE,2.21520940297812
matlab_broad_s20117_c02,0.00221593908721638,0.00721807275858656,4.33535554032982e-08,0,SAFE,0.184661590601365
matlab_broad_s20117_c03,0.00291224485647069,0.00939733790190956,1.82583621508207e-09,0,SAFE,0.242687071372558
matlab_broad_s20117_c04,0.00163073964057504,0.00556238226421011,4.41077960513296e-06,0,SAFE,0.13589497004792
matlab_broad_s20117_c05,0.000974545194228814,0.00306503766066314,1.84314369322536e-18,0,SAFE,0.0812120995190678
matlab_broad_s20117_c06,0.00592591257482357,0.0217985656103933,8.59731237570261e-07,0.342,SAFE,0.493826047901964
matlab_broad_s20117_c07,0.00865742459196599,0.0204226821340573,1.52377799883367e-10,0.254,SAFE,0.721452049330499
matlab_broad_s20117_c08,0.00426820853333509,0.0135116845400044,1.04083408558608e-17,0,SAFE,0.355684044444591
matlab_broad_s20117_c09,0.00111007097667748,0.00363715759767321,3.45060060056392e-09,0,SAFE,0.0925059147231237
matlab_broad_s20117_c10,0.0213381366988205,0.0682241841270373,0.00363735585397408,3,UNSAFE,2.42490390264939
matlab_broad_s20117_c11,0.0187143163990338,0.0780060618705345,3.03740951663685e-05,0.13,CAUTION,1.55952636658615
matlab_broad_s20118_c00,0.00662486660198426,0.0231323574408113,0.00131952053359082,3,UNSAFE,1.5
matlab_broad_s20118_c01,0.00150022883852256,0.0053810273150604,2.81510429546494e-06,0,SAFE,0.12501906987688
matlab_broad_s20118_c02,0.000933630178338133,0.00325637615424342,4.14033609702741e-06,0,SAFE,0.0778025148615111
matlab_broad_s20118_c03,0.00311149800559611,0.0127494749056906,8.27797449693547e-06,0.244,SAFE,0.259291500466343
matlab_broad_s20118_c04,0.00777951820157765,0.0206016777836037,2.91235022960721e-12,0.142,SAFE,0.648293183464804
matlab_broad_s20118_c05,0.00530977737612212,0.0178331012166356,1.37922585299877e-08,0,SAFE,0.442481448010177
matlab_broad_s20118_c06,0.00154352574664438,0.00598087071755179,1.48215979417482e-05,0,SAFE,0.128627145553698
matlab_broad_s20118_c07,0.00910704663152164,0.0282376920058411,1.34848249396597e-15,0.02,SAFE,0.758920552626803
matlab_broad_s20118_c08,0.0119342710065734,0.0352621436729505,1.73472347597681e-17,0.036,SAFE,0.994522583881114
matlab_broad_s20118_c09,0.0312805250474079,0.106768152088686,0.00588078076057597,3,UNSAFE,3.92052050705065
matlab_broad_s20118_c10,0.00227554438072412,0.00672009376397628,1.30104260698261e-18,0,SAFE,0.189628698393677
matlab_broad_s20118_c11,0.0238219302701433,0.0866766535796776,4.80041403595512e-08,0.164,UNSAFE,1.98516085584528
matlab_broad_s20119_c00,0.00235922810567637,0.00766176703658554,1.39702316753858e-08,0,SAFE,0.196602342139697
matlab_broad_s20119_c01,0.00118938519572403,0.0037424964332857,1.0842021724855e-18,0,SAFE,0.0991154329770024
matlab_broad_s20119_c02,0.00316995822455597,0.00907960723419879,9.63559262077551e-17,0.03,SAFE,0.264163185379664
matlab_broad_s20119_c03,0.0109647746779137,0.0317526347501799,1.60265232444783e-09,0.238,SAFE,0.913731223159475
matlab_broad_s20119_c04,0.00859783549463829,0.0303650354060782,0.00184623425646221,3,UNSAFE,1.5
matlab_broad_s20119_c05,0.0264552484625573,0.0655310570574095,0.00511126206103581,3,UNSAFE,3.40750804069054
matlab_broad_s20119_c06,0.00432959759864708,0.0145919845995574,5.3318940642593e-06,0,SAFE,0.360799799887257
matlab_broad_s20119_c07,0.0170249263244112,0.0610369250342122,0.000295699172438859,1.948,CAUTION,1.4187438603676
matlab_broad_s20119_c08,0.00082162603429108,0.00260587099108431,2.11878310685136e-12,0,SAFE,0.0684688361909234
matlab_broad_s20119_c09,0.00167456607702901,0.00590120764709841,1.8974606945535e-05,0,SAFE,0.139547173085751
matlab_broad_s20119_c10,0.00790900527662692,0.0204087903391906,2.23368142803542e-11,0.172,SAFE,0.659083773052244
matlab_broad_s20119_c11,0.0274184710944,0.0615118162996756,2.88294335895559e-05,0.816,UNSAFE,2.2848725912
matlab_broad_s20120_c00,0.00493793380507247,0.0165818098602345,2.41634698358642e-10,0.11,SAFE,0.411494483756039
matlab_broad_s20120_c01,0.0203202598581276,0.0265290547074535,5.58549649867204e-05,1.234,UNSAFE,1.6933549881773
matlab_broad_s20120_c02,0.00269079402448728,0.008544752041761,7.43296436239202e-16,0,SAFE,0.22423283537394
matlab_broad_s20120_c03,0.00452821058975951,0.01438516500501,8.45594002778178e-11,0,SAFE,0.377350882479959
matlab_broad_s20120_c04,0.00101997015878915,0.00321335434365311,1.73472347597681e-18,0,SAFE,0.0849975132324294
matlab_broad_s20120_c05,0.0165462061406123,0.0495359320043997,0.000333785035686213,2.006,CAUTION,1.37885051171769
matlab_broad_s20120_c06,0.001125062803264,0.00365384410917407,8.44123035527463e-12,0,SAFE,0.0937552336053335
matlab_broad_s20120_c07,0.00732391438321549,0.0257903672437886,4.04048759528844e-05,0,SAFE,0.610326198601291
matlab_broad_s20120_c08,0.00240808287735525,0.00810186282822528,6.89877524697718e-07,0,SAFE,0.200673573112937
matlab_broad_s20120_c09,0.0151071263266927,0.0419230075037023,0.00301193098526134,3,UNSAFE,2.00795399017422
matlab_broad_s20120_c10,0.019356022002662,0.0722208177233701,2.84285328604466e-06,0.254,CAUTION,1.61300183355516
matlab_broad_s20120_c11,0.00166580705122382,0.00573272492596494,2.71053530701833e-06,0,SAFE,0.138817254268652
matlab_broad_s20121_c00,0.00841873451040276,0.0323285733909465,5.69337777765958e-05,0.17,SAFE,0.70156120920023
matlab_broad_s20121_c01,0.00100218081046974,0.00315676588060681,2.01765150650404e-18,0,SAFE,0.0835150675391447
matlab_broad_s20121_c02,0.00289858110561106,0.00926752295341073,3.90515761614402e-13,0,SAFE,0.241548425467589
matlab_broad_s20121_c03,0.0152141966714778,0.0492878670251394,0.00298786626165829,3,UNSAFE,1.99191084110553
matlab_broad_s20121_c04,0.00146651912635905,0.00564107610499009,1.42253102402526e-07,0,SAFE,0.122209927196588
matlab_broad_s20121_c05,0.00429711672802711,0.0148647520922447,1.66304511101181e-05,0,SAFE,0.358093060668925
matlab_broad_s20121_c06,0.00600990281161608,0.0164249661609283,1.38663967043994e-14,0.116,SAFE,0.50082523430134
matlab_broad_s20121_c07,0.00247909648916785,0.00902585786906993,4.85574041869343e-08,0,SAFE,0.206591374097321
matlab_broad_s20121_c08,0.00162299748305002,0.0050952429278045,3.25260651745651e-18,0,SAFE,0.135249790254168
matlab_broad_s20121_c09,0.0269733539138393,0.101248505164041,9.00275934555644e-05,1.196,UNSAFE,2.24777949281994
matlab_broad_s20121_c10,0.0289294535989558,0.0823785436121683,0.00478885789847837,3,UNSAFE,3.19257193231891
matlab_broad_s20121_c11,0.013317584231594,0.0442753387202279,1.67681151415003e-07,0.252,CAUTION,1.10979868596617
matlab_broad_s20122_c00,0.0101701795928311,0.0393566973693462,2.15415336124976e-06,0.272,SAFE,0.847514966069259
matlab_broad_s20122_c01,0.00332445618433308,0.015239292506319,0.000150342770728432,2.782,CAUTION,1.391
matlab_broad_s20122_c02,0.0015231159118911,0.00500378523261884,2.58999667811876e-09,0,SAFE,0.126926325990925
matlab_broad_s20122_c03,0.00467329310161128,0.0157594287126915,4.51061865027471e-06,0.774,SAFE,0.38944109180094
matlab_broad_s20122_c04,0.00847356096782359,0.0292195054164769,3.21940479284407e-10,0,SAFE,0.706130080651966
matlab_broad_s20122_c05,0.0235951385656142,0.0746118071597116,6.25155167786806e-10,0.078,UNSAFE,1.96626154713452
matlab_broad_s20122_c06,0.00106473181879621,0.00342530416226516,4.70903180980105e-10,0,SAFE,0.0887276515663507
matlab_broad_s20122_c07,0.00112263282185379,0.00354010641851493,3.05333808043582e-15,0,SAFE,0.0935527351544828
matlab_broad_s20122_c08,0.00263896749057403,0.0119467482895008,0.000105667289265752,0.734,SAFE,0.367
matlab_broad_s20122_c09,0.00590152639258015,0.0200712429769785,5.12431826923317e-07,0,SAFE,0.491793866048346
matlab_broad_s20122_c10,0.0119787829037336,0.0229072882619389,7.32984170715844e-07,0.576,SAFE,0.998231908644469
matlab_broad_s20122_c11,0.0165546473068371,0.0622322357481022,3.96985873334289e-07,0.114,CAUTION,1.37955394223643
matlab_broad_s20123_c00,0.00318952867944977,0.0100867342238351,6.93889390390723e-18,0,SAFE,0.265794056620814
matlab_broad_s20123_c01,0.00147656808394034,0.00464412301672758,1.51788304147971e-18,0,SAFE,0.123047340328362
matlab_broad_s20123_c02,0.0123279200782998,0.0399250148082678,1.5437707321179e-10,0,CAUTION,1.02732667319165
matlab_broad_s20123_c03,0.00222472688320922,0.00701392439500908,3.03576608295941e-18,0,SAFE,0.185393906934101
matlab_broad_s20123_c04,0.00752874062516581,0.0289065685668059,3.44717591964699e-06,0.474,SAFE,0.627395052097151
matlab_broad_s20123_c05,0.00949634270872149,0.0357455725843836,3.55872106954275e-07,0.088,SAFE,0.791361892393457
matlab_broad_s20123_c06,0.00971053458844523,0.0320136453303657,0.00204715156620452,3,UNSAFE,1.5
matlab_broad_s20123_c07,0.0253305498369183,0.0894242116809374,1.11776257110471e-08,0.178,UNSAFE,2.11087915307653
matlab_broad_s20123_c08,0.00431470301019885,0.0138969855227916,9.68988301780415e-11,0,SAFE,0.359558584183237
matlab_broad_s20123_c09,0.0009821320778713,0.00375514189050175,3.75614561016709e-05,0,SAFE,0.0818443398226083
matlab_broad_s20123_c10,0.0178769207540454,0.0288932836115294,9.03158230789348e-06,0.858,CAUTION,1.48974339617045
matlab_broad_s20123_c11,0.00131252357150549,0.00483160368428416,4.40121163403606e-05,0,SAFE,0.109376964292124
matlab_broad_s20124_c00,0.0230792948752772,0.0606658545136601,1.52715232094475e-11,0.156,UNSAFE,1.92327457293976
matlab_broad_s20124_c01,0.00147049192370089,0.00500611558469333,2.21981965324448e-06,0,SAFE,0.122540993641741
matlab_broad_s20124_c02,0.000871590372176017,0.0027461707162364,2.60849740604329e-20,0,SAFE,0.0726325310146681
matlab_broad_s20124_c03,0.00499378713199969,0.0144631186001492,6.07153216591882e-18,0.0580000000000001,SAFE,0.416148927666641
matlab_broad_s20124_c04,0.00315639882901729,0.0104284754656226,3.29756311519406e-10,0,SAFE,0.26303323575144
matlab_broad_s20124_c05,0.0033949961279041,0.0136360155141294,0.000519952037431425,3,UNSAFE,1.5
matlab_broad_s20124_c06,0.0203849153446075,0.0834810528431401,0.00115954080225916,3,UNSAFE,1.69874294538396
matlab_broad_s20124_c07,0.00127312345155,0.00427128191875711,1.12320051157176e-06,0,SAFE,0.1060936209625
matlab_broad_s20124_c08,0.0108438875599053,0.0354148853010476,6.55635057381763e-10,0,SAFE,0.903657296658773
matlab_broad_s20124_c09,0.00442395427966629,0.0153857197663966,3.49801568436666e-08,0.152,SAFE,0.368662856638857
matlab_broad_s20124_c10,0.0132226369675321,0.0523732279391939,1.68359147505192e-06,0,CAUTION,1.10188641396101
matlab_broad_s20124_c11,0.00944697286265949,0.035104145150899,1.41471350413611e-05,0.62,SAFE,0.787247738554958
matlab_broad_s20125_c00,0.000848512636340603,0.002670011331472,7.58941520739853e-19,0,SAFE,0.0707093863617169
matlab_broad_s20125_c01,0.00201448792202994,0.00633928566158732,1.73472347597681e-18,0,SAFE,0.167873993502495
matlab_broad_s20125_c02,0.00159617469726142,0.0073068668370223,3.65442542086686e-05,0,SAFE,0.133014558105118
matlab_broad_s20125_c03,0.0213429515620145,0.0338849482502448,1.31691470350045e-05,0.892,UNSAFE,1.77857929683454
matlab_broad_s20125_c04,0.0201030820678922,0.0651512720116035,0.00455757808760503,3,UNSAFE,3.03838539173669
matlab_broad_s20125_c05,0.0011067690756467,0.00347883987174669,1.51788304147971e-18,0,SAFE,0.0922307563038914
matlab_broad_s20125_c06,0.00459731699431023,0.017038689660206,1.06381382169263e-07,0.102,SAFE,0.383109749525853
matlab_broad_s20125_c07,0.0087793747698716,0.0302202827169764,7.94891945353823e-07,0,SAFE,0.731614564155967
matlab_broad_s20125_c08,0.0033110638271346,0.0121201478997504,3.9863989996716e-06,0,SAFE,0.27592198559455
matlab_broad_s20125_c09,0.00496913946093943,0.0126337544688766,3.54826426040719e-11,0.19,SAFE,0.414094955078286
matlab_broad_s20125_c10,0.0157484668733557,0.070771514198275,7.13253614564372e-05,0,CAUTION,1.31237223944631
matlab_broad_s20125_c11,0.0101369753375832,0.0360239016732992,0.00168177229127599,3,UNSAFE,1.5
matlab_broad_s20126_c00,0.00176247645867573,0.00588110893196445,8.25079783252264e-07,0,SAFE,0.146873038222977
matlab_broad_s20126_c01,0.00505858588770645,0.0158378591368329,4.49423770950976e-13,0,SAFE,0.421548823975538
matlab_broad_s20126_c02,0.00141232305761013,0.00567511817991312,4.29862299047444e-06,0,SAFE,0.117693588134178
matlab_broad_s20126_c03,0.0147173319955387,0.0516846817939012,2.86436277525553e-05,0.4,CAUTION,1.22644433296156
matlab_broad_s20126_c04,0.00835307391656492,0.0379539196931061,0.000132953576197848,0.502,SAFE,0.696089493047077
matlab_broad_s20126_c05,0.036931252957737,0.104656459670121,0.00718759070644265,3,UNSAFE,4.79172713762843
matlab_broad_s20126_c06,0.003153720666732,0.00994715380456451,2.16840434497101e-18,0,SAFE,0.262810055561
matlab_broad_s20126_c07,0.00415959083159386,0.0131575209725731,1.12757025938492e-17,0,SAFE,0.346632569299488
matlab_broad_s20126_c08,0.000822465093480068,0.00258619309348976,1.19262238973405e-18,0,SAFE,0.0685387577900056
matlab_broad_s20126_c09,0.00311769873434273,0.0127040906063182,0.000344732496825898,3,UNSAFE,1.5
matlab_broad_s20126_c10,0.0155899368313466,0.0310229578217717,4.43521684091926e-07,0.522,CAUTION,1.29916140261221
matlab_broad_s20126_c11,0.0116055024395234,0.034325318160146,5.20326025639341e-07,0.356,SAFE,0.967125203293616
matlab_broad_s20127_c00,0.00335136567748107,0.00931066293289164,1.1812626365201e-14,0.0640000000000001,SAFE,0.279280473123423
matlab_broad_s20127_c01,0.000959572571177618,0.00316566017154289,2.94639739209991e-07,0,SAFE,0.0799643809314682
matlab_broad_s20127_c02,0.0272873703847087,0.0985747016797519,0.000964964851447045,2.974,UNSAFE,2.27394753205905
matlab_broad_s20127_c03,0.00148021150561605,0.00666124346658255,1.95098954342418e-05,0,SAFE,0.123350958801338
matlab_broad_s20127_c04,0.00856005568312064,0.0380945735766083,5.88179103583302e-05,0,SAFE,0.713337973593386
matlab_broad_s20127_c05,0.00632665224505468,0.017728145557221,4.34486394641313e-15,0.08,SAFE,0.527221020421223
matlab_broad_s20127_c06,0.00638729531689049,0.020594386056108,1.29136395732862e-12,0,SAFE,0.532274609740874
matlab_broad_s20127_c07,0.00214409571447913,0.0080829053596969,6.01827715846662e-08,0,SAFE,0.178674642873261
matlab_broad_s20127_c08,0.032741518700618,0.070435548243635,0.000430856339923759,1.996,UNSAFE,2.72845989171817
matlab_broad_s20127_c09,0.00355901201511019,0.0120592302120759,2.54772721550565e-08,0,SAFE,0.296584334592516
matlab_broad_s20127_c10,0.0163244564772016,0.0557617192414021,0.000222047277147557,1.798,CAUTION,1.36037137310014
matlab_broad_s20127_c11,0.00157641062289612,0.00511167304346063,1.19869816983201e-09,0,SAFE,0.13136755190801
matlab_broad_s20128_c00,0.0103931588504266,0.0357011072147587,5.62817304954275e-10,0,SAFE,0.866096570868886
matlab_broad_s20128_c01,0.00618334559139464,0.0239447847929258,3.66673511639802e-06,0,SAFE,0.515278799282887
matlab_broad_s20128_c02,0.00256410201623744,0.00836823965064768,7.14443781401575e-09,0,SAFE,0.213675168019787
matlab_broad_s20128_c03,0.000904220416200906,0.00331949813912208,9.26665777779852e-08,0,SAFE,0.0753517013500755
matlab_broad_s20128_c04,0.0186786522487862,0.0643013739364903,2.75078288529432e-08,0.104,CAUTION,1.55655435406552
matlab_broad_s20128_c05,0.00724889259373395,0.0253749290500586,1.87444870133928e-06,0,SAFE,0.604074382811162
matlab_broad_s20128_c06,0.00158391902238538,0.00506573951857817,2.52279224568776e-12,0,SAFE,0.131993251865448
matlab_broad_s20128_c07,0.0246366618490417,0.0394222858080477,1.17912050268089e-05,0.86,UNSAFE,2.05305515408681
matlab_broad_s20128_c08,0.00435234808809043,0.0190908639530546,0.000304004775646722,2.95,UNSAFE,1.475
matlab_broad_s20128_c09,0.0013796661450912,0.00434455994045183,1.95156391047391e-18,0,SAFE,0.1149721787576
matlab_broad_s20128_c10,0.00326939224097392,0.0103290241902047,9.10729824887824e-18,0,SAFE,0.272449353414493
matlab_broad_s20128_c11,0.0184020330603132,0.0576681773177479,0.00365170699517862,3,UNSAFE,2.43447133011908
matlab_broad_s20129_c00,0.00122492869579559,0.00386879987455625,2.16840434497101e-19,0,SAFE,0.102077391316299
matlab_broad_s20129_c01,0.00982087115695205,0.0319547170484993,0.000498180399961619,2.842,UNSAFE,1.421
matlab_broad_s20129_c02,0.0029000053775928,0.0084541058836053,8.67361737988404e-18,0.016,SAFE,0.2416671147994
matlab_broad_s20129_c03,0.00580616289506619,0.0193309056647882,3.81601811940586e-08,0,SAFE,0.483846907922183
matlab_broad_s20129_c04,0.0132360789245211,0.0436661062640563,3.46083007901434e-06,0,CAUTION,1.10300657704343
matlab_broad_s20129_c05,0.00179762512395259,0.00565844834051902,6.58123287690072e-19,0,SAFE,0.149802093662716
matlab_broad_s20129_c06,0.0161928809817781,0.0561047991700832,0.00326405066181893,3,UNSAFE,2.17603377454595
matlab_broad_s20129_c07,0.00372463076835577,0.0121154153485419,5.2335761106178e-14,0,SAFE,0.310385897362981
matlab_broad_s20129_c08,0.002150751822904,0.00787202092732891,2.13073500020152e-08,0,SAFE,0.179229318575333
matlab_broad_s20129_c09,0.0296371008162683,0.100856058793097,0.000810109138197479,2.548,UNSAFE,2.4697584013557
matlab_broad_s20129_c10,0.000966930728100901,0.0032109589234142,7.71761084643755e-08,0,SAFE,0.0805775606750751
matlab_broad_s20129_c11,0.0209690848057902,0.0879629586668978,5.81193010719443e-05,0.708,UNSAFE,1.74742373381585
matlab_broad_s20130_c00,0.0168992422603179,0.0474082662895633,0.00259826341951674,3,UNSAFE,1.73217561301116
matlab_broad_s20130_c01,0.0245745508803862,0.0536030548196235,1.96354125829522e-05,0.752,UNSAFE,2.04787924003219
matlab_broad_s20130_c02,0.00181760710434074,0.00565562620158059,1.73472347597681e-18,0,SAFE,0.151467258695061
matlab_broad_s20130_c03,0.00608349804546793,0.0210001887680067,7.5889544800128e-06,0,SAFE,0.506958170455661
matlab_broad_s20130_c04,0.00125697194537669,0.00427733868363877,4.71374587882883e-08,0,SAFE,0.104747662114724
matlab_broad_s20130_c05,0.0196190095150485,0.0807102044823012,0.000691642604108252,2.9,UNSAFE,1.63491745958738
matlab_broad_s20130_c06,0.00256828696926132,0.00815670431430873,1.4088296918817e-14,0,SAFE,0.21402391410511
matlab_broad_s20130_c07,0.000941552311181131,0.00322774483847906,5.4048649527728e-07,0,SAFE,0.0784626925984276
matlab_broad_s20130_c08,0.00943037799946417,0.0350439558453963,0.000120140176381747,1.714,SAFE,0.857
matlab_broad_s20130_c09,0.00429182280630548,0.018150614422881,2.4939285871261e-05,0,SAFE,0.357651900525456
matlab_broad_s20130_c10,0.0151848017242212,0.0502986556714865,3.91469958219426e-08,0.228,CAUTION,1.2654001436851
matlab_broad_s20130_c11,0.00259965915424624,0.00757368769269187,2.66093189450248e-18,0.004,SAFE,0.216638262853853
matlab_broad_s20131_c00,0.00230477095505427,0.00728380602067717,1.975534129438e-18,0,SAFE,0.192064246254522
matlab_broad_s20131_c01,0.014305736004806,0.0633815615520555,6.05762267992796e-05,0,CAUTION,1.19214466706716
matlab_broad_s20131_c02,0.00700661887704576,0.0288473258958336,0.000106777909779712,0.194,SAFE,0.58388490642048
matlab_broad_s20131_c03,0.00533776285435484,0.0229230052362686,8.41572647181794e-05,1.42,SAFE,0.71
matlab_broad_s20131_c04,0.0192600807677948,0.0373075111239967,6.91791736748888e-07,0.558,CAUTION,1.60500673064956
matlab_broad_s20131_c05,0.000889648362635694,0.00272899106523819,9.67893189068921e-10,0,SAFE,0.0741373635529745
matlab_broad_s20131_c06,0.00179064366285336,0.0079514448911156,6.65783658369108e-05,0,SAFE,0.14922030523778
matlab_broad_s20131_c07,0.00862473430811421,0.0203037165219706,2.64698456604284e-09,0.282,SAFE,0.718727859009517
matlab_broad_s20131_c08,0.0230547303070767,0.0739115951517943,1.36407813709829e-09,0.084,UNSAFE,1.92122752558972
matlab_broad_s20131_c09,0.003946667693718,0.0125295801003177,1.34850781853474e-18,0,SAFE,0.3288889744765
matlab_broad_s20131_c10,0.00400939403843126,0.0156359352681493,9.442691169033e-06,0.54,SAFE,0.334116169869271
matlab_broad_s20131_c11,0.00109030820038149,0.00385642012242871,1.35256337640733e-06,0,SAFE,0.0908590166984575
matlab_broad_s20132_c00,0.00883038393878023,0.0213227019829908,7.86997751024104e-10,0.256,SAFE,0.735865328231686
matlab_broad_s20132_c01,0.0197938702633781,0.0551736785102581,0.000770694384990033,2.776,CAUTION,1.64948918861484
matlab_broad_s20132_c02,0.000935080283550324,0.00325260638790702,1.20440715781613e-06,0,SAFE,0.077923356962527
matlab_broad_s20132_c03,0.00150731203856867,0.0051088595202905,4.46740476936521e-07,0,SAFE,0.125609336547389
matlab_broad_s20132_c04,0.00320818806198716,0.0132549389667005,0.000471139591333515,3,UNSAFE,1.5
matlab_broad_s20132_c05,0.0012984368046601,0.00401359461698713,1.95156391047391e-18,0,SAFE,0.108203067055008
matlab_broad_s20132_c06,0.0151844143059247,0.0492177336809596,3.79594059053505e-07,0,CAUTION,1.26536785882706
matlab_broad_s20132_c07,0.00943353756181551,0.0392334962889188,0.000121819107097596,1.324,SAFE,0.786128130151293
matlab_broad_s20132_c08,0.0406317486998482,0.112719057085582,0.00627897078297552,3,UNSAFE,4.18598052198368
matlab_broad_s20132_c09,0.00382432903111448,0.0129448307769157,1.14274247427508e-10,0,SAFE,0.318694085926207
matlab_broad_s20132_c10,0.00463170515070232,0.0142957222493532,8.67361737988404e-19,0,SAFE,0.385975429225194
matlab_broad_s20132_c11,0.00270870404831484,0.0086026453071756,1.40775722620334e-14,0,SAFE,0.22572533735957
matlab_broad_s20133_c00,0.00198584550643446,0.00699898386663633,2.16056443824005e-05,0,SAFE,0.165487125536205
matlab_broad_s20133_c01,0.0136198970663683,0.0465741044887168,5.43177110982487e-08,0.206,CAUTION,1.13499142219736
matlab_broad_s20133_c02,0.00552127640042044,0.0174767743735912,3.11875865129609e-08,0,SAFE,0.460106366701703
matlab_broad_s20133_c03,0.00343470682935913,0.0150159365909666,0.000194977942105584,2.912,UNSAFE,1.456
matlab_broad_s20133_c04,0.000986932194548262,0.00316066801033274,7.52442912230295e-10,0,SAFE,0.0822443495456885
matlab_broad_s20133_c05,0.00818601978298648,0.024275507758505,3.7333968656843e-10,0.0640000000000001,SAFE,0.682168315248873
matlab_broad_s20133_c06,0.00437743914297905,0.0127092264288838,2.00127912430184e-09,0.282,SAFE,0.364786595248254
matlab_broad_s20133_c07,0.00114732341660229,0.00388578357878678,1.35465896371783e-06,0,SAFE,0.0956102847168572
matlab_broad_s20133_c08,0.00158840652059245,0.00500260350476601,4.98732999343332e-18,0,SAFE,0.132367210049371
matlab_broad_s20133_c09,0.0234940706067477,0.0624148494321534,0.000563547315662098,2.368,UNSAFE,1.95783921722898
matlab_broad_s20133_c10,0.0106081889444433,0.0360576934055923,3.01125007667725e-07,0.374,SAFE,0.884015745370278
matlab_broad_s20133_c11,0.0223343076582479,0.0428467753815779,1.29729173752684e-06,0.574,UNSAFE,1.86119230485399
matlab_broad_s20134_c00,0.00339938405161717,0.013746592697157,0.000371933891810103,3,UNSAFE,1.5
matlab_broad_s20134_c01,0.0077427602124571,0.0318744186299561,0.000686252305322219,3,UNSAFE,1.5
matlab_broad_s20134_c02,0.00092205815816249,0.00342510074917075,4.22692239836306e-06,0,SAFE,0.0768381798468742
matlab_broad_s20134_c03,0.0012323193324546,0.00396674238682958,1.69961104983776e-13,0,SAFE,0.10269327770455
matlab_broad_s20134_c04,0.0124279110736269,0.0404948994028417,4.49586519394017e-13,0,CAUTION,1.03565925613557
matlab_broad_s20134_c05,0.00219369645877129,0.00983859837922864,2.38491425946222e-05,0,SAFE,0.182808038230941
matlab_broad_s20134_c06,0.0221489596280779,0.0425861476187632,1.23852566147086e-06,0.57,UNSAFE,1.84574663567316
matlab_broad_s20134_c07,0.0103372110968028,0.0334454594782368,4.70849098648834e-12,0,SAFE,0.861434258066896
matlab_broad_s20134_c08,0.027024654925905,0.096220778039781,0.00490437124945893,3,UNSAFE,3.26958083297262
matlab_broad_s20134_c09,0.00168789387423481,0.00514897529751957,3.03576608295941e-18,0,SAFE,0.140657822852901
matlab_broad_s20134_c10,0.00807416856604286,0.0209346927874583,1.43278987582408e-11,0.168,SAFE,0.672847380503572
matlab_broad_s20134_c11,0.00426449617129069,0.0162641449730876,2.79965197903451e-06,0,SAFE,0.355374680940891
matlab_broad_s20135_c00,0.00573660978787197,0.0181094970048322,1.30104260698261e-17,0,SAFE,0.478050815655997
matlab_broad_s20135_c01,0.0105500993194587,0.0332717331081436,3.46944695195361e-18,0,SAFE,0.879174943288225
matlab_broad_s20135_c02,0.0209475015642718,0.0379756723957689,1.97782826921137e-06,0.654,UNSAFE,1.74562513035599
matlab_broad_s20135_c03,0.00129003526540402,0.00412312146345035,2.93800177897451e-17,0,SAFE,0.107502938783668
matlab_broad_s20135_c04,0.012944026216784,0.0402122747690376,1.67119254739773e-08,0,CAUTION,1.07866885139867
matlab_broad_s20135_c05,0.00351436087524071,0.0155497940472213,1.12726082358572e-05,0,SAFE,0.292863406270059
matlab_broad_s20135_c06,0.00810740831177279,0.0272836380084995,3.17627946190669e-11,0,SAFE,0.675617359314399
matlab_broad_s20135_c07,0.000831605073811975,0.00265389409958115,3.44770159060836e-12,0,SAFE,0.0693004228176646
matlab_broad_s20135_c08,0.00348427810516167,0.012428167903191,2.80869167934619e-05,0,SAFE,0.290356508763472
matlab_broad_s20135_c09,0.015940597898787,0.0426499123355647,1.78845003566872e-15,0.142,CAUTION,1.32838315823225
matlab_broad_s20135_c10,0.00278160033254918,0.0122906618916493,0.000216238290693807,2.904,UNSAFE,1.452
matlab_broad_s20135_c11,0.00188876880326705,0.00834590363193076,0.000178305936754075,2.91,UNSAFE,1.455
matlab_broad_s20136_c00,0.00613356968110205,0.0261860276943876,1.96646342377799e-05,0,SAFE,0.511130806758504
matlab_broad_s20136_c01,0.00114606574193432,0.00376420536778371,2.70047029004646e-07,0,SAFE,0.0955054784945264
matlab_broad_s20136_c02,0.0192829858120856,0.0529212595030062,1.87449685864859e-13,0.108,CAUTION,1.60691548434047
matlab_broad_s20136_c03,0.00275162809548259,0.00861272492189577,6.18452229902669e-12,0,SAFE,0.229302341290216
matlab_broad_s20136_c04,0.00445754528731884,0.0148253618756111,3.17218529064272e-06,0,SAFE,0.37146210727657
matlab_broad_s20136_c05,0.0117525327359434,0.0317744568333771,4.56091773333563e-11,0.132,SAFE,0.979377727995287
matlab_broad_s20136_c06,0.00246627248788322,0.0105222453341389,3.55324410847321e-06,0,SAFE,0.205522707323602
matlab_broad_s20136_c07,0.00166020366294316,0.00522767894968297,4.98732999343332e-18,0,SAFE,0.138350305245263
matlab_broad_s20136_c08,0.0154884676476669,0.0510423317287807,0.00335725977061196,3,UNSAFE,2.23817318040797
matlab_broad_s20136_c09,0.000863698134001706,0.00272025822301536,1.96850244514986e-18,0,SAFE,0.0719748445001421
matlab_broad_s20136_c10,0.00874951092644922,0.0362157645952168,0.000102980333776984,1.328,SAFE,0.729125910537435
matlab_broad_s20136_c11,0.0257097770925639,0.0286602425633199,0.00011074856328295,1.396,UNSAFE,2.14248142438033
matlab_broad_s20137_c00,0.0033707164749938,0.0106563316117754,6.93889390390723e-18,0,SAFE,0.280893039582817
matlab_broad_s20137_c01,0.00756040605020747,0.019231129622182,1.51232279710376e-13,0.194,SAFE,0.630033837517289
matlab_broad_s20137_c02,0.0249700604835335,0.0892309595866008,2.79993926447361e-06,0.478,UNSAFE,2.08083837362779
matlab_broad_s20137_c03,0.00517291386885192,0.0162956972203568,1.47451495458029e-17,0,SAFE,0.43107615573766
matlab_broad_s20137_c04,0.00394505787760041,0.0129815077217082,1.60821732687544e-07,0,SAFE,0.328754823133368
matlab_broad_s20137_c05,0.0129074778451771,0.0442801044226406,0.00112445398549999,3,UNSAFE,1.5
matlab_broad_s20137_c06,0.000965856114705689,0.00305071631940373,1.40946282423116e-18,0,SAFE,0.0804880095588074
matlab_broad_s20137_c07,0.0203633697715187,0.0468047867025739,3.2448998629799e-06,0.66,UNSAFE,1.69694748095989
matlab_broad_s20137_c08,0.00192692457707322,0.00838473175049781,5.88410148757808e-05,0.202,SAFE,0.160577048089435
matlab_broad_s20137_c09,0.00220012299061174,0.00770709922235814,5.85926403105506e-07,0,SAFE,0.183343582550978
matlab_broad_s20137_c10,0.0196294447767649,0.0721573911979171,0.00300798983419195,3,UNSAFE,2.00532655612797
matlab_broad_s20137_c11,0.00133277976066761,0.00432506184218344,6.10468097943777e-09,0,SAFE,0.111064980055634
matlab_broad_s20138_c00,0.0024714022128664,0.00775503011825423,1.30104260698261e-18,0,SAFE,0.205950184405533
matlab_broad_s20138_c01,0.00679988266118558,0.0277838943428175,0.000125127969171914,1.844,SAFE,0.922
matlab_broad_s20138_c02,0.00260982517575117,0.00844981638422794,6.74820653367702e-07,0,SAFE,0.217485431312597
matlab_broad_s20138_c03,0.0156394576413066,0.0573563897325498,0.000105377387430624,0.954,CAUTION,1.30328813677555
matlab_broad_s20138_c04,0.0158653286796967,0.06781639391531,1.87290198271958e-05,0,CAUTION,1.32211072330806
matlab_broad_s20138_c05,0.00417694970577318,0.0185963737560417,1.43040332420397e-05,0,SAFE,0.348079142147765
matlab_broad_s20138_c06,0.00985523618904645,0.0310799828775032,2.94902990916057e-17,0,SAFE,0.821269682420538
matlab_broad_s20138_c07,0.0358174909359182,0.0873207061736839,0.00933418870357932,3,UNSAFE,6.22279246905288
matlab_broad_s20138_c08,0.00780330578601072,0.0192083367412549,2.5456623644397e-10,0.234,SAFE,0.65027548216756
matlab_broad_s20138_c09,0.000915343221652357,0.00343362444700157,5.51980164453677e-08,0,SAFE,0.0762786018043631
matlab_broad_s20138_c10,0.00120733701424124,0.00430042197204623,1.41222046462698e-06,0,SAFE,0.100611417853437
matlab_broad_s20138_c11,0.00150691832644546,0.00474576139054481,1.95156391047391e-18,0,SAFE,0.125576527203788
matlab_broad_s20139_c00,0.0280922151004668,0.0937731268420542,0.000433846798009278,1.926,UNSAFE,2.3410179250389
matlab_broad_s20139_c01,0.000999636576171112,0.00330259682292109,1.53215107525785e-07,0,SAFE,0.0833030480142593
matlab_broad_s20139_c02,0.00202184182704355,0.00933657125407897,3.91043694418872e-05,0,SAFE,0.168486818920296
matlab_broad_s20139_c03,0.0171536777681349,0.0601549578692985,9.10808424019032e-07,0.204,CAUTION,1.42947314734458
matlab_broad_s20139_c04,0.00570944309201394,0.0196683087936883,3.4892066962143e-10,0,SAFE,0.475786924334495
matlab_broad_s20139_c05,0.00665378922849652,0.0230929183935189,1.69086629262937e-05,0,SAFE,0.554482435708043
matlab_broad_s20139_c06,0.00865001722153907,0.0243137466587633,3.44664297642459e-16,0.092,SAFE,0.72083476846159
matlab_broad_s20139_c07,0.00450783885433181,0.0142269076313744,7.80625564189563e-18,0,SAFE,0.375653237860984
matlab_broad_s20139_c08,0.00115552302814126,0.00356421925496497,2.16840434497101e-19,0,SAFE,0.0962935856784382
matlab_broad_s20139_c09,0.014012498263895,0.0529186632177978,2.35760710061368e-07,0.136,CAUTION,1.16770818865792
matlab_broad_s20139_c10,0.00196140932478309,0.00888107315644094,0.000116888380789193,1.512,SAFE,0.756
matlab_broad_s20139_c11,0.00358482684832867,0.0126770905064013,1.43096309699737e-08,0.112,SAFE,0.298735570694056
matlab_broad_s20140_c00,0.0169372875299848,0.0331161093427372,7.0171773797467e-07,0.54,CAUTION,1.41144062749873
matlab_broad_s20140_c01,0.0110436957397059,0.0289993776004701,2.30321913715507e-05,0.974,SAFE,0.920307978308825
matlab_broad_s20140_c02,0.00190306270349997,0.00575891750279703,3.90312782094782e-18,0,SAFE,0.158588558624997
matlab_broad_s20140_c03,0.00109632557949019,0.00377293658249713,2.11592344964186e-06,0,SAFE,0.0913604649575156
matlab_broad_s20140_c04,0.0107415263329844,0.0386726525812335,0.000591573132355333,2.926,UNSAFE,1.463
matlab_broad_s20140_c05,0.00200582683833945,0.00617050666200682,1.24425100980044e-09,0,SAFE,0.167152236528288
matlab_broad_s20140_c06,0.00390890102284171,0.0164632162379822,0.000464537156131453,3,UNSAFE,1.5
matlab_broad_s20140_c07,0.00562198703853513,0.0192267340770789,1.86544002915066e-07,0,SAFE,0.468498919877927
matlab_broad_s20140_c08,0.00500733176164619,0.0220983619477144,0.00040031830158118,3,UNSAFE,1.5
matlab_broad_s20140_c09,0.0131853050855526,0.0390181648981628,8.09666277482606e-14,0.078,CAUTION,1.09877542379605
matlab_broad_s20140_c10,0.0289354307106653,0.115940073064297,2.80950935255554e-05,0.76,UNSAFE,2.41128589255544
matlab_broad_s20140_c11,0.00115079573537281,0.00369566561444944,5.11278272740062e-12,0,SAFE,0.0958996446144008
matlab_broad_s20141_c00,0.0258109525478393,0.0696643325159373,1.37606359251108e-06,0.522,UNSAFE,2.15091271231994
matlab_broad_s20141_c01,0.0136941436453419,0.0445139473898715,5.97889716932819e-14,0.00800000000000001,CAUTION,1.14117863711183
matlab_broad_s20141_c02,0.00845538593451857,0.0277945477085324,2.00942920654038e-09,0,SAFE,0.704615494543214
matlab_broad_s20141_c03,0.000848198696318121,0.00269009361346104,4.93472319206e-13,0,SAFE,0.0706832246931767
matlab_broad_s20141_c04,0.00315073354340506,0.0100149958525766,1.05992590341828e-12,0,SAFE,0.262561128617088
matlab_broad_s20141_c05,0.0106676403092957,0.0405522640372985,0.00112913507810955,3,UNSAFE,1.5
matlab_broad_s20141_c06,0.00109685129024207,0.00344866004869729,1.30104260698261e-18,0,SAFE,0.0914042741868389
matlab_broad_s20141_c07,0.00584286113463887,0.0227224641287327,0.000261421846917003,2.97,UNSAFE,1.485
matlab_broad_s20141_c08,0.00577256659468175,0.017026984266521,1.30104260698261e-17,0.024,SAFE,0.481047216223479
matlab_broad_s20141_c09,0.00212022946661637,0.00751061635627957,3.3472484296551e-06,0,SAFE,0.176685788884698
matlab_broad_s20141_c10,0.00158933354623836,0.0055502374404799,3.32898600146379e-10,0,SAFE,0.13244446218653
matlab_broad_s20141_c11,0.0353489532501747,0.0778954149350669,0.00893400140226086,3,UNSAFE,5.95600093484058
matlab_broad_s20142_c00,0.00436046505956028,0.0146117066652464,5.71766420106836e-08,0,SAFE,0.36337208829669
matlab_broad_s20142_c01,0.0106832608189905,0.0343292499236538,0.000407625809333412,2.542,CAUTION,1.271
matlab_broad_s20142_c02,0.0174002867405669,0.0380558444512699,2.12528715296456e-08,0.378,CAUTION,1.45002389504724
matlab_broad_s20142_c03,0.0010435772114179,0.0032882777372625,4.33680868994202e-19,0,SAFE,0.0869647676181581
matlab_broad_s20142_c04,0.00316487516955292,0.0110912902571778,2.52390174183007e-05,0,SAFE,0.263739597462744
matlab_broad_s20142_c05,0.0228147304628616,0.0266419076746081,0.000124433724929424,1.446,UNSAFE,1.9012275385718
matlab_broad_s20142_c06,0.0068384270383142,0.0228127904645202,7.64791658805776e-05,1.856,SAFE,0.928
matlab_broad_s20142_c07,0.0111893733034484,0.0506968219980736,0.000307590709373877,1.654,SAFE,0.932447775287363
matlab_broad_s20142_c08,0.00242714955956854,0.0080339369229262,1.87077189329584e-07,0,SAFE,0.202262463297378
matlab_broad_s20142_c09,0.00159887697375139,0.00506140711705552,6.28823805682993e-15,0,SAFE,0.133239747812616
matlab_broad_s20142_c10,0.00122714052312,0.00410692093286167,1.91999795964722e-06,0,SAFE,0.10226171026
matlab_broad_s20142_c11,0.0119270474160887,0.0364765715544827,1.38777878078145e-17,0.012,SAFE,0.993920618007389
matlab_broad_s20143_c00,0.0117477413788572,0.0373455351561098,7.04694297191842e-05,1.326,SAFE,0.978978448238103
matlab_broad_s20143_c01,0.00560369032522233,0.01900976359176,1.24164069986817e-05,0,SAFE,0.466974193768528
matlab_broad_s20143_c02,0.00126682735896508,0.00577986077863282,2.93548084780248e-05,0,SAFE,0.105568946580423
matlab_broad_s20143_c03,0.0161969771434209,0.0372074503010695,2.06343436023776e-07,0.276,CAUTION,1.34974809528507
matlab_broad_s20143_c04,0.00101092369717065,0.00348866418189077,9.51739141204462e-08,0,SAFE,0.0842436414308876
matlab_broad_s20143_c05,0.0245819458344522,0.100429736447193,0.000109504295754129,1.2,UNSAFE,2.04849548620435
matlab_broad_s20143_c06,0.01294821140319,0.0356957320019823,9.74348652302641e-14,0.096,CAUTION,1.0790176169325
matlab_broad_s20143_c07,0.00163372098999445,0.00568250605230179,1.13430960506237e-07,0,SAFE,0.136143415832871
matlab_broad_s20143_c08,0.00266475698553423,0.00837031718985069,1.30104260698261e-18,0,SAFE,0.222063082127852
matlab_broad_s20143_c09,0.00200095074811117,0.00620485533717756,4.77048955893622e-18,0,SAFE,0.166745895675931
matlab_broad_s20143_c10,0.00832208848281598,0.02866407193301,2.33142652093867e-07,0,SAFE,0.693507373567998
matlab_broad_s20143_c11,0.00403563550246149,0.0146472133801479,1.73326597666573e-05,0.00800000000000001,SAFE,0.336302958538457
matlab_broad_s20144_c00,0.0152872574628047,0.0226200445006023,1.56221029094629e-05,0.998,CAUTION,1.27393812190039
matlab_broad_s20144_c01,0.00333243610316177,0.0108087964216943,3.4053062278268e-12,0,SAFE,0.277703008596814
matlab_broad_s20144_c02,0.000966822005376248,0.00332583057678484,5.60005681112577e-06,0,SAFE,0.0805685004480207
matlab_broad_s20144_c03,0.00461891729454445,0.0152275051360791,3.09612071956288e-10,0,SAFE,0.384909774545371
matlab_broad_s20144_c04,0.00238046427763133,0.00760025360915865,2.5274462393315e-17,0,SAFE,0.198372023135944
matlab_broad_s20144_c05,0.0265962381473675,0.0621871244254023,1.02013364044594e-08,0.294,UNSAFE,2.21635317894729
matlab_broad_s20144_c06,0.00887766154257086,0.0362038552315189,0.000804167887974402,3,UNSAFE,1.5
matlab_broad_s20144_c07,0.0183310682522566,0.0538274361099304,0.000150014679284347,1.57,CAUTION,1.52758902102139
matlab_broad_s20144_c08,0.0087797019562426,0.0293554268990007,0.000955615309874798,3,UNSAFE,1.5
matlab_broad_s20144_c09,0.00108614891560756,0.0034129903482958,6.32450013429815e-14,0,SAFE,0.0905124096339637
matlab_broad_s20144_c10,0.00156077207457363,0.00493177002126326,2.81892564846231e-18,0,SAFE,0.130064339547802
matlab_broad_s20144_c11,0.00853968494204487,0.0374362196536053,3.30176494301086e-05,0,SAFE,0.711640411837073
matlab_broad_s20145_c00,0.00268774855912704,0.00853990000452074,3.18416989624778e-13,0,SAFE,0.22397904659392
matlab_broad_s20145_c01,0.00129002949544311,0.00407266593699342,4.34382721895921e-16,0,SAFE,0.107502457953592
matlab_broad_s20145_c02,0.00467525135572689,0.012176081414223,7.50705458797628e-12,0.154,SAFE,0.389604279643908
matlab_broad_s20145_c03,0.0187302950100049,0.0411430787877428,2.99632467464877e-08,0.378,CAUTION,1.56085791750041
matlab_broad_s20145_c04,0.00468769283171199,0.0196853247295163,0.000106178655167198,1.974,SAFE,0.987
matlab_broad_s20145_c05,0.0227422746783869,0.0642011418940221,0.00441791570201105,3,UNSAFE,2.94527713467404
matlab_broad_s20145_c06,0.00173602426792311,0.00571208000933632,1.22184920619233e-07,0,SAFE,0.144668688993593
matlab_broad_s20145_c07,0.0115405584094825,0.0323582108181259,0.000236321944401951,1.808,SAFE,0.961713200790206
matlab_broad_s20145_c08,0.00104324597144695,0.00356422911429852,1.17825882588933e-06,0,SAFE,0.0869371642872461
matlab_broad_s20145_c09,0.0268520895702768,0.104788697671167,0.0019872217676177,3,UNSAFE,2.2376741308564
matlab_broad_s20145_c10,0.0106235121040896,0.0337721603630469,3.3850427375138e-17,0,SAFE,0.885292675340802
matlab_broad_s20145_c11,0.00213170704723411,0.0080010832382955,1.42456103642281e-06,0,SAFE,0.177642253936176
matlab_broad_s20146_c00,0.0297608976796452,0.0701633912956335,0.0072884233202442,3,UNSAFE,4.8589488801628
matlab_broad_s20146_c01,0.00470055918264428,0.0170220065653456,3.41570031067959e-08,0,SAFE,0.391713265220357
matlab_broad_s20146_c02,0.00325619404640292,0.0107162097078366,1.66702183376247e-07,0,SAFE,0.27134950386691
matlab_broad_s20146_c03,0.000893298598619337,0.00289440496175719,3.73857395522114e-08,0,SAFE,0.0744415498849448
matlab_broad_s20146_c04,0.00598410532386316,0.0188333603515152,5.20417042793042e-18,0,SAFE,0.498675443655264
matlab_broad_s20146_c05,0.00112329650575562,0.00393768785910133,1.5013508498995e-05,0,SAFE,0.0936080421463017
matlab_broad_s20146_c06,0.0218992869692623,0.060711287456714,0.00256761972988485,3,UNSAFE,1.82494058077186
matlab_broad_s20146_c07,0.00155684128916387,0.00491548248368782,5.05146130664035e-08,0,SAFE,0.129736774096989
matlab_broad_s20146_c08,0.00832095945806647,0.0338759166233839,0.00113108681870591,3,UNSAFE,1.5
matlab_broad_s20146_c09,0.0089278348704643,0.0217594474979392,6.26798557604489e-10,0.24,SAFE,0.743986239205358
matlab_broad_s20146_c10,0.0252888449685327,0.0620017248478442,1.34200535694879e-09,0.232,UNSAFE,2.10740374737772
matlab_broad_s20146_c11,0.00195687169067196,0.00582157569848877,4.33680868994202e-19,0,SAFE,0.16307264088933
matlab_broad_s20147_c00,0.00251406085360283,0.00793058527994526,1.30104260698261e-18,0,SAFE,0.209505071133569
matlab_broad_s20147_c01,0.00381865034074902,0.0170641196730196,1.32831620720628e-05,0,SAFE,0.318220861729085
matlab_broad_s20147_c02,0.0146961884522985,0.0552225176261209,5.53893711741761e-07,0.168,CAUTION,1.22468237102488
matlab_broad_s20147_c03,0.00845304789033001,0.0290224335284413,1.57478924567843e-05,0,SAFE,0.704420657527501
matlab_broad_s20147_c04,0.00139116739835708,0.00436694453913237,2.16840434497101e-18,0,SAFE,0.115930616529756
matlab_broad_s20147_c05,0.000837664933515951,0.00276630813145026,2.04537518055992e-07,0,SAFE,0.0698054111263292
matlab_broad_s20147_c06,0.0247326946976196,0.0272061025698697,0.000190921395850784,1.564,UNSAFE,2.0610578914683
matlab_broad_s20147_c07,0.00179481919636278,0.00567435557993513,1.30104260698261e-18,0,SAFE,0.149568266363565
matlab_broad_s20147_c08,0.00549928414376637,0.0171892494526568,1.47451495458029e-17,0,SAFE,0.458273678647198
matlab_broad_s20147_c09,0.0171782010818316,0.0468073789247584,0.00497146585505555,3,UNSAFE,3.31431057003703
matlab_broad_s20147_c10,0.0293420650628006,0.0790094897602036,0.00649622516808132,3,UNSAFE,4.33081677872088
matlab_broad_s20147_c11,0.00293744039971456,0.0132203011899417,8.18562104634782e-06,0,SAFE,0.244786699976213
matlab_broad_s20148_c00,0.0119212572997643,0.0304769747653907,6.55473839066809e-11,0.178,SAFE,0.993438108313692
matlab_broad_s20148_c01,0.0061801603724666,0.0224461523391238,0.000696977765483257,2.974,UNSAFE,1.487
matlab_broad_s20148_c02,0.00103877028879582,0.00330124734725919,8.02627982515755e-10,0,SAFE,0.0865641907329853
matlab_broad_s20148_c03,0.00145229630926636,0.00449230115871914,0,0,SAFE,0.121024692438863
matlab_broad_s20148_c04,0.00223634588381265,0.00761431259999921,1.64647424239993e-09,0,SAFE,0.186362156984387
matlab_broad_s20148_c05,0.0110040471315393,0.0403901909796181,0.00210619382336062,3,UNSAFE,1.5
matlab_broad_s20148_c06,0.0322529935678472,0.0853086289439128,2.74879033519536e-05,0.908,UNSAFE,2.68774946398726
matlab_broad_s20148_c07,0.00322021914469124,0.0103230035602206,2.54619967922121e-16,0,SAFE,0.268351595390937
matlab_broad_s20148_c08,0.00110806574840823,0.00352717191752561,1.27290614237704e-14,0,SAFE,0.0923388123673526
matlab_broad_s20148_c09,0.0194303672246113,0.0700051899802937,2.38828485718177e-05,0.578,CAUTION,1.6191972687176
matlab_broad_s20148_c10,0.00858077692692705,0.0311559656662108,0.00123620560766393,3,UNSAFE,1.5
matlab_broad_s20148_c11,0.00872019680362518,0.0280905802838779,1.15284095970436e-06,0,SAFE,0.726683066968765
matlab_broad_s20149_c00,0.00445778699856488,0.0139104789464665,3.53286990830861e-12,0.00600000000000001,SAFE,0.371482249880407
matlab_broad_s20149_c01,0.001174571757787,0.00528298278205726,1.60163990270285e-05,0,SAFE,0.097880979815583
matlab_broad_s20149_c02,0.0186944992030396,0.0778385808652125,1.46928691236063e-05,0,CAUTION,1.55787493358664
matlab_broad_s20149_c03,0.00894304825529329,0.0248740072710775,2.6151820747526e-14,0.082,SAFE,0.745254021274441
matlab_broad_s20149_c04,0.00245849398999274,0.00770433132158197,9.99176415350944e-13,0,SAFE,0.204874499166062
matlab_broad_s20149_c05,0.00578319569852059,0.0197906154334928,1.51635058548211e-10,0,SAFE,0.481932974876716
matlab_broad_s20149_c06,0.0261509691434149,0.0277232495091141,0.000234287105183663,1.622,UNSAFE,2.17924742861791
matlab_broad_s20149_c07,0.00851567361837504,0.0336121523000917,1.15056850393715e-06,0.0580000000000001,SAFE,0.70963946819792
matlab_broad_s20149_c08,0.0205924436999025,0.0577338295632635,0.00307114987494841,3,UNSAFE,2.04743324996561
matlab_broad_s20149_c09,0.00150748395596067,0.00474477470194757,2.16840434497101e-18,0,SAFE,0.125623662996722
matlab_broad_s20149_c10,0.00302596057373513,0.0125990947620648,2.73033423914973e-05,0,SAFE,0.252163381144594
matlab_broad_s20149_c11,0.00101284369868386,0.00346718407177339,5.57837404352862e-07,0,SAFE,0.0844036415569885
matlab_broad_s20150_c00,0.0228868628991301,0.0477672890379485,4.35828473861075e-08,0.368,UNSAFE,1.90723857492751
matlab_broad_s20150_c01,0.0145660911120119,0.0492010225848534,2.15334601355157e-08,0,CAUTION,1.21384092600099
matlab_broad_s20150_c02,0.00216081483010369,0.00795395087077858,8.70326590609911e-09,0,SAFE,0.180067902508641
matlab_broad_s20150_c03,0.00826023701626914,0.0286349899112339,1.12269885973295e-06,0,SAFE,0.688353084689095
matlab_broad_s20150_c04,0.0166889246225721,0.0503142650587863,2.08474799264128e-14,0.0760000000000001,CAUTION,1.39074371854767
matlab_broad_s20150_c05,0.00138739875509778,0.00436301062332475,1.51788304147971e-18,0,SAFE,0.115616562924815
matlab_broad_s20150_c06,0.00194447275466629,0.00801858000075362,4.98208698988948e-05,0,SAFE,0.162039396222191
matlab_broad_s20150_c07,0.00499904473949258,0.0164519950922278,9.38377737829998e-10,0,SAFE,0.416587061624382
matlab_broad_s20150_c08,0.00273086064219867,0.00888948221309345,1.10913197751842e-08,0,SAFE,0.227571720183222
matlab_broad_s20150_c09,0.00589604116866288,0.0198722777165088,0.000177935957070189,2.624,CAUTION,1.312
matlab_broad_s20150_c10,0.000809366503550514,0.0027863896664414,3.20282373299181e-08,0,SAFE,0.0674472086292095
matlab_broad_s20150_c11,0.010466683942885,0.0391320639177541,2.83364347380845e-05,0.224,SAFE,0.872223661907086
matlab_broad_s20151_c00,0.0016024587307957,0.00538258330014509,3.67059721106746e-08,0,SAFE,0.133538227566308
matlab_broad_s20151_c01,0.00500332143154357,0.0192592219368555,2.42049606654083e-05,0.046,SAFE,0.416943452628631
matlab_broad_s20151_c02,0.00120538291550293,0.00379874466154351,1.8100740004768e-18,0,SAFE,0.100448576291911
matlab_broad_s20151_c03,0.0102633204418365,0.0457697488929961,9.17510303298886e-05,0.168,SAFE,0.855276703486373
matlab_broad_s20151_c04,0.011802312597615,0.0226556547966385,4.96316161838671e-08,0.446,SAFE,0.983526049801253
matlab_broad_s20151_c05,0.0028094782334634,0.0103317178649296,9.86116606021973e-09,0,SAFE,0.23412318612195
matlab_broad_s20151_c06,0.0215649248362401,0.041744682176111,1.07174258429686e-06,0.558,UNSAFE,1.79707706968668
matlab_broad_s20151_c07,0.000867844172653093,0.00316722829962637,3.51713499752517e-06,0,SAFE,0.0723203477210911
matlab_broad_s20151_c08,0.016878317019226,0.068532384799057,9.80498388720778e-05,0.708,CAUTION,1.40652641826883
matlab_broad_s20151_c09,0.00199127498864938,0.00869512135765613,3.68221456232248e-06,0,SAFE,0.165939582387448
matlab_broad_s20151_c10,0.00703860720519684,0.0196576647603264,3.89341363937669e-15,0.1,SAFE,0.58655060043307
matlab_broad_s20151_c11,0.0044714853675863,0.0152403627667551,6.24017705732636e-06,0,SAFE,0.372623780632192
matlab_broad_s20152_c00,0.00790147422031831,0.0276271325051112,1.49728606040837e-05,0.76,SAFE,0.658456185026526
matlab_broad_s20152_c01,0.0173693365256792,0.0773303778602896,0.000176003855254253,0.982,CAUTION,1.44744471047327
matlab_broad_s20152_c02,0.00101521999933029,0.00324305553859848,1.29170086341762e-15,0,SAFE,0.0846016666108576
matlab_broad_s20152_c03,0.00326797060769862,0.0136528303860282,1.95671402120837e-06,0,SAFE,0.272330883974885
matlab_broad_s20152_c04,0.00401021258908839,0.0115445631028747,6.07153216591882e-18,0.0580000000000001,SAFE,0.334184382424032
matlab_broad_s20152_c05,0.00186132748673008,0.00830882060655192,3.67278836652533e-05,0,SAFE,0.155110623894173
matlab_broad_s20152_c06,0.00724344216917252,0.0272698978266213,0.000888398922507847,3,UNSAFE,1.5
matlab_broad_s20152_c07,0.0135484142512049,0.0309868657759861,1.18345682800484e-08,0.318,CAUTION,1.12903452093374
matlab_broad_s20152_c08,0.00910801881424315,0.0340148637625906,7.32577567681822e-08,0,SAFE,0.759001567853596
matlab_broad_s20152_c09,0.00248344846822723,0.00793570347420845,6.78381099609095e-12,0,SAFE,0.206954039018936
matlab_broad_s20152_c10,0.00117943254898909,0.00388858446454279,3.47346751751514e-07,0,SAFE,0.0982860457490905
matlab_broad_s20152_c11,0.0227256196678671,0.0954675248704662,3.93601204794428e-05,0.666,UNSAFE,1.89380163898892
matlab_broad_s20153_c00,0.000953188785615101,0.00301327108562363,2.05998412772246e-18,0,SAFE,0.0794323988012584
matlab_broad_s20153_c01,0.0288377138458073,0.0700776384646988,0.00026125107549312,1.608,UNSAFE,2.40314282048395
matlab_broad_s20153_c02,0.02583976374934,0.0608312701949273,0.00177030727413839,3,UNSAFE,2.15331364577834
matlab_broad_s20153_c03,0.00652615493659803,0.0228858359425142,3.17976230202504e-06,0,SAFE,0.543846244716502
matlab_broad_s20153_c04,0.00184110360748844,0.00612062035766778,1.97006314529575e-07,0,SAFE,0.153425300624036
matlab_broad_s20153_c05,0.00491582172655083,0.0168746483078348,1.24148572293562e-10,0,SAFE,0.409651810545903
matlab_broad_s20153_c06,0.0026927063273029,0.009404137895701,4.44839831317846e-06,0,SAFE,0.224392193941908
matlab_broad_s20153_c07,0.00130671489644279,0.00445261229663197,6.33337842734423e-11,0,SAFE,0.108892908036899
matlab_broad_s20153_c08,0.00254394633482231,0.00799545752324935,3.90312782094782e-18,0,SAFE,0.211995527901859
matlab_broad_s20153_c09,0.0114233691319334,0.0489848475363161,1.56832971473802e-05,0,SAFE,0.951947427661118
matlab_broad_s20153_c10,0.00454883673758311,0.0155482465648408,1.34611074492504e-06,0,SAFE,0.379069728131926
matlab_broad_s20153_c11,0.0125979820433452,0.0466647169523038,7.11660473410245e-08,0,CAUTION,1.04983183694544
matlab_broad_s20154_c00,0.00217715781101396,0.0100926525891614,4.2642114259468e-05,0,SAFE,0.181429817584497
matlab_broad_s20154_c01,0.0199810486755058,0.0642478075247983,1.04694590117187e-11,0,CAUTION,1.66508738962549
matlab_broad_s20154_c02,0.00723232303726591,0.0212197009069033,1.73472347597681e-17,0.038,SAFE,0.602693586438826
matlab_broad_s20154_c03,0.00112575571409951,0.00385074580705913,6.3679867871218e-07,0,SAFE,0.0938129761749592
matlab_broad_s20154_c04,0.00992591928260371,0.0418861831775731,8.49335079019076e-06,0,SAFE,0.827159940216975
matlab_broad_s20154_c05,0.0144728548798385,0.0495691854972101,3.92934313997059e-05,1.066,CAUTION,1.20607123998654
matlab_broad_s20154_c06,0.00163899508573342,0.00515999097803849,1.51788304147971e-18,0,SAFE,0.136582923811118
matlab_broad_s20154_c07,0.0219077658989081,0.0527985488758716,2.3965870138269e-09,0.256,UNSAFE,1.82564715824234
matlab_broad_s20154_c08,0.00554854314899351,0.0153640042047543,5.81790123849475e-15,0.1,SAFE,0.46237859574946
matlab_broad_s20154_c09,0.0010238012258434,0.00322328033408466,1.95156391047391e-18,0,SAFE,0.0853167688202837
matlab_broad_s20154_c10,0.00392685952288939,0.015380579351074,0.000656734176495931,3,UNSAFE,1.5
matlab_broad_s20154_c11,0.00430147971985505,0.0182763843146829,0.000501890146277697,3,UNSAFE,1.5
matlab_broad_s20155_c00,0.00165181488059228,0.00530232426165899,2.05680643152374e-14,0,SAFE,0.137651240049356
matlab_broad_s20155_c01,0.00111531390491623,0.00372125479244934,8.27796642113229e-09,0,SAFE,0.0929428254096855
matlab_broad_s20155_c02,0.0252309974154842,0.0302052194275047,0.000126772663987091,1.414,UNSAFE,2.10258311795702
matlab_broad_s20155_c03,0.0226175133740397,0.0553293448015119,0.00605715481848596,3,UNSAFE,4.03810321232397
matlab_broad_s20155_c04,0.00537873989043538,0.0175101155582396,4.19902139289557e-08,0.23,SAFE,0.448228324202949
matlab_broad_s20155_c05,0.0185420361846861,0.0453533080915911,2.74576639573958e-07,0.486,CAUTION,1.54516968205718
matlab_broad_s20155_c06,0.000847879513964394,0.00271771967199863,6.84274145639121e-10,0,SAFE,0.0706566261636995
matlab_broad_s20155_c07,0.00225663011503365,0.00725800559418789,2.94303919610334e-13,0,SAFE,0.188052509586137
matlab_broad_s20155_c08,0.00400458103040262,0.0135602853742969,1.54955952974125e-06,0,SAFE,0.333715085866885
matlab_broad_s20155_c09,0.00664388612709045,0.0287853653240987,1.73569581464011e-05,0,SAFE,0.553657177257538
matlab_broad_s20155_c10,0.0030796648814052,0.00976144058265007,1.80691625222376e-14,0,SAFE,0.2566387401171
matlab_broad_s20155_c11,0.0101736927688406,0.0357155619712806,4.16397355106911e-05,0,SAFE,0.847807730736721
matlab_broad_s20156_c00,0.0211406201158967,0.0629544669392451,0.00523056103505899,3,UNSAFE,3.48704069003933
matlab_broad_s20156_c01,0.0255202693056527,0.0704733364639598,6.10374924930128e-08,0.348,UNSAFE,2.12668910880439
matlab_broad_s20156_c02,0.00846655324494054,0.026795372461996,1.52066312654065e-16,0,SAFE,0.705546103745045
matlab_broad_s20156_c03,0.0159949762447889,0.0674935017643385,1.31499461366501e-05,0,CAUTION,1.33291468706574
matlab_broad_s20156_c04,0.00537992221931566,0.023959137441102,0.00037049383626407,3,UNSAFE,1.5
matlab_broad_s20156_c05,0.00206149735082929,0.00704262284769159,1.18064868613818e-06,0,SAFE,0.171791445902441
matlab_broad_s20156_c06,0.00142809156103947,0.00649318053784127,6.53341850451018e-05,0,SAFE,0.119007630086623
matlab_broad_s20156_c07,0.00301085669635477,0.00925262493544793,6.93889390390723e-18,0,SAFE,0.250904724696231
matlab_broad_s20156_c08,0.00165830472767799,0.00555165481163016,1.81663008260748e-12,0,SAFE,0.138192060639832
matlab_broad_s20156_c09,0.00428260792341199,0.0134562687130576,1.38777878078145e-17,0,SAFE,0.356883993617665
matlab_broad_s20156_c10,0.000856141251321783,0.00298461003584658,2.04501706806551e-07,0,SAFE,0.0713451042768153
matlab_broad_s20156_c11,0.00758456593007792,0.0232525264826116,9.54097911787244e-18,0.00600000000000001,SAFE,0.632047160839827
matlab_broad_s20157_c00,0.00745296932614516,0.0230283256137225,1.38777878078145e-17,0,SAFE,0.621080777178764
matlab_broad_s20157_c01,0.00505825486002576,0.0135219425284428,7.75634474860142e-13,0.134,SAFE,0.42152123833548
matlab_broad_s20157_c02,0.0250117731738275,0.0795381436785042,0.000198667287870406,1.356,UNSAFE,2.08431443115229
matlab_broad_s20157_c03,0.0233295274908096,0.0861656900799872,5.98583942940103e-05,0.984,UNSAFE,1.9441272909008
matlab_broad_s20157_c04,0.0181343259919454,0.0711318616421951,0.000347282247981354,1.81,CAUTION,1.51119383266211
matlab_broad_s20157_c05,0.00456044489387204,0.0177457345936291,2.04642384580208e-06,0.448,SAFE,0.380037074489337
matlab_broad_s20157_c06,0.00420218240550454,0.0146931249247462,1.52064935680193e-05,1.024,SAFE,0.512
matlab_broad_s20157_c07,0.00243234841378871,0.00825732663330587,2.4666981756475e-08,0,SAFE,0.20269570114906
matlab_broad_s20157_c08,0.00104374745213679,0.00357126203722695,4.08301211439184e-06,0,SAFE,0.0869789543447326
matlab_broad_s20157_c09,0.00116825299776934,0.00465056400960987,1.15822284884492e-05,0,SAFE,0.0973544164807786
matlab_broad_s20157_c10,0.00168500263155777,0.00538105928600211,5.97364492738869e-10,0,SAFE,0.140416885963148
matlab_broad_s20157_c11,0.00923238253670303,0.023773146240465,2.99750630499011e-11,0.174,SAFE,0.769365211391919
matlab_broad_s20158_c00,0.00193972108123376,0.00640273983039819,2.0034712781728e-07,0,SAFE,0.161643423436147
matlab_broad_s20158_c01,0.00143938687263664,0.00452826544197959,8.17381495845847e-18,0,SAFE,0.119948906053053
matlab_broad_s20158_c02,0.00335736718997565,0.0118667409307898,1.09197752864359e-06,0,SAFE,0.279780599164637
matlab_broad_s20158_c03,0.04240999784905,0.0789732385439297,0.00892188933698571,3,UNSAFE,5.94792622465714
matlab_broad_s20158_c04,0.00171491354372227,0.00554733162765588,1.51140225237739e-07,0,SAFE,0.142909461976856
matlab_broad_s20158_c05,0.00639395599296994,0.0242303282797243,7.25275140517112e-06,0.572,SAFE,0.532829666080828
matlab_broad_s20158_c06,0.000912466257175221,0.00309767624701365,1.7418514809663e-06,0,SAFE,0.0760388547646018
matlab_broad_s20158_c07,0.0202623078214183,0.0571074259726994,0.00450877311407614,3,UNSAFE,3.00584874271743
matlab_broad_s20158_c08,0.0101805418482475,0.0339601040264862,5.37458487193781e-07,0,SAFE,0.848378487353957
matlab_broad_s20158_c09,0.00354094279878781,0.0111796504587889,6.07153216591882e-18,0,SAFE,0.295078566565651
matlab_broad_s20158_c10,0.00823536556450423,0.0179603007216402,3.01421247474931e-08,0.38,SAFE,0.686280463708685
matlab_broad_s20158_c11,0.015987251663935,0.0337606486177026,1.30703406609291e-07,0.434,CAUTION,1.33227097199458
matlab_broad_s20159_c00,0.000837424156840437,0.00263284568966589,1.40946282423116e-18,0,SAFE,0.0697853464033697
matlab_broad_s20159_c01,0.00172078553519294,0.00585694435565868,5.18908396112038e-06,0,SAFE,0.143398794599411
matlab_broad_s20159_c02,0.00231592458559007,0.00788095947430642,3.98669683685024e-07,0,SAFE,0.192993715465839
matlab_broad_s20159_c03,0.0128670854233151,0.0372769352738535,0.00150929979930052,3,UNSAFE,1.5
matlab_broad_s20159_c04,0.00495475128318698,0.0179393208665735,3.04145131638171e-05,1.234,SAFE,0.617
matlab_broad_s20159_c05,0.00126479957911439,0.0040057548419989,1.16463479551774e-15,0,SAFE,0.105399964926199
matlab_broad_s20159_c06,0.0186586416369027,0.0666161930850598,1.77251001293733e-05,0.452,CAUTION,1.55488680307522
matlab_broad_s20159_c07,0.0109144249389934,0.0314547567798824,1.168735723872e-08,0.316,SAFE,0.909535411582783
matlab_broad_s20159_c08,0.0213918364402722,0.0724593738840649,0.00219603584409396,3,UNSAFE,1.78265303668935
matlab_broad_s20159_c09,0.0222715880158271,0.0437113015099804,5.3621547306548e-07,0.534,UNSAFE,1.85596566798559
matlab_broad_s20159_c10,0.00309526605169727,0.0116936734665794,4.66261614075457e-05,0,SAFE,0.257938837641439
matlab_broad_s20159_c11,0.00618316286804324,0.0147439395580841,1.14941919185611e-09,0.264,SAFE,0.515263572336937
matlab_broad_s20160_c00,0.00339108693688006,0.0107062074999264,8.67361737988404e-18,0,SAFE,0.282590578073339
matlab_broad_s20160_c01,0.0215458618093254,0.0341939483781914,1.42629028591668e-05,0.898,UNSAFE,1.79548848411045
matlab_broad_s20160_c02,0.012748641145504,0.0479306769961727,0.00163510223079078,3,UNSAFE,1.5
matlab_broad_s20160_c03,0.0156764845100229,0.0564543203287044,2.02196052851736e-07,0.194,CAUTION,1.30637370916858
matlab_broad_s20160_c04,0.00709494931750078,0.0223834985197056,1.38777878078145e-17,0,SAFE,0.591245776458398
matlab_broad_s20160_c05,0.00496255286660638,0.0143584483366671,7.62111504261356e-14,0.0680000000000001,SAFE,0.413546072217198
matlab_broad_s20160_c06,0.00227828267605737,0.00982582756908081,0.000186486554925243,3,UNSAFE,1.5
matlab_broad_s20160_c07,0.00089566142233722,0.00282130292664556,1.73472347597681e-18,0,SAFE,0.074638451861435
matlab_broad_s20160_c08,0.0011768957677065,0.00372538369150944,1.40667990385211e-14,0,SAFE,0.0980746473088747
matlab_broad_s20160_c09,0.00226722908553658,0.0104439528706534,8.12498006724654e-05,0,SAFE,0.188935757128048
matlab_broad_s20160_c10,0.0296088998951148,0.0995197889650246,0.00551528193962232,3,UNSAFE,3.67685462641488
matlab_broad_s20160_c11,0.00407116032635987,0.0126396262642605,4.24677856350295e-09,0,SAFE,0.339263360529989
matlab_broad_s20161_c00,0.00392993848411418,0.0154544529215737,0.000669348832204748,3,UNSAFE,1.5
matlab_broad_s20161_c01,0.0161260539875964,0.0285544037009334,3.13446018800731e-06,0.702,CAUTION,1.3438378322997
matlab_broad_s20161_c02,0.0339968199785931,0.0705700158635189,0.000453166947707786,1.938,UNSAFE,2.83306833154943
matlab_broad_s20161_c03,0.00827552590814089,0.0308174628917194,0.000136813195376407,1.76,SAFE,0.88
matlab_broad_s20161_c04,0.00900687715155963,0.0316840227092619,1.44810690674857e-06,0,SAFE,0.750573095963302
matlab_broad_s20161_c05,0.00365015721529376,0.0136119210139775,2.10071194137991e-05,0,SAFE,0.304179767941146
matlab_broad_s20161_c06,0.00173121289156206,0.00541466098635429,3.68628738645072e-18,0,SAFE,0.144267740963505
matlab_broad_s20161_c07,0.00228543723393229,0.00919585229455097,6.89659906086804e-06,0,SAFE,0.190453102827691
matlab_broad_s20161_c08,0.00470818662037838,0.0154182881633994,1.59057103146379e-09,0,SAFE,0.392348885031532
matlab_broad_s20161_c09,0.0136075000152013,0.0439132018113278,1.18047063237602e-07,0.258,CAUTION,1.1339583346001
matlab_broad_s20161_c10,0.00137943160804366,0.00432720673587368,2.38524477946811e-18,0,SAFE,0.114952634003639
matlab_broad_s20161_c11,0.000895798845456072,0.00298946975218771,6.94606719007167e-07,0,SAFE,0.074649903788006
matlab_broad_s20162_c00,0.00142490883969451,0.00462369731997488,4.87245147343246e-07,0,SAFE,0.118742403307876
matlab_broad_s20162_c01,0.00267520515523991,0.0098095983907406,9.79590240614753e-08,0,SAFE,0.222933762936659
matlab_broad_s20162_c02,0.0122020910309549,0.0292906893107489,1.57056127594419e-09,0.262,CAUTION,1.01684091924624
matlab_broad_s20162_c03,0.0267228440344269,0.0824044612762694,1.43471097568644e-14,0.078,UNSAFE,2.22690366953558
matlab_broad_s20162_c04,0.00102491039786286,0.00323845142231808,1.51788304147971e-18,0,SAFE,0.0854091998219047
matlab_broad_s20162_c05,0.00591282265609168,0.0192625699420765,3.23818668019707e-11,0,SAFE,0.492735221340974
matlab_broad_s20162_c06,0.00560905052691707,0.0207343502152546,0.00107566477477736,3,UNSAFE,1.5
matlab_broad_s20162_c07,0.0102403516922831,0.0225697127710486,2.78174277003416e-08,0.372,SAFE,0.85336264102359
matlab_broad_s20162_c08,0.032836722423761,0.0812183842741688,0.00799869747167616,3,UNSAFE,5.33246498111744
matlab_broad_s20162_c09,0.0112713781130134,0.0422067923268987,0.00206660590241084,3,UNSAFE,1.5
matlab_broad_s20162_c10,0.00349072040597465,0.0113071453638844,5.59314568279914e-12,0,SAFE,0.290893367164554
matlab_broad_s20162_c11,0.0015591073554215,0.00490660720056366,1.52272887948971e-12,0,SAFE,0.129925612951792
matlab_broad_s20163_c00,0.0013394264674034,0.00424515936165937,6.50916933477844e-14,0,SAFE,0.111618872283617
matlab_broad_s20163_c01,0.00288299509184392,0.00937547276623986,3.14879963594201e-09,0,SAFE,0.240249590986993
matlab_broad_s20163_c02,0.00981013599498877,0.0323563307862862,1.58105772953327e-08,0,SAFE,0.817511332915731
matlab_broad_s20163_c03,0.000969076947192065,0.00325273807557665,9.46002761294188e-07,0,SAFE,0.0807564122660054
matlab_broad_s20163_c04,0.00186893841746847,0.00611813129485482,3.44134932589826e-14,0,SAFE,0.155744868122373
matlab_broad_s20163_c05,0.00761352707107178,0.0243494931690365,2.371684418664e-07,0,SAFE,0.634460589255982
matlab_broad_s20163_c06,0.00360365426434013,0.0148445577782237,1.32131947641167e-06,0,SAFE,0.300304522028344
matlab_broad_s20163_c07,0.0304749295338427,0.065838575676646,0.000283208984058028,1.896,UNSAFE,2.53957746115356
matlab_broad_s20163_c08,0.0250810843762162,0.0810004717382937,0.000262620339502218,1.656,UNSAFE,2.09009036468468
matlab_broad_s20163_c09,0.0126641136590805,0.0266673347995874,1.13066073642094e-07,0.432,CAUTION,1.05534280492338
matlab_broad_s20163_c10,0.00758638260166891,0.0262032245979699,0.00180152900032024,3,UNSAFE,1.5
matlab_broad_s20163_c11,0.00194938765404756,0.00616474704484627,8.31634431188688e-18,0,SAFE,0.16244897117063
matlab_broad_s20164_c00,0.00168987122992008,0.0059786759623538,1.97959736183394e-05,0,SAFE,0.14082260249334
matlab_broad_s20164_c01,0.00352202009848333,0.0112566244609356,1.55353041801716e-08,0,SAFE,0.293501674873611
matlab_broad_s20164_c02,0.00985828330507194,0.0277843521810128,1.02895381236922e-15,0.078,SAFE,0.821523608755995
matlab_broad_s20164_c03,0.00114462047981218,0.00533335090883352,2.72184713269666e-05,0,SAFE,0.0953850399843483
matlab_broad_s20164_c04,0.00398487631874254,0.0161010461971772,0.00044109345376879,3,UNSAFE,1.5
matlab_broad_s20164_c05,0.0166164671530916,0.0555193551158079,3.29723414477546e-07,0.0740000000000001,CAUTION,1.38470559609097
matlab_broad_s20164_c06,0.0254966111231469,0.0869174934444841,4.99662321714752e-10,0.166,UNSAFE,2.12471759359558
matlab_broad_s20164_c07,0.000831737574894251,0.00262322019900501,1.77754463714749e-15,0,SAFE,0.0693114645745209
matlab_broad_s20164_c08,0.00706074276186618,0.0192884337402164,5.01005671330064e-17,0.12,SAFE,0.588395230155515
matlab_broad_s20164_c09,0.00630131500377677,0.0220403431198575,3.57977000062999e-07,0.386,SAFE,0.525109583648064
matlab_broad_s20164_c10,0.00230513467869766,0.00784908502430374,4.20787825460082e-08,0,SAFE,0.192094556558138
matlab_broad_s20164_c11,0.0115352864908206,0.0359338402505403,2.08166817117217e-17,0,SAFE,0.961273874235047
matlab_broad_s20165_c00,0.0165643024180331,0.0665942473308644,0.000484540824802216,2.452,CAUTION,1.38035853483609
matlab_broad_s20165_c01,0.00778096915572153,0.0193873933198242,1.86832235307263e-10,0.208,SAFE,0.648414096310128
matlab_broad_s20165_c02,0.0369991497341351,0.0888324956527738,0.00327186754154833,3,UNSAFE,3.08326247784459
matlab_broad_s20165_c03,0.00224436490556942,0.00715049103709791,2.09507552139416e-09,0,SAFE,0.187030408797452
matlab_broad_s20165_c04,0.00110998768158973,0.00385426921677973,1.13406660512953e-05,0,SAFE,0.0924989734658104
matlab_broad_s20165_c05,0.00277215747265504,0.00858420803762808,7.37257477290143e-18,0,SAFE,0.231013122721254
matlab_broad_s20165_c06,0.0016410610427514,0.00520430480601716,1.93986091658911e-15,0,SAFE,0.13675508689595
matlab_broad_s20165_c07,0.00513912632855664,0.0158804944029177,2.8061343883085e-08,0,SAFE,0.42826052737972
matlab_broad_s20165_c08,0.00484827102428248,0.0189426623942624,0.000748825430669693,3,UNSAFE,1.5
matlab_broad_s20165_c09,0.0010294106080876,0.00323547609110577,1.73472347597681e-18,0,SAFE,0.0857842173406332
matlab_broad_s20165_c10,0.0184427821394158,0.0449200376348953,1.26459086337608e-09,0.242,CAUTION,1.53689851161798
matlab_broad_s20165_c11,0.0142261882092045,0.0492103830855026,0.00292465518435155,3,UNSAFE,1.94977012290103
matlab_broad_s20166_c00,0.00405833024568543,0.0135749765397353,7.07043146951812e-07,0,SAFE,0.338194187140453
matlab_broad_s20166_c01,0.00254633665303392,0.00805000090110592,4.06537963400935e-10,0,SAFE,0.21219472108616
matlab_broad_s20166_c02,0.00155795796160525,0.00726453215136035,3.61750433043951e-05,0,SAFE,0.129829830133771
matlab_broad_s20166_c03,0.00143137150923979,0.00461828366039141,1.63154405487712e-09,0,SAFE,0.119280959103316
matlab_broad_s20166_c04,0.0193783810330881,0.0721919320637043,6.87642224704147e-06,0.53,CAUTION,1.61486508609068
matlab_broad_s20166_c05,0.00546250994611749,0.014388029315226,3.77289470805669e-12,0.142,SAFE,0.455209162176457
matlab_broad_s20166_c06,0.00900692585391296,0.024725592492718,2.45610012047603e-11,0.108,SAFE,0.750577154492747
matlab_broad_s20166_c07,0.00305386211369094,0.00962858233611046,1.73472347597681e-18,0,SAFE,0.254488509474245
matlab_broad_s20166_c08,0.00100463827704891,0.00359977974422534,1.94360665223593e-05,0,SAFE,0.0837198564207423
matlab_broad_s20166_c09,0.0274872349517471,0.0540115882658932,0.000209770107414512,1.506,UNSAFE,2.29060291264559
matlab_broad_s20166_c10,0.00781101850724969,0.0225273340444542,2.60208521396521e-17,0.0580000000000001,SAFE,0.650918208937474
matlab_broad_s20166_c11,0.0180687119693233,0.0654597547744534,0.000309214690964902,1.888,CAUTION,1.50572599744361
matlab_broad_s20167_c00,0.00610364125744701,0.0229252957640981,3.71482629846264e-07,0.27,SAFE,0.508636771453917
matlab_broad_s20167_c01,0.000943141009532094,0.00343721880506427,1.87541508958324e-05,0,SAFE,0.0785950841276745
matlab_broad_s20167_c02,0.00304847322216767,0.0104806653513879,1.15633685474819e-05,0,SAFE,0.254039435180639
matlab_broad_s20167_c03,0.00185124193386044,0.00585426082954481,2.81892564846231e-18,0,SAFE,0.154270161155036
matlab_broad_s20167_c04,0.00810455706411645,0.0204614217806624,8.2634757373175e-13,0.198,SAFE,0.675379755343037
matlab_broad_s20167_c05,0.00990331479592598,0.030127448475016,1.90819582357449e-17,0.018,SAFE,0.825276232993831
matlab_broad_s20167_c06,0.00213376034994216,0.00715491985204376,2.38089349781284e-07,0,SAFE,0.17781336249518
matlab_broad_s20167_c07,0.0192819069696884,0.0664567045856648,7.62597376336366e-05,1.094,CAUTION,1.60682558080737
matlab_broad_s20167_c08,0.00124446315610586,0.00402801670547049,2.70698152235538e-08,0,SAFE,0.103705263008822
matlab_broad_s20167_c09,0.00406288647127288,0.0136151006170448,4.68949839425681e-09,0,SAFE,0.338573872606074
matlab_broad_s20167_c10,0.0246061225563396,0.0537104067303177,6.97275651728935e-08,0.39,UNSAFE,2.0505102130283
matlab_broad_s20167_c11,0.0260011023278494,0.0617529241408764,0.00228567590621644,3,UNSAFE,2.16675852732078
matlab_broad_s20168_c00,0.00136315918117755,0.00435945865257713,2.98543878938378e-15,0,SAFE,0.113596598431463
matlab_broad_s20168_c01,0.00989065275408794,0.0195808972222834,2.42292381540269e-07,0.526,SAFE,0.824221062840662
matlab_broad_s20168_c02,0.00427311268045728,0.0165284252972893,0.000805099454736572,3,UNSAFE,1.5
matlab_broad_s20168_c03,0.0119934627150681,0.0335692941792463,4.52098019098682e-15,0.098,SAFE,0.999455226255675
matlab_broad_s20168_c04,0.00157480751362717,0.00489721796535143,6.50521303491303e-19,0,SAFE,0.131233959468931
matlab_broad_s20168_c05,0.0323917267849617,0.123136347089125,0.000330919289551531,1.768,UNSAFE,2.69931056541347
matlab_broad_s20168_c06,0.0025057727759651,0.0102249935581764,6.92498096049146e-07,0,SAFE,0.208814397997091
matlab_broad_s20168_c07,0.00466367298620063,0.0188250427960624,8.24395247797913e-07,0,SAFE,0.388639415516719
matlab_broad_s20168_c08,0.00484173612742549,0.0157229167209434,2.73657818152716e-09,0,SAFE,0.403478010618791
matlab_broad_s20168_c09,0.0198822377854883,0.0839089691143833,2.19293902263738e-05,0,CAUTION,1.65685314879069
matlab_broad_s20168_c10,0.000976325807387356,0.00365025280421319,1.08050348145176e-05,0,SAFE,0.0813604839489463
matlab_broad_s20168_c11,0.00643164392728157,0.0207355307929146,1.63318952328663e-09,0,SAFE,0.535970327273464
matlab_broad_s20169_c00,0.019908635235273,0.0679596144241612,1.23782455299229e-07,0.102,CAUTION,1.65905293627275
matlab_broad_s20169_c01,0.00285661403713303,0.0126252283840777,3.39472388069913e-05,0,SAFE,0.238051169761085
matlab_broad_s20169_c02,0.00928790365174674,0.0363885090551632,1.56555830081496e-05,0.522,SAFE,0.773991970978895
matlab_broad_s20169_c03,0.0135026502653608,0.0565256922308948,0.000472890973352686,2.702,CAUTION,1.351
matlab_broad_s20169_c04,0.000889782105676569,0.00281406660528325,5.42101086242752e-19,0,SAFE,0.0741485088063807
matlab_broad_s20169_c05,0.00517470437136805,0.0183530463497871,2.68896977947912e-06,0.648,SAFE,0.431225364280671
matlab_broad_s20169_c06,0.00141046177365223,0.00442976864655989,3.25260651745651e-18,0,SAFE,0.117538481137686
matlab_broad_s20169_c07,0.00242694483537421,0.00828690503865588,1.11868858923658e-05,0,SAFE,0.202245402947851
matlab_broad_s20169_c08,0.00964676520806964,0.032336533786671,0.00213498336248086,3,UNSAFE,1.5
matlab_broad_s20169_c09,0.0236186630284238,0.0749106509010351,1.55718787261732e-09,0.22,UNSAFE,1.96822191903532
matlab_broad_s20169_c10,0.00875150080365514,0.0259842896359521,1.38777878078145e-17,0.014,SAFE,0.729291733637929
matlab_broad_s20169_c11,0.00161965459407637,0.00529886537987423,1.38124412460866e-09,0,SAFE,0.134971216173031
matlab_broad_s20170_c00,0.00109949561586194,0.00398297810124455,2.31528695191061e-06,0,SAFE,0.091624634655162
matlab_broad_s20170_c01,0.0158040589550668,0.0432570959684133,2.88478585555943e-11,0.148,CAUTION,1.31700491292223
matlab_broad_s20170_c02,0.00720276695036793,0.0243361912842794,0.00149299693131718,3,UNSAFE,1.5
matlab_broad_s20170_c03,0.00875301580546044,0.0190426274757439,3.41193625488643e-08,0.39,SAFE,0.72941798378837
matlab_broad_s20170_c04,0.00998851497902584,0.0382937826116175,0.00171763085319658,3,UNSAFE,1.5
matlab_broad_s20170_c05,0.000936486291485702,0.00337446391609088,2.08734414186794e-06,0,SAFE,0.0780405242904752
matlab_broad_s20170_c06,0.0129271323062224,0.0425514451025134,1.33691204139663e-12,0,CAUTION,1.07726102551854
matlab_broad_s20170_c07,0.00343987205845885,0.010554986745504,5.20417042793042e-18,0,SAFE,0.286656004871571
matlab_broad_s20170_c08,0.00198812103786094,0.00632704569710547,1.31997188579039e-16,0,SAFE,0.165676753155078
matlab_broad_s20170_c09,0.00151542253485552,0.00527919238715777,8.14955701261155e-06,0,SAFE,0.12628521123796
matlab_broad_s20170_c10,0.0207766391476864,0.066018964081635,3.33390784259246e-17,0.014,UNSAFE,1.73138659564054
matlab_broad_s20170_c11,0.00558574379891507,0.018820470568458,2.03705628803292e-08,0,SAFE,0.465478649909589
matlab_broad_s20171_c00,0.00125903434750347,0.00436248169347266,1.01450847337613e-07,0,SAFE,0.104919528958623
matlab_broad_s20171_c01,0.0198909486184244,0.080239334882849,3.84684080506878e-05,0.766,CAUTION,1.65757905153537
matlab_broad_s20171_c02,0.0128572245150008,0.0346276044614501,1.08022944317405e-12,0.124,CAUTION,1.07143537625007
matlab_broad_s20171_c03,0.00402398012162106,0.0128093193388056,2.10996812795804e-11,0,SAFE,0.335331676801755
matlab_broad_s20171_c04,0.00291930132288666,0.0101475870770937,4.64339874645129e-08,0.14,SAFE,0.243275110240555
matlab_broad_s20171_c05,0.00158054258258979,0.0049738647792398,4.77048955893622e-18,0,SAFE,0.131711881882483
matlab_broad_s20171_c06,0.000932102746901657,0.00335639944162583,3.35361190412295e-06,0,SAFE,0.0776752289084714
matlab_broad_s20171_c07,0.00584462002291483,0.0165087330022253,2.33471653890821e-10,0.078,SAFE,0.487051668576235
matlab_broad_s20171_c08,0.00236022430487574,0.00922436287067387,7.44346252115705e-05,0,SAFE,0.196685358739645
matlab_broad_s20171_c09,0.0225536605646872,0.0718686606468955,5.52940469132332e-09,0.262,UNSAFE,1.87947171372393
matlab_broad_s20171_c10,0.0174254988524166,0.0561982983493053,0.00440198308430696,3,UNSAFE,2.93465538953798
matlab_broad_s20171_c11,0.00632324894173117,0.0199532595351621,1.12757025938492e-17,0,SAFE,0.526937411810931
matlab_broad_s20172_c00,0.0206342076677702,0.0584270191489769,8.01220180272637e-14,0.13,UNSAFE,1.71951730564751
matlab_broad_s20172_c01,0.00644762155266758,0.0200485393764362,2.56142648043188e-09,0,SAFE,0.537301796055632
matlab_broad_s20172_c02,0.00335121260878875,0.0132449842112557,7.56789978043717e-07,0,SAFE,0.279267717399062
matlab_broad_s20172_c03,0.00223314716664172,0.00774695409750564,7.78997252189434e-06,0,SAFE,0.186095597220144
matlab_broad_s20172_c04,0.00163584307917209,0.00633728615300269,1.66184911404296e-06,0,SAFE,0.136320256597674
matlab_broad_s20172_c05,0.000815892021699638,0.00266702584020325,2.35700142265548e-08,0,SAFE,0.0679910018083032
matlab_broad_s20172_c06,0.00451086401664626,0.0140255977293682,8.67361737988404e-19,0,SAFE,0.375905334720521
matlab_broad_s20172_c07,0.0140021256934611,0.0446452460536805,0.00200625523812089,3,UNSAFE,1.5
matlab_broad_s20172_c08,0.00125249270569842,0.00444984157100113,3.18758649137026e-06,0,SAFE,0.104374392141535
matlab_broad_s20172_c09,0.020199704549185,0.0713947541893497,0.00341570557669321,3,UNSAFE,2.2771370511288
matlab_broad_s20172_c10,0.0174641512002378,0.0277626845475436,1.33061272427417e-06,0.64,CAUTION,1.45534593335315
matlab_broad_s20172_c11,0.0060365508863566,0.016993263578995,3.37602830997853e-15,0.0680000000000001,SAFE,0.503045907196383
matlab_broad_s20173_c00,0.00697668852555275,0.0216571130966456,4.85867051449985e-07,0.532,SAFE,0.581390710462729
matlab_broad_s20173_c01,0.00299862848004811,0.0118750184736092,2.94170276167242e-05,0.978,SAFE,0.489
matlab_broad_s20173_c02,0.0128609987957332,0.0398381044709471,1.73472347597681e-17,0.03,CAUTION,1.07174989964444
matlab_broad_s20173_c03,0.0144471707196585,0.0573139917382635,0.00147606238788519,3,UNSAFE,1.5
matlab_broad_s20173_c04,0.00122556618578485,0.00441072278392641,7.95538426298628e-07,0,SAFE,0.102130515482071
matlab_broad_s20173_c05,0.00328511652045912,0.0105264582828793,1.05959705586625e-12,0,SAFE,0.27375971003826
matlab_broad_s20173_c06,0.000936158269772535,0.00304185579914215,4.0511118462748e-08,0,SAFE,0.0780131891477113
matlab_broad_s20173_c07,0.0218262107354305,0.0713488162580458,1.92805457737015e-08,0.26,UNSAFE,1.81885089461921
matlab_broad_s20173_c08,0.00444222803707243,0.0159428395011685,1.4553541995691e-08,0.106,SAFE,0.370185669756036
matlab_broad_s20173_c09,0.0211982826545625,0.0850110969575503,3.02126217097829e-05,0.76,UNSAFE,1.76652355454688
matlab_broad_s20173_c10,0.0101144499139687,0.0371497973470131,0.000868289935911329,3,UNSAFE,1.5
matlab_broad_s20173_c11,0.00160999799807443,0.0049796499933419,2.16840434497101e-18,0,SAFE,0.134166499839536
matlab_broad_s20174_c00,0.00535150833058303,0.0186463107751397,3.67160171243962e-07,0,SAFE,0.445959027548586
matlab_broad_s20174_c01,0.0219934240635158,0.0860481716720153,0.00276503658705899,3,UNSAFE,1.84335772470599
matlab_broad_s20174_c02,0.000879637510288768,0.00277027845870613,1.30104260698261e-18,0,SAFE,0.0733031258573973
matlab_broad_s20174_c03,0.00163114049641739,0.00573824659539907,3.00726814010319e-10,0,SAFE,0.135928374701449
matlab_broad_s20174_c04,0.0242960271293647,0.0886499259074127,2.65978629055725e-06,0.37,UNSAFE,2.02466892744706
matlab_broad_s20174_c05,0.011843698297078,0.0374575633368842,6.81990518706091e-14,0,SAFE,0.986974858089837
matlab_broad_s20174_c06,0.00280901308906312,0.00885323071505154,8.47964638801477e-18,0,SAFE,0.234084424088593
matlab_broad_s20174_c07,0.00390383517766261,0.0123848147707299,5.68312609405843e-17,0,SAFE,0.325319598138551
matlab_broad_s20174_c08,0.00146297246810084,0.00523537271793961,9.68260661723453e-10,0,SAFE,0.121914372341737
matlab_broad_s20174_c09,0.0112845489060671,0.0456661382505765,0.0011129481092322,3,UNSAFE,1.5
matlab_broad_s20174_c10,0.00762459420884433,0.0260812307466856,8.13216847979967e-08,0.18,SAFE,0.635382850737027
matlab_broad_s20174_c11,0.00249847921636106,0.0114931307220326,2.65618878073555e-05,0,SAFE,0.208206601363422
matlab_broad_s20175_c00,0.0180946615918339,0.0288248116014233,1.18268242667753e-05,0.884,CAUTION,1.50788846598616
matlab_broad_s20175_c01,0.00183185501152145,0.00574945196295979,4.77048955893622e-18,0,SAFE,0.152654584293454
matlab_broad_s20175_c02,0.0106257882837225,0.040451299707078,0.00197655948635049,3,UNSAFE,1.5
matlab_broad_s20175_c03,0.0290634985193475,0.055750388454613,0.000880903346423172,2.22,UNSAFE,2.42195820994562
matlab_broad_s20175_c04,0.00547981280469368,0.0163342886419911,8.67361737988404e-18,0.024,SAFE,0.456651067057806
matlab_broad_s20175_c05,0.0010806167652706,0.00354752078667553,1.56402868584881e-09,0,SAFE,0.0900513971058834
matlab_broad_s20175_c06,0.00356459937685071,0.0124045619436931,1.56455485608261e-05,0,SAFE,0.297049948070893
matlab_broad_s20175_c07,0.00296138205121971,0.0122245341078623,8.45492499498168e-06,0.23,SAFE,0.246781837601642
matlab_broad_s20175_c08,0.0196259568557877,0.0693856387130948,0.00200611394258186,3,UNSAFE,1.63549640464898
matlab_broad_s20175_c09,0.0105308708226432,0.0333377420219322,2.08166817117217e-17,0,SAFE,0.877572568553597
matlab_broad_s20175_c10,0.00084748054303047,0.00299005081355259,2.09259620110147e-07,0,SAFE,0.0706233785858725
matlab_broad_s20175_c11,0.00257271449662527,0.0086448349086235,2.89116612338493e-06,0,SAFE,0.214392874718772
matlab_broad_s20176_c00,0.00802850584994163,0.0180489986967341,8.10154093525085e-09,0.276,SAFE,0.669042154161803
matlab_broad_s20176_c01,0.00227454610577747,0.00791870936287412,5.88741880482821e-06,0,SAFE,0.189545508814789
matlab_broad_s20176_c02,0.00440984146819968,0.0163712603607129,2.83007490335838e-08,0.0620000000000001,SAFE,0.36748678901664
matlab_broad_s20176_c03,0.0160215121274649,0.0302890826023027,1.0546346314919e-06,0.6,CAUTION,1.33512601062207
matlab_broad_s20176_c04,0.016358275268809,0.0724969262430389,0.000414521631197721,2.232,CAUTION,1.36318960573408
matlab_broad_s20176_c05,0.000830215432791869,0.00261364047323804,1.73472347597681e-18,0,SAFE,0.0691846193993224
matlab_broad_s20176_c06,0.0127901311503135,0.0475008991947728,0.000114282554799399,1.456,CAUTION,1.06584426252613
matlab_broad_s20176_c07,0.00610384913337671,0.0193240845328065,1.30104260698261e-17,0,SAFE,0.50865409444806
matlab_broad_s20176_c08,0.00135823978824611,0.00436424560100228,2.3375649576264e-09,0,SAFE,0.113186649020509
matlab_broad_s20176_c09,0.00287605613725895,0.0118876932998259,4.4918094859764e-06,0.03,SAFE,0.23967134477158
matlab_broad_s20176_c10,0.0412390487261337,0.0899201399153357,0.00721772176967536,3,UNSAFE,4.81181451311691
matlab_broad_s20176_c11,0.00190705087367327,0.00618453194673039,1.37692396982631e-10,0,SAFE,0.15892090613944
matlab_broad_s20177_c00,0.00156289615704071,0.00488277975001488,4.29428550377657e-13,0,SAFE,0.130241346420059
matlab_broad_s20177_c01,0.0193948329344921,0.0567283521928942,0.00502144017182453,3,UNSAFE,3.34762678121635
matlab_broad_s20177_c02,0.0102381089724787,0.0358157984364024,1.17330415549945e-06,0,SAFE,0.853175747706557
matlab_broad_s20177_c03,0.00518304479862979,0.0138986870553158,8.05907756484845e-13,0.12,SAFE,0.431920399885815
matlab_broad_s20177_c04,0.00422918431446409,0.0144304111915024,3.93620547166885e-07,0,SAFE,0.352432026205341
matlab_broad_s20177_c05,0.00125200571559713,0.00397386258117594,5.75354351203434e-11,0,SAFE,0.104333809633095
matlab_broad_s20177_c06,0.0201076483651152,0.0516298887060525,7.76989649196213e-11,0.178,UNSAFE,1.6756373637596
matlab_broad_s20177_c07,0.00267606466225797,0.00890500289898099,1.41575200162401e-06,0,SAFE,0.223005388521497
matlab_broad_s20177_c08,0.00283794441252937,0.0115598142464534,0.000409345317403544,3,UNSAFE,1.5
matlab_broad_s20177_c09,0.00863139204884392,0.0322307350049652,1.55281217802918e-05,0.82,SAFE,0.719282670736993
matlab_broad_s20177_c10,0.000901488555863772,0.00317159256310265,8.72672278761162e-06,0,SAFE,0.075124046321981
matlab_broad_s20177_c11,0.0160152275882454,0.0344777347843979,6.20030249722249e-08,0.408,CAUTION,1.33460229902045
matlab_broad_s20178_c00,0.012358749685391,0.037756991676268,4.05315846566596e-08,0.284,CAUTION,1.02989580711592
matlab_broad_s20178_c01,0.00995249046519043,0.0363913074334586,0.00198411364524644,3,UNSAFE,1.5
matlab_broad_s20178_c02,0.0112502663003858,0.0491005698205652,3.19466950221573e-05,0,SAFE,0.937522191698817
matlab_broad_s20178_c03,0.0267671514735791,0.108436278915955,0.000930799988817943,3,UNSAFE,2.23059595613159
matlab_broad_s20178_c04,0.0215219883975489,0.0371390005848109,2.75154202707064e-05,1.024,UNSAFE,1.79349903312908
matlab_broad_s20178_c05,0.000880511348301379,0.00316936032441112,9.11889113778338e-07,0,SAFE,0.0733759456917816
matlab_broad_s20178_c06,0.00332536607256877,0.0105963149280068,1.21602714847345e-12,0,SAFE,0.277113839380731
matlab_broad_s20178_c07,0.00167780988169459,0.00527860146671615,2.16840434497101e-18,0,SAFE,0.139817490141216
matlab_broad_s20178_c08,0.00107639402752746,0.00338418855167694,2.38524477946811e-18,0,SAFE,0.0896995022939548
matlab_broad_s20178_c09,0.00247242833082577,0.00939033297830581,8.91697208155081e-08,0,SAFE,0.206035694235481
matlab_broad_s20178_c10,0.00407004112186515,0.0129070859696978,1.11468530898921e-17,0,SAFE,0.339170093488763
matlab_broad_s20178_c11,0.00501179447516886,0.0156572549754545,6.37888494443283e-10,0,SAFE,0.417649539597405
matlab_broad_s20179_c00,0.0199968332913682,0.0632245695416835,0.00262723424948358,3,UNSAFE,1.75148949965572
matlab_broad_s20179_c01,0.0213075453806432,0.0640932557509296,1.82698400860069e-14,0.088,UNSAFE,1.77562878172027
matlab_broad_s20179_c02,0.0196693282902355,0.0516260676056238,1.57992916007427e-11,0.152,CAUTION,1.63911069085296
matlab_broad_s20179_c03,0.00142236073782627,0.00648888278690305,8.40888879610557e-05,0,SAFE,0.118530061485523
matlab_broad_s20179_c04,0.00266372183219487,0.00914311257821572,1.12500213214956e-05,0,SAFE,0.221976819349573
matlab_broad_s20179_c05,0.00676291119715878,0.0168944070344715,1.41487821887936e-10,0.204,SAFE,0.563575933096565
matlab_broad_s20179_c06,0.00549367128471908,0.018012070950247,1.30901287207064e-08,0,SAFE,0.457805940393257
matlab_broad_s20179_c07,0.00195550810075741,0.00643743378540307,1.53362847804448e-10,0,SAFE,0.162959008396451
matlab_broad_s20179_c08,0.00445694219328972,0.0135865144985025,1.97172205873848e-15,0.02,SAFE,0.37141184944081
matlab_broad_s20179_c09,0.000942227596705823,0.00358234134068643,1.60207807189369e-05,0,SAFE,0.0785189663921519
matlab_broad_s20179_c10,0.00250533935406539,0.0085791544610601,8.97074274597788e-06,0,SAFE,0.208778279505449
matlab_broad_s20179_c11,0.00950353848613746,0.0342245313392256,1.04368721966995e-08,0,SAFE,0.791961540511455
matlab_broad_s20180_c00,0.00956056799868131,0.0324747897429648,0.00104020725353132,3,UNSAFE,1.5
matlab_broad_s20180_c01,0.00609663207163037,0.028150938402517,1.61176698363511e-05,0,SAFE,0.508052672635864
matlab_broad_s20180_c02,0.0202226014456229,0.0773154985781022,1.81089533331655e-05,0.402,UNSAFE,1.68521678713525
matlab_broad_s20180_c03,0.00444236084344678,0.012749950561662,8.6785630480584e-17,0.046,SAFE,0.370196736953898
matlab_broad_s20180_c04,0.00290808277816051,0.0122589463033035,7.3628994074162e-06,0,SAFE,0.242340231513376
matlab_broad_s20180_c05,0.0122584971738919,0.0399841836669563,7.18047996717216e-05,1.28,CAUTION,1.02154143115766
matlab_broad_s20180_c06,0.0410074646360798,0.0838725464734202,0.00846251531357894,3,UNSAFE,5.64167687571929
matlab_broad_s20180_c07,0.0136395334138944,0.0359573640182269,1.40227666546606e-12,0.156,CAUTION,1.1366277844912
matlab_broad_s20180_c08,0.00126980319372785,0.00399172206753071,1.0842021724855e-18,0,SAFE,0.105816932810654
matlab_broad_s20180_c09,0.000923575489724002,0.00289689441836063,1.0842021724855e-18,0,SAFE,0.0769646241436669
matlab_broad_s20180_c10,0.00146953804799044,0.00492260076578702,5.69390167125767e-07,0,SAFE,0.122461503999203
matlab_broad_s20180_c11,0.00244981887098974,0.00830530341447433,1.57466370107015e-07,0,SAFE,0.204151572582478
matlab_boundary_1,0.0119952941754153,0.0430798115404464,3.63702868815806e-05,0.316,SAFE,0.999607847951278
matlab_boundary_2,0.0119599973969288,0.0418491976293685,8.5203603295308e-09,0,SAFE,0.996666449744064
matlab_boundary_3,0.0118527878224577,0.0390373994046262,5.49461392465764e-12,0,SAFE,0.987732318538142
matlab_boundary_4,0.0117719278515208,0.0290718918974098,2.36077636025646e-07,0.492,SAFE,0.98099398762673
matlab_boundary_5,0.0117472059918926,0.0389889414146623,7.15072144704682e-08,0.2,SAFE,0.978933832657716
matlab_boundary_6,0.0117199208882018,0.0431582961779145,3.30757385921761e-08,0,SAFE,0.976660074016817
matlab_boundary_7,0.011584076625609,0.0350416608182274,3.73116515156396e-06,0.652,SAFE,0.965339718800754
matlab_boundary_8,0.0114274522761105,0.0356703768819043,8.59791391192319e-05,1.39,SAFE,0.952287689675873
matlab_boundary_9,0.0114266899735375,0.033352711067332,1.38777878078145e-17,0.038,SAFE,0.952224164461458
matlab_boundary_10,0.0114042098197479,0.0357246117564907,2.25514051876985e-17,0.004,SAFE,0.950350818312327
matlab_boundary_11,0.0113704861216314,0.027514560668219,4.70081315699566e-07,0.548,SAFE,0.947540510135949
matlab_boundary_12,0.0113497321626871,0.0305782870647798,1.83252484690354e-08,0.36,SAFE,0.945811013557256
matlab_boundary_13,0.0112987615493731,0.0407098843422721,3.51152633284249e-07,0.314,SAFE,0.94156346244776
matlab_boundary_14,0.0112881866974261,0.0202087765718064,1.89038733212988e-06,0.684,SAFE,0.940682224785512
matlab_boundary_15,0.00912852210435113,0.0310714945057029,0.000179469706730417,1.874,SAFE,0.937
matlab_boundary_16,0.0112398398293986,0.0453279566636406,3.1043778934327e-06,0,SAFE,0.936653319116551
matlab_boundary_17,0.011230811333383,0.044933354119011,6.83585865678887e-06,0,SAFE,0.935900944448581
matlab_boundary_18,0.011224196931922,0.0430415331811605,0.000122120194920015,1.364,SAFE,0.935349744326836
matlab_boundary_19,0.011111715513408,0.0318761317342049,2.25514051876985e-17,0.0660000000000001,SAFE,0.925976292783999
matlab_boundary_20,0.0110677545778035,0.0301714709485841,1.22733530231333e-13,0.116,SAFE,0.922312881483625
matlab_boundary_21,0.00473057721955035,0.020437926431487,0.000107089021512841,1.84,SAFE,0.92
matlab_boundary_22,0.011027130536873,0.0232821527787047,6.61729054186284e-08,0.434,SAFE,0.918927544739417
matlab_boundary_23,0.0110106474455667,0.0343892757141859,4.80402192171936e-07,0.298,SAFE,0.917553953797226
matlab_boundary_24,0.0109776733525403,0.0344730613958595,1.95856289600781e-07,0,SAFE,0.914806112711693
matlab_boundary_25,0.010891380093239,0.0376518223402533,8.06862784033909e-10,0,SAFE,0.907615007769914
matlab_boundary_26,0.0108864303342566,0.020121826448376,1.14242500490563e-06,0.628,SAFE,0.907202527854713
matlab_boundary_27,0.0108840496891056,0.0393094975743816,7.90908989852442e-05,0.432,SAFE,0.9070041407588
matlab_boundary_28,0.0108619161348286,0.0199072736183792,1.29902682341809e-06,0.644,SAFE,0.905159677902379
matlab_boundary_29,0.0108553350809921,0.0288795272123878,3.01655183915041e-15,0.146,SAFE,0.904611256749343
matlab_boundary_30,0.0107197316263423,0.0353289578535282,8.38539218521477e-09,0,SAFE,0.893310968861862
matlab_boundary_31,0.0107147843338679,0.0208096537454236,3.83549166509426e-07,0.556,SAFE,0.892898694488994
matlab_boundary_32,0.0106860170254776,0.0290818621450857,3.26461500839105e-13,0.124,SAFE,0.890501418789796
matlab_boundary_33,0.0105461534018533,0.032909105700407,7.87405327521451e-05,1.388,SAFE,0.878846116821108
matlab_boundary_34,0.0104717465581062,0.0415455917412231,2.90798369097657e-05,0,SAFE,0.87264554650885
matlab_boundary_35,0.0104587327727521,0.0189071290920568,1.50609729365318e-06,0.672,SAFE,0.871561064396011
matlab_boundary_36,0.0103131749601376,0.0308370481307493,8.23912754264172e-05,1.528,SAFE,0.85943124667813
matlab_boundary_37,0.0103107163912783,0.0287719210083174,1.97015842611174e-14,0.078,SAFE,0.859226365939861
matlab_boundary_38,0.0102933721449415,0.0342617511394445,3.67148429336013e-08,0,SAFE,0.857781012078455
matlab_boundary_39,0.0102654333901635,0.0200477033597663,3.42974490566005e-08,0.432,SAFE,0.855452782513624
matlab_boundary_40,0.0102241208254801,0.0339545991314738,8.30046232246514e-08,0,SAFE,0.852010068790007
matlab_boundary_41,0.0101547367418782,0.037514896934076,4.29613063919141e-07,0,SAFE,0.846228061823182
matlab_boundary_42,0.0101328722820011,0.0266496435135467,7.34466257287301e-12,0.148,SAFE,0.844406023500094
matlab_boundary_43,0.0100876826164931,0.0319485165817665,5.20417042793042e-18,0,SAFE,0.840640218041088
matlab_boundary_44,0.0100497682605404,0.021321545505267,4.18789471939922e-08,0.424,SAFE,0.837480688378364
matlab_boundary_45,0.00569521575076841,0.0214853403683635,7.3878348877642e-05,1.672,SAFE,0.836
matlab_boundary_46,0.00999856071028812,0.0403857301692577,2.00391954289645e-06,0,SAFE,0.83321339252401
matlab_boundary_47,0.00993397189063016,0.0392565752868767,4.90990798945222e-05,0.98,SAFE,0.827830990885847
matlab_boundary_48,0.00988379563812138,0.0236794534853555,1.10427152956506e-09,0.268,SAFE,0.823649636510115
matlab_boundary_49,0.00981565651469182,0.0312431360413956,1.59937701674469e-15,0,SAFE,0.817971376224319
matlab_boundary_50,0.00980288064524716,0.0304135160413491,8.79639814604921e-07,0.552,SAFE,0.816906720437263
matlab_boundary_51,0.00980143687546601,0.0207007540258769,7.97066988790814e-08,0.434,SAFE,0.816786406288834
matlab_boundary_52,0.00975523136694129,0.0308890098820542,0,0,SAFE,0.812935947245107
matlab_boundary_53,0.00975268481055089,0.0405539733227773,8.41568888631604e-05,1.084,SAFE,0.812723734212574
matlab_boundary_54,0.00971704355986811,0.0281150862314384,1.21430643318376e-17,0.0640000000000001,SAFE,0.809753629989009
matlab_boundary_55,0.00969396266188761,0.0320159662109348,5.3466159536733e-06,0.544,SAFE,0.807830221823967
matlab_boundary_56,0.00433713491533639,0.0198407459387188,0.00011213103960895,1.612,SAFE,0.806
matlab_boundary_57,0.0096701153969581,0.0313247346761967,8.63711884950469e-14,0,SAFE,0.805842949746508
matlab_boundary_58,0.00966920698139515,0.0217175437517564,1.50946948365719e-08,0.34,SAFE,0.805767248449596
matlab_boundary_59,0.00960772031163284,0.0210643646637145,3.04876914481758e-08,0.376,SAFE,0.800643359302737
matlab_boundary_60,0.0095669275105019,0.0250403438846597,1.06620452957588e-11,0.15,SAFE,0.797243959208492
matlab_boundary_61,0.00950444531858618,0.0199400717218391,9.22941323334827e-08,0.436,SAFE,0.792037109882181
matlab_boundary_62,0.00946825187834054,0.0302193651308962,2.01929696082699e-15,0,SAFE,0.789020989861711
matlab_boundary_63,0.0094348774888235,0.028134262440688,3.62711520937244e-16,0.04,SAFE,0.786239790735291
matlab_boundary_64,0.00939193691774314,0.0419121814083635,0.000215973072167789,1.518,SAFE,0.782661409811928
matlab_boundary_65,0.00938225075400894,0.0257809099831858,9.50529206325399e-14,0.1,SAFE,0.781854229500745
matlab_boundary_66,0.00936352081508808,0.0278984850314495,3.46944695195361e-18,0.014,SAFE,0.78029340125734
matlab_boundary_67,0.00930024291733514,0.0386249647007357,2.29997676917057e-05,0,SAFE,0.775020243111262
matlab_boundary_68,0.00928974668528245,0.0332971778135134,1.41927695781587e-05,0.694,SAFE,0.77414555710687
matlab_boundary_69,0.00925392782306011,0.030909152305859,2.34081903993239e-10,0.102,SAFE,0.771160651921675
matlab_boundary_70,0.00925208959602154,0.0199594098837305,1.07635159853058e-07,0.284,SAFE,0.771007466335128
matlab_boundary_71,0.00924097869123421,0.032120755803434,5.72430987260143e-07,0,SAFE,0.770081557602851
matlab_boundary_72,0.00916447743201137,0.0338727526319836,1.68891240132543e-05,0.088,SAFE,0.763706452667614
matlab_boundary_73,0.00913533752789872,0.0288136326041984,2.94973563418623e-14,0,SAFE,0.761278127324893
matlab_boundary_74,0.00913127386404067,0.0394963937161453,0.000107916112181788,0.986,SAFE,0.760939488670056
matlab_boundary_75,0.00912937093641671,0.0292574751941109,1.23971506874021e-13,0,SAFE,0.760780911368059
matlab_boundary_76,0.00909837161159086,0.023977680966827,2.20151376893077e-13,0.156,SAFE,0.758197634299238
matlab_boundary_77,0.00903767444230338,0.0303193844111931,1.18624544807473e-06,0,SAFE,0.753139536858615
matlab_boundary_78,0.00903727678088,0.0270017825081824,2.08166817117217e-17,0.02,SAFE,0.753106398406667
matlab_boundary_79,0.00893475982325868,0.0281923983297535,1.09173649573464e-14,0,SAFE,0.74456331860489
matlab_boundary_80,0.00677616071862382,0.0265988274085062,7.00540394627508e-05,1.488,SAFE,0.744
matlab_boundary_81,0.00890495144517972,0.0280608710550003,1.04083408558608e-17,0,SAFE,0.74207928709831
matlab_boundary_82,0.00888597402604312,0.0188181795691877,6.82605252345548e-08,0.428,SAFE,0.740497835503593
matlab_boundary_83,0.00888075045184025,0.0200429679818291,8.66847983234206e-10,0.288,SAFE,0.740062537653354
matlab_boundary_84,0.00870538775651653,0.0319897156851972,6.2872325067229e-07,0.316,SAFE,0.725448979709711
matlab_boundary_85,0.00869825621530218,0.0323687546179708,1.2164999678509e-06,0,SAFE,0.724854684608515
matlab_boundary_86,0.0083060298705063,0.025237872877993,5.3364419477372e-05,1.446,SAFE,0.723
matlab_boundary_87,0.00866553101680908,0.0277799982764614,2.42055055432014e-10,0,SAFE,0.72212758473409
matlab_boundary_88,0.00865567146837008,0.0280048516195659,1.43530639910041e-10,0,SAFE,0.721305955697507
matlab_boundary_89,0.00612283492537197,0.0263680544123955,0.000112548999077248,1.436,SAFE,0.718
matlab_boundary_90,0.00861362193376859,0.0310093398025721,6.7518450038744e-09,0,SAFE,0.717801827814049
matlab_boundary_91,0.00859187529950894,0.0247744190097645,2.08166817117217e-17,0.0660000000000001,SAFE,0.715989608292412
matlab_boundary_92,0.00857476922309959,0.0286584892424234,8.12834055331413e-10,0,SAFE,0.714564101924966
matlab_boundary_93,0.00852997207127018,0.0318032802885963,6.35177354450265e-08,0,SAFE,0.710831005939182
matlab_boundary_94,0.00852831018820475,0.0286299814506112,1.680774917607e-06,0,SAFE,0.710692515683729
matlab_boundary_95,0.00845293493889774,0.0264095186197048,9.75895851345414e-09,0.238,SAFE,0.704411244908145
matlab_boundary_96,0.0084493783912931,0.0320446508181298,3.7672726092236e-05,1.068,SAFE,0.704114865941092
matlab_boundary_97,0.0084212147429791,0.0275407119944608,6.33219143925573e-12,0,SAFE,0.701767895248259
matlab_boundary_98,0.00714958767394264,0.0269275406494898,6.0722552253876e-05,1.402,SAFE,0.701
matlab_boundary_99,0.00837986559773005,0.0265180094914884,1.56125112837913e-17,0,SAFE,0.698322133144171
matlab_boundary_100,0.00836028670220304,0.0343880672409425,2.20487449046663e-05,0,SAFE,0.69669055851692
matlab_boundary_101,0.00834390136472359,0.0297119116196577,3.75931888371872e-09,0,SAFE,0.695325113726966
matlab_boundary_102,0.0083086720200633,0.0267982345943882,8.18729103819979e-14,0,SAFE,0.692389335005275
matlab_boundary_103,0.00825491111166622,0.0261761568343456,3.35377947774462e-13,0,SAFE,0.687909259305518
matlab_boundary_104,0.00818810887641851,0.0365194877681717,0.000141624403110096,0.92,SAFE,0.682342406368209
matlab_boundary_105,0.00815390284268758,0.0338429649286211,0.000108742331741987,0,SAFE,0.679491903557298
matlab_boundary_106,0.00814889475680498,0.0260345280915909,6.48964318656257e-14,0,SAFE,0.679074563067082
matlab_boundary_107,0.00805057914893776,0.0262615473926661,3.33806502589668e-12,0,SAFE,0.670881595744813
matlab_boundary_108,0.00446154581397164,0.0172266181029457,5.23794447287652e-05,1.336,SAFE,0.668
matlab_boundary_109,0.00799781755296481,0.0208112200583819,1.27890117781068e-11,0.16,SAFE,0.666484796080401
matlab_boundary_110,0.00796309189983361,0.0271808801304833,7.72663120192303e-08,0,SAFE,0.6635909916528
matlab_boundary_111,0.00790329708014229,0.0245535128457422,2.25514051876985e-17,0,SAFE,0.658608090011857
matlab_boundary_112,0.00787604401889268,0.0191434927716972,6.39217981518262e-10,0.24,SAFE,0.65633700157439
matlab_boundary_113,0.00785861652051098,0.0321116003632737,4.13891682153272e-05,0,SAFE,0.654884710042581
matlab_boundary_114,0.00776357317412492,0.0237211054476526,5.1213493609447e-10,0.196,SAFE,0.646964431177077
matlab_boundary_115,0.00776242313769393,0.0251141646141225,3.1393710401937e-10,0,SAFE,0.646868594807827
matlab_boundary_116,0.00775960174375614,0.0321151251454078,6.48907497939808e-05,0,SAFE,0.646633478646345
matlab_boundary_117,0.00772783880052274,0.0321600588391604,7.30235689799849e-05,1.094,SAFE,0.643986566710228
matlab_boundary_118,0.00771503710619708,0.0245272459523734,3.34937895666269e-05,1.278,SAFE,0.642919758849756
matlab_boundary_119,0.00768183763285109,0.0255851093253191,2.44336008192663e-06,0,SAFE,0.640153136070924
matlab_boundary_120,0.0076567256311661,0.0245294319328307,2.54880352711588e-07,0,SAFE,0.638060469263841
matlab_boundary_121,0.00764472811922646,0.0294294392571118,7.67331841812528e-07,0.234,SAFE,0.637060676602205
matlab_boundary_122,0.00758644285117859,0.0206780639400083,2.72674853520347e-08,0.374,SAFE,0.632203570931549
matlab_boundary_123,0.00754576869215282,0.0238390323121278,2.83977768596185e-16,0,SAFE,0.628814057679402
matlab_boundary_124,0.00754253684227824,0.0257679635192343,5.18896822403999e-09,0,SAFE,0.62854473685652
matlab_boundary_125,0.00749167202213834,0.023631787182689,1.12757025938492e-17,0,SAFE,0.624306001844862
matlab_boundary_126,0.00747892748361134,0.0221125123388429,1.38777878078145e-17,0.042,SAFE,0.623243956967611
matlab_boundary_127,0.00743296124280076,0.0326918157135873,3.03796856464893e-05,0,SAFE,0.619413436900064
matlab_boundary_128,0.00743069594419916,0.0219129332492591,1.99493199737333e-17,0.02,SAFE,0.619224662016596
matlab_boundary_129,0.00736904450560458,0.0242269947903935,3.49744371870892e-06,0,SAFE,0.614087042133715
matlab_boundary_130,0.00733302925668492,0.0227795779202799,1.28407045070336e-06,0.59,SAFE,0.61108577139041
matlab_boundary_131,0.00727155163553174,0.0337657180377996,2.70488798296317e-05,0,SAFE,0.605962636294311
matlab_boundary_132,0.00726770104920514,0.0259439188466053,2.74002546708311e-05,0,SAFE,0.605641754100429
matlab_boundary_133,0.00553992586669751,0.021122167405296,0.000133192114615554,1.204,SAFE,0.602
matlab_boundary_134,0.00721687914411601,0.0278357045708879,0.000128959990619277,0.572,SAFE,0.601406595343001
matlab_boundary_135,0.00445762357781282,0.0177327484223273,3.79640439257508e-05,1.202,SAFE,0.601
matlab_boundary_136,0.00455939222032937,0.0180944703307034,3.57427592417002e-05,1.2,SAFE,0.6
matlab_boundary_137,0.00719882820331129,0.024165798999819,1.4482192513077e-06,0,SAFE,0.599902350275941
matlab_boundary_138,0.0071984171602161,0.0238788647897159,4.94971910425241e-06,0,SAFE,0.599868096684675
matlab_boundary_139,0.00718853481703273,0.0228731706923828,5.9162748537891e-17,0,SAFE,0.59904456808606
matlab_boundary_140,0.00717503295107233,0.022691338923903,8.67361737988404e-18,0,SAFE,0.597919412589361
matlab_boundary_141,0.00716821233904706,0.0266136708271807,2.05022930051275e-06,0.348,SAFE,0.597351028253922
matlab_boundary_142,0.00716466485122678,0.0210210969721172,1.38777878078145e-17,0.048,SAFE,0.597055404268898
matlab_boundary_143,0.00710239441281104,0.0325733138862266,4.99806007106058e-05,0,SAFE,0.591866201067587
matlab_boundary_144,0.0070349226053859,0.0262510445824558,3.93451381920894e-06,0.56,SAFE,0.586243550448825
matlab_boundary_145,0.00171168852115094,0.00763617987834889,0.00012369068423878,1.172,SAFE,0.586
matlab_boundary_146,0.00436508432719,0.0161783744785277,2.78023096864294e-05,1.166,SAFE,0.583
matlab_boundary_147,0.00699362075278329,0.022564845426496,1.76427901201898e-07,0,SAFE,0.582801729398607
matlab_boundary_148,0.00695575233311919,0.0220353232531419,8.81465994794055e-06,0.92,SAFE,0.579646027759932
matlab_boundary_149,0.006941175009056,0.0218502892804064,1.38777878078145e-17,0,SAFE,0.578431250754667
matlab_boundary_150,0.0069343417278471,0.0237629763637917,2.27560320084857e-07,0,SAFE,0.577861810653925
matlab_boundary_151,0.00692616988393321,0.0220781212302555,4.03118759812485e-09,0,SAFE,0.5771808236611
matlab_boundary_152,0.00690433574395996,0.0218633617715204,2.08460504568366e-14,0,SAFE,0.575361311996663
matlab_boundary_153,0.00690114114006186,0.0236043745105018,4.82957381458626e-08,0,SAFE,0.575095095005155
matlab_boundary_154,0.00686791496416357,0.0230889588563429,6.02753174675324e-06,0,SAFE,0.572326247013631
matlab_boundary_155,0.00686637007564496,0.022043569182184,3.84773722398207e-07,0.476,SAFE,0.572197506303747
matlab_boundary_156,0.00329907314767874,0.0134865651676104,5.00126471383001e-05,1.138,SAFE,0.569
matlab_boundary_157,0.00681198774199978,0.021595945478839,2.46309961787701e-15,0,SAFE,0.567665645166649
matlab_boundary_158,0.00680898605046404,0.0209593266038776,8.67361737988404e-18,0,SAFE,0.567415504205337
matlab_boundary_159,0.00679846795784205,0.0229655308571435,2.98097986832919e-11,0,SAFE,0.566538996486837
matlab_boundary_160,0.00675405778038567,0.0239295487237078,8.39894078777257e-06,0,SAFE,0.562838148365473
matlab_boundary_161,0.0067371517971172,0.0205687463117153,9.08581668878289e-13,0.022,SAFE,0.561429316426433
matlab_boundary_162,0.00672784272463418,0.0187478565512231,1.58693604976929e-14,0.078,SAFE,0.560653560386182
matlab_boundary_163,0.00672551384943262,0.0231583205274915,3.14706400738875e-07,0,SAFE,0.560459487452718
matlab_boundary_164,0.00669204846079543,0.0213032834874573,1.20445477419102e-15,0,SAFE,0.557670705066286
matlab_boundary_165,0.00665941572403341,0.0297198730658854,2.26529187842569e-05,0,SAFE,0.554951310336117
matlab_boundary_166,0.00661202355391012,0.0191871529143333,2.52546656049015e-06,0.728,SAFE,0.551001962825844
matlab_boundary_167,0.00658437185798422,0.0232312954930101,6.69296585165613e-06,0,SAFE,0.548697654832019
matlab_boundary_168,0.00657050416341795,0.020999878486845,1.93783690102683e-14,0,SAFE,0.547542013618163
matlab_boundary_169,0.00656597494256271,0.0208327622343209,1.12268551332773e-17,0,SAFE,0.547164578546892
matlab_boundary_170,0.00651716624321007,0.0209628308351028,4.60600266122822e-12,0,SAFE,0.543097186934172
matlab_boundary_171,0.00648616249437498,0.0205094575709738,1.01817482037276e-17,0,SAFE,0.540513541197915
matlab_boundary_172,0.00647590874118734,0.0205350993493806,1.12312012759877e-17,0,SAFE,0.539659061765612
matlab_boundary_173,0.00645946597308869,0.0229770696924663,2.74701354833466e-06,0,SAFE,0.538288831090724
matlab_boundary_174,0.00645485072107142,0.0208589793637766,6.88237440719659e-11,0,SAFE,0.537904226755952
matlab_boundary_175,0.00639762278108497,0.0165436859346759,5.1700941679708e-10,0.154,SAFE,0.533135231757081
matlab_boundary_176,0.00639468994538457,0.0244262899263678,6.90285031569209e-07,0,SAFE,0.532890828782048
matlab_boundary_177,0.00638908261784073,0.0210900938316055,4.95112406391898e-06,0,SAFE,0.532423551486728
matlab_boundary_178,0.00638435782771915,0.0206625856646706,5.91915414011691e-11,0,SAFE,0.532029818976596
matlab_boundary_179,0.00626960478388211,0.0148827808525046,1.3587464498824e-09,0.274,SAFE,0.522467065323509
matlab_boundary_180,0.00626051493694,0.0257291120112002,2.29370643850737e-06,0,SAFE,0.521709578078333
matlab_boundary_181,0.00625575053540476,0.0189205095828684,6.07153216591882e-18,0,SAFE,0.521312544617063
matlab_boundary_182,0.00623162766776218,0.0213736856250487,2.07220529285441e-07,0,SAFE,0.519302305646848
matlab_boundary_183,0.00620035122615119,0.0169984105554732,2.11550426687624e-09,0.096,SAFE,0.516695935512599
matlab_boundary_184,0.00619939847477926,0.018536350039571,1.12757025938492e-17,0.004,SAFE,0.516616539564938
matlab_boundary_185,0.00617907024247845,0.0177800653120866,9.53659896017254e-09,0.326,SAFE,0.514922520206538
matlab_boundary_186,0.00615534018634992,0.0193388799904695,1.73472347597681e-17,0,SAFE,0.51294501552916
matlab_boundary_187,0.006123453082829,0.0260047129187637,5.7592176358992e-06,0,SAFE,0.510287756902417
matlab_boundary_188,0.00610515926039982,0.0186959287885334,1.88423265101737e-17,0.014,SAFE,0.508763271699985
matlab_boundary_189,0.00610139839271975,0.0192428637844774,1.30104260698261e-17,0,SAFE,0.508449866059979
matlab_boundary_190,0.00604239707353543,0.0206403107774544,2.12870862548702e-07,0,SAFE,0.503533089461286
matlab_boundary_191,0.00603835723868678,0.0145983389054241,5.78076085923827e-10,0.252,SAFE,0.503196436557231
matlab_boundary_192,0.00601889419865675,0.0244871992183317,1.41255311782454e-06,0,SAFE,0.501574516554729
matlab_boundary_193,0.00591494239830375,0.0174603894644307,7.76542400074592e-11,0.046,SAFE,0.492911866525313
matlab_boundary_194,0.00588356088650012,0.0190767539827766,3.84898312705848e-09,0,SAFE,0.490296740541676
matlab_boundary_195,0.00578493829689871,0.0137431303256721,1.24976699035683e-09,0.27,SAFE,0.482078191408225
matlab_boundary_196,0.00578380574381055,0.0228220886531911,2.62270605461582e-06,0,SAFE,0.481983811984212
matlab_boundary_197,0.00577773112981948,0.0176501229370943,8.75323620839152e-18,0.014,SAFE,0.481477594151624
matlab_boundary_198,0.00576587479033049,0.0176621611568092,3.46944695195361e-18,0.00800000000000001,SAFE,0.480489565860874
matlab_boundary_199,0.00572167296637493,0.0178658946548773,7.67255053382628e-06,0.936,SAFE,0.476806080531244
matlab_boundary_200,0.00571259301053177,0.0198762699983332,5.54879241080548e-06,0.73,SAFE,0.476049417544314
matlab_boundary_201,0.0120524955577454,0.0312076391216795,5.08974538993886e-12,0.176,CAUTION,1.00437462981211
matlab_boundary_202,0.0120736750442549,0.0266660215820178,3.10663902469298e-08,0.368,CAUTION,1.00613958702124
matlab_boundary_203,0.0120921770991909,0.0392931677367321,5.82547107869807e-10,0,CAUTION,1.00768142493257
matlab_boundary_204,0.0121504933691078,0.0388191270736765,4.20692950746222e-07,0,CAUTION,1.01254111409232
matlab_boundary_205,0.0122666400700469,0.0316123879350481,3.84716621982957e-11,0.172,CAUTION,1.02222000583724
matlab_boundary_206,0.0123429036355539,0.0401197923736735,2.86582034790795e-12,0.024,CAUTION,1.02857530296283
matlab_boundary_207,0.0123590129681043,0.0392527752556584,2.8566730466866e-08,0,CAUTION,1.02991774734203
matlab_boundary_208,0.0123702595495481,0.0414649540089884,1.60388658329904e-06,0,CAUTION,1.03085496246234
matlab_boundary_209,0.0124072492848675,0.0411335266577567,2.75242148338804e-07,0,CAUTION,1.03393744040562
matlab_boundary_210,0.0124208776451678,0.0317782523040389,8.06792964059309e-12,0.19,CAUTION,1.03507313709732
matlab_boundary_211,0.0124411150447668,0.0215686178678101,3.02706337240836e-06,0.742,CAUTION,1.0367595870639
matlab_boundary_212,0.0124706813334744,0.0468410785923374,8.38466640401924e-06,0.56,CAUTION,1.0392234444562
matlab_boundary_213,0.00385046218565715,0.0142816531317141,0.000122794074378984,2.082,CAUTION,1.041
matlab_boundary_214,0.0124928089330283,0.0274996240703151,2.33344545047878e-08,0.378,CAUTION,1.04106741108569
matlab_boundary_215,0.0125188980858806,0.050667796093728,4.79552686140401e-06,0.198,CAUTION,1.04324150715671
matlab_boundary_216,0.0125774426861788,0.0357643814562967,1.21430643318376e-17,0.0760000000000001,CAUTION,1.04812022384823
matlab_boundary_217,0.0126569567931513,0.0397973164673715,1.56125112837913e-17,0.002,CAUTION,1.05474639942927
matlab_boundary_218,0.0126927782122176,0.0391911746424062,4.5075825928156e-16,0.04,CAUTION,1.0577315176848
matlab_boundary_219,0.0127004308309796,0.0285524987300075,1.92919022274454e-08,0.34,CAUTION,1.05836923591497
matlab_boundary_220,0.0127574305459765,0.0516794676583917,9.1469404312767e-06,0,CAUTION,1.06311921216471
matlab_boundary_221,0.0127706206296975,0.0235586335065899,1.37870166866219e-06,0.638,CAUTION,1.06421838580813
matlab_boundary_222,0.0128157646114233,0.0394275833276906,8.67361737988404e-18,0.014,CAUTION,1.06798038428527
matlab_boundary_223,0.0128610413983781,0.0305291167304888,3.95495503644708e-06,0.634,CAUTION,1.07175344986484
matlab_boundary_224,0.0129780518919074,0.051444013535867,0.000242775444651795,1.972,CAUTION,1.08150432432561
matlab_boundary_225,0.0130150531497755,0.0450695798310925,1.74464578615275e-09,0.082,CAUTION,1.08458776248129
matlab_boundary_226,0.0130460694726973,0.0430045220261396,2.03466249326278e-07,0,CAUTION,1.08717245605811
matlab_boundary_227,0.013105301259237,0.0401170011508788,1.47112826323054e-05,0.69,CAUTION,1.09210843826975
matlab_boundary_228,0.0131873154986981,0.0322637181382723,3.29229300515121e-05,1.06,CAUTION,1.09894295822484
matlab_boundary_229,0.0132373600463249,0.0424148804511822,1.12686983119708e-09,0,CAUTION,1.10311333719375
matlab_boundary_230,0.0132408802129619,0.0468214856544899,0.000105408902340734,1.362,CAUTION,1.10340668441349
matlab_boundary_231,0.0132715837392463,0.0422004298029774,1.68761250337555e-14,0.028,CAUTION,1.10596531160386
matlab_boundary_232,0.0133445058969064,0.0412756723475276,2.34522069788993e-08,0,CAUTION,1.11204215807553
matlab_boundary_233,0.0133874644481116,0.0501539495942154,1.97644353701779e-07,0,CAUTION,1.11562203734264
matlab_boundary_234,0.0134131269085244,0.0281318412109544,1.12190219143591e-07,0.446,CAUTION,1.11776057571037
matlab_boundary_235,0.0135155336774789,0.0309009453256493,4.26055581185174e-11,0.3,CAUTION,1.12629447312324
matlab_boundary_236,0.0136228481239559,0.0441739547299732,0.000247669339624949,2.028,CAUTION,1.13523734366299
matlab_boundary_237,0.00438934942702906,0.0173910168119845,0.000132200763771442,2.278,CAUTION,1.139
matlab_boundary_238,0.00393551518451071,0.0176112985094555,0.00011922320318082,2.28,CAUTION,1.14
matlab_boundary_239,0.0137539716537578,0.042034970374208,4.00230291292378e-06,0.632,CAUTION,1.14616430447982
matlab_boundary_240,0.0137733450798486,0.028328543091989,2.08890438038953e-07,0.464,CAUTION,1.14777875665405
matlab_boundary_241,0.00979592566377172,0.0366791327576142,0.000255729423668044,2.302,CAUTION,1.151
matlab_boundary_242,0.0138249461657623,0.0468637094043478,1.77177489908795e-05,0,CAUTION,1.15207884714685
matlab_boundary_243,0.0138473359294833,0.0472285813834324,6.90922898334874e-07,0.0740000000000001,CAUTION,1.15394466079027
matlab_boundary_244,0.0138496983574521,0.0297461090795525,5.77695146931255e-08,0.412,CAUTION,1.15414152978767
matlab_boundary_245,0.00404427686322231,0.0160282221185881,0.000149539058484105,2.31,CAUTION,1.155
matlab_boundary_246,0.0139480747515537,0.0384318969846713,1.02589158681662e-13,0.098,CAUTION,1.16233956262948
matlab_boundary_247,0.013964928310172,0.0441751110309545,5.94578515182006e-06,0.61,CAUTION,1.16374402584767
matlab_boundary_248,0.0141395937237704,0.046633162933815,8.19983357570909e-12,0.02,CAUTION,1.17829947698087
matlab_boundary_249,0.0141415759086861,0.0481190986588246,1.33668581023809e-09,0.104,CAUTION,1.17846465905718
matlab_boundary_250,0.0141597032576401,0.0443026480108261,1.73472347597681e-17,0.00600000000000001,CAUTION,1.17997527147001
matlab_boundary_251,0.0141813253626053,0.0462957716806827,2.55156936491397e-13,0.002,CAUTION,1.18177711355044
matlab_boundary_252,0.0141944393680928,0.0213114473149351,1.61046746862331e-05,0.994,CAUTION,1.18286994734106
matlab_boundary_253,0.0126453941743624,0.0492748378123577,0.000357445449870245,2.368,CAUTION,1.184
matlab_boundary_254,0.00303788109461272,0.0118991274188705,0.000142581738664761,2.378,CAUTION,1.189
matlab_boundary_255,0.0142894345050415,0.0620037043210846,0.000120304735417852,0.846,CAUTION,1.19078620875346
matlab_boundary_256,0.0143705248555979,0.0363213932832619,2.50596486024258e-06,0.548,CAUTION,1.19754373796649
matlab_boundary_257,0.0141937306406757,0.0420864430816131,0.00032951720087053,2.404,CAUTION,1.202
matlab_boundary_258,0.0144623034132486,0.0643520750837531,0.000227425817390832,1.02,CAUTION,1.20519195110405
matlab_boundary_259,0.0144833719708903,0.0384600802339861,8.97404305107705e-07,0.484,CAUTION,1.20694766424085
matlab_boundary_260,0.0145375153088166,0.0451643831190438,8.71044344975684e-10,0,CAUTION,1.21145960906805
matlab_boundary_261,0.0145694105700459,0.0357118910091703,7.83108183135614e-10,0.232,CAUTION,1.21411754750383
matlab_boundary_262,0.0145997400507046,0.0427252838252454,8.12191087400077e-05,1.2,CAUTION,1.21664500422538
matlab_boundary_263,0.0147733174211111,0.0563700733793509,0.000110286411793092,0.902,CAUTION,1.23110978509259
matlab_boundary_264,0.0148317233774506,0.0316186593144673,9.63104303921294e-08,0.42,CAUTION,1.23597694812088
matlab_boundary_265,0.0149394289522234,0.0447857924594134,2.60208521396521e-17,0.032,CAUTION,1.24495241268528
matlab_boundary_266,0.0149706723446176,0.0534784412913235,6.8338680314757e-06,0.216,CAUTION,1.24755602871813
matlab_boundary_267,0.0151679803302184,0.0615416154982182,3.77624502389057e-06,0,CAUTION,1.26399836085154
matlab_boundary_268,0.0151727253512893,0.0262727754059009,1.86068607620667e-07,0.624,CAUTION,1.26439377927411
matlab_boundary_269,0.0152341291672464,0.037521073923382,6.60048299968518e-10,0.224,CAUTION,1.2695107639372
matlab_boundary_270,0.015281759283408,0.0529138900656045,4.61265969281377e-06,0.186,CAUTION,1.273479940284
matlab_boundary_271,0.0152869395901871,0.052167704274054,0.000120631392325728,1.432,CAUTION,1.2739116325156
matlab_boundary_272,0.0153612185993448,0.0523504064297599,1.47799560926452e-05,0.772,CAUTION,1.2801015499454
matlab_boundary_273,0.0153889729972992,0.0498180035537871,2.43126914819537e-11,0,CAUTION,1.2824144164416
matlab_boundary_274,0.0153986612427433,0.0473064473728429,9.31136783541841e-10,0,CAUTION,1.28322177022861
matlab_boundary_275,0.0154283537588151,0.0515850901841918,0.000189608001845361,1.876,CAUTION,1.28569614656793
matlab_boundary_276,0.00958390113177221,0.032473580929,0.000261765378611074,2.574,CAUTION,1.287
matlab_boundary_277,0.0155013607817704,0.0318836122190813,1.1732919618358e-05,0.806,CAUTION,1.29178006514753
matlab_boundary_278,0.0155014946161932,0.0492568815946646,1.6861482777906e-13,0.042,CAUTION,1.2917912180161
matlab_boundary_279,0.015525638257388,0.0529649159064551,3.09366692594759e-10,0,CAUTION,1.29380318811567
matlab_boundary_280,0.0155445256907449,0.0613632100221071,5.38266465392413e-06,0.116,CAUTION,1.2953771408954
matlab_boundary_281,0.0155696790336142,0.028686710931579,3.86741010115158e-07,0.584,CAUTION,1.29747325280118
matlab_boundary_282,0.00463130804345072,0.017496383309133,0.00018413586750164,2.602,CAUTION,1.301
matlab_boundary_283,0.0158232718946712,0.056083211904015,5.64723682187226e-09,0.054,CAUTION,1.3186059912226
matlab_boundary_284,0.0158241159790147,0.0398319018186598,2.16988017812993e-09,0.206,CAUTION,1.31867633158456
matlab_boundary_285,0.0158320710351464,0.0533733613588118,0.000404182559491667,2.586,CAUTION,1.31933925292887
matlab_boundary_286,0.0158321320953131,0.052328387178578,9.99824943255568e-07,0,CAUTION,1.31934434127609
matlab_boundary_287,0.00531814605432893,0.0239456923000071,0.000174879516827279,2.656,CAUTION,1.328
matlab_boundary_288,0.0159389222680165,0.0356207115709009,2.89787260351373e-08,0.35,CAUTION,1.32824352233471
matlab_boundary_289,0.0159691608674397,0.0552116030233479,0.000265924223560196,1.78,CAUTION,1.33076340561998
matlab_boundary_290,0.0161480754301555,0.0325912808897077,3.61332221491289e-07,0.498,CAUTION,1.34567295251296
matlab_boundary_291,0.0161518561571837,0.0692093617196069,2.45748826616892e-05,0.1,CAUTION,1.34598801309864
matlab_boundary_292,0.016204471582555,0.0655198466583747,3.35972131684146e-05,0.276,CAUTION,1.35037263187958
matlab_boundary_293,0.0162371358166084,0.054188814732568,1.69802440576917e-09,0.132,CAUTION,1.35309465138403
matlab_boundary_294,0.0162800365079649,0.0467598024126735,3.90000721106498e-09,0.274,CAUTION,1.35666970899707
matlab_boundary_295,0.0164957533502828,0.0484564802740775,3.12250225675825e-17,0.0580000000000001,CAUTION,1.37464611252357
matlab_boundary_296,0.0165057237467202,0.0517081935929429,5.49526133942225e-05,1.014,CAUTION,1.37547697889335
matlab_boundary_297,0.0166190251031129,0.0738767563863692,7.52236364397581e-05,0.0740000000000001,CAUTION,1.38491875859274
matlab_boundary_298,0.016621125228561,0.062080751844296,1.77249737918264e-05,0.648,CAUTION,1.38509376904675
matlab_boundary_299,0.0166832914083531,0.055336351365714,1.91717252473913e-05,0.822,CAUTION,1.39027428402943
matlab_boundary_300,0.0167898147239427,0.05004124235245,1.55824368852806e-05,0.734,CAUTION,1.39915122699523
matlab_boundary_301,0.0168711295613304,0.0501714774576386,3.46944695195361e-18,0.048,CAUTION,1.4059274634442
matlab_boundary_302,0.0169509347125796,0.0409148118482631,1.87352914434928e-09,0.25,CAUTION,1.41257789271496
matlab_boundary_303,0.0169652313002164,0.0543518718584188,7.81425412480785e-16,0.012,CAUTION,1.41376927501803
matlab_boundary_304,0.016970216372462,0.0254647946287348,1.11723745412702e-05,0.932,CAUTION,1.41418469770517
matlab_boundary_305,0.0171250963594635,0.0388610587534014,2.9739404456008e-05,1.15,CAUTION,1.42709136328863
matlab_boundary_306,0.0173420765200329,0.0515875415094754,1.38777878078145e-17,0.052,CAUTION,1.44517304333608
matlab_boundary_307,0.0173443287669872,0.0583682889491648,6.52710601879232e-07,0.408,CAUTION,1.44536073058227
matlab_boundary_308,0.00617447257309065,0.0222857832343016,0.000307950506719434,2.894,UNSAFE,1.447
matlab_boundary_309,0.0173845813494523,0.0397414243330334,9.93692427199104e-09,0.328,CAUTION,1.44871511245436
matlab_boundary_310,0.0173888305940607,0.0353968039880176,3.29700067745014e-07,0.482,CAUTION,1.44906921617173
matlab_boundary_311,0.0174400333339262,0.0294030180535366,6.20396290445336e-06,0.784,CAUTION,1.45333611116051
matlab_boundary_312,0.0174469037550016,0.0504263449942179,3.46944695195361e-17,0.0760000000000001,CAUTION,1.45390864625014
matlab_boundary_313,0.0174545919139855,0.0404203758844309,4.61904264457946e-07,0.562,CAUTION,1.45454932616546
matlab_boundary_314,0.00207652377823208,0.00916504112183189,0.000188824154195565,2.918,UNSAFE,1.459
matlab_boundary_315,0.0175486191295736,0.0312434250160078,3.13992949436713e-06,0.698,CAUTION,1.46238492746446
matlab_boundary_316,0.017551427539345,0.0356416374195545,3.41000325643174e-07,0.49,CAUTION,1.46261896161209
matlab_boundary_317,0.0118368392847602,0.0378850392458846,0.000706644524111187,2.93,UNSAFE,1.465
matlab_boundary_318,0.0175834662454454,0.0557186352291106,7.05373038298009e-17,0,CAUTION,1.46528885378712
matlab_boundary_319,0.0176064201583302,0.0586675775394663,1.22652319462938e-05,0.762,CAUTION,1.46720167986085
matlab_boundary_320,0.00809012603728418,0.0353790522080666,0.000468167653440302,2.938,UNSAFE,1.469
matlab_boundary_321,0.00215516892256459,0.00948428002362652,0.000208311211142126,2.95,UNSAFE,1.475
matlab_boundary_322,0.0177356641718628,0.0629060042218408,3.83341885100301e-07,0.112,CAUTION,1.4779720143219
matlab_boundary_323,0.0177522112179937,0.0640323590490507,1.34925708087962e-05,0.65,CAUTION,1.47935093483281
matlab_boundary_324,0.017755339498864,0.0415983566468705,6.44668046631253e-05,1.164,CAUTION,1.47961162490533
matlab_boundary_325,0.00725113656787227,0.0286842241312328,0.000601238728110301,2.962,UNSAFE,1.481
matlab_boundary_326,0.0127368295911075,0.0456448595060993,0.000730993029307882,2.962,UNSAFE,1.481
matlab_boundary_327,0.00504716027105603,0.0230764158282943,0.000195634630393832,2.962,UNSAFE,1.481
matlab_boundary_328,0.00485742257786232,0.0181303280862449,0.000243942659244119,2.966,UNSAFE,1.483
matlab_boundary_329,0.00295177755253129,0.0132675837376568,0.000195274633917727,2.97,UNSAFE,1.485
matlab_boundary_330,0.00502048994782852,0.0216768289603685,0.000243977866260516,2.98,UNSAFE,1.49
matlab_boundary_331,0.0101518113683507,0.041770480822569,0.000647719374890492,2.98,UNSAFE,1.49
matlab_boundary_332,0.0179071998406159,0.0549675873965705,2.52196855669609e-09,0,CAUTION,1.49226665338466
matlab_boundary_333,0.00596551552052315,0.0250308812584884,0.000364402206045652,2.998,UNSAFE,1.499
matlab_boundary_334,0.00525317674163053,0.023924835440819,0.000241511726161728,3,UNSAFE,1.5
matlab_boundary_335,0.00571670390798582,0.0201823939272653,0.000356432535926812,3,UNSAFE,1.5
matlab_boundary_336,0.00602037847049454,0.0254757424370648,0.000697339259686758,3,UNSAFE,1.5
matlab_boundary_337,0.0112281362039017,0.0434250690771794,0.00161906112944481,3,UNSAFE,1.5
matlab_boundary_338,0.00202553351688346,0.00901227694416685,0.000166101855390987,3,UNSAFE,1.5
matlab_boundary_339,0.00386426361558554,0.0150273182547826,0.00063376894582967,3,UNSAFE,1.5
matlab_boundary_340,0.0170033753096264,0.0542889836883378,0.00156489843842868,3,UNSAFE,1.5
matlab_boundary_341,0.0103992903512787,0.0354706758899395,0.00137967694621274,3,UNSAFE,1.5
matlab_boundary_342,0.0138467368396925,0.0450801538851364,0.00073287625645649,3,UNSAFE,1.5
matlab_boundary_343,0.0154694308525423,0.0565410544543062,0.00159381977537046,3,UNSAFE,1.5
matlab_boundary_344,0.00672298097758875,0.0291013479555514,0.000623931674177275,3,UNSAFE,1.5
matlab_boundary_345,0.0113196814604875,0.0443571541451162,0.000919246305275676,3,UNSAFE,1.5
matlab_boundary_346,0.00986572161195534,0.0410591446444447,0.0011445090479826,3,UNSAFE,1.5
matlab_boundary_347,0.0168951857161334,0.0648586380619941,0.00199379232795688,3,UNSAFE,1.5
matlab_boundary_348,0.00704872766577521,0.023627575816092,0.000547989932437846,3,UNSAFE,1.5
matlab_boundary_349,0.00863366204044545,0.0308494496061201,0.00149945675889888,3,UNSAFE,1.5
matlab_boundary_350,0.009196032324713,0.0395253692676005,0.000674041067129621,3,UNSAFE,1.5
matlab_boundary_351,0.0173366274955999,0.0757240772245561,0.000808827854430333,3,UNSAFE,1.5
matlab_boundary_352,0.00496831742347571,0.0186339195894022,0.00063563396236304,3,UNSAFE,1.5
matlab_boundary_353,0.00788118694157602,0.0273649670283318,0.0008277367172757,3,UNSAFE,1.5
matlab_boundary_354,0.00293611030483671,0.012042764736532,0.000384304467370506,3,UNSAFE,1.5
matlab_boundary_355,0.00819814839607685,0.0354369092894899,0.000481464285224837,3,UNSAFE,1.5
matlab_boundary_356,0.00572166267712064,0.0215178479060134,0.00115781237281555,3,UNSAFE,1.5
matlab_boundary_357,0.00941641863781527,0.0401394948710131,0.000402907168041749,3,UNSAFE,1.5
matlab_boundary_358,0.00349940501097456,0.0151025260368631,0.000335874657154017,3,UNSAFE,1.5
matlab_boundary_359,0.00541434510134536,0.019987079864447,0.00106445842309235,3,UNSAFE,1.5
matlab_boundary_360,0.014449925033664,0.0512852242222404,0.00141440426082131,3,UNSAFE,1.5
matlab_boundary_361,0.0119629404438493,0.0413094997282505,0.000617398460183534,3,UNSAFE,1.5
matlab_boundary_362,0.00614996077435082,0.0228713037927322,0.00119176446665296,3,UNSAFE,1.5
matlab_boundary_363,0.0140983460256221,0.0503726602340831,0.000989631026397877,3,UNSAFE,1.5
matlab_boundary_364,0.0109235587642053,0.034180646035483,0.00102504562304628,3,UNSAFE,1.5
matlab_boundary_365,0.00805149846652073,0.0267160400268489,0.000729834844318567,3,UNSAFE,1.5
matlab_boundary_366,0.00547351045628581,0.0206036864485424,0.000899064633158316,3,UNSAFE,1.5
matlab_boundary_367,0.0137847878464431,0.0510269310386196,0.00199028446657818,3,UNSAFE,1.5
matlab_boundary_368,0.00839160492523668,0.0321222357118897,0.00137589447161125,3,UNSAFE,1.5
matlab_boundary_369,0.00559562391696132,0.0211779931454484,0.000589585272978573,3,UNSAFE,1.5
matlab_boundary_370,0.00602266809092855,0.0251619178345312,0.00049897407899744,3,UNSAFE,1.5
matlab_boundary_371,0.00322265820988922,0.0144000950957227,0.000245737204883897,3,UNSAFE,1.5
matlab_boundary_372,0.00353270046877368,0.0142893492049777,0.000570064142846261,3,UNSAFE,1.5
matlab_boundary_373,0.00983269791100158,0.0350727750014091,0.00191854983802211,3,UNSAFE,1.5
matlab_boundary_374,0.00197096649054904,0.00851792996421854,0.000168137526637971,3,UNSAFE,1.5
matlab_boundary_375,0.00574228357028345,0.023755400197169,0.000763182106019008,3,UNSAFE,1.5
matlab_boundary_376,0.00659728520769687,0.0235635819766572,0.000526767906278681,3,UNSAFE,1.5
matlab_boundary_377,0.00640732866411243,0.0245255563218035,0.00120585664455087,3,UNSAFE,1.5
matlab_boundary_378,0.00518171009668438,0.0210023429023206,0.000656191421837009,3,UNSAFE,1.5
matlab_boundary_379,0.00611748039768541,0.0228921299734952,0.000806357510853243,3,UNSAFE,1.5
matlab_boundary_380,0.00389198180741078,0.0164565020030789,0.000462940854403224,3,UNSAFE,1.5
matlab_boundary_381,0.0161528630654499,0.0463743344791001,0.00171437825077527,3,UNSAFE,1.5
matlab_boundary_382,0.00843070262851455,0.0332412733578551,0.000993384593328566,3,UNSAFE,1.5
matlab_boundary_383,0.00725179634285365,0.0256737416081112,0.00162054088809434,3,UNSAFE,1.5
matlab_boundary_384,0.00622541776696355,0.0234188072009848,0.000911938963465086,3,UNSAFE,1.5
matlab_boundary_385,0.0115262986473391,0.0489970771797477,0.000590517929172872,3,UNSAFE,1.5
matlab_boundary_386,0.00341560537054925,0.0138155308763677,0.000276213051406323,3,UNSAFE,1.5
matlab_boundary_387,0.00793856867033464,0.0307618043204288,0.000788699741049242,3,UNSAFE,1.5
matlab_boundary_388,0.0045934082522367,0.0188227085764955,0.000431476736248611,3,UNSAFE,1.5
matlab_boundary_389,0.00953559992920657,0.0313396487582832,0.00226322192255245,3,UNSAFE,1.50881461503497
matlab_boundary_390,0.0181688006379178,0.0368067723585988,2.43186328506006e-07,0.49,CAUTION,1.51406671982648
matlab_boundary_391,0.0181705986259333,0.0684177290712232,1.30233426852677e-05,0.636,CAUTION,1.51421655216111
matlab_boundary_392,0.018264622729812,0.0494238586187358,5.95790703352194e-13,0.122,CAUTION,1.522051894151
matlab_boundary_393,0.0184856856191528,0.0648341199768852,7.72134548875557e-09,0.166,CAUTION,1.54047380159606
matlab_boundary_394,0.0184971243722232,0.0447564595642835,2.25270134152924e-09,0.242,CAUTION,1.5414270310186
matlab_boundary_395,0.0110037751668792,0.0373890030660148,0.00231803333285319,3,UNSAFE,1.54535555523546
matlab_boundary_396,0.0185749153685515,0.0643961022270251,0.000317073147568991,1.772,CAUTION,1.54790961404596
matlab_boundary_397,0.0185867569901646,0.0651019679483021,0.0018500453551224,3,UNSAFE,1.54889641584705
matlab_boundary_398,0.0186047330227957,0.0727787578243792,0.000717005724593961,2.892,UNSAFE,1.5503944185663
matlab_boundary_399,0.0163496248495136,0.0552839693966021,0.00233355741858675,3,UNSAFE,1.5557049457245
matlab_boundary_400,0.0187249566950094,0.0520707065811205,3.8438180306492e-14,0.096,CAUTION,1.56041305791745
