actual_risk_class,actual_safe,binary_correct,completed_delivery,damping_n_s_per_m,decision_margin,decision_source,effective_mass_kg,failure_mechanism,false_safe,future_hold_settling_time_s,future_late_hold_oscillation_rms_m,future_peak_displacement_m,future_peak_velocity_m_per_s,noise_regime,passive_persistence_veto_active,passive_residual_force_rms_n,predicted_risk_class,predicted_risk_score,predicted_safe,probe_cross_correlation_lag_s,probe_delivery_bandwidth_hz,probe_normalized_rms_tracking_error,probe_rms_tracking_error_n,probe_separation_count,rd_decay_rate_log,rd_threshold_dwell_fraction,rd_time_to_threshold_fraction,stiffness_n_per_m,stratum,terminal_phase,terminal_reason,trial_id
UNSAFE,False,True,True,0.3337522618188528,3.617540332243647,frozen_policy,0.3845769667152096,target_intrinsically_slow_settling,False,3.0,0.002153526069389986,0.006244594861102585,0.03181623034060447,low,True,0.0,UNSAFE,6.464556465141105,False,0.2170000000000002,0.0,1.066293596761436,0.27941461976324977,0.0,0.0,0.0,1.0,170.7380672089682,boundary,DECISION,observation_complete,exp0009_boundary_s14201_c00
UNSAFE,False,True,True,0.3337522618188528,3.1142942506942797,frozen_policy,0.3845769667152096,target_intrinsically_slow_settling,False,3.0,0.002153526069389986,0.006244594861102585,0.03181623034060447,nominal,True,0.0,UNSAFE,5.760011950971991,False,0.2170000000000002,0.0,1.066293596761436,0.27941461976324977,0.0,0.0,0.0,1.0,170.7380672089682,boundary,DECISION,observation_complete,exp0009_boundary_s14201_c00
UNSAFE,False,True,True,0.3337522618188528,3.1670374952510585,frozen_policy,0.3845769667152096,target_intrinsically_slow_settling,False,3.0,0.002153526069389986,0.006244594861102585,0.03181623034060447,high,True,0.0,UNSAFE,5.833852493351482,False,0.2170000000000002,0.0,1.066293596761436,0.27941461976324977,0.0,0.0,0.0,1.0,170.7380672089682,boundary,DECISION,observation_complete,exp0009_boundary_s14201_c00
UNSAFE,False,True,False,6.729686778366037,nan,controller_abort_non_safe,2.1475131326644616,contact_acquisition_failure,False,inf,inf,inf,inf,low,False,inf,CAUTION,nan,False,inf,0.0,inf,inf,inf,nan,nan,nan,213.81074228148387,boundary,ABORT,acquisition_timeout,exp0009_boundary_s14201_c01
UNSAFE,False,True,False,6.729686778366037,nan,controller_abort_non_safe,2.1475131326644616,contact_acquisition_failure,False,inf,inf,inf,inf,nominal,False,inf,CAUTION,nan,False,inf,0.0,inf,inf,inf,nan,nan,nan,213.81074228148387,boundary,ABORT,acquisition_timeout,exp0009_boundary_s14201_c01
UNSAFE,False,True,False,6.729686778366037,nan,controller_abort_non_safe,2.1475131326644616,contact_acquisition_failure,False,inf,inf,inf,inf,high,False,inf,CAUTION,nan,False,inf,0.0,inf,inf,inf,nan,nan,nan,213.81074228148387,boundary,ABORT,acquisition_timeout,exp0009_boundary_s14201_c01
SAFE,True,False,True,28.877838425471296,1.143290500292141,frozen_policy,0.41258593310810404,classifier_or_other,False,0.09799999999999986,5.102008609742107e-10,0.0032616095593097413,0.016153704172054015,low,False,0.0,UNSAFE,3.5721508338202352,False,0.07900000000000007,0.0,1.0383809968851947,0.2721003223645676,0.0,2.139012627395911,0.799999999999983,0.20000000000001705,176.79089353058464,boundary,DECISION,observation_complete,exp0009_boundary_s14201_c02
SAFE,True,False,True,28.877838425471296,1.1982276248510417,frozen_policy,0.41258593310810404,classifier_or_other,False,0.09799999999999986,5.102008609742107e-10,0.0032616095593097413,0.016153704172054015,nominal,False,0.0,UNSAFE,3.663712708085069,False,0.07900000000000007,0.0,1.0383809968851947,0.2721003223645676,0.0,2.241761542083906,0.7899999999999832,0.21000000000001684,176.79089353058464,boundary,DECISION,observation_complete,exp0009_boundary_s14201_c02
SAFE,True,False,True,28.877838425471296,1.6140673905661953,frozen_policy,0.41258593310810404,classifier_or_other,False,0.09799999999999986,5.102008609742107e-10,0.0032616095593097413,0.016153704172054015,high,False,0.0,UNSAFE,4.356778984276993,False,0.07900000000000007,0.0,1.0383809968851947,0.2721003223645676,0.0,2.2868864380588363,0.10999999999999766,0.8900000000000023,176.79089353058464,boundary,DECISION,observation_complete,exp0009_boundary_s14201_c02
CAUTION,False,True,True,5.354383820897387,3.930934965574056,frozen_policy,1.1649863541484904,target_intrinsically_slow_settling,False,2.591000000000001,0.00014415601046290403,0.004241915318157208,0.021638800003648217,low,False,0.0,UNSAFE,6.9033089518036785,False,0.05999999999999339,0.0,0.998580719353775,0.26167094395819845,0.0,1.5049812811935268,0.049999999999998934,0.9500000000000011,186.73004771266602,boundary,DECISION,observation_complete,exp0009_boundary_s14201_c03
CAUTION,False,True,True,5.354383820897387,4.048603451736331,frozen_policy,1.1649863541484904,target_intrinsically_slow_settling,False,2.591000000000001,0.00014415601046290403,0.004241915318157208,0.021638800003648217,nominal,False,0.0,UNSAFE,7.0680448324308625,False,0.05999999999999339,0.0,0.998580719353775,0.26167094395819845,0.0,1.500904917992758,0.0,1.0,186.73004771266602,boundary,DECISION,observation_complete,exp0009_boundary_s14201_c03
CAUTION,False,True,True,5.354383820897387,3.760227684194783,frozen_policy,1.1649863541484904,target_intrinsically_slow_settling,False,2.591000000000001,0.00014415601046290403,0.004241915318157208,0.021638800003648217,high,False,0.0,UNSAFE,6.664318757872696,False,0.05999999999999339,0.0,0.998580719353775,0.26167094395819845,0.0,1.5169589760341082,0.009999999999999787,0.9900000000000002,186.73004771266602,boundary,DECISION,observation_complete,exp0009_boundary_s14201_c03
CAUTION,False,True,True,3.6282557167723346,3.6747600543962573,frozen_policy,0.42460063236904894,target_intrinsically_slow_settling,False,2.729,0.00022882068870116938,0.005177335437377214,0.02899025679111859,low,False,0.0,UNSAFE,6.54466407615476,False,0.08000000000000007,0.0,1.0374127854144453,0.2718466094652578,0.0,1.7280020463002148,0.46999999999999,0.53000000000001,163.26800216525206,boundary,DECISION,observation_complete,exp0009_boundary_s14201_c04
CAUTION,False,True,True,3.6282557167723346,3.8143382796871865,frozen_policy,0.42460063236904894,target_intrinsically_slow_settling,False,2.729,0.00022882068870116938,0.005177335437377214,0.02899025679111859,nominal,False,0.0,UNSAFE,6.740073591562061,False,0.08000000000000007,0.0,1.0374127854144453,0.2718466094652578,0.0,1.7471215590592681,0.2199999999999953,0.7800000000000047,163.26800216525206,boundary,DECISION,observation_complete,exp0009_boundary_s14201_c04
CAUTION,False,True,True,3.6282557167723346,3.954008948493968,frozen_policy,0.42460063236904894,target_intrinsically_slow_settling,False,2.729,0.00022882068870116938,0.005177335437377214,0.02899025679111859,high,False,0.0,UNSAFE,6.935612527891554,False,0.08000000000000007,0.0,1.0374127854144453,0.2718466094652578,0.0,1.498139388573321,0.10999999999999766,0.8900000000000023,163.26800216525206,boundary,DECISION,observation_complete,exp0009_boundary_s14201_c04
UNSAFE,False,True,True,1.9218090118709819,2.1900389405853393,frozen_policy,0.16538441723452377,target_intrinsically_slow_settling,False,3.0,0.000540173321822434,0.00485897626213553,0.033224733738708115,low,False,0.0,UNSAFE,5.316731567642232,False,0.14499999999998403,0.0,0.9985489920104184,0.2616626300345221,0.0,2.152445891427504,0.609999999999987,0.390000000000013,181.69686555303483,boundary,DECISION,observation_complete,exp0009_boundary_s14201_c05
UNSAFE,False,True,True,1.9218090118709819,1.9929561876335273,frozen_policy,0.16538441723452377,target_intrinsically_slow_settling,False,3.0,0.000540173321822434,0.00485897626213553,0.033224733738708115,nominal,False,0.0,UNSAFE,4.988260312722545,False,0.14499999999998403,0.0,0.9985489920104184,0.2616626300345221,0.0,2.4360462267709315,0.5999999999999872,0.4000000000000128,181.69686555303483,boundary,DECISION,observation_complete,exp0009_boundary_s14201_c05
UNSAFE,False,True,True,1.9218090118709819,2.5053616835012784,frozen_policy,0.16538441723452377,target_intrinsically_slow_settling,False,3.0,0.000540173321822434,0.00485897626213553,0.033224733738708115,high,False,0.0,UNSAFE,5.842269472502131,False,0.14499999999998403,0.0,0.9985489920104184,0.2616626300345221,0.0,0.0,0.019999999999999574,0.9800000000000004,181.69686555303483,boundary,DECISION,observation_complete,exp0009_boundary_s14201_c05
UNSAFE,False,True,True,3.303517313812879,2.8266799492560404,frozen_policy,0.24392405885457782,target_intrinsically_slow_settling,False,3.0,0.0002714646864699448,0.005047964181112689,0.03143382723912796,low,False,0.0,UNSAFE,5.357351928958456,False,0.12599999999998612,0.0,0.9985283959884247,0.26165723299409016,0.0,2.1261872095106655,0.7199999999999847,0.28000000000001535,183.81073477409976,boundary,DECISION,observation_complete,exp0009_boundary_s14201_c06
UNSAFE,False,True,True,3.303517313812879,2.869413838700883,frozen_policy,0.24392405885457782,target_intrinsically_slow_settling,False,3.0,0.0002714646864699448,0.005047964181112689,0.03143382723912796,nominal,False,0.0,UNSAFE,5.417179374181236,False,0.12599999999998612,0.0,0.9985283959884247,0.26165723299409016,0.0,2.2197609009924655,0.6999999999999851,0.3000000000000149,183.81073477409976,boundary,DECISION,observation_complete,exp0009_boundary_s14201_c06
UNSAFE,False,True,True,3.303517313812879,2.6182221875360696,frozen_policy,0.24392405885457782,target_intrinsically_slow_settling,False,3.0,0.0002714646864699448,0.005047964181112689,0.03143382723912796,high,False,0.0,UNSAFE,5.065511062550497,False,0.12599999999998612,0.0,0.9985283959884247,0.26165723299409016,0.0,0.0,0.48999999999998956,0.5100000000000104,183.81073477409976,boundary,DECISION,observation_complete,exp0009_boundary_s14201_c06
CAUTION,False,True,True,4.549058568588148,3.109373513887257,frozen_policy,0.40649732730904165,target_intrinsically_slow_settling,False,2.034,0.0001228689123972866,0.004975841776771228,0.02862735187579809,low,False,0.0,UNSAFE,5.753122919442159,False,0.08000000000000007,0.0,1.0366550886894517,0.2716480604512217,0.0,2.0277215300217093,0.5199999999999889,0.4800000000000111,161.2734323331956,boundary,DECISION,observation_complete,exp0009_boundary_s14201_c07
CAUTION,False,True,True,4.549058568588148,2.6699809766922034,frozen_policy,0.40649732730904165,target_intrinsically_slow_settling,False,2.034,0.0001228689123972866,0.004975841776771228,0.02862735187579809,nominal,False,0.0,UNSAFE,5.322343461184597,False,0.08000000000000007,0.0,1.0366550886894517,0.2716480604512217,0.0,1.8821189379191832,0.5099999999999891,0.49000000000001087,161.2734323331956,boundary,DECISION,observation_complete,exp0009_boundary_s14201_c07
CAUTION,False,True,True,4.549058568588148,2.4340241837854246,frozen_policy,0.40649732730904165,target_intrinsically_slow_settling,False,2.034,0.0001228689123972866,0.004975841776771228,0.02862735187579809,high,False,0.0,UNSAFE,5.694081892514559,False,0.08000000000000007,0.0,1.0366550886894517,0.2716480604512217,0.0,1.9393149649813561,0.3199999999999932,0.6800000000000068,161.2734323331956,boundary,DECISION,observation_complete,exp0009_boundary_s14201_c07
SAFE,True,False,True,7.182705099927332,2.131405678559597,frozen_policy,0.10028093781458747,classifier_or_other,False,0.9240000000000004,1.1828201342572129e-05,0.004669572151503652,0.030204082424405383,low,False,0.0,UNSAFE,4.969051499940813,False,0.11199999999998766,0.0,1.0001345888476114,0.2620781243587004,0.0,0.0,0.8999999999999808,0.10000000000001918,154.41887655016401,boundary,DECISION,observation_complete,exp0009_boundary_s14201_c08
SAFE,True,False,True,7.182705099927332,2.1528250215171014,frozen_policy,0.10028093781458747,classifier_or_other,False,0.9240000000000004,1.1828201342572129e-05,0.004669572151503652,0.030204082424405383,nominal,False,0.0,UNSAFE,5.254708369195169,False,0.11199999999998766,0.0,1.0001345888476114,0.2620781243587004,0.0,0.0,0.8799999999999812,0.12000000000001876,154.41887655016401,boundary,DECISION,observation_complete,exp0009_boundary_s14201_c08
SAFE,True,False,True,7.182705099927332,1.874332419879417,frozen_policy,0.10028093781458747,classifier_or_other,False,0.9240000000000004,1.1828201342572129e-05,0.004669572151503652,0.030204082424405383,high,False,0.0,UNSAFE,4.790554033132361,False,0.11199999999998766,0.0,1.0001345888476114,0.2620781243587004,0.0,0.0,0.6899999999999853,0.3100000000000147,154.41887655016401,boundary,DECISION,observation_complete,exp0009_boundary_s14201_c08
SAFE,True,False,True,38.445786248121664,1.4253664885398138,frozen_policy,1.167244100363667,classifier_or_other,False,0.33700000000000063,8.739433781870406e-10,0.0035779346937192084,0.01151430986094423,low,False,0.0,UNSAFE,4.042277480899689,False,0.06800000000000006,0.0,1.0318174034231486,0.2703803795860981,0.0,1.7988949294782854,0.4499999999999904,0.5500000000000096,152.33998744551,boundary,DECISION,observation_complete,exp0009_boundary_s14201_c09
SAFE,True,False,True,38.445786248121664,1.7836093667286153,frozen_policy,1.167244100363667,classifier_or_other,False,0.33700000000000063,8.739433781870406e-10,0.0035779346937192084,0.01151430986094423,nominal,False,0.0,UNSAFE,4.4003112214617985,False,0.06800000000000006,0.0,1.0318174034231486,0.2703803795860981,0.0,1.8316269308105326,0.46999999999999,0.53000000000001,152.33998744551,boundary,DECISION,observation_complete,exp0009_boundary_s14201_c09
SAFE,True,False,True,38.445786248121664,1.8405493443250203,frozen_policy,1.167244100363667,classifier_or_other,False,0.33700000000000063,8.739433781870406e-10,0.0035779346937192084,0.01151430986094423,high,False,0.0,UNSAFE,4.734248907208367,False,0.06800000000000006,0.0,1.0318174034231486,0.2703803795860981,0.0,1.7962341647786486,0.19999999999999574,0.8000000000000043,152.33998744551,boundary,DECISION,observation_complete,exp0009_boundary_s14201_c09
SAFE,True,False,True,40.88004677600946,1.529592483745276,frozen_policy,0.2841485514586973,classifier_or_other,False,0.43100000000000005,3.884409550178272e-08,0.0036094673481618885,0.012036875153425768,low,False,0.0,UNSAFE,4.215987472908793,False,0.07900000000000007,0.0,1.0385693211642362,0.2721496713965607,0.0,1.6695461993672498,0.32999999999999297,0.670000000000007,151.10984370841769,boundary,DECISION,observation_complete,exp0009_boundary_s14201_c10
SAFE,True,False,True,40.88004677600946,1.4564351161279414,frozen_policy,0.2841485514586973,classifier_or_other,False,0.43100000000000005,3.884409550178272e-08,0.0036094673481618885,0.012036875153425768,nominal,False,0.0,UNSAFE,4.094058526879903,False,0.07900000000000007,0.0,1.0385693211642362,0.2721496713965607,0.0,1.6901930314817313,0.33999999999999275,0.6600000000000072,151.10984370841769,boundary,DECISION,observation_complete,exp0009_boundary_s14201_c10
SAFE,True,False,True,40.88004677600946,1.6440587702291038,frozen_policy,0.2841485514586973,classifier_or_other,False,0.43100000000000005,3.884409550178272e-08,0.0036094673481618885,0.012036875153425768,high,False,0.0,UNSAFE,4.406764617048506,False,0.07900000000000007,0.0,1.0385693211642362,0.2721496713965607,0.0,1.6103375478250308,0.11999999999999744,0.8800000000000026,151.10984370841769,boundary,DECISION,observation_complete,exp0009_boundary_s14201_c10
UNSAFE,False,True,True,2.8294128320919314,4.828581777260582,frozen_policy,0.4832229012961841,target_intrinsically_slow_settling,False,3.0,0.0004239882401064805,0.005539009652975014,0.029196472813933706,low,False,0.0,UNSAFE,10.547200707872086,False,0.07100000000000006,0.0,1.037773056366666,0.27194101589462416,0.0,1.4067796642787853,0.05999999999999872,0.9400000000000013,157.13795786554155,boundary,DECISION,observation_complete,exp0009_boundary_s14201_c11
UNSAFE,False,True,True,2.8294128320919314,3.721017714497046,frozen_policy,0.4832229012961841,target_intrinsically_slow_settling,False,3.0,0.0004239882401064805,0.005539009652975014,0.029196472813933706,nominal,False,0.0,UNSAFE,6.609424800295865,False,0.07100000000000006,0.0,1.037773056366666,0.27194101589462416,0.0,1.42489379952746,0.049999999999998934,0.9500000000000011,157.13795786554155,boundary,DECISION,observation_complete,exp0009_boundary_s14201_c11
UNSAFE,False,True,True,2.8294128320919314,3.9430281790097874,frozen_policy,0.4832229012961841,target_intrinsically_slow_settling,False,3.0,0.0004239882401064805,0.005539009652975014,0.029196472813933706,high,False,0.0,UNSAFE,6.9202394506137015,False,0.07100000000000006,0.0,1.037773056366666,0.27194101589462416,0.0,1.4426324304595186,0.009999999999999787,0.9900000000000002,157.13795786554155,boundary,DECISION,observation_complete,exp0009_boundary_s14201_c11
SAFE,True,False,True,13.262905470032143,3.570352789975309,frozen_policy,1.4403449873790535,classifier_or_other,False,0.827,6.229343658137547e-06,0.003706701953884114,0.01807291739399573,low,False,0.0,UNSAFE,6.398493905965433,False,0.06099999999999328,0.0,0.9973060425298831,0.2613369240023903,0.0,1.9027284243883436,0.5299999999999887,0.4700000000000113,165.12885215615452,boundary,DECISION,observation_complete,exp0009_boundary_s14201_c12
SAFE,True,False,True,13.262905470032143,4.059160632973652,frozen_policy,1.4403449873790535,classifier_or_other,False,0.827,6.229343658137547e-06,0.003706701953884114,0.01807291739399573,nominal,False,0.0,UNSAFE,7.082824886163111,False,0.06099999999999328,0.0,0.9973060425298831,0.2613369240023903,0.0,1.8979828913083967,0.5499999999999883,0.4500000000000117,165.12885215615452,boundary,DECISION,observation_complete,exp0009_boundary_s14201_c12
SAFE,True,False,True,13.262905470032143,4.003904249081709,frozen_policy,1.4403449873790535,classifier_or_other,False,0.827,6.229343658137547e-06,0.003706701953884114,0.01807291739399573,high,False,0.0,UNSAFE,7.005465948714392,False,0.06099999999999328,0.0,0.9973060425298831,0.2613369240023903,0.0,1.7206292858269356,0.02999999999999936,0.9700000000000006,165.12885215615452,boundary,DECISION,observation_complete,exp0009_boundary_s14201_c12
UNSAFE,False,True,False,16.829044013904795,nan,controller_abort_non_safe,4.279129404422177,contact_acquisition_failure,False,inf,inf,inf,inf,low,False,inf,CAUTION,nan,False,inf,0.0,inf,inf,inf,nan,nan,nan,191.03071142447658,boundary,ABORT,acquisition_timeout,exp0009_boundary_s14201_c13
UNSAFE,False,True,False,16.829044013904795,nan,controller_abort_non_safe,4.279129404422177,contact_acquisition_failure,False,inf,inf,inf,inf,nominal,False,inf,CAUTION,nan,False,inf,0.0,inf,inf,inf,nan,nan,nan,191.03071142447658,boundary,ABORT,acquisition_timeout,exp0009_boundary_s14201_c13
UNSAFE,False,True,False,16.829044013904795,nan,controller_abort_non_safe,4.279129404422177,contact_acquisition_failure,False,inf,inf,inf,inf,high,False,inf,CAUTION,nan,False,inf,0.0,inf,inf,inf,nan,nan,nan,191.03071142447658,boundary,ABORT,acquisition_timeout,exp0009_boundary_s14201_c13
SAFE,True,False,True,22.184436095472993,2.116248390154066,frozen_policy,1.1287652501813679,classifier_or_other,False,0.12700000000000067,5.411154753475996e-08,0.003882751313454788,0.015321258704633064,low,False,0.0,UNSAFE,4.847538861906039,False,0.06500000000000006,0.0,1.0297611053769535,0.26984154137264305,0.0,0.0,0.8399999999999821,0.1600000000000179,145.0579656025405,boundary,DECISION,observation_complete,exp0009_boundary_s14201_c14
SAFE,True,False,True,22.184436095472993,2.236092092636573,frozen_policy,1.1287652501813679,classifier_or_other,False,0.12700000000000067,5.411154753475996e-08,0.003882751313454788,0.015321258704633064,nominal,False,0.0,UNSAFE,5.393486821060955,False,0.06500000000000006,0.0,1.0297611053769535,0.26984154137264305,0.0,0.0,0.8399999999999821,0.1600000000000179,145.0579656025405,boundary,DECISION,observation_complete,exp0009_boundary_s14201_c14
SAFE,True,False,True,22.184436095472993,2.1028072449160082,frozen_policy,1.1287652501813679,classifier_or_other,False,0.12700000000000067,5.411154753475996e-08,0.003882751313454788,0.015321258704633064,high,False,0.0,UNSAFE,5.171345408193347,False,0.06500000000000006,0.0,1.0297611053769535,0.26984154137264305,0.0,0.0,0.2899999999999938,0.7100000000000062,145.0579656025405,boundary,DECISION,observation_complete,exp0009_boundary_s14201_c14
UNSAFE,False,True,True,0.6624275501460744,1.6243837595137998,frozen_policy,0.1370182584794004,target_intrinsically_slow_settling,False,3.0,0.0010366785034938446,0.004301481888818631,0.0387026537525544,low,False,0.0,UNSAFE,4.3739729325229995,False,-0.19899999999997808,0.0,1.0260284799260297,0.26886343353793757,0.0,1.5608578842351373,0.009999999999999787,0.9900000000000002,196.43975056751202,boundary,DECISION,observation_complete,exp0009_boundary_s14201_c15
UNSAFE,False,True,True,0.6624275501460744,1.7663324547486545,frozen_policy,0.1370182584794004,target_intrinsically_slow_settling,False,3.0,0.0010366785034938446,0.004301481888818631,0.0387026537525544,nominal,False,0.0,UNSAFE,4.25094102731185,False,-0.19899999999997808,0.0,1.0260284799260297,0.26886343353793757,0.0,1.573097057541361,0.0,1.0,196.43975056751202,boundary,DECISION,observation_complete,exp0009_boundary_s14201_c15
UNSAFE,False,True,True,0.6624275501460744,1.5832863029300421,frozen_policy,0.1370182584794004,target_intrinsically_slow_settling,False,3.0,0.0010366785034938446,0.004301481888818631,0.0387026537525544,high,False,0.0,UNSAFE,4.30547717155007,False,-0.19899999999997808,0.0,1.0260284799260297,0.26886343353793757,0.0,1.6229911116936109,0.02999999999999936,0.9700000000000006,196.43975056751202,boundary,DECISION,observation_complete,exp0009_boundary_s14201_c15
SAFE,True,False,True,19.43610544263971,2.0120008082158125,frozen_policy,0.6556056375210573,classifier_or_other,False,0.2839999999999998,3.863077259696451e-08,0.0030685410464254656,0.019953727696934365,low,False,0.0,UNSAFE,4.216801131502137,False,0.07400000000000007,0.0,1.035700118379628,0.27139781730354173,0.0,0.0,0.8999999999999808,0.10000000000001918,193.64384959481674,boundary,DECISION,observation_complete,exp0009_boundary_s14201_c16
SAFE,True,False,True,19.43610544263971,1.8404371065997895,frozen_policy,0.6556056375210573,classifier_or_other,False,0.2839999999999998,3.863077259696451e-08,0.0030685410464254656,0.019953727696934365,nominal,False,0.0,UNSAFE,3.976611949239705,False,0.07400000000000007,0.0,1.035700118379628,0.27139781730354173,0.0,0.0,0.889999999999981,0.11000000000001897,193.64384959481674,boundary,DECISION,observation_complete,exp0009_boundary_s14201_c16
SAFE,True,False,True,19.43610544263971,1.2949884128419797,frozen_policy,0.6556056375210573,classifier_or_other,False,0.2839999999999998,3.863077259696451e-08,0.0030685410464254656,0.019953727696934365,high,False,0.0,UNSAFE,3.448770285964076,False,0.07400000000000007,0.0,1.035700118379628,0.27139781730354173,0.0,0.0,0.1599999999999966,0.8400000000000034,193.64384959481674,boundary,DECISION,observation_complete,exp0009_boundary_s14201_c16
UNSAFE,False,True,True,0.3684887086966707,3.6092498040930368,frozen_policy,0.371626979671804,target_intrinsically_slow_settling,False,3.0,0.0014719859456103863,0.004582635318435892,0.030819419207681033,low,True,0.0,UNSAFE,6.452949725730251,False,-0.08100000000000007,0.0,1.0138804191966984,0.2656801210057642,0.0,0.30227792697226497,0.0,1.0,209.06854422698063,boundary,DECISION,observation_complete,exp0009_boundary_s14201_c17
UNSAFE,False,True,True,0.3684887086966707,4.3005409657591285,frozen_policy,0.371626979671804,target_intrinsically_slow_settling,False,3.0,0.0014719859456103863,0.004582635318435892,0.030819419207681033,nominal,True,0.0,UNSAFE,7.42075735206278,False,-0.08100000000000007,0.0,1.0138804191966984,0.2656801210057642,0.0,0.2983343066811975,0.0,1.0,209.06854422698063,boundary,DECISION,observation_complete,exp0009_boundary_s14201_c17
UNSAFE,False,True,True,0.3684887086966707,3.333788978155244,frozen_policy,0.371626979671804,target_intrinsically_slow_settling,False,3.0,0.0014719859456103863,0.004582635318435892,0.030819419207681033,high,True,0.0,UNSAFE,6.067304569417341,False,-0.08100000000000007,0.0,1.0138804191966984,0.2656801210057642,0.0,0.2726888871866325,0.0,1.0,209.06854422698063,boundary,DECISION,observation_complete,exp0009_boundary_s14201_c17
UNSAFE,False,True,False,4.884917715627627,nan,controller_abort_non_safe,1.9332716647178951,contact_acquisition_failure,False,inf,inf,inf,inf,low,False,inf,CAUTION,nan,False,inf,0.0,inf,inf,inf,nan,nan,nan,255.71816901883324,boundary,ABORT,acquisition_timeout,exp0009_boundary_s14201_c18
UNSAFE,False,True,False,4.884917715627627,nan,controller_abort_non_safe,1.9332716647178951,contact_acquisition_failure,False,inf,inf,inf,inf,nominal,False,inf,CAUTION,nan,False,inf,0.0,inf,inf,inf,nan,nan,nan,255.71816901883324,boundary,ABORT,acquisition_timeout,exp0009_boundary_s14201_c18
UNSAFE,False,True,False,4.884917715627627,nan,controller_abort_non_safe,1.9332716647178951,contact_acquisition_failure,False,inf,inf,inf,inf,high,False,inf,CAUTION,nan,False,inf,0.0,inf,inf,inf,nan,nan,nan,255.71816901883324,boundary,ABORT,acquisition_timeout,exp0009_boundary_s14201_c18
SAFE,True,False,True,26.40339616672302,1.790214536063437,frozen_policy,0.7777497935394733,classifier_or_other,False,0.14700000000000024,3.754218496539893e-10,0.004027351293421023,0.01584541815277409,low,False,0.0,UNSAFE,4.6503575601057285,False,0.07100000000000006,0.0,1.034430197028824,0.27106504348548466,0.0,2.1053549234391564,0.6499999999999861,0.35000000000001386,138.30800153395813,boundary,DECISION,observation_complete,exp0009_boundary_s14201_c19
SAFE,True,False,True,26.40339616672302,1.9870685286559913,frozen_policy,0.7777497935394733,classifier_or_other,False,0.14700000000000024,3.754218496539893e-10,0.004027351293421023,0.01584541815277409,nominal,False,0.0,UNSAFE,4.978447547759985,False,0.07100000000000006,0.0,1.034430197028824,0.27106504348548466,0.0,2.1076356188885943,0.6499999999999861,0.35000000000001386,138.30800153395813,boundary,DECISION,observation_complete,exp0009_boundary_s14201_c19
SAFE,True,False,True,26.40339616672302,2.2654742758884536,frozen_policy,0.7777497935394733,classifier_or_other,False,0.14700000000000024,3.754218496539893e-10,0.004027351293421023,0.01584541815277409,high,False,0.0,UNSAFE,5.442457126480757,False,0.07100000000000006,0.0,1.034430197028824,0.27106504348548466,0.0,2.1190443991415013,0.1499999999999968,0.8500000000000032,138.30800153395813,boundary,DECISION,observation_complete,exp0009_boundary_s14201_c19
CAUTION,False,True,True,3.748847971558206,2.1973929303150452,frozen_policy,0.14377226533519558,target_intrinsically_slow_settling,False,2.514000000000001,0.00013402915385886944,0.004219837554832799,0.03202664153180945,low,False,0.0,UNSAFE,4.476350102441063,False,0.12199999999998656,0.0,0.9949376401676997,0.2607163010825062,0.0,0.0,0.889999999999981,0.11000000000001897,203.21282146362972,boundary,DECISION,observation_complete,exp0009_boundary_s14201_c20
CAUTION,False,True,True,3.748847971558206,2.948111073496353,frozen_policy,0.14377226533519558,target_intrinsically_slow_settling,False,2.514000000000001,0.00013402915385886944,0.004219837554832799,0.03202664153180945,nominal,False,0.0,UNSAFE,5.527355502894894,False,0.12199999999998656,0.0,0.9949376401676997,0.2607163010825062,0.0,0.0,0.8699999999999815,0.13000000000001855,203.21282146362972,boundary,DECISION,observation_complete,exp0009_boundary_s14201_c20
CAUTION,False,True,True,3.748847971558206,1.9423764129605994,frozen_policy,0.14377226533519558,target_intrinsically_slow_settling,False,2.514000000000001,0.00013402915385886944,0.004219837554832799,0.03202664153180945,high,False,0.0,UNSAFE,4.604327611261129,False,0.12199999999998656,0.0,0.9949376401676997,0.2607163010825062,0.0,0.0,0.08999999999999808,0.9100000000000019,203.21282146362972,boundary,DECISION,observation_complete,exp0009_boundary_s14201_c20
SAFE,True,False,True,40.061626922717345,1.4424882220391888,frozen_policy,0.10659679341415375,classifier_or_other,False,0.3000000000000007,4.688658729047288e-10,0.002930015089231148,0.013096069713377824,low,False,0.0,UNSAFE,3.4194835108548642,False,0.08299999999999086,0.0,1.0034301418164064,0.26294170047177307,0.0,1.9103669135226866,0.6899999999999853,0.3100000000000147,201.18389920456022,boundary,DECISION,observation_complete,exp0009_boundary_s14201_c21
SAFE,True,False,True,40.061626922717345,1.08808248450881,frozen_policy,0.10659679341415375,classifier_or_other,False,0.3000000000000007,4.688658729047288e-10,0.002930015089231148,0.013096069713377824,nominal,False,0.0,UNSAFE,3.3938685651290985,False,0.08299999999999086,0.0,1.0034301418164064,0.26294170047177307,0.0,1.9465377940071076,0.6999999999999851,0.3000000000000149,201.18389920456022,boundary,DECISION,observation_complete,exp0009_boundary_s14201_c21
SAFE,True,False,True,40.061626922717345,1.0423841460175551,frozen_policy,0.10659679341415375,classifier_or_other,False,0.3000000000000007,4.688658729047288e-10,0.002930015089231148,0.013096069713377824,high,False,0.0,UNSAFE,3.3491321945842163,False,0.08299999999999086,0.0,1.0034301418164064,0.26294170047177307,0.0,1.9533393758527886,0.20999999999999552,0.7900000000000045,201.18389920456022,boundary,DECISION,observation_complete,exp0009_boundary_s14201_c21
UNSAFE,False,True,True,2.5300310419843615,3.499216749888234,frozen_policy,0.32659126184369414,target_intrinsically_slow_settling,False,3.0,0.0005010957451280214,0.006094900052697048,0.03155779083346968,low,False,0.0,UNSAFE,6.298903449843527,False,0.2500000000000002,0.0,1.042012447199363,0.2730519179774497,0.0,1.492194266885928,0.20999999999999552,0.7900000000000045,143.65728600791064,boundary,DECISION,observation_complete,exp0009_boundary_s14201_c22
UNSAFE,False,True,True,2.5300310419843615,3.6965369548627436,frozen_policy,0.32659126184369414,target_intrinsically_slow_settling,False,3.0,0.0005010957451280214,0.006094900052697048,0.03155779083346968,nominal,False,0.0,UNSAFE,6.5751517368078405,False,0.2500000000000002,0.0,1.042012447199363,0.2730519179774497,0.0,1.4918293155334608,0.17999999999999616,0.8200000000000038,143.65728600791064,boundary,DECISION,observation_complete,exp0009_boundary_s14201_c22
UNSAFE,False,True,True,2.5300310419843615,3.564818198611211,frozen_policy,0.32659126184369414,target_intrinsically_slow_settling,False,3.0,0.0005010957451280214,0.006094900052697048,0.03155779083346968,high,False,0.0,UNSAFE,6.390745478055695,False,0.2500000000000002,0.0,1.042012447199363,0.2730519179774497,0.0,1.4588950748626717,0.19999999999999574,0.8000000000000043,143.65728600791064,boundary,DECISION,observation_complete,exp0009_boundary_s14201_c22
UNSAFE,False,True,True,2.2173467183022515,3.500544613636422,frozen_policy,0.16106210964032786,target_intrinsically_slow_settling,False,3.0,0.0005653534311309559,0.0065170863516706415,0.03366978241626313,low,False,0.0,UNSAFE,6.603780326280625,False,0.19099999999997896,0.0,1.0095587303310516,0.2646640246168353,0.0,2.3275421292206273,0.6899999999999853,0.3100000000000147,140.54774516928936,boundary,DECISION,observation_complete,exp0009_boundary_s14201_c23
UNSAFE,False,True,True,2.2173467183022515,3.352213346623336,frozen_policy,0.16106210964032786,target_intrinsically_slow_settling,False,3.0,0.0005653534311309559,0.0065170863516706415,0.03366978241626313,nominal,False,0.0,UNSAFE,6.55305926119119,False,0.19099999999997896,0.0,1.0095587303310516,0.2646640246168353,0.0,2.299702138857479,0.6799999999999855,0.3200000000000145,140.54774516928936,boundary,DECISION,observation_complete,exp0009_boundary_s14201_c23
UNSAFE,False,True,True,2.2173467183022515,3.0376921671938977,frozen_policy,0.16106210964032786,target_intrinsically_slow_settling,False,3.0,0.0005653534311309559,0.0065170863516706415,0.03366978241626313,high,False,0.0,UNSAFE,6.250926076917408,False,0.19099999999997896,0.0,1.0095587303310516,0.2646640246168353,0.0,0.0,0.009999999999999787,0.9900000000000002,140.54774516928936,boundary,DECISION,observation_complete,exp0009_boundary_s14201_c23
UNSAFE,False,True,True,0.7428921936568618,3.459905052594901,frozen_policy,0.40060655519159327,target_intrinsically_slow_settling,False,3.0,0.0008405177605092605,0.00386234833133633,0.031155337831718255,low,False,0.0,UNSAFE,6.2438670736328605,False,-0.13900000000000012,0.0,1.0239681384801957,0.268323535780492,0.0,0.6761747338489181,0.0,1.0,218.17480273297883,boundary,DECISION,observation_complete,exp0009_boundary_s14201_c24
UNSAFE,False,True,True,0.7428921936568618,3.6015433070420393,frozen_policy,0.40060655519159327,target_intrinsically_slow_settling,False,3.0,0.0008405177605092605,0.00386234833133633,0.031155337831718255,nominal,False,0.0,UNSAFE,6.442160629858854,False,-0.13900000000000012,0.0,1.0239681384801957,0.268323535780492,0.0,0.6348734434186578,0.0,1.0,218.17480273297883,boundary,DECISION,observation_complete,exp0009_boundary_s14201_c24
UNSAFE,False,True,True,0.7428921936568618,3.248366685956282,frozen_policy,0.40060655519159327,target_intrinsically_slow_settling,False,3.0,0.0008405177605092605,0.00386234833133633,0.031155337831718255,high,False,0.0,UNSAFE,5.947713360338794,False,-0.13900000000000012,0.0,1.0239681384801957,0.268323535780492,0.0,0.6171651469976547,0.0,1.0,218.17480273297883,boundary,DECISION,observation_complete,exp0009_boundary_s14201_c24
UNSAFE,False,True,True,0.634407274302463,22.967681110096553,frozen_policy,0.3774057197435515,target_intrinsically_slow_settling,False,3.0,0.0020166194237633776,0.007206487828357295,0.033502476645662596,low,False,0.0,UNSAFE,63.91381629359081,False,-0.20300000000000018,0.0,1.038601573409599,0.272158122867058,0.0,0.49203284450047285,0.0,1.0,136.4630678872061,boundary,DECISION,observation_complete,exp0009_boundary_s14201_c25
UNSAFE,False,True,True,0.634407274302463,9.533501151233633,frozen_policy,0.3774057197435515,target_intrinsically_slow_settling,False,3.0,0.0020166194237633776,0.007206487828357295,0.033502476645662596,nominal,False,0.0,UNSAFE,28.08933640328969,False,-0.20300000000000018,0.0,1.038601573409599,0.272158122867058,0.0,0.5035599471375695,0.0,1.0,136.4630678872061,boundary,DECISION,observation_complete,exp0009_boundary_s14201_c25
UNSAFE,False,True,True,0.634407274302463,4.444635084247262,frozen_policy,0.3774057197435515,target_intrinsically_slow_settling,False,3.0,0.0020166194237633776,0.007206487828357295,0.033502476645662596,high,False,0.0,UNSAFE,14.519026891326034,False,-0.20300000000000018,0.0,1.038601573409599,0.272158122867058,0.0,0.49645777767121074,0.0,1.0,136.4630678872061,boundary,DECISION,observation_complete,exp0009_boundary_s14201_c25
SAFE,True,False,True,6.166788104306233,3.933938784374843,frozen_policy,0.7212481362937536,classifier_or_other,False,1.7919999999999998,6.646126184913569e-05,0.0036943146675857156,0.024711784096501956,low,False,0.0,UNSAFE,6.907514298124779,False,0.06700000000000006,0.0,1.0306481627617452,0.270073988423467,0.0,1.6479802791210532,0.5699999999999878,0.43000000000001215,222.08299914649092,boundary,DECISION,observation_complete,exp0009_boundary_s14201_c26
SAFE,True,False,True,6.166788104306233,2.2682078839997737,frozen_policy,0.7212481362937536,classifier_or_other,False,1.7919999999999998,6.646126184913569e-05,0.0036943146675857156,0.024711784096501956,nominal,False,0.0,UNSAFE,4.575491037599683,False,0.06700000000000006,0.0,1.0306481627617452,0.270073988423467,0.0,1.613528291717032,0.47999999999998977,0.5200000000000102,222.08299914649092,boundary,DECISION,observation_complete,exp0009_boundary_s14201_c26
SAFE,True,False,True,6.166788104306233,3.525290830134935,frozen_policy,0.7212481362937536,classifier_or_other,False,1.7919999999999998,6.646126184913569e-05,0.0036943146675857156,0.024711784096501956,high,False,0.0,UNSAFE,6.3354071621889085,False,0.06700000000000006,0.0,1.0306481627617452,0.270073988423467,0.0,1.5174872086666882,0.12999999999999723,0.8700000000000028,222.08299914649092,boundary,DECISION,observation_complete,exp0009_boundary_s14201_c26
UNSAFE,False,True,False,9.444368372817845,nan,controller_abort_non_safe,4.15494866587189,contact_acquisition_failure,False,inf,inf,inf,inf,low,False,inf,CAUTION,nan,False,inf,0.0,inf,inf,inf,nan,nan,nan,501.4318965883752,boundary,ABORT,acquisition_timeout,exp0009_boundary_s14201_c27
UNSAFE,False,True,False,9.444368372817845,nan,controller_abort_non_safe,4.15494866587189,contact_acquisition_failure,False,inf,inf,inf,inf,nominal,False,inf,CAUTION,nan,False,inf,0.0,inf,inf,inf,nan,nan,nan,501.4318965883752,boundary,ABORT,acquisition_timeout,exp0009_boundary_s14201_c27
UNSAFE,False,True,False,9.444368372817845,nan,controller_abort_non_safe,4.15494866587189,contact_acquisition_failure,False,inf,inf,inf,inf,high,False,inf,CAUTION,nan,False,inf,0.0,inf,inf,inf,nan,nan,nan,501.4318965883752,boundary,ABORT,acquisition_timeout,exp0009_boundary_s14201_c27
UNSAFE,False,True,False,5.781298820660719,nan,controller_abort_non_safe,2.376127343675819,contact_acquisition_failure,False,inf,inf,inf,inf,low,False,inf,CAUTION,nan,False,inf,0.0,inf,inf,inf,nan,nan,nan,179.93943721380765,boundary,ABORT,acquisition_timeout,exp0009_boundary_s14201_c28
UNSAFE,False,True,False,5.781298820660719,nan,controller_abort_non_safe,2.376127343675819,contact_acquisition_failure,False,inf,inf,inf,inf,nominal,False,inf,CAUTION,nan,False,inf,0.0,inf,inf,inf,nan,nan,nan,179.93943721380765,boundary,ABORT,acquisition_timeout,exp0009_boundary_s14201_c28
UNSAFE,False,True,False,5.781298820660719,nan,controller_abort_non_safe,2.376127343675819,contact_acquisition_failure,False,inf,inf,inf,inf,high,False,inf,CAUTION,nan,False,inf,0.0,inf,inf,inf,nan,nan,nan,179.93943721380765,boundary,ABORT,acquisition_timeout,exp0009_boundary_s14201_c28
UNSAFE,False,True,False,0.9588731649706245,nan,controller_abort_non_safe,0.15170461954008638,contact_loss_or_reimpact,False,inf,inf,inf,inf,low,False,inf,CAUTION,nan,False,inf,0.0,inf,inf,inf,nan,nan,nan,129.78753392886165,boundary,APPROACH,APPROACH,exp0009_boundary_s14201_c29
UNSAFE,False,True,False,0.9588731649706245,nan,controller_abort_non_safe,0.15170461954008638,contact_loss_or_reimpact,False,inf,inf,inf,inf,nominal,False,inf,CAUTION,nan,False,inf,0.0,inf,inf,inf,nan,nan,nan,129.78753392886165,boundary,APPROACH,APPROACH,exp0009_boundary_s14201_c29
UNSAFE,False,True,False,0.9588731649706245,nan,controller_abort_non_safe,0.15170461954008638,contact_loss_or_reimpact,False,inf,inf,inf,inf,high,False,inf,CAUTION,nan,False,inf,0.0,inf,inf,inf,nan,nan,nan,129.78753392886165,boundary,APPROACH,APPROACH,exp0009_boundary_s14201_c29
UNSAFE,False,True,False,12.593239796014066,nan,controller_abort_non_safe,2.8705063851241706,contact_acquisition_failure,False,inf,inf,inf,inf,low,False,inf,CAUTION,nan,False,inf,0.0,inf,inf,inf,nan,nan,nan,215.49091692747552,boundary,ABORT,acquisition_timeout,exp0009_boundary_s14202_c00
UNSAFE,False,True,False,12.593239796014066,nan,controller_abort_non_safe,2.8705063851241706,contact_acquisition_failure,False,inf,inf,inf,inf,nominal,False,inf,CAUTION,nan,False,inf,0.0,inf,inf,inf,nan,nan,nan,215.49091692747552,boundary,ABORT,acquisition_timeout,exp0009_boundary_s14202_c00
UNSAFE,False,True,False,12.593239796014066,nan,controller_abort_non_safe,2.8705063851241706,contact_acquisition_failure,False,inf,inf,inf,inf,high,False,inf,CAUTION,nan,False,inf,0.0,inf,inf,inf,nan,nan,nan,215.49091692747552,boundary,ABORT,acquisition_timeout,exp0009_boundary_s14202_c00
UNSAFE,False,True,False,11.18865708119013,nan,controller_abort_non_safe,3.5137014409779566,contact_acquisition_failure,False,inf,inf,inf,inf,low,False,inf,CAUTION,nan,False,inf,0.0,inf,inf,inf,nan,nan,nan,219.99522996356936,boundary,ABORT,acquisition_timeout,exp0009_boundary_s14202_c01
UNSAFE,False,True,False,11.18865708119013,nan,controller_abort_non_safe,3.5137014409779566,contact_acquisition_failure,False,inf,inf,inf,inf,nominal,False,inf,CAUTION,nan,False,inf,0.0,inf,inf,inf,nan,nan,nan,219.99522996356936,boundary,ABORT,acquisition_timeout,exp0009_boundary_s14202_c01
UNSAFE,False,True,False,11.18865708119013,nan,controller_abort_non_safe,3.5137014409779566,contact_acquisition_failure,False,inf,inf,inf,inf,high,False,inf,CAUTION,nan,False,inf,0.0,inf,inf,inf,nan,nan,nan,219.99522996356936,boundary,ABORT,acquisition_timeout,exp0009_boundary_s14202_c01
UNSAFE,False,True,False,25.566449278299892,nan,controller_abort_non_safe,3.9622944960657454,contact_acquisition_failure,False,inf,inf,inf,inf,low,False,inf,CAUTION,nan,False,inf,0.0,inf,inf,inf,nan,nan,nan,197.70327866682982,boundary,ABORT,acquisition_timeout,exp0009_boundary_s14202_c02
UNSAFE,False,True,False,25.566449278299892,nan,controller_abort_non_safe,3.9622944960657454,contact_acquisition_failure,False,inf,inf,inf,inf,nominal,False,inf,CAUTION,nan,False,inf,0.0,inf,inf,inf,nan,nan,nan,197.70327866682982,boundary,ABORT,acquisition_timeout,exp0009_boundary_s14202_c02
UNSAFE,False,True,False,25.566449278299892,nan,controller_abort_non_safe,3.9622944960657454,contact_acquisition_failure,False,inf,inf,inf,inf,high,False,inf,CAUTION,nan,False,inf,0.0,inf,inf,inf,nan,nan,nan,197.70327866682982,boundary,ABORT,acquisition_timeout,exp0009_boundary_s14202_c02
SAFE,True,False,True,8.112190517643887,3.3372911051216576,frozen_policy,0.9067649930189627,classifier_or_other,False,1.3239999999999998,2.9521320834786294e-05,0.003772259825746854,0.022461210051443477,low,False,0.0,UNSAFE,6.07220754717032,False,0.06400000000000006,0.0,1.0290655748586057,0.26965928256896254,0.0,1.8564822153981977,0.6399999999999864,0.36000000000001364,190.53874052822727,boundary,DECISION,observation_complete,exp0009_boundary_s14202_c03
SAFE,True,False,True,8.112190517643887,4.15108969460509,frozen_policy,0.9067649930189627,classifier_or_other,False,1.3239999999999998,2.9521320834786294e-05,0.003772259825746854,0.022461210051443477,nominal,False,0.0,UNSAFE,7.211525572447125,False,0.06400000000000006,0.0,1.0290655748586057,0.26965928256896254,0.0,1.833283462583474,0.2899999999999938,0.7100000000000062,190.53874052822727,boundary,DECISION,observation_complete,exp0009_boundary_s14202_c03
SAFE,True,False,True,8.112190517643887,2.6283405451319233,frozen_policy,0.9067649930189627,classifier_or_other,False,1.3239999999999998,2.9521320834786294e-05,0.003772259825746854,0.022461210051443477,high,False,0.0,UNSAFE,5.079676763184692,False,0.06400000000000006,0.0,1.0290655748586057,0.26965928256896254,0.0,1.7067364735853807,0.019999999999999574,0.9800000000000004,190.53874052822727,boundary,DECISION,observation_complete,exp0009_boundary_s14202_c03
SAFE,True,False,True,5.816063017036825,3.1895648214858054,frozen_policy,0.20970365064759902,classifier_or_other,False,1.5329999999999995,3.906496523961282e-05,0.004832840645510298,0.029852672704602835,low,False,0.0,UNSAFE,5.8653907500801274,False,0.10399999999998855,0.0,0.9986117778321696,0.2616790826105897,0.0,0.0,0.9099999999999806,0.0900000000000194,159.92040103482518,boundary,DECISION,observation_complete,exp0009_boundary_s14202_c04
SAFE,True,False,True,5.816063017036825,2.3321859168770427,frozen_policy,0.20970365064759902,classifier_or_other,False,1.5329999999999995,3.906496523961282e-05,0.004832840645510298,0.029852672704602835,nominal,False,0.0,UNSAFE,5.336261274613831,False,0.10399999999998855,0.0,0.9986117778321696,0.2616790826105897,0.0,0.0,0.8999999999999808,0.10000000000001918,159.92040103482518,boundary,DECISION,observation_complete,exp0009_boundary_s14202_c04
SAFE,True,False,True,5.816063017036825,2.711503703134709,frozen_policy,0.20970365064759902,classifier_or_other,False,1.5329999999999995,3.906496523961282e-05,0.004832840645510298,0.029852672704602835,high,False,0.0,UNSAFE,6.040597725027503,False,0.10399999999998855,0.0,0.9986117778321696,0.2616790826105897,0.0,0.0,0.20999999999999552,0.7900000000000045,159.92040103482518,boundary,DECISION,observation_complete,exp0009_boundary_s14202_c04
SAFE,True,False,True,19.909397628725433,1.5934244603274266,frozen_policy,0.2924858467924407,classifier_or_other,False,0.051000000000000156,3.0337455509352555e-09,0.0037691778685808425,0.02141780757204863,low,False,0.0,UNSAFE,4.322374100545711,False,0.08400000000000007,0.0,1.0386733899724871,0.27217694188432784,0.0,2.5022177789683644,0.8599999999999817,0.14000000000001833,154.0714283718164,boundary,DECISION,observation_complete,exp0009_boundary_s14202_c05
SAFE,True,False,True,19.909397628725433,1.6111408446787805,frozen_policy,0.2924858467924407,classifier_or_other,False,0.051000000000000156,3.0337455509352555e-09,0.0037691778685808425,0.02141780757204863,nominal,False,0.0,UNSAFE,4.351901407797968,False,0.08400000000000007,0.0,1.0386733899724871,0.27217694188432784,0.0,2.614715180999375,0.8299999999999823,0.1700000000000177,154.0714283718164,boundary,DECISION,observation_complete,exp0009_boundary_s14202_c05
SAFE,True,False,True,19.909397628725433,1.6447495594648212,frozen_policy,0.2924858467924407,classifier_or_other,False,0.051000000000000156,3.0337455509352555e-09,0.0037691778685808425,0.02141780757204863,high,False,0.0,UNSAFE,4.407915932441369,False,0.08400000000000007,0.0,1.0386733899724871,0.27217694188432784,0.0,0.0,0.02999999999999936,0.9700000000000006,154.0714283718164,boundary,DECISION,observation_complete,exp0009_boundary_s14202_c05
CAUTION,False,True,True,3.559102831260314,2.2342972409377153,frozen_policy,0.15637918947290722,target_intrinsically_slow_settling,False,2.6549999999999994,0.00019224270908819693,0.0048922499156204245,0.032162895267509845,low,False,0.0,UNSAFE,5.134301598705096,False,0.1279999999999859,0.0,0.9968636700374631,0.2612210034509224,0.0,0.0,0.8799999999999812,0.12000000000001876,183.7033380839967,boundary,DECISION,observation_complete,exp0009_boundary_s14202_c06
CAUTION,False,True,True,3.559102831260314,2.22159947128079,frozen_policy,0.15637918947290722,target_intrinsically_slow_settling,False,2.6549999999999994,0.00019224270908819693,0.0048922499156204245,0.032162895267509845,nominal,False,0.0,UNSAFE,4.510530555614193,False,0.1279999999999859,0.0,0.9968636700374631,0.2612210034509224,0.0,0.0,0.8099999999999827,0.19000000000001727,183.7033380839967,boundary,DECISION,observation_complete,exp0009_boundary_s14202_c06
CAUTION,False,True,True,3.559102831260314,2.253854383075705,frozen_policy,0.15637918947290722,target_intrinsically_slow_settling,False,2.6549999999999994,0.00019224270908819693,0.0048922499156204245,0.032162895267509845,high,False,0.0,UNSAFE,5.423090638459509,False,0.1279999999999859,0.0,0.9968636700374631,0.2612210034509224,0.0,0.0,0.049999999999998934,0.9500000000000011,183.7033380839967,boundary,DECISION,observation_complete,exp0009_boundary_s14202_c06
UNSAFE,False,True,True,2.2132478583014774,4.3872590764304595,frozen_policy,0.46507088356063836,target_intrinsically_slow_settling,False,3.0,0.0005806448998355991,0.004978917451243907,0.028614570149208037,low,False,0.0,UNSAFE,7.5421627070026425,False,0.07700000000000007,0.0,1.0309609892988756,0.270155962382787,0.0,0.8971971070511863,0.019999999999999574,0.9800000000000004,191.34884112605977,boundary,DECISION,observation_complete,exp0009_boundary_s14202_c07
UNSAFE,False,True,True,2.2132478583014774,4.920363931716776,frozen_policy,0.46507088356063836,target_intrinsically_slow_settling,False,3.0,0.0005806448998355991,0.004978917451243907,0.028614570149208037,nominal,False,0.0,UNSAFE,8.288509504403486,False,0.07700000000000007,0.0,1.0309609892988756,0.270155962382787,0.0,0.8982825914732292,0.019999999999999574,0.9800000000000004,191.34884112605977,boundary,DECISION,observation_complete,exp0009_boundary_s14202_c07
UNSAFE,False,True,True,2.2132478583014774,3.5720605387482154,frozen_policy,0.46507088356063836,target_intrinsically_slow_settling,False,3.0,0.0005806448998355991,0.004978917451243907,0.028614570149208037,high,False,0.0,UNSAFE,6.400884754247501,False,0.07700000000000007,0.0,1.0309609892988756,0.270155962382787,0.0,0.8205786452775767,0.0,1.0,191.34884112605977,boundary,DECISION,observation_complete,exp0009_boundary_s14202_c07
SAFE,True,False,True,6.8509640553808735,2.2672059299463343,frozen_policy,0.23657467629685439,classifier_or_other,False,1.1489999999999991,2.2998600942814522e-05,0.004170372541653331,0.028900959065629162,low,False,0.0,UNSAFE,4.574088301924868,False,0.09999999999998899,0.0,0.9979375741689948,0.26150241235695487,0.0,0.0,0.9099999999999806,0.0900000000000194,186.90445544807343,boundary,DECISION,observation_complete,exp0009_boundary_s14202_c08
SAFE,True,False,True,6.8509640553808735,2.0439315297015956,frozen_policy,0.23657467629685439,classifier_or_other,False,1.1489999999999991,2.2998600942814522e-05,0.004170372541653331,0.028900959065629162,nominal,False,0.0,UNSAFE,4.2615041415822335,False,0.09999999999998899,0.0,0.9979375741689948,0.26150241235695487,0.0,0.0,0.9099999999999806,0.0900000000000194,186.90445544807343,boundary,DECISION,observation_complete,exp0009_boundary_s14202_c08
SAFE,True,False,True,6.8509640553808735,1.6262316653410624,frozen_policy,0.23657467629685439,classifier_or_other,False,1.1489999999999991,2.2998600942814522e-05,0.004170372541653331,0.028900959065629162,high,False,0.0,UNSAFE,4.377052775568438,False,0.09999999999998899,0.0,0.9979375741689948,0.26150241235695487,0.0,0.0,0.17999999999999616,0.8200000000000038,186.90445544807343,boundary,DECISION,observation_complete,exp0009_boundary_s14202_c08
SAFE,True,False,True,9.688720403279472,3.1675641286210947,frozen_policy,0.9756573371207072,classifier_or_other,False,1.1030000000000006,1.2189194073877955e-05,0.0039666800428501655,0.021360293221929522,low,False,0.0,UNSAFE,5.834589780069533,False,0.06300000000000006,0.0,1.0280041810557463,0.2693811519051888,0.0,1.868393723636336,0.6599999999999859,0.34000000000001407,164.70235082532744,boundary,DECISION,observation_complete,exp0009_boundary_s14202_c09
SAFE,True,False,True,9.688720403279472,4.08055628069194,frozen_policy,0.9756573371207072,classifier_or_other,False,1.1030000000000006,1.2189194073877955e-05,0.0039666800428501655,0.021360293221929522,nominal,False,0.0,UNSAFE,7.112778792968716,False,0.06300000000000006,0.0,1.0280041810557463,0.2693811519051888,0.0,1.796647322917527,0.6199999999999868,0.3800000000000132,164.70235082532744,boundary,DECISION,observation_complete,exp0009_boundary_s14202_c09
SAFE,True,False,True,9.688720403279472,2.221995527237542,frozen_policy,0.9756573371207072,classifier_or_other,False,1.1030000000000006,1.2189194073877955e-05,0.0039666800428501655,0.021360293221929522,high,False,0.0,UNSAFE,4.556325519826912,False,0.06300000000000006,0.0,1.0280041810557463,0.2693811519051888,0.0,1.9622729890781705,0.3999999999999915,0.6000000000000085,164.70235082532744,boundary,DECISION,observation_complete,exp0009_boundary_s14202_c09
UNSAFE,False,True,False,0.38408950542373355,nan,controller_abort_non_safe,0.17816967928413657,contact_loss_or_reimpact,False,inf,inf,inf,inf,low,False,inf,CAUTION,nan,False,inf,0.0,inf,inf,inf,nan,nan,nan,151.3913951981049,boundary,APPROACH,APPROACH,exp0009_boundary_s14202_c10
UNSAFE,False,True,False,0.38408950542373355,nan,controller_abort_non_safe,0.17816967928413657,contact_loss_or_reimpact,False,inf,inf,inf,inf,nominal,False,inf,CAUTION,nan,False,inf,0.0,inf,inf,inf,nan,nan,nan,151.3913951981049,boundary,APPROACH,APPROACH,exp0009_boundary_s14202_c10
UNSAFE,False,True,False,0.38408950542373355,nan,controller_abort_non_safe,0.17816967928413657,contact_loss_or_reimpact,False,inf,inf,inf,inf,high,False,inf,CAUTION,nan,False,inf,0.0,inf,inf,inf,nan,nan,nan,151.3913951981049,boundary,APPROACH,APPROACH,exp0009_boundary_s14202_c10
UNSAFE,False,True,True,1.7204004130740223,4.400436481733615,frozen_policy,0.651592933022049,target_intrinsically_slow_settling,False,3.0,0.0007879178489720277,0.004906497650396682,0.02726949392451903,low,False,0.0,UNSAFE,7.56061107442706,False,0.07100000000000006,0.0,1.0331190839893085,0.27084056277479424,0.0,0.8497644921266918,0.0,1.0,200.05368365179467,boundary,DECISION,observation_complete,exp0009_boundary_s14202_c11
UNSAFE,False,True,True,1.7204004130740223,4.833153745501542,frozen_policy,0.651592933022049,target_intrinsically_slow_settling,False,3.0,0.0007879178489720277,0.004906497650396682,0.02726949392451903,nominal,False,0.0,UNSAFE,8.166415243702158,False,0.07100000000000006,0.0,1.0331190839893085,0.27084056277479424,0.0,0.8696639911464308,0.0,1.0,200.05368365179467,boundary,DECISION,observation_complete,exp0009_boundary_s14202_c11
UNSAFE,False,True,True,1.7204004130740223,3.9304632364122902,frozen_policy,0.651592933022049,target_intrinsically_slow_settling,False,3.0,0.0007879178489720277,0.004906497650396682,0.02726949392451903,high,False,0.0,UNSAFE,6.902648530977205,False,0.07100000000000006,0.0,1.0331190839893085,0.27084056277479424,0.0,0.8729529000435288,0.0,1.0,200.05368365179467,boundary,DECISION,observation_complete,exp0009_boundary_s14202_c11
UNSAFE,False,True,False,52.522240375949515,nan,controller_abort_non_safe,5.675469510709123,contact_acquisition_failure,False,inf,inf,inf,inf,low,False,inf,CAUTION,nan,False,inf,0.0,inf,inf,inf,nan,nan,nan,196.33567085707492,boundary,ABORT,acquisition_timeout,exp0009_boundary_s14202_c12
UNSAFE,False,True,False,52.522240375949515,nan,controller_abort_non_safe,5.675469510709123,contact_acquisition_failure,False,inf,inf,inf,inf,nominal,False,inf,CAUTION,nan,False,inf,0.0,inf,inf,inf,nan,nan,nan,196.33567085707492,boundary,ABORT,acquisition_timeout,exp0009_boundary_s14202_c12
UNSAFE,False,True,False,52.522240375949515,nan,controller_abort_non_safe,5.675469510709123,contact_acquisition_failure,False,inf,inf,inf,inf,high,False,inf,CAUTION,nan,False,inf,0.0,inf,inf,inf,nan,nan,nan,196.33567085707492,boundary,ABORT,acquisition_timeout,exp0009_boundary_s14202_c12
SAFE,True,False,True,6.284965123777906,2.892894432160047,frozen_policy,0.39122088163017565,classifier_or_other,False,1.3979999999999997,4.353426373905259e-05,0.004886214604951623,0.02769687210231694,low,False,0.0,UNSAFE,5.450052205024066,False,0.07900000000000007,0.0,1.0360615754798874,0.27149253455452815,0.0,2.417543380715805,0.9099999999999806,0.0900000000000194,146.4297514597786,boundary,DECISION,observation_complete,exp0009_boundary_s14202_c13
SAFE,True,False,True,6.284965123777906,2.16168991896095,frozen_policy,0.39122088163017565,classifier_or_other,False,1.3979999999999997,4.353426373905259e-05,0.004886214604951623,0.02769687210231694,nominal,False,0.0,UNSAFE,5.26948319826825,False,0.07900000000000007,0.0,1.0360615754798874,0.27149253455452815,0.0,2.408056908605076,0.8999999999999808,0.10000000000001918,146.4297514597786,boundary,DECISION,observation_complete,exp0009_boundary_s14202_c13
SAFE,True,False,True,6.284965123777906,2.2240720499063857,frozen_policy,0.39122088163017565,classifier_or_other,False,1.3979999999999997,4.353426373905259e-05,0.004886214604951623,0.02769687210231694,high,False,0.0,UNSAFE,5.373453416510643,False,0.07900000000000007,0.0,1.0360615754798874,0.27149253455452815,0.0,0.0,0.049999999999998934,0.9500000000000011,146.4297514597786,boundary,DECISION,observation_complete,exp0009_boundary_s14202_c13
UNSAFE,False,True,False,1.7057021222956514,nan,controller_abort_non_safe,1.6029046370903801,contact_acquisition_failure,False,inf,inf,inf,inf,low,False,inf,CAUTION,nan,False,inf,0.0,inf,inf,inf,nan,nan,nan,333.78040447634686,boundary,ABORT,acquisition_timeout,exp0009_boundary_s14202_c14
UNSAFE,False,True,False,1.7057021222956514,nan,controller_abort_non_safe,1.6029046370903801,contact_acquisition_failure,False,inf,inf,inf,inf,nominal,False,inf,CAUTION,nan,False,inf,0.0,inf,inf,inf,nan,nan,nan,333.78040447634686,boundary,ABORT,acquisition_timeout,exp0009_boundary_s14202_c14
UNSAFE,False,True,False,1.7057021222956514,nan,controller_abort_non_safe,1.6029046370903801,contact_acquisition_failure,False,inf,inf,inf,inf,high,False,inf,CAUTION,nan,False,inf,0.0,inf,inf,inf,nan,nan,nan,333.78040447634686,boundary,ABORT,acquisition_timeout,exp0009_boundary_s14202_c14
UNSAFE,False,True,True,1.458709186241222,3.113351850345081,frozen_policy,0.16386779003636162,target_intrinsically_slow_settling,False,3.0,0.0010030086975968669,0.006785141398815988,0.03448064174886745,low,False,0.0,UNSAFE,6.501242047145016,False,-0.14399999999998414,0.0,0.993751737075878,0.26040554364901525,0.0,1.870793939906652,0.3099999999999934,0.6900000000000066,140.54660604142336,boundary,DECISION,observation_complete,exp0009_boundary_s14202_c15
UNSAFE,False,True,True,1.458709186241222,3.041290839789653,frozen_policy,0.16386779003636162,target_intrinsically_slow_settling,False,3.0,0.0010030086975968669,0.006785141398815988,0.03448064174886745,nominal,False,0.0,UNSAFE,6.735484732982755,False,-0.14399999999998414,0.0,0.993751737075878,0.26040554364901525,0.0,1.8742256936076211,0.1499999999999968,0.8500000000000032,140.54660604142336,boundary,DECISION,observation_complete,exp0009_boundary_s14202_c15
UNSAFE,False,True,True,1.458709186241222,3.965141051383614,frozen_policy,0.16386779003636162,target_intrinsically_slow_settling,False,3.0,0.0010030086975968669,0.006785141398815988,0.03448064174886745,high,False,0.0,UNSAFE,6.951197471937059,False,-0.14399999999998414,0.0,0.993751737075878,0.26040554364901525,0.0,1.8232980537383283,0.009999999999999787,0.9900000000000002,140.54660604142336,boundary,DECISION,observation_complete,exp0009_boundary_s14202_c15
UNSAFE,False,True,False,8.357828485640612,nan,controller_abort_non_safe,1.3449469102302811,contact_acquisition_failure,False,inf,inf,inf,inf,low,False,inf,CAUTION,nan,False,inf,0.0,inf,inf,inf,nan,nan,nan,162.50583323557268,boundary,ABORT,acquisition_timeout,exp0009_boundary_s14202_c16
UNSAFE,False,True,False,8.357828485640612,nan,controller_abort_non_safe,1.3449469102302811,contact_acquisition_failure,False,inf,inf,inf,inf,nominal,False,inf,CAUTION,nan,False,inf,0.0,inf,inf,inf,nan,nan,nan,162.50583323557268,boundary,ABORT,acquisition_timeout,exp0009_boundary_s14202_c16
UNSAFE,False,True,False,8.357828485640612,nan,controller_abort_non_safe,1.3449469102302811,contact_acquisition_failure,False,inf,inf,inf,inf,high,False,inf,CAUTION,nan,False,inf,0.0,inf,inf,inf,nan,nan,nan,162.50583323557268,boundary,ABORT,acquisition_timeout,exp0009_boundary_s14202_c16
SAFE,True,False,True,42.7124157852539,0.788416712461472,frozen_policy,0.14205845846497278,classifier_or_other,False,0.3540000000000001,1.7539236015954912e-09,0.002799597258733148,0.012025502894505881,low,False,0.0,UNSAFE,2.98069452076912,False,0.08100000000000007,0.0,1.040363176856553,0.27261973846598814,0.0,1.8628979811321325,0.6699999999999857,0.3300000000000143,204.4126168708248,boundary,DECISION,observation_complete,exp0009_boundary_s14202_c17
SAFE,True,False,True,42.7124157852539,1.0015211738940812,frozen_policy,0.14205845846497278,classifier_or_other,False,0.3540000000000001,1.7539236015954912e-09,0.002799597258733148,0.012025502894505881,nominal,False,0.0,UNSAFE,3.335868623156802,False,0.08100000000000007,0.0,1.040363176856553,0.27261973846598814,0.0,1.8777221732782956,0.6999999999999851,0.3000000000000149,204.4126168708248,boundary,DECISION,observation_complete,exp0009_boundary_s14202_c17
SAFE,True,False,True,42.7124157852539,1.0430573754126176,frozen_policy,0.14205845846497278,classifier_or_other,False,0.3540000000000001,1.7539236015954912e-09,0.002799597258733148,0.012025502894505881,high,False,0.0,UNSAFE,3.4050956256876956,False,0.08100000000000007,0.0,1.040363176856553,0.27261973846598814,0.0,1.9521302232924371,0.41999999999999105,0.580000000000009,204.4126168708248,boundary,DECISION,observation_complete,exp0009_boundary_s14202_c17
UNSAFE,False,True,True,1.19844375116687,2.007505060094533,frozen_policy,0.2125142059459808,target_intrinsically_slow_settling,False,3.0,0.0006481115398551374,0.004104266343898001,0.031155770897841727,low,False,0.0,UNSAFE,4.751703026568984,False,0.04999999999999449,0.0,0.9870595010955183,0.25876566884876595,0.0,1.5535672427453067,0.009999999999999787,0.9900000000000002,208.7203723734783,boundary,DECISION,observation_complete,exp0009_boundary_s14202_c18
UNSAFE,False,True,True,1.19844375116687,2.1299029198910455,frozen_policy,0.2125142059459808,target_intrinsically_slow_settling,False,3.0,0.0006481115398551374,0.004104266343898001,0.031155770897841727,nominal,False,0.0,UNSAFE,4.534574479982211,False,0.04999999999999449,0.0,0.9870595010955183,0.25876566884876595,0.0,1.5194106322312564,0.009999999999999787,0.9900000000000002,208.7203723734783,boundary,DECISION,observation_complete,exp0009_boundary_s14202_c18
UNSAFE,False,True,True,1.19844375116687,2.349989816645241,frozen_policy,0.2125142059459808,target_intrinsically_slow_settling,False,3.0,0.0006481115398551374,0.004104266343898001,0.031155770897841727,high,False,0.0,UNSAFE,4.689985743303337,False,0.04999999999999449,0.0,0.9870595010955183,0.25876566884876595,0.0,1.5809911970539032,0.0,1.0,208.7203723734783,boundary,DECISION,observation_complete,exp0009_boundary_s14202_c18
UNSAFE,False,True,False,6.13079494915713,nan,controller_abort_non_safe,1.6737829419731463,contact_acquisition_failure,False,inf,inf,inf,inf,low,False,inf,CAUTION,nan,False,inf,0.0,inf,inf,inf,nan,nan,nan,173.44444173571287,boundary,ABORT,acquisition_timeout,exp0009_boundary_s14202_c19
UNSAFE,False,True,False,6.13079494915713,nan,controller_abort_non_safe,1.6737829419731463,contact_acquisition_failure,False,inf,inf,inf,inf,nominal,False,inf,CAUTION,nan,False,inf,0.0,inf,inf,inf,nan,nan,nan,173.44444173571287,boundary,ABORT,acquisition_timeout,exp0009_boundary_s14202_c19
UNSAFE,False,True,False,6.13079494915713,nan,controller_abort_non_safe,1.6737829419731463,contact_acquisition_failure,False,inf,inf,inf,inf,high,False,inf,CAUTION,nan,False,inf,0.0,inf,inf,inf,nan,nan,nan,173.44444173571287,boundary,ABORT,acquisition_timeout,exp0009_boundary_s14202_c19
SAFE,True,False,True,14.729015607451425,1.201436796816889,frozen_policy,0.12281594902194781,classifier_or_other,False,0.24300000000000033,6.7361330136783e-08,0.003082061452841498,0.02527767361900545,low,False,0.0,UNSAFE,3.4878649960204253,False,0.0989999999999891,0.0,1.0024329007128272,0.2626803805645587,0.0,0.0,0.8999999999999808,0.10000000000001918,206.93677937471267,boundary,DECISION,observation_complete,exp0009_boundary_s14202_c20
SAFE,True,False,True,14.729015607451425,1.1801914424837592,frozen_policy,0.12281594902194781,classifier_or_other,False,0.24300000000000033,6.7361330136783e-08,0.003082061452841498,0.02527767361900545,nominal,False,0.0,UNSAFE,3.633652404139599,False,0.0989999999999891,0.0,1.0024329007128272,0.2626803805645587,0.0,0.0,0.9099999999999806,0.0900000000000194,206.93677937471267,boundary,DECISION,observation_complete,exp0009_boundary_s14202_c20
SAFE,True,False,True,14.729015607451425,1.1678204026582257,frozen_policy,0.12281594902194781,classifier_or_other,False,0.24300000000000033,6.7361330136783e-08,0.003082061452841498,0.02527767361900545,high,False,0.0,UNSAFE,3.350124511815414,False,0.0989999999999891,0.0,1.0024329007128272,0.2626803805645587,0.0,0.0,0.0,1.0,206.93677937471267,boundary,DECISION,observation_complete,exp0009_boundary_s14202_c20
CAUTION,False,True,True,3.4073270662315753,3.722003687957141,frozen_policy,0.1715252600967038,target_intrinsically_slow_settling,False,2.7800000000000002,0.00024261754472810614,0.0062310602043877655,0.03256417186021392,low,False,0.0,UNSAFE,6.6108051631399976,False,0.1469999999999838,0.0,1.0036065904400189,0.2629879375730969,0.0,2.767925045787795,0.9199999999999804,0.08000000000001961,133.24589807022056,boundary,DECISION,observation_complete,exp0009_boundary_s14202_c21
CAUTION,False,True,True,3.4073270662315753,4.278370019944263,frozen_policy,0.1715252600967038,target_intrinsically_slow_settling,False,2.7800000000000002,0.00024261754472810614,0.0062310602043877655,0.03256417186021392,nominal,False,0.0,UNSAFE,7.389718027921968,False,0.1469999999999838,0.0,1.0036065904400189,0.2629879375730969,0.0,0.0,0.7299999999999844,0.27000000000001556,133.24589807022056,boundary,DECISION,observation_complete,exp0009_boundary_s14202_c21
CAUTION,False,True,True,3.4073270662315753,3.06998197904345,frozen_policy,0.1715252600967038,target_intrinsically_slow_settling,False,2.7800000000000002,0.00024261754472810614,0.0062310602043877655,0.03256417186021392,high,False,0.0,UNSAFE,6.78330329840575,False,0.1469999999999838,0.0,1.0036065904400189,0.2629879375730969,0.0,0.0,0.33999999999999275,0.6600000000000072,133.24589807022056,boundary,DECISION,observation_complete,exp0009_boundary_s14202_c21
SAFE,True,False,True,49.44022865444038,16.578613710625852,frozen_policy,0.3526385598382018,classifier_or_other,False,0.7119999999999997,1.1738045054800917e-06,0.003964192976023655,0.009657372285347932,low,False,0.0,UNSAFE,46.87630322833561,False,0.07600000000000007,0.0,1.0371302096562,0.27177256250644244,0.0,1.3688860310591764,0.0,1.0,129.61740064300693,boundary,DECISION,observation_complete,exp0009_boundary_s14202_c22
SAFE,True,False,True,49.44022865444038,3.9948101913875895,frozen_policy,0.3526385598382018,classifier_or_other,False,0.7119999999999997,1.1738045054800917e-06,0.003964192976023655,0.009657372285347932,nominal,False,0.0,UNSAFE,10.694501550328141,False,0.07600000000000007,0.0,1.0371302096562,0.27177256250644244,0.0,1.3630773566693228,0.0,1.0,129.61740064300693,boundary,DECISION,observation_complete,exp0009_boundary_s14202_c22
SAFE,True,False,True,49.44022865444038,2.3755856244978495,frozen_policy,0.3526385598382018,classifier_or_other,False,0.7119999999999997,1.1738045054800917e-06,0.003964192976023655,0.009657372285347932,high,False,0.0,UNSAFE,5.625976040829749,False,0.07600000000000007,0.0,1.0371302096562,0.27177256250644244,0.0,1.3743603216900298,0.0,1.0,129.61740064300693,boundary,DECISION,observation_complete,exp0009_boundary_s14202_c22
SAFE,True,False,True,47.944179980622565,4.929369191478468,frozen_policy,1.0597244361696212,classifier_or_other,False,0.6699999999999999,7.092753802264845e-07,0.003998789097809233,0.009383793535580508,low,False,0.0,UNSAFE,15.811651177275914,False,0.06900000000000006,0.0,1.0324383658412952,0.270543098351812,0.0,1.4179755372841727,0.0,1.0,128.45636112145914,boundary,DECISION,observation_complete,exp0009_boundary_s14202_c23
SAFE,True,False,True,47.944179980622565,2.9353812471423937,frozen_policy,1.0597244361696212,classifier_or_other,False,0.6699999999999999,7.092753802264845e-07,0.003998789097809233,0.009383793535580508,nominal,False,0.0,UNSAFE,7.93528474321138,False,0.06900000000000006,0.0,1.0324383658412952,0.270543098351812,0.0,1.412538217808954,0.0,1.0,128.45636112145914,boundary,DECISION,observation_complete,exp0009_boundary_s14202_c23
SAFE,True,False,True,47.944179980622565,2.737200692036348,frozen_policy,1.0597244361696212,classifier_or_other,False,0.6699999999999999,7.092753802264845e-07,0.003998789097809233,0.009383793535580508,high,False,0.0,UNSAFE,6.22866782006058,False,0.06900000000000006,0.0,1.0324383658412952,0.270543098351812,0.0,1.4251258598745813,0.0,1.0,128.45636112145914,boundary,DECISION,observation_complete,exp0009_boundary_s14202_c23
UNSAFE,False,True,True,0.6401401257461524,1.8726232923194228,frozen_policy,0.16107181885449362,target_intrinsically_slow_settling,False,3.0,0.000751868517708467,0.003411216260054462,0.0396406614299425,low,False,0.0,UNSAFE,4.021672609247192,False,0.1679999999999815,0.0,1.042110530725275,0.2730776200647369,0.0,1.3860952117834098,0.0,1.0,224.1340392705298,boundary,DECISION,observation_complete,exp0009_boundary_s14202_c24
UNSAFE,False,True,True,0.6401401257461524,1.5013000042417688,frozen_policy,0.16107181885449362,target_intrinsically_slow_settling,False,3.0,0.000751868517708467,0.003411216260054462,0.0396406614299425,nominal,False,0.0,UNSAFE,3.7552986877427674,False,0.1679999999999815,0.0,1.042110530725275,0.2730776200647369,0.0,1.4025250583461168,0.0,1.0,224.1340392705298,boundary,DECISION,observation_complete,exp0009_boundary_s14202_c24
UNSAFE,False,True,True,0.6401401257461524,2.4564284393587132,frozen_policy,0.16107181885449362,target_intrinsically_slow_settling,False,3.0,0.000751868517708467,0.003411216260054462,0.0396406614299425,high,False,0.0,UNSAFE,4.8389998151021985,False,0.1679999999999815,0.0,1.042110530725275,0.2730776200647369,0.0,1.3775022829554044,0.0,1.0,224.1340392705298,boundary,DECISION,observation_complete,exp0009_boundary_s14202_c24
UNSAFE,False,True,False,2.808477615950914,nan,controller_abort_non_safe,1.902073690639886,contact_acquisition_failure,False,inf,inf,inf,inf,low,False,inf,CAUTION,nan,False,inf,0.0,inf,inf,inf,nan,nan,nan,412.15093675042465,boundary,ABORT,acquisition_timeout,exp0009_boundary_s14202_c25
UNSAFE,False,True,False,2.808477615950914,nan,controller_abort_non_safe,1.902073690639886,contact_acquisition_failure,False,inf,inf,inf,inf,nominal,False,inf,CAUTION,nan,False,inf,0.0,inf,inf,inf,nan,nan,nan,412.15093675042465,boundary,ABORT,acquisition_timeout,exp0009_boundary_s14202_c25
UNSAFE,False,True,False,2.808477615950914,nan,controller_abort_non_safe,1.902073690639886,contact_acquisition_failure,False,inf,inf,inf,inf,high,False,inf,CAUTION,nan,False,inf,0.0,inf,inf,inf,nan,nan,nan,412.15093675042465,boundary,ABORT,acquisition_timeout,exp0009_boundary_s14202_c25
UNSAFE,False,True,True,0.4333205140068292,3.2558394644499984,frozen_policy,0.343005807816916,target_intrinsically_slow_settling,False,3.0,0.0008817254410343389,0.003333056881277905,0.035454906013171215,low,False,0.0,UNSAFE,5.958175250229997,False,0.24300000000000022,0.0,1.0653135814917711,0.27915781376275683,0.0,0.41849796141686646,0.0,1.0,235.2039368555183,boundary,DECISION,observation_complete,exp0009_boundary_s14202_c26
UNSAFE,False,True,True,0.4333205140068292,2.7673584084386,frozen_policy,0.343005807816916,target_intrinsically_slow_settling,False,3.0,0.0008817254410343389,0.003333056881277905,0.035454906013171215,nominal,True,0.0,UNSAFE,5.27430177181404,False,0.24300000000000022,0.0,1.0653135814917711,0.27915781376275683,0.0,0.384591853167774,0.0,1.0,235.2039368555183,boundary,DECISION,observation_complete,exp0009_boundary_s14202_c26
UNSAFE,False,True,True,0.4333205140068292,2.8202996015565245,frozen_policy,0.343005807816916,target_intrinsically_slow_settling,False,3.0,0.0008817254410343389,0.003333056881277905,0.035454906013171215,high,True,0.0,UNSAFE,5.348419442179134,False,0.24300000000000022,0.0,1.0653135814917711,0.27915781376275683,0.0,0.36684025732476877,0.0,1.0,235.2039368555183,boundary,DECISION,observation_complete,exp0009_boundary_s14202_c26
UNSAFE,False,True,True,0.6823177211832822,26.964900019810436,frozen_policy,0.46050122388043285,target_intrinsically_slow_settling,False,3.0,0.0017760139498480961,0.007053184169252398,0.03059607021660598,low,True,0.0,UNSAFE,74.57306671949449,False,0.049000000000000044,0.0,1.0235977103263962,0.2683444573003948,0.0,0.3403751788278542,0.0,1.0,132.21841606857086,boundary,DECISION,observation_complete,exp0009_boundary_s14202_c27
UNSAFE,False,True,True,0.6823177211832822,37.632733037411015,frozen_policy,0.46050122388043285,target_intrinsically_slow_settling,False,3.0,0.0017760139498480961,0.007053184169252398,0.03059607021660598,nominal,True,0.0,UNSAFE,103.02062143309604,False,0.049000000000000044,0.0,1.0235977103263962,0.2683444573003948,0.0,0.32481959528550397,0.0,1.0,132.21841606857086,boundary,DECISION,observation_complete,exp0009_boundary_s14202_c27
UNSAFE,False,True,True,0.6823177211832822,5.989221652517964,frozen_policy,0.46050122388043285,target_intrinsically_slow_settling,False,3.0,0.0017760139498480961,0.007053184169252398,0.03059607021660598,high,True,0.0,UNSAFE,9.784910313525149,False,0.049000000000000044,0.0,1.0235977103263962,0.2683444573003948,0.0,0.3730566998521287,0.0,1.0,132.21841606857086,boundary,DECISION,observation_complete,exp0009_boundary_s14202_c27
UNSAFE,False,True,False,7.751514393205257,nan,controller_abort_non_safe,2.453391081388321,contact_acquisition_failure,False,inf,inf,inf,inf,low,False,inf,CAUTION,nan,False,inf,0.0,inf,inf,inf,nan,nan,nan,166.23970080912085,boundary,ABORT,acquisition_timeout,exp0009_boundary_s14202_c28
UNSAFE,False,True,False,7.751514393205257,nan,controller_abort_non_safe,2.453391081388321,contact_acquisition_failure,False,inf,inf,inf,inf,nominal,False,inf,CAUTION,nan,False,inf,0.0,inf,inf,inf,nan,nan,nan,166.23970080912085,boundary,ABORT,acquisition_timeout,exp0009_boundary_s14202_c28
UNSAFE,False,True,False,7.751514393205257,nan,controller_abort_non_safe,2.453391081388321,contact_acquisition_failure,False,inf,inf,inf,inf,high,False,inf,CAUTION,nan,False,inf,0.0,inf,inf,inf,nan,nan,nan,166.23970080912085,boundary,ABORT,acquisition_timeout,exp0009_boundary_s14202_c28
SAFE,True,False,True,5.634815636682852,3.06104038183049,frozen_policy,0.37604410442085884,classifier_or_other,False,1.8559999999999999,5.663046306032718e-05,0.0055792742097868055,0.028130465620574377,low,False,0.0,UNSAFE,5.9336659091458905,False,0.07600000000000007,0.0,1.0356647759533413,0.27138855607320855,0.0,2.1810566662837223,0.6999999999999851,0.3000000000000149,125.53188903247121,boundary,DECISION,observation_complete,exp0009_boundary_s14202_c29
SAFE,True,False,True,5.634815636682852,2.6088007895383294,frozen_policy,0.37604410442085884,classifier_or_other,False,1.8559999999999999,5.663046306032718e-05,0.0055792742097868055,0.028130465620574377,nominal,False,0.0,UNSAFE,6.014667982563882,False,0.07600000000000007,0.0,1.0356647759533413,0.27138855607320855,0.0,2.3321801816805148,0.7599999999999838,0.2400000000000162,125.53188903247121,boundary,DECISION,observation_complete,exp0009_boundary_s14202_c29
SAFE,True,False,True,5.634815636682852,3.64334285369955,frozen_policy,0.37604410442085884,classifier_or_other,False,1.8559999999999999,5.663046306032718e-05,0.0055792742097868055,0.028130465620574377,high,False,0.0,UNSAFE,6.80808794998295,False,0.07600000000000007,0.0,1.0356647759533413,0.27138855607320855,0.0,2.2786386181373772,0.2999999999999936,0.7000000000000064,125.53188903247121,boundary,DECISION,observation_complete,exp0009_boundary_s14202_c29
UNSAFE,False,True,False,2.020781164264441,nan,controller_abort_non_safe,1.367451968778604,contact_acquisition_failure,False,inf,inf,inf,inf,low,False,inf,CAUTION,nan,False,inf,0.0,inf,inf,inf,nan,nan,nan,233.34371309115826,boundary,ABORT,acquisition_timeout,exp0009_boundary_s14203_c00
UNSAFE,False,True,False,2.020781164264441,nan,controller_abort_non_safe,1.367451968778604,contact_acquisition_failure,False,inf,inf,inf,inf,nominal,False,inf,CAUTION,nan,False,inf,0.0,inf,inf,inf,nan,nan,nan,233.34371309115826,boundary,ABORT,acquisition_timeout,exp0009_boundary_s14203_c00
UNSAFE,False,True,False,2.020781164264441,nan,controller_abort_non_safe,1.367451968778604,contact_acquisition_failure,False,inf,inf,inf,inf,high,False,inf,CAUTION,nan,False,inf,0.0,inf,inf,inf,nan,nan,nan,233.34371309115826,boundary,ABORT,acquisition_timeout,exp0009_boundary_s14203_c00
SAFE,True,False,True,7.183323117935775,2.955102053911499,frozen_policy,0.8540665639535105,classifier_or_other,False,1.3970000000000002,4.600488470540865e-05,0.004063421896419776,0.023238338457903303,low,False,0.0,UNSAFE,5.537142875476098,False,0.06400000000000006,0.0,1.0298111315036318,0.26985465036176803,0.0,1.7633733762331145,0.6299999999999866,0.37000000000001343,179.30203388441518,boundary,DECISION,observation_complete,exp0009_boundary_s14203_c01
SAFE,True,False,True,7.183323117935775,2.8863293540354675,frozen_policy,0.8540665639535105,classifier_or_other,False,1.3970000000000002,4.600488470540865e-05,0.004063421896419776,0.023238338457903303,nominal,False,0.0,UNSAFE,5.440861095649654,False,0.06400000000000006,0.0,1.0298111315036318,0.26985465036176803,0.0,1.800003855438543,0.26999999999999424,0.7300000000000058,179.30203388441518,boundary,DECISION,observation_complete,exp0009_boundary_s14203_c01
SAFE,True,False,True,7.183323117935775,2.692667660191439,frozen_policy,0.8540665639535105,classifier_or_other,False,1.3970000000000002,4.600488470540865e-05,0.004063421896419776,0.023238338457903303,high,False,0.0,UNSAFE,5.1697347242680145,False,0.06400000000000006,0.0,1.0298111315036318,0.26985465036176803,0.0,1.7380411564559322,0.02999999999999936,0.9700000000000006,179.30203388441518,boundary,DECISION,observation_complete,exp0009_boundary_s14203_c01
SAFE,True,False,True,22.80477211001011,1.8862629785143872,frozen_policy,1.438720594990012,classifier_or_other,False,0.3959999999999999,8.488177028731656e-08,0.0034862074729968273,0.013934179918874681,low,False,0.0,UNSAFE,4.040768169920142,False,0.06400000000000006,0.0,1.0211604366024425,0.26758779756077117,0.0,2.1914044441865865,0.8699999999999815,0.13000000000001855,163.57551613463139,boundary,DECISION,observation_complete,exp0009_boundary_s14203_c02
SAFE,True,False,True,22.80477211001011,1.6976651410740686,frozen_policy,1.438720594990012,classifier_or_other,False,0.3959999999999999,8.488177028731656e-08,0.0034862074729968273,0.013934179918874681,nominal,False,0.0,UNSAFE,4.496108568456781,False,0.06400000000000006,0.0,1.0211604366024425,0.26758779756077117,0.0,0.0,0.799999999999983,0.20000000000001705,163.57551613463139,boundary,DECISION,observation_complete,exp0009_boundary_s14203_c02
SAFE,True,False,True,22.80477211001011,1.2611021447764035,frozen_policy,1.438720594990012,classifier_or_other,False,0.3959999999999999,8.488177028731656e-08,0.0034862074729968273,0.013934179918874681,high,False,0.0,UNSAFE,3.7685035746273394,False,0.06400000000000006,0.0,1.0211604366024425,0.26758779756077117,0.0,0.0,0.20999999999999552,0.7900000000000045,163.57551613463139,boundary,DECISION,observation_complete,exp0009_boundary_s14203_c02
UNSAFE,False,True,True,1.1271072486457994,2.8047420129414458,frozen_policy,0.24800760072806552,target_intrinsically_slow_settling,False,3.0,0.0010361780760656692,0.005635141647040495,0.03503451452040267,low,False,0.0,UNSAFE,5.635415362325384,False,0.24499999999997302,0.0,1.01731653423134,0.2665805304040605,0.0,1.1815641632646452,0.0,1.0,166.84602044643336,boundary,DECISION,observation_complete,exp0009_boundary_s14203_c03
UNSAFE,False,True,True,1.1271072486457994,3.2422364340665952,frozen_policy,0.24800760072806552,target_intrinsically_slow_settling,False,3.0,0.0010361780760656692,0.005635141647040495,0.03503451452040267,nominal,False,0.0,UNSAFE,5.939131007693232,False,0.24499999999997302,0.0,1.01731653423134,0.2665805304040605,0.0,1.1783534150661676,0.0,1.0,166.84602044643336,boundary,DECISION,observation_complete,exp0009_boundary_s14203_c03
UNSAFE,False,True,True,1.1271072486457994,3.300152821676404,frozen_policy,0.24800760072806552,target_intrinsically_slow_settling,False,3.0,0.0010361780760656692,0.005635141647040495,0.03503451452040267,high,False,0.0,UNSAFE,6.020213950346966,False,0.24499999999997302,0.0,1.01731653423134,0.2665805304040605,0.0,1.1833181037254215,0.0,1.0,166.84602044643336,boundary,DECISION,observation_complete,exp0009_boundary_s14203_c03
UNSAFE,False,True,False,0.3228010089332344,nan,controller_abort_non_safe,0.2512877153946967,contact_loss_or_reimpact,False,inf,inf,inf,inf,low,False,inf,CAUTION,nan,False,inf,0.0,inf,inf,inf,nan,nan,nan,168.61143833304988,boundary,APPROACH,APPROACH,exp0009_boundary_s14203_c04
UNSAFE,False,True,False,0.3228010089332344,nan,controller_abort_non_safe,0.2512877153946967,contact_loss_or_reimpact,False,inf,inf,inf,inf,nominal,False,inf,CAUTION,nan,False,inf,0.0,inf,inf,inf,nan,nan,nan,168.61143833304988,boundary,APPROACH,APPROACH,exp0009_boundary_s14203_c04
UNSAFE,False,True,False,0.3228010089332344,nan,controller_abort_non_safe,0.2512877153946967,contact_loss_or_reimpact,False,inf,inf,inf,inf,high,False,inf,CAUTION,nan,False,inf,0.0,inf,inf,inf,nan,nan,nan,168.61143833304988,boundary,APPROACH,APPROACH,exp0009_boundary_s14203_c04
UNSAFE,False,True,False,0.9112623648904083,nan,controller_abort_non_safe,1.3303426254433184,contact_acquisition_failure,False,inf,inf,inf,inf,low,False,inf,CAUTION,nan,False,inf,0.0,inf,inf,inf,nan,nan,nan,353.0471534266498,boundary,ABORT,acquisition_timeout,exp0009_boundary_s14203_c05
UNSAFE,False,True,False,0.9112623648904083,nan,controller_abort_non_safe,1.3303426254433184,contact_acquisition_failure,False,inf,inf,inf,inf,nominal,False,inf,CAUTION,nan,False,inf,0.0,inf,inf,inf,nan,nan,nan,353.0471534266498,boundary,ABORT,acquisition_timeout,exp0009_boundary_s14203_c05
UNSAFE,False,True,False,0.9112623648904083,nan,controller_abort_non_safe,1.3303426254433184,contact_acquisition_failure,False,inf,inf,inf,inf,high,False,inf,CAUTION,nan,False,inf,0.0,inf,inf,inf,nan,nan,nan,353.0471534266498,boundary,ABORT,acquisition_timeout,exp0009_boundary_s14203_c05
SAFE,True,False,True,16.708040064586456,2.458038057509062,frozen_policy,0.6495686667077051,classifier_or_other,False,0.3290000000000006,1.4846671277124975e-07,0.0033464243816146537,0.021020297717839535,low,False,0.0,UNSAFE,4.841253280512687,False,0.07300000000000006,0.0,1.0352291322076048,0.27127439874174114,0.0,0.0,0.889999999999981,0.11000000000001897,176.28541314641458,boundary,DECISION,observation_complete,exp0009_boundary_s14203_c06
SAFE,True,False,True,16.708040064586456,1.4576323183726316,frozen_policy,0.6495686667077051,classifier_or_other,False,0.3290000000000006,1.4846671277124975e-07,0.0033464243816146537,0.021020297717839535,nominal,False,0.0,UNSAFE,3.9024130340987107,False,0.07300000000000006,0.0,1.0352291322076048,0.27127439874174114,0.0,0.0,0.889999999999981,0.11000000000001897,176.28541314641458,boundary,DECISION,observation_complete,exp0009_boundary_s14203_c06
SAFE,True,False,True,16.708040064586456,1.3178024297303939,frozen_policy,0.6495686667077051,classifier_or_other,False,0.3290000000000006,1.4846671277124975e-07,0.0033464243816146537,0.021020297717839535,high,False,0.0,UNSAFE,3.863004049550656,False,0.07300000000000006,0.0,1.0352291322076048,0.27127439874174114,0.0,0.0,0.019999999999999574,0.9800000000000004,176.28541314641458,boundary,DECISION,observation_complete,exp0009_boundary_s14203_c06
UNSAFE,False,True,False,25.389068631194647,nan,controller_abort_non_safe,1.9095375392149547,contact_acquisition_failure,False,inf,inf,inf,inf,low,False,inf,CAUTION,nan,False,inf,0.0,inf,inf,inf,nan,nan,nan,160.69063676064533,boundary,ABORT,acquisition_timeout,exp0009_boundary_s14203_c07
UNSAFE,False,True,False,25.389068631194647,nan,controller_abort_non_safe,1.9095375392149547,contact_acquisition_failure,False,inf,inf,inf,inf,nominal,False,inf,CAUTION,nan,False,inf,0.0,inf,inf,inf,nan,nan,nan,160.69063676064533,boundary,ABORT,acquisition_timeout,exp0009_boundary_s14203_c07
UNSAFE,False,True,False,25.389068631194647,nan,controller_abort_non_safe,1.9095375392149547,contact_acquisition_failure,False,inf,inf,inf,inf,high,False,inf,CAUTION,nan,False,inf,0.0,inf,inf,inf,nan,nan,nan,160.69063676064533,boundary,ABORT,acquisition_timeout,exp0009_boundary_s14203_c07
SAFE,True,False,True,17.572338381629237,1.6226760209250384,frozen_policy,0.1868037102034766,classifier_or_other,False,0.2729999999999997,9.011694658919526e-09,0.003853540594806276,0.02350497580946393,low,False,0.0,UNSAFE,4.371126701541731,False,0.08999999999999009,0.0,1.0019522353458248,0.2625544256388589,0.0,2.7704217449404056,0.8799999999999812,0.12000000000001876,156.29601968963973,boundary,DECISION,observation_complete,exp0009_boundary_s14203_c08
SAFE,True,False,True,17.572338381629237,2.5433330298223096,frozen_policy,0.1868037102034766,classifier_or_other,False,0.2729999999999997,9.011694658919526e-09,0.003853540594806276,0.02350497580946393,nominal,False,0.0,UNSAFE,4.960666241751233,False,0.08999999999999009,0.0,1.0019522353458248,0.2625544256388589,0.0,0.0,0.889999999999981,0.11000000000001897,156.29601968963973,boundary,DECISION,observation_complete,exp0009_boundary_s14203_c08
SAFE,True,False,True,17.572338381629237,1.674559132174764,frozen_policy,0.1868037102034766,classifier_or_other,False,0.2729999999999997,9.011694658919526e-09,0.003853540594806276,0.02350497580946393,high,False,0.0,UNSAFE,4.4575985536246066,False,0.08999999999999009,0.0,1.0019522353458248,0.2625544256388589,0.0,0.0,0.749999999999984,0.250000000000016,156.29601968963973,boundary,DECISION,observation_complete,exp0009_boundary_s14203_c08
CAUTION,False,True,True,3.4186862447377218,2.89055861082476,frozen_policy,0.106755380366089,target_intrinsically_slow_settling,False,2.6419999999999995,0.0001906371356723138,0.004839687606554126,0.03284529163389081,low,False,0.0,UNSAFE,5.446782055154664,False,0.12999999999998568,0.0,0.996005364158763,0.2609960905268779,0.0,0.0,0.889999999999981,0.11000000000001897,182.81223502628055,boundary,DECISION,observation_complete,exp0009_boundary_s14203_c09
CAUTION,False,True,True,3.4186862447377218,2.2505512438064654,frozen_policy,0.106755380366089,target_intrinsically_slow_settling,False,2.6419999999999995,0.0001906371356723138,0.004839687606554126,0.03284529163389081,nominal,False,0.0,UNSAFE,4.6433656142871245,False,0.12999999999998568,0.0,0.996005364158763,0.2609960905268779,0.0,0.0,0.8799999999999812,0.12000000000001876,182.81223502628055,boundary,DECISION,observation_complete,exp0009_boundary_s14203_c09
CAUTION,False,True,True,3.4186862447377218,2.7495225648810573,frozen_policy,0.106755380366089,target_intrinsically_slow_settling,False,2.6419999999999995,0.0001906371356723138,0.004839687606554126,0.03284529163389081,high,False,0.0,UNSAFE,5.24933159083348,False,0.12999999999998568,0.0,0.996005364158763,0.2609960905268779,0.0,0.0,0.02999999999999936,0.9700000000000006,182.81223502628055,boundary,DECISION,observation_complete,exp0009_boundary_s14203_c09
SAFE,True,False,True,21.937305947695734,1.7450240617340556,frozen_policy,0.31801074085889264,classifier_or_other,False,0.07100000000000062,1.5655856067635862e-09,0.003786811343368982,0.020096994041533027,low,False,0.0,UNSAFE,4.39764421915088,False,0.08300000000000007,0.0,1.038531653300369,0.2721398008019218,0.0,2.2686561639906855,0.8199999999999825,0.18000000000001748,152.13490693279198,boundary,DECISION,observation_complete,exp0009_boundary_s14203_c10
SAFE,True,False,True,21.937305947695734,1.6009898943353975,frozen_policy,0.31801074085889264,classifier_or_other,False,0.07100000000000062,1.5655856067635862e-09,0.003786811343368982,0.020096994041533027,nominal,False,0.0,UNSAFE,4.334983157225662,False,0.08300000000000007,0.0,1.038531653300369,0.2721398008019218,0.0,2.441954097123947,0.8199999999999825,0.18000000000001748,152.13490693279198,boundary,DECISION,observation_complete,exp0009_boundary_s14203_c10
SAFE,True,False,True,21.937305947695734,2.0000467149956487,frozen_policy,0.31801074085889264,classifier_or_other,False,0.07100000000000062,1.5655856067635862e-09,0.003786811343368982,0.020096994041533027,high,False,0.0,UNSAFE,5.000077858326081,False,0.08300000000000007,0.0,1.038531653300369,0.2721398008019218,0.0,0.0,0.019999999999999574,0.9800000000000004,152.13490693279198,boundary,DECISION,observation_complete,exp0009_boundary_s14203_c10
UNSAFE,False,True,True,0.7409776701912051,2.381935703040889,frozen_policy,0.21995496206648416,target_intrinsically_slow_settling,False,3.0,0.0007981485656037157,0.004115096339298392,0.03333173173305777,low,False,0.0,UNSAFE,4.74718679997322,False,0.1579999999999826,0.0,1.0098061423908347,0.2646124858741474,0.0,1.2985623330705791,0.0,1.0,186.84523920320535,boundary,DECISION,observation_complete,exp0009_boundary_s14203_c11
UNSAFE,False,True,True,0.7409776701912051,2.3505562979638936,frozen_policy,0.21995496206648416,target_intrinsically_slow_settling,False,3.0,0.0007981485656037157,0.004115096339298392,0.03333173173305777,nominal,False,0.0,UNSAFE,4.77787188599226,False,0.1579999999999826,0.0,1.0098061423908347,0.2646124858741474,0.0,1.3031222308646937,0.0,1.0,186.84523920320535,boundary,DECISION,observation_complete,exp0009_boundary_s14203_c11
UNSAFE,False,True,True,0.7409776701912051,2.602249210876001,frozen_policy,0.21995496206648416,target_intrinsically_slow_settling,False,3.0,0.0007981485656037157,0.004115096339298392,0.03333173173305777,high,False,0.0,UNSAFE,5.043148895226401,False,0.1579999999999826,0.0,1.0098061423908347,0.2646124858741474,0.0,1.2782149188752536,0.0,1.0,186.84523920320535,boundary,DECISION,observation_complete,exp0009_boundary_s14203_c11
SAFE,True,False,True,34.89683493344542,1.3422560955730476,frozen_policy,0.5708016637660797,classifier_or_other,False,0.18599999999999994,6.50282418745137e-10,0.0030964975891898177,0.01352878182111301,low,False,0.0,UNSAFE,3.584452069455218,False,0.07600000000000007,0.0,1.0373065990072963,0.27181878407582677,0.0,2.0111453102547783,0.7299999999999844,0.27000000000001556,183.94205996682769,boundary,DECISION,observation_complete,exp0009_boundary_s14203_c12
SAFE,True,False,True,34.89683493344542,1.101660293087663,frozen_policy,0.5708016637660797,classifier_or_other,False,0.18599999999999994,6.50282418745137e-10,0.0030964975891898177,0.01352878182111301,nominal,False,0.0,UNSAFE,3.5027671551461053,False,0.07600000000000007,0.0,1.0373065990072963,0.27181878407582677,0.0,2.108033558373422,0.7299999999999844,0.27000000000001556,183.94205996682769,boundary,DECISION,observation_complete,exp0009_boundary_s14203_c12
SAFE,True,False,True,34.89683493344542,1.1361326625322152,frozen_policy,0.5708016637660797,classifier_or_other,False,0.18599999999999994,6.50282418745137e-10,0.0030964975891898177,0.01352878182111301,high,False,0.0,UNSAFE,3.5602211042203584,False,0.07600000000000007,0.0,1.0373065990072963,0.27181878407582677,0.0,2.0525562809702604,0.019999999999999574,0.9800000000000004,183.94205996682769,boundary,DECISION,observation_complete,exp0009_boundary_s14203_c12
UNSAFE,False,True,False,6.239033537201729,nan,controller_abort_non_safe,1.580518882823049,contact_acquisition_failure,False,inf,inf,inf,inf,low,False,inf,CAUTION,nan,False,inf,0.0,inf,inf,inf,nan,nan,nan,226.5068146206668,boundary,ABORT,acquisition_timeout,exp0009_boundary_s14203_c13
UNSAFE,False,True,False,6.239033537201729,nan,controller_abort_non_safe,1.580518882823049,contact_acquisition_failure,False,inf,inf,inf,inf,nominal,False,inf,CAUTION,nan,False,inf,0.0,inf,inf,inf,nan,nan,nan,226.5068146206668,boundary,ABORT,acquisition_timeout,exp0009_boundary_s14203_c13
UNSAFE,False,True,False,6.239033537201729,nan,controller_abort_non_safe,1.580518882823049,contact_acquisition_failure,False,inf,inf,inf,inf,high,False,inf,CAUTION,nan,False,inf,0.0,inf,inf,inf,nan,nan,nan,226.5068146206668,boundary,ABORT,acquisition_timeout,exp0009_boundary_s14203_c13
UNSAFE,False,True,False,3.5358842483920205,nan,controller_abort_non_safe,4.833830261236028,contact_acquisition_failure,False,inf,inf,inf,inf,low,False,inf,CAUTION,nan,False,inf,0.0,inf,inf,inf,nan,nan,nan,964.3476511595956,boundary,ABORT,acquisition_timeout,exp0009_boundary_s14203_c14
UNSAFE,False,True,False,3.5358842483920205,nan,controller_abort_non_safe,4.833830261236028,contact_acquisition_failure,False,inf,inf,inf,inf,nominal,False,inf,CAUTION,nan,False,inf,0.0,inf,inf,inf,nan,nan,nan,964.3476511595956,boundary,ABORT,acquisition_timeout,exp0009_boundary_s14203_c14
UNSAFE,False,True,False,3.5358842483920205,nan,controller_abort_non_safe,4.833830261236028,contact_acquisition_failure,False,inf,inf,inf,inf,high,False,inf,CAUTION,nan,False,inf,0.0,inf,inf,inf,nan,nan,nan,964.3476511595956,boundary,ABORT,acquisition_timeout,exp0009_boundary_s14203_c14
UNSAFE,False,True,False,40.60796627494014,nan,controller_abort_non_safe,3.9301862308007713,contact_acquisition_failure,False,inf,inf,inf,inf,low,False,inf,CAUTION,nan,False,inf,0.0,inf,inf,inf,nan,nan,nan,190.24927690118042,boundary,ABORT,acquisition_timeout,exp0009_boundary_s14203_c15
UNSAFE,False,True,False,40.60796627494014,nan,controller_abort_non_safe,3.9301862308007713,contact_acquisition_failure,False,inf,inf,inf,inf,nominal,False,inf,CAUTION,nan,False,inf,0.0,inf,inf,inf,nan,nan,nan,190.24927690118042,boundary,ABORT,acquisition_timeout,exp0009_boundary_s14203_c15
UNSAFE,False,True,False,40.60796627494014,nan,controller_abort_non_safe,3.9301862308007713,contact_acquisition_failure,False,inf,inf,inf,inf,high,False,inf,CAUTION,nan,False,inf,0.0,inf,inf,inf,nan,nan,nan,190.24927690118042,boundary,ABORT,acquisition_timeout,exp0009_boundary_s14203_c15
SAFE,True,False,True,43.83214516763581,1.5763989505543896,frozen_policy,0.3865396493812711,classifier_or_other,False,0.47999999999999954,1.00981001115652e-07,0.00361360287408297,0.011097054867643643,low,False,0.0,UNSAFE,6.158119619290831,False,0.07700000000000007,0.0,1.037730722507267,0.27192992260918847,0.0,1.5837025912323648,0.23999999999999488,0.7600000000000051,149.01428614840427,boundary,DECISION,observation_complete,exp0009_boundary_s14203_c16
SAFE,True,False,True,43.83214516763581,2.5091122647113804,frozen_policy,0.3865396493812711,classifier_or_other,False,0.47999999999999954,1.00981001115652e-07,0.00361360287408297,0.011097054867643643,nominal,False,0.0,UNSAFE,8.971258188361743,False,0.07700000000000007,0.0,1.037730722507267,0.27192992260918847,0.0,1.6113985761771237,0.25999999999999446,0.7400000000000055,149.01428614840427,boundary,DECISION,observation_complete,exp0009_boundary_s14203_c16
SAFE,True,False,True,43.83214516763581,1.8008735040155055,frozen_policy,0.3865396493812711,classifier_or_other,False,0.47999999999999954,1.00981001115652e-07,0.00361360287408297,0.011097054867643643,high,False,0.0,UNSAFE,4.66812250669251,False,0.07700000000000007,0.0,1.037730722507267,0.27192992260918847,0.0,1.5699076454631913,0.25999999999999446,0.7400000000000055,149.01428614840427,boundary,DECISION,observation_complete,exp0009_boundary_s14203_c16
UNSAFE,False,True,False,3.9219627514357196,nan,controller_abort_non_safe,5.813972031694486,contact_acquisition_failure,False,inf,inf,inf,inf,low,False,inf,CAUTION,nan,False,inf,0.0,inf,inf,inf,nan,nan,nan,1158.6312185355318,boundary,ABORT,acquisition_timeout,exp0009_boundary_s14203_c17
UNSAFE,False,True,False,3.9219627514357196,nan,controller_abort_non_safe,5.813972031694486,contact_acquisition_failure,False,inf,inf,inf,inf,nominal,False,inf,CAUTION,nan,False,inf,0.0,inf,inf,inf,nan,nan,nan,1158.6312185355318,boundary,ABORT,acquisition_timeout,exp0009_boundary_s14203_c17
UNSAFE,False,True,False,3.9219627514357196,nan,controller_abort_non_safe,5.813972031694486,contact_acquisition_failure,False,inf,inf,inf,inf,high,False,inf,CAUTION,nan,False,inf,0.0,inf,inf,inf,nan,nan,nan,1158.6312185355318,boundary,ABORT,acquisition_timeout,exp0009_boundary_s14203_c17
UNSAFE,False,True,True,1.202378137986866,2.7724366671940763,frozen_policy,0.15782079008759262,target_intrinsically_slow_settling,False,3.0,0.001075976658417675,0.006283694537749493,0.036167006835793,low,False,0.0,UNSAFE,6.205722373344958,False,-0.24999999999997247,0.0,1.0077262030582228,0.2640674526304726,0.0,1.8114296236816783,0.13999999999999702,0.860000000000003,150.40911546791168,boundary,DECISION,observation_complete,exp0009_boundary_s14203_c18
UNSAFE,False,True,True,1.202378137986866,2.5606965188748236,frozen_policy,0.15782079008759262,target_intrinsically_slow_settling,False,3.0,0.001075976658417675,0.006283694537749493,0.036167006835793,nominal,False,0.0,UNSAFE,5.508015107779178,False,-0.24999999999997247,0.0,1.0077262030582228,0.2640674526304726,0.0,1.8130578108565354,0.1499999999999968,0.8500000000000032,150.40911546791168,boundary,DECISION,observation_complete,exp0009_boundary_s14203_c18
UNSAFE,False,True,True,1.202378137986866,3.109301272109791,frozen_policy,0.15782079008759262,target_intrinsically_slow_settling,False,3.0,0.001075976658417675,0.006283694537749493,0.036167006835793,high,False,0.0,UNSAFE,5.8822194454564665,False,-0.24999999999997247,0.0,1.0077262030582228,0.2640674526304726,0.0,1.8297099775774173,0.11999999999999744,0.8800000000000026,150.40911546791168,boundary,DECISION,observation_complete,exp0009_boundary_s14203_c18
SAFE,True,False,True,5.0689116505019856,1.8623455246183873,frozen_policy,0.268494536383893,classifier_or_other,False,1.7309999999999999,7.683373964963034e-05,0.00440166201402886,0.0297686087422837,low,False,0.0,UNSAFE,4.200488618866188,False,0.10099999999998888,0.0,0.9973338647692733,0.26134421462146906,0.0,2.735940443802303,0.9199999999999804,0.08000000000001961,195.54617220611897,boundary,DECISION,observation_complete,exp0009_boundary_s14203_c19
SAFE,True,False,True,5.0689116505019856,2.35211940647979,frozen_policy,0.268494536383893,classifier_or_other,False,1.7309999999999999,7.683373964963034e-05,0.00440166201402886,0.0297686087422837,nominal,False,0.0,UNSAFE,4.692967169071705,False,0.10099999999998888,0.0,0.9973338647692733,0.26134421462146906,0.0,2.5659623875992814,0.9099999999999806,0.0900000000000194,195.54617220611897,boundary,DECISION,observation_complete,exp0009_boundary_s14203_c19
SAFE,True,False,True,5.0689116505019856,3.332498430314746,frozen_policy,0.268494536383893,classifier_or_other,False,1.7309999999999999,7.683373964963034e-05,0.00440166201402886,0.0297686087422837,high,False,0.0,UNSAFE,6.065497802440644,False,0.10099999999998888,0.0,0.9973338647692733,0.26134421462146906,0.0,0.0,0.09999999999999787,0.9000000000000021,195.54617220611897,boundary,DECISION,observation_complete,exp0009_boundary_s14203_c19
SAFE,True,False,True,28.642521221881985,1.084404697587117,frozen_policy,0.1982671952184154,classifier_or_other,False,0.1120000000000001,6.148696398881114e-10,0.0030483894996466135,0.016834753689914914,low,False,0.0,UNSAFE,3.474007829311862,False,0.08500000000000008,0.0,1.040421057218759,0.27263490560142506,0.0,2.2959709868092375,0.8499999999999819,0.15000000000001812,192.81843007262063,boundary,DECISION,observation_complete,exp0009_boundary_s14203_c20
SAFE,True,False,True,28.642521221881985,1.1367288910207525,frozen_policy,0.1982671952184154,classifier_or_other,False,0.1120000000000001,6.148696398881114e-10,0.0030483894996466135,0.016834753689914914,nominal,False,0.0,UNSAFE,3.5612148183679206,False,0.08500000000000008,0.0,1.040421057218759,0.27263490560142506,0.0,2.21635262145247,0.8399999999999821,0.1600000000000179,192.81843007262063,boundary,DECISION,observation_complete,exp0009_boundary_s14203_c20
SAFE,True,False,True,28.642521221881985,0.9447860183842647,frozen_policy,0.1982671952184154,classifier_or_other,False,0.1120000000000001,6.148696398881114e-10,0.0030483894996466135,0.016834753689914914,high,False,0.0,UNSAFE,3.241310030640441,False,0.08500000000000008,0.0,1.040421057218759,0.27263490560142506,0.0,0.0,0.5499999999999883,0.4500000000000117,192.81843007262063,boundary,DECISION,observation_complete,exp0009_boundary_s14203_c20
SAFE,True,False,True,23.230028032299067,1.8865970096127636,frozen_policy,0.1805723338805891,classifier_or_other,False,0.11100000000000065,5.887530389636072e-10,0.0041751536719225645,0.020176615543657676,low,False,0.0,UNSAFE,4.810995016021272,False,0.08599999999999053,0.0,1.0024026119556404,0.2626724436121114,0.0,2.1164754071909586,0.6899999999999853,0.3100000000000147,139.79104911340426,boundary,DECISION,observation_complete,exp0009_boundary_s14203_c21
SAFE,True,False,True,23.230028032299067,1.9182890147713456,frozen_policy,0.1805723338805891,classifier_or_other,False,0.11100000000000065,5.887530389636072e-10,0.0041751536719225645,0.020176615543657676,nominal,False,0.0,UNSAFE,4.863815024618909,False,0.08599999999999053,0.0,1.0024026119556404,0.2626724436121114,0.0,2.1117623210501617,0.6899999999999853,0.3100000000000147,139.79104911340426,boundary,DECISION,observation_complete,exp0009_boundary_s14203_c21
SAFE,True,False,True,23.230028032299067,1.9538258293812358,frozen_policy,0.1805723338805891,classifier_or_other,False,0.11100000000000065,5.887530389636072e-10,0.0041751536719225645,0.020176615543657676,high,False,0.0,UNSAFE,4.923043048968726,False,0.08599999999999053,0.0,1.0024026119556404,0.2626724436121114,0.0,2.1196901636540106,0.49999999999998934,0.5000000000000107,139.79104911340426,boundary,DECISION,observation_complete,exp0009_boundary_s14203_c21
UNSAFE,False,True,False,2.458788838609866,nan,controller_abort_non_safe,1.0188710602579567,contact_acquisition_failure,False,inf,inf,inf,inf,low,False,inf,CAUTION,nan,False,inf,0.0,inf,inf,inf,nan,nan,nan,171.2094537561482,boundary,ABORT,acquisition_timeout,exp0009_boundary_s14203_c22
UNSAFE,False,True,False,2.458788838609866,nan,controller_abort_non_safe,1.0188710602579567,contact_acquisition_failure,False,inf,inf,inf,inf,nominal,False,inf,CAUTION,nan,False,inf,0.0,inf,inf,inf,nan,nan,nan,171.2094537561482,boundary,ABORT,acquisition_timeout,exp0009_boundary_s14203_c22
UNSAFE,False,True,False,2.458788838609866,nan,controller_abort_non_safe,1.0188710602579567,contact_acquisition_failure,False,inf,inf,inf,inf,high,False,inf,CAUTION,nan,False,inf,0.0,inf,inf,inf,nan,nan,nan,171.2094537561482,boundary,ABORT,acquisition_timeout,exp0009_boundary_s14203_c22
SAFE,True,False,True,10.954390375099976,1.2707575826468465,frozen_policy,0.5585702367212302,classifier_or_other,False,0.5799999999999992,3.242554924294376e-06,0.0032738671580633694,0.02388745377194238,low,False,0.0,UNSAFE,3.7845959710780774,False,0.07500000000000007,0.0,1.0348395160727544,0.2711723026168993,0.0,2.701240211119898,0.9099999999999806,0.0900000000000194,206.6522282069383,boundary,DECISION,observation_complete,exp0009_boundary_s14203_c23
SAFE,True,False,True,10.954390375099976,1.4476267848480022,frozen_policy,0.5585702367212302,classifier_or_other,False,0.5799999999999992,3.242554924294376e-06,0.0032738671580633694,0.02388745377194238,nominal,False,0.0,UNSAFE,4.07937797474667,False,0.07500000000000007,0.0,1.0348395160727544,0.2711723026168993,0.0,0.0,0.9099999999999806,0.0900000000000194,206.6522282069383,boundary,DECISION,observation_complete,exp0009_boundary_s14203_c23
SAFE,True,False,True,10.954390375099976,1.7391143033485883,frozen_policy,0.5585702367212302,classifier_or_other,False,0.5799999999999992,3.242554924294376e-06,0.0032738671580633694,0.02388745377194238,high,False,0.0,UNSAFE,3.9168777533480634,False,0.07500000000000007,0.0,1.0348395160727544,0.2711723026168993,0.0,0.0,0.02999999999999936,0.9700000000000006,206.6522282069383,boundary,DECISION,observation_complete,exp0009_boundary_s14203_c23
UNSAFE,False,True,False,8.254152268732273,nan,controller_abort_non_safe,3.4353167034101473,contact_acquisition_failure,False,inf,inf,inf,inf,low,False,inf,CAUTION,nan,False,inf,0.0,inf,inf,inf,nan,nan,nan,358.24807922346116,boundary,ABORT,acquisition_timeout,exp0009_boundary_s14203_c24
UNSAFE,False,True,False,8.254152268732273,nan,controller_abort_non_safe,3.4353167034101473,contact_acquisition_failure,False,inf,inf,inf,inf,nominal,False,inf,CAUTION,nan,False,inf,0.0,inf,inf,inf,nan,nan,nan,358.24807922346116,boundary,ABORT,acquisition_timeout,exp0009_boundary_s14203_c24
UNSAFE,False,True,False,8.254152268732273,nan,controller_abort_non_safe,3.4353167034101473,contact_acquisition_failure,False,inf,inf,inf,inf,high,False,inf,CAUTION,nan,False,inf,0.0,inf,inf,inf,nan,nan,nan,358.24807922346116,boundary,ABORT,acquisition_timeout,exp0009_boundary_s14203_c24
UNSAFE,False,True,True,2.543140857548535,2.099267062401995,frozen_policy,0.13055953317996388,target_intrinsically_slow_settling,False,3.0,0.0002692853510719372,0.00409511002752284,0.032700071241069016,low,False,0.0,UNSAFE,4.669844033234325,False,0.11599999999998722,0.0,1.0012093944546396,0.262359769489947,0.0,0.0,0.8499999999999819,0.15000000000001812,204.0793479750715,boundary,DECISION,observation_complete,exp0009_boundary_s14203_c25
UNSAFE,False,True,True,2.543140857548535,2.0464092953838904,frozen_policy,0.13055953317996388,target_intrinsically_slow_settling,False,3.0,0.0002692853510719372,0.00409511002752284,0.032700071241069016,nominal,False,0.0,UNSAFE,4.617874860719951,False,0.11599999999998722,0.0,1.0012093944546396,0.262359769489947,0.0,0.0,0.8599999999999817,0.14000000000001833,204.0793479750715,boundary,DECISION,observation_complete,exp0009_boundary_s14203_c25
UNSAFE,False,True,True,2.543140857548535,1.59515883105685,frozen_policy,0.13055953317996388,target_intrinsically_slow_settling,False,3.0,0.0002692853510719372,0.00409511002752284,0.032700071241069016,high,False,0.0,UNSAFE,4.325264718428083,False,0.11599999999998722,0.0,1.0012093944546396,0.262359769489947,0.0,0.0,0.5099999999999891,0.49000000000001087,204.0793479750715,boundary,DECISION,observation_complete,exp0009_boundary_s14203_c25
UNSAFE,False,True,False,7.752650590727573,nan,controller_abort_non_safe,4.620267271760894,contact_acquisition_failure,False,inf,inf,inf,inf,low,False,inf,CAUTION,nan,False,inf,0.0,inf,inf,inf,nan,nan,nan,434.7161952034648,boundary,ABORT,acquisition_timeout,exp0009_boundary_s14203_c26
UNSAFE,False,True,False,7.752650590727573,nan,controller_abort_non_safe,4.620267271760894,contact_acquisition_failure,False,inf,inf,inf,inf,nominal,False,inf,CAUTION,nan,False,inf,0.0,inf,inf,inf,nan,nan,nan,434.7161952034648,boundary,ABORT,acquisition_timeout,exp0009_boundary_s14203_c26
UNSAFE,False,True,False,7.752650590727573,nan,controller_abort_non_safe,4.620267271760894,contact_acquisition_failure,False,inf,inf,inf,inf,high,False,inf,CAUTION,nan,False,inf,0.0,inf,inf,inf,nan,nan,nan,434.7161952034648,boundary,ABORT,acquisition_timeout,exp0009_boundary_s14203_c26
UNSAFE,False,True,False,0.5348659454761351,nan,controller_abort_non_safe,0.27839483469808873,contact_loss_or_reimpact,False,inf,inf,inf,inf,low,False,inf,CAUTION,nan,False,inf,0.0,inf,inf,inf,nan,nan,nan,143.04353209115368,boundary,APPROACH,APPROACH,exp0009_boundary_s14203_c27
UNSAFE,False,True,False,0.5348659454761351,nan,controller_abort_non_safe,0.27839483469808873,contact_loss_or_reimpact,False,inf,inf,inf,inf,nominal,False,inf,CAUTION,nan,False,inf,0.0,inf,inf,inf,nan,nan,nan,143.04353209115368,boundary,APPROACH,APPROACH,exp0009_boundary_s14203_c27
UNSAFE,False,True,False,0.5348659454761351,nan,controller_abort_non_safe,0.27839483469808873,contact_loss_or_reimpact,False,inf,inf,inf,inf,high,False,inf,CAUTION,nan,False,inf,0.0,inf,inf,inf,nan,nan,nan,143.04353209115368,boundary,APPROACH,APPROACH,exp0009_boundary_s14203_c27
UNSAFE,False,True,True,2.943354033824662,4.073449811423726,frozen_policy,0.2984951872113946,target_intrinsically_slow_settling,False,2.868000000000001,0.0003763044031717713,0.006084150406466056,0.031514300456765836,low,False,0.0,UNSAFE,7.1028297359932155,False,0.2190000000000002,0.0,1.0398187309012557,0.2724770702927541,0.0,1.7654019885411187,0.5199999999999889,0.4800000000000111,138.5041808488139,boundary,DECISION,observation_complete,exp0009_boundary_s14203_c28
UNSAFE,False,True,True,2.943354033824662,4.070049417515417,frozen_policy,0.2984951872113946,target_intrinsically_slow_settling,False,2.868000000000001,0.0003763044031717713,0.006084150406466056,0.031514300456765836,nominal,False,0.0,UNSAFE,7.0980691845215835,False,0.2190000000000002,0.0,1.0398187309012557,0.2724770702927541,0.0,1.7538720851250376,0.49999999999998934,0.5000000000000107,138.5041808488139,boundary,DECISION,observation_complete,exp0009_boundary_s14203_c28
UNSAFE,False,True,True,2.943354033824662,3.0806471745099824,frozen_policy,0.2984951872113946,target_intrinsically_slow_settling,False,2.868000000000001,0.0003763044031717713,0.006084150406466056,0.031514300456765836,high,False,0.0,UNSAFE,5.840248754943427,False,0.2190000000000002,0.0,1.0398187309012557,0.2724770702927541,0.0,1.7539978582522822,0.02999999999999936,0.9700000000000006,138.5041808488139,boundary,DECISION,observation_complete,exp0009_boundary_s14203_c28
SAFE,True,False,True,9.110455747709192,2.6603526218222417,frozen_policy,0.1222866655660105,classifier_or_other,False,0.6810000000000009,3.4688723500251215e-06,0.004792526441436157,0.028690128181389954,low,False,0.0,UNSAFE,6.100587703037069,False,0.10199999999998877,0.0,1.00121188680355,0.2623604225921743,0.0,0.0,0.8799999999999812,0.12000000000001876,133.3311817541825,boundary,DECISION,observation_complete,exp0009_boundary_s14203_c29
SAFE,True,False,True,9.110455747709192,2.420370936660062,frozen_policy,0.1222866655660105,classifier_or_other,False,0.6810000000000009,3.4688723500251215e-06,0.004792526441436157,0.028690128181389954,nominal,False,0.0,UNSAFE,5.70061822776677,False,0.10199999999998877,0.0,1.00121188680355,0.2623604225921743,0.0,0.0,0.8599999999999817,0.14000000000001833,133.3311817541825,boundary,DECISION,observation_complete,exp0009_boundary_s14203_c29
SAFE,True,False,True,9.110455747709192,2.7426043672985156,frozen_policy,0.1222866655660105,classifier_or_other,False,0.6810000000000009,3.4688723500251215e-06,0.004792526441436157,0.028690128181389954,high,False,0.0,UNSAFE,5.865836064587809,False,0.10199999999998877,0.0,1.00121188680355,0.2623604225921743,0.0,0.0,0.34999999999999254,0.6500000000000075,133.3311817541825,boundary,DECISION,observation_complete,exp0009_boundary_s14203_c29
UNSAFE,False,False,True,4.74157188011556,0.28139299724690814,frozen_policy,0.1257169331260303,target_intrinsically_slow_settling,True,2.9899999999999993,0.00018723072369209812,0.0006378268067648503,0.03389911269088403,low,False,0.0,SAFE,0.7186070027530919,True,0.08800000000000008,0.0,1.0763189193969334,0.28216575065962146,0.0,0.0,1.0099999999999785,0.0,1761.0839052699182,broad,DECISION,observation_complete,exp0009_broad_s14101_c00
UNSAFE,False,False,True,4.74157188011556,0.2536362232003423,frozen_policy,0.1257169331260303,target_intrinsically_slow_settling,True,2.9899999999999993,0.00018723072369209812,0.0006378268067648503,0.03389911269088403,nominal,False,0.0,SAFE,0.7463637767996577,True,0.08800000000000008,0.0,1.0763189193969334,0.28216575065962146,0.0,0.0,0.9899999999999789,0.010000000000021103,1761.0839052699182,broad,DECISION,observation_complete,exp0009_broad_s14101_c00
UNSAFE,False,True,True,4.74157188011556,0.04127772256844375,frozen_policy,0.1257169331260303,target_intrinsically_slow_settling,False,2.9899999999999993,0.00018723072369209812,0.0006378268067648503,0.03389911269088403,high,False,0.0,UNSAFE,1.457788811595821,False,0.08800000000000008,0.0,1.0763189193969334,0.28216575065962146,0.0,0.0,0.02999999999999936,0.9700000000000006,1761.0839052699182,broad,DECISION,observation_complete,exp0009_broad_s14101_c00
SAFE,True,False,True,18.745061044578048,1.06986811593003,frozen_policy,0.501497970252474,classifier_or_other,False,0.20099999999999962,2.9593474579376595e-08,0.0023045018267092063,0.020463340927604014,low,False,0.0,UNSAFE,2.897815362302042,False,0.08200000000000007,0.0,1.0380767713155656,0.27202060222733865,0.0,0.0,0.9099999999999806,0.0900000000000194,276.9003023325681,broad,DECISION,observation_complete,exp0009_broad_s14101_c01
SAFE,True,False,True,18.745061044578048,1.787817670918868,frozen_policy,0.501497970252474,classifier_or_other,False,0.20099999999999962,2.9593474579376595e-08,0.0023045018267092063,0.020463340927604014,nominal,False,0.0,UNSAFE,3.902944739286415,False,0.08200000000000007,0.0,1.0380767713155656,0.27202060222733865,0.0,0.0,0.8999999999999808,0.10000000000001918,276.9003023325681,broad,DECISION,observation_complete,exp0009_broad_s14101_c01
SAFE,True,False,True,18.745061044578048,1.6745812900353543,frozen_policy,0.501497970252474,classifier_or_other,False,0.20099999999999962,2.9593474579376595e-08,0.0023045018267092063,0.020463340927604014,high,False,0.0,UNSAFE,3.744413806049496,False,0.08200000000000007,0.0,1.0380767713155656,0.27202060222733865,0.0,0.0,0.03999999999999915,0.9600000000000009,276.9003023325681,broad,DECISION,observation_complete,exp0009_broad_s14101_c01
UNSAFE,False,True,True,1.219468585597073,1.2929568822142379,frozen_policy,0.30711117311699226,target_intrinsically_slow_settling,False,3.0,0.0005018419340040178,0.0026333479095966483,0.03117952832847662,low,False,0.0,UNSAFE,3.210139635099933,False,-0.17700000000000016,0.0,1.0543504256462142,0.2762849970907864,0.0,1.2868405823729752,0.03999999999999915,0.9600000000000009,319.65795210378064,broad,DECISION,observation_complete,exp0009_broad_s14101_c02
UNSAFE,False,True,True,1.219468585597073,1.18713901460695,frozen_policy,0.30711117311699226,target_intrinsically_slow_settling,False,3.0,0.0005018419340040178,0.0026333479095966483,0.03117952832847662,nominal,False,0.0,UNSAFE,3.06199462044973,False,-0.17700000000000016,0.0,1.0543504256462142,0.2762849970907864,0.0,1.3018873010849452,0.009999999999999787,0.9900000000000002,319.65795210378064,broad,DECISION,observation_complete,exp0009_broad_s14101_c02
UNSAFE,False,True,True,1.219468585597073,1.4708425006470907,frozen_policy,0.30711117311699226,target_intrinsically_slow_settling,False,3.0,0.0005018419340040178,0.0026333479095966483,0.03117952832847662,high,False,0.0,UNSAFE,3.4591795009059267,False,-0.17700000000000016,0.0,1.0543504256462142,0.2762849970907864,0.0,1.2068935272909211,0.0,1.0,319.65795210378064,broad,DECISION,observation_complete,exp0009_broad_s14101_c02
UNSAFE,False,True,False,3.7591909652091453,nan,controller_abort_non_safe,5.2680028369803304,contact_acquisition_failure,False,inf,inf,inf,inf,low,False,inf,CAUTION,nan,False,inf,0.0,inf,inf,inf,nan,nan,nan,138.93679951570007,broad,ABORT,acquisition_timeout,exp0009_broad_s14101_c03
UNSAFE,False,True,False,3.7591909652091453,nan,controller_abort_non_safe,5.2680028369803304,contact_acquisition_failure,False,inf,inf,inf,inf,nominal,False,inf,CAUTION,nan,False,inf,0.0,inf,inf,inf,nan,nan,nan,138.93679951570007,broad,ABORT,acquisition_timeout,exp0009_broad_s14101_c03
UNSAFE,False,True,False,3.7591909652091453,nan,controller_abort_non_safe,5.2680028369803304,contact_acquisition_failure,False,inf,inf,inf,inf,high,False,inf,CAUTION,nan,False,inf,0.0,inf,inf,inf,nan,nan,nan,138.93679951570007,broad,ABORT,acquisition_timeout,exp0009_broad_s14101_c03
UNSAFE,False,True,False,2.8047086767121985,nan,controller_abort_non_safe,1.6793721075633077,contact_acquisition_failure,False,inf,inf,inf,inf,low,False,inf,CAUTION,nan,False,inf,0.0,inf,inf,inf,nan,nan,nan,2365.178252447432,broad,ABORT,acquisition_timeout,exp0009_broad_s14101_c04
UNSAFE,False,True,False,2.8047086767121985,nan,controller_abort_non_safe,1.6793721075633077,contact_acquisition_failure,False,inf,inf,inf,inf,nominal,False,inf,CAUTION,nan,False,inf,0.0,inf,inf,inf,nan,nan,nan,2365.178252447432,broad,ABORT,acquisition_timeout,exp0009_broad_s14101_c04
UNSAFE,False,True,False,2.8047086767121985,nan,controller_abort_non_safe,1.6793721075633077,contact_acquisition_failure,False,inf,inf,inf,inf,high,False,inf,CAUTION,nan,False,inf,0.0,inf,inf,inf,nan,nan,nan,2365.178252447432,broad,ABORT,acquisition_timeout,exp0009_broad_s14101_c04
UNSAFE,False,True,True,1.864692315277412,0.059496521074229536,frozen_policy,1.26200851333251,target_intrinsically_slow_settling,False,inf,inf,inf,inf,low,False,0.0,UNSAFE,1.4832951295039214,False,0.12300000000000011,0.0,1.039993812036825,0.27264282859503564,0.0,0.6347048501155999,0.5499999999999883,0.4500000000000117,1419.3558575701143,broad,DECISION,observation_complete,exp0009_broad_s14101_c05
UNSAFE,False,True,True,1.864692315277412,0.032035532005792344,frozen_policy,1.26200851333251,target_intrinsically_slow_settling,False,inf,inf,inf,inf,nominal,False,0.0,UNSAFE,1.4448497448081092,False,0.12300000000000011,0.0,1.039993812036825,0.27264282859503564,0.0,0.7860195675630511,0.16999999999999638,0.8300000000000036,1419.3558575701143,broad,DECISION,observation_complete,exp0009_broad_s14101_c05
UNSAFE,False,True,True,1.864692315277412,0.49926983942949565,frozen_policy,1.26200851333251,target_intrinsically_slow_settling,False,inf,inf,inf,inf,high,False,0.0,UNSAFE,2.098977775201294,False,0.12300000000000011,0.0,1.039993812036825,0.27264282859503564,0.0,0.5101888389678044,0.02999999999999936,0.9700000000000006,1419.3558575701143,broad,DECISION,observation_complete,exp0009_broad_s14101_c05
UNSAFE,False,True,False,25.30281754927823,nan,controller_abort_non_safe,2.7064613353358955,contact_acquisition_failure,False,inf,inf,inf,inf,low,False,inf,CAUTION,nan,False,inf,0.0,inf,inf,inf,nan,nan,nan,773.2108405225993,broad,ABORT,acquisition_timeout,exp0009_broad_s14101_c06
UNSAFE,False,True,False,25.30281754927823,nan,controller_abort_non_safe,2.7064613353358955,contact_acquisition_failure,False,inf,inf,inf,inf,nominal,False,inf,CAUTION,nan,False,inf,0.0,inf,inf,inf,nan,nan,nan,773.2108405225993,broad,ABORT,acquisition_timeout,exp0009_broad_s14101_c06
UNSAFE,False,True,False,25.30281754927823,nan,controller_abort_non_safe,2.7064613353358955,contact_acquisition_failure,False,inf,inf,inf,inf,high,False,inf,CAUTION,nan,False,inf,0.0,inf,inf,inf,nan,nan,nan,773.2108405225993,broad,ABORT,acquisition_timeout,exp0009_broad_s14101_c06
UNSAFE,False,True,False,0.3305948324420527,nan,controller_abort_non_safe,5.030752396480349,contact_acquisition_failure,False,inf,inf,inf,inf,low,False,inf,CAUTION,nan,False,inf,0.0,inf,inf,inf,nan,nan,nan,153.09390224464212,broad,ABORT,acquisition_timeout,exp0009_broad_s14101_c07
UNSAFE,False,True,False,0.3305948324420527,nan,controller_abort_non_safe,5.030752396480349,contact_acquisition_failure,False,inf,inf,inf,inf,nominal,False,inf,CAUTION,nan,False,inf,0.0,inf,inf,inf,nan,nan,nan,153.09390224464212,broad,ABORT,acquisition_timeout,exp0009_broad_s14101_c07
UNSAFE,False,True,False,0.3305948324420527,nan,controller_abort_non_safe,5.030752396480349,contact_acquisition_failure,False,inf,inf,inf,inf,high,False,inf,CAUTION,nan,False,inf,0.0,inf,inf,inf,nan,nan,nan,153.09390224464212,broad,ABORT,acquisition_timeout,exp0009_broad_s14101_c07
SAFE,True,False,True,6.867410151295683,0.03029373808365521,frozen_policy,0.8030032351200705,classifier_or_other,False,1.327,4.485288004312685e-05,0.0008442993205420088,0.02046049739715828,low,False,0.0,UNSAFE,1.4424112333171173,False,0.1090000000000001,0.0,1.051017470164849,0.27541161991648666,0.0,1.933221929536958,0.9599999999999795,0.040000000000020464,1140.3619463026785,broad,DECISION,observation_complete,exp0009_broad_s14101_c08
SAFE,True,False,True,6.867410151295683,0.02494177566385658,frozen_policy,0.8030032351200705,classifier_or_other,False,1.327,4.485288004312685e-05,0.0008442993205420088,0.02046049739715828,nominal,False,0.0,UNSAFE,1.434918485929399,False,0.1090000000000001,0.0,1.051017470164849,0.27541161991648666,0.0,0.0,0.6699999999999857,0.3300000000000143,1140.3619463026785,broad,DECISION,observation_complete,exp0009_broad_s14101_c08
SAFE,True,False,True,6.867410151295683,0.2164644118231147,frozen_policy,0.8030032351200705,classifier_or_other,False,1.327,4.485288004312685e-05,0.0008442993205420088,0.02046049739715828,high,False,0.0,UNSAFE,1.7030501765523605,False,0.1090000000000001,0.0,1.051017470164849,0.27541161991648666,0.0,0.0,0.26999999999999424,0.7300000000000058,1140.3619463026785,broad,DECISION,observation_complete,exp0009_broad_s14101_c08
UNSAFE,False,True,False,34.65573569616733,nan,controller_abort_non_safe,3.2114752194310814,contact_acquisition_failure,False,inf,inf,inf,inf,low,False,inf,CAUTION,nan,False,inf,0.0,inf,inf,inf,nan,nan,nan,113.3993310840195,broad,ABORT,acquisition_timeout,exp0009_broad_s14101_c09
UNSAFE,False,True,False,34.65573569616733,nan,controller_abort_non_safe,3.2114752194310814,contact_acquisition_failure,False,inf,inf,inf,inf,nominal,False,inf,CAUTION,nan,False,inf,0.0,inf,inf,inf,nan,nan,nan,113.3993310840195,broad,ABORT,acquisition_timeout,exp0009_broad_s14101_c09
UNSAFE,False,True,False,34.65573569616733,nan,controller_abort_non_safe,3.2114752194310814,contact_acquisition_failure,False,inf,inf,inf,inf,high,False,inf,CAUTION,nan,False,inf,0.0,inf,inf,inf,nan,nan,nan,113.3993310840195,broad,ABORT,acquisition_timeout,exp0009_broad_s14101_c09
UNSAFE,False,True,False,25.957482034502053,nan,controller_abort_non_safe,4.0451448685082285,contact_acquisition_failure,False,inf,inf,inf,inf,low,False,inf,CAUTION,nan,False,inf,0.0,inf,inf,inf,nan,nan,nan,501.58073424959315,broad,ABORT,acquisition_timeout,exp0009_broad_s14101_c10
UNSAFE,False,True,False,25.957482034502053,nan,controller_abort_non_safe,4.0451448685082285,contact_acquisition_failure,False,inf,inf,inf,inf,nominal,False,inf,CAUTION,nan,False,inf,0.0,inf,inf,inf,nan,nan,nan,501.58073424959315,broad,ABORT,acquisition_timeout,exp0009_broad_s14101_c10
UNSAFE,False,True,False,25.957482034502053,nan,controller_abort_non_safe,4.0451448685082285,contact_acquisition_failure,False,inf,inf,inf,inf,high,False,inf,CAUTION,nan,False,inf,0.0,inf,inf,inf,nan,nan,nan,501.58073424959315,broad,ABORT,acquisition_timeout,exp0009_broad_s14101_c10
SAFE,True,True,True,1.344755894497587,0.03669276832211865,frozen_policy,0.5172064668520209,classifier_or_other,False,0.7969999999999997,3.92237711060462e-05,0.0006957211238625155,0.021419019404255762,low,False,0.0,SAFE,0.9633072316778813,True,0.09900000000000009,0.0,1.1129783158652642,0.29177630933029053,0.0,1.1003282453008545,0.41999999999999105,0.580000000000009,1543.5343375778857,broad,DECISION,observation_complete,exp0009_broad_s14101_c11
SAFE,True,True,True,1.344755894497587,0.043975912563672614,frozen_policy,0.5172064668520209,classifier_or_other,False,0.7969999999999997,3.92237711060462e-05,0.0006957211238625155,0.021419019404255762,nominal,False,0.0,SAFE,0.9560240874363274,True,0.09900000000000009,0.0,1.1129783158652642,0.29177630933029053,0.0,1.1918195405722105,0.20999999999999552,0.7900000000000045,1543.5343375778857,broad,DECISION,observation_complete,exp0009_broad_s14101_c11
SAFE,True,False,True,1.344755894497587,0.14717680553919454,frozen_policy,0.5172064668520209,classifier_or_other,False,0.7969999999999997,3.92237711060462e-05,0.0006957211238625155,0.021419019404255762,high,False,0.0,CAUTION,1.1939524722451276,False,0.09900000000000009,0.0,1.1129783158652642,0.29177630933029053,0.0,0.0,0.09999999999999787,0.9000000000000021,1543.5343375778857,broad,DECISION,observation_complete,exp0009_broad_s14101_c11
SAFE,True,False,True,39.654677593350776,1.010284131532479,frozen_policy,0.2232622671277696,classifier_or_other,False,0.3410000000000002,2.1760781847209865e-09,0.003148217180903283,0.012643129635293014,low,False,0.0,UNSAFE,3.350473552554132,False,0.08100000000000007,0.0,1.0396069108457218,0.2724215643603777,0.0,1.8397710438077297,0.5899999999999874,0.4100000000000126,179.01577918685953,broad,DECISION,observation_complete,exp0009_broad_s14101_c12
SAFE,True,False,True,39.654677593350776,1.1845401970464895,frozen_policy,0.2232622671277696,classifier_or_other,False,0.3410000000000002,2.1760781847209865e-09,0.003148217180903283,0.012643129635293014,nominal,False,0.0,UNSAFE,3.640900328410816,False,0.08100000000000007,0.0,1.0396069108457218,0.2724215643603777,0.0,1.8265162569417681,0.5699999999999878,0.43000000000001215,179.01577918685953,broad,DECISION,observation_complete,exp0009_broad_s14101_c12
SAFE,True,False,True,39.654677593350776,1.6367543349054845,frozen_policy,0.2232622671277696,classifier_or_other,False,0.3410000000000002,2.1760781847209865e-09,0.003148217180903283,0.012643129635293014,high,False,0.0,UNSAFE,3.691456068867678,False,0.08100000000000007,0.0,1.0396069108457218,0.2724215643603777,0.0,1.9144520135192808,0.23999999999999488,0.7600000000000051,179.01577918685953,broad,DECISION,observation_complete,exp0009_broad_s14101_c12
UNSAFE,False,True,True,0.8868104650336007,3.3802639670619374,frozen_policy,0.9840763202078575,target_intrinsically_slow_settling,False,3.0,0.0011103498817220457,0.003541905812101032,0.02537596554230228,low,True,0.0,UNSAFE,6.132369553886712,False,0.06199999999999317,0.0,1.0114636758189808,0.2650468306680924,0.0,0.0,0.0,1.0,353.84178517471935,broad,DECISION,observation_complete,exp0009_broad_s14101_c13
UNSAFE,False,True,True,0.8868104650336007,3.036967808922088,frozen_policy,0.9840763202078575,target_intrinsically_slow_settling,False,3.0,0.0011103498817220457,0.003541905812101032,0.02537596554230228,nominal,True,0.0,UNSAFE,5.651754932490923,False,0.06199999999999317,0.0,1.0114636758189808,0.2650468306680924,0.0,0.0,0.0,1.0,353.84178517471935,broad,DECISION,observation_complete,exp0009_broad_s14101_c13
UNSAFE,False,True,True,0.8868104650336007,3.116437417553179,frozen_policy,0.9840763202078575,target_intrinsically_slow_settling,False,3.0,0.0011103498817220457,0.003541905812101032,0.02537596554230228,high,True,0.0,UNSAFE,5.76301238457445,False,0.06199999999999317,0.0,1.0114636758189808,0.2650468306680924,0.0,0.0,0.0,1.0,353.84178517471935,broad,DECISION,observation_complete,exp0009_broad_s14101_c13
UNSAFE,False,True,False,0.6878169481416998,nan,controller_abort_non_safe,2.222790794665806,contact_acquisition_failure,False,inf,inf,inf,inf,low,False,inf,CAUTION,nan,False,inf,0.0,inf,inf,inf,nan,nan,nan,666.8842046258924,broad,ABORT,acquisition_timeout,exp0009_broad_s14101_c14
UNSAFE,False,True,False,0.6878169481416998,nan,controller_abort_non_safe,2.222790794665806,contact_acquisition_failure,False,inf,inf,inf,inf,nominal,False,inf,CAUTION,nan,False,inf,0.0,inf,inf,inf,nan,nan,nan,666.8842046258924,broad,ABORT,acquisition_timeout,exp0009_broad_s14101_c14
UNSAFE,False,True,False,0.6878169481416998,nan,controller_abort_non_safe,2.222790794665806,contact_acquisition_failure,False,inf,inf,inf,inf,high,False,inf,CAUTION,nan,False,inf,0.0,inf,inf,inf,nan,nan,nan,666.8842046258924,broad,ABORT,acquisition_timeout,exp0009_broad_s14101_c14
UNSAFE,False,False,True,9.26328694546526,0.16910083403925047,frozen_policy,0.10421706421072761,target_intrinsically_slow_settling,True,3.0,0.00017013862311506366,0.0005709500081355583,0.029575920153263532,low,False,0.0,SAFE,0.8308991659607495,True,0.08399999999999075,0.0,1.0597981430282128,0.27771253251394945,0.0,0.0,1.0099999999999785,0.0,1973.0470263777013,broad,DECISION,observation_complete,exp0009_broad_s14101_c15
UNSAFE,False,False,True,9.26328694546526,0.07703893889470059,frozen_policy,0.10421706421072761,target_intrinsically_slow_settling,True,3.0,0.00017013862311506366,0.0005709500081355583,0.029575920153263532,nominal,False,0.0,SAFE,0.9229610611052994,True,0.08399999999999075,0.0,1.0597981430282128,0.27771253251394945,0.0,0.0,0.9899999999999789,0.010000000000021103,1973.0470263777013,broad,DECISION,observation_complete,exp0009_broad_s14101_c15
UNSAFE,False,True,True,9.26328694546526,0.6917695112156612,frozen_policy,0.10421706421072761,target_intrinsically_slow_settling,False,3.0,0.00017013862311506366,0.0005709500081355583,0.029575920153263532,high,False,0.0,UNSAFE,2.3684773157019254,False,0.08399999999999075,0.0,1.0597981430282128,0.27771253251394945,0.0,0.0,0.48999999999998956,0.5100000000000104,1973.0470263777013,broad,DECISION,observation_complete,exp0009_broad_s14101_c15
SAFE,True,False,True,13.499788517471849,2.332153401031692,frozen_policy,0.37233198304232495,classifier_or_other,False,0.4249999999999998,3.959050343015214e-07,0.004646531480657398,0.02407947684909139,low,False,0.0,UNSAFE,5.553589001719486,False,0.08000000000000007,0.0,1.036922060957067,0.27171801862678385,0.0,0.0,0.8699999999999815,0.13000000000001855,123.14688659951864,broad,DECISION,observation_complete,exp0009_broad_s14101_c16
SAFE,True,False,True,13.499788517471849,2.347927300556399,frozen_policy,0.37233198304232495,classifier_or_other,False,0.4249999999999998,3.959050343015214e-07,0.004646531480657398,0.02407947684909139,nominal,False,0.0,UNSAFE,5.579878834260665,False,0.08000000000000007,0.0,1.036922060957067,0.27171801862678385,0.0,0.0,0.8399999999999821,0.1600000000000179,123.14688659951864,broad,DECISION,observation_complete,exp0009_broad_s14101_c16
SAFE,True,False,True,13.499788517471849,2.5271231333788746,frozen_policy,0.37233198304232495,classifier_or_other,False,0.4249999999999998,3.959050343015214e-07,0.004646531480657398,0.02407947684909139,high,False,0.0,UNSAFE,5.878538555631458,False,0.08000000000000007,0.0,1.036922060957067,0.27171801862678385,0.0,0.0,0.09999999999999787,0.9000000000000021,123.14688659951864,broad,DECISION,observation_complete,exp0009_broad_s14101_c16
UNSAFE,False,True,True,0.7984876333818433,0.028200677265559637,frozen_policy,0.1869115943463292,target_intrinsically_slow_settling,False,3.0,0.00033834426022858865,0.001113484912445295,0.04875893090014559,low,False,0.0,UNSAFE,1.4394809481717834,False,0.1130000000000001,0.0,1.0579672788034855,0.27735471895650216,0.0,1.4778561897929643,0.9499999999999797,0.05000000000002025,853.5015918076504,broad,DECISION,observation_complete,exp0009_broad_s14101_c17
UNSAFE,False,True,True,0.7984876333818433,0.09701803726032754,frozen_policy,0.1869115943463292,target_intrinsically_slow_settling,False,3.0,0.00033834426022858865,0.001113484912445295,0.04875893090014559,nominal,False,0.0,UNSAFE,1.5358252521644584,False,0.1130000000000001,0.0,1.0579672788034855,0.27735471895650216,0.0,0.0,0.6899999999999853,0.3100000000000147,853.5015918076504,broad,DECISION,observation_complete,exp0009_broad_s14101_c17
UNSAFE,False,True,True,0.7984876333818433,0.06664553429149223,frozen_policy,0.1869115943463292,target_intrinsically_slow_settling,False,3.0,0.00033834426022858865,0.001113484912445295,0.04875893090014559,high,False,0.0,UNSAFE,1.493303748008089,False,0.1130000000000001,0.0,1.0579672788034855,0.27735471895650216,0.0,0.0,0.02999999999999936,0.9700000000000006,853.5015918076504,broad,DECISION,observation_complete,exp0009_broad_s14101_c17
UNSAFE,False,True,True,0.45721418950003573,2.4845847830254795,frozen_policy,0.23761067255607093,target_intrinsically_slow_settling,False,3.0,0.0010000857891913,0.003688297296080531,0.034892783142573804,low,False,0.0,UNSAFE,4.878418696235671,False,0.18499999999997963,0.0,1.021043546221655,0.267557167271514,0.0,0.9639634181875874,0.0,1.0,224.2199372350196,broad,DECISION,observation_complete,exp0009_broad_s14101_c18
UNSAFE,False,True,True,0.45721418950003573,2.0893889416839584,frozen_policy,0.23761067255607093,target_intrinsically_slow_settling,False,3.0,0.0010000857891913,0.003688297296080531,0.034892783142573804,nominal,False,0.0,UNSAFE,4.325144518357542,False,0.18499999999997963,0.0,1.021043546221655,0.267557167271514,0.0,0.9577954209242214,0.0,1.0,224.2199372350196,broad,DECISION,observation_complete,exp0009_broad_s14101_c18
UNSAFE,False,True,True,0.45721418950003573,2.7181930796023788,frozen_policy,0.23761067255607093,target_intrinsically_slow_settling,False,3.0,0.0010000857891913,0.003688297296080531,0.034892783142573804,high,False,0.0,UNSAFE,5.20547031144333,False,0.18499999999997963,0.0,1.021043546221655,0.267557167271514,0.0,0.9638921354961736,0.0,1.0,224.2199372350196,broad,DECISION,observation_complete,exp0009_broad_s14101_c18
UNSAFE,False,True,False,0.4632248633479216,nan,controller_abort_non_safe,1.3855598601482872,contact_acquisition_failure,False,inf,inf,inf,inf,low,False,inf,CAUTION,nan,False,inf,0.0,inf,inf,inf,nan,nan,nan,87.09613998296253,broad,ABORT,acquisition_timeout,exp0009_broad_s14101_c19
UNSAFE,False,True,False,0.4632248633479216,nan,controller_abort_non_safe,1.3855598601482872,contact_acquisition_failure,False,inf,inf,inf,inf,nominal,False,inf,CAUTION,nan,False,inf,0.0,inf,inf,inf,nan,nan,nan,87.09613998296253,broad,ABORT,acquisition_timeout,exp0009_broad_s14101_c19
UNSAFE,False,True,False,0.4632248633479216,nan,controller_abort_non_safe,1.3855598601482872,contact_acquisition_failure,False,inf,inf,inf,inf,high,False,inf,CAUTION,nan,False,inf,0.0,inf,inf,inf,nan,nan,nan,87.09613998296253,broad,ABORT,acquisition_timeout,exp0009_broad_s14101_c19
SAFE,True,False,True,2.2698617963506287,1.0872025213347478,frozen_policy,0.13935049356580026,classifier_or_other,False,0.5729999999999995,6.0965679890826706e-05,0.0017938586900641982,0.031030010456305726,low,False,0.0,UNSAFE,2.922083529868647,False,0.14500000000000013,0.0,1.0578320332655864,0.27731926323976536,0.0,0.0,0.9499999999999797,0.05000000000002025,418.34006209539245,broad,DECISION,observation_complete,exp0009_broad_s14101_c20
SAFE,True,False,True,2.2698617963506287,0.6502881206484388,frozen_policy,0.13935049356580026,classifier_or_other,False,0.5729999999999995,6.0965679890826706e-05,0.0017938586900641982,0.031030010456305726,nominal,False,0.0,UNSAFE,2.310403368907814,False,0.14500000000000013,0.0,1.0578320332655864,0.27731926323976536,0.0,0.0,0.9499999999999797,0.05000000000002025,418.34006209539245,broad,DECISION,observation_complete,exp0009_broad_s14101_c20
SAFE,True,False,True,2.2698617963506287,0.511072507648179,frozen_policy,0.13935049356580026,classifier_or_other,False,0.5729999999999995,6.0965679890826706e-05,0.0017938586900641982,0.031030010456305726,high,False,0.0,UNSAFE,2.1155015107074506,False,0.14500000000000013,0.0,1.0578320332655864,0.27731926323976536,0.0,0.0,0.41999999999999105,0.580000000000009,418.34006209539245,broad,DECISION,observation_complete,exp0009_broad_s14101_c20
UNSAFE,False,True,False,4.049848286825396,nan,controller_abort_non_safe,2.5549330165537127,contact_acquisition_failure,False,inf,inf,inf,inf,low,False,inf,CAUTION,nan,False,inf,0.0,inf,inf,inf,nan,nan,nan,230.40853167279894,broad,ABORT,acquisition_timeout,exp0009_broad_s14101_c21
UNSAFE,False,True,False,4.049848286825396,nan,controller_abort_non_safe,2.5549330165537127,contact_acquisition_failure,False,inf,inf,inf,inf,nominal,False,inf,CAUTION,nan,False,inf,0.0,inf,inf,inf,nan,nan,nan,230.40853167279894,broad,ABORT,acquisition_timeout,exp0009_broad_s14101_c21
UNSAFE,False,True,False,4.049848286825396,nan,controller_abort_non_safe,2.5549330165537127,contact_acquisition_failure,False,inf,inf,inf,inf,high,False,inf,CAUTION,nan,False,inf,0.0,inf,inf,inf,nan,nan,nan,230.40853167279894,broad,ABORT,acquisition_timeout,exp0009_broad_s14101_c21
SAFE,True,False,True,8.868113852376647,0.9639372250717262,frozen_policy,1.0561015057712988,classifier_or_other,False,0.5590000000000002,1.3146174336093363e-05,0.001288250543942084,0.0210649640762967,low,False,0.0,UNSAFE,2.7495121151004165,False,0.07800000000000007,0.0,1.0366959396968936,0.27177826456330995,0.0,1.8033565270530718,0.9599999999999795,0.040000000000020464,607.539822263809,broad,DECISION,observation_complete,exp0009_broad_s14101_c22
SAFE,True,False,True,8.868113852376647,1.1549820487274327,frozen_policy,1.0561015057712988,classifier_or_other,False,0.5590000000000002,1.3146174336093363e-05,0.001288250543942084,0.0210649640762967,nominal,False,0.0,UNSAFE,3.016974868218406,False,0.07800000000000007,0.0,1.0366959396968936,0.27177826456330995,0.0,1.6846071007946652,0.6599999999999859,0.34000000000001407,607.539822263809,broad,DECISION,observation_complete,exp0009_broad_s14101_c22
SAFE,True,False,True,8.868113852376647,1.3669378664979615,frozen_policy,1.0561015057712988,classifier_or_other,False,0.5590000000000002,1.3146174336093363e-05,0.001288250543942084,0.0210649640762967,high,False,0.0,UNSAFE,3.313713013097146,False,0.07800000000000007,0.0,1.0366959396968936,0.27177826456330995,0.0,1.7248247072287217,0.09999999999999787,0.9000000000000021,607.539822263809,broad,DECISION,observation_complete,exp0009_broad_s14101_c22
SAFE,True,False,True,56.44629755535298,0.21436240743395873,frozen_policy,0.32000096376917003,classifier_or_other,False,0.8099999999999996,1.279150213914492e-09,0.0007896908428067106,0.01316525454431042,low,False,0.0,UNSAFE,1.700107370407542,False,0.08000000000000007,0.0,1.0440597879619624,0.2735884089987265,0.0,0.0,0.9599999999999795,0.040000000000020464,979.8358128054117,broad,DECISION,observation_complete,exp0009_broad_s14101_c23
SAFE,True,False,True,56.44629755535298,0.33282136308788,frozen_policy,0.32000096376917003,classifier_or_other,False,0.8099999999999996,1.279150213914492e-09,0.0007896908428067106,0.01316525454431042,nominal,False,0.0,UNSAFE,1.865949908323032,False,0.08000000000000007,0.0,1.0440597879619624,0.2735884089987265,0.0,0.0,0.93999999999998,0.06000000000002004,979.8358128054117,broad,DECISION,observation_complete,exp0009_broad_s14101_c23
SAFE,True,False,True,56.44629755535298,0.8720444456347165,frozen_policy,0.32000096376917003,classifier_or_other,False,0.8099999999999996,1.279150213914492e-09,0.0007896908428067106,0.01316525454431042,high,False,0.0,UNSAFE,2.620862223888603,False,0.08000000000000007,0.0,1.0440597879619624,0.2735884089987265,0.0,0.0,0.17999999999999616,0.8200000000000038,979.8358128054117,broad,DECISION,observation_complete,exp0009_broad_s14101_c23
SAFE,True,False,True,16.257408015641854,3.7381785003093757,frozen_policy,0.7074520671667234,classifier_or_other,False,0.21199999999999974,1.8665359749278131e-07,0.006423627756808079,0.020626805956759947,low,False,0.0,UNSAFE,12.600892705780195,False,0.06800000000000006,0.0,1.0327370914423493,0.2706213772615659,0.0,2.222446284067797,0.5499999999999883,0.4500000000000117,84.58535999071874,broad,DECISION,observation_complete,exp0009_broad_s14101_c24
SAFE,True,False,True,16.257408015641854,4.477694989095116,frozen_policy,0.7074520671667234,classifier_or_other,False,0.21199999999999974,1.8665359749278131e-07,0.006423627756808079,0.020626805956759947,nominal,False,0.0,UNSAFE,9.12949164849186,False,0.06800000000000006,0.0,1.0327370914423493,0.2706213772615659,0.0,2.264237936172812,0.5499999999999883,0.4500000000000117,84.58535999071874,broad,DECISION,observation_complete,exp0009_broad_s14101_c24
SAFE,True,False,True,16.257408015641854,3.604376846374877,frozen_policy,0.7074520671667234,classifier_or_other,False,0.21199999999999974,1.8665359749278131e-07,0.006423627756808079,0.020626805956759947,high,False,0.0,UNSAFE,7.673961410624796,False,0.06800000000000006,0.0,1.0327370914423493,0.2706213772615659,0.0,2.261789524081366,0.18999999999999595,0.810000000000004,84.58535999071874,broad,DECISION,observation_complete,exp0009_broad_s14101_c24
SAFE,True,False,True,41.17694048688859,0.7776692708810822,frozen_policy,0.12209660562522763,classifier_or_other,False,0.40300000000000047,8.174880741175381e-10,0.0011348453566624507,0.014749541147549798,low,False,0.0,UNSAFE,2.488736979233515,False,0.08600000000000008,0.0,1.0456413996807041,0.27400285905108324,0.0,0.0,0.9499999999999797,0.05000000000002025,641.1486405054875,broad,DECISION,observation_complete,exp0009_broad_s14102_c00
SAFE,True,False,True,41.17694048688859,0.35418459143880576,frozen_policy,0.12209660562522763,classifier_or_other,False,0.40300000000000047,8.174880741175381e-10,0.0011348453566624507,0.014749541147549798,nominal,False,0.0,UNSAFE,1.895858428014328,False,0.08600000000000008,0.0,1.0456413996807041,0.27400285905108324,0.0,0.0,0.9499999999999797,0.05000000000002025,641.1486405054875,broad,DECISION,observation_complete,exp0009_broad_s14102_c00
SAFE,True,False,True,41.17694048688859,0.9093111720960549,frozen_policy,0.12209660562522763,classifier_or_other,False,0.40300000000000047,8.174880741175381e-10,0.0011348453566624507,0.014749541147549798,high,False,0.0,UNSAFE,2.6730356409344767,False,0.08600000000000008,0.0,1.0456413996807041,0.27400285905108324,0.0,0.0,0.049999999999998934,0.9500000000000011,641.1486405054875,broad,DECISION,observation_complete,exp0009_broad_s14102_c00
UNSAFE,False,True,False,0.47244726776948615,nan,controller_abort_non_safe,3.018850746243036,contact_acquisition_failure,False,inf,inf,inf,inf,low,False,inf,CAUTION,nan,False,inf,0.0,inf,inf,inf,nan,nan,nan,1582.9537375865455,broad,ABORT,acquisition_timeout,exp0009_broad_s14102_c01
UNSAFE,False,True,False,0.47244726776948615,nan,controller_abort_non_safe,3.018850746243036,contact_acquisition_failure,False,inf,inf,inf,inf,nominal,False,inf,CAUTION,nan,False,inf,0.0,inf,inf,inf,nan,nan,nan,1582.9537375865455,broad,ABORT,acquisition_timeout,exp0009_broad_s14102_c01
UNSAFE,False,True,False,0.47244726776948615,nan,controller_abort_non_safe,3.018850746243036,contact_acquisition_failure,False,inf,inf,inf,inf,high,False,inf,CAUTION,nan,False,inf,0.0,inf,inf,inf,nan,nan,nan,1582.9537375865455,broad,ABORT,acquisition_timeout,exp0009_broad_s14102_c01
SAFE,True,False,True,21.967007684885058,0.5727999315745977,frozen_policy,1.0188158531846516,classifier_or_other,False,0.05799999999999983,3.673446164129793e-08,0.0013610099259431044,0.016340149554941823,low,False,0.0,UNSAFE,2.201919904204437,False,0.07500000000000007,0.0,1.0368581868191586,0.2717012808652419,0.0,0.0,0.9499999999999797,0.05000000000002025,525.3600730279661,broad,DECISION,observation_complete,exp0009_broad_s14102_c02
SAFE,True,False,True,21.967007684885058,0.7912986659353463,frozen_policy,1.0188158531846516,classifier_or_other,False,0.05799999999999983,3.673446164129793e-08,0.0013610099259431044,0.016340149554941823,nominal,False,0.0,UNSAFE,2.5078181323094846,False,0.07500000000000007,0.0,1.0368581868191586,0.2717012808652419,0.0,0.0,0.9499999999999797,0.05000000000002025,525.3600730279661,broad,DECISION,observation_complete,exp0009_broad_s14102_c02
SAFE,True,False,True,21.967007684885058,0.17302718644746196,frozen_policy,1.0188158531846516,classifier_or_other,False,0.05799999999999983,3.673446164129793e-08,0.0013610099259431044,0.016340149554941823,high,False,0.0,UNSAFE,1.6422380610264466,False,0.07500000000000007,0.0,1.0368581868191586,0.2717012808652419,0.0,0.0,0.0799999999999983,0.9200000000000017,525.3600730279661,broad,DECISION,observation_complete,exp0009_broad_s14102_c02
UNSAFE,False,True,False,10.406529123793401,nan,controller_abort_non_safe,2.5119749343156914,contact_acquisition_failure,False,inf,inf,inf,inf,low,False,inf,CAUTION,nan,False,inf,0.0,inf,inf,inf,nan,nan,nan,2386.6414220301103,broad,ABORT,acquisition_timeout,exp0009_broad_s14102_c03
UNSAFE,False,True,False,10.406529123793401,nan,controller_abort_non_safe,2.5119749343156914,contact_acquisition_failure,False,inf,inf,inf,inf,nominal,False,inf,CAUTION,nan,False,inf,0.0,inf,inf,inf,nan,nan,nan,2386.6414220301103,broad,ABORT,acquisition_timeout,exp0009_broad_s14102_c03
UNSAFE,False,True,False,10.406529123793401,nan,controller_abort_non_safe,2.5119749343156914,contact_acquisition_failure,False,inf,inf,inf,inf,high,False,inf,CAUTION,nan,False,inf,0.0,inf,inf,inf,nan,nan,nan,2386.6414220301103,broad,ABORT,acquisition_timeout,exp0009_broad_s14102_c03
UNSAFE,False,False,True,0.45036937144013006,0.24648073255631986,frozen_policy,0.11474210806381326,target_intrinsically_slow_settling,True,3.0,0.00018349957032885012,0.0006385359167594095,0.04652810562658336,low,False,0.0,SAFE,0.7535192674436801,True,0.08899999999999884,0.0,1.0803815833627228,0.2831062760119453,0.0,0.0,0.9899999999999789,0.010000000000021103,1786.4734839079567,broad,DECISION,observation_complete,exp0009_broad_s14102_c04
UNSAFE,False,False,True,0.45036937144013006,0.37574330042344684,frozen_policy,0.11474210806381326,target_intrinsically_slow_settling,True,3.0,0.00018349957032885012,0.0006385359167594095,0.04652810562658336,nominal,False,0.0,SAFE,0.6242566995765532,True,0.08899999999999884,0.0,1.0803815833627228,0.2831062760119453,0.0,0.0,0.9899999999999789,0.010000000000021103,1786.4734839079567,broad,DECISION,observation_complete,exp0009_broad_s14102_c04
UNSAFE,False,True,True,0.45036937144013006,0.029200786126001077,frozen_policy,0.11474210806381326,target_intrinsically_slow_settling,False,3.0,0.00018349957032885012,0.0006385359167594095,0.04652810562658336,high,False,0.0,UNSAFE,1.4408811005764015,False,0.08899999999999884,0.0,1.0803815833627228,0.2831062760119453,0.0,0.0,0.06999999999999851,0.9300000000000015,1786.4734839079567,broad,DECISION,observation_complete,exp0009_broad_s14102_c04
UNSAFE,False,True,True,0.5903356644240146,0.08949448099867308,frozen_policy,0.34139782160787796,target_intrinsically_slow_settling,False,inf,inf,inf,inf,low,False,0.0,CAUTION,1.089494480998673,False,0.1070000000000001,0.0,1.1315004118055094,0.2965015998284492,0.0,0.8782595093960319,0.1599999999999966,0.8400000000000034,1411.6165274523796,broad,DECISION,observation_complete,exp0009_broad_s14102_c05
UNSAFE,False,True,True,0.5903356644240146,0.02618449618453056,frozen_policy,0.34139782160787796,target_intrinsically_slow_settling,False,inf,inf,inf,inf,nominal,False,0.0,CAUTION,1.0261844961845306,False,0.1070000000000001,0.0,1.1315004118055094,0.2965015998284492,0.0,0.7322300004959503,0.05999999999999872,0.9400000000000013,1411.6165274523796,broad,DECISION,observation_complete,exp0009_broad_s14102_c05
UNSAFE,False,True,True,0.5903356644240146,0.07233883684145215,frozen_policy,0.34139782160787796,target_intrinsically_slow_settling,False,inf,inf,inf,inf,high,False,0.0,UNSAFE,1.5012743715780328,False,0.1070000000000001,0.0,1.1315004118055094,0.2965015998284492,0.0,0.0,0.049999999999998934,0.9500000000000011,1411.6165274523796,broad,DECISION,observation_complete,exp0009_broad_s14102_c05
SAFE,True,False,True,15.262485148016404,0.6184066473572414,frozen_policy,0.5050702102345122,classifier_or_other,False,0.18700000000000028,2.6265463662712156e-07,0.0017173284363574406,0.021534264270178596,low,False,0.0,UNSAFE,2.265769306300138,False,0.09100000000000008,0.0,1.0405384943548437,0.27266567916400175,0.0,0.0,0.93999999999998,0.06000000000002004,412.30227381741236,broad,DECISION,observation_complete,exp0009_broad_s14102_c06
SAFE,True,False,True,15.262485148016404,0.8619481356308523,frozen_policy,0.5050702102345122,classifier_or_other,False,0.18700000000000028,2.6265463662712156e-07,0.0017173284363574406,0.021534264270178596,nominal,False,0.0,UNSAFE,2.606727389883193,False,0.09100000000000008,0.0,1.0405384943548437,0.27266567916400175,0.0,0.0,0.9299999999999802,0.07000000000001982,412.30227381741236,broad,DECISION,observation_complete,exp0009_broad_s14102_c06
SAFE,True,False,True,15.262485148016404,1.2311093253895575,frozen_policy,0.5050702102345122,classifier_or_other,False,0.18700000000000028,2.6265463662712156e-07,0.0017173284363574406,0.021534264270178596,high,False,0.0,UNSAFE,3.12355305554538,False,0.09100000000000008,0.0,1.0405384943548437,0.27266567916400175,0.0,0.0,0.8999999999999808,0.10000000000001918,412.30227381741236,broad,DECISION,observation_complete,exp0009_broad_s14102_c06
UNSAFE,False,True,True,2.151718720746325,0.804255067780814,frozen_policy,1.2080574032955627,target_intrinsically_slow_settling,False,inf,inf,inf,inf,low,False,0.0,UNSAFE,2.5259570948931396,False,0.16200000000000014,0.0,1.036387921852765,0.2715780512902244,0.0,0.9377194313782935,0.019999999999999574,0.9800000000000004,790.5706285389783,broad,DECISION,observation_complete,exp0009_broad_s14102_c07
UNSAFE,False,True,True,2.151718720746325,0.7358880323317158,frozen_policy,1.2080574032955627,target_intrinsically_slow_settling,False,inf,inf,inf,inf,nominal,False,0.0,UNSAFE,2.430243245264402,False,0.16200000000000014,0.0,1.036387921852765,0.2715780512902244,0.0,0.9756893598397318,0.009999999999999787,0.9900000000000002,790.5706285389783,broad,DECISION,observation_complete,exp0009_broad_s14102_c07
UNSAFE,False,True,True,2.151718720746325,1.5601126830209586,frozen_policy,1.2080574032955627,target_intrinsically_slow_settling,False,inf,inf,inf,inf,high,False,0.0,UNSAFE,3.584157756229342,False,0.16200000000000014,0.0,1.036387921852765,0.2715780512902244,0.0,0.984920727123719,0.0,1.0,790.5706285389783,broad,DECISION,observation_complete,exp0009_broad_s14102_c07
UNSAFE,False,True,True,1.6598557430910117,0.9949389153291199,frozen_policy,0.14417608988523042,target_intrinsically_slow_settling,False,2.966,0.0002854583328152268,0.0023722784959135028,0.03512125339902041,low,False,0.0,UNSAFE,2.792914481460768,False,0.13900000000000012,0.0,1.029676387829066,0.26981934174441474,0.0,2.229717757368551,0.8299999999999823,0.1700000000000177,325.3807761328955,broad,DECISION,observation_complete,exp0009_broad_s14102_c08
UNSAFE,False,True,True,1.6598557430910117,1.4102274288783274,frozen_policy,0.14417608988523042,target_intrinsically_slow_settling,False,2.966,0.0002854583328152268,0.0023722784959135028,0.03512125339902041,nominal,False,0.0,UNSAFE,3.374318400429658,False,0.13900000000000012,0.0,1.029676387829066,0.26981934174441474,0.0,0.0,0.8299999999999823,0.1700000000000177,325.3807761328955,broad,DECISION,observation_complete,exp0009_broad_s14102_c08
UNSAFE,False,True,True,1.6598557430910117,1.0991985887216216,frozen_policy,0.14417608988523042,target_intrinsically_slow_settling,False,2.966,0.0002854583328152268,0.0023722784959135028,0.03512125339902041,high,False,0.0,UNSAFE,2.93887802421027,False,0.13900000000000012,0.0,1.029676387829066,0.26981934174441474,0.0,0.0,0.019999999999999574,0.9800000000000004,325.3807761328955,broad,DECISION,observation_complete,exp0009_broad_s14102_c08
UNSAFE,False,True,True,0.36747512478383604,1.5540536110944605,frozen_policy,0.23371037852081383,target_intrinsically_slow_settling,False,3.0,0.001041252458333554,0.0036291256840357247,0.035242976618078875,low,False,0.0,UNSAFE,3.5756750555322445,False,-0.19299999999997874,0.0,1.038920451923259,0.2722416827035943,0.0,0.9081702139044625,0.0,1.0,241.17835302098555,broad,DECISION,observation_complete,exp0009_broad_s14102_c09
UNSAFE,False,True,True,0.36747512478383604,2.084931936386052,frozen_policy,0.23371037852081383,target_intrinsically_slow_settling,False,3.0,0.001041252458333554,0.0036291256840357247,0.035242976618078875,nominal,False,0.0,UNSAFE,4.318904710940473,False,-0.19299999999997874,0.0,1.038920451923259,0.2722416827035943,0.0,0.9154012957744097,0.0,1.0,241.17835302098555,broad,DECISION,observation_complete,exp0009_broad_s14102_c09
UNSAFE,False,True,True,0.36747512478383604,1.6285845134374042,frozen_policy,0.23371037852081383,target_intrinsically_slow_settling,False,3.0,0.001041252458333554,0.0036291256840357247,0.035242976618078875,high,False,0.0,UNSAFE,3.6800183188123654,False,-0.19299999999997874,0.0,1.038920451923259,0.2722416827035943,0.0,0.9426946345742917,0.0,1.0,241.17835302098555,broad,DECISION,observation_complete,exp0009_broad_s14102_c09
UNSAFE,False,True,False,33.05089026690312,nan,controller_abort_non_safe,1.9210669379668575,contact_acquisition_failure,False,inf,inf,inf,inf,low,False,inf,CAUTION,nan,False,inf,0.0,inf,inf,inf,nan,nan,nan,125.25809551814596,broad,ABORT,acquisition_timeout,exp0009_broad_s14102_c10
UNSAFE,False,True,False,33.05089026690312,nan,controller_abort_non_safe,1.9210669379668575,contact_acquisition_failure,False,inf,inf,inf,inf,nominal,False,inf,CAUTION,nan,False,inf,0.0,inf,inf,inf,nan,nan,nan,125.25809551814596,broad,ABORT,acquisition_timeout,exp0009_broad_s14102_c10
UNSAFE,False,True,False,33.05089026690312,nan,controller_abort_non_safe,1.9210669379668575,contact_acquisition_failure,False,inf,inf,inf,inf,high,False,inf,CAUTION,nan,False,inf,0.0,inf,inf,inf,nan,nan,nan,125.25809551814596,broad,ABORT,acquisition_timeout,exp0009_broad_s14102_c10
UNSAFE,False,True,False,0.925861724892396,nan,controller_abort_non_safe,0.21508764289099067,contact_acquisition_failure,False,inf,inf,inf,inf,low,False,inf,CAUTION,nan,False,inf,0.0,inf,inf,inf,nan,nan,nan,1930.3372056526096,broad,ABORT,acquisition_timeout,exp0009_broad_s14102_c11
UNSAFE,False,True,False,0.925861724892396,nan,controller_abort_non_safe,0.21508764289099067,contact_acquisition_failure,False,inf,inf,inf,inf,nominal,False,inf,CAUTION,nan,False,inf,0.0,inf,inf,inf,nan,nan,nan,1930.3372056526096,broad,ABORT,acquisition_timeout,exp0009_broad_s14102_c11
UNSAFE,False,True,False,0.925861724892396,nan,controller_abort_non_safe,0.21508764289099067,contact_acquisition_failure,False,inf,inf,inf,inf,high,False,inf,CAUTION,nan,False,inf,0.0,inf,inf,inf,nan,nan,nan,1930.3372056526096,broad,ABORT,acquisition_timeout,exp0009_broad_s14102_c11
UNSAFE,False,True,False,4.494041930602226,nan,controller_abort_non_safe,1.8194852741732512,contact_acquisition_failure,False,inf,inf,inf,inf,low,False,inf,CAUTION,nan,False,inf,0.0,inf,inf,inf,nan,nan,nan,172.40617412765172,broad,ABORT,acquisition_timeout,exp0009_broad_s14102_c12
UNSAFE,False,True,False,4.494041930602226,nan,controller_abort_non_safe,1.8194852741732512,contact_acquisition_failure,False,inf,inf,inf,inf,nominal,False,inf,CAUTION,nan,False,inf,0.0,inf,inf,inf,nan,nan,nan,172.40617412765172,broad,ABORT,acquisition_timeout,exp0009_broad_s14102_c12
UNSAFE,False,True,False,4.494041930602226,nan,controller_abort_non_safe,1.8194852741732512,contact_acquisition_failure,False,inf,inf,inf,inf,high,False,inf,CAUTION,nan,False,inf,0.0,inf,inf,inf,nan,nan,nan,172.40617412765172,broad,ABORT,acquisition_timeout,exp0009_broad_s14102_c12
UNSAFE,False,False,True,0.7519467925628913,0.16237752861156285,frozen_policy,0.16624322840706882,target_intrinsically_slow_settling,True,3.0,0.00026742551037224025,0.0009321294773582682,0.0466855317815512,low,False,0.0,SAFE,0.8376224713884372,True,0.12400000000000011,0.0,1.1299514662810994,0.29622595863202933,0.0,2.2303792453841687,0.8799999999999812,0.12000000000001876,1182.7740305882917,broad,DECISION,observation_complete,exp0009_broad_s14102_c13
UNSAFE,False,False,True,0.7519467925628913,0.03249303727110053,frozen_policy,0.16624322840706882,target_intrinsically_slow_settling,True,3.0,0.00026742551037224025,0.0009321294773582682,0.0466855317815512,nominal,False,0.0,SAFE,0.9675069627288995,True,0.12400000000000011,0.0,1.1299514662810994,0.29622595863202933,0.0,0.0,0.799999999999983,0.20000000000001705,1182.7740305882917,broad,DECISION,observation_complete,exp0009_broad_s14102_c13
UNSAFE,False,True,True,0.7519467925628913,0.1292701599941264,frozen_policy,0.16624322840706882,target_intrinsically_slow_settling,False,3.0,0.00026742551037224025,0.0009321294773582682,0.0466855317815512,high,False,0.0,CAUTION,1.1292701599941264,False,0.12400000000000011,0.0,1.1299514662810994,0.29622595863202933,0.0,0.0,0.08999999999999808,0.9100000000000019,1182.7740305882917,broad,DECISION,observation_complete,exp0009_broad_s14102_c13
UNSAFE,False,True,False,1.2173874032452645,nan,controller_abort_non_safe,4.521578088888935,contact_acquisition_failure,False,inf,inf,inf,inf,low,False,inf,CAUTION,nan,False,inf,0.0,inf,inf,inf,nan,nan,nan,175.89718304768928,broad,ABORT,acquisition_timeout,exp0009_broad_s14102_c14
UNSAFE,False,True,False,1.2173874032452645,nan,controller_abort_non_safe,4.521578088888935,contact_acquisition_failure,False,inf,inf,inf,inf,nominal,False,inf,CAUTION,nan,False,inf,0.0,inf,inf,inf,nan,nan,nan,175.89718304768928,broad,ABORT,acquisition_timeout,exp0009_broad_s14102_c14
UNSAFE,False,True,False,1.2173874032452645,nan,controller_abort_non_safe,4.521578088888935,contact_acquisition_failure,False,inf,inf,inf,inf,high,False,inf,CAUTION,nan,False,inf,0.0,inf,inf,inf,nan,nan,nan,175.89718304768928,broad,ABORT,acquisition_timeout,exp0009_broad_s14102_c14
SAFE,True,False,True,8.46373624280907,1.4400877551753912,frozen_policy,0.793350924030297,classifier_or_other,False,1.1090000000000009,2.0778646732743168e-05,0.00251855924700757,0.023083660129624293,low,False,0.0,UNSAFE,3.4161228572455475,False,0.07200000000000006,0.0,1.0330025459268954,0.27069093771291747,0.0,1.9104399406715906,0.93999999999998,0.06000000000002004,365.7171595979731,broad,DECISION,observation_complete,exp0009_broad_s14102_c15
SAFE,True,False,True,8.46373624280907,1.6179458212521816,frozen_policy,0.793350924030297,classifier_or_other,False,1.1090000000000009,2.0778646732743168e-05,0.00251855924700757,0.023083660129624293,nominal,False,0.0,UNSAFE,3.665124149753054,False,0.07200000000000006,0.0,1.0330025459268954,0.27069093771291747,0.0,2.0384728206616516,0.93999999999998,0.06000000000002004,365.7171595979731,broad,DECISION,observation_complete,exp0009_broad_s14102_c15
SAFE,True,False,True,8.46373624280907,2.2334950979259407,frozen_policy,0.793350924030297,classifier_or_other,False,1.1090000000000009,2.0778646732743168e-05,0.00251855924700757,0.023083660129624293,high,False,0.0,UNSAFE,4.526893137096317,False,0.07200000000000006,0.0,1.0330025459268954,0.27069093771291747,0.0,0.0,0.06999999999999851,0.9300000000000015,365.7171595979731,broad,DECISION,observation_complete,exp0009_broad_s14102_c15
UNSAFE,False,True,False,54.61098604594495,nan,controller_abort_non_safe,3.8787605391815982,contact_acquisition_failure,False,inf,inf,inf,inf,low,False,inf,CAUTION,nan,False,inf,0.0,inf,inf,inf,nan,nan,nan,1071.6179519951047,broad,ABORT,acquisition_timeout,exp0009_broad_s14102_c16
UNSAFE,False,True,False,54.61098604594495,nan,controller_abort_non_safe,3.8787605391815982,contact_acquisition_failure,False,inf,inf,inf,inf,nominal,False,inf,CAUTION,nan,False,inf,0.0,inf,inf,inf,nan,nan,nan,1071.6179519951047,broad,ABORT,acquisition_timeout,exp0009_broad_s14102_c16
UNSAFE,False,True,False,54.61098604594495,nan,controller_abort_non_safe,3.8787605391815982,contact_acquisition_failure,False,inf,inf,inf,inf,high,False,inf,CAUTION,nan,False,inf,0.0,inf,inf,inf,nan,nan,nan,1071.6179519951047,broad,ABORT,acquisition_timeout,exp0009_broad_s14102_c16
SAFE,True,False,True,5.525744030853691,0.057929784314208144,frozen_policy,0.27451249225229307,classifier_or_other,False,0.7089999999999996,2.3081353768098245e-05,0.0010690506682655844,0.029905385580312308,low,False,0.0,UNSAFE,1.4811016980398912,False,0.1170000000000001,0.0,1.0535635135928512,0.27607879240865635,0.0,0.0,0.9599999999999795,0.040000000000020464,889.8589473952624,broad,DECISION,observation_complete,exp0009_broad_s14102_c17
SAFE,True,False,True,5.525744030853691,0.03782958274896275,frozen_policy,0.27451249225229307,classifier_or_other,False,0.7089999999999996,2.3081353768098245e-05,0.0010690506682655844,0.029905385580312308,nominal,False,0.0,UNSAFE,1.4529614158485478,False,0.1170000000000001,0.0,1.0535635135928512,0.27607879240865635,0.0,0.0,0.9599999999999795,0.040000000000020464,889.8589473952624,broad,DECISION,observation_complete,exp0009_broad_s14102_c17
SAFE,True,False,True,5.525744030853691,0.30798848864384065,frozen_policy,0.27451249225229307,classifier_or_other,False,0.7089999999999996,2.3081353768098245e-05,0.0010690506682655844,0.029905385580312308,high,False,0.0,UNSAFE,1.8311838841013768,False,0.1170000000000001,0.0,1.0535635135928512,0.27607879240865635,0.0,0.0,0.02999999999999936,0.9700000000000006,889.8589473952624,broad,DECISION,observation_complete,exp0009_broad_s14102_c17
UNSAFE,False,True,False,11.25973341598767,nan,controller_abort_non_safe,3.5752813539387414,contact_acquisition_failure,False,inf,inf,inf,inf,low,False,inf,CAUTION,nan,False,inf,0.0,inf,inf,inf,nan,nan,nan,203.8312749875063,broad,ABORT,acquisition_timeout,exp0009_broad_s14102_c18
UNSAFE,False,True,False,11.25973341598767,nan,controller_abort_non_safe,3.5752813539387414,contact_acquisition_failure,False,inf,inf,inf,inf,nominal,False,inf,CAUTION,nan,False,inf,0.0,inf,inf,inf,nan,nan,nan,203.8312749875063,broad,ABORT,acquisition_timeout,exp0009_broad_s14102_c18
UNSAFE,False,True,False,11.25973341598767,nan,controller_abort_non_safe,3.5752813539387414,contact_acquisition_failure,False,inf,inf,inf,inf,high,False,inf,CAUTION,nan,False,inf,0.0,inf,inf,inf,nan,nan,nan,203.8312749875063,broad,ABORT,acquisition_timeout,exp0009_broad_s14102_c18
UNSAFE,False,True,True,1.3445637483494137,3.1216553429280056,frozen_policy,0.618454616037131,target_intrinsically_slow_settling,False,3.0,0.00037107203954899815,0.0025984337414672915,0.02975306082856719,low,True,0.0,UNSAFE,5.770317480099208,False,0.2190000000000002,0.0,1.039210330149166,0.2723176432218938,0.0,0.0,0.0,1.0,272.6505129498788,broad,DECISION,observation_complete,exp0009_broad_s14102_c19
UNSAFE,False,True,True,1.3445637483494137,2.6525515268714392,frozen_policy,0.618454616037131,target_intrinsically_slow_settling,False,3.0,0.00037107203954899815,0.0025984337414672915,0.02975306082856719,nominal,True,0.0,UNSAFE,5.1135721376200145,False,0.2190000000000002,0.0,1.039210330149166,0.2723176432218938,0.0,0.0,0.0,1.0,272.6505129498788,broad,DECISION,observation_complete,exp0009_broad_s14102_c19
UNSAFE,False,True,True,1.3445637483494137,2.711582582741805,frozen_policy,0.618454616037131,target_intrinsically_slow_settling,False,3.0,0.00037107203954899815,0.0025984337414672915,0.02975306082856719,high,True,0.0,UNSAFE,5.196215615838526,False,0.2190000000000002,0.0,1.039210330149166,0.2723176432218938,0.0,0.0,0.0,1.0,272.6505129498788,broad,DECISION,observation_complete,exp0009_broad_s14102_c19
SAFE,True,False,True,20.260488815103756,2.909987666293372,frozen_policy,0.39538717568870846,classifier_or_other,False,0.17100000000000026,3.65208836921232e-09,0.005556089851136243,0.020988658478704545,low,False,0.0,UNSAFE,6.516646110488954,False,0.07800000000000007,0.0,1.0363651712726787,0.27157208966323576,0.0,1.9640238944066175,0.4499999999999904,0.5500000000000096,98.47698239054606,broad,DECISION,observation_complete,exp0009_broad_s14102_c20
SAFE,True,False,True,20.260488815103756,3.466622591704658,frozen_policy,0.39538717568870846,classifier_or_other,False,0.17100000000000026,3.65208836921232e-09,0.005556089851136243,0.020988658478704545,nominal,False,0.0,UNSAFE,7.44437098617443,False,0.07800000000000007,0.0,1.0363651712726787,0.27157208966323576,0.0,1.942144910824447,0.42999999999999083,0.5700000000000092,98.47698239054606,broad,DECISION,observation_complete,exp0009_broad_s14102_c20
SAFE,True,False,True,20.260488815103756,3.4178868387018175,frozen_policy,0.39538717568870846,classifier_or_other,False,0.17100000000000026,3.65208836921232e-09,0.005556089851136243,0.020988658478704545,high,False,0.0,UNSAFE,7.3631447311696965,False,0.07800000000000007,0.0,1.0363651712726787,0.27157208966323576,0.0,1.9489677240069112,0.09999999999999787,0.9000000000000021,98.47698239054606,broad,DECISION,observation_complete,exp0009_broad_s14102_c20
SAFE,True,False,True,30.675369332264548,8.8218574625451,frozen_policy,0.5983359254321459,classifier_or_other,False,0.34299999999999997,2.3376398019918425e-08,0.005263707580458093,0.014754006496099087,low,False,0.0,UNSAFE,26.19161990012027,False,0.07300000000000006,0.0,1.034784154928037,0.2711577956244089,0.0,1.5831561025803171,0.0,1.0,99.86968976097765,broad,DECISION,observation_complete,exp0009_broad_s14102_c21
SAFE,True,False,True,30.675369332264548,2.652778792335356,frozen_policy,0.5983359254321459,classifier_or_other,False,0.34299999999999997,2.3376398019918425e-08,0.005263707580458093,0.014754006496099087,nominal,False,0.0,UNSAFE,6.08796465389226,False,0.07300000000000006,0.0,1.034784154928037,0.2711577956244089,0.0,1.5815563011153226,0.0,1.0,99.86968976097765,broad,DECISION,observation_complete,exp0009_broad_s14102_c21
SAFE,True,False,True,30.675369332264548,3.096667288371421,frozen_policy,0.5983359254321459,classifier_or_other,False,0.34299999999999997,2.3376398019918425e-08,0.005263707580458093,0.014754006496099087,high,False,0.0,UNSAFE,6.827778813952369,False,0.07300000000000006,0.0,1.034784154928037,0.2711577956244089,0.0,1.5431259227544323,0.0,1.0,99.86968976097765,broad,DECISION,observation_complete,exp0009_broad_s14102_c21
SAFE,True,False,True,3.2484419843866372,1.291296255292285,frozen_policy,0.8627525790131336,classifier_or_other,False,0.9829999999999997,7.258207409193063e-05,0.001395144296673106,0.026903978137707094,low,False,0.0,UNSAFE,3.207814757409199,False,0.09000000000000008,0.0,1.0407143086223904,0.27271175003685016,0.0,1.1538213170561429,0.23999999999999488,0.7600000000000051,561.7615143600959,broad,DECISION,observation_complete,exp0009_broad_s14102_c22
SAFE,True,False,True,3.2484419843866372,1.2040216402834645,frozen_policy,0.8627525790131336,classifier_or_other,False,0.9829999999999997,7.258207409193063e-05,0.001395144296673106,0.026903978137707094,nominal,False,0.0,UNSAFE,3.08563029639685,False,0.09000000000000008,0.0,1.0407143086223904,0.27271175003685016,0.0,1.0800555086422277,0.03999999999999915,0.9600000000000009,561.7615143600959,broad,DECISION,observation_complete,exp0009_broad_s14102_c22
SAFE,True,False,True,3.2484419843866372,1.1160546220778116,frozen_policy,0.8627525790131336,classifier_or_other,False,0.9829999999999997,7.258207409193063e-05,0.001395144296673106,0.026903978137707094,high,False,0.0,UNSAFE,2.962476470908936,False,0.09000000000000008,0.0,1.0407143086223904,0.27271175003685016,0.0,1.1059341076934728,0.03999999999999915,0.9600000000000009,561.7615143600959,broad,DECISION,observation_complete,exp0009_broad_s14102_c22
UNSAFE,False,True,False,6.988281941599784,nan,controller_abort_non_safe,1.4596862308028105,contact_acquisition_failure,False,inf,inf,inf,inf,low,False,inf,CAUTION,nan,False,inf,0.0,inf,inf,inf,nan,nan,nan,85.18565949429508,broad,ABORT,acquisition_timeout,exp0009_broad_s14102_c23
UNSAFE,False,True,False,6.988281941599784,nan,controller_abort_non_safe,1.4596862308028105,contact_acquisition_failure,False,inf,inf,inf,inf,nominal,False,inf,CAUTION,nan,False,inf,0.0,inf,inf,inf,nan,nan,nan,85.18565949429508,broad,ABORT,acquisition_timeout,exp0009_broad_s14102_c23
UNSAFE,False,True,False,6.988281941599784,nan,controller_abort_non_safe,1.4596862308028105,contact_acquisition_failure,False,inf,inf,inf,inf,high,False,inf,CAUTION,nan,False,inf,0.0,inf,inf,inf,nan,nan,nan,85.18565949429508,broad,ABORT,acquisition_timeout,exp0009_broad_s14102_c23
UNSAFE,False,True,False,2.8601606001686157,nan,controller_abort_non_safe,5.33485539423647,contact_acquisition_failure,False,inf,inf,inf,inf,low,False,inf,CAUTION,nan,False,inf,0.0,inf,inf,inf,nan,nan,nan,135.40377606812658,broad,ABORT,acquisition_timeout,exp0009_broad_s14102_c24
UNSAFE,False,True,False,2.8601606001686157,nan,controller_abort_non_safe,5.33485539423647,contact_acquisition_failure,False,inf,inf,inf,inf,nominal,False,inf,CAUTION,nan,False,inf,0.0,inf,inf,inf,nan,nan,nan,135.40377606812658,broad,ABORT,acquisition_timeout,exp0009_broad_s14102_c24
UNSAFE,False,True,False,2.8601606001686157,nan,controller_abort_non_safe,5.33485539423647,contact_acquisition_failure,False,inf,inf,inf,inf,high,False,inf,CAUTION,nan,False,inf,0.0,inf,inf,inf,nan,nan,nan,135.40377606812658,broad,ABORT,acquisition_timeout,exp0009_broad_s14102_c24
UNSAFE,False,True,False,3.052868111528354,nan,controller_abort_non_safe,4.214997637242541,contact_acquisition_failure,False,inf,inf,inf,inf,low,False,inf,CAUTION,nan,False,inf,0.0,inf,inf,inf,nan,nan,nan,1574.2693620358868,broad,ABORT,acquisition_timeout,exp0009_broad_s14103_c00
UNSAFE,False,True,False,3.052868111528354,nan,controller_abort_non_safe,4.214997637242541,contact_acquisition_failure,False,inf,inf,inf,inf,nominal,False,inf,CAUTION,nan,False,inf,0.0,inf,inf,inf,nan,nan,nan,1574.2693620358868,broad,ABORT,acquisition_timeout,exp0009_broad_s14103_c00
UNSAFE,False,True,False,3.052868111528354,nan,controller_abort_non_safe,4.214997637242541,contact_acquisition_failure,False,inf,inf,inf,inf,high,False,inf,CAUTION,nan,False,inf,0.0,inf,inf,inf,nan,nan,nan,1574.2693620358868,broad,ABORT,acquisition_timeout,exp0009_broad_s14103_c00
UNSAFE,False,True,False,17.20269862041074,nan,controller_abort_non_safe,2.7863226300601545,contact_acquisition_failure,False,inf,inf,inf,inf,low,False,inf,CAUTION,nan,False,inf,0.0,inf,inf,inf,nan,nan,nan,473.1822159352149,broad,ABORT,acquisition_timeout,exp0009_broad_s14103_c01
UNSAFE,False,True,False,17.20269862041074,nan,controller_abort_non_safe,2.7863226300601545,contact_acquisition_failure,False,inf,inf,inf,inf,nominal,False,inf,CAUTION,nan,False,inf,0.0,inf,inf,inf,nan,nan,nan,473.1822159352149,broad,ABORT,acquisition_timeout,exp0009_broad_s14103_c01
UNSAFE,False,True,False,17.20269862041074,nan,controller_abort_non_safe,2.7863226300601545,contact_acquisition_failure,False,inf,inf,inf,inf,high,False,inf,CAUTION,nan,False,inf,0.0,inf,inf,inf,nan,nan,nan,473.1822159352149,broad,ABORT,acquisition_timeout,exp0009_broad_s14103_c01
SAFE,True,False,True,8.535871348856393,1.2636609023648369,frozen_policy,0.11378927582057205,classifier_or_other,False,0.5119999999999996,3.4372331924553323e-06,0.001786937239459158,0.027767914368414772,low,False,0.0,UNSAFE,3.1691252633107716,False,0.12300000000000011,0.0,1.0421500616129316,0.27320810694263964,0.0,0.0,0.9299999999999802,0.07000000000001982,427.3161800292461,broad,DECISION,observation_complete,exp0009_broad_s14103_c02
SAFE,True,False,True,8.535871348856393,0.6634889925717977,frozen_policy,0.11378927582057205,classifier_or_other,False,0.5119999999999996,3.4372331924553323e-06,0.001786937239459158,0.027767914368414772,nominal,False,0.0,UNSAFE,2.328884589600517,False,0.12300000000000011,0.0,1.0421500616129316,0.27320810694263964,0.0,0.0,0.9299999999999802,0.07000000000001982,427.3161800292461,broad,DECISION,observation_complete,exp0009_broad_s14103_c02
SAFE,True,False,True,8.535871348856393,0.40971757683991283,frozen_policy,0.11378927582057205,classifier_or_other,False,0.5119999999999996,3.4372331924553323e-06,0.001786937239459158,0.027767914368414772,high,False,0.0,UNSAFE,1.973604607575878,False,0.12300000000000011,0.0,1.0421500616129316,0.27320810694263964,0.0,0.0,0.2299999999999951,0.7700000000000049,427.3161800292461,broad,DECISION,observation_complete,exp0009_broad_s14103_c02
SAFE,True,False,True,42.86254658528605,270.9336515094964,frozen_policy,1.0835668640465947,classifier_or_other,False,0.7000000000000002,2.0935723118782793e-06,0.005155808504615208,0.010073939454874163,low,False,0.0,UNSAFE,725.1564040253238,False,0.06800000000000006,0.0,1.0307063478410927,0.2700892354078541,0.0,1.2732906430277284,0.0,1.0,95.92579798636793,broad,DECISION,observation_complete,exp0009_broad_s14103_c03
SAFE,True,False,True,42.86254658528605,5.869039738818381,frozen_policy,1.0835668640465947,classifier_or_other,False,0.7000000000000002,2.0935723118782793e-06,0.005155808504615208,0.010073939454874163,nominal,False,0.0,UNSAFE,18.317439303515684,False,0.06800000000000006,0.0,1.0307063478410927,0.2700892354078541,0.0,1.2705096632678787,0.0,1.0,95.92579798636793,broad,DECISION,observation_complete,exp0009_broad_s14103_c03
SAFE,True,False,True,42.86254658528605,20.284894539834244,frozen_policy,1.0835668640465947,classifier_or_other,False,0.7000000000000002,2.0935723118782793e-06,0.005155808504615208,0.010073939454874163,high,False,0.0,UNSAFE,56.75971877289132,False,0.06800000000000006,0.0,1.0307063478410927,0.2700892354078541,0.0,1.2890297547010385,0.0,1.0,95.92579798636793,broad,DECISION,observation_complete,exp0009_broad_s14103_c03
UNSAFE,False,True,True,1.6698394804848555,0.10219206104555634,frozen_policy,1.4538832196819185,target_intrinsically_slow_settling,False,inf,inf,inf,inf,low,False,0.0,CAUTION,1.256931114536221,False,0.10200000000000009,0.0,1.0880341810443594,0.2851115845666528,0.0,0.23389738201730867,0.11999999999999744,0.8800000000000026,1982.484780402692,broad,DECISION,observation_complete,exp0009_broad_s14103_c04
UNSAFE,False,True,True,1.6698394804848555,0.13442674329545645,frozen_policy,1.4538832196819185,target_intrinsically_slow_settling,False,inf,inf,inf,inf,nominal,True,0.0,CAUTION,1.3875446350253857,False,0.10200000000000009,0.0,1.0880341810443594,0.2851115845666528,0.0,0.3596212391916931,0.09999999999999787,0.9000000000000021,1982.484780402692,broad,DECISION,observation_complete,exp0009_broad_s14103_c04
UNSAFE,False,True,True,1.6698394804848555,0.2064296653672939,frozen_policy,1.4538832196819185,target_intrinsically_slow_settling,False,inf,inf,inf,inf,high,False,0.0,UNSAFE,1.6890015315142115,False,0.10200000000000009,0.0,1.0880341810443594,0.2851115845666528,0.0,0.3696028047380414,0.08999999999999808,0.9100000000000019,1982.484780402692,broad,DECISION,observation_complete,exp0009_broad_s14103_c04
SAFE,True,False,True,6.150717966969252,1.9541821204633338,frozen_policy,0.3407312499013459,classifier_or_other,False,1.5140000000000002,3.826033711160857e-05,0.004417245919307268,0.028196050695642537,low,False,0.0,UNSAFE,4.492516389263627,False,0.08700000000000008,0.0,1.0353519119808658,0.2713065723042238,0.0,2.7097436778406356,0.9199999999999804,0.08000000000001961,172.69591979259872,broad,DECISION,observation_complete,exp0009_broad_s14103_c05
SAFE,True,False,True,6.150717966969252,2.0855356847827697,frozen_policy,0.3407312499013459,classifier_or_other,False,1.5140000000000002,3.826033711160857e-05,0.004417245919307268,0.028196050695642537,nominal,False,0.0,UNSAFE,4.59550855106061,False,0.08700000000000008,0.0,1.0353519119808658,0.2713065723042238,0.0,0.0,0.9199999999999804,0.08000000000001961,172.69591979259872,broad,DECISION,observation_complete,exp0009_broad_s14103_c05
SAFE,True,False,True,6.150717966969252,2.0459338291644973,frozen_policy,0.3407312499013459,classifier_or_other,False,1.5140000000000002,3.826033711160857e-05,0.004417245919307268,0.028196050695642537,high,False,0.0,UNSAFE,4.616471680438536,False,0.08700000000000008,0.0,1.0353519119808658,0.2713065723042238,0.0,0.0,0.009999999999999787,0.9900000000000002,172.69591979259872,broad,DECISION,observation_complete,exp0009_broad_s14103_c05
UNSAFE,False,True,False,0.9974117938684395,nan,controller_abort_non_safe,3.2139399873353236,contact_acquisition_failure,False,inf,inf,inf,inf,low,False,inf,CAUTION,nan,False,inf,0.0,inf,inf,inf,nan,nan,nan,886.3765139416583,broad,ABORT,acquisition_timeout,exp0009_broad_s14103_c06
UNSAFE,False,True,False,0.9974117938684395,nan,controller_abort_non_safe,3.2139399873353236,contact_acquisition_failure,False,inf,inf,inf,inf,nominal,False,inf,CAUTION,nan,False,inf,0.0,inf,inf,inf,nan,nan,nan,886.3765139416583,broad,ABORT,acquisition_timeout,exp0009_broad_s14103_c06
UNSAFE,False,True,False,0.9974117938684395,nan,controller_abort_non_safe,3.2139399873353236,contact_acquisition_failure,False,inf,inf,inf,inf,high,False,inf,CAUTION,nan,False,inf,0.0,inf,inf,inf,nan,nan,nan,886.3765139416583,broad,ABORT,acquisition_timeout,exp0009_broad_s14103_c06
UNSAFE,False,True,True,2.3741893853618063,0.042038825130219504,frozen_policy,0.9143825939445335,target_intrinsically_slow_settling,False,inf,inf,inf,inf,low,False,0.0,CAUTION,1.0420388251302195,False,0.09600000000000009,0.0,1.0935408074467343,0.28655455667777785,0.0,0.7299264315057344,0.46999999999999,0.53000000000001,1779.618879392503,broad,DECISION,observation_complete,exp0009_broad_s14103_c07
UNSAFE,False,True,True,2.3741893853618063,0.03308796848105322,frozen_policy,0.9143825939445335,target_intrinsically_slow_settling,False,inf,inf,inf,inf,nominal,False,0.0,CAUTION,1.3536768441265254,False,0.09600000000000009,0.0,1.0935408074467343,0.28655455667777785,0.0,1.0385331428418398,0.20999999999999552,0.7900000000000045,1779.618879392503,broad,DECISION,observation_complete,exp0009_broad_s14103_c07
UNSAFE,False,True,True,2.3741893853618063,0.23967619547123853,frozen_policy,0.9143825939445335,target_intrinsically_slow_settling,False,inf,inf,inf,inf,high,False,0.0,UNSAFE,1.7355466736597338,False,0.09600000000000009,0.0,1.0935408074467343,0.28655455667777785,0.0,0.12066158174192208,0.0,1.0,1779.618879392503,broad,DECISION,observation_complete,exp0009_broad_s14103_c07
UNSAFE,False,True,False,10.315034694888874,nan,controller_abort_non_safe,2.0200521933012294,contact_acquisition_failure,False,inf,inf,inf,inf,low,False,inf,CAUTION,nan,False,inf,0.0,inf,inf,inf,nan,nan,nan,680.5785284012271,broad,ABORT,acquisition_timeout,exp0009_broad_s14103_c08
UNSAFE,False,True,False,10.315034694888874,nan,controller_abort_non_safe,2.0200521933012294,contact_acquisition_failure,False,inf,inf,inf,inf,nominal,False,inf,CAUTION,nan,False,inf,0.0,inf,inf,inf,nan,nan,nan,680.5785284012271,broad,ABORT,acquisition_timeout,exp0009_broad_s14103_c08
UNSAFE,False,True,False,10.315034694888874,nan,controller_abort_non_safe,2.0200521933012294,contact_acquisition_failure,False,inf,inf,inf,inf,high,False,inf,CAUTION,nan,False,inf,0.0,inf,inf,inf,nan,nan,nan,680.5785284012271,broad,ABORT,acquisition_timeout,exp0009_broad_s14103_c08
UNSAFE,False,True,False,0.42878355688739217,nan,controller_abort_non_safe,0.16345518138004506,contact_loss_or_reimpact,False,inf,inf,inf,inf,low,False,inf,CAUTION,nan,False,inf,0.0,inf,inf,inf,nan,nan,nan,124.54482748180585,broad,APPROACH,APPROACH,exp0009_broad_s14103_c09
UNSAFE,False,True,False,0.42878355688739217,nan,controller_abort_non_safe,0.16345518138004506,contact_loss_or_reimpact,False,inf,inf,inf,inf,nominal,False,inf,CAUTION,nan,False,inf,0.0,inf,inf,inf,nan,nan,nan,124.54482748180585,broad,APPROACH,APPROACH,exp0009_broad_s14103_c09
UNSAFE,False,True,False,0.42878355688739217,nan,controller_abort_non_safe,0.16345518138004506,contact_loss_or_reimpact,False,inf,inf,inf,inf,high,False,inf,CAUTION,nan,False,inf,0.0,inf,inf,inf,nan,nan,nan,124.54482748180585,broad,APPROACH,APPROACH,exp0009_broad_s14103_c09
UNSAFE,False,True,False,27.0705431497433,nan,controller_abort_non_safe,2.3049486280961293,contact_acquisition_failure,False,inf,inf,inf,inf,low,False,inf,CAUTION,nan,False,inf,0.0,inf,inf,inf,nan,nan,nan,332.73203871585224,broad,ABORT,acquisition_timeout,exp0009_broad_s14103_c10
UNSAFE,False,True,False,27.0705431497433,nan,controller_abort_non_safe,2.3049486280961293,contact_acquisition_failure,False,inf,inf,inf,inf,nominal,False,inf,CAUTION,nan,False,inf,0.0,inf,inf,inf,nan,nan,nan,332.73203871585224,broad,ABORT,acquisition_timeout,exp0009_broad_s14103_c10
UNSAFE,False,True,False,27.0705431497433,nan,controller_abort_non_safe,2.3049486280961293,contact_acquisition_failure,False,inf,inf,inf,inf,high,False,inf,CAUTION,nan,False,inf,0.0,inf,inf,inf,nan,nan,nan,332.73203871585224,broad,ABORT,acquisition_timeout,exp0009_broad_s14103_c10
UNSAFE,False,True,False,4.12430847615596,nan,controller_abort_non_safe,4.963274439905139,contact_acquisition_failure,False,inf,inf,inf,inf,low,False,inf,CAUTION,nan,False,inf,0.0,inf,inf,inf,nan,nan,nan,1214.2879080272808,broad,ABORT,acquisition_timeout,exp0009_broad_s14103_c11
UNSAFE,False,True,False,4.12430847615596,nan,controller_abort_non_safe,4.963274439905139,contact_acquisition_failure,False,inf,inf,inf,inf,nominal,False,inf,CAUTION,nan,False,inf,0.0,inf,inf,inf,nan,nan,nan,1214.2879080272808,broad,ABORT,acquisition_timeout,exp0009_broad_s14103_c11
UNSAFE,False,True,False,4.12430847615596,nan,controller_abort_non_safe,4.963274439905139,contact_acquisition_failure,False,inf,inf,inf,inf,high,False,inf,CAUTION,nan,False,inf,0.0,inf,inf,inf,nan,nan,nan,1214.2879080272808,broad,ABORT,acquisition_timeout,exp0009_broad_s14103_c11
UNSAFE,False,True,True,0.6717977521166807,2.209436783068147,frozen_policy,0.25098853217800354,target_intrinsically_slow_settling,False,3.0,0.0010025169839570588,0.004304447630277425,0.029953305006699207,low,False,0.0,UNSAFE,4.493211496295405,False,0.044999999999995044,1.6666666666668504,0.9823073918084966,0.2574066347265224,0.0,1.1053856989209105,0.0,1.0,210.7072329841064,broad,DECISION,observation_complete,exp0009_broad_s14103_c12
UNSAFE,False,True,True,0.6717977521166807,2.0642452286326787,frozen_policy,0.25098853217800354,target_intrinsically_slow_settling,False,3.0,0.0010025169839570588,0.004304447630277425,0.029953305006699207,nominal,False,0.0,UNSAFE,4.28994332008575,False,0.044999999999995044,1.6666666666668504,0.9823073918084966,0.2574066347265224,0.0,1.1142959091143758,0.0,1.0,210.7072329841064,broad,DECISION,observation_complete,exp0009_broad_s14103_c12
UNSAFE,False,True,True,0.6717977521166807,1.9095506848999824,frozen_policy,0.25098853217800354,target_intrinsically_slow_settling,False,3.0,0.0010025169839570588,0.004304447630277425,0.029953305006699207,high,False,0.0,UNSAFE,4.260361154281705,False,0.044999999999995044,1.6666666666668504,0.9823073918084966,0.2574066347265224,0.0,1.090920341488087,0.0,1.0,210.7072329841064,broad,DECISION,observation_complete,exp0009_broad_s14103_c12
UNSAFE,False,True,True,0.3505718770591036,0.3898851303876163,frozen_policy,1.6632593609467217,target_intrinsically_slow_settling,False,inf,inf,inf,inf,low,True,0.0,UNSAFE,1.9458391825426626,False,0.07599999999999163,0.0,1.0257358470897002,0.2687867511936551,0.0,0.0,0.009999999999999787,0.9900000000000002,1426.4026544901833,broad,DECISION,observation_complete,exp0009_broad_s14103_c13
UNSAFE,False,True,True,0.3505718770591036,0.38928447000808486,frozen_policy,1.6632593609467217,target_intrinsically_slow_settling,False,inf,inf,inf,inf,nominal,True,0.0,UNSAFE,1.9449982580113185,False,0.07599999999999163,0.0,1.0257358470897002,0.2687867511936551,0.0,0.0,0.0,1.0,1426.4026544901833,broad,DECISION,observation_complete,exp0009_broad_s14103_c13
UNSAFE,False,True,True,0.3505718770591036,0.1622923976609134,frozen_policy,1.6632593609467217,target_intrinsically_slow_settling,False,inf,inf,inf,inf,high,True,0.0,UNSAFE,1.6272093567252786,False,0.07599999999999163,0.0,1.0257358470897002,0.2687867511936551,0.0,0.0,0.0,1.0,1426.4026544901833,broad,DECISION,observation_complete,exp0009_broad_s14103_c13
SAFE,True,False,True,23.133790035497313,1.0835837257335128,frozen_policy,0.4471056280127528,classifier_or_other,False,0.17999999999999972,2.159914938291907e-09,0.0023342655772221727,0.018512800164428567,low,False,0.0,UNSAFE,2.9170172160269177,False,0.08300000000000007,0.0,1.0390234950509833,0.27226868441910645,0.0,0.0,0.9099999999999806,0.0900000000000194,268.6649757791487,broad,DECISION,observation_complete,exp0009_broad_s14103_c14
SAFE,True,False,True,23.133790035497313,1.4736203276359934,frozen_policy,0.4471056280127528,classifier_or_other,False,0.17999999999999972,2.159914938291907e-09,0.0023342655772221727,0.018512800164428567,nominal,False,0.0,UNSAFE,3.4630684586903904,False,0.08300000000000007,0.0,1.0390234950509833,0.27226868441910645,0.0,0.0,0.9099999999999806,0.0900000000000194,268.6649757791487,broad,DECISION,observation_complete,exp0009_broad_s14103_c14
SAFE,True,False,True,23.133790035497313,1.7605747647693186,frozen_policy,0.4471056280127528,classifier_or_other,False,0.17999999999999972,2.159914938291907e-09,0.0023342655772221727,0.018512800164428567,high,False,0.0,UNSAFE,3.864804670677046,False,0.08300000000000007,0.0,1.0390234950509833,0.27226868441910645,0.0,0.0,0.06999999999999851,0.9300000000000015,268.6649757791487,broad,DECISION,observation_complete,exp0009_broad_s14103_c14
CAUTION,False,True,True,3.207242043907314,0.622253067581338,frozen_policy,0.5770925652807529,target_intrinsically_slow_settling,False,2.3339999999999996,0.00013283214256689695,0.00142123305594041,0.026938450581497707,low,False,0.0,UNSAFE,2.271154294613873,False,0.15000000000000013,0.0,1.053765641518716,0.2761317585876905,0.0,1.4969179413880302,0.6799999999999855,0.3200000000000145,606.1433906595215,broad,DECISION,observation_complete,exp0009_broad_s14103_c15
CAUTION,False,True,True,3.207242043907314,0.9867084266829811,frozen_policy,0.5770925652807529,target_intrinsically_slow_settling,False,2.3339999999999996,0.00013283214256689695,0.00142123305594041,0.026938450581497707,nominal,False,0.0,UNSAFE,2.7813917973561733,False,0.15000000000000013,0.0,1.053765641518716,0.2761317585876905,0.0,1.4483108048567181,0.48999999999998956,0.5100000000000104,606.1433906595215,broad,DECISION,observation_complete,exp0009_broad_s14103_c15
CAUTION,False,True,True,3.207242043907314,0.8424454424417451,frozen_policy,0.5770925652807529,target_intrinsically_slow_settling,False,2.3339999999999996,0.00013283214256689695,0.00142123305594041,0.026938450581497707,high,False,0.0,UNSAFE,2.579423619418443,False,0.15000000000000013,0.0,1.053765641518716,0.2761317585876905,0.0,1.622936010805096,0.05999999999999872,0.9400000000000013,606.1433906595215,broad,DECISION,observation_complete,exp0009_broad_s14103_c15
SAFE,True,False,True,4.9451072506017955,2.4526955706253974,frozen_policy,0.19713349922270318,classifier_or_other,False,1.717999999999999,7.803043148755228e-05,0.005533148696364524,0.03076781023889548,low,False,0.0,UNSAFE,5.754492617708996,False,0.1079999999999881,0.0,1.0006694236703424,0.26233362064310606,0.0,0.0,0.9099999999999806,0.0900000000000194,139.26202083222327,broad,DECISION,observation_complete,exp0009_broad_s14103_c16
SAFE,True,False,True,4.9451072506017955,2.692720630913989,frozen_policy,0.19713349922270318,classifier_or_other,False,1.717999999999999,7.803043148755228e-05,0.005533148696364524,0.03076781023889548,nominal,False,0.0,UNSAFE,6.145429360833748,False,0.1079999999999881,0.0,1.0006694236703424,0.26233362064310606,0.0,0.0,0.9099999999999806,0.0900000000000194,139.26202083222327,broad,DECISION,observation_complete,exp0009_broad_s14103_c16
SAFE,True,False,True,4.9451072506017955,3.3688838927049662,frozen_policy,0.19713349922270318,classifier_or_other,False,1.717999999999999,7.803043148755228e-05,0.005533148696364524,0.03076781023889548,high,False,0.0,UNSAFE,6.135484468404743,False,0.1079999999999881,0.0,1.0006694236703424,0.26233362064310606,0.0,0.0,0.33999999999999275,0.6600000000000072,139.26202083222327,broad,DECISION,observation_complete,exp0009_broad_s14103_c16
UNSAFE,False,True,False,1.4983663921499122,nan,controller_abort_non_safe,0.14168997834461056,contact_acquisition_failure,False,inf,inf,inf,inf,low,False,inf,CAUTION,nan,False,inf,0.0,inf,inf,inf,nan,nan,nan,2473.14111931013,broad,ABORT,acquisition_timeout,exp0009_broad_s14103_c17
UNSAFE,False,True,False,1.4983663921499122,nan,controller_abort_non_safe,0.14168997834461056,contact_acquisition_failure,False,inf,inf,inf,inf,nominal,False,inf,CAUTION,nan,False,inf,0.0,inf,inf,inf,nan,nan,nan,2473.14111931013,broad,ABORT,acquisition_timeout,exp0009_broad_s14103_c17
UNSAFE,False,True,False,1.4983663921499122,nan,controller_abort_non_safe,0.14168997834461056,contact_acquisition_failure,False,inf,inf,inf,inf,high,False,inf,CAUTION,nan,False,inf,0.0,inf,inf,inf,nan,nan,nan,2473.14111931013,broad,ABORT,acquisition_timeout,exp0009_broad_s14103_c17
SAFE,True,False,True,34.84118602423188,714.7054877885997,frozen_policy,0.42800417526603723,classifier_or_other,False,0.5840000000000005,1.944771457271843e-06,0.006279987237534317,0.012885098203806183,low,False,0.0,UNSAFE,1908.547967436266,False,0.07600000000000007,0.0,1.0348479561996213,0.2711745142918512,0.0,1.2564627927462975,0.0,1.0,78.47390546899696,broad,DECISION,observation_complete,exp0009_broad_s14103_c18
SAFE,True,False,True,34.84118602423188,24.12542380340085,frozen_policy,0.42800417526603723,classifier_or_other,False,0.5840000000000005,1.944771457271843e-06,0.006279987237534317,0.012885098203806183,nominal,False,0.0,UNSAFE,67.00113014240226,False,0.07600000000000007,0.0,1.0348479561996213,0.2711745142918512,0.0,1.2624531150929879,0.0,1.0,78.47390546899696,broad,DECISION,observation_complete,exp0009_broad_s14103_c18
SAFE,True,False,True,34.84118602423188,35.3141516184176,frozen_policy,0.42800417526603723,classifier_or_other,False,0.5840000000000005,1.944771457271843e-06,0.006279987237534317,0.012885098203806183,high,False,0.0,UNSAFE,96.83773764911359,False,0.07600000000000007,0.0,1.0348479561996213,0.2711745142918512,0.0,1.2650992936476921,0.0,1.0,78.47390546899696,broad,DECISION,observation_complete,exp0009_broad_s14103_c18
UNSAFE,False,True,True,0.833642495631976,4.139451053761562,frozen_policy,0.7648111408868948,target_intrinsically_slow_settling,False,3.0,0.0012960675276755874,0.004496841263451255,0.025729959218893934,low,False,0.0,UNSAFE,7.195231475266185,False,0.05800000000000005,0.0,1.0117584527453678,0.2651240748558579,0.0,0.43475694934170656,0.0,1.0,232.1274671759163,broad,DECISION,observation_complete,exp0009_broad_s14103_c19
UNSAFE,False,True,True,0.833642495631976,4.086375846668359,frozen_policy,0.7648111408868948,target_intrinsically_slow_settling,False,3.0,0.0012960675276755874,0.004496841263451255,0.025729959218893934,nominal,False,0.0,UNSAFE,7.120926185335701,False,0.05800000000000005,0.0,1.0117584527453678,0.2651240748558579,0.0,0.41083712844423237,0.0,1.0,232.1274671759163,broad,DECISION,observation_complete,exp0009_broad_s14103_c19
UNSAFE,False,True,True,0.833642495631976,5.184112070370209,frozen_policy,0.7648111408868948,target_intrinsically_slow_settling,False,3.0,0.0012960675276755874,0.004496841263451255,0.025729959218893934,high,False,0.0,UNSAFE,8.657756898518292,False,0.05800000000000005,0.0,1.0117584527453678,0.2651240748558579,0.0,0.41027705799225445,0.0,1.0,232.1274671759163,broad,DECISION,observation_complete,exp0009_broad_s14103_c19
SAFE,True,False,True,58.674498120574725,2.5302660226343594,frozen_policy,0.6275257754252419,classifier_or_other,False,0.6180000000000003,3.1762957354513903e-07,0.002858816185569877,0.008300961314528359,low,False,0.0,UNSAFE,4.95267398204224,False,0.07300000000000006,0.0,1.0364009815818214,0.27158147349892897,0.0,1.5512575926811072,0.3199999999999932,0.6800000000000068,188.2526124306914,broad,DECISION,observation_complete,exp0009_broad_s14103_c20
SAFE,True,False,True,58.674498120574725,2.3927063067273977,frozen_policy,0.6275257754252419,classifier_or_other,False,0.6180000000000003,3.1762957354513903e-07,0.002858816185569877,0.008300961314528359,nominal,False,0.0,UNSAFE,4.749788829418357,False,0.07300000000000006,0.0,1.0364009815818214,0.27158147349892897,0.0,1.5558394390665113,0.34999999999999254,0.6500000000000075,188.2526124306914,broad,DECISION,observation_complete,exp0009_broad_s14103_c20
SAFE,True,False,True,58.674498120574725,0.9161517916908886,frozen_policy,0.6275257754252419,classifier_or_other,False,0.6180000000000003,3.1762957354513903e-07,0.002858816185569877,0.008300961314528359,high,False,0.0,UNSAFE,3.193586319484814,False,0.07300000000000006,0.0,1.0364009815818214,0.27158147349892897,0.0,1.55575631359947,0.09999999999999787,0.9000000000000021,188.2526124306914,broad,DECISION,observation_complete,exp0009_broad_s14103_c20
SAFE,True,False,True,11.837591890224694,0.13723646844929105,frozen_policy,0.11976021035559406,classifier_or_other,False,1.2310000000000008,1.0629896414706046e-05,0.0008997709129467699,0.02878629558097429,low,False,0.0,CAUTION,1.137236468449291,False,0.1070000000000001,0.0,1.0673205971890256,0.27968373788872986,0.0,0.0,0.9699999999999793,0.030000000000020677,1065.7757890711769,broad,DECISION,observation_complete,exp0009_broad_s14103_c21
SAFE,True,False,True,11.837591890224694,0.011303443439417915,frozen_policy,0.11976021035559406,classifier_or_other,False,1.2310000000000008,1.0629896414706046e-05,0.0008997709129467699,0.02878629558097429,nominal,False,0.0,UNSAFE,1.4158248208151851,False,0.1070000000000001,0.0,1.0673205971890256,0.27968373788872986,0.0,0.0,0.9599999999999795,0.040000000000020464,1065.7757890711769,broad,DECISION,observation_complete,exp0009_broad_s14103_c21
SAFE,True,False,True,11.837591890224694,0.00708317766341815,frozen_policy,0.11976021035559406,classifier_or_other,False,1.2310000000000008,1.0629896414706046e-05,0.0008997709129467699,0.02878629558097429,high,False,0.0,UNSAFE,1.4099164487287852,False,0.1070000000000001,0.0,1.0673205971890256,0.27968373788872986,0.0,0.0,0.09999999999999787,0.9000000000000021,1065.7757890711769,broad,DECISION,observation_complete,exp0009_broad_s14103_c21
UNSAFE,False,True,False,1.1015168086738794,nan,controller_abort_non_safe,5.6339569548120645,contact_acquisition_failure,False,inf,inf,inf,inf,low,False,inf,CAUTION,nan,False,inf,0.0,inf,inf,inf,nan,nan,nan,108.96432685340032,broad,ABORT,acquisition_timeout,exp0009_broad_s14103_c22
UNSAFE,False,True,False,1.1015168086738794,nan,controller_abort_non_safe,5.6339569548120645,contact_acquisition_failure,False,inf,inf,inf,inf,nominal,False,inf,CAUTION,nan,False,inf,0.0,inf,inf,inf,nan,nan,nan,108.96432685340032,broad,ABORT,acquisition_timeout,exp0009_broad_s14103_c22
UNSAFE,False,True,False,1.1015168086738794,nan,controller_abort_non_safe,5.6339569548120645,contact_acquisition_failure,False,inf,inf,inf,inf,high,False,inf,CAUTION,nan,False,inf,0.0,inf,inf,inf,nan,nan,nan,108.96432685340032,broad,ABORT,acquisition_timeout,exp0009_broad_s14103_c22
UNSAFE,False,True,True,0.5635447868496811,0.2162234157196783,frozen_policy,0.28670873848234957,target_intrinsically_slow_settling,False,3.0,0.00033406174196362284,0.0012258670936222558,0.0298321719975388,low,False,0.0,UNSAFE,1.7027127820075494,False,0.12900000000000011,0.0,1.0494755280457857,0.2750075649993384,0.0,0.8002550722687986,0.0799999999999983,0.9200000000000017,769.1479770206652,broad,DECISION,observation_complete,exp0009_broad_s14103_c23
UNSAFE,False,True,True,0.5635447868496811,0.2888435047711617,frozen_policy,0.28670873848234957,target_intrinsically_slow_settling,False,3.0,0.00033406174196362284,0.0012258670936222558,0.0298321719975388,nominal,False,0.0,UNSAFE,1.8043809066796261,False,0.12900000000000011,0.0,1.0494755280457857,0.2750075649993384,0.0,0.7926726380131393,0.06999999999999851,0.9300000000000015,769.1479770206652,broad,DECISION,observation_complete,exp0009_broad_s14103_c23
UNSAFE,False,True,True,0.5635447868496811,0.5795646954950278,frozen_policy,0.28670873848234957,target_intrinsically_slow_settling,False,3.0,0.00033406174196362284,0.0012258670936222558,0.0298321719975388,high,False,0.0,UNSAFE,2.2113905736930386,False,0.12900000000000011,0.0,1.0494755280457857,0.2750075649993384,0.0,0.8747979409171572,0.0,1.0,769.1479770206652,broad,DECISION,observation_complete,exp0009_broad_s14103_c23
SAFE,True,False,True,14.668563883139305,1.8241447758983802,frozen_policy,1.2315698259209162,classifier_or_other,False,0.4369999999999994,2.282731595277751e-06,0.002038397819948714,0.018805465921047402,low,False,0.0,UNSAFE,3.953802686257732,False,0.06600000000000006,0.0,1.027719881433026,0.2693066532200024,0.0,2.0823034231299546,0.9299999999999802,0.07000000000001982,372.2018878808766,broad,DECISION,observation_complete,exp0009_broad_s14103_c24
SAFE,True,False,True,14.668563883139305,1.455113827464868,frozen_policy,1.2315698259209162,classifier_or_other,False,0.4369999999999994,2.282731595277751e-06,0.002038397819948714,0.018805465921047402,nominal,False,0.0,UNSAFE,3.437159358450815,False,0.06600000000000006,0.0,1.027719881433026,0.2693066532200024,0.0,2.0576646267567043,0.9199999999999804,0.08000000000001961,372.2018878808766,broad,DECISION,observation_complete,exp0009_broad_s14103_c24
SAFE,True,False,True,14.668563883139305,1.0115161109298167,frozen_policy,1.2315698259209162,classifier_or_other,False,0.4369999999999994,2.282731595277751e-06,0.002038397819948714,0.018805465921047402,high,False,0.0,UNSAFE,2.8161225553017433,False,0.06600000000000006,0.0,1.027719881433026,0.2693066532200024,0.0,0.0,0.03999999999999915,0.9600000000000009,372.2018878808766,broad,DECISION,observation_complete,exp0009_broad_s14103_c24
UNSAFE,False,True,False,42.58407540864384,nan,controller_abort_non_safe,2.584395961837723,contact_acquisition_failure,False,inf,inf,inf,inf,low,False,inf,CAUTION,nan,False,inf,0.0,inf,inf,inf,nan,nan,nan,474.822790200199,broad,ABORT,acquisition_timeout,exp0009_broad_s14104_c00
UNSAFE,False,True,False,42.58407540864384,nan,controller_abort_non_safe,2.584395961837723,contact_acquisition_failure,False,inf,inf,inf,inf,nominal,False,inf,CAUTION,nan,False,inf,0.0,inf,inf,inf,nan,nan,nan,474.822790200199,broad,ABORT,acquisition_timeout,exp0009_broad_s14104_c00
UNSAFE,False,True,False,42.58407540864384,nan,controller_abort_non_safe,2.584395961837723,contact_acquisition_failure,False,inf,inf,inf,inf,high,False,inf,CAUTION,nan,False,inf,0.0,inf,inf,inf,nan,nan,nan,474.822790200199,broad,ABORT,acquisition_timeout,exp0009_broad_s14104_c00
UNSAFE,False,True,True,59.47409407380934,0.6327507102403565,frozen_policy,1.4384532621953938,target_intrinsically_slow_settling,False,inf,inf,inf,inf,low,False,0.0,UNSAFE,2.285850994336499,False,0.07100000000000006,0.0,1.0352641496235084,0.2712835748054251,0.0,0.0,0.9499999999999797,0.05000000000002025,735.5041651113518,broad,DECISION,observation_complete,exp0009_broad_s14104_c01
UNSAFE,False,True,True,59.47409407380934,0.967645529899829,frozen_policy,1.4384532621953938,target_intrinsically_slow_settling,False,inf,inf,inf,inf,nominal,False,0.0,UNSAFE,2.7547037418597604,False,0.07100000000000006,0.0,1.0352641496235084,0.2712835748054251,0.0,0.0,0.9599999999999795,0.040000000000020464,735.5041651113518,broad,DECISION,observation_complete,exp0009_broad_s14104_c01
UNSAFE,False,True,True,59.47409407380934,0.6446279169785472,frozen_policy,1.4384532621953938,target_intrinsically_slow_settling,False,inf,inf,inf,inf,high,False,0.0,UNSAFE,2.302479083769966,False,0.07100000000000006,0.0,1.0352641496235084,0.2712835748054251,0.0,0.0,0.16999999999999638,0.8300000000000036,735.5041651113518,broad,DECISION,observation_complete,exp0009_broad_s14104_c01
UNSAFE,False,True,False,1.9165301975398517,nan,controller_abort_non_safe,3.064898112634718,contact_acquisition_failure,False,inf,inf,inf,inf,low,False,inf,CAUTION,nan,False,inf,0.0,inf,inf,inf,nan,nan,nan,102.57907317634063,broad,ABORT,acquisition_timeout,exp0009_broad_s14104_c02
UNSAFE,False,True,False,1.9165301975398517,nan,controller_abort_non_safe,3.064898112634718,contact_acquisition_failure,False,inf,inf,inf,inf,nominal,False,inf,CAUTION,nan,False,inf,0.0,inf,inf,inf,nan,nan,nan,102.57907317634063,broad,ABORT,acquisition_timeout,exp0009_broad_s14104_c02
UNSAFE,False,True,False,1.9165301975398517,nan,controller_abort_non_safe,3.064898112634718,contact_acquisition_failure,False,inf,inf,inf,inf,high,False,inf,CAUTION,nan,False,inf,0.0,inf,inf,inf,nan,nan,nan,102.57907317634063,broad,ABORT,acquisition_timeout,exp0009_broad_s14104_c02
UNSAFE,False,True,False,0.835843342863015,nan,controller_abort_non_safe,1.990448805703923,contact_acquisition_failure,False,inf,inf,inf,inf,low,False,inf,CAUTION,nan,False,inf,0.0,inf,inf,inf,nan,nan,nan,1271.2589719086018,broad,ABORT,acquisition_timeout,exp0009_broad_s14104_c03
UNSAFE,False,True,False,0.835843342863015,nan,controller_abort_non_safe,1.990448805703923,contact_acquisition_failure,False,inf,inf,inf,inf,nominal,False,inf,CAUTION,nan,False,inf,0.0,inf,inf,inf,nan,nan,nan,1271.2589719086018,broad,ABORT,acquisition_timeout,exp0009_broad_s14104_c03
UNSAFE,False,True,False,0.835843342863015,nan,controller_abort_non_safe,1.990448805703923,contact_acquisition_failure,False,inf,inf,inf,inf,high,False,inf,CAUTION,nan,False,inf,0.0,inf,inf,inf,nan,nan,nan,1271.2589719086018,broad,ABORT,acquisition_timeout,exp0009_broad_s14104_c03
UNSAFE,False,True,True,5.701418284203026,0.5803367945628461,frozen_policy,1.1023643414133328,target_intrinsically_slow_settling,False,inf,inf,inf,inf,low,False,0.0,UNSAFE,2.2124715123879843,False,0.09800000000000009,0.0,1.044693597449934,0.27375449424731274,0.0,1.417595956788668,0.6399999999999864,0.36000000000001364,942.1241917612297,broad,DECISION,observation_complete,exp0009_broad_s14104_c04
UNSAFE,False,True,True,5.701418284203026,0.5569901382087652,frozen_policy,1.1023643414133328,target_intrinsically_slow_settling,False,inf,inf,inf,inf,nominal,False,0.0,UNSAFE,2.179786193492271,False,0.09800000000000009,0.0,1.044693597449934,0.27375449424731274,0.0,1.3458529599223132,0.41999999999999105,0.580000000000009,942.1241917612297,broad,DECISION,observation_complete,exp0009_broad_s14104_c04
UNSAFE,False,True,True,5.701418284203026,0.3126925984065787,frozen_policy,1.1023643414133328,target_intrinsically_slow_settling,False,inf,inf,inf,inf,high,False,0.0,UNSAFE,1.83776963776921,False,0.09800000000000009,0.0,1.044693597449934,0.27375449424731274,0.0,1.2213588659332433,0.3599999999999923,0.6400000000000077,942.1241917612297,broad,DECISION,observation_complete,exp0009_broad_s14104_c04
UNSAFE,False,True,True,0.4905957388222425,1.8692155888459823,frozen_policy,0.21988874348842594,target_intrinsically_slow_settling,False,3.0,0.0008197162937314469,0.002916087545558971,0.0389500197154751,low,False,0.0,UNSAFE,4.016901824384375,False,-0.09799999999999992,0.0,1.0210255210239083,0.267552443897211,0.0,1.0899083542355428,0.0,1.0,293.1321683903129,broad,DECISION,observation_complete,exp0009_broad_s14104_c05
UNSAFE,False,True,True,0.4905957388222425,1.7925564056877183,frozen_policy,0.21988874348842594,target_intrinsically_slow_settling,False,3.0,0.0008197162937314469,0.002916087545558971,0.0389500197154751,nominal,False,0.0,UNSAFE,3.9095789679628052,False,-0.09799999999999992,0.0,1.0210255210239083,0.267552443897211,0.0,1.0757690196729792,0.0,1.0,293.1321683903129,broad,DECISION,observation_complete,exp0009_broad_s14104_c05
UNSAFE,False,True,True,0.4905957388222425,1.7085519278979255,frozen_policy,0.21988874348842594,target_intrinsically_slow_settling,False,3.0,0.0008197162937314469,0.002916087545558971,0.0389500197154751,high,False,0.0,UNSAFE,3.7919726990570957,False,-0.09799999999999992,0.0,1.0210255210239083,0.267552443897211,0.0,1.0601977967118983,0.0,1.0,293.1321683903129,broad,DECISION,observation_complete,exp0009_broad_s14104_c05
SAFE,True,False,True,33.437291724085426,1.3395906895257412,frozen_policy,0.935091281741922,classifier_or_other,False,0.06699999999999928,6.163175344324192e-10,0.0017075680740404257,0.013183840897652472,low,False,0.0,UNSAFE,3.2754269653360373,False,0.07300000000000006,0.0,1.0365325697799332,0.2716159552462191,0.0,0.0,0.9299999999999802,0.07000000000001982,375.3158673609274,broad,DECISION,observation_complete,exp0009_broad_s14104_c06
SAFE,True,False,True,33.437291724085426,0.3965991052966191,frozen_policy,0.935091281741922,classifier_or_other,False,0.06699999999999928,6.163175344324192e-10,0.0017075680740404257,0.013183840897652472,nominal,False,0.0,UNSAFE,1.9552387474152666,False,0.07300000000000006,0.0,1.0365325697799332,0.2716159552462191,0.0,0.0,0.9199999999999804,0.08000000000001961,375.3158673609274,broad,DECISION,observation_complete,exp0009_broad_s14104_c06
SAFE,True,False,True,33.437291724085426,1.0079222639516212,frozen_policy,0.935091281741922,classifier_or_other,False,0.06699999999999928,6.163175344324192e-10,0.0017075680740404257,0.013183840897652472,high,False,0.0,UNSAFE,2.8110911695322693,False,0.07300000000000006,0.0,1.0365325697799332,0.2716159552462191,0.0,0.0,0.3699999999999921,0.6300000000000079,375.3158673609274,broad,DECISION,observation_complete,exp0009_broad_s14104_c06
UNSAFE,False,True,False,1.2854936704514226,nan,controller_abort_non_safe,3.1973635948162253,contact_acquisition_failure,False,inf,inf,inf,inf,low,False,inf,CAUTION,nan,False,inf,0.0,inf,inf,inf,nan,nan,nan,145.4517539860933,broad,ABORT,acquisition_timeout,exp0009_broad_s14104_c07
UNSAFE,False,True,False,1.2854936704514226,nan,controller_abort_non_safe,3.1973635948162253,contact_acquisition_failure,False,inf,inf,inf,inf,nominal,False,inf,CAUTION,nan,False,inf,0.0,inf,inf,inf,nan,nan,nan,145.4517539860933,broad,ABORT,acquisition_timeout,exp0009_broad_s14104_c07
UNSAFE,False,True,False,1.2854936704514226,nan,controller_abort_non_safe,3.1973635948162253,contact_acquisition_failure,False,inf,inf,inf,inf,high,False,inf,CAUTION,nan,False,inf,0.0,inf,inf,inf,nan,nan,nan,145.4517539860933,broad,ABORT,acquisition_timeout,exp0009_broad_s14104_c07
UNSAFE,False,True,False,0.3205836528922351,nan,controller_abort_non_safe,0.2671707087917583,contact_acquisition_failure,False,inf,inf,inf,inf,low,False,inf,CAUTION,nan,False,inf,0.0,inf,inf,inf,nan,nan,nan,1869.023753944525,broad,ABORT,acquisition_timeout,exp0009_broad_s14104_c08
UNSAFE,False,True,False,0.3205836528922351,nan,controller_abort_non_safe,0.2671707087917583,contact_acquisition_failure,False,inf,inf,inf,inf,nominal,False,inf,CAUTION,nan,False,inf,0.0,inf,inf,inf,nan,nan,nan,1869.023753944525,broad,ABORT,acquisition_timeout,exp0009_broad_s14104_c08
UNSAFE,False,True,False,0.3205836528922351,nan,controller_abort_non_safe,0.2671707087917583,contact_acquisition_failure,False,inf,inf,inf,inf,high,False,inf,CAUTION,nan,False,inf,0.0,inf,inf,inf,nan,nan,nan,1869.023753944525,broad,ABORT,acquisition_timeout,exp0009_broad_s14104_c08
SAFE,True,False,True,24.201204438543936,1.4321040787749082,frozen_policy,0.18937181565964015,classifier_or_other,False,0.07399999999999896,6.016605270121864e-10,0.0035484924513169247,0.019490863246082395,low,False,0.0,UNSAFE,4.05350679795818,False,0.08699999999999042,0.0,1.002615498553306,0.26284379998706753,0.0,2.260000079496355,0.8199999999999825,0.18000000000001748,168.3702447779296,broad,DECISION,observation_complete,exp0009_broad_s14104_c09
SAFE,True,False,True,24.201204438543936,1.4429032054836206,frozen_policy,0.18937181565964015,classifier_or_other,False,0.07399999999999896,6.016605270121864e-10,0.0035484924513169247,0.019490863246082395,nominal,False,0.0,UNSAFE,4.071505342472701,False,0.08699999999999042,0.0,1.002615498553306,0.26284379998706753,0.0,2.310674012450962,0.8199999999999825,0.18000000000001748,168.3702447779296,broad,DECISION,observation_complete,exp0009_broad_s14104_c09
SAFE,True,False,True,24.201204438543936,1.8148948975700603,frozen_policy,0.18937181565964015,classifier_or_other,False,0.07399999999999896,6.016605270121864e-10,0.0035484924513169247,0.019490863246082395,high,False,0.0,UNSAFE,4.691491495950101,False,0.08699999999999042,0.0,1.002615498553306,0.26284379998706753,0.0,0.0,0.06999999999999851,0.9300000000000015,168.3702447779296,broad,DECISION,observation_complete,exp0009_broad_s14104_c09
SAFE,True,False,True,14.65055875078856,1.314757895404259,frozen_policy,0.37310145270673245,classifier_or_other,False,0.39700000000000024,3.002639494267836e-07,0.0017391989052953623,0.022522767454894732,low,False,0.0,UNSAFE,3.240661053565962,False,0.09800000000000009,0.0,1.0424000626578511,0.2731534898393429,0.0,0.0,0.93999999999998,0.06000000000002004,411.355867147108,broad,DECISION,observation_complete,exp0009_broad_s14104_c10
SAFE,True,False,True,14.65055875078856,1.1864673491063926,frozen_policy,0.37310145270673245,classifier_or_other,False,0.39700000000000024,3.002639494267836e-07,0.0017391989052953623,0.022522767454894732,nominal,False,0.0,UNSAFE,3.0610542887489496,False,0.09800000000000009,0.0,1.0424000626578511,0.2731534898393429,0.0,0.0,0.9199999999999804,0.08000000000001961,411.355867147108,broad,DECISION,observation_complete,exp0009_broad_s14104_c10
SAFE,True,False,True,14.65055875078856,0.6894563122350956,frozen_policy,0.37310145270673245,classifier_or_other,False,0.39700000000000024,3.002639494267836e-07,0.0017391989052953623,0.022522767454894732,high,False,0.0,UNSAFE,2.3652388371291337,False,0.09800000000000009,0.0,1.0424000626578511,0.2731534898393429,0.0,0.0,0.0,1.0,411.355867147108,broad,DECISION,observation_complete,exp0009_broad_s14104_c10
SAFE,True,False,True,11.606561599132705,10.790767098312843,frozen_policy,1.3136803200333969,classifier_or_other,False,0.6999999999999993,1.07507883165784e-05,0.005790670175332199,0.01893688919584799,low,False,0.0,UNSAFE,31.442045595500915,False,0.05999999999999339,0.0,0.992446462654981,0.2600635058114915,0.0,1.7361623562624913,0.25999999999999446,0.7400000000000055,98.40584681640853,broad,DECISION,observation_complete,exp0009_broad_s14104_c11
SAFE,True,False,True,11.606561599132705,2.9543606352918985,frozen_policy,1.3136803200333969,classifier_or_other,False,0.6999999999999993,1.07507883165784e-05,0.005790670175332199,0.01893688919584799,nominal,False,0.0,UNSAFE,6.590601058819831,False,0.05999999999999339,0.0,0.992446462654981,0.2600635058114915,0.0,1.7156762750076568,0.26999999999999424,0.7300000000000058,98.40584681640853,broad,DECISION,observation_complete,exp0009_broad_s14104_c11
SAFE,True,False,True,11.606561599132705,4.229657032606428,frozen_policy,1.3136803200333969,classifier_or_other,False,0.6999999999999993,1.07507883165784e-05,0.005790670175332199,0.01893688919584799,high,False,0.0,UNSAFE,8.716095054344047,False,0.05999999999999339,0.0,0.992446462654981,0.2600635058114915,0.0,1.7061396507009152,0.09999999999999787,0.9000000000000021,98.40584681640853,broad,DECISION,observation_complete,exp0009_broad_s14104_c11
UNSAFE,False,True,True,6.859496797770029,0.11044909082077858,frozen_policy,0.162283683290127,target_intrinsically_slow_settling,False,3.0,0.00029081775020553617,0.0008714279247972602,0.03343502385559626,low,False,0.0,CAUTION,1.2453712728509099,False,0.1120000000000001,0.0,1.087421066576176,0.28495092230016356,0.0,0.0,0.9699999999999793,0.030000000000020677,1151.4518200597674,broad,DECISION,observation_complete,exp0009_broad_s14104_c12
UNSAFE,False,True,True,6.859496797770029,0.15940914449232557,frozen_policy,0.162283683290127,target_intrinsically_slow_settling,False,3.0,0.00029081775020553617,0.0008714279247972602,0.03343502385559626,nominal,False,0.0,CAUTION,1.176827197710744,False,0.1120000000000001,0.0,1.087421066576176,0.28495092230016356,0.0,0.0,0.9799999999999791,0.02000000000002089,1151.4518200597674,broad,DECISION,observation_complete,exp0009_broad_s14104_c12
UNSAFE,False,True,True,6.859496797770029,0.14507236374229815,frozen_policy,0.162283683290127,target_intrinsically_slow_settling,False,3.0,0.00029081775020553617,0.0008714279247972602,0.03343502385559626,high,False,0.0,CAUTION,1.1450723637422981,False,0.1120000000000001,0.0,1.087421066576176,0.28495092230016356,0.0,0.0,0.5699999999999878,0.43000000000001215,1151.4518200597674,broad,DECISION,observation_complete,exp0009_broad_s14104_c12
SAFE,True,False,True,27.004950439618536,0.18999598898083603,frozen_policy,0.4649611640876047,classifier_or_other,False,0.2160000000000002,1.1236119113459953e-08,0.0009684262073407655,0.01578235444176348,low,False,0.0,UNSAFE,1.6659943845731704,False,0.09100000000000008,0.0,1.0475995914232215,0.2745159892085003,0.0,0.0,0.9599999999999795,0.040000000000020464,846.2434826931701,broad,DECISION,observation_complete,exp0009_broad_s14104_c13
SAFE,True,False,True,27.004950439618536,0.1649707081317966,frozen_policy,0.4649611640876047,classifier_or_other,False,0.2160000000000002,1.1236119113459953e-08,0.0009684262073407655,0.01578235444176348,nominal,False,0.0,UNSAFE,1.630958991384515,False,0.09100000000000008,0.0,1.0475995914232215,0.2745159892085003,0.0,0.0,0.9599999999999795,0.040000000000020464,846.2434826931701,broad,DECISION,observation_complete,exp0009_broad_s14104_c13
SAFE,True,False,True,27.004950439618536,0.1315734531880749,frozen_policy,0.4649611640876047,classifier_or_other,False,0.2160000000000002,1.1236119113459953e-08,0.0009684262073407655,0.01578235444176348,high,False,0.0,CAUTION,1.215797165536695,False,0.09100000000000008,0.0,1.0475995914232215,0.2745159892085003,0.0,0.0,0.5499999999999883,0.4500000000000117,846.2434826931701,broad,DECISION,observation_complete,exp0009_broad_s14104_c13
UNSAFE,False,True,False,3.8511457422070987,nan,controller_abort_non_safe,1.8043259395674145,contact_acquisition_failure,False,inf,inf,inf,inf,low,False,inf,CAUTION,nan,False,inf,0.0,inf,inf,inf,nan,nan,nan,124.34180305735507,broad,ABORT,acquisition_timeout,exp0009_broad_s14104_c14
UNSAFE,False,True,False,3.8511457422070987,nan,controller_abort_non_safe,1.8043259395674145,contact_acquisition_failure,False,inf,inf,inf,inf,nominal,False,inf,CAUTION,nan,False,inf,0.0,inf,inf,inf,nan,nan,nan,124.34180305735507,broad,ABORT,acquisition_timeout,exp0009_broad_s14104_c14
UNSAFE,False,True,False,3.8511457422070987,nan,controller_abort_non_safe,1.8043259395674145,contact_acquisition_failure,False,inf,inf,inf,inf,high,False,inf,CAUTION,nan,False,inf,0.0,inf,inf,inf,nan,nan,nan,124.34180305735507,broad,ABORT,acquisition_timeout,exp0009_broad_s14104_c14
UNSAFE,False,True,False,0.4340194259608053,nan,controller_abort_non_safe,4.637172745156425,contact_acquisition_failure,False,inf,inf,inf,inf,low,False,inf,CAUTION,nan,False,inf,0.0,inf,inf,inf,nan,nan,nan,326.645126710825,broad,ABORT,acquisition_timeout,exp0009_broad_s14104_c15
UNSAFE,False,True,False,0.4340194259608053,nan,controller_abort_non_safe,4.637172745156425,contact_acquisition_failure,False,inf,inf,inf,inf,nominal,False,inf,CAUTION,nan,False,inf,0.0,inf,inf,inf,nan,nan,nan,326.645126710825,broad,ABORT,acquisition_timeout,exp0009_broad_s14104_c15
UNSAFE,False,True,False,0.4340194259608053,nan,controller_abort_non_safe,4.637172745156425,contact_acquisition_failure,False,inf,inf,inf,inf,high,False,inf,CAUTION,nan,False,inf,0.0,inf,inf,inf,nan,nan,nan,326.645126710825,broad,ABORT,acquisition_timeout,exp0009_broad_s14104_c15
SAFE,True,False,True,9.733776265983112,1.7336333512523603,frozen_policy,0.12427667393001693,classifier_or_other,False,0.7439999999999998,2.1847733863569173e-06,0.0037238390640297794,0.02821358336544688,low,False,0.0,UNSAFE,4.159206563849062,False,0.10599999999998833,0.0,1.000629369786583,0.2622077781691976,0.0,0.0,0.9099999999999806,0.0900000000000194,187.53583945415727,broad,DECISION,observation_complete,exp0009_broad_s14104_c16
SAFE,True,False,True,9.733776265983112,1.8923466379040672,frozen_policy,0.12427667393001693,classifier_or_other,False,0.7439999999999998,2.1847733863569173e-06,0.0037238390640297794,0.02821358336544688,nominal,False,0.0,UNSAFE,4.118491954028448,False,0.10599999999998833,0.0,1.000629369786583,0.2622077781691976,0.0,0.0,0.8999999999999808,0.10000000000001918,187.53583945415727,broad,DECISION,observation_complete,exp0009_broad_s14104_c16
SAFE,True,False,True,9.733776265983112,1.7835975101758739,frozen_policy,0.12427667393001693,classifier_or_other,False,0.7439999999999998,2.1847733863569173e-06,0.0037238390640297794,0.02821358336544688,high,False,0.0,UNSAFE,4.312422175908747,False,0.10599999999998833,0.0,1.000629369786583,0.2622077781691976,0.0,0.0,0.23999999999999488,0.7600000000000051,187.53583945415727,broad,DECISION,observation_complete,exp0009_broad_s14104_c16
UNSAFE,False,True,True,2.824237989450598,6.429018233330399,frozen_policy,0.810477910687189,target_intrinsically_slow_settling,False,3.0,0.00043307755106173853,0.004175087666805556,0.025131894672661,low,False,0.0,UNSAFE,19.810715288881063,False,0.06300000000000006,0.0,1.0238359039802858,0.26828888467443246,0.0,0.8483604147244046,0.0,1.0,228.01623466207855,broad,DECISION,observation_complete,exp0009_broad_s14104_c17
UNSAFE,False,True,True,2.824237989450598,3.2703677249941787,frozen_policy,0.810477910687189,target_intrinsically_slow_settling,False,3.0,0.00043307755106173853,0.004175087666805556,0.025131894672661,nominal,False,0.0,UNSAFE,5.97851481499185,False,0.06300000000000006,0.0,1.0238359039802858,0.26828888467443246,0.0,0.8177682506782529,0.0,1.0,228.01623466207855,broad,DECISION,observation_complete,exp0009_broad_s14104_c17
UNSAFE,False,True,True,2.824237989450598,3.5471444442410043,frozen_policy,0.810477910687189,target_intrinsically_slow_settling,False,3.0,0.00043307755106173853,0.004175087666805556,0.025131894672661,high,False,0.0,UNSAFE,6.366002221937405,False,0.06300000000000006,0.0,1.0238359039802858,0.26828888467443246,0.0,0.8747900306915339,0.0,1.0,228.01623466207855,broad,DECISION,observation_complete,exp0009_broad_s14104_c17
UNSAFE,False,True,False,1.5589393826932347,nan,controller_abort_non_safe,0.24038178360874118,contact_acquisition_failure,False,inf,inf,inf,inf,low,False,inf,CAUTION,nan,False,inf,0.0,inf,inf,inf,nan,nan,nan,2208.715174024626,broad,ABORT,acquisition_timeout,exp0009_broad_s14104_c18
UNSAFE,False,True,False,1.5589393826932347,nan,controller_abort_non_safe,0.24038178360874118,contact_acquisition_failure,False,inf,inf,inf,inf,nominal,False,inf,CAUTION,nan,False,inf,0.0,inf,inf,inf,nan,nan,nan,2208.715174024626,broad,ABORT,acquisition_timeout,exp0009_broad_s14104_c18
UNSAFE,False,True,False,1.5589393826932347,nan,controller_abort_non_safe,0.24038178360874118,contact_acquisition_failure,False,inf,inf,inf,inf,high,False,inf,CAUTION,nan,False,inf,0.0,inf,inf,inf,nan,nan,nan,2208.715174024626,broad,ABORT,acquisition_timeout,exp0009_broad_s14104_c18
UNSAFE,False,True,True,0.5880805284718043,3.7515571156321306,frozen_policy,0.5434276587755544,target_intrinsically_slow_settling,False,3.0,0.0007035663012280165,0.003227947086655877,0.03040153509533303,low,True,0.0,UNSAFE,6.652179961884983,False,-0.17500000000000016,0.0,1.031380505322829,0.2703847802500544,0.0,0.0,0.0,1.0,241.75012249979306,broad,DECISION,observation_complete,exp0009_broad_s14104_c19
UNSAFE,False,True,True,0.5880805284718043,2.406373272580669,frozen_policy,0.5434276587755544,target_intrinsically_slow_settling,False,3.0,0.0007035663012280165,0.003227947086655877,0.03040153509533303,nominal,True,0.0,UNSAFE,4.768922581612936,False,-0.17500000000000016,0.0,1.031380505322829,0.2703847802500544,0.0,0.0,0.0,1.0,241.75012249979306,broad,DECISION,observation_complete,exp0009_broad_s14104_c19
UNSAFE,False,True,True,0.5880805284718043,3.246950146951894,frozen_policy,0.5434276587755544,target_intrinsically_slow_settling,False,3.0,0.0007035663012280165,0.003227947086655877,0.03040153509533303,high,True,0.0,UNSAFE,5.9457302057326515,False,-0.17500000000000016,0.0,1.031380505322829,0.2703847802500544,0.0,0.0,0.0,1.0,241.75012249979306,broad,DECISION,observation_complete,exp0009_broad_s14104_c19
SAFE,True,False,True,19.006971839917075,0.7920635293417124,frozen_policy,0.6423661579291423,classifier_or_other,False,0.3199999999999994,1.8621719225478615e-07,0.001206449026036039,0.018450176093549087,low,False,0.0,UNSAFE,2.508888941078397,False,0.09100000000000008,0.0,1.0437073938512251,0.2734960666394011,0.0,0.0,0.93999999999998,0.06000000000002004,645.9948981612221,broad,DECISION,observation_complete,exp0009_broad_s14104_c20
SAFE,True,False,True,19.006971839917075,0.5823609475767557,frozen_policy,0.6423661579291423,classifier_or_other,False,0.3199999999999994,1.8621719225478615e-07,0.001206449026036039,0.018450176093549087,nominal,False,0.0,UNSAFE,2.215305326607458,False,0.09100000000000008,0.0,1.0437073938512251,0.2734960666394011,0.0,0.0,0.93999999999998,0.06000000000002004,645.9948981612221,broad,DECISION,observation_complete,exp0009_broad_s14104_c20
SAFE,True,False,True,19.006971839917075,0.9497183909056848,frozen_policy,0.6423661579291423,classifier_or_other,False,0.3199999999999994,1.8621719225478615e-07,0.001206449026036039,0.018450176093549087,high,False,0.0,UNSAFE,2.7296057472679585,False,0.09100000000000008,0.0,1.0437073938512251,0.2734960666394011,0.0,0.0,0.0,1.0,645.9948981612221,broad,DECISION,observation_complete,exp0009_broad_s14104_c20
UNSAFE,False,True,False,7.471179977664332,nan,controller_abort_non_safe,3.6715927367669106,contact_acquisition_failure,False,inf,inf,inf,inf,low,False,inf,CAUTION,nan,False,inf,0.0,inf,inf,inf,nan,nan,nan,77.78613205671896,broad,ABORT,acquisition_timeout,exp0009_broad_s14104_c21
UNSAFE,False,True,False,7.471179977664332,nan,controller_abort_non_safe,3.6715927367669106,contact_acquisition_failure,False,inf,inf,inf,inf,nominal,False,inf,CAUTION,nan,False,inf,0.0,inf,inf,inf,nan,nan,nan,77.78613205671896,broad,ABORT,acquisition_timeout,exp0009_broad_s14104_c21
UNSAFE,False,True,False,7.471179977664332,nan,controller_abort_non_safe,3.6715927367669106,contact_acquisition_failure,False,inf,inf,inf,inf,high,False,inf,CAUTION,nan,False,inf,0.0,inf,inf,inf,nan,nan,nan,77.78613205671896,broad,ABORT,acquisition_timeout,exp0009_broad_s14104_c21
UNSAFE,False,True,False,2.086077711808339,nan,controller_abort_non_safe,5.31157245243813,contact_acquisition_failure,False,inf,inf,inf,inf,low,False,inf,CAUTION,nan,False,inf,0.0,inf,inf,inf,nan,nan,nan,595.070508725726,broad,ABORT,acquisition_timeout,exp0009_broad_s14104_c22
UNSAFE,False,True,False,2.086077711808339,nan,controller_abort_non_safe,5.31157245243813,contact_acquisition_failure,False,inf,inf,inf,inf,nominal,False,inf,CAUTION,nan,False,inf,0.0,inf,inf,inf,nan,nan,nan,595.070508725726,broad,ABORT,acquisition_timeout,exp0009_broad_s14104_c22
UNSAFE,False,True,False,2.086077711808339,nan,controller_abort_non_safe,5.31157245243813,contact_acquisition_failure,False,inf,inf,inf,inf,high,False,inf,CAUTION,nan,False,inf,0.0,inf,inf,inf,nan,nan,nan,595.070508725726,broad,ABORT,acquisition_timeout,exp0009_broad_s14104_c22
UNSAFE,False,True,False,3.574869328296446,nan,controller_abort_non_safe,0.3172030560026804,contact_acquisition_failure,False,inf,inf,inf,inf,low,False,inf,CAUTION,nan,False,inf,0.0,inf,inf,inf,nan,nan,nan,1494.1324625037232,broad,ABORT,acquisition_timeout,exp0009_broad_s14104_c23
UNSAFE,False,True,False,3.574869328296446,nan,controller_abort_non_safe,0.3172030560026804,contact_acquisition_failure,False,inf,inf,inf,inf,nominal,False,inf,CAUTION,nan,False,inf,0.0,inf,inf,inf,nan,nan,nan,1494.1324625037232,broad,ABORT,acquisition_timeout,exp0009_broad_s14104_c23
UNSAFE,False,True,False,3.574869328296446,nan,controller_abort_non_safe,0.3172030560026804,contact_acquisition_failure,False,inf,inf,inf,inf,high,False,inf,CAUTION,nan,False,inf,0.0,inf,inf,inf,nan,nan,nan,1494.1324625037232,broad,ABORT,acquisition_timeout,exp0009_broad_s14104_c23
UNSAFE,False,True,False,1.0014632941995354,nan,controller_abort_non_safe,0.11427665458933199,contact_acquisition_failure,False,inf,inf,inf,inf,low,False,inf,CAUTION,nan,False,inf,0.0,inf,inf,inf,nan,nan,nan,1923.8097315576767,broad,ABORT,acquisition_timeout,exp0009_broad_s14104_c24
UNSAFE,False,True,False,1.0014632941995354,nan,controller_abort_non_safe,0.11427665458933199,contact_acquisition_failure,False,inf,inf,inf,inf,nominal,False,inf,CAUTION,nan,False,inf,0.0,inf,inf,inf,nan,nan,nan,1923.8097315576767,broad,ABORT,acquisition_timeout,exp0009_broad_s14104_c24
UNSAFE,False,True,False,1.0014632941995354,nan,controller_abort_non_safe,0.11427665458933199,contact_acquisition_failure,False,inf,inf,inf,inf,high,False,inf,CAUTION,nan,False,inf,0.0,inf,inf,inf,nan,nan,nan,1923.8097315576767,broad,ABORT,acquisition_timeout,exp0009_broad_s14104_c24
SAFE,True,False,True,19.33487530448481,1.4831650079801832,frozen_policy,0.9744087836235251,classifier_or_other,False,0.38899999999999935,1.0906417259518422e-07,0.0037464399248917707,0.018497187418186973,low,False,0.0,UNSAFE,4.138608346633639,False,0.06600000000000006,0.0,1.031792374235736,0.2703738208663372,0.0,2.828891068706011,0.8699999999999815,0.13000000000001855,152.33366302710576,broad,DECISION,observation_complete,exp0009_broad_s14105_c00
SAFE,True,False,True,19.33487530448481,1.472119683128137,frozen_policy,0.9744087836235251,classifier_or_other,False,0.38899999999999935,1.0906417259518422e-07,0.0037464399248917707,0.018497187418186973,nominal,False,0.0,UNSAFE,4.120199471880228,False,0.06600000000000006,0.0,1.031792374235736,0.2703738208663372,0.0,0.0,0.8499999999999819,0.15000000000001812,152.33366302710576,broad,DECISION,observation_complete,exp0009_broad_s14105_c00
SAFE,True,False,True,19.33487530448481,2.384888537007912,frozen_policy,0.9744087836235251,classifier_or_other,False,0.38899999999999935,1.0906417259518422e-07,0.0037464399248917707,0.018497187418186973,high,False,0.0,UNSAFE,5.641480895013187,False,0.06600000000000006,0.0,1.031792374235736,0.2703738208663372,0.0,0.0,0.009999999999999787,0.9900000000000002,152.33366302710576,broad,DECISION,observation_complete,exp0009_broad_s14105_c00
UNSAFE,False,True,False,1.1928140276215828,nan,controller_abort_non_safe,1.537200570324184,contact_acquisition_failure,False,inf,inf,inf,inf,low,False,inf,CAUTION,nan,False,inf,0.0,inf,inf,inf,nan,nan,nan,690.2124980387899,broad,ABORT,acquisition_timeout,exp0009_broad_s14105_c01
UNSAFE,False,True,False,1.1928140276215828,nan,controller_abort_non_safe,1.537200570324184,contact_acquisition_failure,False,inf,inf,inf,inf,nominal,False,inf,CAUTION,nan,False,inf,0.0,inf,inf,inf,nan,nan,nan,690.2124980387899,broad,ABORT,acquisition_timeout,exp0009_broad_s14105_c01
UNSAFE,False,True,False,1.1928140276215828,nan,controller_abort_non_safe,1.537200570324184,contact_acquisition_failure,False,inf,inf,inf,inf,high,False,inf,CAUTION,nan,False,inf,0.0,inf,inf,inf,nan,nan,nan,690.2124980387899,broad,ABORT,acquisition_timeout,exp0009_broad_s14105_c01
UNSAFE,False,True,False,9.58956168798891,nan,controller_abort_non_safe,1.3553410936456909,contact_acquisition_failure,False,inf,inf,inf,inf,low,False,inf,CAUTION,nan,False,inf,0.0,inf,inf,inf,nan,nan,nan,120.33404129984488,broad,ABORT,acquisition_timeout,exp0009_broad_s14105_c02
UNSAFE,False,True,False,9.58956168798891,nan,controller_abort_non_safe,1.3553410936456909,contact_acquisition_failure,False,inf,inf,inf,inf,nominal,False,inf,CAUTION,nan,False,inf,0.0,inf,inf,inf,nan,nan,nan,120.33404129984488,broad,ABORT,acquisition_timeout,exp0009_broad_s14105_c02
UNSAFE,False,True,False,9.58956168798891,nan,controller_abort_non_safe,1.3553410936456909,contact_acquisition_failure,False,inf,inf,inf,inf,high,False,inf,CAUTION,nan,False,inf,0.0,inf,inf,inf,nan,nan,nan,120.33404129984488,broad,ABORT,acquisition_timeout,exp0009_broad_s14105_c02
UNSAFE,False,True,False,0.7640915241503555,nan,controller_abort_non_safe,5.155184263565402,contact_acquisition_failure,False,inf,inf,inf,inf,low,False,inf,CAUTION,nan,False,inf,0.0,inf,inf,inf,nan,nan,nan,179.81356784019516,broad,ABORT,acquisition_timeout,exp0009_broad_s14105_c03
UNSAFE,False,True,False,0.7640915241503555,nan,controller_abort_non_safe,5.155184263565402,contact_acquisition_failure,False,inf,inf,inf,inf,nominal,False,inf,CAUTION,nan,False,inf,0.0,inf,inf,inf,nan,nan,nan,179.81356784019516,broad,ABORT,acquisition_timeout,exp0009_broad_s14105_c03
UNSAFE,False,True,False,0.7640915241503555,nan,controller_abort_non_safe,5.155184263565402,contact_acquisition_failure,False,inf,inf,inf,inf,high,False,inf,CAUTION,nan,False,inf,0.0,inf,inf,inf,nan,nan,nan,179.81356784019516,broad,ABORT,acquisition_timeout,exp0009_broad_s14105_c03
SAFE,True,False,True,43.25243385691652,0.16962917953886647,frozen_policy,0.1525785375562133,classifier_or_other,False,0.43299999999999983,7.686632616007864e-10,0.0010237215246540888,0.014971788834628689,low,False,0.0,UNSAFE,1.637480851354413,False,0.08500000000000008,0.0,1.045884637197705,0.2740665977048005,0.0,0.0,0.9499999999999797,0.05000000000002025,729.3003809603725,broad,DECISION,observation_complete,exp0009_broad_s14105_c04
SAFE,True,False,True,43.25243385691652,0.5212170883657758,frozen_policy,0.1525785375562133,classifier_or_other,False,0.43299999999999983,7.686632616007864e-10,0.0010237215246540888,0.014971788834628689,nominal,False,0.0,UNSAFE,2.129703923712086,False,0.08500000000000008,0.0,1.045884637197705,0.2740665977048005,0.0,0.0,0.9499999999999797,0.05000000000002025,729.3003809603725,broad,DECISION,observation_complete,exp0009_broad_s14105_c04
SAFE,True,False,True,43.25243385691652,0.3024595613799288,frozen_policy,0.1525785375562133,classifier_or_other,False,0.43299999999999983,7.686632616007864e-10,0.0010237215246540888,0.014971788834628689,high,False,0.0,UNSAFE,1.8234433859319001,False,0.08500000000000008,0.0,1.045884637197705,0.2740665977048005,0.0,0.0,0.009999999999999787,0.9900000000000002,729.3003809603725,broad,DECISION,observation_complete,exp0009_broad_s14105_c04
SAFE,True,False,True,22.70702351255985,18.413637022259042,frozen_policy,0.25455785776822154,classifier_or_other,False,0.2919999999999998,6.505435366267683e-10,0.006706708115247997,0.019924619780833996,low,False,0.0,UNSAFE,51.76969872602411,False,0.08200000000000007,0.0,1.0365460526957058,0.27161948834797967,0.0,1.5984278206431612,0.0,1.0,78.51832634682853,broad,DECISION,observation_complete,exp0009_broad_s14105_c05
SAFE,True,False,True,22.70702351255985,3.125874195844137,frozen_policy,0.25455785776822154,classifier_or_other,False,0.2919999999999998,6.505435366267683e-10,0.006706708115247997,0.019924619780833996,nominal,False,0.0,UNSAFE,8.547650155284652,False,0.08200000000000007,0.0,1.0365460526957058,0.27161948834797967,0.0,1.6089209742082007,0.0,1.0,78.51832634682853,broad,DECISION,observation_complete,exp0009_broad_s14105_c05
SAFE,True,False,True,22.70702351255985,3.289569460883934,frozen_policy,0.25455785776822154,classifier_or_other,False,0.2919999999999998,6.505435366267683e-10,0.006706708115247997,0.019924619780833996,high,False,0.0,UNSAFE,7.1492824348065565,False,0.08200000000000007,0.0,1.0365460526957058,0.27161948834797967,0.0,1.601220172790199,0.0,1.0,78.51832634682853,broad,DECISION,observation_complete,exp0009_broad_s14105_c05
UNSAFE,False,True,False,1.0123552536742868,nan,controller_abort_non_safe,3.233285178583294,contact_acquisition_failure,False,inf,inf,inf,inf,low,False,inf,CAUTION,nan,False,inf,0.0,inf,inf,inf,nan,nan,nan,1436.5576443417983,broad,ABORT,acquisition_timeout,exp0009_broad_s14105_c06
UNSAFE,False,True,False,1.0123552536742868,nan,controller_abort_non_safe,3.233285178583294,contact_acquisition_failure,False,inf,inf,inf,inf,nominal,False,inf,CAUTION,nan,False,inf,0.0,inf,inf,inf,nan,nan,nan,1436.5576443417983,broad,ABORT,acquisition_timeout,exp0009_broad_s14105_c06
UNSAFE,False,True,False,1.0123552536742868,nan,controller_abort_non_safe,3.233285178583294,contact_acquisition_failure,False,inf,inf,inf,inf,high,False,inf,CAUTION,nan,False,inf,0.0,inf,inf,inf,nan,nan,nan,1436.5576443417983,broad,ABORT,acquisition_timeout,exp0009_broad_s14105_c06
UNSAFE,False,True,True,0.4747961266898718,0.07956150737830991,frozen_policy,0.11161184283915893,target_intrinsically_slow_settling,False,3.0,0.0003560145977966797,0.0011760434477087107,0.046125614762023856,low,False,0.0,CAUTION,1.288613889670366,False,0.1110000000000001,0.0,1.0506737227992498,0.275321543374955,0.0,1.899682924240225,0.8999999999999808,0.10000000000001918,830.4263266851639,broad,DECISION,observation_complete,exp0009_broad_s14105_c07
UNSAFE,False,True,True,0.4747961266898718,0.08960411309069571,frozen_policy,0.11161184283915893,target_intrinsically_slow_settling,False,3.0,0.0003560145977966797,0.0011760434477087107,0.046125614762023856,nominal,False,0.0,CAUTION,1.0896041130906957,False,0.1110000000000001,0.0,1.0506737227992498,0.275321543374955,0.0,0.0,0.9099999999999806,0.0900000000000194,830.4263266851639,broad,DECISION,observation_complete,exp0009_broad_s14105_c07
UNSAFE,False,True,True,0.4747961266898718,0.16202988024870524,frozen_policy,0.11161184283915893,target_intrinsically_slow_settling,False,3.0,0.0003560145977966797,0.0011760434477087107,0.046125614762023856,high,False,0.0,CAUTION,1.1731581676518126,False,0.1110000000000001,0.0,1.0506737227992498,0.275321543374955,0.0,0.0,0.24999999999999467,0.7500000000000053,830.4263266851639,broad,DECISION,observation_complete,exp0009_broad_s14105_c07
UNSAFE,False,True,False,11.978401874801134,nan,controller_abort_non_safe,2.9943058741472806,contact_acquisition_failure,False,inf,inf,inf,inf,low,False,inf,CAUTION,nan,False,inf,0.0,inf,inf,inf,nan,nan,nan,267.59427203587694,broad,ABORT,acquisition_timeout,exp0009_broad_s14105_c08
UNSAFE,False,True,False,11.978401874801134,nan,controller_abort_non_safe,2.9943058741472806,contact_acquisition_failure,False,inf,inf,inf,inf,nominal,False,inf,CAUTION,nan,False,inf,0.0,inf,inf,inf,nan,nan,nan,267.59427203587694,broad,ABORT,acquisition_timeout,exp0009_broad_s14105_c08
UNSAFE,False,True,False,11.978401874801134,nan,controller_abort_non_safe,2.9943058741472806,contact_acquisition_failure,False,inf,inf,inf,inf,high,False,inf,CAUTION,nan,False,inf,0.0,inf,inf,inf,nan,nan,nan,267.59427203587694,broad,ABORT,acquisition_timeout,exp0009_broad_s14105_c08
UNSAFE,False,True,True,2.742633491335426,2.23430390863354,frozen_policy,0.4368858468317333,target_intrinsically_slow_settling,False,2.968000000000001,0.00019442546495739395,0.002899454847634176,0.03004532570213726,low,False,0.0,UNSAFE,4.528025472086956,False,0.09300000000000008,0.0,1.03626038226096,0.27154463045129484,0.0,1.5346129690629158,0.3699999999999921,0.6300000000000079,254.3178195689898,broad,DECISION,observation_complete,exp0009_broad_s14105_c09
UNSAFE,False,True,True,2.742633491335426,2.2969636949871264,frozen_policy,0.4368858468317333,target_intrinsically_slow_settling,False,2.968000000000001,0.00019442546495739395,0.002899454847634176,0.03004532570213726,nominal,False,0.0,UNSAFE,4.615749172981976,False,0.09300000000000008,0.0,1.03626038226096,0.27154463045129484,0.0,1.5751729274970445,0.1499999999999968,0.8500000000000032,254.3178195689898,broad,DECISION,observation_complete,exp0009_broad_s14105_c09
UNSAFE,False,True,True,2.742633491335426,2.952245711870034,frozen_policy,0.4368858468317333,target_intrinsically_slow_settling,False,2.968000000000001,0.00019442546495739395,0.002899454847634176,0.03004532570213726,high,False,0.0,UNSAFE,5.533143996618048,False,0.09300000000000008,0.0,1.03626038226096,0.27154463045129484,0.0,1.3409420121290958,0.019999999999999574,0.9800000000000004,254.3178195689898,broad,DECISION,observation_complete,exp0009_broad_s14105_c09
UNSAFE,False,True,False,0.3313531211888565,nan,controller_abort_non_safe,0.4275042577753067,contact_acquisition_failure,False,inf,inf,inf,inf,low,False,inf,CAUTION,nan,False,inf,0.0,inf,inf,inf,nan,nan,nan,1699.296815536061,broad,ABORT,acquisition_timeout,exp0009_broad_s14105_c10
UNSAFE,False,True,False,0.3313531211888565,nan,controller_abort_non_safe,0.4275042577753067,contact_acquisition_failure,False,inf,inf,inf,inf,nominal,False,inf,CAUTION,nan,False,inf,0.0,inf,inf,inf,nan,nan,nan,1699.296815536061,broad,ABORT,acquisition_timeout,exp0009_broad_s14105_c10
UNSAFE,False,True,False,0.3313531211888565,nan,controller_abort_non_safe,0.4275042577753067,contact_acquisition_failure,False,inf,inf,inf,inf,high,False,inf,CAUTION,nan,False,inf,0.0,inf,inf,inf,nan,nan,nan,1699.296815536061,broad,ABORT,acquisition_timeout,exp0009_broad_s14105_c10
UNSAFE,False,True,True,0.5803302845280128,1.2447690592922376,frozen_policy,0.3441748917657905,target_intrinsically_slow_settling,False,inf,inf,inf,inf,low,False,0.0,UNSAFE,3.1426766830091326,False,-0.1170000000000001,0.0,1.0556201200116728,0.2766177114289553,0.0,0.8720146415548065,0.0,1.0,413.1210664281738,broad,DECISION,observation_complete,exp0009_broad_s14105_c11
UNSAFE,False,True,True,0.5803302845280128,1.0874197631762996,frozen_policy,0.3441748917657905,target_intrinsically_slow_settling,False,inf,inf,inf,inf,nominal,False,0.0,UNSAFE,2.9223876684468193,False,-0.1170000000000001,0.0,1.0556201200116728,0.2766177114289553,0.0,0.8746839453434003,0.0,1.0,413.1210664281738,broad,DECISION,observation_complete,exp0009_broad_s14105_c11
UNSAFE,False,True,True,0.5803302845280128,0.9680888694736949,frozen_policy,0.3441748917657905,target_intrinsically_slow_settling,False,inf,inf,inf,inf,high,False,0.0,UNSAFE,2.755324417263173,False,-0.1170000000000001,0.0,1.0556201200116728,0.2766177114289553,0.0,0.9713985284563413,0.009999999999999787,0.9900000000000002,413.1210664281738,broad,DECISION,observation_complete,exp0009_broad_s14105_c11
UNSAFE,False,False,True,1.861544213138161,0.002847214144917398,frozen_policy,0.56202379710855,target_intrinsically_slow_settling,True,inf,inf,inf,inf,low,False,0.0,SAFE,0.9971527858550826,True,0.13000000000000012,0.0,1.092336995829699,0.28636501955596955,0.0,1.2479367831633237,0.9699999999999793,0.030000000000020677,1273.4628173262238,broad,DECISION,observation_complete,exp0009_broad_s14105_c12
UNSAFE,False,True,True,1.861544213138161,0.0441251702181199,frozen_policy,0.56202379710855,target_intrinsically_slow_settling,False,inf,inf,inf,inf,nominal,False,0.0,CAUTION,1.3382247616946321,False,0.13000000000000012,0.0,1.092336995829699,0.28636501955596955,0.0,1.100004043419922,0.5199999999999889,0.4800000000000111,1273.4628173262238,broad,DECISION,observation_complete,exp0009_broad_s14105_c12
UNSAFE,False,True,True,1.861544213138161,0.10550165833833869,frozen_policy,0.56202379710855,target_intrinsically_slow_settling,False,inf,inf,inf,inf,high,False,0.0,CAUTION,1.2522976783263258,False,0.13000000000000012,0.0,1.092336995829699,0.28636501955596955,0.0,0.0,0.09999999999999787,0.9000000000000021,1273.4628173262238,broad,DECISION,observation_complete,exp0009_broad_s14105_c12
UNSAFE,False,True,False,4.383832721638029,nan,controller_abort_non_safe,0.12470557473657778,contact_loss_or_reimpact,False,inf,inf,inf,inf,low,False,inf,CAUTION,nan,False,inf,0.0,inf,inf,inf,nan,nan,nan,92.9545891474868,broad,APPROACH,APPROACH,exp0009_broad_s14105_c13
UNSAFE,False,True,False,4.383832721638029,nan,controller_abort_non_safe,0.12470557473657778,contact_loss_or_reimpact,False,inf,inf,inf,inf,nominal,False,inf,CAUTION,nan,False,inf,0.0,inf,inf,inf,nan,nan,nan,92.9545891474868,broad,APPROACH,APPROACH,exp0009_broad_s14105_c13
UNSAFE,False,True,False,4.383832721638029,nan,controller_abort_non_safe,0.12470557473657778,contact_loss_or_reimpact,False,inf,inf,inf,inf,high,False,inf,CAUTION,nan,False,inf,0.0,inf,inf,inf,nan,nan,nan,92.9545891474868,broad,APPROACH,APPROACH,exp0009_broad_s14105_c13
UNSAFE,False,True,True,28.256703191735937,1.2217213539501697,frozen_policy,2.2977148299309404,target_intrinsically_slow_settling,False,inf,inf,inf,inf,low,False,0.0,UNSAFE,3.1104098955302373,False,0.06799999999999251,0.0,1.0026595851684914,0.26273978160680267,0.0,0.0,0.9599999999999795,0.040000000000020464,988.1187683000824,broad,DECISION,observation_complete,exp0009_broad_s14105_c14
UNSAFE,False,True,True,28.256703191735937,0.6215096738764478,frozen_policy,2.2977148299309404,target_intrinsically_slow_settling,False,inf,inf,inf,inf,nominal,False,0.0,UNSAFE,2.2701135434270268,False,0.06799999999999251,0.0,1.0026595851684914,0.26273978160680267,0.0,0.0,0.9599999999999795,0.040000000000020464,988.1187683000824,broad,DECISION,observation_complete,exp0009_broad_s14105_c14
UNSAFE,False,True,True,28.256703191735937,1.3901649846762796,frozen_policy,2.2977148299309404,target_intrinsically_slow_settling,False,inf,inf,inf,inf,high,False,0.0,UNSAFE,3.346230978546791,False,0.06799999999999251,0.0,1.0026595851684914,0.26273978160680267,0.0,0.0,0.34999999999999254,0.6500000000000075,988.1187683000824,broad,DECISION,observation_complete,exp0009_broad_s14105_c14
UNSAFE,False,True,False,2.1291587708115394,nan,controller_abort_non_safe,4.95496568974309,contact_acquisition_failure,False,inf,inf,inf,inf,low,False,inf,CAUTION,nan,False,inf,0.0,inf,inf,inf,nan,nan,nan,1135.368239107027,broad,ABORT,acquisition_timeout,exp0009_broad_s14105_c15
UNSAFE,False,True,False,2.1291587708115394,nan,controller_abort_non_safe,4.95496568974309,contact_acquisition_failure,False,inf,inf,inf,inf,nominal,False,inf,CAUTION,nan,False,inf,0.0,inf,inf,inf,nan,nan,nan,1135.368239107027,broad,ABORT,acquisition_timeout,exp0009_broad_s14105_c15
UNSAFE,False,True,False,2.1291587708115394,nan,controller_abort_non_safe,4.95496568974309,contact_acquisition_failure,False,inf,inf,inf,inf,high,False,inf,CAUTION,nan,False,inf,0.0,inf,inf,inf,nan,nan,nan,1135.368239107027,broad,ABORT,acquisition_timeout,exp0009_broad_s14105_c15
SAFE,True,False,True,15.722487728603765,3.1336282730282914,frozen_policy,1.1495341143323212,classifier_or_other,False,0.34999999999999964,1.1367204053601498e-06,0.002900232815877132,0.018733987744357555,low,False,0.0,UNSAFE,5.787079582239608,False,0.06500000000000006,0.0,1.0277445433369434,0.269431583270397,0.0,2.1080530097091583,0.889999999999981,0.11000000000001897,209.15277726490072,broad,DECISION,observation_complete,exp0009_broad_s14105_c16
SAFE,True,False,True,15.722487728603765,1.9888515425749178,frozen_policy,1.1495341143323212,classifier_or_other,False,0.34999999999999964,1.1367204053601498e-06,0.002900232815877132,0.018733987744357555,nominal,False,0.0,UNSAFE,4.184392159604885,False,0.06500000000000006,0.0,1.0277445433369434,0.269431583270397,0.0,0.0,0.609999999999987,0.390000000000013,209.15277726490072,broad,DECISION,observation_complete,exp0009_broad_s14105_c16
SAFE,True,False,True,15.722487728603765,1.804059245913622,frozen_policy,1.1495341143323212,classifier_or_other,False,0.34999999999999964,1.1367204053601498e-06,0.002900232815877132,0.018733987744357555,high,False,0.0,UNSAFE,3.9256829442790706,False,0.06500000000000006,0.0,1.0277445433369434,0.269431583270397,0.0,0.0,0.0,1.0,209.15277726490072,broad,DECISION,observation_complete,exp0009_broad_s14105_c16
UNSAFE,False,True,False,3.523585723027208,nan,controller_abort_non_safe,2.045084392251049,contact_acquisition_failure,False,inf,inf,inf,inf,low,False,inf,CAUTION,nan,False,inf,0.0,inf,inf,inf,nan,nan,nan,370.9700723257745,broad,ABORT,acquisition_timeout,exp0009_broad_s14105_c17
UNSAFE,False,True,False,3.523585723027208,nan,controller_abort_non_safe,2.045084392251049,contact_acquisition_failure,False,inf,inf,inf,inf,nominal,False,inf,CAUTION,nan,False,inf,0.0,inf,inf,inf,nan,nan,nan,370.9700723257745,broad,ABORT,acquisition_timeout,exp0009_broad_s14105_c17
UNSAFE,False,True,False,3.523585723027208,nan,controller_abort_non_safe,2.045084392251049,contact_acquisition_failure,False,inf,inf,inf,inf,high,False,inf,CAUTION,nan,False,inf,0.0,inf,inf,inf,nan,nan,nan,370.9700723257745,broad,ABORT,acquisition_timeout,exp0009_broad_s14105_c17
UNSAFE,False,True,False,6.556314505434867,nan,controller_abort_non_safe,1.6890955547038324,contact_acquisition_failure,False,inf,inf,inf,inf,low,False,inf,CAUTION,nan,False,inf,0.0,inf,inf,inf,nan,nan,nan,107.50277517556837,broad,ABORT,acquisition_timeout,exp0009_broad_s14105_c18
UNSAFE,False,True,False,6.556314505434867,nan,controller_abort_non_safe,1.6890955547038324,contact_acquisition_failure,False,inf,inf,inf,inf,nominal,False,inf,CAUTION,nan,False,inf,0.0,inf,inf,inf,nan,nan,nan,107.50277517556837,broad,ABORT,acquisition_timeout,exp0009_broad_s14105_c18
UNSAFE,False,True,False,6.556314505434867,nan,controller_abort_non_safe,1.6890955547038324,contact_acquisition_failure,False,inf,inf,inf,inf,high,False,inf,CAUTION,nan,False,inf,0.0,inf,inf,inf,nan,nan,nan,107.50277517556837,broad,ABORT,acquisition_timeout,exp0009_broad_s14105_c18
SAFE,True,False,True,32.00485454419178,0.41193412274971286,frozen_policy,0.22182702955640743,classifier_or_other,False,0.1509999999999998,5.832461215183694e-10,0.0014557327980949924,0.015375863468069378,low,False,0.0,UNSAFE,1.9767077718495978,False,0.08800000000000008,0.0,1.0442932974310248,0.2736495984869758,0.0,0.0,0.93999999999998,0.06000000000002004,478.20955346347125,broad,DECISION,observation_complete,exp0009_broad_s14105_c19
SAFE,True,False,True,32.00485454419178,1.336694412370325,frozen_policy,0.22182702955640743,classifier_or_other,False,0.1509999999999998,5.832461215183694e-10,0.0014557327980949924,0.015375863468069378,nominal,False,0.0,UNSAFE,3.271372177318455,False,0.08800000000000008,0.0,1.0442932974310248,0.2736495984869758,0.0,0.0,0.93999999999998,0.06000000000002004,478.20955346347125,broad,DECISION,observation_complete,exp0009_broad_s14105_c19
SAFE,True,False,True,32.00485454419178,0.443926355647422,frozen_policy,0.22182702955640743,classifier_or_other,False,0.1509999999999998,5.832461215183694e-10,0.0014557327980949924,0.015375863468069378,high,False,0.0,UNSAFE,2.0214968979063905,False,0.08800000000000008,0.0,1.0442932974310248,0.2736495984869758,0.0,0.0,0.019999999999999574,0.9800000000000004,478.20955346347125,broad,DECISION,observation_complete,exp0009_broad_s14105_c19
UNSAFE,False,True,True,58.19600581630343,0.014354369619738128,frozen_policy,0.2890839531007771,target_intrinsically_slow_settling,False,2.918,0.00011336595831213826,0.0004561046117845608,0.016056193660941853,low,False,0.0,UNSAFE,1.4200961174676334,False,0.07700000000000007,0.0,1.0459121447218258,0.2740738058549912,0.0,0.0,1.0099999999999785,0.0,2093.9155551659037,broad,DECISION,observation_complete,exp0009_broad_s14105_c20
UNSAFE,False,True,True,58.19600581630343,0.13154384664415075,frozen_policy,0.2890839531007771,target_intrinsically_slow_settling,False,2.918,0.00011336595831213826,0.0004561046117845608,0.016056193660941853,nominal,False,0.0,UNSAFE,1.5841613853018108,False,0.07700000000000007,0.0,1.0459121447218258,0.2740738058549912,0.0,0.0,0.9899999999999789,0.010000000000021103,2093.9155551659037,broad,DECISION,observation_complete,exp0009_broad_s14105_c20
UNSAFE,False,True,True,58.19600581630343,0.9540180860215808,frozen_policy,0.2890839531007771,target_intrinsically_slow_settling,False,2.918,0.00011336595831213826,0.0004561046117845608,0.016056193660941853,high,False,0.0,UNSAFE,2.735625320430213,False,0.07700000000000007,0.0,1.0459121447218258,0.2740738058549912,0.0,0.0,0.12999999999999723,0.8700000000000028,2093.9155551659037,broad,DECISION,observation_complete,exp0009_broad_s14105_c20
CAUTION,False,True,True,4.818724801072999,2.685241683635099,frozen_policy,0.7022191948491747,target_intrinsically_slow_settling,False,2.2030000000000003,0.00012471426410369863,0.0031082049470104968,0.025512458559244017,low,False,0.0,UNSAFE,5.159338357089139,False,0.06900000000000006,0.0,1.0306764572405462,0.2702002083243383,0.0,1.4745019277421023,0.5899999999999874,0.4100000000000126,329.89944977174946,broad,DECISION,observation_complete,exp0009_broad_s14105_c21
CAUTION,False,True,True,4.818724801072999,3.027886762212465,frozen_policy,0.7022191948491747,target_intrinsically_slow_settling,False,2.2030000000000003,0.00012471426410369863,0.0031082049470104968,0.025512458559244017,nominal,False,0.0,UNSAFE,5.639041467097451,False,0.06900000000000006,0.0,1.0306764572405462,0.2702002083243383,0.0,1.44947454866197,0.5799999999999876,0.42000000000001236,329.89944977174946,broad,DECISION,observation_complete,exp0009_broad_s14105_c21
CAUTION,False,True,True,4.818724801072999,1.5005190722350936,frozen_policy,0.7022191948491747,target_intrinsically_slow_settling,False,2.2030000000000003,0.00012471426410369863,0.0031082049470104968,0.025512458559244017,high,False,0.0,UNSAFE,3.5007267011291305,False,0.06900000000000006,0.0,1.0306764572405462,0.2702002083243383,0.0,1.1626084119197921,0.3099999999999934,0.6900000000000066,329.89944977174946,broad,DECISION,observation_complete,exp0009_broad_s14105_c21
UNSAFE,False,True,False,0.4202596808399095,nan,controller_abort_non_safe,0.16720556707199485,contact_loss_or_reimpact,False,inf,inf,inf,inf,low,False,inf,CAUTION,nan,False,inf,0.0,inf,inf,inf,nan,nan,nan,141.42692645964635,broad,APPROACH,APPROACH,exp0009_broad_s14105_c22
UNSAFE,False,True,False,0.4202596808399095,nan,controller_abort_non_safe,0.16720556707199485,contact_loss_or_reimpact,False,inf,inf,inf,inf,nominal,False,inf,CAUTION,nan,False,inf,0.0,inf,inf,inf,nan,nan,nan,141.42692645964635,broad,APPROACH,APPROACH,exp0009_broad_s14105_c22
UNSAFE,False,True,False,0.4202596808399095,nan,controller_abort_non_safe,0.16720556707199485,contact_loss_or_reimpact,False,inf,inf,inf,inf,high,False,inf,CAUTION,nan,False,inf,0.0,inf,inf,inf,nan,nan,nan,141.42692645964635,broad,APPROACH,APPROACH,exp0009_broad_s14105_c22
UNSAFE,False,False,True,1.4873912715104967,0.11848267396499124,frozen_policy,0.7334763915862558,target_intrinsically_slow_settling,True,inf,inf,inf,inf,low,False,0.0,SAFE,0.8815173260350088,True,0.08400000000000007,0.0,1.0794449129908803,0.2828608282322842,0.0,0.49755003394924546,1.0099999999999785,0.0,2398.2925586875635,broad,DECISION,observation_complete,exp0009_broad_s14105_c23
UNSAFE,False,True,True,1.4873912715104967,0.07238831819776359,frozen_policy,0.7334763915862558,target_intrinsically_slow_settling,False,inf,inf,inf,inf,nominal,False,0.0,CAUTION,1.0723883181977636,False,0.08400000000000007,0.0,1.0794449129908803,0.2828608282322842,0.0,0.5880142248769664,0.7299999999999844,0.27000000000001556,2398.2925586875635,broad,DECISION,observation_complete,exp0009_broad_s14105_c23
UNSAFE,False,True,True,1.4873912715104967,0.10529872173110044,frozen_policy,0.7334763915862558,target_intrinsically_slow_settling,False,inf,inf,inf,inf,high,False,0.0,CAUTION,1.2525817895764593,False,0.08400000000000007,0.0,1.0794449129908803,0.2828608282322842,0.0,0.0,0.019999999999999574,0.9800000000000004,2398.2925586875635,broad,DECISION,observation_complete,exp0009_broad_s14105_c23
UNSAFE,False,True,False,7.772146808210031,nan,controller_abort_non_safe,4.162747515072735,contact_acquisition_failure,False,inf,inf,inf,inf,low,False,inf,CAUTION,nan,False,inf,0.0,inf,inf,inf,nan,nan,nan,589.8191469435558,broad,ABORT,acquisition_timeout,exp0009_broad_s14105_c24
UNSAFE,False,True,False,7.772146808210031,nan,controller_abort_non_safe,4.162747515072735,contact_acquisition_failure,False,inf,inf,inf,inf,nominal,False,inf,CAUTION,nan,False,inf,0.0,inf,inf,inf,nan,nan,nan,589.8191469435558,broad,ABORT,acquisition_timeout,exp0009_broad_s14105_c24
UNSAFE,False,True,False,7.772146808210031,nan,controller_abort_non_safe,4.162747515072735,contact_acquisition_failure,False,inf,inf,inf,inf,high,False,inf,CAUTION,nan,False,inf,0.0,inf,inf,inf,nan,nan,nan,589.8191469435558,broad,ABORT,acquisition_timeout,exp0009_broad_s14105_c24
UNSAFE,False,True,True,0.304528170022353,321.3590670570644,frozen_policy,0.7435157346139407,target_intrinsically_slow_settling,False,3.0,0.0027868021590780937,0.010259106689147247,0.029496614197179673,low,True,0.0,UNSAFE,859.6241788188385,False,-0.20199999999997775,0.0,1.0086554316439187,0.26431095034323576,0.0,0.0,0.0,1.0,84.59012349108909,broad,DECISION,observation_complete,exp0009_broad_s14106_c00
UNSAFE,False,True,True,0.304528170022353,581.5665824565342,frozen_policy,0.7435157346139407,target_intrinsically_slow_settling,False,3.0,0.0027868021590780937,0.010259106689147247,0.029496614197179673,nominal,True,0.0,UNSAFE,1553.510886550758,False,-0.20199999999997775,0.0,1.0086554316439187,0.26431095034323576,0.0,0.0,0.0,1.0,84.59012349108909,broad,DECISION,observation_complete,exp0009_broad_s14106_c00
UNSAFE,False,True,True,0.304528170022353,192.1662610789013,frozen_policy,0.7435157346139407,target_intrinsically_slow_settling,False,3.0,0.0027868021590780937,0.010259106689147247,0.029496614197179673,high,True,0.0,UNSAFE,515.1100295437368,False,-0.20199999999997775,0.0,1.0086554316439187,0.26431095034323576,0.0,0.0,0.0,1.0,84.59012349108909,broad,DECISION,observation_complete,exp0009_broad_s14106_c00
UNSAFE,False,True,False,1.4633984059357446,nan,controller_abort_non_safe,3.24293988064868,contact_acquisition_failure,False,inf,inf,inf,inf,low,False,inf,CAUTION,nan,False,inf,0.0,inf,inf,inf,nan,nan,nan,333.3591471092977,broad,ABORT,acquisition_timeout,exp0009_broad_s14106_c01
UNSAFE,False,True,False,1.4633984059357446,nan,controller_abort_non_safe,3.24293988064868,contact_acquisition_failure,False,inf,inf,inf,inf,nominal,False,inf,CAUTION,nan,False,inf,0.0,inf,inf,inf,nan,nan,nan,333.3591471092977,broad,ABORT,acquisition_timeout,exp0009_broad_s14106_c01
UNSAFE,False,True,False,1.4633984059357446,nan,controller_abort_non_safe,3.24293988064868,contact_acquisition_failure,False,inf,inf,inf,inf,high,False,inf,CAUTION,nan,False,inf,0.0,inf,inf,inf,nan,nan,nan,333.3591471092977,broad,ABORT,acquisition_timeout,exp0009_broad_s14106_c01
SAFE,True,False,True,2.378006826528853,0.47222235780133204,frozen_policy,0.17006536513268689,classifier_or_other,False,1.6720000000000006,0.00010520230176175507,0.001398233321205925,0.029372290196860825,low,False,0.0,UNSAFE,2.0611113009218647,False,0.12100000000000011,0.0,1.0512986389430243,0.2754852981862257,0.0,0.0,0.9499999999999797,0.05000000000002025,597.0437592670764,broad,DECISION,observation_complete,exp0009_broad_s14106_c02
SAFE,True,False,True,2.378006826528853,0.31236383013514524,frozen_policy,0.17006536513268689,classifier_or_other,False,1.6720000000000006,0.00010520230176175507,0.001398233321205925,0.029372290196860825,nominal,False,0.0,UNSAFE,1.8373093621892032,False,0.12100000000000011,0.0,1.0512986389430243,0.2754852981862257,0.0,0.0,0.9499999999999797,0.05000000000002025,597.0437592670764,broad,DECISION,observation_complete,exp0009_broad_s14106_c02
SAFE,True,False,True,2.378006826528853,0.6342173061113381,frozen_policy,0.17006536513268689,classifier_or_other,False,1.6720000000000006,0.00010520230176175507,0.001398233321205925,0.029372290196860825,high,False,0.0,UNSAFE,2.287904228555873,False,0.12100000000000011,0.0,1.0512986389430243,0.2754852981862257,0.0,0.0,0.03999999999999915,0.9600000000000009,597.0437592670764,broad,DECISION,observation_complete,exp0009_broad_s14106_c02
SAFE,True,False,True,10.591218151895532,0.5834527063945787,frozen_policy,0.2250067915726166,classifier_or_other,False,0.4479999999999995,2.1200429245885065e-06,0.0017182555168210115,0.025567647965743432,low,False,0.0,UNSAFE,2.21683378895241,False,0.1140000000000001,0.0,1.032645584244515,0.27059739845407216,0.0,0.0,0.93999999999998,0.06000000000002004,440.4326135734206,broad,DECISION,observation_complete,exp0009_broad_s14106_c03
SAFE,True,False,True,10.591218151895532,0.5530995363507722,frozen_policy,0.2250067915726166,classifier_or_other,False,0.4479999999999995,2.1200429245885065e-06,0.0017182555168210115,0.025567647965743432,nominal,False,0.0,UNSAFE,2.174339350891081,False,0.1140000000000001,0.0,1.032645584244515,0.27059739845407216,0.0,0.0,0.9299999999999802,0.07000000000001982,440.4326135734206,broad,DECISION,observation_complete,exp0009_broad_s14106_c03
SAFE,True,False,True,10.591218151895532,0.3529295800587178,frozen_policy,0.2250067915726166,classifier_or_other,False,0.4479999999999995,2.1200429245885065e-06,0.0017182555168210115,0.025567647965743432,high,False,0.0,UNSAFE,1.8941014120822046,False,0.1140000000000001,0.0,1.032645584244515,0.27059739845407216,0.0,0.0,0.06999999999999851,0.9300000000000015,440.4326135734206,broad,DECISION,observation_complete,exp0009_broad_s14106_c03
SAFE,True,False,True,14.698824511101018,0.09582014750548007,frozen_policy,0.11768892922716022,classifier_or_other,False,0.5219999999999994,9.935371450115854e-07,0.0010388929322043858,0.025286676638928057,low,False,0.0,UNSAFE,1.5341482065076721,False,0.1060000000000001,0.0,1.054488107226328,0.27644262585653856,0.0,0.0,0.9599999999999795,0.040000000000020464,852.476031942643,broad,DECISION,observation_complete,exp0009_broad_s14106_c04
SAFE,True,False,True,14.698824511101018,0.1422998711900405,frozen_policy,0.11768892922716022,classifier_or_other,False,0.5219999999999994,9.935371450115854e-07,0.0010388929322043858,0.025286676638928057,nominal,False,0.0,UNSAFE,1.5992198196660568,False,0.1060000000000001,0.0,1.054488107226328,0.27644262585653856,0.0,0.0,0.9599999999999795,0.040000000000020464,852.476031942643,broad,DECISION,observation_complete,exp0009_broad_s14106_c04
SAFE,True,False,True,14.698824511101018,0.3690857863731676,frozen_policy,0.11768892922716022,classifier_or_other,False,0.5219999999999994,9.935371450115854e-07,0.0010388929322043858,0.025286676638928057,high,False,0.0,UNSAFE,1.9167201009224344,False,0.1060000000000001,0.0,1.054488107226328,0.27644262585653856,0.0,0.0,0.2899999999999938,0.7100000000000062,852.476031942643,broad,DECISION,observation_complete,exp0009_broad_s14106_c04
UNSAFE,False,True,True,0.42150137222515355,0.7491098471729047,frozen_policy,0.692700932931668,target_intrinsically_slow_settling,False,inf,inf,inf,inf,low,False,0.0,UNSAFE,2.4487537860420665,False,0.1180000000000001,0.0,1.080369216234652,0.28310303529438124,0.0,0.6248750794552321,0.0,1.0,710.3360732662771,broad,DECISION,observation_complete,exp0009_broad_s14106_c05
UNSAFE,False,True,True,0.42150137222515355,0.4870012900051721,frozen_policy,0.692700932931668,target_intrinsically_slow_settling,False,inf,inf,inf,inf,nominal,False,0.0,UNSAFE,2.081801806007241,False,0.1180000000000001,0.0,1.080369216234652,0.28310303529438124,0.0,0.563860260854115,0.019999999999999574,0.9800000000000004,710.3360732662771,broad,DECISION,observation_complete,exp0009_broad_s14106_c05
UNSAFE,False,True,True,0.42150137222515355,0.5880905142040003,frozen_policy,0.692700932931668,target_intrinsically_slow_settling,False,inf,inf,inf,inf,high,False,0.0,UNSAFE,2.2233267198856,False,0.1180000000000001,0.0,1.080369216234652,0.28310303529438124,0.0,0.5710117306672804,0.0,1.0,710.3360732662771,broad,DECISION,observation_complete,exp0009_broad_s14106_c05
UNSAFE,False,True,False,6.5734549416245205,nan,controller_abort_non_safe,0.33493233972913933,contact_acquisition_failure,False,inf,inf,inf,inf,low,False,inf,CAUTION,nan,False,inf,0.0,inf,inf,inf,nan,nan,nan,1051.96995604801,broad,ABORT,acquisition_timeout,exp0009_broad_s14106_c06
UNSAFE,False,True,False,6.5734549416245205,nan,controller_abort_non_safe,0.33493233972913933,contact_acquisition_failure,False,inf,inf,inf,inf,nominal,False,inf,CAUTION,nan,False,inf,0.0,inf,inf,inf,nan,nan,nan,1051.96995604801,broad,ABORT,acquisition_timeout,exp0009_broad_s14106_c06
UNSAFE,False,True,False,6.5734549416245205,nan,controller_abort_non_safe,0.33493233972913933,contact_acquisition_failure,False,inf,inf,inf,inf,high,False,inf,CAUTION,nan,False,inf,0.0,inf,inf,inf,nan,nan,nan,1051.96995604801,broad,ABORT,acquisition_timeout,exp0009_broad_s14106_c06
UNSAFE,False,True,False,0.931526612843657,nan,controller_abort_non_safe,1.2952158135545377,contact_acquisition_failure,False,inf,inf,inf,inf,low,False,inf,CAUTION,nan,False,inf,0.0,inf,inf,inf,nan,nan,nan,514.4305508743154,broad,ABORT,acquisition_timeout,exp0009_broad_s14106_c07
UNSAFE,False,True,False,0.931526612843657,nan,controller_abort_non_safe,1.2952158135545377,contact_acquisition_failure,False,inf,inf,inf,inf,nominal,False,inf,CAUTION,nan,False,inf,0.0,inf,inf,inf,nan,nan,nan,514.4305508743154,broad,ABORT,acquisition_timeout,exp0009_broad_s14106_c07
UNSAFE,False,True,False,0.931526612843657,nan,controller_abort_non_safe,1.2952158135545377,contact_acquisition_failure,False,inf,inf,inf,inf,high,False,inf,CAUTION,nan,False,inf,0.0,inf,inf,inf,nan,nan,nan,514.4305508743154,broad,ABORT,acquisition_timeout,exp0009_broad_s14106_c07
UNSAFE,False,True,True,7.8808502970522545,0.15049374129496174,frozen_policy,0.25358947014189803,target_intrinsically_slow_settling,False,3.0,0.00028628997790635085,0.0008230396722017238,0.034052415406916094,low,False,0.0,CAUTION,1.1893087621870535,False,0.1080000000000001,0.0,1.085260193058159,0.28438468083137197,0.0,0.0,0.9699999999999793,0.030000000000020677,1243.4524892382058,broad,DECISION,observation_complete,exp0009_broad_s14106_c08
UNSAFE,False,True,True,7.8808502970522545,0.15607597912412496,frozen_policy,0.25358947014189803,target_intrinsically_slow_settling,False,3.0,0.00028628997790635085,0.0008230396722017238,0.034052415406916094,nominal,False,0.0,CAUTION,1.181493629226225,False,0.1080000000000001,0.0,1.085260193058159,0.28438468083137197,0.0,0.0,0.93999999999998,0.06000000000002004,1243.4524892382058,broad,DECISION,observation_complete,exp0009_broad_s14106_c08
UNSAFE,False,True,True,7.8808502970522545,0.1280390779109113,frozen_policy,0.25358947014189803,target_intrinsically_slow_settling,False,3.0,0.00028628997790635085,0.0008230396722017238,0.034052415406916094,high,False,0.0,UNSAFE,1.5792547090752758,False,0.1080000000000001,0.0,1.085260193058159,0.28438468083137197,0.0,0.0,0.16999999999999638,0.8300000000000036,1243.4524892382058,broad,DECISION,observation_complete,exp0009_broad_s14106_c08
UNSAFE,False,True,False,34.039835760125094,nan,controller_abort_non_safe,4.041709132369685,contact_acquisition_failure,False,inf,inf,inf,inf,low,False,inf,CAUTION,nan,False,inf,0.0,inf,inf,inf,nan,nan,nan,396.19825920740317,broad,ABORT,acquisition_timeout,exp0009_broad_s14106_c09
UNSAFE,False,True,False,34.039835760125094,nan,controller_abort_non_safe,4.041709132369685,contact_acquisition_failure,False,inf,inf,inf,inf,nominal,False,inf,CAUTION,nan,False,inf,0.0,inf,inf,inf,nan,nan,nan,396.19825920740317,broad,ABORT,acquisition_timeout,exp0009_broad_s14106_c09
UNSAFE,False,True,False,34.039835760125094,nan,controller_abort_non_safe,4.041709132369685,contact_acquisition_failure,False,inf,inf,inf,inf,high,False,inf,CAUTION,nan,False,inf,0.0,inf,inf,inf,nan,nan,nan,396.19825920740317,broad,ABORT,acquisition_timeout,exp0009_broad_s14106_c09
UNSAFE,False,True,False,0.46234965515747406,nan,controller_abort_non_safe,4.383691907060549,contact_acquisition_failure,False,inf,inf,inf,inf,low,False,inf,CAUTION,nan,False,inf,0.0,inf,inf,inf,nan,nan,nan,140.40326143065255,broad,ABORT,acquisition_timeout,exp0009_broad_s14106_c10
UNSAFE,False,True,False,0.46234965515747406,nan,controller_abort_non_safe,4.383691907060549,contact_acquisition_failure,False,inf,inf,inf,inf,nominal,False,inf,CAUTION,nan,False,inf,0.0,inf,inf,inf,nan,nan,nan,140.40326143065255,broad,ABORT,acquisition_timeout,exp0009_broad_s14106_c10
UNSAFE,False,True,False,0.46234965515747406,nan,controller_abort_non_safe,4.383691907060549,contact_acquisition_failure,False,inf,inf,inf,inf,high,False,inf,CAUTION,nan,False,inf,0.0,inf,inf,inf,nan,nan,nan,140.40326143065255,broad,ABORT,acquisition_timeout,exp0009_broad_s14106_c10
UNSAFE,False,True,False,29.853387350604176,nan,controller_abort_non_safe,2.955787502932347,contact_acquisition_failure,False,inf,inf,inf,inf,low,False,inf,CAUTION,nan,False,inf,0.0,inf,inf,inf,nan,nan,nan,116.40697695498223,broad,ABORT,acquisition_timeout,exp0009_broad_s14106_c11
UNSAFE,False,True,False,29.853387350604176,nan,controller_abort_non_safe,2.955787502932347,contact_acquisition_failure,False,inf,inf,inf,inf,nominal,False,inf,CAUTION,nan,False,inf,0.0,inf,inf,inf,nan,nan,nan,116.40697695498223,broad,ABORT,acquisition_timeout,exp0009_broad_s14106_c11
UNSAFE,False,True,False,29.853387350604176,nan,controller_abort_non_safe,2.955787502932347,contact_acquisition_failure,False,inf,inf,inf,inf,high,False,inf,CAUTION,nan,False,inf,0.0,inf,inf,inf,nan,nan,nan,116.40697695498223,broad,ABORT,acquisition_timeout,exp0009_broad_s14106_c11
SAFE,True,False,True,4.065683703786552,3.0243034057310796,frozen_policy,0.1583266544419577,classifier_or_other,False,1.9010000000000007,0.00011204202897792344,0.003818607392414104,0.031700090691005864,low,False,0.0,UNSAFE,5.634024768023511,False,0.12199999999998656,0.0,0.9997954108981305,0.26198924520002015,0.0,0.0,0.8799999999999812,0.12000000000001876,219.74692858853348,broad,DECISION,observation_complete,exp0009_broad_s14106_c12
SAFE,True,False,True,4.065683703786552,2.1992186816986115,frozen_policy,0.1583266544419577,classifier_or_other,False,1.9010000000000007,0.00011204202897792344,0.003818607392414104,0.031700090691005864,nominal,False,0.0,UNSAFE,4.4789061543780555,False,0.12199999999998656,0.0,0.9997954108981305,0.26198924520002015,0.0,0.0,0.8799999999999812,0.12000000000001876,219.74692858853348,broad,DECISION,observation_complete,exp0009_broad_s14106_c12
SAFE,True,False,True,4.065683703786552,2.2265181877434492,frozen_policy,0.1583266544419577,classifier_or_other,False,1.9010000000000007,0.00011204202897792344,0.003818607392414104,0.031700090691005864,high,False,0.0,UNSAFE,4.517125462840829,False,0.12199999999998656,0.0,0.9997954108981305,0.26198924520002015,0.0,0.0,0.23999999999999488,0.7600000000000051,219.74692858853348,broad,DECISION,observation_complete,exp0009_broad_s14106_c12
SAFE,True,False,True,44.93738248968412,0.33324797359510416,frozen_policy,1.4502923063349302,classifier_or_other,False,1.439,7.777432505079599e-05,0.0007165540743490956,0.01005437976589413,low,False,0.0,UNSAFE,1.8665471630331458,False,0.07500000000000007,0.0,1.038874483660287,0.2722296370486652,0.0,0.0,0.9699999999999793,0.030000000000020677,1141.3802563063434,broad,DECISION,observation_complete,exp0009_broad_s14106_c13
SAFE,True,False,True,44.93738248968412,0.2980812594513087,frozen_policy,1.4502923063349302,classifier_or_other,False,1.439,7.777432505079599e-05,0.0007165540743490956,0.01005437976589413,nominal,False,0.0,UNSAFE,1.817313763231832,False,0.07500000000000007,0.0,1.038874483660287,0.2722296370486652,0.0,0.0,0.9199999999999804,0.08000000000001961,1141.3802563063434,broad,DECISION,observation_complete,exp0009_broad_s14106_c13
SAFE,True,False,True,44.93738248968412,0.4991060388603683,frozen_policy,1.4502923063349302,classifier_or_other,False,1.439,7.777432505079599e-05,0.0007165540743490956,0.01005437976589413,high,False,0.0,UNSAFE,2.0987484544045154,False,0.07500000000000007,0.0,1.038874483660287,0.2722296370486652,0.0,0.0,0.3899999999999917,0.6100000000000083,1141.3802563063434,broad,DECISION,observation_complete,exp0009_broad_s14106_c13
SAFE,True,False,True,52.302665244590436,1.334085192792632,frozen_policy,0.9011699744423247,classifier_or_other,False,0.516,7.940417835368025e-08,0.0029557115354143827,0.0090527640699825,low,False,0.0,UNSAFE,3.527747210032188,False,0.07100000000000006,0.0,1.0348948461019976,0.27118680145580215,0.0,1.6381603178612973,0.41999999999999105,0.580000000000009,183.87366630005755,broad,DECISION,observation_complete,exp0009_broad_s14106_c14
SAFE,True,False,True,52.302665244590436,1.895142817515313,frozen_policy,0.9011699744423247,classifier_or_other,False,0.516,7.940417835368025e-08,0.0029557115354143827,0.0090527640699825,nominal,False,0.0,UNSAFE,4.053199944521438,False,0.07100000000000006,0.0,1.0348948461019976,0.27118680145580215,0.0,1.6452983913719623,0.3799999999999919,0.6200000000000081,183.87366630005755,broad,DECISION,observation_complete,exp0009_broad_s14106_c14
SAFE,True,False,True,52.302665244590436,1.3129653990195083,frozen_policy,0.9011699744423247,classifier_or_other,False,0.516,7.940417835368025e-08,0.0029557115354143827,0.0090527640699825,high,False,0.0,UNSAFE,3.8549423316991804,False,0.07100000000000006,0.0,1.0348948461019976,0.27118680145580215,0.0,1.6750017921577205,0.18999999999999595,0.810000000000004,183.87366630005755,broad,DECISION,observation_complete,exp0009_broad_s14106_c14
SAFE,True,False,True,4.9129354235011515,3.6357481191832557,frozen_policy,0.3807529130026245,classifier_or_other,False,1.8720000000000008,0.00010345623931001581,0.0074154216571189,0.028529365968984942,low,False,0.0,UNSAFE,7.726246865305426,False,0.07100000000000006,0.0,1.0376728035195881,0.27191474535222243,0.0,2.2416125834951064,0.5899999999999874,0.4100000000000126,88.63403946218801,broad,DECISION,observation_complete,exp0009_broad_s14106_c15
SAFE,True,False,True,4.9129354235011515,3.95210165249026,frozen_policy,0.3807529130026245,classifier_or_other,False,1.8720000000000008,0.00010345623931001581,0.0074154216571189,0.028529365968984942,nominal,False,0.0,UNSAFE,8.253502754150434,False,0.07100000000000006,0.0,1.0376728035195881,0.27191474535222243,0.0,2.158023505325487,0.5999999999999872,0.4000000000000128,88.63403946218801,broad,DECISION,observation_complete,exp0009_broad_s14106_c15
SAFE,True,False,True,4.9129354235011515,4.802620236887806,frozen_policy,0.3807529130026245,classifier_or_other,False,1.8720000000000008,0.00010345623931001581,0.0074154216571189,0.028529365968984942,high,False,0.0,UNSAFE,8.123668331642929,False,0.07100000000000006,0.0,1.0376728035195881,0.27191474535222243,0.0,2.131755063644363,0.0,1.0,88.63403946218801,broad,DECISION,observation_complete,exp0009_broad_s14106_c15
SAFE,True,False,True,23.005597948806678,1.798136907982879,frozen_policy,0.4918995324855011,classifier_or_other,False,0.0810000000000004,1.5889567514089461e-09,0.0037642410947696745,0.018905198789077135,low,False,0.0,UNSAFE,4.528332118285563,False,0.07700000000000007,0.0,1.037032376320037,0.27174692597959177,0.0,2.2764841262646285,0.799999999999983,0.20000000000001705,151.91556365201305,broad,DECISION,observation_complete,exp0009_broad_s14106_c16
SAFE,True,False,True,23.005597948806678,1.7776038105456586,frozen_policy,0.4918995324855011,classifier_or_other,False,0.0810000000000004,1.5889567514089461e-09,0.0037642410947696745,0.018905198789077135,nominal,False,0.0,UNSAFE,4.6293396842427645,False,0.07700000000000007,0.0,1.037032376320037,0.27174692597959177,0.0,2.4914241359622777,0.799999999999983,0.20000000000001705,151.91556365201305,broad,DECISION,observation_complete,exp0009_broad_s14106_c16
SAFE,True,False,True,23.005597948806678,2.0212167962957963,frozen_policy,0.4918995324855011,classifier_or_other,False,0.0810000000000004,1.5889567514089461e-09,0.0037642410947696745,0.018905198789077135,high,False,0.0,UNSAFE,5.035361327159661,False,0.07700000000000007,0.0,1.037032376320037,0.27174692597959177,0.0,2.436275037399806,0.02999999999999936,0.9700000000000006,151.91556365201305,broad,DECISION,observation_complete,exp0009_broad_s14106_c16
CAUTION,False,True,True,3.2040431497983084,1.9557850523787539,frozen_policy,0.3141754997586553,target_intrinsically_slow_settling,False,2.474,0.0001454728869927054,0.003156581280753506,0.031243009938706937,low,False,0.0,UNSAFE,4.138099073330255,False,0.13300000000000012,0.0,1.0376170741098252,0.27190014185850747,0.0,1.9118485639367218,0.6999999999999851,0.3000000000000149,234.02435205004625,broad,DECISION,observation_complete,exp0009_broad_s14106_c17
CAUTION,False,True,True,3.2040431497983084,2.300631568494266,frozen_policy,0.3141754997586553,target_intrinsically_slow_settling,False,2.474,0.0001454728869927054,0.003156581280753506,0.031243009938706937,nominal,False,0.0,UNSAFE,4.620884195891972,False,0.13300000000000012,0.0,1.0376170741098252,0.27190014185850747,0.0,1.9770508640252227,0.48999999999998956,0.5100000000000104,234.02435205004625,broad,DECISION,observation_complete,exp0009_broad_s14106_c17
CAUTION,False,True,True,3.2040431497983084,2.1102091339217885,frozen_policy,0.3141754997586553,target_intrinsically_slow_settling,False,2.474,0.0001454728869927054,0.003156581280753506,0.031243009938706937,high,False,0.0,UNSAFE,4.354292787490504,False,0.13300000000000012,0.0,1.0376170741098252,0.27190014185850747,0.0,2.0958935299237504,0.1599999999999966,0.8400000000000034,234.02435205004625,broad,DECISION,observation_complete,exp0009_broad_s14106_c17
UNSAFE,False,True,True,18.395555024617995,0.03716134317918818,frozen_policy,1.8973350425868314,target_intrinsically_slow_settling,False,2.9490000000000007,0.00018419574096819238,0.0006164127191597041,0.013192162405248956,low,False,0.0,UNSAFE,1.4520258804508634,False,0.07900000000000007,0.0,1.033551022417197,0.27083466205905643,0.0,0.0,1.0099999999999785,0.0,1601.8370115804425,broad,DECISION,observation_complete,exp0009_broad_s14106_c18
UNSAFE,False,True,True,18.395555024617995,0.22238939993640705,frozen_policy,1.8973350425868314,target_intrinsically_slow_settling,False,2.9490000000000007,0.00018419574096819238,0.0006164127191597041,0.013192162405248956,nominal,False,0.0,UNSAFE,1.7113451599109697,False,0.07900000000000007,0.0,1.033551022417197,0.27083466205905643,0.0,0.0,0.9899999999999789,0.010000000000021103,1601.8370115804425,broad,DECISION,observation_complete,exp0009_broad_s14106_c18
UNSAFE,False,True,True,18.395555024617995,0.3247831052636505,frozen_policy,1.8973350425868314,target_intrinsically_slow_settling,False,2.9490000000000007,0.00018419574096819238,0.0006164127191597041,0.013192162405248956,high,False,0.0,UNSAFE,1.8546963473691107,False,0.07900000000000007,0.0,1.033551022417197,0.27083466205905643,0.0,0.0,0.2899999999999938,0.7100000000000062,1601.8370115804425,broad,DECISION,observation_complete,exp0009_broad_s14106_c18
UNSAFE,False,True,False,0.727553242636137,nan,controller_abort_non_safe,5.616227452627013,contact_acquisition_failure,False,inf,inf,inf,inf,low,False,inf,CAUTION,nan,False,inf,0.0,inf,inf,inf,nan,nan,nan,105.82394177068545,broad,ABORT,acquisition_timeout,exp0009_broad_s14106_c19
UNSAFE,False,True,False,0.727553242636137,nan,controller_abort_non_safe,5.616227452627013,contact_acquisition_failure,False,inf,inf,inf,inf,nominal,False,inf,CAUTION,nan,False,inf,0.0,inf,inf,inf,nan,nan,nan,105.82394177068545,broad,ABORT,acquisition_timeout,exp0009_broad_s14106_c19
UNSAFE,False,True,False,0.727553242636137,nan,controller_abort_non_safe,5.616227452627013,contact_acquisition_failure,False,inf,inf,inf,inf,high,False,inf,CAUTION,nan,False,inf,0.0,inf,inf,inf,nan,nan,nan,105.82394177068545,broad,ABORT,acquisition_timeout,exp0009_broad_s14106_c19
SAFE,True,False,True,11.064593178061092,1.0725214385142583,frozen_policy,0.5875310959332625,classifier_or_other,False,0.6890000000000001,3.7853319176164105e-06,0.002662613331656756,0.023600021166267984,low,False,0.0,UNSAFE,2.9015300139199613,False,0.07900000000000007,0.0,1.035281837079859,0.2712882096770082,0.0,0.0,0.9299999999999802,0.07000000000001982,286.79826762026136,broad,DECISION,observation_complete,exp0009_broad_s14106_c20
SAFE,True,False,True,11.064593178061092,1.5658485763130723,frozen_policy,0.5875310959332625,classifier_or_other,False,0.6890000000000001,3.7853319176164105e-06,0.002662613331656756,0.023600021166267984,nominal,False,0.0,UNSAFE,3.5921880068383008,False,0.07900000000000007,0.0,1.035281837079859,0.2712882096770082,0.0,0.0,0.9199999999999804,0.08000000000001961,286.79826762026136,broad,DECISION,observation_complete,exp0009_broad_s14106_c20
SAFE,True,False,True,11.064593178061092,1.9018258575581415,frozen_policy,0.5875310959332625,classifier_or_other,False,0.6890000000000001,3.7853319176164105e-06,0.002662613331656756,0.023600021166267984,high,False,0.0,UNSAFE,4.0625562005813975,False,0.07900000000000007,0.0,1.035281837079859,0.2712882096770082,0.0,0.0,0.3699999999999921,0.6300000000000079,286.79826762026136,broad,DECISION,observation_complete,exp0009_broad_s14106_c20
UNSAFE,False,True,False,2.712996100434252,nan,controller_abort_non_safe,2.116383945582931,contact_acquisition_failure,False,inf,inf,inf,inf,low,False,inf,CAUTION,nan,False,inf,0.0,inf,inf,inf,nan,nan,nan,2051.7543415006476,broad,ABORT,acquisition_timeout,exp0009_broad_s14106_c21
UNSAFE,False,True,False,2.712996100434252,nan,controller_abort_non_safe,2.116383945582931,contact_acquisition_failure,False,inf,inf,inf,inf,nominal,False,inf,CAUTION,nan,False,inf,0.0,inf,inf,inf,nan,nan,nan,2051.7543415006476,broad,ABORT,acquisition_timeout,exp0009_broad_s14106_c21
UNSAFE,False,True,False,2.712996100434252,nan,controller_abort_non_safe,2.116383945582931,contact_acquisition_failure,False,inf,inf,inf,inf,high,False,inf,CAUTION,nan,False,inf,0.0,inf,inf,inf,nan,nan,nan,2051.7543415006476,broad,ABORT,acquisition_timeout,exp0009_broad_s14106_c21
UNSAFE,False,True,False,1.987304968197758,nan,controller_abort_non_safe,0.1331090434635574,contact_acquisition_failure,False,inf,inf,inf,inf,low,False,inf,CAUTION,nan,False,inf,0.0,inf,inf,inf,nan,nan,nan,1786.7515981064637,broad,ABORT,acquisition_timeout,exp0009_broad_s14106_c22
UNSAFE,False,True,False,1.987304968197758,nan,controller_abort_non_safe,0.1331090434635574,contact_acquisition_failure,False,inf,inf,inf,inf,nominal,False,inf,CAUTION,nan,False,inf,0.0,inf,inf,inf,nan,nan,nan,1786.7515981064637,broad,ABORT,acquisition_timeout,exp0009_broad_s14106_c22
UNSAFE,False,True,False,1.987304968197758,nan,controller_abort_non_safe,0.1331090434635574,contact_acquisition_failure,False,inf,inf,inf,inf,high,False,inf,CAUTION,nan,False,inf,0.0,inf,inf,inf,nan,nan,nan,1786.7515981064637,broad,ABORT,acquisition_timeout,exp0009_broad_s14106_c22
UNSAFE,False,True,True,0.5786344665375269,0.06638419754053759,frozen_policy,1.1631213761211359,target_intrinsically_slow_settling,False,inf,inf,inf,inf,low,True,0.0,CAUTION,1.3070621234432473,False,0.084,0.0,1.063325188209112,0.27863676950749594,0.0,0.389883183450972,0.0,1.0,2417.1213919510114,broad,DECISION,observation_complete,exp0009_broad_s14106_c23
UNSAFE,False,True,True,0.5786344665375269,0.3768403906109268,frozen_policy,1.1631213761211359,target_intrinsically_slow_settling,False,inf,inf,inf,inf,nominal,False,0.0,UNSAFE,1.9275765468552972,False,0.084,0.0,1.063325188209112,0.27863676950749594,0.0,0.4112748947409885,0.0,1.0,2417.1213919510114,broad,DECISION,observation_complete,exp0009_broad_s14106_c23
UNSAFE,False,True,True,0.5786344665375269,0.8225481005045712,frozen_policy,1.1631213761211359,target_intrinsically_slow_settling,False,inf,inf,inf,inf,high,False,0.0,UNSAFE,2.5515673407063995,False,0.084,0.0,1.063325188209112,0.27863676950749594,0.0,0.4733949506388053,0.0,1.0,2417.1213919510114,broad,DECISION,observation_complete,exp0009_broad_s14106_c23
UNSAFE,False,True,False,1.1422964572802643,nan,controller_abort_non_safe,2.4965217702309466,contact_acquisition_failure,False,inf,inf,inf,inf,low,False,inf,CAUTION,nan,False,inf,0.0,inf,inf,inf,nan,nan,nan,634.0745129548811,broad,ABORT,acquisition_timeout,exp0009_broad_s14106_c24
UNSAFE,False,True,False,1.1422964572802643,nan,controller_abort_non_safe,2.4965217702309466,contact_acquisition_failure,False,inf,inf,inf,inf,nominal,False,inf,CAUTION,nan,False,inf,0.0,inf,inf,inf,nan,nan,nan,634.0745129548811,broad,ABORT,acquisition_timeout,exp0009_broad_s14106_c24
UNSAFE,False,True,False,1.1422964572802643,nan,controller_abort_non_safe,2.4965217702309466,contact_acquisition_failure,False,inf,inf,inf,inf,high,False,inf,CAUTION,nan,False,inf,0.0,inf,inf,inf,nan,nan,nan,634.0745129548811,broad,ABORT,acquisition_timeout,exp0009_broad_s14106_c24
